LocalTimestamp,EmotiBitTimestamp,PacketNumber,DataLength,TypeTag,ProtocolVersion,DataReliability,SF
1715670597.378855,1972960.000,60510,1,SF,1,100,0.0070
1715670597.702774,1973269.000,60560,1,SF,1,100,0.0069
1715670598.038224,1973589.000,60611,1,SF,1,100,0.0068
1715670598.438668,1973971.000,60676,1,SF,1,100,0.0067
1715670598.768877,1974286.000,60728,1,SF,1,100,0.0066
1715670599.103279,1974605.000,60779,1,SF,1,100,0.0066
1715670599.372687,1974862.000,60827,1,SF,1,100,0.0065
1715670599.703944,1975178.000,60879,1,SF,1,100,0.0064
1715670600.033105,1975492.000,60928,1,SF,1,100,0.0063
1715670600.368555,1975812.000,60977,1,SF,1,100,0.0063
1715670600.767950,1976193.000,61044,1,SF,1,100,0.0062
1715670601.096063,1976506.000,61094,1,SF,1,100,0.0061
1715670601.432561,1976827.000,61143,1,SF,1,100,0.0061
1715670601.831956,1977208.000,61201,1,SF,1,100,0.0060
1715670602.031130,1977398.000,61235,1,SF,1,100,0.0059
1715670602.362387,1977714.000,61284,1,SF,1,100,0.0058
1715670602.698885,1978035.000,61334,1,SF,1,100,0.0058
1715670603.030143,1978351.000,61382,1,SF,1,100,0.0057
1715670603.426393,1978729.000,61448,1,SF,1,100,0.0056
1715670603.761843,1979049.000,61500,1,SF,1,100,0.0056
1715670604.028107,1979303.000,61548,1,SF,1,100,0.0055
1715670604.423309,1979680.000,61599,1,SF,1,100,0.0054
1715670604.692718,1979937.000,61647,1,SF,1,100,0.0054
1715670605.026071,1980255.000,61699,1,SF,1,100,0.0053
1715670605.358377,1980572.000,61748,1,SF,1,100,0.0053
1715670605.689634,1980888.000,61797,1,SF,1,100,0.0052
1715670606.091125,1981271.000,61863,1,SF,1,100,0.0051
1715670606.424479,1981589.000,61912,1,SF,1,100,0.0051
1715670606.752591,1981902.000,61961,1,SF,1,100,0.0050
1715670607.020952,1982158.000,62013,1,SF,1,100,0.0050
1715670607.354305,1982476.000,62048,1,SF,1,100,0.0049
1715670607.683465,1982790.000,62097,1,SF,1,100,0.0049
1715670608.018916,1983110.000,62147,1,SF,1,100,0.0048
1715670608.420408,1983493.000,62212,1,SF,1,100,0.0047
1715670608.750617,1983808.000,62265,1,SF,1,100,0.0047
1715670609.082922,1984125.000,62299,1,SF,1,100,0.0046
1715670609.353379,1984383.000,62333,1,SF,1,100,0.0046
1715670609.751726,1984763.000,62400,1,SF,1,100,0.0045
1715670610.079838,1985076.000,62449,1,SF,1,100,0.0045
1715670610.348198,1985332.000,62501,1,SF,1,100,0.0044
1715670610.681551,1985650.000,62550,1,SF,1,100,0.0044
1715670611.078850,1986029.000,62600,1,SF,1,100,0.0043
1715670611.414301,1986349.000,62651,1,SF,1,100,0.0043
1715670611.748703,1986668.000,62701,1,SF,1,100,0.0042
1715670612.013918,1986921.000,62750,1,SF,1,100,0.0042
1715670612.343078,1987235.000,62801,1,SF,1,100,0.0041
1715670612.745619,1987619.000,62852,1,SF,1,100,0.0041
1715670613.078972,1987937.000,62902,1,SF,1,100,0.0040
1715670613.341043,1988187.000,62937,1,SF,1,100,0.0040
1715670613.743583,1988571.000,63004,1,SF,1,100,0.0039
1715670614.076936,1988889.000,63053,1,SF,1,100,0.0039
1715670614.407145,1989204.000,63105,1,SF,1,100,0.0038
1715670614.674457,1989459.000,63154,1,SF,1,100,0.0038
1715670615.007811,1989777.000,63203,1,SF,1,100,0.0038
1715670615.341164,1990095.000,63256,1,SF,1,100,0.0037
1715670615.670325,1990409.000,63305,1,SF,1,100,0.0037
1715670616.007872,1990731.000,63355,1,SF,1,100,0.0036
1715670616.339128,1991047.000,63403,1,SF,1,100,0.0036
1715670616.736427,1991426.000,63471,1,SF,1,100,0.0035
1715670617.071877,1991746.000,63521,1,SF,1,100,0.0035
1715670617.339190,1992001.000,63571,1,SF,1,100,0.0035
1715670617.737536,1992381.000,63622,1,SF,1,100,0.0034
1715670618.071939,1992700.000,63670,1,SF,1,100,0.0034
1715670618.338202,1992954.000,63721,1,SF,1,100,0.0033
1715670618.671556,1993272.000,63771,1,SF,1,100,0.0033
1715670619.000716,1993586.000,63822,1,SF,1,100,0.0033
1715670619.337215,1993907.000,63872,1,SF,1,100,0.0032
1715670619.669520,1994224.000,63923,1,SF,1,100,0.0032
1715670619.999729,1994539.000,63973,1,SF,1,100,0.0032
1715670620.402269,1994923.000,64038,1,SF,1,100,0.0031
1715670620.736671,1995242.000,64089,1,SF,1,100,0.0031
1715670621.001886,1995495.000,64139,1,SF,1,100,0.0030
1715670621.334192,1995812.000,64188,1,SF,1,100,0.0030
1715670621.667545,1996130.000,64238,1,SF,1,100,0.0030
1715670622.000899,1996448.000,64288,1,SF,1,100,0.0029
1715670622.330059,1996762.000,64338,1,SF,1,100,0.0029
1715670622.666558,1997083.000,64389,1,SF,1,100,0.0029
1715670622.998863,1997400.000,64437,1,SF,1,100,0.0028
1715670623.330120,1997716.000,64488,1,SF,1,100,0.0028
1715670623.731612,1998099.000,64557,1,SF,1,100,0.0028
1715670623.998924,1998354.000,64575,1,SF,1,100,0.0027
1715670624.398319,1998735.000,64593,1,SF,1,100,0.0027
1715670624.729576,1999051.000,64629,1,SF,1,100,0.0027
1715670625.063978,1999370.000,64679,1,SF,1,100,0.0026
1715670625.395235,1999686.000,64727,1,SF,1,100,0.0026
1715670625.659402,1999938.000,64780,1,SF,1,100,0.0026
1715670625.995901,2000259.000,64828,1,SF,1,100,0.0026
1715670626.329254,2000577.000,64878,1,SF,1,100,0.0025
1715670626.660511,2000893.000,64929,1,SF,1,100,0.0025
1715670626.993865,2001211.000,64978,1,SF,1,100,0.0025
1715670627.395357,2001594.000,65044,1,SF,1,100,0.0024
1715670627.725566,2001909.000,65095,1,SF,1,100,0.0024
1715670628.057871,2002226.000,65144,1,SF,1,100,0.0024
1715670628.324135,2002480.000,65194,1,SF,1,100,0.0024
1715670628.658537,2002799.000,65243,1,SF,1,100,0.0023
1715670628.988745,2003114.000,65295,1,SF,1,100,0.0023
1715670629.324196,2003434.000,65346,1,SF,1,100,0.0023
1715670629.657549,2003752.000,65396,1,SF,1,100,0.0023
1715670630.054848,2004131.000,65461,1,SF,1,100,0.0022
1715670630.388202,2004449.000,65514,1,SF,1,100,0.0022
1715670630.655514,2004704.000,26,1,SF,1,100,0.0022
1715670630.987819,2005021.000,77,1,SF,1,100,0.0021
1715670631.319076,2005337.000,125,1,SF,1,100,0.0021
1715670631.652430,2005655.000,176,1,SF,1,100,0.0021
1715670631.987880,2005975.000,226,1,SF,1,100,0.0021
1715670632.385179,2006354.000,291,1,SF,1,100,0.0021
1715670632.718532,2006672.000,342,1,SF,1,100,0.0020
1715670632.985844,2006927.000,392,1,SF,1,100,0.0020
1715670633.317101,2007243.000,441,1,SF,1,100,0.0020
1715670633.648358,2007559.000,490,1,SF,1,100,0.0020
1715670633.982760,2007878.000,544,1,SF,1,100,0.0019
1715670634.316114,2008196.000,592,1,SF,1,100,0.0019
1715670634.647371,2008512.000,643,1,SF,1,100,0.0019
1715670635.048863,2008895.000,708,1,SF,1,100,0.0019
1715670635.383265,2009214.000,756,1,SF,1,100,0.0018
1715670635.647432,2009466.000,807,1,SF,1,100,0.0018
1715670635.980785,2009784.000,857,1,SF,1,100,0.0018
1715670636.314139,2010102.000,907,1,SF,1,100,0.0018
1715670636.646444,2010419.000,956,1,SF,1,100,0.0018
1715670636.977701,2010735.000,1007,1,SF,1,100,0.0017
1715670637.379193,2011118.000,1072,1,SF,1,100,0.0017
1715670637.712547,2011436.000,1122,1,SF,1,100,0.0017
1715670638.043804,2011752.000,1173,1,SF,1,100,0.0017
1715670638.310067,2012006.000,1223,1,SF,1,100,0.0017
1715670638.646566,2012327.000,1272,1,SF,1,100,0.0016
1715670638.975726,2012641.000,1324,1,SF,1,100,0.0016
1715670639.309080,2012959.000,1375,1,SF,1,100,0.0016
1715670639.710572,2013342.000,1442,1,SF,1,100,0.0016
1715670640.040781,2013657.000,1490,1,SF,1,100,0.0016
1715670640.373086,2013974.000,1541,1,SF,1,100,0.0016
1715670640.640398,2014229.000,1591,1,SF,1,100,0.0015
1715670640.975848,2014549.000,1643,1,SF,1,100,0.0015
1715670641.307105,2014865.000,1692,1,SF,1,100,0.0015
1715670641.638362,2015181.000,1741,1,SF,1,100,0.0015
1715670642.040902,2015565.000,1807,1,SF,1,100,0.0015
1715670642.371111,2015880.000,1856,1,SF,1,100,0.0014
1715670642.704465,2016198.000,1907,1,SF,1,100,0.0014
1715670642.971777,2016453.000,1957,1,SF,1,100,0.0014
1715670643.372220,2016835.000,2008,1,SF,1,100,0.0014
1715670643.703477,2017151.000,2060,1,SF,1,100,0.0014
1715670643.970789,2017406.000,2111,1,SF,1,100,0.0014
1715670644.305191,2017725.000,2161,1,SF,1,100,0.0013
1715670644.635400,2018040.000,2210,1,SF,1,100,0.0013
1715670644.966657,2018356.000,2259,1,SF,1,100,0.0013
1715670645.303155,2018677.000,2309,1,SF,1,100,0.0013
1715670645.635461,2018994.000,2357,1,SF,1,100,0.0013
1715670646.034856,2019375.000,2422,1,SF,1,100,0.0013
1715670646.370306,2019695.000,2475,1,SF,1,100,0.0013
1715670646.637618,2019950.000,2523,1,SF,1,100,0.0012
1715670646.967827,2020265.000,2574,1,SF,1,100,0.0012
1715670647.300132,2020582.000,2624,1,SF,1,100,0.0012
1715670647.634534,2020901.000,2673,1,SF,1,100,0.0012
1715670647.964743,2021216.000,2723,1,SF,1,100,0.0012
1715670648.364138,2021597.000,2788,1,SF,1,100,0.0012
1715670648.698540,2021916.000,2839,1,SF,1,100,0.0012
1715670649.031894,2022234.000,2889,1,SF,1,100,0.0011
1715670649.298157,2022488.000,2938,1,SF,1,100,0.0011
1715670649.631511,2022806.000,2987,1,SF,1,100,0.0011
1715670649.966961,2023126.000,3037,1,SF,1,100,0.0011
1715670650.296122,2023440.000,3087,1,SF,1,100,0.0011
1715670650.628427,2023757.000,3138,1,SF,1,100,0.0011
1715670651.028871,2024139.000,3205,1,SF,1,100,0.0011
1715670651.359080,2024454.000,3255,1,SF,1,100,0.0011
1715670651.625343,2024708.000,3306,1,SF,1,100,0.0010
1715670651.961842,2025029.000,3354,1,SF,1,100,0.0010
1715670652.295195,2025347.000,3403,1,SF,1,100,0.0010
1715670652.626452,2025663.000,3455,1,SF,1,100,0.0010
1715670653.027944,2026046.000,3520,1,SF,1,100,0.0010
1715670653.360250,2026363.000,3569,1,SF,1,100,0.0010
1715670653.689410,2026677.000,3621,1,SF,1,100,0.0010
1715670654.023812,2026996.000,3672,1,SF,1,100,0.0010
1715670654.291124,2027251.000,3722,1,SF,1,100,0.0010
1715670654.622381,2027567.000,3771,1,SF,1,100,0.0009
1715670654.952590,2027882.000,3821,1,SF,1,100,0.0009
1715670655.289088,2028203.000,3872,1,SF,1,100,0.0009
1715670655.688483,2028584.000,3939,1,SF,1,100,0.0009
1715670656.018692,2028899.000,3987,1,SF,1,100,0.0009
1715670656.354142,2029219.000,4038,1,SF,1,100,0.0009
1715670656.621454,2029474.000,4086,1,SF,1,100,0.0009
1715670656.950615,2029788.000,4138,1,SF,1,100,0.0009
1715670657.282920,2030105.000,4187,1,SF,1,100,0.0009
1715670657.617322,2030424.000,4236,1,SF,1,100,0.0008
1715670658.014621,2030803.000,4302,1,SF,1,100,0.0008
1715670658.347975,2031121.000,4351,1,SF,1,100,0.0008
1715670658.682376,2031440.000,4404,1,SF,1,100,0.0008
1715670658.949688,2031695.000,4454,1,SF,1,100,0.0008
1715670659.279897,2032010.000,4503,1,SF,1,100,0.0008
1715670659.613251,2032328.000,4553,1,SF,1,100,0.0008
1715670659.948701,2032648.000,4604,1,SF,1,100,0.0008
1715670660.277861,2032962.000,4652,1,SF,1,100,0.0008
1715670660.677257,2033343.000,4719,1,SF,1,100,0.0008
1715670661.010610,2033661.000,4770,1,SF,1,100,0.0008
1715670661.276874,2033915.000,4818,1,SF,1,100,0.0007
1715670661.606035,2034229.000,4871,1,SF,1,100,0.0007
1715670661.942533,2034550.000,4919,1,SF,1,100,0.0007
1715670662.275887,2034868.000,4968,1,SF,1,100,0.0007
1715670662.605047,2035182.000,5018,1,SF,1,100,0.0007
1715670663.006539,2035565.000,5085,1,SF,1,100,0.0007
1715670663.338844,2035882.000,5134,1,SF,1,100,0.0007
1715670663.604059,2036135.000,5184,1,SF,1,100,0.0007
1715670663.936365,2036452.000,5237,1,SF,1,100,0.0007
1715670664.270767,2036771.000,5285,1,SF,1,100,0.0007
1715670664.604120,2037089.000,5336,1,SF,1,100,0.0007
1715670664.932233,2037402.000,5386,1,SF,1,100,0.0007
1715670665.334773,2037786.000,5452,1,SF,1,100,0.0006
1715670665.668127,2038104.000,5502,1,SF,1,100,0.0006
1715670665.997287,2038418.000,5552,1,SF,1,100,0.0006
1715670666.264599,2038673.000,5603,1,SF,1,100,0.0006
1715670666.600049,2038993.000,5651,1,SF,1,100,0.0006
1715670666.931306,2039309.000,5702,1,SF,1,100,0.0006
1715670667.261515,2039624.000,5752,1,SF,1,100,0.0006
1715670667.595917,2039943.000,5801,1,SF,1,100,0.0006
1715670667.994264,2040323.000,5868,1,SF,1,100,0.0006
1715670668.324473,2040638.000,5918,1,SF,1,100,0.0006
1715670668.658875,2040957.000,5969,1,SF,1,100,0.0006
1715670668.926186,2041212.000,6021,1,SF,1,100,0.0006
1715670669.256395,2041527.000,6070,1,SF,1,100,0.0006
1715670669.589749,2041845.000,6118,1,SF,1,100,0.0006
1715670669.925199,2042165.000,6171,1,SF,1,100,0.0006
1715670670.322498,2042544.000,6236,1,SF,1,100,0.0005
1715670670.654803,2042861.000,6286,1,SF,1,100,0.0005
1715670670.988157,2043179.000,6337,1,SF,1,100,0.0005
1715670671.320462,2043496.000,6387,1,SF,1,100,0.0005
1715670671.582533,2043746.000,6438,1,SF,1,100,0.0005
1715670671.919031,2044067.000,6486,1,SF,1,100,0.0005
1715670672.252385,2044385.000,6537,1,SF,1,100,0.0005
1715670672.582593,2044700.000,6587,1,SF,1,100,0.0005
1715670672.915947,2045018.000,6636,1,SF,1,100,0.0005
1715670673.317439,2045401.000,6703,1,SF,1,100,0.0005
1715670673.648696,2045717.000,6755,1,SF,1,100,0.0005
1715670673.979953,2046033.000,6804,1,SF,1,100,0.0005
1715670674.247265,2046288.000,6854,1,SF,1,100,0.0005
1715670674.580619,2046606.000,6905,1,SF,1,100,0.0005
1715670674.907682,2046918.000,6953,1,SF,1,100,0.0005
1715670675.244181,2047239.000,7004,1,SF,1,100,0.0005
1715670675.643576,2047620.000,7071,1,SF,1,100,0.0005
1715670675.974833,2047936.000,7119,1,SF,1,100,0.0004
1715670676.310284,2048256.000,7170,1,SF,1,100,0.0004
1715670676.577595,2048511.000,7220,1,SF,1,100,0.0004
1715670676.974894,2048890.000,7270,1,SF,1,100,0.0004
1715670677.306151,2049206.000,7318,1,SF,1,100,0.0004
1715670677.573463,2049461.000,7371,1,SF,1,100,0.0004
1715670677.906817,2049779.000,7419,1,SF,1,100,0.0004
1715670678.233881,2050091.000,7469,1,SF,1,100,0.0004
1715670678.570379,2050412.000,7518,1,SF,1,100,0.0004
1715670678.903733,2050730.000,7571,1,SF,1,100,0.0004
1715670679.301032,2051109.000,7637,1,SF,1,100,0.0004
1715670679.635433,2051428.000,7686,1,SF,1,100,0.0004
1715670679.968787,2051746.000,7737,1,SF,1,100,0.0004
1715670680.235051,2052000.000,7787,1,SF,1,100,0.0004
1715670680.563163,2052313.000,7836,1,SF,1,100,0.0004
1715670680.897565,2052632.000,7887,1,SF,1,100,0.0004
1715670681.230918,2052950.000,7937,1,SF,1,100,0.0004
1715670681.557982,2053262.000,7985,1,SF,1,100,0.0004
1715670681.960523,2053646.000,8051,1,SF,1,100,0.0004
1715670682.293876,2053964.000,8103,1,SF,1,100,0.0004
1715670682.625133,2054280.000,8151,1,SF,1,100,0.0004
1715670682.891397,2054534.000,8202,1,SF,1,100,0.0003
1715670683.226847,2054854.000,8252,1,SF,1,100,0.0003
1715670683.558104,2055170.000,8301,1,SF,1,100,0.0003
1715670683.888313,2055485.000,8353,1,SF,1,100,0.0003
1715670684.222715,2055804.000,8404,1,SF,1,100,0.0003
1715670684.621062,2056184.000,8469,1,SF,1,100,0.0003
1715670684.951271,2056499.000,8519,1,SF,1,100,0.0003
1715670685.285673,2056818.000,8570,1,SF,1,100,0.0003
1715670685.552984,2057073.000,8620,1,SF,1,100,0.0003
1715670685.885290,2057390.000,8669,1,SF,1,100,0.0003
1715670686.217595,2057707.000,8718,1,SF,1,100,0.0003
1715670686.553045,2058027.000,8770,1,SF,1,100,0.0003
1715670686.884302,2058343.000,8818,1,SF,1,100,0.0003
1715670687.213463,2058657.000,8869,1,SF,1,100,0.0003
1715670687.614955,2059040.000,8936,1,SF,1,100,0.0003
1715670687.947260,2059357.000,8984,1,SF,1,100,0.0003
1715670688.277469,2059672.000,9035,1,SF,1,100,0.0003
1715670688.545829,2059928.000,9085,1,SF,1,100,0.0003
1715670688.879183,2060246.000,9138,1,SF,1,100,0.0003
1715670689.211488,2060563.000,9186,1,SF,1,100,0.0003
1715670689.542745,2060879.000,9235,1,SF,1,100,0.0003
1715670689.878195,2061199.000,9287,1,SF,1,100,0.0003
1715670690.275494,2061578.000,9352,1,SF,1,100,0.0003
1715670690.605703,2061893.000,9401,1,SF,1,100,0.0003
1715670690.939056,2062211.000,9453,1,SF,1,100,0.0003
1715670691.272410,2062529.000,9502,1,SF,1,100,0.0003
1715670691.534481,2062779.000,9552,1,SF,1,100,0.0003
1715670691.870979,2063100.000,9603,1,SF,1,100,0.0003
1715670692.205381,2063419.000,9651,1,SF,1,100,0.0003
1715670692.537686,2063736.000,9702,1,SF,1,100,0.0002
1715670692.868943,2064052.000,9750,1,SF,1,100,0.0002
1715670693.270435,2064435.000,9817,1,SF,1,100,0.0002
1715670693.602741,2064752.000,9870,1,SF,1,100,0.0002
1715670693.933998,2065068.000,9918,1,SF,1,100,0.0002
1715670694.201309,2065323.000,9971,1,SF,1,100,0.0002
1715670694.534663,2065641.000,10019,1,SF,1,100,0.0002
1715670694.862775,2065954.000,10068,1,SF,1,100,0.0002
1715670695.198225,2066274.000,10120,1,SF,1,100,0.0002
1715670695.599717,2066657.000,10185,1,SF,1,100,0.0002
1715670695.930974,2066973.000,10234,1,SF,1,100,0.0002
1715670696.263280,2067290.000,10286,1,SF,1,100,0.0002
1715670696.530592,2067545.000,10335,1,SF,1,100,0.0002
1715670696.861849,2067861.000,10385,1,SF,1,100,0.0002
1715670697.193106,2068177.000,10434,1,SF,1,100,0.0002
1715670697.527508,2068496.000,10484,1,SF,1,100,0.0002
1715670697.860861,2068814.000,10535,1,SF,1,100,0.0002
1715670698.258160,2069193.000,10602,1,SF,1,100,0.0002
1715670698.590466,2069510.000,10652,1,SF,1,100,0.0002
1715670698.925916,2069830.000,10703,1,SF,1,100,0.0002
1715670699.257173,2070146.000,10751,1,SF,1,100,0.0002
1715670699.520292,2070397.000,10804,1,SF,1,100,0.0002
1715670699.855742,2070717.000,10852,1,SF,1,100,0.0002
1715670700.186999,2071033.000,10901,1,SF,1,100,0.0002
1715670700.519304,2071350.000,10953,1,SF,1,100,0.0002
1715670700.853706,2071669.000,11002,1,SF,1,100,0.0002
1715670701.255198,2072052.000,11067,1,SF,1,100,0.0002
1715670701.585407,2072367.000,11119,1,SF,1,100,0.0002
1715670701.916664,2072683.000,11168,1,SF,1,100,0.0002
1715670702.185024,2072939.000,11218,1,SF,1,100,0.0002
1715670702.517329,2073256.000,11269,1,SF,1,100,0.0002
1715670702.846490,2073570.000,11317,1,SF,1,100,0.0002
1715670703.181940,2073890.000,11368,1,SF,1,100,0.0002
1715670703.582384,2074272.000,11437,1,SF,1,100,0.0002
1715670703.912592,2074587.000,11485,1,SF,1,100,0.0002
1715670704.246994,2074906.000,11536,1,SF,1,100,0.0002
1715670704.516403,2075163.000,11586,1,SF,1,100,0.0002
1715670704.845563,2075477.000,11637,1,SF,1,100,0.0002
1715670705.178917,2075795.000,11685,1,SF,1,100,0.0002
1715670705.513319,2076114.000,11736,1,SF,1,100,0.0002
1715670705.845624,2076431.000,11786,1,SF,1,100,0.0002
1715670706.242923,2076810.000,11851,1,SF,1,100,0.0002
1715670706.576277,2077128.000,11902,1,SF,1,100,0.0002
1715670706.910678,2077447.000,11952,1,SF,1,100,0.0002
1715670707.240887,2077762.000,12001,1,SF,1,100,0.0001
1715670707.509247,2078018.000,12053,1,SF,1,100,0.0001
1715670707.843649,2078337.000,12102,1,SF,1,100,0.0001
1715670708.172810,2078651.000,12150,1,SF,1,100,0.0001
1715670708.506163,2078969.000,12201,1,SF,1,100,0.0001
1715670708.907655,2079352.000,12270,1,SF,1,100,0.0001
1715670709.238912,2079668.000,12318,1,SF,1,100,0.0001
1715670709.570169,2079984.000,12371,1,SF,1,100,0.0001
1715670709.837481,2080239.000,12419,1,SF,1,100,0.0001
1715670710.168738,2080555.000,12469,1,SF,1,100,0.0001
1715670710.501044,2080872.000,12518,1,SF,1,100,0.0001
1715670710.835445,2081191.000,12570,1,SF,1,100,0.0001
1715670711.168799,2081509.000,12618,1,SF,1,100,0.0001
1715670711.497960,2081823.000,12667,1,SF,1,100,0.0001
1715670711.833410,2082143.000,12719,1,SF,1,100,0.0001
1715670712.234902,2082526.000,12784,1,SF,1,100,0.0001
1715670712.566159,2082842.000,12834,1,SF,1,100,0.0001
1715670712.898464,2083159.000,12885,1,SF,1,100,0.0001
1715670713.231818,2083477.000,12934,1,SF,1,100,0.0001
1715670713.497033,2083730.000,12984,1,SF,1,100,0.0001
1715670713.827242,2084045.000,13037,1,SF,1,100,0.0001
1715670714.161644,2084364.000,13085,1,SF,1,100,0.0001
1715670714.494997,2084682.000,13136,1,SF,1,100,0.0001
1715670714.823110,2084995.000,13184,1,SF,1,100,0.0001
1715670715.225650,2085379.000,13251,1,SF,1,100,0.0001
1715670715.560052,2085698.000,13302,1,SF,1,100,0.0001
1715670715.825267,2085951.000,13350,1,SF,1,100,0.0001
1715670716.157572,2086268.000,13403,1,SF,1,100,0.0001
1715670716.493022,2086588.000,13451,1,SF,1,100,0.0001
1715670716.824280,2086904.000,13500,1,SF,1,100,0.0001
1715670717.155537,2087220.000,13552,1,SF,1,100,0.0001
1715670717.489938,2087539.000,13601,1,SF,1,100,0.0001
1715670717.888286,2087919.000,13666,1,SF,1,100,0.0001
1715670718.218494,2088234.000,13718,1,SF,1,100,0.0001
1715670718.486855,2088490.000,13767,1,SF,1,100,0.0001
1715670718.820208,2088808.000,13819,1,SF,1,100,0.0001
1715670719.151465,2089124.000,13868,1,SF,1,100,0.0001
1715670719.484819,2089442.000,13919,1,SF,1,100,0.0001
1715670719.820269,2089762.000,13969,1,SF,1,100,0.0001
1715670720.151526,2090078.000,14017,1,SF,1,100,0.0001
1715670720.550921,2090459.000,14084,1,SF,1,100,0.0001
1715670720.885323,2090778.000,14135,1,SF,1,100,0.0001
1715670721.152635,2091033.000,14183,1,SF,1,100,0.0001
1715670721.479699,2091345.000,14236,1,SF,1,100,0.0001
1715670721.816198,2091666.000,14284,1,SF,1,100,0.0001
1715670722.149551,2091984.000,14333,1,SF,1,100,0.0001
1715670722.478712,2092298.000,14383,1,SF,1,100,0.0001
1715670722.812065,2092616.000,14434,1,SF,1,100,0.0001
1715670723.212509,2092998.000,14499,1,SF,1,100,0.0001
1715670723.543766,2093314.000,14551,1,SF,1,100,0.0001
1715670723.812126,2093570.000,14602,1,SF,1,100,0.0001
1715670724.147576,2093890.000,14652,1,SF,1,100,0.0001
1715670724.480930,2094208.000,14701,1,SF,1,100,0.0001
1715670724.810091,2094522.000,14749,1,SF,1,100,0.0001
1715670725.212631,2094906.000,14817,1,SF,1,100,0.0001
1715670725.545984,2095224.000,14867,1,SF,1,100,0.0001
1715670725.875145,2095538.000,14915,1,SF,1,100,0.0001
1715670726.142457,2095793.000,14968,1,SF,1,100,0.0001
1715670726.477907,2096113.000,15016,1,SF,1,100,0.0001
1715670726.806019,2096426.000,15065,1,SF,1,100,0.0001
1715670727.140421,2096745.000,15117,1,SF,1,100,0.0001
1715670727.474823,2097064.000,15166,1,SF,1,100,0.0001
1715670727.872122,2097443.000,15231,1,SF,1,100,0.0001
1715670728.205475,2097761.000,15281,1,SF,1,100,0.0001
1715670728.539877,2098080.000,15334,1,SF,1,100,0.0001
1715670728.807189,2098335.000,15384,1,SF,1,100,0.0001
1715670729.138446,2098651.000,15433,1,SF,1,100,0.0001
1715670729.471800,2098969.000,15483,1,SF,1,100,0.0001
1715670729.807250,2099289.000,15534,1,SF,1,100,0.0001
1715670730.200356,2099664.000,15599,1,SF,1,100,0.0001
1715670730.534758,2099983.000,15649,1,SF,1,100,0.0001
1715670730.869159,2100302.000,15700,1,SF,1,100,0.0001
1715670731.134375,2100555.000,15748,1,SF,1,100,0.0001
1715670731.465632,2100871.000,15799,1,SF,1,100,0.0001
1715670731.802130,2101192.000,15849,1,SF,1,100,0.0001
1715670732.135484,2101510.000,15898,1,SF,1,100,0.0001
1715670732.467789,2101827.000,15948,1,SF,1,100,0.0001
1715670732.869281,2102210.000,16015,1,SF,1,100,0.0001
1715670733.201586,2102527.000,16064,1,SF,1,100,0.0001
1715670733.463657,2102777.000,16114,1,SF,1,100,0.0001
1715670733.798059,2103096.000,16167,1,SF,1,100,0.0001
1715670734.132461,2103415.000,16216,1,SF,1,100,0.0001
1715670734.462670,2103730.000,16266,1,SF,1,100,0.0001
1715670734.793927,2104046.000,16314,1,SF,1,100,0.0001
1715670735.196467,2104430.000,16382,1,SF,1,100,0.0001
1715670735.529820,2104748.000,16432,1,SF,1,100,0.0001
1715670735.862126,2105065.000,16480,1,SF,1,100,0.0001
1715670736.129438,2105320.000,16533,1,SF,1,100,0.0001
1715670736.464888,2105640.000,16581,1,SF,1,100,0.0001
1715670736.791952,2105952.000,16630,1,SF,1,100,0.0001
1715670737.126354,2106271.000,16682,1,SF,1,100,0.0001
1715670737.460756,2106590.000,16731,1,SF,1,100,0.0001
1715670737.854910,2106966.000,16797,1,SF,1,100,0.0001
1715670738.189312,2107285.000,16848,1,SF,1,100,0.0001
1715670738.523713,2107604.000,16899,1,SF,1,100,0.0001
1715670738.789977,2107858.000,16949,1,SF,1,100,0.0000
1715670739.123331,2108176.000,16998,1,SF,1,100,0.0000
1715670739.456684,2108494.000,17048,1,SF,1,100,0.0000
1715670739.792134,2108814.000,17099,1,SF,1,100,0.0000
1715670740.120247,2109127.000,17147,1,SF,1,100,0.0000
1715670740.520690,2109509.000,17214,1,SF,1,100,0.0000
1715670740.856140,2109829.000,17265,1,SF,1,100,0.0000
1715670741.118211,2110079.000,17313,1,SF,1,100,0.0000
1715670741.450516,2110396.000,17366,1,SF,1,100,0.0000
1715670741.787015,2110717.000,17414,1,SF,1,100,0.0000
1715670742.118272,2111033.000,17463,1,SF,1,100,0.0000
1715670742.451625,2111351.000,17513,1,SF,1,100,0.0000
1715670742.853117,2111734.000,17580,1,SF,1,100,0.0000
1715670743.184374,2112050.000,17629,1,SF,1,100,0.0000
1715670743.448541,2112302.000,17679,1,SF,1,100,0.0000
1715670743.782943,2112621.000,17732,1,SF,1,100,0.0000
1715670744.184435,2113004.000,17783,1,SF,1,100,0.0000
1715670744.513596,2113318.000,17831,1,SF,1,100,0.0000
1715670744.846949,2113636.000,17884,1,SF,1,100,0.0000
1715670745.115309,2113892.000,17932,1,SF,1,100,0.0000
1715670745.445518,2114207.000,17982,1,SF,1,100,0.0000
1715670745.778872,2114525.000,18031,1,SF,1,100,0.0000
1715670746.112226,2114843.000,18082,1,SF,1,100,0.0000
1715670746.445579,2115161.000,18132,1,SF,1,100,0.0000
1715670746.841830,2115539.000,18197,1,SF,1,100,0.0000
1715670747.176232,2115858.000,18248,1,SF,1,100,0.0000
1715670747.511682,2116178.000,18298,1,SF,1,100,0.0000
1715670747.774801,2116429.000,18347,1,SF,1,100,0.0000
1715670748.107106,2116746.000,18399,1,SF,1,100,0.0000
1715670748.443604,2117067.000,18448,1,SF,1,100,0.0000
1715670748.772765,2117381.000,18498,1,SF,1,100,0.0000
1715670749.106118,2117699.000,18549,1,SF,1,100,0.0000
1715670749.507610,2118082.000,18616,1,SF,1,100,0.0000
1715670749.836771,2118396.000,18664,1,SF,1,100,0.0000
1715670750.169076,2118713.000,18715,1,SF,1,100,0.0000
1715670750.437436,2118969.000,18765,1,SF,1,100,0.0000
1715670750.770790,2119287.000,18816,1,SF,1,100,0.0000
1715670751.099951,2119601.000,18864,1,SF,1,100,0.0000
1715670751.434352,2119920.000,18915,1,SF,1,100,0.0000
1715670751.770851,2120241.000,18965,1,SF,1,100,0.0000
1715670752.168150,2120620.000,19030,1,SF,1,100,0.0000
1715670752.501503,2120938.000,19081,1,SF,1,100,0.0000
1715670752.836953,2121258.000,19116,1,SF,1,100,0.0000
1715670753.166114,2121572.000,19168,1,SF,1,100,0.0000
1715670753.430281,2121824.000,19218,1,SF,1,100,0.0000
1715670753.766779,2122145.000,19271,1,SF,1,100,0.0000
1715670754.099085,2122462.000,19321,1,SF,1,100,0.0000
1715670754.428245,2122776.000,19376,1,SF,1,100,0.0000
1715670754.762647,2123095.000,19427,1,SF,1,100,0.0000
1715670755.098097,2123415.000,19480,1,SF,1,100,0.0000
1715670755.428306,2123730.000,19528,1,SF,1,100,0.0000
1715670755.763756,2124050.000,19582,1,SF,1,100,0.0000
1715670756.097110,2124368.000,19632,1,SF,1,100,0.0000
1715670756.429415,2124685.000,19686,1,SF,1,100,0.0000
1715670756.826714,2125064.000,19751,1,SF,1,100,0.0000
1715670757.161116,2125383.000,19804,1,SF,1,100,0.0000
1715670757.428428,2125638.000,19855,1,SF,1,100,0.0000
1715670757.757588,2125952.000,19906,1,SF,1,100,0.0000
1715670758.091990,2126271.000,19964,1,SF,1,100,0.0000
1715670758.426392,2126590.000,20015,1,SF,1,100,0.0000
1715670758.756601,2126905.000,20066,1,SF,1,100,0.0000
1715670759.092051,2127225.000,20118,1,SF,1,100,0.0000
1715670759.493543,2127608.000,20186,1,SF,1,100,0.0000
1715670759.823752,2127923.000,20238,1,SF,1,100,0.0000
1715670760.156057,2128240.000,20293,1,SF,1,100,0.0000
1715670760.490459,2128559.000,20342,1,SF,1,100,0.0000
1715670760.821716,2128875.000,20392,1,SF,1,100,0.0000
1715670761.084835,2129126.000,20441,1,SF,1,100,0.0000
1715670761.419237,2129445.000,20496,1,SF,1,100,0.0000
1715670761.754687,2129765.000,20548,1,SF,1,100,0.0000
1715670762.084896,2130080.000,20599,1,SF,1,100,0.0000
1715670762.421394,2130401.000,20652,1,SF,1,100,0.0000
1715670762.822886,2130784.000,20720,1,SF,1,100,0.0000
1715670763.153095,2131099.000,20768,1,SF,1,100,0.0000
1715670763.485400,2131416.000,20831,1,SF,1,100,0.0000
1715670763.819802,2131735.000,20879,1,SF,1,100,0.0000
1715670764.151059,2132051.000,20933,1,SF,1,100,0.0000
1715670764.414178,2132302.000,20981,1,SF,1,100,0.0000
1715670764.748580,2132621.000,21037,1,SF,1,100,0.0000
1715670765.084030,2132941.000,21085,1,SF,1,100,0.0000
1715670765.414239,2133256.000,21138,1,SF,1,100,0.0000
1715670765.750737,2133577.000,21189,1,SF,1,100,0.0000
1715670766.152229,2133960.000,21257,1,SF,1,100,0.0000
1715670766.482438,2134275.000,21309,1,SF,1,100,0.0000
1715670766.814743,2134592.000,21359,1,SF,1,100,0.0000
1715670767.149145,2134911.000,21410,1,SF,1,100,0.0000
1715670767.480402,2135227.000,21463,1,SF,1,100,0.0000
1715670767.743521,2135478.000,21512,1,SF,1,100,0.0000
1715670768.077923,2135797.000,21567,1,SF,1,100,0.0000
1715670768.413373,2136117.000,21616,1,SF,1,100,0.0000
1715670768.810672,2136496.000,21675,1,SF,1,100,0.0000
1715670769.146122,2136816.000,21726,1,SF,1,100,0.0000
1715670769.413434,2137071.000,21779,1,SF,1,100,0.0000
1715670769.745739,2137388.000,21828,1,SF,1,100,0.0000
1715670770.075948,2137703.000,21879,1,SF,1,100,0.0000
1715670770.412446,2138024.000,21935,1,SF,1,100,0.0000
1715670770.743704,2138340.000,21983,1,SF,1,100,0.0000
1715670771.141002,2138719.000,22051,1,SF,1,100,0.0000
1715670771.475404,2139038.000,22104,1,SF,1,100,0.0000
1715670771.741668,2139292.000,22155,1,SF,1,100,0.0000
1715670772.071877,2139607.000,22206,1,SF,1,100,0.0000
1715670772.408375,2139928.000,22259,1,SF,1,100,0.0000
1715670772.741729,2140246.000,22308,1,SF,1,100,0.0000
1715670773.074034,2140563.000,22361,1,SF,1,100,0.0000
1715670773.405291,2140879.000,22410,1,SF,1,100,0.0000
1715670773.807831,2141263.000,22483,1,SF,1,100,0.0000
1715670774.205130,2141642.000,22537,1,SF,1,100,0.0000
1715670774.471394,2141896.000,22574,1,SF,1,100,0.0000
1715670774.737657,2142150.000,22627,1,SF,1,100,0.0000
1715670775.072059,2142469.000,22675,1,SF,1,100,0.0000
1715670775.402268,2142784.000,22729,1,SF,1,100,0.0000
1715670775.738766,2143105.000,22779,1,SF,1,100,0.0000
1715670776.072120,2143423.000,22816,1,SF,1,100,0.0000
1715670776.470467,2143803.000,22885,1,SF,1,100,0.0000
1715670776.803821,2144121.000,22935,1,SF,1,100,0.0000
1715670777.138223,2144440.000,22985,1,SF,1,100,0.0000
1715670777.403438,2144693.000,23036,1,SF,1,100,0.0000
1715670777.733647,2145008.000,23087,1,SF,1,100,0.0000
1715670778.068049,2145327.000,23142,1,SF,1,100,0.0000
1715670778.402451,2145646.000,23191,1,SF,1,100,0.0000
1715670778.731611,2145960.000,23245,1,SF,1,100,0.0000
1715670779.068110,2146281.000,23297,1,SF,1,100,0.0000
1715670779.534595,2146726.000,23370,1,SF,1,100,0.0000
1715670779.732720,2146915.000,23404,1,SF,1,100,0.0000
1715670780.065026,2147232.000,23456,1,SF,1,100,0.0000
1715670780.401524,2147553.000,23508,1,SF,1,100,0.0000
1715670780.798823,2147932.000,23576,1,SF,1,100,0.0000
1715670781.131128,2148249.000,23625,1,SF,1,100,0.0000
1715670781.465530,2148568.000,23680,1,SF,1,100,0.0000
1715670781.795739,2148883.000,23729,1,SF,1,100,0.0000
1715670782.059906,2149135.000,23782,1,SF,1,100,0.0000
1715670782.396404,2149456.000,23833,1,SF,1,100,0.0000
1715670782.728710,2149773.000,23885,1,SF,1,100,0.0000
1715670783.059967,2150089.000,23935,1,SF,1,100,0.0000
1715670783.393320,2150407.000,23988,1,SF,1,100,0.0000
1715670783.794812,2150790.000,24055,1,SF,1,100,0.0000
1715670784.060028,2151043.000,24092,1,SF,1,100,0.0000
1715670784.459423,2151424.000,24162,1,SF,1,100,0.0000
1715670784.793825,2151743.000,24213,1,SF,1,100,0.0000
1715670785.060088,2151997.000,24252,1,SF,1,100,0.0000
1715670785.388201,2152310.000,24303,1,SF,1,100,0.0000
1715670785.724699,2152631.000,24356,1,SF,1,100,0.0000
1715670786.123046,2153011.000,24424,1,SF,1,100,0.0000
1715670786.453255,2153326.000,24472,1,SF,1,100,0.0000
1715670786.788705,2153646.000,24528,1,SF,1,100,0.0000
1715670787.056017,2153901.000,24576,1,SF,1,100,0.0000
1715670787.388322,2154218.000,24627,1,SF,1,100,0.0000
1715670787.719579,2154534.000,24677,1,SF,1,100,0.0000
1715670788.053981,2154853.000,24730,1,SF,1,100,0.0000
1715670788.388383,2155172.000,24779,1,SF,1,100,0.0000
1715670788.716496,2155485.000,24832,1,SF,1,100,0.0000
1715670789.119036,2155869.000,24897,1,SF,1,100,0.0000
1715670789.452389,2156187.000,24953,1,SF,1,100,0.0000
1715670789.716556,2156439.000,24990,1,SF,1,100,0.0000
1715670790.118048,2156822.000,25057,1,SF,1,100,0.0000
1715670790.386409,2157078.000,25099,1,SF,1,100,0.0000
1715670790.718714,2157395.000,25152,1,SF,1,100,0.0000
1715670791.049971,2157711.000,25203,1,SF,1,100,0.0000
1715670791.384373,2158030.000,25253,1,SF,1,100,0.0000
1715670791.718775,2158349.000,25305,1,SF,1,100,0.0000
1715670792.046887,2158662.000,25356,1,SF,1,100,0.0000
1715670792.449427,2159046.000,25425,1,SF,1,100,0.0000
1715670792.782781,2159364.000,25474,1,SF,1,100,0.0000
1715670793.112989,2159679.000,25528,1,SF,1,100,0.0000
1715670793.448440,2159999.000,25580,1,SF,1,100,0.0000
1715670793.781793,2160317.000,25629,1,SF,1,100,0.0000
1715670794.048057,2160571.000,25681,1,SF,1,100,0.0000
1715670794.379314,2160887.000,25733,1,SF,1,100,0.0000
1715670794.713716,2161206.000,25782,1,SF,1,100,0.0000
1715670795.048118,2161525.000,25837,1,SF,1,100,0.0000
1715670795.375182,2161837.000,25885,1,SF,1,100,0.0000
1715670795.712729,2162159.000,25944,1,SF,1,100,0.0000
1715670796.045034,2162476.000,25994,1,SF,1,100,0.0000
1715670796.441284,2162854.000,26063,1,SF,1,100,0.0000
1715670796.776734,2163174.000,26115,1,SF,1,100,0.0000
1715670797.110088,2163492.000,26166,1,SF,1,100,0.0000
1715670797.375303,2163745.000,26220,1,SF,1,100,0.0000
1715670797.706560,2164061.000,26270,1,SF,1,100,0.0000
1715670798.040962,2164380.000,26323,1,SF,1,100,0.0000
1715670798.375364,2164699.000,26372,1,SF,1,100,0.0000
1715670798.702428,2165011.000,26428,1,SF,1,100,0.0000
1715670799.106017,2165396.000,26494,1,SF,1,100,0.0000
1715670799.438322,2165713.000,26546,1,SF,1,100,0.0000
1715670799.768531,2166028.000,26595,1,SF,1,100,0.0000
1715670800.035843,2166283.000,26650,1,SF,1,100,0.0000
1715670800.371293,2166603.000,26699,1,SF,1,100,0.0000
1715670800.703598,2166920.000,26754,1,SF,1,100,0.0000
1715670801.034855,2167236.000,26792,1,SF,1,100,0.0000
1715670801.369257,2167555.000,26847,1,SF,1,100,0.0000
1715670801.703659,2167874.000,26896,1,SF,1,100,0.0000
1715670802.030723,2168186.000,26947,1,SF,1,100,0.0000
1715670802.368270,2168508.000,27000,1,SF,1,100,0.0000
1715670802.766617,2168888.000,27068,1,SF,1,100,0.0000
1715670803.096826,2169203.000,27116,1,SF,1,100,0.0000
1715670803.432276,2169523.000,27174,1,SF,1,100,0.0000
1715670803.699588,2169778.000,27222,1,SF,1,100,0.0000
1715670804.030845,2170094.000,27272,1,SF,1,100,0.0000
1715670804.362102,2170410.000,27323,1,SF,1,100,0.0000
1715670804.696504,2170729.000,27375,1,SF,1,100,0.0000
1715670805.094851,2171109.000,27444,1,SF,1,100,0.0000
1715670805.426108,2171425.000,27495,1,SF,1,100,0.0000
1715670805.760510,2171744.000,27544,1,SF,1,100,0.0000
1715670806.092815,2172061.000,27597,1,SF,1,100,0.0000
1715670806.356982,2172313.000,27637,1,SF,1,100,0.0000
1715670806.690336,2172631.000,27688,1,SF,1,100,0.0000
1715670807.025786,2172951.000,27741,1,SF,1,100,0.0000
1715670807.422036,2173329.000,27790,1,SF,1,100,0.0000
1715670807.756438,2173648.000,27843,1,SF,1,100,0.0000
1715670808.022702,2173902.000,27894,1,SF,1,100,0.0000
1715670808.357104,2174221.000,27945,1,SF,1,100,0.0000
1715670808.685216,2174534.000,27999,1,SF,1,100,0.0000
1715670809.021714,2174855.000,28051,1,SF,1,100,0.0000
1715670809.354020,2175172.000,28100,1,SF,1,100,0.0000
1715670809.683180,2175486.000,28153,1,SF,1,100,0.0000
1715670810.084672,2175869.000,28220,1,SF,1,100,0.0000
1715670810.416978,2176186.000,28272,1,SF,1,100,0.0000
1715670810.749283,2176503.000,28322,1,SF,1,100,0.0000
1715670811.016595,2176758.000,28373,1,SF,1,100,0.0000
1715670811.418087,2177141.000,28426,1,SF,1,100,0.0000
1715670811.748296,2177456.000,28480,1,SF,1,100,0.0000
1715670812.012463,2177708.000,28516,1,SF,1,100,0.0000
1715670812.413954,2178091.000,28585,1,SF,1,100,0.0000
1715670812.747308,2178409.000,28637,1,SF,1,100,0.0000
1715670813.076468,2178723.000,28688,1,SF,1,100,0.0000
1715670813.343781,2178978.000,28738,1,SF,1,100,0.0000
1715670813.679231,2179298.000,28792,1,SF,1,100,0.0000
1715670814.008391,2179612.000,28844,1,SF,1,100,0.0000
1715670814.341745,2179930.000,28896,1,SF,1,100,0.0000
1715670814.676147,2180249.000,28944,1,SF,1,100,0.0000
1715670815.009500,2180567.000,28995,1,SF,1,100,0.0000
1715670815.338661,2180881.000,29048,1,SF,1,100,0.0000
1715670815.740153,2181264.000,29117,1,SF,1,100,0.0000
1715670816.073506,2181582.000,29170,1,SF,1,100,0.0000
1715670816.402667,2181896.000,29220,1,SF,1,100,0.0000
1715670816.738117,2182216.000,29274,1,SF,1,100,0.0000
1715670817.005429,2182471.000,29322,1,SF,1,100,0.0000
1715670817.334589,2182785.000,29382,1,SF,1,100,0.0000
1715670817.667943,2183103.000,29431,1,SF,1,100,0.0000
1715670818.002345,2183422.000,29483,1,SF,1,100,0.0000
1715670818.335699,2183740.000,29533,1,SF,1,100,0.0000
1715670818.732997,2184119.000,29605,1,SF,1,100,0.0000
1715670819.066351,2184437.000,29654,1,SF,1,100,0.0000
1715670819.399704,2184755.000,29704,1,SF,1,100,0.0000
1715670819.662823,2185006.000,29755,1,SF,1,100,0.0000
1715670819.996177,2185324.000,29804,1,SF,1,100,0.0000
1715670820.331627,2185644.000,29857,1,SF,1,100,0.0000
1715670820.660788,2185958.000,29908,1,SF,1,100,0.0000
1715670820.994141,2186276.000,29961,1,SF,1,100,0.0000
1715670821.328543,2186595.000,30012,1,SF,1,100,0.0000
1715670821.724794,2186973.000,30083,1,SF,1,100,0.0000
1715670822.058147,2187291.000,30133,1,SF,1,100,0.0000
1715670822.391501,2187609.000,30184,1,SF,1,100,0.0000
1715670822.658813,2187864.000,30223,1,SF,1,100,0.0000
1715670823.055063,2188242.000,30294,1,SF,1,100,0.0000
1715670823.390513,2188562.000,30346,1,SF,1,100,0.0000
1715670823.722819,2188879.000,30394,1,SF,1,100,0.0000
1715670823.985938,2189130.000,30450,1,SF,1,100,0.0000
1715670824.319291,2189448.000,30501,1,SF,1,100,0.0000
1715670824.653693,2189767.000,30550,1,SF,1,100,0.0000
1715670824.985998,2190084.000,30600,1,SF,1,100,0.0000
1715670825.316207,2190399.000,30654,1,SF,1,100,0.0000
1715670825.652706,2190720.000,30707,1,SF,1,100,0.0000
1715670826.051053,2191100.000,30774,1,SF,1,100,0.0000
1715670826.381262,2191415.000,30826,1,SF,1,100,0.0000
1715670826.716712,2191735.000,30876,1,SF,1,100,0.0000
1715670826.984024,2191990.000,30928,1,SF,1,100,0.0000
1715670827.312136,2192303.000,30980,1,SF,1,100,0.0000
1715670827.645489,2192621.000,31032,1,SF,1,100,0.0000
1715670827.979891,2192940.000,31085,1,SF,1,100,0.0000
1715670828.311148,2193256.000,31141,1,SF,1,100,0.0000
1715670828.709496,2193636.000,31208,1,SF,1,100,0.0000
1715670829.042849,2193954.000,31259,1,SF,1,100,0.0000
1715670829.376203,2194272.000,31315,1,SF,1,100,0.0000
1715670829.707460,2194588.000,31363,1,SF,1,100,0.0000
1715670830.042910,2194908.000,31414,1,SF,1,100,0.0000
1715670830.310222,2195163.000,31464,1,SF,1,100,0.0000
1715670830.704376,2195539.000,31521,1,SF,1,100,0.0000
1715670830.971688,2195794.000,31569,1,SF,1,100,0.0000
1715670831.306090,2196113.000,31622,1,SF,1,100,0.0000
1715670831.637347,2196429.000,31673,1,SF,1,100,0.0000
1715670831.967555,2196744.000,31722,1,SF,1,100,0.0000
1715670832.304054,2197065.000,31775,1,SF,1,100,0.0000
1715670832.636359,2197382.000,31826,1,SF,1,100,0.0000
1715670833.034706,2197762.000,31894,1,SF,1,100,0.0000
1715670833.302018,2198017.000,31936,1,SF,1,100,0.0000
1715670833.637468,2198337.000,31990,1,SF,1,100,0.0000
1715670833.965580,2198650.000,32043,1,SF,1,100,0.0000
1715670834.298934,2198968.000,32092,1,SF,1,100,0.0000
1715670834.633336,2199287.000,32146,1,SF,1,100,0.0000
1715670834.964593,2199603.000,32196,1,SF,1,100,0.0000
1715670835.362940,2199983.000,32264,1,SF,1,100,0.0000
1715670835.696294,2200301.000,32315,1,SF,1,100,0.0000
1715670836.029647,2200619.000,32368,1,SF,1,100,0.0000
1715670836.295911,2200873.000,32417,1,SF,1,100,0.0000
1715670836.629265,2201191.000,32472,1,SF,1,100,0.0000
1715670836.964715,2201511.000,32521,1,SF,1,100,0.0000
1715670837.293875,2201825.000,32572,1,SF,1,100,0.0000
1715670837.627229,2202143.000,32625,1,SF,1,100,0.0000
1715670838.027673,2202525.000,32693,1,SF,1,100,0.0000
1715670838.355785,2202838.000,32746,1,SF,1,100,0.0000
1715670838.758325,2203222.000,32788,1,SF,1,100,0.0000
1715670839.024589,2203476.000,32825,1,SF,1,100,0.0000
1715670839.290852,2203730.000,32858,1,SF,1,100,0.0000
1715670839.689199,2204110.000,32926,1,SF,1,100,0.0000
1715670840.024649,2204430.000,32978,1,SF,1,100,0.0000
1715670840.356955,2204747.000,33030,1,SF,1,100,0.0000
1715670840.686115,2205061.000,33080,1,SF,1,100,0.0000
1715670841.021565,2205381.000,33134,1,SF,1,100,0.0000
1715670841.353871,2205698.000,33184,1,SF,1,100,0.0000
1715670841.681983,2206011.000,33236,1,SF,1,100,0.0000
1715670841.949295,2206266.000,33288,1,SF,1,100,0.0000
1715670842.285793,2206587.000,33340,1,SF,1,100,0.0000
1715670842.617050,2206903.000,33388,1,SF,1,100,0.0000
1715670842.950404,2207221.000,33439,1,SF,1,100,0.0000
1715670843.283758,2207539.000,33492,1,SF,1,100,0.0000
1715670843.684201,2207921.000,33562,1,SF,1,100,0.0000
1715670844.081500,2208300.000,33620,1,SF,1,100,0.0000
1715670844.281722,2208491.000,33640,1,SF,1,100,0.0000
1715670844.616124,2208810.000,33689,1,SF,1,100,0.0000
1715670844.946333,2209125.000,33739,1,SF,1,100,0.0000
1715670845.277590,2209441.000,33790,1,SF,1,100,0.0000
1715670845.614088,2209762.000,33843,1,SF,1,100,0.0000
1715670846.010339,2210140.000,33908,1,SF,1,100,0.0000
1715670846.343692,2210458.000,33962,1,SF,1,100,0.0000
1715670846.611004,2210713.000,34012,1,SF,1,100,0.0000
1715670846.946454,2211033.000,34064,1,SF,1,100,0.0000
1715670847.275615,2211347.000,34115,1,SF,1,100,0.0000
1715670847.608968,2211665.000,34168,1,SF,1,100,0.0000
1715670847.943370,2211984.000,34216,1,SF,1,100,0.0000
1715670848.337524,2212360.000,34288,1,SF,1,100,0.0000
1715670848.672975,2212680.000,34342,1,SF,1,100,0.0000
1715670848.941335,2212936.000,34390,1,SF,1,100,0.0000
1715670849.270495,2213250.000,34443,1,SF,1,100,0.0000
1715670849.669891,2213631.000,34483,1,SF,1,100,0.0000
1715670850.005341,2213951.000,34537,1,SF,1,100,0.0000
1715670850.336598,2214267.000,34585,1,SF,1,100,0.0000
1715670850.601813,2214520.000,34638,1,SF,1,100,0.0000
1715670850.935167,2214838.000,34689,1,SF,1,100,0.0000
1715670851.269569,2215157.000,34741,1,SF,1,100,0.0000
1715670851.599777,2215472.000,34793,1,SF,1,100,0.0000
1715670851.931035,2215788.000,34842,1,SF,1,100,0.0000
1715670852.267533,2216109.000,34895,1,SF,1,100,0.0000
1715670852.596694,2216423.000,34949,1,SF,1,100,0.0000
1715670852.996089,2216804.000,35014,1,SF,1,100,0.0000
1715670853.331539,2217124.000,35069,1,SF,1,100,0.0000
1715670853.597803,2217378.000,35120,1,SF,1,100,0.0000
1715670853.929060,2217694.000,35170,1,SF,1,100,0.0000
1715670854.262413,2218012.000,35222,1,SF,1,100,0.0000
1715670854.596815,2218331.000,35277,1,SF,1,100,0.0000
1715670854.927024,2218646.000,35313,1,SF,1,100,0.0000
1715670855.258281,2218962.000,35366,1,SF,1,100,0.0000
1715670855.594779,2219283.000,35417,1,SF,1,100,0.0000
1715670855.922892,2219596.000,35468,1,SF,1,100,0.0000
1715670856.255197,2219913.000,35519,1,SF,1,100,0.0000
1715670856.589599,2220232.000,35572,1,SF,1,100,0.0000
1715670856.987946,2220612.000,35637,1,SF,1,100,0.0000
1715670857.320251,2220929.000,35691,1,SF,1,100,0.0000
1715670857.655701,2221249.000,35741,1,SF,1,100,0.0000
1715670857.988007,2221566.000,35795,1,SF,1,100,0.0000
1715670858.253222,2221819.000,35843,1,SF,1,100,0.0000
1715670858.584479,2222135.000,35900,1,SF,1,100,0.0000
1715670858.920978,2222456.000,35949,1,SF,1,100,0.0000
1715670859.250138,2222770.000,36001,1,SF,1,100,0.0000
1715670859.649534,2223151.000,36072,1,SF,1,100,0.0000
1715670859.916845,2223406.000,36105,1,SF,1,100,0.0000
1715670860.314144,2223785.000,36166,1,SF,1,100,0.0000
1715670860.580408,2224039.000,36200,1,SF,1,100,0.0000
1715670860.913761,2224357.000,36250,1,SF,1,100,0.0000
1715670861.248163,2224676.000,36302,1,SF,1,100,0.0000
1715670861.580469,2224993.000,36355,1,SF,1,100,0.0000
1715670861.979864,2225374.000,36422,1,SF,1,100,0.0000
1715670862.313218,2225692.000,36474,1,SF,1,100,0.0000
1715670862.643426,2226007.000,36524,1,SF,1,100,0.0000
1715670862.909690,2226261.000,36578,1,SF,1,100,0.0000
1715670863.244092,2226580.000,36628,1,SF,1,100,0.0000
1715670863.575349,2226896.000,36682,1,SF,1,100,0.0000
1715670863.906606,2227212.000,36732,1,SF,1,100,0.0000
1715670864.239960,2227530.000,36786,1,SF,1,100,0.0000
1715670864.639355,2227911.000,36851,1,SF,1,100,0.0000
1715670864.970612,2228227.000,36904,1,SF,1,100,0.0000
1715670865.306062,2228547.000,36955,1,SF,1,100,0.0000
1715670865.706506,2228929.000,37012,1,SF,1,100,0.0000
1715670865.904631,2229118.000,37048,1,SF,1,100,0.0000
1715670866.236937,2229435.000,37099,1,SF,1,100,0.0000
1715670866.572387,2229755.000,37148,1,SF,1,100,0.0000
1715670866.903644,2230071.000,37200,1,SF,1,100,0.0000
1715670867.234901,2230387.000,37249,1,SF,1,100,0.0000
1715670867.636393,2230770.000,37317,1,SF,1,100,0.0000
1715670867.967650,2231086.000,37372,1,SF,1,100,0.0000
1715670868.298907,2231402.000,37423,1,SF,1,100,0.0000
1715670868.566219,2231657.000,37478,1,SF,1,100,0.0000
1715670868.902717,2231978.000,37527,1,SF,1,100,0.0000
1715670869.232926,2232293.000,37580,1,SF,1,100,0.0000
1715670869.565231,2232610.000,37631,1,SF,1,100,0.0000
1715670870.033813,2233057.000,37683,1,SF,1,100,0.0000
1715670870.296932,2233308.000,37719,1,SF,1,100,0.0000
1715670870.563196,2233562.000,37772,1,SF,1,100,0.0000
1715670870.896549,2233880.000,37823,1,SF,1,100,0.0000
1715670871.228855,2234197.000,37865,1,SF,1,100,0.0000
1715670871.561160,2234514.000,37915,1,SF,1,100,0.0000
1715670871.893465,2234831.000,37967,1,SF,1,100,0.0000
1715670872.229964,2235152.000,38019,1,SF,1,100,0.0000
1715670872.560173,2235467.000,38067,1,SF,1,100,0.0000
1715670872.959568,2235848.000,38137,1,SF,1,100,0.0000
1715670873.295018,2236168.000,38193,1,SF,1,100,0.0000
1715670873.559185,2236420.000,38229,1,SF,1,100,0.0000
1715670873.956484,2236799.000,38297,1,SF,1,100,0.0000
1715670874.291934,2237119.000,38345,1,SF,1,100,0.0000
1715670874.622143,2237434.000,38401,1,SF,1,100,0.0000
1715670874.888407,2237688.000,38449,1,SF,1,100,0.0000
1715670875.220712,2238005.000,38503,1,SF,1,100,0.0000
1715670875.557210,2238326.000,38553,1,SF,1,100,0.0000
1715670875.887419,2238641.000,38606,1,SF,1,100,0.0000
1715670876.220773,2238959.000,38655,1,SF,1,100,0.0000
1715670876.623313,2239343.000,38714,1,SF,1,100,0.0000
1715670876.887480,2239595.000,38748,1,SF,1,100,0.0000
1715670877.218737,2239911.000,38802,1,SF,1,100,0.0000
1715670877.552091,2240229.000,38854,1,SF,1,100,0.0000
1715670877.950438,2240609.000,38922,1,SF,1,100,0.0000
1715670878.282743,2240926.000,38973,1,SF,1,100,0.0000
1715670878.550055,2241181.000,39026,1,SF,1,100,0.0000
1715670878.886553,2241502.000,39075,1,SF,1,100,0.0000
1715670879.283852,2241881.000,39128,1,SF,1,100,0.0000
1715670879.550116,2242135.000,39179,1,SF,1,100,0.0000
1715670879.885566,2242455.000,39231,1,SF,1,100,0.0000
1715670880.217871,2242772.000,39281,1,SF,1,100,0.0000
1715670880.549128,2243088.000,39332,1,SF,1,100,0.0000
1715670880.950620,2243471.000,39400,1,SF,1,100,0.0000
1715670881.279781,2243785.000,39451,1,SF,1,100,0.0000
1715670881.612086,2244102.000,39504,1,SF,1,100,0.0000
1715670881.879398,2244357.000,39543,1,SF,1,100,0.0000
1715670882.214848,2244677.000,39599,1,SF,1,100,0.0000
1715670882.545057,2244992.000,39649,1,SF,1,100,0.0000
1715670882.879459,2245311.000,39701,1,SF,1,100,0.0000
1715670883.214909,2245631.000,39749,1,SF,1,100,0.0000
1715670883.547214,2245948.000,39805,1,SF,1,100,0.0000
1715670883.946610,2246329.000,39870,1,SF,1,100,0.0000
1715670884.213922,2246584.000,39907,1,SF,1,100,0.0000
1715670884.610172,2246962.000,39974,1,SF,1,100,0.0000
1715670884.942477,2247279.000,40025,1,SF,1,100,0.0000
1715670885.209789,2247534.000,40078,1,SF,1,100,0.0000
1715670885.545239,2247854.000,40129,1,SF,1,100,0.0000
1715670885.875448,2248169.000,40179,1,SF,1,100,0.0000
1715670886.209850,2248488.000,40233,1,SF,1,100,0.0000
1715670886.544252,2248807.000,40282,1,SF,1,100,0.0000
1715670886.875509,2249123.000,40335,1,SF,1,100,0.0000
1715670887.274904,2249504.000,40391,1,SF,1,100,0.0000
1715670887.542216,2249759.000,40428,1,SF,1,100,0.0000
1715670887.872425,2250074.000,40476,1,SF,1,100,0.0000
1715670888.205779,2250392.000,40532,1,SF,1,100,0.0000
1715670888.607271,2250775.000,40602,1,SF,1,100,0.0000
1715670888.938528,2251091.000,40650,1,SF,1,100,0.0000
1715670889.271881,2251409.000,40703,1,SF,1,100,0.0000
1715670889.538145,2251663.000,40754,1,SF,1,100,0.0000
1715670889.872547,2251982.000,40808,1,SF,1,100,0.0000
1715670890.203804,2252298.000,40858,1,SF,1,100,0.0000
1715670890.537158,2252616.000,40907,1,SF,1,100,0.0000
1715670890.870511,2252934.000,40960,1,SF,1,100,0.0000
1715670891.200720,2253249.000,41011,1,SF,1,100,0.0000
1715670891.600115,2253630.000,41080,1,SF,1,100,0.0000
1715670891.935565,2253950.000,41132,1,SF,1,100,0.0000
1715670892.201829,2254204.000,41168,1,SF,1,100,0.0000
1715670892.665170,2254646.000,41241,1,SF,1,100,0.0000
1715670892.933530,2254902.000,41275,1,SF,1,100,0.0000
1715670893.267932,2255221.000,41330,1,SF,1,100,0.0000
1715670893.598140,2255536.000,41381,1,SF,1,100,0.0000
1715670893.865452,2255791.000,41435,1,SF,1,100,0.0000
1715670894.198806,2256109.000,41485,1,SF,1,100,0.0000
1715670894.529015,2256424.000,41537,1,SF,1,100,0.0000
1715670894.862368,2256742.000,41587,1,SF,1,100,0.0000
1715670895.263860,2257125.000,41657,1,SF,1,100,0.0000
1715670895.594069,2257440.000,41706,1,SF,1,100,0.0000
1715670895.927423,2257758.000,41759,1,SF,1,100,0.0000
1715670896.193686,2258012.000,41810,1,SF,1,100,0.0000
1715670896.594130,2258394.000,41863,1,SF,1,100,0.0000
1715670896.858297,2258646.000,41912,1,SF,1,100,0.0000
1715670897.192699,2258965.000,41966,1,SF,1,100,0.0000
1715670897.526052,2259283.000,42016,1,SF,1,100,0.0000
1715670897.856261,2259598.000,42067,1,SF,1,100,0.0000
1715670898.190663,2259917.000,42108,1,SF,1,100,0.0000
1715670898.524017,2260235.000,42162,1,SF,1,100,0.0000
1715670898.922364,2260615.000,42231,1,SF,1,100,0.0000
1715670899.255718,2260933.000,42282,1,SF,1,100,0.0000
1715670899.589071,2261251.000,42331,1,SF,1,100,0.0000
1715670899.854286,2261504.000,42384,1,SF,1,100,0.0000
1715670900.185544,2261820.000,42438,1,SF,1,100,0.0000
1715670900.520994,2262140.000,42486,1,SF,1,100,0.0000
1715670900.854347,2262458.000,42537,1,SF,1,100,0.0000
1715670901.252694,2262838.000,42591,1,SF,1,100,0.0000
1715670901.586048,2263156.000,42643,1,SF,1,100,0.0000
1715670901.921498,2263476.000,42693,1,SF,1,100,0.0000
1715670902.251707,2263791.000,42746,1,SF,1,100,0.0000
1715670902.516922,2264044.000,42797,1,SF,1,100,0.0000
1715670902.851324,2264363.000,42848,1,SF,1,100,0.0000
1715670903.183630,2264680.000,42899,1,SF,1,100,0.0000
1715670903.514887,2264996.000,42943,1,SF,1,100,0.0000
1715670903.850337,2265316.000,42994,1,SF,1,100,0.0000
1715670904.183690,2265634.000,43047,1,SF,1,100,0.0000
1715670904.513899,2265949.000,43096,1,SF,1,100,0.0000
1715670904.915391,2266332.000,43165,1,SF,1,100,0.0000
1715670905.250841,2266652.000,43216,1,SF,1,100,0.0000
1715670905.581050,2266967.000,43268,1,SF,1,100,0.0000
1715670905.846265,2267220.000,43318,1,SF,1,100,0.0000
1715670906.180667,2267539.000,43372,1,SF,1,100,0.0000
1715670906.512973,2267856.000,43420,1,SF,1,100,0.0000
1715670906.844230,2268172.000,43476,1,SF,1,100,0.0000
1715670907.245722,2268555.000,43541,1,SF,1,100,0.0000
1715670907.581172,2268875.000,43592,1,SF,1,100,0.0000
1715670907.911381,2269190.000,43648,1,SF,1,100,0.0000
1715670908.178692,2269445.000,43696,1,SF,1,100,0.0000
1715670908.512046,2269763.000,43752,1,SF,1,100,0.0000
1715670908.845400,2270081.000,43791,1,SF,1,100,0.0000
1715670909.175608,2270396.000,43844,1,SF,1,100,0.0000
1715670909.510010,2270715.000,43893,1,SF,1,100,0.0000
1715670909.842316,2271032.000,43944,1,SF,1,100,0.0000
1715670910.173573,2271348.000,43997,1,SF,1,100,0.0000
1715670910.575065,2271731.000,44065,1,SF,1,100,0.0000
1715670910.909467,2272050.000,44116,1,SF,1,100,0.0000
1715670911.239675,2272365.000,44169,1,SF,1,100,0.0000
1715670911.573029,2272683.000,44218,1,SF,1,100,0.0000
1715670911.840341,2272938.000,44270,1,SF,1,100,0.0000
1715670912.173694,2273256.000,44319,1,SF,1,100,0.0000
1715670912.503903,2273571.000,44373,1,SF,1,100,0.0000
1715670912.838305,2273890.000,44426,1,SF,1,100,0.0000
1715670913.170610,2274207.000,44478,1,SF,1,100,0.0000
1715670913.501868,2274523.000,44530,1,SF,1,100,0.0000
1715670913.836269,2274842.000,44581,1,SF,1,100,0.0000
1715670914.238810,2275226.000,44636,1,SF,1,100,0.0000
1715670914.569018,2275541.000,44688,1,SF,1,100,0.0000
1715670914.902372,2275859.000,44737,1,SF,1,100,0.0000
1715670915.237822,2276179.000,44792,1,SF,1,100,0.0000
1715670915.503037,2276432.000,44841,1,SF,1,100,0.0000
1715670915.833246,2276747.000,44894,1,SF,1,100,0.0000
1715670916.167648,2277066.000,44943,1,SF,1,100,0.0000
1715670916.499954,2277383.000,44996,1,SF,1,100,0.0000
1715670916.831211,2277699.000,45047,1,SF,1,100,0.0000
1715670917.232702,2278082.000,45117,1,SF,1,100,0.0000
1715670917.567104,2278401.000,45165,1,SF,1,100,0.0000
1715670917.897313,2278716.000,45219,1,SF,1,100,0.0000
1715670918.164625,2278971.000,45270,1,SF,1,100,0.0000
1715670918.497979,2279289.000,45325,1,SF,1,100,0.0000
1715670918.831332,2279607.000,45373,1,SF,1,100,0.0000
1715670919.162589,2279923.000,45425,1,SF,1,100,0.0000
1715670919.496991,2280242.000,45469,1,SF,1,100,0.0000
1715670919.829297,2280559.000,45503,1,SF,1,100,0.0000
1715670920.225547,2280937.000,45571,1,SF,1,100,0.0000
1715670920.560997,2281257.000,45624,1,SF,1,100,0.0000
1715670920.827261,2281511.000,45675,1,SF,1,100,0.0000
1715670921.157470,2281826.000,45726,1,SF,1,100,0.0000
1715670921.493968,2282147.000,45779,1,SF,1,100,0.0000
1715670921.827322,2282465.000,45829,1,SF,1,100,0.0000
1715670922.160675,2282783.000,45881,1,SF,1,100,0.0000
1715670922.491932,2283099.000,45933,1,SF,1,100,0.0000
1715670922.826334,2283418.000,45985,1,SF,1,100,0.0000
1715670923.158640,2283735.000,46034,1,SF,1,100,0.0000
1715670923.488848,2284050.000,46091,1,SF,1,100,0.0000
1715670923.823250,2284369.000,46140,1,SF,1,100,0.0000
1715670924.223694,2284751.000,46208,1,SF,1,100,0.0000
1715670924.554951,2285067.000,46260,1,SF,1,100,0.0000
1715670924.823311,2285323.000,46298,1,SF,1,100,0.0000
1715670925.156665,2285641.000,46348,1,SF,1,100,0.0000
1715670925.490018,2285959.000,46402,1,SF,1,100,0.0000
1715670925.821275,2286275.000,46455,1,SF,1,100,0.0000
1715670926.155677,2286594.000,46504,1,SF,1,100,0.0000
1715670926.487983,2286911.000,46554,1,SF,1,100,0.0000
1715670926.818192,2287226.000,46608,1,SF,1,100,0.0000
1715670927.153642,2287546.000,46659,1,SF,1,100,0.0000
1715670927.553037,2287927.000,46727,1,SF,1,100,0.0000
1715670927.884294,2288243.000,46777,1,SF,1,100,0.0000
1715670928.218696,2288562.000,46827,1,SF,1,100,0.0000
1715670928.486008,2288817.000,46867,1,SF,1,100,0.0000
1715670928.884355,2289197.000,46934,1,SF,1,100,0.0000
1715670929.219805,2289517.000,46985,1,SF,1,100,0.0000
1715670929.553159,2289835.000,47038,1,SF,1,100,0.0000
1715670929.884416,2290151.000,47092,1,SF,1,100,0.0000
1715670930.282763,2290531.000,47146,1,SF,1,100,0.0000
1715670930.482985,2290722.000,47184,1,SF,1,100,0.0000
1715670930.816339,2291040.000,47233,1,SF,1,100,0.0000
1715670931.145499,2291354.000,47285,1,SF,1,100,0.0000
1715670931.481997,2291675.000,47337,1,SF,1,100,0.0000
1715670931.883489,2292058.000,47405,1,SF,1,100,0.0000
1715670932.213698,2292373.000,47454,1,SF,1,100,0.0000
1715670932.549148,2292693.000,47493,1,SF,1,100,0.0000
1715670932.882502,2293011.000,47542,1,SF,1,100,0.0000
1715670933.213759,2293327.000,47597,1,SF,1,100,0.0000
1715670933.543968,2293642.000,47648,1,SF,1,100,0.0000
1715670933.812328,2293898.000,47698,1,SF,1,100,0.0000
1715670934.145682,2294216.000,47747,1,SF,1,100,0.0000
1715670934.473794,2294529.000,47801,1,SF,1,100,0.0000
1715670934.810292,2294850.000,47854,1,SF,1,100,0.0000
1715670935.142597,2295167.000,47902,1,SF,1,100,0.0000
1715670935.610131,2295613.000,47976,1,SF,1,100,0.0000
1715670935.877443,2295868.000,48010,1,SF,1,100,0.0000
1715670936.143707,2296122.000,48047,1,SF,1,100,0.0000
1715670936.542054,2296502.000,48112,1,SF,1,100,0.0000
1715670936.872262,2296817.000,48162,1,SF,1,100,0.0000
1715670937.207713,2297137.000,48216,1,SF,1,100,0.0000
1715670937.538970,2297453.000,48267,1,SF,1,100,0.0000
1715670937.803137,2297705.000,48320,1,SF,1,100,0.0000
1715670938.138587,2298025.000,48371,1,SF,1,100,0.0000
1715670938.470892,2298342.000,48422,1,SF,1,100,0.0000
1715670938.803198,2298659.000,48477,1,SF,1,100,0.0000
1715670939.205738,2299043.000,48542,1,SF,1,100,0.0000
1715670939.539092,2299361.000,48594,1,SF,1,100,0.0000
1715670939.870348,2299677.000,48646,1,SF,1,100,0.0000
1715670940.135564,2299930.000,48698,1,SF,1,100,0.0000
1715670940.471014,2300250.000,48747,1,SF,1,100,0.0000
1715670940.804368,2300568.000,48802,1,SF,1,100,0.0000
1715670941.132480,2300881.000,48841,1,SF,1,100,0.0000
1715670941.467930,2301201.000,48891,1,SF,1,100,0.0000
1715670941.800236,2301518.000,48940,1,SF,1,100,0.0000
1715670942.196486,2301896.000,49010,1,SF,1,100,0.0000
1715670942.534033,2302218.000,49060,1,SF,1,100,0.0000
1715670942.800296,2302472.000,49112,1,SF,1,100,0.0000
1715670943.132601,2302789.000,49164,1,SF,1,100,0.0000
1715670943.464907,2303106.000,49218,1,SF,1,100,0.0000
1715670943.799309,2303425.000,49269,1,SF,1,100,0.0000
1715670944.132663,2303743.000,49322,1,SF,1,100,0.0000
1715670944.460775,2304056.000,49370,1,SF,1,100,0.0000
1715670944.862267,2304439.000,49438,1,SF,1,100,0.0000
1715670945.195620,2304757.000,49491,1,SF,1,100,0.0000
1715670945.524781,2305071.000,49542,1,SF,1,100,0.0000
1715670945.794189,2305328.000,49596,1,SF,1,100,0.0000
1715670946.128591,2305647.000,49646,1,SF,1,100,0.0000
1715670946.525890,2306026.000,49689,1,SF,1,100,0.0000
1715670946.792153,2306280.000,49737,1,SF,1,100,0.0000
1715670947.126555,2306599.000,49793,1,SF,1,100,0.0000
1715670947.459909,2306917.000,49841,1,SF,1,100,0.0000
1715670947.789069,2307231.000,49893,1,SF,1,100,0.0000
1715670948.124520,2307551.000,49943,1,SF,1,100,0.0000
1715670948.523915,2307932.000,50015,1,SF,1,100,0.0000
1715670948.852027,2308245.000,50064,1,SF,1,100,0.0000
1715670949.189574,2308567.000,50117,1,SF,1,100,0.0000
1715670949.455837,2308821.000,50168,1,SF,1,100,0.0000
1715670949.787095,2309137.000,50221,1,SF,1,100,0.0000
1715670950.120448,2309455.000,50270,1,SF,1,100,0.0000
1715670950.454850,2309774.000,50324,1,SF,1,100,0.0000
1715670950.788204,2310092.000,50374,1,SF,1,100,0.0000
1715670951.117364,2310406.000,50422,1,SF,1,100,0.0000
1715670951.518856,2310789.000,50495,1,SF,1,100,0.0000
1715670951.852210,2311107.000,50532,1,SF,1,100,0.0000
1715670952.180322,2311420.000,50581,1,SF,1,100,0.0000
1715670952.517869,2311742.000,50636,1,SF,1,100,0.0000
1715670952.850174,2312059.000,50688,1,SF,1,100,0.0000
1715670953.180383,2312374.000,50740,1,SF,1,100,0.0000
1715670953.447695,2312629.000,50794,1,SF,1,100,0.0000
1715670953.782097,2312948.000,50843,1,SF,1,100,0.0000
1715670954.115450,2313266.000,50896,1,SF,1,100,0.0000
1715670954.445659,2313581.000,50946,1,SF,1,100,0.0000
1715670954.780061,2313900.000,50997,1,SF,1,100,0.0000
1715670955.180505,2314282.000,51065,1,SF,1,100,0.0000
1715670955.508617,2314595.000,51118,1,SF,1,100,0.0000
1715670955.846164,2314917.000,51169,1,SF,1,100,0.0000
1715670956.112427,2315171.000,51220,1,SF,1,100,0.0000
1715670956.442636,2315486.000,51270,1,SF,1,100,0.0000
1715670956.777038,2315805.000,51324,1,SF,1,100,0.0000
1715670957.111440,2316124.000,51366,1,SF,1,100,0.0000
1715670957.444793,2316442.000,51419,1,SF,1,100,0.0000
1715670957.775002,2316757.000,51470,1,SF,1,100,0.0000
1715670958.109404,2317076.000,51523,1,SF,1,100,0.0000
1715670958.509848,2317458.000,51590,1,SF,1,100,0.0000
1715670958.772966,2317709.000,51629,1,SF,1,100,0.0000
1715670959.175507,2318093.000,51697,1,SF,1,100,0.0000
1715670959.507812,2318410.000,51746,1,SF,1,100,0.0000
1715670959.838021,2318725.000,51798,1,SF,1,100,0.0000
1715670960.106381,2318981.000,51850,1,SF,1,100,0.0000
1715670960.440783,2319300.000,51899,1,SF,1,100,0.0000
1715670960.774137,2319618.000,51949,1,SF,1,100,0.0000
1715670961.104345,2319933.000,51999,1,SF,1,100,0.0000
1715670961.505837,2320316.000,52065,1,SF,1,100,0.0000
1715670961.839191,2320634.000,52121,1,SF,1,100,0.0000
1715670962.167303,2320947.000,52171,1,SF,1,100,0.0000
1715670962.504850,2321269.000,52214,1,SF,1,100,0.0000
1715670962.837155,2321586.000,52263,1,SF,1,100,0.0000
1715670963.166316,2321900.000,52320,1,SF,1,100,0.0000
1715670963.634897,2322347.000,52369,1,SF,1,100,0.0000
1715670963.770126,2322476.000,52389,1,SF,1,100,0.0000
1715670964.102431,2322793.000,52442,1,SF,1,100,0.0000
1715670964.499730,2323172.000,52510,1,SF,1,100,0.0000
1715670964.834132,2323491.000,52558,1,SF,1,100,0.0000
1715670965.168534,2323810.000,52609,1,SF,1,100,0.0000
1715670965.431653,2324061.000,52662,1,SF,1,100,0.0000
1715670965.766055,2324380.000,52699,1,SF,1,100,0.0000
1715670966.166498,2324762.000,52765,1,SF,1,100,0.0000
1715670966.495659,2325076.000,52820,1,SF,1,100,0.0000
1715670966.830060,2325395.000,52868,1,SF,1,100,0.0000
1715670967.165511,2325715.000,52919,1,SF,1,100,0.0000
1715670967.430726,2325968.000,52969,1,SF,1,100,0.0000
1715670967.895115,2326411.000,53012,1,SF,1,100,0.0000
1715670968.163475,2326667.000,53051,1,SF,1,100,0.0000
1715670968.497877,2326986.000,53103,1,SF,1,100,0.0000
1715670968.825989,2327299.000,53152,1,SF,1,100,0.0000
1715670969.095398,2327556.000,53205,1,SF,1,100,0.0000
1715670969.429800,2327875.000,53254,1,SF,1,100,0.0000
1715670969.826050,2328253.000,53307,1,SF,1,100,0.0000
1715670970.159404,2328571.000,53356,1,SF,1,100,0.0000
1715670970.427764,2328827.000,53409,1,SF,1,100,0.0000
1715670970.761117,2329145.000,53460,1,SF,1,100,0.0000
1715670971.090278,2329459.000,53511,1,SF,1,100,0.0000
1715670971.424680,2329778.000,53562,1,SF,1,100,0.0000
1715670971.826172,2330161.000,53632,1,SF,1,100,0.0000
1715670972.089290,2330412.000,53669,1,SF,1,100,0.0000
1715670972.423692,2330731.000,53717,1,SF,1,100,0.0000
1715670972.824136,2331113.000,53787,1,SF,1,100,0.0000
1715670973.221435,2331492.000,53845,1,SF,1,100,0.0000
1715670973.421657,2331683.000,53879,1,SF,1,100,0.0000
1715670973.756059,2332002.000,53929,1,SF,1,100,0.0000
1715670974.154406,2332382.000,53981,1,SF,1,100,0.0000
1715670974.484614,2332697.000,54031,1,SF,1,100,0.0000
1715670974.819016,2333016.000,54083,1,SF,1,100,0.0000
1715670975.086328,2333271.000,54135,1,SF,1,100,0.0000
1715670975.482579,2333649.000,54187,1,SF,1,100,0.0000
1715670975.751987,2333906.000,54237,1,SF,1,100,0.0000
1715670976.086389,2334225.000,54275,1,SF,1,100,0.0000
1715670976.418694,2334542.000,54325,1,SF,1,100,0.0000
1715670976.749952,2334858.000,54377,1,SF,1,100,0.0000
1715670977.084353,2335177.000,54427,1,SF,1,100,0.0000
1715670977.417707,2335495.000,54481,1,SF,1,100,0.0000
1715670977.745819,2335808.000,54529,1,SF,1,100,0.0000
1715670978.214401,2336255.000,54585,1,SF,1,100,0.0000
1715670978.816115,2336829.000,54613,1,SF,1,100,0.0000
1715670978.816115,2336829.000,54614,1,SF,1,100,0.0000
1715670979.150517,2337148.000,54634,1,SF,1,100,0.0000
1715670979.478629,2337461.000,54671,1,SF,1,100,0.0000
1715670979.809886,2337777.000,54724,1,SF,1,100,0.0000
1715670980.074053,2338029.000,54758,1,SF,1,100,0.0000
1715670980.476593,2338413.000,54828,1,SF,1,100,0.0000
1715670980.807850,2338729.000,54877,1,SF,1,100,0.0000
1715670981.072017,2338981.000,54930,1,SF,1,100,0.0000
1715670981.406419,2339300.000,54981,1,SF,1,100,0.0000
1715670981.740821,2339619.000,55029,1,SF,1,100,0.0000
1715670982.074175,2339937.000,55083,1,SF,1,100,0.0000
1715670982.407528,2340255.000,55136,1,SF,1,100,0.0000
1715670982.809021,2340638.000,55202,1,SF,1,100,0.0000
1715670983.140277,2340954.000,55255,1,SF,1,100,0.0000
1715670983.470486,2341269.000,55305,1,SF,1,100,0.0000
1715670983.805937,2341589.000,55361,1,SF,1,100,0.0000
1715670984.204283,2341969.000,55414,1,SF,1,100,0.0000
1715670984.401361,2342157.000,55451,1,SF,1,100,0.0000
1715670984.735762,2342476.000,55502,1,SF,1,100,0.0000
1715670985.070164,2342795.000,55553,1,SF,1,100,0.0000
1715670985.403518,2343113.000,55604,1,SF,1,100,0.0000
1715670985.803962,2343495.000,55671,1,SF,1,100,0.0000
1715670986.137315,2343813.000,55719,1,SF,1,100,0.0000
1715670986.468572,2344129.000,55776,1,SF,1,100,0.0000
1715670986.798781,2344444.000,55826,1,SF,1,100,0.0000
1715670987.135280,2344765.000,55880,1,SF,1,100,0.0000
1715670987.401543,2345019.000,55931,1,SF,1,100,0.0000
1715670987.731752,2345334.000,55981,1,SF,1,100,0.0000
1715670988.065105,2345652.000,56032,1,SF,1,100,0.0000
1715670988.400556,2345972.000,56086,1,SF,1,100,0.0000
1715670988.733909,2346290.000,56139,1,SF,1,100,0.0000
1715670989.065166,2346606.000,56190,1,SF,1,100,0.0000
1715670989.599790,2347116.000,56263,1,SF,1,100,0.0000
1715670989.731874,2347242.000,56280,1,SF,1,100,0.0000
1715670990.062082,2347557.000,56336,1,SF,1,100,0.0000
1715670990.464622,2347941.000,56401,1,SF,1,100,0.0000
1715670990.797976,2348259.000,56452,1,SF,1,100,0.0000
1715670991.129233,2348575.000,56505,1,SF,1,100,0.0000
1715670991.394449,2348828.000,56556,1,SF,1,100,0.0000
1715670991.729899,2349148.000,56607,1,SF,1,100,0.0000
1715670992.063252,2349466.000,56658,1,SF,1,100,0.0000
1715670992.393461,2349781.000,56709,1,SF,1,100,0.0000
1715670992.727863,2350100.000,56762,1,SF,1,100,0.0000
1715670993.127259,2350481.000,56829,1,SF,1,100,0.0000
1715670993.457467,2350796.000,56884,1,SF,1,100,0.0000
1715670993.792917,2351116.000,56933,1,SF,1,100,0.0000
1715670994.127319,2351435.000,56982,1,SF,1,100,0.0000
1715670994.391486,2351687.000,57034,1,SF,1,100,0.0000
1715670994.722744,2352003.000,57086,1,SF,1,100,0.0000
1715670995.058194,2352323.000,57124,1,SF,1,100,0.0000
1715670995.391547,2352641.000,57177,1,SF,1,100,0.0000
1715670995.789894,2353021.000,57244,1,SF,1,100,0.0000
1715670996.123248,2353339.000,57296,1,SF,1,100,0.0000
1715670996.456602,2353657.000,57349,1,SF,1,100,0.0000
1715670996.720768,2353909.000,57369,1,SF,1,100,0.0000
1715670997.055171,2354228.000,57417,1,SF,1,100,0.0000
1715670997.389572,2354547.000,57471,1,SF,1,100,0.0000
1715670997.787920,2354927.000,57541,1,SF,1,100,0.0000
1715670998.119177,2355243.000,57591,1,SF,1,100,0.0000
1715670998.454627,2355563.000,57642,1,SF,1,100,0.0000
1715670998.720890,2355817.000,57677,1,SF,1,100,0.0000
1715670999.119237,2356197.000,57748,1,SF,1,100,0.0000
1715670999.452591,2356515.000,57796,1,SF,1,100,0.0000
1715670999.719903,2356770.000,57847,1,SF,1,100,0.0000
1715671000.051160,2357086.000,57900,1,SF,1,100,0.0000
1715671000.451604,2357468.000,57942,1,SF,1,100,0.0000
1715671000.853096,2357851.000,57991,1,SF,1,100,0.0000
1715671001.050173,2358039.000,58030,1,SF,1,100,0.0000
1715671001.380381,2358354.000,58078,1,SF,1,100,0.0000
1715671001.715832,2358674.000,58130,1,SF,1,100,0.0000
1715671002.051282,2358994.000,58182,1,SF,1,100,0.0000
1715671002.449629,2359374.000,58250,1,SF,1,100,0.0000
1715671002.715892,2359628.000,58284,1,SF,1,100,0.0000
1715671003.051342,2359948.000,58335,1,SF,1,100,0.0000
1715671003.382600,2360264.000,58387,1,SF,1,100,0.0000
1715671003.781995,2360645.000,58455,1,SF,1,100,0.0000
1715671004.116397,2360964.000,58509,1,SF,1,100,0.0000
1715671004.446606,2361279.000,58559,1,SF,1,100,0.0000
1715671004.777863,2361595.000,58608,1,SF,1,100,0.0000
1715671005.046223,2361851.000,58646,1,SF,1,100,0.0000
1715671005.382721,2362172.000,58696,1,SF,1,100,0.0000
1715671005.781068,2362552.000,58751,1,SF,1,100,0.0000
1715671006.114422,2362870.000,58801,1,SF,1,100,0.0000
1715671006.449872,2363190.000,58855,1,SF,1,100,0.0000
1715671006.777984,2363503.000,58906,1,SF,1,100,0.0000
1715671007.044248,2363757.000,58942,1,SF,1,100,0.0000
1715671007.378650,2364076.000,58991,1,SF,1,100,0.0000
1715671007.710955,2364393.000,59042,1,SF,1,100,0.0000
1715671008.041164,2364708.000,59093,1,SF,1,100,0.0000
1715671008.376614,2365028.000,59145,1,SF,1,100,0.0000
1715671008.778106,2365411.000,59213,1,SF,1,100,0.0000
1715671009.109363,2365727.000,59250,1,SF,1,100,0.0000
1715671009.375627,2365981.000,59301,1,SF,1,100,0.0000
1715671009.711077,2366301.000,59354,1,SF,1,100,0.0000
1715671010.041286,2366616.000,59403,1,SF,1,100,0.0000
1715671010.372543,2366932.000,59454,1,SF,1,100,0.0000
1715671010.706945,2367251.000,59510,1,SF,1,100,0.0000
1715671011.238424,2367758.000,59547,1,SF,1,100,0.0000
1715671011.778289,2368273.000,59570,1,SF,1,100,0.0000
1715671011.778289,2368273.000,59571,1,SF,1,100,0.0000
1715671012.045601,2368528.000,59592,1,SF,1,100,0.0000
1715671012.436610,2368901.000,59642,1,SF,1,100,0.0000
1715671012.769963,2369219.000,59696,1,SF,1,100,0.0000
1715671013.105413,2369539.000,59748,1,SF,1,100,0.0000
1715671013.368532,2369790.000,59800,1,SF,1,100,0.0000
1715671013.699789,2370106.000,59850,1,SF,1,100,0.0000
1715671014.034191,2370425.000,59902,1,SF,1,100,0.0000
1715671014.366497,2370742.000,59952,1,SF,1,100,0.0000
1715671014.696705,2371057.000,60006,1,SF,1,100,0.0000
1715671015.098197,2371440.000,60073,1,SF,1,100,0.0000
1715671015.367606,2371697.000,60110,1,SF,1,100,0.0000
1715671015.762808,2372074.000,60175,1,SF,1,100,0.0000
1715671016.096162,2372392.000,60228,1,SF,1,100,0.0000
1715671016.431612,2372712.000,60279,1,SF,1,100,0.0000
1715671016.759724,2373025.000,60321,1,SF,1,100,0.0000
1715671017.093078,2373343.000,60374,1,SF,1,100,0.0000
1715671017.360389,2373598.000,60422,1,SF,1,100,0.0000
1715671017.693743,2373916.000,60473,1,SF,1,100,0.0000
1715671018.023952,2374231.000,60524,1,SF,1,100,0.0000
1715671018.358354,2374550.000,60580,1,SF,1,100,0.0000
1715671018.694852,2374871.000,60630,1,SF,1,100,0.0000
1715671019.022964,2375184.000,60679,1,SF,1,100,0.0000
1715671019.356318,2375502.000,60734,1,SF,1,100,0.0000
1715671019.691768,2375822.000,60786,1,SF,1,100,0.0000
1715671020.023025,2376138.000,60836,1,SF,1,100,0.0000
1715671020.422421,2376519.000,60906,1,SF,1,100,0.0000
1715671020.756823,2376838.000,60955,1,SF,1,100,0.0000
1715671021.023086,2377092.000,61008,1,SF,1,100,0.0000
1715671021.353295,2377407.000,61059,1,SF,1,100,0.0000
1715671021.687697,2377726.000,61111,1,SF,1,100,0.0000
1715671022.089189,2378109.000,61162,1,SF,1,100,0.0000
1715671022.419398,2378424.000,61217,1,SF,1,100,0.0000
1715671022.684613,2378677.000,61266,1,SF,1,100,0.0000
1715671023.020063,2378997.000,61319,1,SF,1,100,0.0000
1715671023.351320,2379313.000,61370,1,SF,1,100,0.0000
1715671023.683625,2379630.000,61423,1,SF,1,100,0.0000
1715671024.085117,2380013.000,61489,1,SF,1,100,0.0000
1715671024.417423,2380330.000,61542,1,SF,1,100,0.0000
1715671024.747632,2380645.000,61592,1,SF,1,100,0.0000
1715671025.015992,2380901.000,61646,1,SF,1,100,0.0000
1715671025.352490,2381222.000,61694,1,SF,1,100,0.0000
1715671025.679554,2381534.000,61748,1,SF,1,100,0.0000
1715671026.011859,2381851.000,61798,1,SF,1,100,0.0000
1715671026.414400,2382235.000,61866,1,SF,1,100,0.0000
1715671026.744608,2382550.000,61918,1,SF,1,100,0.0000
1715671027.079010,2382869.000,61970,1,SF,1,100,0.0000
1715671027.346322,2383124.000,62009,1,SF,1,100,0.0000
1715671027.746766,2383506.000,62063,1,SF,1,100,0.0000
1715671028.075926,2383820.000,62113,1,SF,1,100,0.0000
1715671028.344286,2384076.000,62169,1,SF,1,100,0.0000
1715671028.680785,2384397.000,62220,1,SF,1,100,0.0000
1715671029.007849,2384709.000,62269,1,SF,1,100,0.0000
1715671029.340154,2385026.000,62321,1,SF,1,100,0.0000
1715671029.742694,2385410.000,62375,1,SF,1,100,0.0000
1715671030.007910,2385663.000,62426,1,SF,1,100,0.0000
1715671030.340215,2385980.000,62479,1,SF,1,100,0.0000
1715671030.674617,2386299.000,62530,1,SF,1,100,0.0000
1715671031.009019,2386618.000,62579,1,SF,1,100,0.0000
1715671031.339228,2386933.000,62634,1,SF,1,100,0.0000
1715671031.739671,2387315.000,62699,1,SF,1,100,0.0000
1715671032.074073,2387634.000,62751,1,SF,1,100,0.0000
1715671032.403234,2387948.000,62801,1,SF,1,100,0.0000
1715671032.735539,2388265.000,62845,1,SF,1,100,0.0000
1715671033.070989,2388585.000,62897,1,SF,1,100,0.0000
1715671033.336205,2388838.000,62949,1,SF,1,100,0.0000
1715671033.668510,2389155.000,63001,1,SF,1,100,0.0000
1715671034.002912,2389474.000,63053,1,SF,1,100,0.0000
1715671034.337314,2389793.000,63101,1,SF,1,100,0.0000
1715671034.667522,2390108.000,63157,1,SF,1,100,0.0000
1715671035.067966,2390490.000,63222,1,SF,1,100,0.0000
1715671035.402368,2390809.000,63273,1,SF,1,100,0.0000
1715671035.731529,2391123.000,63326,1,SF,1,100,0.0000
1715671035.996744,2391376.000,63377,1,SF,1,100,0.0000
1715671036.332194,2391696.000,63428,1,SF,1,100,0.0000
1715671036.729493,2392075.000,63481,1,SF,1,100,0.0000
1715671037.062846,2392393.000,63532,1,SF,1,100,0.0000
1715671037.330158,2392648.000,63583,1,SF,1,100,0.0000
1715671037.664560,2392967.000,63635,1,SF,1,100,0.0000
1715671038.059762,2393344.000,63691,1,SF,1,100,0.0000
1715671038.328123,2393600.000,63727,1,SF,1,100,0.0000
1715671038.664621,2393921.000,63780,1,SF,1,100,0.0000
1715671038.991685,2394233.000,63831,1,SF,1,100,0.0000
1715671039.391080,2394614.000,63899,1,SF,1,100,0.0000
1715671039.727579,2394935.000,63949,1,SF,1,100,0.0000
1715671039.993842,2395189.000,64003,1,SF,1,100,0.0000
1715671040.325099,2395505.000,64053,1,SF,1,100,0.0000
1715671040.659501,2395824.000,64105,1,SF,1,100,0.0000
1715671040.993903,2396143.000,64153,1,SF,1,100,0.0000
1715671041.323064,2396457.000,64209,1,SF,1,100,0.0000
1715671041.656417,2396775.000,64257,1,SF,1,100,0.0000
1715671042.057909,2397158.000,64325,1,SF,1,100,0.0000
1715671042.387070,2397472.000,64381,1,SF,1,100,0.0000
1715671042.719375,2397789.000,64429,1,SF,1,100,0.0000
1715671043.055874,2398110.000,64485,1,SF,1,100,0.0000
1715671043.454221,2398490.000,64541,1,SF,1,100,0.0000
1715671043.653394,2398680.000,64575,1,SF,1,100,0.0000
1715671043.987796,2398999.000,64626,1,SF,1,100,0.0000
1715671044.322198,2399318.000,64678,1,SF,1,100,0.0000
1715671044.650310,2399631.000,64730,1,SF,1,100,0.0000
1715671044.983664,2399949.000,64779,1,SF,1,100,0.0000
1715671045.385156,2400332.000,64848,1,SF,1,100,0.0000
1715671045.716413,2400648.000,64902,1,SF,1,100,0.0000
1715671046.048718,2400965.000,64951,1,SF,1,100,0.0000
1715671046.318127,2401222.000,65004,1,SF,1,100,0.0000
1715671046.652529,2401541.000,65055,1,SF,1,100,0.0000
1715671046.981689,2401855.000,65106,1,SF,1,100,0.0000
1715671047.316091,2402174.000,65157,1,SF,1,100,0.0000
1715671047.716535,2402556.000,65227,1,SF,1,100,0.0000
1715671048.044647,2402869.000,65280,1,SF,1,100,0.0000
1715671048.313007,2403125.000,65314,1,SF,1,100,0.0000
1715671048.781589,2403572.000,65386,1,SF,1,100,0.0000
1715671049.046804,2403825.000,65423,1,SF,1,100,0.0000
1715671049.378061,2404141.000,65472,1,SF,1,100,0.0000
1715671049.713511,2404461.000,65527,1,SF,1,100,0.0000
1715671049.980823,2404716.000,40,1,SF,1,100,0.0000
1715671050.308935,2405029.000,92,1,SF,1,100,0.0000
1715671050.643337,2405348.000,144,1,SF,1,100,0.0000
1715671050.977739,2405667.000,195,1,SF,1,100,0.0000
1715671051.307948,2405982.000,246,1,SF,1,100,0.0000
1715671051.708392,2406364.000,316,1,SF,1,100,0.0000
1715671052.042794,2406683.000,364,1,SF,1,100,0.0000
1715671052.376147,2407001.000,418,1,SF,1,100,0.0000
1715671052.639266,2407252.000,466,1,SF,1,100,0.0000
1715671052.974716,2407572.000,521,1,SF,1,100,0.0000
1715671053.309118,2407891.000,572,1,SF,1,100,0.0000
1715671053.636182,2408203.000,624,1,SF,1,100,0.0000
1715671054.104764,2408650.000,700,1,SF,1,100,0.0000
1715671054.371027,2408904.000,734,1,SF,1,100,0.0000
1715671054.635195,2409156.000,771,1,SF,1,100,0.0000
1715671055.035638,2409538.000,838,1,SF,1,100,0.0000
1715671055.370040,2409857.000,890,1,SF,1,100,0.0000
1715671055.703394,2410175.000,940,1,SF,1,100,0.0000
1715671055.965464,2410425.000,994,1,SF,1,100,0.0000
1715671056.300915,2410745.000,1043,1,SF,1,100,0.0000
1715671056.635316,2411064.000,1093,1,SF,1,100,0.0000
1715671056.962380,2411376.000,1144,1,SF,1,100,0.0000
1715671057.296782,2411695.000,1200,1,SF,1,100,0.0000
1715671057.697226,2412077.000,1265,1,SF,1,100,0.0000
1715671058.027435,2412392.000,1318,1,SF,1,100,0.0000
1715671058.294746,2412647.000,1371,1,SF,1,100,0.0000
1715671058.631245,2412968.000,1422,1,SF,1,100,0.0000
1715671058.962502,2413284.000,1471,1,SF,1,100,0.0000
1715671059.290614,2413597.000,1524,1,SF,1,100,0.0000
1715671059.626064,2413917.000,1581,1,SF,1,100,0.0000
1715671059.960466,2414236.000,1633,1,SF,1,100,0.0000
1715671060.288579,2414549.000,1684,1,SF,1,100,0.0000
1715671060.690070,2414932.000,1753,1,SF,1,100,0.0000
1715671061.024472,2415251.000,1802,1,SF,1,100,0.0000
1715671061.354681,2415566.000,1856,1,SF,1,100,0.0000
1715671061.620945,2415820.000,1906,1,SF,1,100,0.0000
1715671061.957443,2416141.000,1941,1,SF,1,100,0.0000
1715671062.288700,2416457.000,1990,1,SF,1,100,0.0000
1715671062.616812,2416770.000,2045,1,SF,1,100,0.0000
1715671063.019353,2417154.000,2112,1,SF,1,100,0.0000
1715671063.351658,2417471.000,2164,1,SF,1,100,0.0000
1715671063.682915,2417787.000,2216,1,SF,1,100,0.0000
1715671063.949179,2418041.000,2268,1,SF,1,100,0.0000
1715671064.283581,2418360.000,2318,1,SF,1,100,0.0000
1715671064.615886,2418677.000,2372,1,SF,1,100,0.0000
1715671064.947143,2418993.000,2428,1,SF,1,100,0.0000
1715671065.283641,2419314.000,2479,1,SF,1,100,0.0000
1715671065.681988,2419694.000,2549,1,SF,1,100,0.0000
1715671066.010101,2420007.000,2597,1,SF,1,100,0.0000
1715671066.345551,2420327.000,2651,1,SF,1,100,0.0000
1715671066.612863,2420582.000,2701,1,SF,1,100,0.0000
1715671066.942023,2420896.000,2751,1,SF,1,100,0.0000
1715671067.275377,2421214.000,2803,1,SF,1,100,0.0000
1715671067.609779,2421533.000,2857,1,SF,1,100,0.0000
1715671067.942084,2421850.000,2907,1,SF,1,100,0.0000
1715671068.272293,2422165.000,2961,1,SF,1,100,0.0000
1715671068.608791,2422486.000,3013,1,SF,1,100,0.0000
1715671069.007138,2422866.000,3081,1,SF,1,100,0.0000
1715671069.336299,2423180.000,3130,1,SF,1,100,0.0000
1715671069.671749,2423500.000,3185,1,SF,1,100,0.0000
1715671069.939061,2423755.000,3234,1,SF,1,100,0.0000
1715671070.336360,2424134.000,3292,1,SF,1,100,0.0000
1715671070.669713,2424452.000,3341,1,SF,1,100,0.0000
1715671070.937025,2424707.000,3396,1,SF,1,100,0.0000
1715671071.269331,2425024.000,3445,1,SF,1,100,0.0000
1715671071.599539,2425339.000,3494,1,SF,1,100,0.0000
1715671071.936038,2425660.000,3546,1,SF,1,100,0.0000
1715671072.267295,2425976.000,3597,1,SF,1,100,0.0000
1715671072.663545,2426354.000,3666,1,SF,1,100,0.0000
1715671072.998996,2426674.000,3720,1,SF,1,100,0.0000
1715671073.332349,2426992.000,3768,1,SF,1,100,0.0000
1715671073.663606,2427308.000,3822,1,SF,1,100,0.0000
1715671073.928822,2427561.000,3870,1,SF,1,100,0.0000
1715671074.263223,2427880.000,3925,1,SF,1,100,0.0000
1715671074.595529,2428197.000,3974,1,SF,1,100,0.0000
1715671074.924689,2428511.000,4026,1,SF,1,100,0.0000
1715671075.261188,2428832.000,4081,1,SF,1,100,0.0000
1715671075.659535,2429212.000,4151,1,SF,1,100,0.0000
1715671075.921605,2429462.000,4185,1,SF,1,100,0.0000
1715671076.257056,2429782.000,4239,1,SF,1,100,0.0000
1715671076.657499,2430164.000,4307,1,SF,1,100,0.0000
1715671076.988756,2430480.000,4357,1,SF,1,100,0.0000
1715671077.321062,2430797.000,4408,1,SF,1,100,0.0000
1715671077.588373,2431052.000,4461,1,SF,1,100,0.0000
1715671077.920679,2431369.000,4513,1,SF,1,100,0.0000
1715671078.250888,2431684.000,4564,1,SF,1,100,0.0000
1715671078.587386,2432005.000,4619,1,SF,1,100,0.0000
1715671078.918643,2432321.000,4667,1,SF,1,100,0.0000
1715671079.247804,2432635.000,4721,1,SF,1,100,0.0000
1715671079.650344,2433019.000,4788,1,SF,1,100,0.0000
1715671079.983697,2433337.000,4840,1,SF,1,100,0.0000
1715671080.314955,2433653.000,4890,1,SF,1,100,0.0000
1715671080.647260,2433970.000,4943,1,SF,1,100,0.0000
1715671080.914572,2434225.000,4999,1,SF,1,100,0.0000
1715671081.246877,2434542.000,5050,1,SF,1,100,0.0000
1715671081.576038,2434856.000,5100,1,SF,1,100,0.0000
1715671081.912536,2435177.000,5154,1,SF,1,100,0.0000
1715671082.243793,2435493.000,5203,1,SF,1,100,0.0000
1715671082.572953,2435807.000,5256,1,SF,1,100,0.0000
1715671082.908404,2436127.000,5312,1,SF,1,100,0.0000
1715671083.241757,2436445.000,5362,1,SF,1,100,0.0000
1715671083.574063,2436762.000,5411,1,SF,1,100,0.0000
1715671083.906368,2437079.000,5466,1,SF,1,100,0.0000
1715671084.240770,2437398.000,5518,1,SF,1,100,0.0000
1715671084.638069,2437777.000,5584,1,SF,1,100,0.0000
1715671084.969326,2438093.000,5638,1,SF,1,100,0.0000
1715671085.303728,2438412.000,5687,1,SF,1,100,0.0000
1715671085.569991,2438666.000,5740,1,SF,1,100,0.0000
1715671085.900200,2438981.000,5791,1,SF,1,100,0.0000
1715671086.235650,2439301.000,5840,1,SF,1,100,0.0000
1715671086.637142,2439684.000,5894,1,SF,1,100,0.0000
1715671086.968399,2440000.000,5949,1,SF,1,100,0.0000
1715671087.300704,2440317.000,5998,1,SF,1,100,0.0000
1715671087.568017,2440572.000,6051,1,SF,1,100,0.0000
1715671087.900322,2440889.000,6100,1,SF,1,100,0.0000
1715671088.229482,2441203.000,6156,1,SF,1,100,0.0000
1715671088.565981,2441524.000,6206,1,SF,1,100,0.0000
1715671088.897238,2441840.000,6257,1,SF,1,100,0.0000
1715671089.227447,2442155.000,6310,1,SF,1,100,0.0000
1715671089.629987,2442539.000,6378,1,SF,1,100,0.0000
1715671089.964389,2442858.000,6428,1,SF,1,100,0.0000
1715671090.229604,2443111.000,6482,1,SF,1,100,0.0000
1715671090.561909,2443428.000,6533,1,SF,1,100,0.0000
1715671090.896311,2443747.000,6583,1,SF,1,100,0.0000
1715671091.228616,2444064.000,6634,1,SF,1,100,0.0000
1715671091.557777,2444378.000,6686,1,SF,1,100,0.0000
1715671091.894275,2444699.000,6743,1,SF,1,100,0.0000
1715671092.225533,2445015.000,6797,1,SF,1,100,0.0000
1715671092.555741,2445330.000,6847,1,SF,1,100,0.0000
1715671092.891191,2445650.000,6899,1,SF,1,100,0.0000
1715671093.225594,2445969.000,6953,1,SF,1,100,0.0000
1715671093.623940,2446349.000,7021,1,SF,1,100,0.0000
1715671094.023336,2446730.000,7073,1,SF,1,100,0.0000
1715671094.223558,2446921.000,7109,1,SF,1,100,0.0000
1715671094.555863,2447238.000,7160,1,SF,1,100,0.0000
1715671094.885024,2447552.000,7210,1,SF,1,100,0.0000
1715671095.221522,2447873.000,7264,1,SF,1,100,0.0000
1715671095.552779,2448189.000,7313,1,SF,1,100,0.0000
1715671095.882988,2448504.000,7366,1,SF,1,100,0.0000
1715671096.285528,2448888.000,7433,1,SF,1,100,0.0000
1715671096.619930,2449207.000,7485,1,SF,1,100,0.0000
1715671096.951187,2449523.000,7535,1,SF,1,100,0.0000
1715671097.283492,2449840.000,7592,1,SF,1,100,0.0000
1715671097.550804,2450095.000,7644,1,SF,1,100,0.0000
1715671097.883110,2450412.000,7696,1,SF,1,100,0.0000
1715671098.212270,2450726.000,7747,1,SF,1,100,0.0000
1715671098.548769,2451047.000,7802,1,SF,1,100,0.0000
1715671098.880026,2451363.000,7850,1,SF,1,100,0.0000
1715671099.277324,2451742.000,7919,1,SF,1,100,0.0000
1715671099.612775,2452062.000,7971,1,SF,1,100,0.0000
1715671099.947176,2452381.000,8022,1,SF,1,100,0.0000
1715671100.211344,2452633.000,8073,1,SF,1,100,0.0000
1715671100.543649,2452950.000,8126,1,SF,1,100,0.0000
1715671100.878051,2453269.000,8178,1,SF,1,100,0.0000
1715671101.210356,2453586.000,8228,1,SF,1,100,0.0000
1715671101.539517,2453900.000,8279,1,SF,1,100,0.0000
1715671101.941009,2454283.000,8348,1,SF,1,100,0.0000
1715671102.274362,2454601.000,8400,1,SF,1,100,0.0000
1715671102.603523,2454915.000,8456,1,SF,1,100,0.0000
1715671102.938973,2455235.000,8511,1,SF,1,100,0.0000
1715671103.205236,2455489.000,8560,1,SF,1,100,0.0000
1715671103.536494,2455805.000,8613,1,SF,1,100,0.0000
1715671103.868799,2456122.000,8664,1,SF,1,100,0.0000
1715671104.203201,2456441.000,8712,1,SF,1,100,0.0000
1715671104.535506,2456758.000,8766,1,SF,1,100,0.0000
1715671104.932805,2457137.000,8836,1,SF,1,100,0.0000
1715671105.267207,2457456.000,8884,1,SF,1,100,0.0000
1715671105.600560,2457774.000,8938,1,SF,1,100,0.0000
1715671105.929721,2458088.000,8988,1,SF,1,100,0.0000
1715671106.198081,2458344.000,9042,1,SF,1,100,0.0000
1715671106.531435,2458662.000,9090,1,SF,1,100,0.0000
1715671106.863740,2458979.000,9144,1,SF,1,100,0.0000
1715671107.197094,2459297.000,9194,1,SF,1,100,0.0000
1715671107.531496,2459616.000,9246,1,SF,1,100,0.0000
1715671107.863801,2459933.000,9303,1,SF,1,100,0.0000
1715671108.194010,2460248.000,9357,1,SF,1,100,0.0000
1715671108.595502,2460631.000,9426,1,SF,1,100,0.0000
1715671108.928855,2460949.000,9477,1,SF,1,100,0.0000
1715671109.258016,2461263.000,9526,1,SF,1,100,0.0000
1715671109.526376,2461519.000,9579,1,SF,1,100,0.0000
1715671109.859730,2461837.000,9633,1,SF,1,100,0.0000
1715671110.190987,2462153.000,9682,1,SF,1,100,0.0000
1715671110.523292,2462470.000,9732,1,SF,1,100,0.0000
1715671110.857694,2462789.000,9785,1,SF,1,100,0.0000
1715671111.254992,2463168.000,9854,1,SF,1,100,0.0000
1715671111.586250,2463484.000,9904,1,SF,1,100,0.0000
1715671111.920651,2463803.000,9954,1,SF,1,100,0.0000
1715671112.255054,2464122.000,10008,1,SF,1,100,0.0000
1715671112.517124,2464372.000,10059,1,SF,1,100,0.0000
1715671112.852574,2464692.000,10110,1,SF,1,100,0.0000
1715671113.185928,2465010.000,10167,1,SF,1,100,0.0000
1715671113.518233,2465327.000,10220,1,SF,1,100,0.0000
1715671113.851587,2465645.000,10272,1,SF,1,100,0.0000
1715671114.185989,2465964.000,10323,1,SF,1,100,0.0000
1715671114.518294,2466281.000,10376,1,SF,1,100,0.0000
1715671114.914544,2466659.000,10441,1,SF,1,100,0.0000
1715671115.248946,2466978.000,10492,1,SF,1,100,0.0000
1715671115.583348,2467297.000,10545,1,SF,1,100,0.0000
1715671115.845419,2467547.000,10597,1,SF,1,100,0.0000
1715671116.180869,2467867.000,10649,1,SF,1,100,0.0000
1715671116.514223,2468185.000,10698,1,SF,1,100,0.0000
1715671116.846528,2468502.000,10746,1,SF,1,100,0.0000
1715671117.179882,2468820.000,10800,1,SF,1,100,0.0000
1715671117.581373,2469203.000,10867,1,SF,1,100,0.0000
1715671117.911582,2469518.000,10920,1,SF,1,100,0.0000
1715671118.242839,2469834.000,10971,1,SF,1,100,0.0000
1715671118.577241,2470153.000,11029,1,SF,1,100,0.0000
1715671118.911643,2470472.000,11083,1,SF,1,100,0.0000
1715671119.173713,2470722.000,11131,1,SF,1,100,0.0000
1715671119.509164,2471042.000,11184,1,SF,1,100,0.0000
1715671119.843566,2471361.000,11235,1,SF,1,100,0.0000
1715671120.174823,2471677.000,11287,1,SF,1,100,0.0000
1715671120.508176,2471995.000,11339,1,SF,1,100,0.0000
1715671120.842578,2472314.000,11391,1,SF,1,100,0.0000
1715671121.174884,2472631.000,11441,1,SF,1,100,0.0000
1715671121.504044,2472945.000,11495,1,SF,1,100,0.0000
1715671121.905536,2473328.000,11561,1,SF,1,100,0.0000
1715671122.239938,2473647.000,11615,1,SF,1,100,0.0000
1715671122.569098,2473961.000,11664,1,SF,1,100,0.0000
1715671122.904548,2474281.000,11719,1,SF,1,100,0.0000
1715671123.238950,2474600.000,11770,1,SF,1,100,0.0000
1715671123.504166,2474853.000,11823,1,SF,1,100,0.0000
1715671123.836471,2475170.000,11874,1,SF,1,100,0.0000
1715671124.170873,2475489.000,11916,1,SF,1,100,0.0000
1715671124.569220,2475869.000,11984,1,SF,1,100,0.0000
1715671124.900477,2476185.000,12037,1,SF,1,100,0.0000
1715671125.234879,2476504.000,12085,1,SF,1,100,0.0000
1715671125.501143,2476758.000,12141,1,SF,1,100,0.0000
1715671125.832400,2477074.000,12189,1,SF,1,100,0.0000
1715671126.233891,2477457.000,12245,1,SF,1,100,0.0000
1715671126.568294,2477776.000,12293,1,SF,1,100,0.0000
1715671126.898502,2478091.000,12347,1,SF,1,100,0.0000
1715671127.163718,2478344.000,12395,1,SF,1,100,0.0000
1715671127.498120,2478663.000,12451,1,SF,1,100,0.0000
1715671127.830425,2478980.000,12499,1,SF,1,100,0.0000
1715671128.161682,2479296.000,12553,1,SF,1,100,0.0000
1715671128.498180,2479617.000,12605,1,SF,1,100,0.0000
1715671128.899672,2480000.000,12673,1,SF,1,100,0.0000
1715671129.228833,2480314.000,12722,1,SF,1,100,0.0000
1715671129.562186,2480632.000,12762,1,SF,1,100,0.0000
1715671129.896588,2480951.000,12814,1,SF,1,100,0.0000
1715671130.226797,2481266.000,12864,1,SF,1,100,0.0000
1715671130.492012,2481519.000,12918,1,SF,1,100,0.0000
1715671130.826414,2481838.000,12968,1,SF,1,100,0.0000
1715671131.158720,2482155.000,13017,1,SF,1,100,0.0000
1715671131.489977,2482471.000,13070,1,SF,1,100,0.0000
1715671131.826475,2482792.000,13124,1,SF,1,100,0.0000
1715671132.158781,2483109.000,13172,1,SF,1,100,0.0000
1715671132.557127,2483489.000,13242,1,SF,1,100,0.0000
1715671132.890481,2483807.000,13295,1,SF,1,100,0.0000
1715671133.157793,2484062.000,13343,1,SF,1,100,0.0000
1715671133.489050,2484378.000,13396,1,SF,1,100,0.0000
1715671133.820307,2484694.000,13447,1,SF,1,100,0.0000
1715671134.153661,2485012.000,13496,1,SF,1,100,0.0000
1715671134.488063,2485331.000,13549,1,SF,1,100,0.0000
1715671134.819320,2485647.000,13603,1,SF,1,100,0.0000
1715671135.220812,2486030.000,13671,1,SF,1,100,0.0000
1715671135.557310,2486351.000,13724,1,SF,1,100,0.0000
1715671135.819381,2486601.000,13775,1,SF,1,100,0.0000
1715671136.152734,2486919.000,13825,1,SF,1,100,0.0000
1715671136.487136,2487238.000,13877,1,SF,1,100,0.0000
1715671136.818393,2487554.000,13930,1,SF,1,100,0.0000
1715671137.149650,2487870.000,13981,1,SF,1,100,0.0000
1715671137.483004,2488188.000,14029,1,SF,1,100,0.0000
1715671137.884496,2488571.000,14102,1,SF,1,100,0.0000
1715671138.215753,2488887.000,14155,1,SF,1,100,0.0000
1715671138.549107,2489205.000,14203,1,SF,1,100,0.0000
1715671138.885605,2489526.000,14259,1,SF,1,100,0.0000
1715671139.147676,2489776.000,14307,1,SF,1,100,0.0000
1715671139.479981,2490093.000,14361,1,SF,1,100,0.0000
1715671139.814383,2490412.000,14409,1,SF,1,100,0.0000
1715671140.146688,2490729.000,14454,1,SF,1,100,0.0000
1715671140.477945,2491045.000,14504,1,SF,1,100,0.0000
1715671140.811299,2491363.000,14556,1,SF,1,100,0.0000
1715671141.146749,2491683.000,14608,1,SF,1,100,0.0000
1715671141.545096,2492063.000,14676,1,SF,1,100,0.0000
1715671141.877401,2492380.000,14725,1,SF,1,100,0.0000
1715671142.213900,2492701.000,14780,1,SF,1,100,0.0000
1715671142.475970,2492951.000,14829,1,SF,1,100,0.0000
1715671142.807227,2493267.000,14882,1,SF,1,100,0.0000
1715671143.141629,2493586.000,14935,1,SF,1,100,0.0000
1715671143.474983,2493904.000,14986,1,SF,1,100,0.0000
1715671143.873330,2494284.000,15052,1,SF,1,100,0.0000
1715671144.207732,2494603.000,15107,1,SF,1,100,0.0000
1715671144.542134,2494922.000,15158,1,SF,1,100,0.0000
1715671144.873391,2495238.000,15209,1,SF,1,100,0.0000
1715671145.140703,2495493.000,15259,1,SF,1,100,0.0000
1715671145.542195,2495876.000,15318,1,SF,1,100,0.0000
1715671145.869258,2496188.000,15369,1,SF,1,100,0.0000
1715671146.135522,2496442.000,15420,1,SF,1,100,0.0000
1715671146.469924,2496761.000,15470,1,SF,1,100,0.0000
1715671146.803277,2497079.000,15522,1,SF,1,100,0.0000
1715671147.134535,2497395.000,15572,1,SF,1,100,0.0000
1715671147.536026,2497778.000,15642,1,SF,1,100,0.0000
1715671147.870429,2498097.000,15693,1,SF,1,100,0.0000
1715671148.200637,2498412.000,15746,1,SF,1,100,0.0000
1715671148.467949,2498667.000,15800,1,SF,1,100,0.0000
1715671148.800255,2498984.000,15850,1,SF,1,100,0.0000
1715671149.132560,2499301.000,15902,1,SF,1,100,0.0000
1715671149.463817,2499617.000,15952,1,SF,1,100,0.0000
1715671149.798219,2499936.000,16006,1,SF,1,100,0.0000
1715671150.199711,2500319.000,16071,1,SF,1,100,0.0000
1715671150.532016,2500636.000,16125,1,SF,1,100,0.0000
1715671150.866418,2500955.000,16180,1,SF,1,100,0.0000
1715671151.200820,2501274.000,16231,1,SF,1,100,0.0000
1715671151.529980,2501588.000,16284,1,SF,1,100,0.0000
1715671151.862286,2501905.000,16335,1,SF,1,100,0.0000
1715671152.129598,2502160.000,16386,1,SF,1,100,0.0000
1715671152.462951,2502478.000,16437,1,SF,1,100,0.0000
1715671152.794208,2502794.000,16488,1,SF,1,100,0.0000
1715671153.128610,2503113.000,16543,1,SF,1,100,0.0000
1715671153.529054,2503495.000,16610,1,SF,1,100,0.0000
1715671153.860311,2503811.000,16659,1,SF,1,100,0.0000
1715671154.194713,2504130.000,16709,1,SF,1,100,0.0000
1715671154.463073,2504386.000,16763,1,SF,1,100,0.0000
1715671154.793282,2504701.000,16812,1,SF,1,100,0.0000
1715671155.126635,2505019.000,16865,1,SF,1,100,0.0000
1715671155.458941,2505336.000,16913,1,SF,1,100,0.0000
1715671155.792294,2505654.000,16969,1,SF,1,100,0.0000
1715671156.189593,2506033.000,17025,1,SF,1,100,0.0000
1715671156.523995,2506352.000,17074,1,SF,1,100,0.0000
1715671156.857349,2506670.000,17126,1,SF,1,100,0.0000
1715671157.187557,2506985.000,17178,1,SF,1,100,0.0000
1715671157.588001,2507367.000,17232,1,SF,1,100,0.0000
1715671157.857409,2507624.000,17270,1,SF,1,100,0.0000
1715671158.120528,2507875.000,17323,1,SF,1,100,0.0000
1715671158.453882,2508193.000,17372,1,SF,1,100,0.0000
1715671158.786187,2508510.000,17422,1,SF,1,100,0.0000
1715671159.120589,2508829.000,17476,1,SF,1,100,0.0000
1715671159.451846,2509145.000,17527,1,SF,1,100,0.0000
1715671159.852290,2509527.000,17595,1,SF,1,100,0.0000
1715671160.185643,2509845.000,17648,1,SF,1,100,0.0000
1715671160.515852,2510160.000,17696,1,SF,1,100,0.0000
1715671160.850254,2510479.000,17752,1,SF,1,100,0.0000
1715671161.185704,2510799.000,17803,1,SF,1,100,0.0000
1715671161.448823,2511050.000,17837,1,SF,1,100,0.0000
1715671161.847170,2511430.000,17910,1,SF,1,100,0.0000
1715671162.183669,2511751.000,17963,1,SF,1,100,0.0000
1715671162.513877,2512066.000,18011,1,SF,1,100,0.0000
1715671162.780141,2512320.000,18064,1,SF,1,100,0.0000
1715671163.112446,2512637.000,18114,1,SF,1,100,0.0000
1715671163.446848,2512956.000,18168,1,SF,1,100,0.0000
1715671163.777057,2513271.000,18221,1,SF,1,100,0.0000
1715671164.108314,2513587.000,18271,1,SF,1,100,0.0000
1715671164.444813,2513908.000,18320,1,SF,1,100,0.0000
1715671164.776069,2514224.000,18374,1,SF,1,100,0.0000
1715671165.174417,2514604.000,18442,1,SF,1,100,0.0000
1715671165.441728,2514859.000,18476,1,SF,1,100,0.0000
1715671165.842172,2515241.000,18547,1,SF,1,100,0.0000
1715671166.108436,2515495.000,18580,1,SF,1,100,0.0000
1715671166.507831,2515876.000,18649,1,SF,1,100,0.0000
1715671166.842233,2516195.000,18700,1,SF,1,100,0.0000
1715671167.171393,2516509.000,18757,1,SF,1,100,0.0000
1715671167.505795,2516828.000,18807,1,SF,1,100,0.0000
1715671167.774156,2517084.000,18861,1,SF,1,100,0.0000
1715671168.105412,2517400.000,18913,1,SF,1,100,0.0000
1715671168.503760,2517780.000,18965,1,SF,1,100,0.0000
1715671168.771071,2518035.000,19015,1,SF,1,100,0.0000
1715671169.106522,2518355.000,19069,1,SF,1,100,0.0000
1715671169.437779,2518671.000,19117,1,SF,1,100,0.0000
1715671169.770084,2518988.000,19168,1,SF,1,100,0.0000
1715671170.104486,2519307.000,19221,1,SF,1,100,0.0000
1715671170.499688,2519684.000,19289,1,SF,1,100,0.0000
1715671170.834090,2520003.000,19340,1,SF,1,100,0.0000
1715671171.168492,2520322.000,19393,1,SF,1,100,0.0000
1715671171.433707,2520575.000,19447,1,SF,1,100,0.0000
1715671171.767061,2520893.000,19495,1,SF,1,100,0.0000
1715671172.099366,2521210.000,19545,1,SF,1,100,0.0000
1715671172.499810,2521592.000,19604,1,SF,1,100,0.0000
1715671172.831067,2521908.000,19660,1,SF,1,100,0.0000
1715671173.098379,2522163.000,19708,1,SF,1,100,0.0000
1715671173.432781,2522482.000,19760,1,SF,1,100,0.0000
1715671173.762990,2522797.000,19812,1,SF,1,100,0.0000
1715671174.094247,2523113.000,19864,1,SF,1,100,0.0000
1715671174.430745,2523434.000,19916,1,SF,1,100,0.0000
1715671174.762002,2523750.000,19965,1,SF,1,100,0.0000
1715671175.160349,2524130.000,20033,1,SF,1,100,0.0000
1715671175.496848,2524451.000,20085,1,SF,1,100,0.0000
1715671175.763111,2524705.000,20137,1,SF,1,100,0.0000
1715671176.093320,2525020.000,20187,1,SF,1,100,0.0000
1715671176.425625,2525337.000,20239,1,SF,1,100,0.0000
1715671176.760027,2525656.000,20292,1,SF,1,100,0.0000
1715671177.089188,2525970.000,20343,1,SF,1,100,0.0000
1715671177.488583,2526351.000,20411,1,SF,1,100,0.0000
1715671177.756943,2526607.000,20448,1,SF,1,100,0.0000
1715671178.089249,2526924.000,20503,1,SF,1,100,0.0000
1715671178.421554,2527241.000,20552,1,SF,1,100,0.0000
1715671178.753859,2527558.000,20605,1,SF,1,100,0.0000
1715671179.089309,2527878.000,20656,1,SF,1,100,0.0000
1715671179.483464,2528254.000,20724,1,SF,1,100,0.0000
1715671179.817865,2528573.000,20774,1,SF,1,100,0.0000
1715671180.151219,2528891.000,20828,1,SF,1,100,0.0000
1715671180.480380,2529205.000,20879,1,SF,1,100,0.0000
1715671180.746643,2529459.000,20932,1,SF,1,100,0.0000
1715671181.083142,2529780.000,20980,1,SF,1,100,0.0000
1715671181.416495,2530098.000,21032,1,SF,1,100,0.0000
1715671181.748801,2530415.000,21087,1,SF,1,100,0.0000
1715671182.081106,2530732.000,21136,1,SF,1,100,0.0000
1715671182.481550,2531114.000,21201,1,SF,1,100,0.0000
1715671182.810710,2531428.000,21258,1,SF,1,100,0.0000
1715671183.213250,2531812.000,21311,1,SF,1,100,0.0000
1715671183.478466,2532065.000,21345,1,SF,1,100,0.0000
1715671183.807626,2532379.000,21398,1,SF,1,100,0.0000
1715671184.073890,2532633.000,21449,1,SF,1,100,0.0000
1715671184.410388,2532954.000,21500,1,SF,1,100,0.0000
1715671184.743742,2533272.000,21549,1,SF,1,100,0.0000
1715671185.074999,2533588.000,21604,1,SF,1,100,0.0000
1715671185.407304,2533905.000,21653,1,SF,1,100,0.0000
1715671185.807748,2534287.000,21721,1,SF,1,100,0.0000
1715671186.136908,2534601.000,21773,1,SF,1,100,0.0000
1715671186.471310,2534920.000,21825,1,SF,1,100,0.0000
1715671186.738622,2535175.000,21875,1,SF,1,100,0.0000
1715671187.069879,2535491.000,21929,1,SF,1,100,0.0000
1715671187.401136,2535807.000,21977,1,SF,1,100,0.0000
1715671187.737635,2536128.000,22031,1,SF,1,100,0.0000
1715671188.137030,2536509.000,22100,1,SF,1,100,0.0000
1715671188.535377,2536889.000,22155,1,SF,1,100,0.0000
1715671188.803737,2537145.000,22189,1,SF,1,100,0.0000
1715671189.134994,2537461.000,22228,1,SF,1,100,0.0000
1715671189.464155,2537775.000,22279,1,SF,1,100,0.0000
1715671189.798557,2538094.000,22327,1,SF,1,100,0.0000
1715671190.066917,2538350.000,22378,1,SF,1,100,0.0000
1715671190.398174,2538666.000,22431,1,SF,1,100,0.0000
1715671190.728383,2538981.000,22480,1,SF,1,100,0.0000
1715671191.064881,2539302.000,22533,1,SF,1,100,0.0000
1715671191.464277,2539683.000,22603,1,SF,1,100,0.0000
1715671191.794485,2539998.000,22653,1,SF,1,100,0.0000
1715671192.130984,2540319.000,22705,1,SF,1,100,0.0000
1715671192.462241,2540635.000,22756,1,SF,1,100,0.0000
1715671192.791401,2540949.000,22811,1,SF,1,100,0.0000
1715671193.058713,2541204.000,22860,1,SF,1,100,0.0000
1715671193.394163,2541524.000,22914,1,SF,1,100,0.0000
1715671193.726469,2541841.000,22964,1,SF,1,100,0.0000
1715671194.124816,2542221.000,23024,1,SF,1,100,0.0000
1715671194.393176,2542477.000,23073,1,SF,1,100,0.0000
1715671194.726530,2542795.000,23127,1,SF,1,100,0.0000
1715671195.056738,2543110.000,23177,1,SF,1,100,0.0000
1715671195.389044,2543427.000,23228,1,SF,1,100,0.0000
1715671195.789487,2543809.000,23296,1,SF,1,100,0.0000
1715671196.119696,2544124.000,23349,1,SF,1,100,0.0000
1715671196.454098,2544443.000,23397,1,SF,1,100,0.0000
1715671196.787452,2544761.000,23453,1,SF,1,100,0.0000
1715671197.054764,2545016.000,23501,1,SF,1,100,0.0000
1715671197.383924,2545330.000,23554,1,SF,1,100,0.0000
1715671197.720423,2545651.000,23603,1,SF,1,100,0.0000
1715671198.053776,2545969.000,23659,1,SF,1,100,0.0000
1715671198.448978,2546346.000,23725,1,SF,1,100,0.0000
1715671198.785477,2546667.000,23779,1,SF,1,100,0.0000
1715671199.116734,2546983.000,23828,1,SF,1,100,0.0000
1715671199.447991,2547299.000,23886,1,SF,1,100,0.0000
1715671199.781344,2547617.000,23938,1,SF,1,100,0.0000
1715671200.114698,2547935.000,23990,1,SF,1,100,0.0000
1715671200.382010,2548190.000,24039,1,SF,1,100,0.0000
1715671200.710122,2548503.000,24092,1,SF,1,100,0.0000
1715671201.046621,2548824.000,24141,1,SF,1,100,0.0000
1715671201.379974,2549142.000,24192,1,SF,1,100,0.0000
1715671201.709135,2549456.000,24243,1,SF,1,100,0.0000
1715671202.042488,2549774.000,24291,1,SF,1,100,0.0000
1715671202.377939,2550094.000,24348,1,SF,1,100,0.0000
1715671202.710244,2550411.000,24398,1,SF,1,100,0.0000
1715671203.040453,2550726.000,24451,1,SF,1,100,0.0000
1715671203.440896,2551108.000,24519,1,SF,1,100,0.0000
1715671203.708208,2551363.000,24556,1,SF,1,100,0.0000
1715671204.103410,2551740.000,24623,1,SF,1,100,0.0000
1715671204.437812,2552059.000,24674,1,SF,1,100,0.0000
1715671204.771166,2552377.000,24732,1,SF,1,100,0.0000
1715671205.100327,2552691.000,24783,1,SF,1,100,0.0000
1715671205.367638,2552946.000,24836,1,SF,1,100,0.0000
1715671205.768082,2553328.000,24887,1,SF,1,100,0.0000
1715671206.099339,2553644.000,24938,1,SF,1,100,0.0000
1715671206.431644,2553961.000,24989,1,SF,1,100,0.0000
1715671206.698956,2554216.000,25042,1,SF,1,100,0.0000
1715671207.032310,2554534.000,25093,1,SF,1,100,0.0000
1715671207.359374,2554846.000,25144,1,SF,1,100,0.0000
1715671207.695872,2555167.000,25197,1,SF,1,100,0.0000
1715671208.095268,2555548.000,25264,1,SF,1,100,0.0000
1715671208.425477,2555863.000,25322,1,SF,1,100,2.0823
1715671208.761975,2556184.000,25375,1,SF,1,100,2.0582
1715671209.028239,2556438.000,25426,1,SF,1,100,2.0344
1715671209.360544,2556755.000,25476,1,SF,1,100,2.0108
1715671209.690753,2557070.000,25530,1,SF,1,100,1.9876
1715671210.091196,2557452.000,25588,1,SF,1,100,1.9646
1715671210.358508,2557707.000,25637,1,SF,1,100,1.9418
1715671210.685572,2558019.000,25687,1,SF,1,100,1.9194
1715671211.022071,2558340.000,25739,1,SF,1,100,1.8972
1715671211.355424,2558658.000,25790,1,SF,1,100,1.8752
1715671211.685633,2558973.000,25843,1,SF,1,100,1.8535
1715671212.088173,2559357.000,25911,1,SF,1,100,1.8321
1715671212.420479,2559674.000,25959,1,SF,1,100,1.8109
1715671212.751735,2559990.000,26015,1,SF,1,100,1.7900
1715671213.082993,2560306.000,26065,1,SF,1,100,1.7692
1715671213.350304,2560561.000,26119,1,SF,1,100,1.7488
1715671213.683658,2560879.000,26167,1,SF,1,100,1.7285
1715671214.010722,2561191.000,26219,1,SF,1,100,1.7086
1715671214.347220,2561512.000,26269,1,SF,1,100,1.6888
1715671214.746616,2561893.000,26334,1,SF,1,100,1.6693
1715671215.077873,2562209.000,26389,1,SF,1,100,1.6499
1715671215.414371,2562530.000,26444,1,SF,1,100,1.6309
1715671215.747725,2562848.000,26493,1,SF,1,100,1.6120
1715671216.078982,2563164.000,26548,1,SF,1,100,1.5933
1715671216.410239,2563480.000,26598,1,SF,1,100,1.5749
1715671216.677551,2563735.000,26648,1,SF,1,100,1.5567
1715671217.010905,2564053.000,26701,1,SF,1,100,1.5387
1715671217.337969,2564365.000,26752,1,SF,1,100,1.5209
1715671217.674467,2564686.000,26805,1,SF,1,100,1.5033
1715671218.074911,2565068.000,26875,1,SF,1,100,1.4859
1715671218.406168,2565384.000,26925,1,SF,1,100,1.4687
1715671218.741618,2565704.000,26979,1,SF,1,100,1.4517
1715671219.074971,2566022.000,27030,1,SF,1,100,1.4349
1715671219.341235,2566276.000,27083,1,SF,1,100,1.4183
1715671219.669347,2566589.000,27131,1,SF,1,100,1.4019
1715671220.003749,2566908.000,27184,1,SF,1,100,1.3857
1715671220.402096,2567288.000,27236,1,SF,1,100,1.3697
1715671220.732305,2567603.000,27294,1,SF,1,100,1.3538
1715671221.066707,2567922.000,27342,1,SF,1,100,1.3382
1715671221.334019,2568177.000,27396,1,SF,1,100,1.3227
1715671221.666324,2568494.000,27449,1,SF,1,100,1.3074
1715671221.997581,2568810.000,27499,1,SF,1,100,1.2923
1715671222.333031,2569130.000,27551,1,SF,1,100,1.2773
1715671222.666385,2569448.000,27602,1,SF,1,100,1.2625
1715671222.994497,2569761.000,27657,1,SF,1,100,1.2479
1715671223.394941,2570143.000,27722,1,SF,1,100,1.2335
1715671223.728295,2570461.000,27776,1,SF,1,100,1.2192
1715671223.990365,2570711.000,27826,1,SF,1,100,1.2051
1715671224.325815,2571031.000,27878,1,SF,1,100,1.1912
1715671224.660217,2571350.000,27928,1,SF,1,100,1.1774
1715671224.992522,2571667.000,27982,1,SF,1,100,1.1638
1715671225.322731,2571982.000,28030,1,SF,1,100,1.1503
1715671225.658181,2572302.000,28084,1,SF,1,100,1.1370
1715671226.122570,2572745.000,28156,1,SF,1,100,1.1239
1715671226.320695,2572934.000,28193,1,SF,1,100,1.1109
1715671226.655097,2573253.000,28242,1,SF,1,100,1.0980
1715671226.988451,2573571.000,28297,1,SF,1,100,1.0853
1715671227.317611,2573885.000,28345,1,SF,1,100,1.0728
1715671227.719104,2574268.000,28415,1,SF,1,100,1.0603
1715671228.054554,2574588.000,28471,1,SF,1,100,1.0481
1715671228.385811,2574904.000,28519,1,SF,1,100,1.0360
1715671228.718116,2575221.000,28573,1,SF,1,100,1.0240
1715671228.985428,2575476.000,28621,1,SF,1,100,1.0121
1715671229.318782,2575794.000,28673,1,SF,1,100,1.0004
1715671229.647942,2576108.000,28725,1,SF,1,100,0.9888
1715671229.982344,2576427.000,28774,1,SF,1,100,0.9774
1715671230.382787,2576809.000,28842,1,SF,1,100,0.9661
1715671230.644858,2577059.000,28881,1,SF,1,100,0.9549
1715671230.979260,2577378.000,28931,1,SF,1,100,0.9439
1715671231.380752,2577761.000,29001,1,SF,1,100,0.9330
1715671231.645967,2578014.000,29040,1,SF,1,100,0.9222
1715671231.975128,2578328.000,29092,1,SF,1,100,0.9115
1715671232.310578,2578648.000,29142,1,SF,1,100,0.9009
1715671232.643931,2578966.000,29196,1,SF,1,100,0.8905
1715671233.041230,2579345.000,29263,1,SF,1,100,0.8802
1715671233.374584,2579663.000,29316,1,SF,1,100,0.8700
1715671233.710034,2579983.000,29367,1,SF,1,100,0.8600
1715671233.972105,2580233.000,29420,1,SF,1,100,0.8500
1715671234.305458,2580551.000,29469,1,SF,1,100,0.8402
1715671234.639860,2580870.000,29519,1,SF,1,100,0.8305
1715671234.972165,2581187.000,29570,1,SF,1,100,0.8209
1715671235.301326,2581501.000,29621,1,SF,1,100,0.8114
1715671235.636776,2581821.000,29674,1,SF,1,100,0.8020
1715671236.038268,2582204.000,29742,1,SF,1,100,0.7927
1715671236.368477,2582519.000,29793,1,SF,1,100,0.7835
1715671236.700782,2582836.000,29846,1,SF,1,100,0.7745
1715671236.970191,2583093.000,29902,1,SF,1,100,0.7655
1715671237.299351,2583407.000,29953,1,SF,1,100,0.7567
1715671237.631656,2583724.000,30001,1,SF,1,100,0.7479
1715671237.966058,2584043.000,30057,1,SF,1,100,0.7393
1715671238.299412,2584361.000,30110,1,SF,1,100,0.7307
1715671238.628572,2584675.000,30159,1,SF,1,100,0.7223
1715671239.031113,2585059.000,30230,1,SF,1,100,0.7139
1715671239.366563,2585379.000,30279,1,SF,1,100,0.7056
1715671239.696772,2585694.000,30331,1,SF,1,100,0.6975
1715671239.963035,2585948.000,30383,1,SF,1,100,0.6894
1715671240.298485,2586268.000,30432,1,SF,1,100,0.6814
1715671240.627646,2586582.000,30483,1,SF,1,100,0.6735
1715671240.959951,2586899.000,30537,1,SF,1,100,0.6658
1715671241.361443,2587282.000,30604,1,SF,1,100,0.6581
1715671241.694797,2587600.000,30655,1,SF,1,100,0.6504
1715671242.026054,2587916.000,30706,1,SF,1,100,0.6429
1715671242.292317,2588170.000,30748,1,SF,1,100,0.6355
1715671242.627768,2588490.000,30798,1,SF,1,100,0.6281
1715671242.957976,2588805.000,30852,1,SF,1,100,0.6209
1715671243.290282,2589122.000,30902,1,SF,1,100,0.6137
1715671243.625732,2589442.000,30956,1,SF,1,100,0.6066
1715671243.956989,2589758.000,31004,1,SF,1,100,0.5996
1715671244.355336,2590138.000,31074,1,SF,1,100,0.5926
1715671244.690786,2590458.000,31128,1,SF,1,100,0.5858
1715671244.960195,2590715.000,31176,1,SF,1,100,0.5790
1715671245.289355,2591029.000,31229,1,SF,1,100,0.5723
1715671245.621660,2591346.000,31280,1,SF,1,100,0.5657
1715671245.956062,2591665.000,31332,1,SF,1,100,0.5591
1715671246.286271,2591980.000,31382,1,SF,1,100,0.5527
1715671246.617528,2592296.000,31433,1,SF,1,100,0.5463
1715671246.952978,2592616.000,31486,1,SF,1,100,0.5400
1715671247.352374,2592997.000,31551,1,SF,1,100,0.5337
1715671247.682583,2593312.000,31591,1,SF,1,100,0.5275
1715671247.950943,2593568.000,31632,1,SF,1,100,0.5214
1715671248.287441,2593889.000,31682,1,SF,1,100,0.5154
1715671248.615553,2594202.000,31733,1,SF,1,100,0.5094
1715671249.013901,2594582.000,31798,1,SF,1,100,0.5035
1715671249.349351,2594902.000,31851,1,SF,1,100,0.4977
1715671249.679559,2595217.000,31902,1,SF,1,100,0.4920
1715671250.010817,2595533.000,31952,1,SF,1,100,0.4863
1715671250.280225,2595790.000,32001,1,SF,1,100,0.4806
1715671250.613579,2596108.000,32056,1,SF,1,100,0.4751
1715671250.944836,2596424.000,32108,1,SF,1,100,0.4696
1715671251.278189,2596742.000,32159,1,SF,1,100,0.4642
1715671251.614688,2597063.000,32193,1,SF,1,100,0.4588
1715671251.942800,2597376.000,32247,1,SF,1,100,0.4535
1715671252.275105,2597693.000,32297,1,SF,1,100,0.4482
1715671252.676597,2598076.000,32367,1,SF,1,100,0.4431
1715671253.074944,2598456.000,32421,1,SF,1,100,0.4379
1715671253.273070,2598645.000,32441,1,SF,1,100,0.4329
1715671253.675610,2599029.000,32510,1,SF,1,100,0.4279
1715671254.008963,2599347.000,32562,1,SF,1,100,0.4229
1715671254.336027,2599659.000,32610,1,SF,1,100,0.4180
1715671254.604388,2599915.000,32664,1,SF,1,100,0.4132
1715671254.940886,2600236.000,32714,1,SF,1,100,0.4084
1715671255.271095,2600551.000,32764,1,SF,1,100,0.4037
1715671255.603400,2600868.000,32813,1,SF,1,100,0.3990
1715671255.937802,2601187.000,32867,1,SF,1,100,0.3944
1715671256.337197,2601568.000,32936,1,SF,1,100,0.3898
1715671256.665309,2601881.000,32985,1,SF,1,100,0.3853
1715671257.001808,2602202.000,33036,1,SF,1,100,0.3809
1715671257.268072,2602456.000,33089,1,SF,1,100,0.3765
1715671257.599329,2602772.000,33141,1,SF,1,100,0.3721
1715671257.931634,2603089.000,33195,1,SF,1,100,0.3678
1715671258.268132,2603410.000,33247,1,SF,1,100,0.3635
1715671258.731473,2603852.000,33288,1,SF,1,100,0.3593
1715671258.930647,2604042.000,33325,1,SF,1,100,0.3552
1715671259.265049,2604361.000,33376,1,SF,1,100,0.3511
1715671259.598402,2604679.000,33429,1,SF,1,100,0.3470
1715671259.927562,2604993.000,33478,1,SF,1,100,0.3430
1715671260.330103,2605377.000,33548,1,SF,1,100,0.3390
1715671260.664505,2605696.000,33598,1,SF,1,100,0.3351
1715671260.929720,2605949.000,33650,1,SF,1,100,0.3312
1715671261.259929,2606264.000,33702,1,SF,1,100,0.3274
1715671261.596427,2606585.000,33754,1,SF,1,100,0.3236
1715671261.928733,2606902.000,33802,1,SF,1,100,0.3199
1715671262.323935,2607279.000,33873,1,SF,1,100,0.3162
1715671262.659385,2607599.000,33925,1,SF,1,100,0.3125
1715671262.991690,2607916.000,33976,1,SF,1,100,0.3089
1715671263.255857,2608168.000,34027,1,SF,1,100,0.3053
1715671263.657349,2608551.000,34080,1,SF,1,100,0.3018
1715671263.991751,2608870.000,34123,1,SF,1,100,0.2983
1715671264.321960,2609185.000,34171,1,SF,1,100,0.2948
1715671264.653217,2609501.000,34227,1,SF,1,100,0.2914
1715671264.988667,2609821.000,34275,1,SF,1,100,0.2881
1715671265.254931,2610075.000,34326,1,SF,1,100,0.2847
1715671265.586188,2610391.000,34379,1,SF,1,100,0.2814
1715671265.919542,2610709.000,34432,1,SF,1,100,0.2782
1715671266.254992,2611029.000,34481,1,SF,1,100,0.2750
1715671266.586249,2611345.000,34532,1,SF,1,100,0.2718
1715671266.918554,2611662.000,34585,1,SF,1,100,0.2686
1715671267.251908,2611980.000,34634,1,SF,1,100,0.2655
1715671267.585261,2612298.000,34689,1,SF,1,100,0.2625
1715671267.981512,2612676.000,34756,1,SF,1,100,0.2594
1715671268.316962,2612996.000,34805,1,SF,1,100,0.2564
1715671268.651364,2613315.000,34861,1,SF,1,100,0.2535
1715671268.981573,2613630.000,34912,1,SF,1,100,0.2505
1715671269.247836,2613884.000,34954,1,SF,1,100,0.2476
1715671269.650377,2614268.000,35005,1,SF,1,100,0.2448
1715671269.915592,2614521.000,35059,1,SF,1,100,0.2419
1715671270.247897,2614838.000,35107,1,SF,1,100,0.2391
1715671270.581251,2615156.000,35161,1,SF,1,100,0.2364
1715671270.914604,2615474.000,35211,1,SF,1,100,0.2336
1715671271.243765,2615788.000,35263,1,SF,1,100,0.2309
1715671271.580263,2616109.000,35313,1,SF,1,100,0.2283
1715671271.981755,2616492.000,35383,1,SF,1,100,0.2256
1715671272.311964,2616807.000,35432,1,SF,1,100,0.2230
1715671272.645318,2617125.000,35487,1,SF,1,100,0.2204
1715671272.912630,2617380.000,35541,1,SF,1,100,0.2179
1715671273.243887,2617696.000,35591,1,SF,1,100,0.2154
1715671273.575144,2618012.000,35640,1,SF,1,100,0.2129
1715671273.908497,2618330.000,35691,1,SF,1,100,0.2104
1715671274.241851,2618648.000,35747,1,SF,1,100,0.2080
1715671274.639150,2619027.000,35802,1,SF,1,100,0.2056
1715671274.908558,2619284.000,35836,1,SF,1,100,0.2032
1715671275.241912,2619602.000,35889,1,SF,1,100,0.2008
1715671275.574217,2619919.000,35940,1,SF,1,100,0.1985
1715671275.972564,2620299.000,36005,1,SF,1,100,0.1962
1715671276.308014,2620619.000,36055,1,SF,1,100,0.1939
1715671276.572181,2620871.000,36106,1,SF,1,100,0.1917
1715671276.903439,2621187.000,36160,1,SF,1,100,0.1895
1715671277.236792,2621505.000,36212,1,SF,1,100,0.1873
1715671277.571194,2621824.000,36261,1,SF,1,100,0.1851
1715671277.901403,2622139.000,36315,1,SF,1,100,0.1830
1715671278.302895,2622522.000,36385,1,SF,1,100,0.1809
1715671278.638345,2622842.000,36435,1,SF,1,100,0.1788
1715671278.967505,2623156.000,36487,1,SF,1,100,0.1767
1715671279.231672,2623408.000,36539,1,SF,1,100,0.1747
1715671279.568171,2623729.000,36591,1,SF,1,100,0.1726
1715671280.032560,2624172.000,36646,1,SF,1,100,0.1706
1715671280.231733,2624362.000,36685,1,SF,1,100,0.1687
1715671280.565087,2624680.000,36733,1,SF,1,100,0.1667
1715671280.901585,2625001.000,36787,1,SF,1,100,0.1648
1715671281.298884,2625380.000,36854,1,SF,1,100,0.1629
1715671281.632238,2625698.000,36905,1,SF,1,100,0.1610
1715671281.967688,2626018.000,36956,1,SF,1,100,0.1591
1715671282.231855,2626270.000,37007,1,SF,1,100,0.1573
1715671282.561015,2626584.000,37060,1,SF,1,100,0.1555
1715671282.964604,2626969.000,37097,1,SF,1,100,0.1537
1715671283.297958,2627287.000,37148,1,SF,1,100,0.1519
1715671283.563173,2627540.000,37198,1,SF,1,100,0.1501
1715671283.896527,2627858.000,37249,1,SF,1,100,0.1484
1715671284.233025,2628179.000,37300,1,SF,1,100,0.1467
1715671284.562186,2628493.000,37354,1,SF,1,100,0.1450
1715671284.895539,2628811.000,37404,1,SF,1,100,0.1433
1715671285.429115,2629320.000,37478,1,SF,1,100,0.1417
1715671285.562246,2629447.000,37497,1,SF,1,100,0.1400
1715671285.891407,2629761.000,37550,1,SF,1,100,0.1384
1715671286.226857,2630081.000,37599,1,SF,1,100,0.1368
1715671286.562307,2630401.000,37653,1,SF,1,100,0.1352
1715671286.893564,2630717.000,37703,1,SF,1,100,0.1337
1715671287.224821,2631033.000,37755,1,SF,1,100,0.1321
1715671287.627362,2631417.000,37824,1,SF,1,100,0.1306
1715671287.957570,2631732.000,37877,1,SF,1,100,0.1291
1715671288.290924,2632050.000,37926,1,SF,1,100,0.1276
1715671288.558236,2632305.000,37981,1,SF,1,100,0.1261
1715671288.893686,2632625.000,38030,1,SF,1,100,0.1246
1715671289.222847,2632939.000,38081,1,SF,1,100,0.1232
1715671289.557248,2633258.000,38134,1,SF,1,100,0.1218
1715671289.957692,2633640.000,38202,1,SF,1,100,0.1204
1715671290.285804,2633953.000,38250,1,SF,1,100,0.1190
1715671290.620206,2634272.000,38306,1,SF,1,100,0.1176
1715671290.954608,2634591.000,38345,1,SF,1,100,0.1162
1715671291.220872,2634845.000,38396,1,SF,1,100,0.1149
1715671291.553177,2635162.000,38444,1,SF,1,100,0.1136
1715671291.886531,2635480.000,38498,1,SF,1,100,0.1122
1715671292.221981,2635800.000,38548,1,SF,1,100,0.1109
1715671292.549045,2636112.000,38600,1,SF,1,100,0.1097
1715671292.949488,2636494.000,38670,1,SF,1,100,0.1084
1715671293.283890,2636813.000,38722,1,SF,1,100,0.1071
1715671293.614099,2637128.000,38774,1,SF,1,100,0.1059
1715671293.880363,2637382.000,38826,1,SF,1,100,0.1047
1715671294.216861,2637703.000,38875,1,SF,1,100,0.1035
1715671294.550215,2638021.000,38926,1,SF,1,100,0.1023
1715671294.880424,2638336.000,38979,1,SF,1,100,0.1011
1715671295.213777,2638654.000,39027,1,SF,1,100,0.0999
1715671295.614221,2639036.000,39095,1,SF,1,100,0.0988
1715671295.943381,2639350.000,39148,1,SF,1,100,0.0976
1715671296.346970,2639735.000,39188,1,SF,1,100,0.0965
1715671296.547192,2639926.000,39220,1,SF,1,100,0.0954
1715671296.880545,2640244.000,39276,1,SF,1,100,0.0943
1715671297.209706,2640558.000,39324,1,SF,1,100,0.0932
1715671297.546204,2640879.000,39378,1,SF,1,100,0.0921
1715671297.945600,2641260.000,39447,1,SF,1,100,0.0910
1715671298.274760,2641574.000,39498,1,SF,1,100,0.0900
1715671298.542072,2641829.000,39549,1,SF,1,100,0.0889
1715671298.877522,2642149.000,39602,1,SF,1,100,0.0879
1715671299.207731,2642464.000,39652,1,SF,1,100,0.0869
1715671299.541085,2642782.000,39704,1,SF,1,100,0.0859
1715671299.875486,2643101.000,39753,1,SF,1,100,0.0849
1715671300.208840,2643419.000,39808,1,SF,1,100,0.0839
1715671300.604042,2643796.000,39873,1,SF,1,100,0.0829
1715671300.938444,2644115.000,39926,1,SF,1,100,0.0820
1715671301.271798,2644433.000,39980,1,SF,1,100,0.0810
1715671301.535965,2644685.000,40003,1,SF,1,100,0.0801
1715671301.869318,2645003.000,40053,1,SF,1,100,0.0792
1715671302.204769,2645323.000,40107,1,SF,1,100,0.0783
1715671302.536026,2645639.000,40158,1,SF,1,100,0.0774
1715671302.868331,2645956.000,40211,1,SF,1,100,0.0765
1715671303.268775,2646338.000,40278,1,SF,1,100,0.0756
1715671303.601080,2646655.000,40329,1,SF,1,100,0.0747
1715671303.931289,2646970.000,40383,1,SF,1,100,0.0738
1715671304.199649,2647226.000,40433,1,SF,1,100,0.0730
1715671304.533003,2647544.000,40487,1,SF,1,100,0.0721
1715671304.865308,2647861.000,40535,1,SF,1,100,0.0713
1715671305.196565,2648177.000,40587,1,SF,1,100,0.0705
1715671305.532015,2648497.000,40636,1,SF,1,100,0.0697
1715671305.863272,2648813.000,40685,1,SF,1,100,0.0689
1715671306.259523,2649191.000,40755,1,SF,1,100,0.0681
1715671306.593925,2649510.000,40808,1,SF,1,100,0.0673
1715671306.927278,2649828.000,40848,1,SF,1,100,0.0665
1715671307.257487,2650143.000,40903,1,SF,1,100,0.0657
1715671307.590841,2650461.000,40954,1,SF,1,100,0.0650
1715671307.859201,2650717.000,41007,1,SF,1,100,0.0642
1715671308.191506,2651034.000,41056,1,SF,1,100,0.0635
1715671308.521715,2651349.000,41111,1,SF,1,100,0.0627
1715671308.857165,2651669.000,41160,1,SF,1,100,0.0620
1715671309.188422,2651985.000,41211,1,SF,1,100,0.0613
1715671309.520727,2652302.000,41264,1,SF,1,100,0.0606
1715671309.921171,2652684.000,41332,1,SF,1,100,0.0599
1715671310.256621,2653004.000,41383,1,SF,1,100,0.0592
1715671310.586830,2653319.000,41436,1,SF,1,100,0.0585
1715671310.852045,2653572.000,41484,1,SF,1,100,0.0578
1715671311.186447,2653891.000,41538,1,SF,1,100,0.0572
1715671311.518753,2654208.000,41588,1,SF,1,100,0.0565
1715671311.847913,2654522.000,41640,1,SF,1,100,0.0558
1715671312.249405,2654905.000,41693,1,SF,1,100,0.0552
1715671312.515669,2655159.000,41732,1,SF,1,100,0.0546
1715671312.847974,2655476.000,41788,1,SF,1,100,0.0539
1715671313.181328,2655794.000,41837,1,SF,1,100,0.0533
1715671313.516778,2656114.000,41889,1,SF,1,100,0.0527
1715671313.978022,2656554.000,41941,1,SF,1,100,0.0521
1715671314.178244,2656745.000,41978,1,SF,1,100,0.0515
1715671314.512645,2657064.000,42030,1,SF,1,100,0.0509
1715671314.847047,2657383.000,42082,1,SF,1,100,0.0503
1715671315.176208,2657697.000,42132,1,SF,1,100,0.0497
1715671315.511658,2658017.000,42186,1,SF,1,100,0.0491
1715671315.845012,2658335.000,42234,1,SF,1,100,0.0486
1715671316.177317,2658652.000,42288,1,SF,1,100,0.0480
1715671316.574616,2659031.000,42355,1,SF,1,100,0.0474
1715671316.911114,2659352.000,42406,1,SF,1,100,0.0469
1715671317.241323,2659667.000,42457,1,SF,1,100,0.0464
1715671317.639670,2660047.000,42518,1,SF,1,100,0.0458
1715671317.908030,2660303.000,42552,1,SF,1,100,0.0453
1715671318.176390,2660559.000,42603,1,SF,1,100,0.0448
1715671318.505551,2660873.000,42656,1,SF,1,100,0.0442
1715671318.838905,2661191.000,42707,1,SF,1,100,0.0437
1715671319.172258,2661509.000,42756,1,SF,1,100,0.0432
1715671319.503515,2661825.000,42811,1,SF,1,100,0.0427
1715671319.834772,2662141.000,42860,1,SF,1,100,0.0422
1715671320.237313,2662525.000,42928,1,SF,1,100,0.0417
1715671320.568570,2662841.000,42983,1,SF,1,100,0.0413
1715671320.833785,2663094.000,43032,1,SF,1,100,0.0408
1715671321.168187,2663413.000,43082,1,SF,1,100,0.0403
1715671321.504685,2663734.000,43136,1,SF,1,100,0.0399
1715671321.833846,2664048.000,43187,1,SF,1,100,0.0394
1715671322.166151,2664365.000,43238,1,SF,1,100,0.0389
1715671322.567643,2664748.000,43310,1,SF,1,100,0.0385
1715671323.026791,2665186.000,43364,1,SF,1,100,0.0380
1715671323.162019,2665315.000,43384,1,SF,1,100,0.0376
1715671323.497469,2665635.000,43437,1,SF,1,100,0.0372
1715671323.896864,2666016.000,43505,1,SF,1,100,0.0367
1715671324.227073,2666331.000,43553,1,SF,1,100,0.0363
1715671324.562523,2666651.000,43609,1,SF,1,100,0.0359
1715671324.831932,2666908.000,43657,1,SF,1,100,0.0355
1715671325.160044,2667221.000,43708,1,SF,1,100,0.0351
1715671325.492349,2667538.000,43759,1,SF,1,100,0.0347
1715671325.825703,2667856.000,43810,1,SF,1,100,0.0343
1715671326.158008,2668173.000,43860,1,SF,1,100,0.0339
1715671326.490314,2668490.000,43915,1,SF,1,100,0.0335
1715671326.825764,2668810.000,43967,1,SF,1,100,0.0331
1715671327.226207,2669192.000,44035,1,SF,1,100,0.0327
1715671327.555368,2669506.000,44086,1,SF,1,100,0.0323
1715671327.890818,2669826.000,44141,1,SF,1,100,0.0319
1715671328.160227,2670083.000,44190,1,SF,1,100,0.0316
1715671328.488339,2670396.000,44232,1,SF,1,100,0.0312
1715671328.820644,2670713.000,44284,1,SF,1,100,0.0309
1715671329.153998,2671031.000,44337,1,SF,1,100,0.0305
1715671329.487351,2671349.000,44386,1,SF,1,100,0.0301
1715671329.817560,2671664.000,44440,1,SF,1,100,0.0298
1715671330.219052,2672047.000,44505,1,SF,1,100,0.0294
1715671330.552406,2672365.000,44558,1,SF,1,100,0.0291
1715671330.880518,2672678.000,44612,1,SF,1,100,0.0288
1715671331.148878,2672934.000,44662,1,SF,1,100,0.0284
1715671331.485377,2673255.000,44714,1,SF,1,100,0.0281
1715671331.814537,2673569.000,44764,1,SF,1,100,0.0278
1715671332.146842,2673886.000,44818,1,SF,1,100,0.0275
1715671332.480196,2674204.000,44866,1,SF,1,100,0.0271
1715671332.814598,2674523.000,44924,1,SF,1,100,0.0268
1715671333.209800,2674900.000,44989,1,SF,1,100,0.0265
1715671333.545250,2675220.000,45040,1,SF,1,100,0.0262
1715671333.878604,2675538.000,45081,1,SF,1,100,0.0259
1715671334.205668,2675850.000,45133,1,SF,1,100,0.0256
1715671334.474028,2676106.000,45183,1,SF,1,100,0.0253
1715671334.810527,2676427.000,45237,1,SF,1,100,0.0250
1715671335.140735,2676742.000,45285,1,SF,1,100,0.0247
1715671335.473041,2677059.000,45339,1,SF,1,100,0.0244
1715671335.806394,2677377.000,45390,1,SF,1,100,0.0242
1715671336.141845,2677697.000,45443,1,SF,1,100,0.0239
1715671336.469957,2678010.000,45491,1,SF,1,100,0.0236
1715671336.871449,2678393.000,45562,1,SF,1,100,0.0233
1715671337.204802,2678711.000,45615,1,SF,1,100,0.0231
1715671337.532914,2679024.000,45665,1,SF,1,100,0.0228
1715671337.868365,2679344.000,45718,1,SF,1,100,0.0225
1715671338.137773,2679601.000,45769,1,SF,1,100,0.0223
1715671338.469030,2679917.000,45822,1,SF,1,100,0.0220
1715671338.800287,2680233.000,45873,1,SF,1,100,0.0218
1715671339.201779,2680616.000,45929,1,SF,1,100,0.0215
1715671339.534084,2680933.000,45980,1,SF,1,100,0.0213
1715671339.863245,2681247.000,46036,1,SF,1,100,0.0210
1715671340.198695,2681567.000,46084,1,SF,1,100,0.0208
1715671340.532049,2681885.000,46138,1,SF,1,100,0.0205
1715671340.796216,2682137.000,46188,1,SF,1,100,0.0203
1715671341.128521,2682454.000,46242,1,SF,1,100,0.0201
1715671341.465019,2682775.000,46290,1,SF,1,100,0.0198
1715671341.797325,2683092.000,46341,1,SF,1,100,0.0196
1715671342.127534,2683407.000,46394,1,SF,1,100,0.0194
1715671342.529026,2683790.000,46464,1,SF,1,100,0.0191
1715671342.861331,2684107.000,46515,1,SF,1,100,0.0189
1715671343.125498,2684359.000,46568,1,SF,1,100,0.0187
1715671343.458852,2684677.000,46617,1,SF,1,100,0.0185
1715671343.793253,2684996.000,46667,1,SF,1,100,0.0183
1715671344.126607,2685314.000,46721,1,SF,1,100,0.0181
1715671344.457864,2685630.000,46758,1,SF,1,100,0.0179
1715671344.994585,2686142.000,46816,1,SF,1,100,0.0176
1715671345.126668,2686268.000,46833,1,SF,1,100,0.0174
1715671345.455828,2686582.000,46883,1,SF,1,100,0.0172
1715671345.857320,2686965.000,46938,1,SF,1,100,0.0170
1715671346.124632,2687220.000,46987,1,SF,1,100,0.0168
1715671346.454841,2687535.000,47039,1,SF,1,100,0.0167
1715671346.788195,2687853.000,47091,1,SF,1,100,0.0165
1715671347.122597,2688172.000,47141,1,SF,1,100,0.0163
1715671347.455950,2688490.000,47193,1,SF,1,100,0.0161
1715671347.785111,2688804.000,47246,1,SF,1,100,0.0159
1715671348.121609,2689125.000,47296,1,SF,1,100,0.0157
1715671348.453914,2689442.000,47347,1,SF,1,100,0.0155
1715671348.850165,2689820.000,47418,1,SF,1,100,0.0153
1715671349.185615,2690140.000,47451,1,SF,1,100,0.0152
1715671349.518969,2690458.000,47500,1,SF,1,100,0.0150
1715671349.785232,2690712.000,47544,1,SF,1,100,0.0148
1715671350.185676,2691094.000,47597,1,SF,1,100,0.0147
1715671350.451940,2691348.000,47647,1,SF,1,100,0.0145
1715671350.785293,2691666.000,47698,1,SF,1,100,0.0143
1715671351.181544,2692044.000,47751,1,SF,1,100,0.0141
1715671351.516994,2692364.000,47803,1,SF,1,100,0.0140
1715671351.783257,2692618.000,47855,1,SF,1,100,0.0138
1715671352.114515,2692934.000,47907,1,SF,1,100,0.0137
1715671352.447868,2693252.000,47956,1,SF,1,100,0.0135
1715671352.784367,2693573.000,48013,1,SF,1,100,0.0133
1715671353.182714,2693953.000,48063,1,SF,1,100,0.0132
1715671353.516068,2694271.000,48115,1,SF,1,100,0.0130
1715671353.850469,2694590.000,48167,1,SF,1,100,0.0129
1715671354.180678,2694905.000,48219,1,SF,1,100,0.0127
1715671354.444845,2695157.000,48269,1,SF,1,100,0.0126
1715671354.781344,2695478.000,48323,1,SF,1,100,0.0124
1715671355.313871,2695986.000,48380,1,SF,1,100,0.0123
1715671355.511996,2696175.000,48397,1,SF,1,100,0.0122
1715671355.845350,2696493.000,48450,1,SF,1,100,0.0120
1715671356.179752,2696812.000,48498,1,SF,1,100,0.0119
1715671356.511009,2697128.000,48555,1,SF,1,100,0.0117
1715671356.842266,2697444.000,48606,1,SF,1,100,0.0116
1715671357.242709,2697826.000,48659,1,SF,1,100,0.0115
1715671357.441883,2698016.000,48693,1,SF,1,100,0.0113
1715671357.839182,2698395.000,48750,1,SF,1,100,0.0112
1715671358.108590,2698652.000,48799,1,SF,1,100,0.0111
1715671358.441944,2698970.000,48848,1,SF,1,100,0.0110
1715671358.774249,2699287.000,48901,1,SF,1,100,0.0108
1715671359.104458,2699602.000,48951,1,SF,1,100,0.0107
1715671359.440956,2699923.000,48972,1,SF,1,100,0.0106
1715671359.908490,2700369.000,48995,1,SF,1,100,0.0105
1715671360.172657,2700621.000,49013,1,SF,1,100,0.0103
1715671360.506011,2700939.000,49050,1,SF,1,100,0.0102
1715671360.838316,2701256.000,49089,1,SF,1,100,0.0101
1715671361.102483,2701508.000,49128,1,SF,1,100,0.0100
1715671361.503975,2701891.000,49193,1,SF,1,100,0.0099
1715671361.839425,2702211.000,49247,1,SF,1,100,0.0097
1715671362.103592,2702463.000,49297,1,SF,1,100,0.0096
1715671362.432753,2702777.000,49351,1,SF,1,100,0.0095
1715671362.769251,2703098.000,49401,1,SF,1,100,0.0094
1715671363.101557,2703415.000,49455,1,SF,1,100,0.0093
1715671363.430717,2703729.000,49505,1,SF,1,100,0.0092
1715671363.833257,2704113.000,49573,1,SF,1,100,0.0091
1715671364.167659,2704432.000,49624,1,SF,1,100,0.0090
1715671364.431826,2704684.000,49674,1,SF,1,100,0.0089
1715671364.766228,2705003.000,49723,1,SF,1,100,0.0088
1715671365.099582,2705321.000,49778,1,SF,1,100,0.0087
1715671365.431887,2705638.000,49827,1,SF,1,100,0.0086
1715671365.761047,2705952.000,49878,1,SF,1,100,0.0085
1715671366.097546,2706273.000,49920,1,SF,1,100,0.0084
1715671366.430900,2706591.000,49973,1,SF,1,100,0.0083
1715671366.760060,2706905.000,50025,1,SF,1,100,0.0082
1715671367.093414,2707223.000,50075,1,SF,1,100,0.0081
1715671367.430960,2707545.000,50126,1,SF,1,100,0.0080
1715671367.827211,2707923.000,50196,1,SF,1,100,0.0079
1715671368.160564,2708241.000,50246,1,SF,1,100,0.0078
1715671368.496015,2708561.000,50297,1,SF,1,100,0.0077
1715671368.825175,2708875.000,50351,1,SF,1,100,0.0076
1715671369.157480,2709192.000,50404,1,SF,1,100,0.0075
1715671369.491883,2709511.000,50455,1,SF,1,100,0.0075
1715671369.827333,2709831.000,50506,1,SF,1,100,0.0074
1715671370.090451,2710082.000,50559,1,SF,1,100,0.0073
1715671370.422757,2710399.000,50610,1,SF,1,100,0.0072
1715671370.760303,2710721.000,50661,1,SF,1,100,0.0071
1715671371.089464,2711035.000,50710,1,SF,1,100,0.0070
1715671371.488859,2711416.000,50769,1,SF,1,100,0.0070
1715671371.756171,2711671.000,50803,1,SF,1,100,0.0069
1715671372.154518,2712051.000,50871,1,SF,1,100,0.0068
1715671372.486824,2712368.000,50922,1,SF,1,100,0.0067
1715671372.821226,2712687.000,50974,1,SF,1,100,0.0066
1715671373.155627,2713006.000,51029,1,SF,1,100,0.0066
1715671373.485836,2713321.000,51078,1,SF,1,100,0.0065
1715671373.819190,2713639.000,51130,1,SF,1,100,0.0064
1715671374.087550,2713895.000,51182,1,SF,1,100,0.0063
1715671374.416710,2714209.000,51231,1,SF,1,100,0.0063
1715671374.750064,2714527.000,51286,1,SF,1,100,0.0062
1715671375.083418,2714845.000,51334,1,SF,1,100,0.0061
1715671375.482813,2715226.000,51405,1,SF,1,100,0.0061
1715671375.746980,2715478.000,51441,1,SF,1,100,0.0060
1715671376.082430,2715798.000,51492,1,SF,1,100,0.0059
1715671376.482874,2716180.000,51559,1,SF,1,100,0.0058
1715671376.877028,2716556.000,51616,1,SF,1,100,0.0058
1715671377.145388,2716812.000,51653,1,SF,1,100,0.0057
1715671377.479790,2717131.000,51705,1,SF,1,100,0.0056
1715671377.809999,2717446.000,51740,1,SF,1,100,0.0056
1715671378.077311,2717701.000,51777,1,SF,1,100,0.0055
1715671378.410664,2718019.000,51825,1,SF,1,100,0.0054
1715671378.746114,2718339.000,51881,1,SF,1,100,0.0054
1715671379.141317,2718716.000,51949,1,SF,1,100,0.0053
1715671379.475718,2719035.000,51997,1,SF,1,100,0.0053
1715671379.744079,2719291.000,52036,1,SF,1,100,0.0052
1715671380.072191,2719604.000,52087,1,SF,1,100,0.0051
1715671380.403448,2719920.000,52138,1,SF,1,100,0.0051
1715671380.739946,2720241.000,52191,1,SF,1,100,0.0050
1715671381.072252,2720558.000,52242,1,SF,1,100,0.0050
1715671381.470599,2720938.000,52308,1,SF,1,100,0.0049
1715671381.872091,2721321.000,52363,1,SF,1,100,0.0049
1715671382.073361,2721513.000,52397,1,SF,1,100,0.0048
1715671382.400425,2721825.000,52439,1,SF,1,100,0.0047
1715671382.734827,2722144.000,52492,1,SF,1,100,0.0047
1715671383.069229,2722463.000,52545,1,SF,1,100,0.0046
1715671383.398389,2722777.000,52596,1,SF,1,100,0.0046
1715671383.729646,2723093.000,52647,1,SF,1,100,0.0045
1715671384.066145,2723414.000,52700,1,SF,1,100,0.0045
1715671384.399498,2723732.000,52751,1,SF,1,100,0.0044
1715671384.730755,2724048.000,52805,1,SF,1,100,0.0044
1715671385.064109,2724366.000,52855,1,SF,1,100,0.0043
1715671385.399559,2724686.000,52906,1,SF,1,100,0.0043
1715671385.792665,2725061.000,52974,1,SF,1,100,0.0042
1715671386.061025,2725317.000,53010,1,SF,1,100,0.0042
1715671386.396475,2725637.000,53058,1,SF,1,100,0.0041
1715671386.726684,2725952.000,53109,1,SF,1,100,0.0041
1715671387.125031,2726332.000,53179,1,SF,1,100,0.0040
1715671387.459433,2726651.000,53232,1,SF,1,100,0.0040
1715671387.792787,2726969.000,53269,1,SF,1,100,0.0039
1715671388.056954,2727221.000,53304,1,SF,1,100,0.0039
1715671388.390307,2727539.000,53356,1,SF,1,100,0.0038
1715671388.725757,2727859.000,53408,1,SF,1,100,0.0038
1715671389.053870,2728172.000,53457,1,SF,1,100,0.0038
1715671389.388272,2728491.000,53512,1,SF,1,100,0.0037
1715671389.788715,2728873.000,53577,1,SF,1,100,0.0037
1715671390.053931,2729126.000,53614,1,SF,1,100,0.0036
1715671390.384139,2729441.000,53667,1,SF,1,100,0.0036
1715671390.720638,2729762.000,53718,1,SF,1,100,0.0035
1715671391.053991,2730080.000,53767,1,SF,1,100,0.0035
1715671391.384200,2730395.000,53822,1,SF,1,100,0.0035
1715671391.717554,2730713.000,53871,1,SF,1,100,0.0034
1715671392.317171,2731285.000,53925,1,SF,1,100,0.0034
1715671392.785753,2731732.000,53950,1,SF,1,100,0.0033
1715671392.785753,2731732.000,53951,1,SF,1,100,0.0033
1715671393.120155,2732051.000,53974,1,SF,1,100,0.0033
1715671393.446171,2732362.000,54011,1,SF,1,100,0.0032
1715671393.778476,2732679.000,54066,1,SF,1,100,0.0032
1715671394.112878,2732998.000,54115,1,SF,1,100,0.0032
1715671394.446231,2733316.000,54165,1,SF,1,100,0.0031
1715671394.710398,2733568.000,54219,1,SF,1,100,0.0031
1715671395.111890,2733951.000,54271,1,SF,1,100,0.0030
1715671395.379202,2734206.000,54320,1,SF,1,100,0.0030
1715671395.707314,2734519.000,54374,1,SF,1,100,0.0030
1715671396.041716,2734838.000,54424,1,SF,1,100,0.0029
1715671396.376118,2735157.000,54475,1,SF,1,100,0.0029
1715671396.774465,2735537.000,54543,1,SF,1,100,0.0029
1715671397.037584,2735788.000,54579,1,SF,1,100,0.0028
1715671397.440124,2736172.000,54646,1,SF,1,100,0.0028
1715671397.773478,2736490.000,54702,1,SF,1,100,0.0028
1715671398.102638,2736804.000,54750,1,SF,1,100,0.0027
1715671398.504130,2737187.000,54809,1,SF,1,100,0.0027
1715671398.770394,2737441.000,54843,1,SF,1,100,0.0027
1715671399.035609,2737694.000,54898,1,SF,1,100,0.0026
1715671399.368963,2738012.000,54947,1,SF,1,100,0.0026
1715671399.703365,2738331.000,54999,1,SF,1,100,0.0026
1715671400.035670,2738648.000,55051,1,SF,1,100,0.0026
1715671400.362734,2738960.000,55102,1,SF,1,100,0.0025
1715671400.765274,2739344.000,55168,1,SF,1,100,0.0025
1715671401.098628,2739662.000,55223,1,SF,1,100,0.0025
1715671401.428837,2739977.000,55274,1,SF,1,100,0.0024
1715671401.764287,2740297.000,55325,1,SF,1,100,0.0024
1715671402.031599,2740552.000,55375,1,SF,1,100,0.0024
1715671402.362856,2740868.000,55429,1,SF,1,100,0.0024
1715671402.695161,2741185.000,55479,1,SF,1,100,0.0023
1715671403.030611,2741505.000,55528,1,SF,1,100,0.0023
1715671403.362916,2741822.000,55580,1,SF,1,100,0.0023
1715671403.892299,2742327.000,55654,1,SF,1,100,0.0023
1715671404.026479,2742455.000,55672,1,SF,1,100,0.0022
1715671404.425874,2742836.000,55727,1,SF,1,100,0.0022
1715671404.691090,2743089.000,55778,1,SF,1,100,0.0022
1715671405.023395,2743406.000,55829,1,SF,1,100,0.0021
1715671405.358845,2743726.000,55882,1,SF,1,100,0.0021
1715671405.690102,2744042.000,55931,1,SF,1,100,0.0021
1715671406.021359,2744358.000,55984,1,SF,1,100,0.0021
1715671406.421803,2744740.000,56051,1,SF,1,100,0.0021
1715671406.754108,2745057.000,56103,1,SF,1,100,0.0020
1715671407.084317,2745372.000,56153,1,SF,1,100,0.0020
1715671407.352677,2745628.000,56205,1,SF,1,100,0.0020
1715671407.684983,2745945.000,56258,1,SF,1,100,0.0020
1715671408.018336,2746263.000,56311,1,SF,1,100,0.0019
1715671408.349593,2746579.000,56359,1,SF,1,100,0.0019
1715671408.751085,2746962.000,56429,1,SF,1,100,0.0019
1715671409.082342,2747278.000,56480,1,SF,1,100,0.0019
1715671409.412551,2747593.000,56520,1,SF,1,100,0.0018
1715671409.680911,2747849.000,56556,1,SF,1,100,0.0018
1715671410.080307,2748230.000,56624,1,SF,1,100,0.0018
1715671410.410515,2748545.000,56675,1,SF,1,100,0.0018
1715671410.744917,2748864.000,56714,1,SF,1,100,0.0018
1715671411.080367,2749184.000,56765,1,SF,1,100,0.0017
1715671411.411624,2749500.000,56816,1,SF,1,100,0.0017
1715671411.675792,2749752.000,56872,1,SF,1,100,0.0017
1715671412.011242,2750072.000,56920,1,SF,1,100,0.0017
1715671412.342499,2750388.000,56969,1,SF,1,100,0.0017
1715671412.673756,2750704.000,57024,1,SF,1,100,0.0016
1715671413.008158,2751023.000,57075,1,SF,1,100,0.0016
1715671413.408601,2751405.000,57140,1,SF,1,100,0.0016
1715671413.738810,2751720.000,57195,1,SF,1,100,0.0016
1715671414.072164,2752038.000,57244,1,SF,1,100,0.0016
1715671414.339476,2752293.000,57297,1,SF,1,100,0.0016
1715671414.672829,2752611.000,57334,1,SF,1,100,0.0015
1715671415.001990,2752925.000,57390,1,SF,1,100,0.0015
1715671415.337440,2753245.000,57438,1,SF,1,100,0.0015
1715671415.668697,2753561.000,57491,1,SF,1,100,0.0015
1715671416.001002,2753878.000,57542,1,SF,1,100,0.0015
1715671416.336452,2754198.000,57594,1,SF,1,100,0.0014
1715671416.669806,2754516.000,57644,1,SF,1,100,0.0014
1715671417.068153,2754896.000,57714,1,SF,1,100,0.0014
1715671417.400459,2755213.000,57765,1,SF,1,100,0.0014
1715671417.735909,2755533.000,57818,1,SF,1,100,0.0014
1715671418.001124,2755786.000,57869,1,SF,1,100,0.0014
1715671418.330284,2756100.000,57922,1,SF,1,100,0.0013
1715671418.665735,2756420.000,57971,1,SF,1,100,0.0013
1715671418.998040,2756737.000,58025,1,SF,1,100,0.0013
1715671419.330345,2757054.000,58075,1,SF,1,100,0.0013
1715671419.664747,2757373.000,58127,1,SF,1,100,0.0013
1715671420.066239,2757756.000,58184,1,SF,1,100,0.0013
1715671420.328310,2758006.000,58221,1,SF,1,100,0.0013
1715671420.728753,2758388.000,58290,1,SF,1,100,0.0012
1715671421.064204,2758708.000,58341,1,SF,1,100,0.0012
1715671421.395461,2759024.000,58390,1,SF,1,100,0.0012
1715671421.658579,2759275.000,58443,1,SF,1,100,0.0012
1715671421.994030,2759595.000,58492,1,SF,1,100,0.0012
1715671422.326335,2759912.000,58542,1,SF,1,100,0.0012
1715671422.658640,2760229.000,58598,1,SF,1,100,0.0012
1715671422.993042,2760548.000,58649,1,SF,1,100,0.0011
1715671423.394534,2760931.000,58720,1,SF,1,100,0.0011
1715671423.656605,2761181.000,58753,1,SF,1,100,0.0011
1715671424.056000,2761562.000,58823,1,SF,1,100,0.0011
1715671424.391450,2761882.000,58874,1,SF,1,100,0.0011
1715671424.657714,2762136.000,58925,1,SF,1,100,0.0011
1715671424.986874,2762450.000,58976,1,SF,1,100,0.0011
1715671425.388366,2762833.000,59033,1,SF,1,100,0.0011
1715671425.655678,2763088.000,59066,1,SF,1,100,0.0010
1715671425.987983,2763405.000,59119,1,SF,1,100,0.0010
1715671426.322385,2763724.000,59170,1,SF,1,100,0.0010
1715671426.723877,2764107.000,59238,1,SF,1,100,0.0010
1715671427.053038,2764421.000,59288,1,SF,1,100,0.0010
1715671427.385343,2764738.000,59344,1,SF,1,100,0.0010
1715671427.652655,2764993.000,59394,1,SF,1,100,0.0010
1715671427.987057,2765312.000,59446,1,SF,1,100,0.0010
1715671428.316217,2765626.000,59497,1,SF,1,100,0.0010
1715671428.651667,2765946.000,59550,1,SF,1,100,0.0009
1715671428.985021,2766264.000,59598,1,SF,1,100,0.0009
1715671429.383368,2766644.000,59668,1,SF,1,100,0.0009
1715671429.716722,2766962.000,59722,1,SF,1,100,0.0009
1715671430.052172,2767282.000,59770,1,SF,1,100,0.0009
1715671430.314242,2767532.000,59821,1,SF,1,100,0.0009
1715671430.779680,2767976.000,59880,1,SF,1,100,0.0009
1715671431.049088,2768233.000,59917,1,SF,1,100,0.0009
1715671431.381393,2768550.000,59965,1,SF,1,100,0.0009
1715671431.644512,2768801.000,60018,1,SF,1,100,0.0008
1715671431.979962,2769121.000,60069,1,SF,1,100,0.0008
1715671432.313316,2769439.000,60118,1,SF,1,100,0.0008
1715671432.645621,2769756.000,60175,1,SF,1,100,0.0008
1715671433.046065,2770138.000,60243,1,SF,1,100,0.0008
1715671433.381515,2770458.000,60292,1,SF,1,100,0.0008
1715671433.710675,2770772.000,60347,1,SF,1,100,0.0008
1715671434.042981,2771089.000,60396,1,SF,1,100,0.0008
1715671434.310293,2771344.000,60449,1,SF,1,100,0.0008
1715671434.644695,2771663.000,60498,1,SF,1,100,0.0008
1715671434.973855,2771977.000,60552,1,SF,1,100,0.0008
1715671435.309305,2772297.000,60602,1,SF,1,100,0.0007
1715671435.642659,2772615.000,60653,1,SF,1,100,0.0007
1715671435.974964,2772932.000,60706,1,SF,1,100,0.0007
1715671436.308318,2773250.000,60746,1,SF,1,100,0.0007
1715671436.641671,2773568.000,60797,1,SF,1,100,0.0007
1715671436.971880,2773883.000,60850,1,SF,1,100,0.0007
1715671437.371275,2774264.000,60921,1,SF,1,100,0.0007
1715671437.706726,2774584.000,60971,1,SF,1,100,0.0007
1715671438.037983,2774900.000,61021,1,SF,1,100,0.0007
1715671438.302150,2775152.000,61075,1,SF,1,100,0.0007
1715671438.637600,2775472.000,61123,1,SF,1,100,0.0007
1715671438.970954,2775790.000,61172,1,SF,1,100,0.0007
1715671439.303259,2776107.000,61224,1,SF,1,100,0.0006
1715671439.636613,2776425.000,61276,1,SF,1,100,0.0006
1715671440.038105,2776808.000,61344,1,SF,1,100,0.0006
1715671440.367265,2777122.000,61396,1,SF,1,100,0.0006
1715671440.699570,2777439.000,61448,1,SF,1,100,0.0006
1715671440.966882,2777694.000,61498,1,SF,1,100,0.0006
1715671441.301284,2778013.000,61552,1,SF,1,100,0.0006
1715671441.630445,2778327.000,61591,1,SF,1,100,0.0006
1715671441.965895,2778647.000,61644,1,SF,1,100,0.0006
1715671442.299248,2778965.000,61695,1,SF,1,100,0.0006
1715671442.631554,2779282.000,61733,1,SF,1,100,0.0006
1715671442.963859,2779599.000,61782,1,SF,1,100,0.0006
1715671443.365351,2779982.000,61853,1,SF,1,100,0.0006
1715671443.693463,2780295.000,61902,1,SF,1,100,0.0006
1715671444.025769,2780612.000,61954,1,SF,1,100,0.0006
1715671444.293080,2780867.000,62006,1,SF,1,100,0.0005
1715671444.628531,2781187.000,62058,1,SF,1,100,0.0005
1715671444.957691,2781501.000,62107,1,SF,1,100,0.0005
1715671445.292093,2781820.000,62162,1,SF,1,100,0.0005
1715671445.625447,2782138.000,62210,1,SF,1,100,0.0005
1715671446.022745,2782517.000,62278,1,SF,1,100,0.0005
1715671446.355051,2782834.000,62331,1,SF,1,100,0.0005
1715671446.622363,2783089.000,62379,1,SF,1,100,0.0005
1715671446.953620,2783405.000,62417,1,SF,1,100,0.0005
1715671447.285925,2783722.000,62471,1,SF,1,100,0.0005
1715671447.619279,2784040.000,62526,1,SF,1,100,0.0005
1715671447.955777,2784361.000,62575,1,SF,1,100,0.0005
1715671448.284938,2784675.000,62626,1,SF,1,100,0.0005
1715671448.684333,2785056.000,62694,1,SF,1,100,0.0005
1715671449.019783,2785376.000,62747,1,SF,1,100,0.0005
1715671449.347895,2785689.000,62798,1,SF,1,100,0.0005
1715671449.680201,2786006.000,62848,1,SF,1,100,0.0005
1715671449.947513,2786261.000,62900,1,SF,1,100,0.0004
1715671450.279818,2786578.000,62953,1,SF,1,100,0.0004
1715671450.612123,2786895.000,63004,1,SF,1,100,0.0004
1715671450.944429,2787212.000,63052,1,SF,1,100,0.0004
1715671451.280927,2787533.000,63106,1,SF,1,100,0.0004
1715671451.611136,2787848.000,63156,1,SF,1,100,0.0004
1715671452.009483,2788228.000,63225,1,SF,1,100,0.0004
1715671452.409927,2788610.000,63269,1,SF,1,100,0.0004
1715671452.608052,2788799.000,63305,1,SF,1,100,0.0004
1715671452.939309,2789115.000,63356,1,SF,1,100,0.0004
1715671453.272663,2789433.000,63407,1,SF,1,100,0.0004
1715671453.672058,2789814.000,63477,1,SF,1,100,0.0004
1715671454.003315,2790130.000,63525,1,SF,1,100,0.0004
1715671454.270627,2790385.000,63579,1,SF,1,100,0.0004
1715671454.607125,2790706.000,63629,1,SF,1,100,0.0004
1715671454.936286,2791020.000,63681,1,SF,1,100,0.0004
1715671455.268591,2791337.000,63731,1,SF,1,100,0.0004
1715671455.601945,2791655.000,63785,1,SF,1,100,0.0004
1715671455.934250,2791972.000,63835,1,SF,1,100,0.0004
1715671456.331549,2792351.000,63903,1,SF,1,100,0.0004
1715671456.666999,2792671.000,63952,1,SF,1,100,0.0004
1715671456.999305,2792988.000,64007,1,SF,1,100,0.0003
1715671457.265568,2793242.000,64056,1,SF,1,100,0.0003
1715671457.664963,2793623.000,64100,1,SF,1,100,0.0003
1715671457.933324,2793879.000,64136,1,SF,1,100,0.0003
1715671458.262484,2794193.000,64187,1,SF,1,100,0.0003
1715671458.594790,2794510.000,64238,1,SF,1,100,0.0003
1715671458.996281,2794893.000,64308,1,SF,1,100,0.0003
1715671459.325442,2795207.000,64356,1,SF,1,100,0.0003
1715671459.657747,2795524.000,64410,1,SF,1,100,0.0003
1715671459.925059,2795779.000,64458,1,SF,1,100,0.0003
1715671460.259461,2796098.000,64513,1,SF,1,100,0.0003
1715671460.590718,2796414.000,64565,1,SF,1,100,0.0003
1715671460.921975,2796730.000,64616,1,SF,1,100,0.0003
1715671461.258473,2797051.000,64666,1,SF,1,100,0.0003
1715671461.586586,2797364.000,64718,1,SF,1,100,0.0003
1715671461.919939,2797682.000,64771,1,SF,1,100,0.0003
1715671462.321431,2798065.000,64840,1,SF,1,100,0.0003
1715671462.651640,2798380.000,64892,1,SF,1,100,0.0003
1715671462.984994,2798698.000,64931,1,SF,1,100,0.0003
1715671463.320444,2799018.000,64984,1,SF,1,100,0.0003
1715671463.586707,2799272.000,65035,1,SF,1,100,0.0003
1715671463.981910,2799649.000,65086,1,SF,1,100,0.0003
1715671464.249222,2799904.000,65139,1,SF,1,100,0.0003
1715671464.585720,2800225.000,65190,1,SF,1,100,0.0003
1715671464.913832,2800538.000,65240,1,SF,1,100,0.0003
1715671465.247186,2800856.000,65290,1,SF,1,100,0.0003
1715671465.580539,2801174.000,65343,1,SF,1,100,0.0003
1715671465.978887,2801554.000,65412,1,SF,1,100,0.0003
1715671466.310144,2801870.000,65463,1,SF,1,100,0.0003
1715671466.645594,2802190.000,65515,1,SF,1,100,0.0002
1715671466.977899,2802507.000,29,1,SF,1,100,0.0002
1715671467.306011,2802820.000,80,1,SF,1,100,0.0002
1715671467.573323,2803075.000,132,1,SF,1,100,0.0002
1715671467.909822,2803396.000,186,1,SF,1,100,0.0002
1715671468.237934,2803709.000,237,1,SF,1,100,0.0002
1715671468.571288,2804027.000,291,1,SF,1,100,0.0002
1715671468.904641,2804345.000,339,1,SF,1,100,0.0002
1715671469.302988,2804725.000,411,1,SF,1,100,0.0002
1715671469.634245,2805041.000,465,1,SF,1,100,0.0002
1715671469.901557,2805296.000,513,1,SF,1,100,0.0002
1715671470.235959,2805615.000,564,1,SF,1,100,0.0002
1715671470.566168,2805930.000,617,1,SF,1,100,0.0002
1715671470.897425,2806246.000,669,1,SF,1,100,0.0002
1715671471.233923,2806567.000,719,1,SF,1,100,0.0002
1715671471.563084,2806881.000,771,1,SF,1,100,0.0002
1715671471.896437,2807199.000,823,1,SF,1,100,0.0002
1715671472.297930,2807582.000,893,1,SF,1,100,0.0002
1715671472.629186,2807898.000,942,1,SF,1,100,0.0002
1715671472.959395,2808213.000,997,1,SF,1,100,0.0002
1715671473.226707,2808468.000,1046,1,SF,1,100,0.0002
1715671473.627151,2808850.000,1103,1,SF,1,100,0.0002
1715671473.955263,2809163.000,1153,1,SF,1,100,0.0002
1715671474.222575,2809418.000,1206,1,SF,1,100,0.0002
1715671474.559073,2809739.000,1238,1,SF,1,100,0.0002
1715671474.889282,2810054.000,1290,1,SF,1,100,0.0002
1715671475.222636,2810372.000,1340,1,SF,1,100,0.0002
1715671475.624128,2810755.000,1408,1,SF,1,100,0.0002
1715671475.956433,2811072.000,1457,1,SF,1,100,0.0002
1715671476.286642,2811387.000,1510,1,SF,1,100,0.0002
1715671476.553954,2811642.000,1559,1,SF,1,100,0.0002
1715671476.888355,2811961.000,1612,1,SF,1,100,0.0002
1715671477.218564,2812276.000,1664,1,SF,1,100,0.0002
1715671477.549821,2812592.000,1716,1,SF,1,100,0.0002
1715671477.886320,2812913.000,1767,1,SF,1,100,0.0002
1715671478.282570,2813291.000,1837,1,SF,1,100,0.0002
1715671478.615924,2813609.000,1888,1,SF,1,100,0.0002
1715671478.951374,2813929.000,1946,1,SF,1,100,0.0002
1715671479.283679,2814246.000,1994,1,SF,1,100,0.0002
1715671479.612840,2814560.000,2048,1,SF,1,100,0.0002
1715671479.880152,2814815.000,2101,1,SF,1,100,0.0002
1715671480.214554,2815134.000,2151,1,SF,1,100,0.0002
1715671480.544763,2815449.000,2200,1,SF,1,100,0.0002
1715671480.876020,2815765.000,2254,1,SF,1,100,0.0002
1715671481.212518,2816086.000,2307,1,SF,1,100,0.0001
1715671481.608769,2816464.000,2374,1,SF,1,100,0.0001
1715671481.875032,2816718.000,2411,1,SF,1,100,0.0001
1715671482.276524,2817101.000,2478,1,SF,1,100,0.0001
1715671482.543836,2817356.000,2517,1,SF,1,100,0.0001
1715671482.937990,2817732.000,2582,1,SF,1,100,0.0001
1715671483.273440,2818052.000,2634,1,SF,1,100,0.0001
1715671483.605746,2818369.000,2686,1,SF,1,100,0.0001
1715671483.869912,2818621.000,2738,1,SF,1,100,0.0001
1715671484.201169,2818937.000,2790,1,SF,1,100,0.0001
1715671484.602662,2819320.000,2847,1,SF,1,100,0.0001
1715671484.934967,2819637.000,2900,1,SF,1,100,0.0001
1715671485.200182,2819890.000,2951,1,SF,1,100,0.0001
1715671485.534584,2820209.000,3000,1,SF,1,100,0.0001
1715671485.870034,2820529.000,3053,1,SF,1,100,0.0001
1715671486.198146,2820842.000,3103,1,SF,1,100,0.0001
1715671486.599638,2821225.000,3172,1,SF,1,100,0.0001
1715671486.931944,2821542.000,3224,1,SF,1,100,0.0001
1715671487.260056,2821855.000,3277,1,SF,1,100,0.0001
1715671487.527368,2822110.000,3331,1,SF,1,100,0.0001
1715671487.863866,2822431.000,3379,1,SF,1,100,0.0001
1715671488.195123,2822747.000,3430,1,SF,1,100,0.0001
1715671488.525332,2823062.000,3483,1,SF,1,100,0.0001
1715671488.859734,2823381.000,3537,1,SF,1,100,0.0001
1715671489.195184,2823701.000,3587,1,SF,1,100,0.0001
1715671489.523296,2824014.000,3636,1,SF,1,100,0.0001
1715671489.856650,2824332.000,3696,1,SF,1,100,0.0001
1715671490.191052,2824651.000,3750,1,SF,1,100,0.0001
1715671490.522309,2824967.000,3798,1,SF,1,100,0.0001
1715671490.852518,2825282.000,3850,1,SF,1,100,0.0001
1715671491.189016,2825603.000,3902,1,SF,1,100,0.0001
1715671491.521322,2825920.000,3954,1,SF,1,100,0.0001
1715671491.917572,2826298.000,4022,1,SF,1,100,0.0001
1715671492.253022,2826618.000,4073,1,SF,1,100,0.0001
1715671492.585328,2826935.000,4122,1,SF,1,100,0.0001
1715671492.914488,2827249.000,4180,1,SF,1,100,0.0001
1715671493.181800,2827504.000,4229,1,SF,1,100,0.0001
1715671493.516202,2827823.000,4282,1,SF,1,100,0.0001
1715671493.848507,2828140.000,4333,1,SF,1,100,0.0001
1715671494.177668,2828454.000,4385,1,SF,1,100,0.0001
1715671494.514166,2828775.000,4435,1,SF,1,100,0.0001
1715671494.846472,2829092.000,4488,1,SF,1,100,0.0001
1715671495.174584,2829405.000,4544,1,SF,1,100,0.0001
1715671495.508986,2829724.000,4596,1,SF,1,100,0.0001
1715671495.844436,2830044.000,4648,1,SF,1,100,0.0001
1715671496.173596,2830358.000,4699,1,SF,1,100,0.0001
1715671496.575088,2830741.000,4764,1,SF,1,100,0.0001
1715671496.908442,2831059.000,4820,1,SF,1,100,0.0001
1715671497.238651,2831374.000,4873,1,SF,1,100,0.0001
1715671497.502818,2831626.000,4926,1,SF,1,100,0.0001
1715671497.839316,2831947.000,4977,1,SF,1,100,0.0001
1715671498.171622,2832264.000,5028,1,SF,1,100,0.0001
1715671498.499734,2832577.000,5081,1,SF,1,100,0.0001
1715671498.834136,2832896.000,5130,1,SF,1,100,0.0001
1715671499.169586,2833216.000,5185,1,SF,1,100,0.0001
1715671499.565836,2833594.000,5250,1,SF,1,100,0.0001
1715671499.901286,2833914.000,5303,1,SF,1,100,0.0001
1715671500.235688,2834233.000,5352,1,SF,1,100,0.0001
1715671500.565897,2834548.000,5406,1,SF,1,100,0.0001
1715671500.830064,2834800.000,5456,1,SF,1,100,0.0001
1715671501.166563,2835121.000,5507,1,SF,1,100,0.0001
1715671501.498868,2835438.000,5558,1,SF,1,100,0.0001
1715671501.826980,2835751.000,5612,1,SF,1,100,0.0001
1715671502.162430,2836071.000,5660,1,SF,1,100,0.0001
1715671502.497880,2836391.000,5718,1,SF,1,100,0.0001
1715671502.894131,2836769.000,5783,1,SF,1,100,0.0001
1715671503.228533,2837088.000,5836,1,SF,1,100,0.0001
1715671503.562935,2837407.000,5887,1,SF,1,100,0.0001
1715671503.829198,2837661.000,5938,1,SF,1,100,0.0001
1715671504.156262,2837973.000,5991,1,SF,1,100,0.0001
1715671504.492761,2838294.000,6042,1,SF,1,100,0.0001
1715671504.825066,2838611.000,6091,1,SF,1,100,0.0001
1715671505.153178,2838924.000,6146,1,SF,1,100,0.0001
1715671505.556767,2839309.000,6214,1,SF,1,100,0.0001
1715671505.890121,2839627.000,6270,1,SF,1,100,0.0001
1715671506.222426,2839944.000,6320,1,SF,1,100,0.0001
1715671506.487641,2840197.000,6355,1,SF,1,100,0.0001
1715671506.822043,2840516.000,6409,1,SF,1,100,0.0001
1715671507.156445,2840835.000,6458,1,SF,1,100,0.0001
1715671507.483509,2841147.000,6515,1,SF,1,100,0.0001
1715671507.820007,2841468.000,6564,1,SF,1,100,0.0001
1715671508.152313,2841785.000,6613,1,SF,1,100,0.0001
1715671508.481473,2842099.000,6668,1,SF,1,100,0.0001
1715671508.815875,2842418.000,6720,1,SF,1,100,0.0001
1715671509.152374,2842739.000,6772,1,SF,1,100,0.0001
1715671509.483631,2843055.000,6824,1,SF,1,100,0.0001
1715671509.883026,2843436.000,6891,1,SF,1,100,0.0001
1715671510.217428,2843755.000,6944,1,SF,1,100,0.0001
1715671510.483691,2844009.000,6993,1,SF,1,100,0.0001
1715671510.810755,2844321.000,7048,1,SF,1,100,0.0001
1715671511.147254,2844642.000,7102,1,SF,1,100,0.0001
1715671511.479559,2844959.000,7157,1,SF,1,100,0.0001
1715671511.808720,2845273.000,7206,1,SF,1,100,0.0001
1715671512.143122,2845592.000,7257,1,SF,1,100,0.0001
1715671512.479620,2845913.000,7312,1,SF,1,100,0.0001
1715671512.877967,2846293.000,7380,1,SF,1,100,0.0000
1715671513.210273,2846610.000,7432,1,SF,1,100,0.0000
1715671513.544674,2846929.000,7482,1,SF,1,100,0.0000
1715671513.875932,2847245.000,7530,1,SF,1,100,0.0000
1715671514.139050,2847496.000,7581,1,SF,1,100,0.0000
1715671514.475549,2847817.000,7631,1,SF,1,100,0.0000
1715671514.807854,2848134.000,7680,1,SF,1,100,0.0000
1715671515.138063,2848449.000,7736,1,SF,1,100,0.0000
1715671515.472465,2848768.000,7790,1,SF,1,100,0.0000
1715671515.807915,2849088.000,7843,1,SF,1,100,0.0000
1715671516.139172,2849404.000,7894,1,SF,1,100,0.0000
1715671516.537519,2849784.000,7968,1,SF,1,100,0.0000
1715671516.871921,2850103.000,8019,1,SF,1,100,0.0000
1715671517.203178,2850419.000,8073,1,SF,1,100,0.0000
1715671517.534435,2850735.000,8123,1,SF,1,100,0.0000
1715671517.802795,2850991.000,8175,1,SF,1,100,0.0000
1715671518.135101,2851308.000,8227,1,SF,1,100,0.0000
1715671518.465309,2851623.000,8279,1,SF,1,100,0.0000
1715671518.799711,2851942.000,8329,1,SF,1,100,0.0000
1715671519.135161,2852262.000,8383,1,SF,1,100,0.0000
1715671519.532460,2852641.000,8450,1,SF,1,100,0.0000
1715671519.864766,2852958.000,8503,1,SF,1,100,0.0000
1715671520.199167,2853277.000,8554,1,SF,1,100,0.0000
1715671520.465431,2853531.000,8605,1,SF,1,100,0.0000
1715671520.793543,2853844.000,8655,1,SF,1,100,0.0000
1715671521.130042,2854165.000,8707,1,SF,1,100,0.0000
1715671521.462347,2854482.000,8756,1,SF,1,100,0.0000
1715671521.792556,2854797.000,8809,1,SF,1,100,0.0000
1715671522.125910,2855115.000,8867,1,SF,1,100,0.0000
1715671522.461360,2855435.000,8920,1,SF,1,100,0.0000
1715671522.792617,2855751.000,8969,1,SF,1,100,0.0000
1715671523.190964,2856131.000,9038,1,SF,1,100,0.0000
1715671523.525366,2856450.000,9090,1,SF,1,100,0.0000
1715671523.856623,2856766.000,9141,1,SF,1,100,0.0000
1715671524.187880,2857082.000,9194,1,SF,1,100,0.0000
1715671524.456240,2857338.000,9243,1,SF,1,100,0.0000
1715671524.788545,2857655.000,9298,1,SF,1,100,0.0000
1715671525.118754,2857970.000,9347,1,SF,1,100,0.0000
1715671525.452108,2858288.000,9398,1,SF,1,100,0.0000
1715671525.853600,2858671.000,9464,1,SF,1,100,0.0000
1715671526.184857,2858987.000,9517,1,SF,1,100,0.0000
1715671526.516114,2859303.000,9565,1,SF,1,100,0.0000
1715671526.850516,2859622.000,9619,1,SF,1,100,0.0000
1715671527.182821,2859939.000,9669,1,SF,1,100,0.0000
1715671527.514078,2860255.000,9728,1,SF,1,100,0.0000
1715671527.782438,2860511.000,9778,1,SF,1,100,0.0000
1715671528.115792,2860829.000,9832,1,SF,1,100,0.0000
1715671528.446001,2861144.000,9880,1,SF,1,100,0.0000
1715671528.778306,2861461.000,9932,1,SF,1,100,0.0000
1715671529.113756,2861781.000,9982,1,SF,1,100,0.0000
1715671529.445013,2862097.000,10034,1,SF,1,100,0.0000
1715671529.774174,2862411.000,10084,1,SF,1,100,0.0000
1715671530.176714,2862795.000,10152,1,SF,1,100,0.0000
1715671530.510067,2863113.000,10201,1,SF,1,100,0.0000
1715671530.841325,2863429.000,10254,1,SF,1,100,0.0000
1715671531.174678,2863747.000,10306,1,SF,1,100,0.0000
1715671531.444087,2864004.000,10356,1,SF,1,100,0.0000
1715671531.774295,2864319.000,10405,1,SF,1,100,0.0000
1715671532.106601,2864636.000,10456,1,SF,1,100,0.0000
1715671532.442051,2864956.000,10509,1,SF,1,100,0.0000
1715671532.773308,2865272.000,10565,1,SF,1,100,0.0000
1715671533.102468,2865586.000,10616,1,SF,1,100,0.0000
1715671533.505009,2865970.000,10684,1,SF,1,100,0.0000
1715671533.838362,2866288.000,10735,1,SF,1,100,0.0000
1715671534.169619,2866604.000,10786,1,SF,1,100,0.0000
1715671534.436931,2866859.000,10837,1,SF,1,100,0.0000
1715671534.771333,2867178.000,10889,1,SF,1,100,0.0000
1715671535.101542,2867493.000,10938,1,SF,1,100,0.0000
1715671535.432799,2867809.000,10987,1,SF,1,100,0.0000
1715671535.768249,2868129.000,11042,1,SF,1,100,0.0000
1715671536.167645,2868510.000,11107,1,SF,1,100,0.0000
1715671536.498902,2868826.000,11159,1,SF,1,100,0.0000
1715671536.833303,2869145.000,11211,1,SF,1,100,0.0000
1715671537.101664,2869401.000,11263,1,SF,1,100,0.0000
1715671537.430824,2869715.000,11316,1,SF,1,100,0.0000
1715671537.765226,2870034.000,11369,1,SF,1,100,0.0000
1715671538.099628,2870353.000,11423,1,SF,1,100,0.0000
1715671538.429837,2870668.000,11461,1,SF,1,100,0.0000
1715671538.761094,2870984.000,11510,1,SF,1,100,0.0000
1715671539.096544,2871304.000,11563,1,SF,1,100,0.0000
1715671539.495939,2871685.000,11630,1,SF,1,100,0.0000
1715671539.827196,2872001.000,11682,1,SF,1,100,0.0000
1715671540.161598,2872320.000,11735,1,SF,1,100,0.0000
1715671540.429958,2872576.000,11786,1,SF,1,100,0.0000
1715671540.759119,2872890.000,11835,1,SF,1,100,0.0000
1715671541.092473,2873208.000,11888,1,SF,1,100,0.0000
1715671541.426874,2873527.000,11938,1,SF,1,100,0.0000
1715671541.758132,2873843.000,11992,1,SF,1,100,0.0000
1715671542.089389,2874159.000,12040,1,SF,1,100,0.0000
1715671542.490880,2874542.000,12112,1,SF,1,100,0.0000
1715671542.825282,2874861.000,12166,1,SF,1,100,0.0000
1715671543.156539,2875177.000,12214,1,SF,1,100,0.0000
1715671543.489893,2875495.000,12275,1,SF,1,100,0.0000
1715671543.824295,2875814.000,12323,1,SF,1,100,0.0000
1715671544.154504,2876129.000,12379,1,SF,1,100,0.0000
1715671544.420767,2876383.000,12427,1,SF,1,100,0.0000
1715671544.755169,2876702.000,12481,1,SF,1,100,0.0000
1715671545.086426,2877018.000,12531,1,SF,1,100,0.0000
1715671545.417683,2877334.000,12583,1,SF,1,100,0.0000
1715671545.753134,2877654.000,12633,1,SF,1,100,0.0000
1715671546.087535,2877973.000,12687,1,SF,1,100,0.0000
1715671546.484834,2878352.000,12753,1,SF,1,100,0.0000
1715671546.818188,2878670.000,12805,1,SF,1,100,0.0000
1715671547.152590,2878989.000,12858,1,SF,1,100,0.0000
1715671547.415709,2879240.000,12911,1,SF,1,100,0.0000
1715671547.749062,2879558.000,12960,1,SF,1,100,0.0000
1715671548.083464,2879877.000,13013,1,SF,1,100,0.0000
1715671548.414721,2880193.000,13064,1,SF,1,100,0.0000
1715671548.745978,2880509.000,13120,1,SF,1,100,0.0000
1715671549.081428,2880829.000,13173,1,SF,1,100,0.0000
1715671549.415830,2881148.000,13221,1,SF,1,100,0.0000
1715671549.744991,2881462.000,13272,1,SF,1,100,0.0000
1715671550.078344,2881780.000,13325,1,SF,1,100,0.0000
1715671550.480885,2882164.000,13394,1,SF,1,100,0.0000
1715671550.811093,2882479.000,13446,1,SF,1,100,0.0000
1715671551.142350,2882795.000,13497,1,SF,1,100,0.0000
1715671551.479897,2883117.000,13548,1,SF,1,100,0.0000
1715671551.743016,2883368.000,13601,1,SF,1,100,0.0000
1715671552.074273,2883684.000,13651,1,SF,1,100,0.0000
1715671552.409723,2884004.000,13702,1,SF,1,100,0.0000
1715671552.744125,2884323.000,13756,1,SF,1,100,0.0000
1715671553.073286,2884637.000,13809,1,SF,1,100,0.0000
1715671553.405591,2884954.000,13860,1,SF,1,100,0.0000
1715671553.742089,2885275.000,13910,1,SF,1,100,0.0000
1715671554.070202,2885588.000,13967,1,SF,1,100,0.0000
1715671554.403555,2885906.000,14022,1,SF,1,100,0.0000
1715671554.737957,2886225.000,14071,1,SF,1,100,0.0000
1715671555.136304,2886605.000,14139,1,SF,1,100,0.0000
1715671555.468610,2886922.000,14191,1,SF,1,100,0.0000
1715671555.736970,2887178.000,14243,1,SF,1,100,0.0000
1715671556.071372,2887497.000,14293,1,SF,1,100,0.0000
1715671556.400532,2887811.000,14345,1,SF,1,100,0.0000
1715671556.732837,2888128.000,14393,1,SF,1,100,0.0000
1715671557.069336,2888449.000,14447,1,SF,1,100,0.0000
1715671557.397448,2888762.000,14497,1,SF,1,100,0.0000
1715671557.795795,2889142.000,14567,1,SF,1,100,0.0000
1715671558.133342,2889464.000,14618,1,SF,1,100,0.0000
1715671558.397509,2889716.000,14669,1,SF,1,100,0.0000
1715671558.728766,2890032.000,14720,1,SF,1,100,0.0000
1715671559.064216,2890352.000,14771,1,SF,1,100,0.0000
1715671559.399666,2890672.000,14820,1,SF,1,100,0.0000
1715671559.728827,2890986.000,14878,1,SF,1,100,0.0000
1715671560.061132,2891303.000,14927,1,SF,1,100,0.0000
1715671560.397631,2891624.000,14982,1,SF,1,100,0.0000
1715671560.725743,2891937.000,15034,1,SF,1,100,0.0000
1715671561.059097,2892255.000,15084,1,SF,1,100,0.0000
1715671561.461637,2892639.000,15154,1,SF,1,100,0.0000
1715671561.791846,2892954.000,15203,1,SF,1,100,0.0000
1715671562.124151,2893271.000,15260,1,SF,1,100,0.0000
1715671562.392511,2893527.000,15309,1,SF,1,100,0.0000
1715671562.726913,2893846.000,15361,1,SF,1,100,0.0000
1715671563.057122,2894161.000,15413,1,SF,1,100,0.0000
1715671563.388379,2894477.000,15464,1,SF,1,100,0.0000
1715671563.724877,2894798.000,15515,1,SF,1,100,0.0000
1715671564.054038,2895112.000,15568,1,SF,1,100,0.0000
1715671564.452385,2895492.000,15634,1,SF,1,100,0.0000
1715671564.789932,2895814.000,15687,1,SF,1,100,0.0000
1715671565.121189,2896130.000,15742,1,SF,1,100,0.0000
1715671565.452446,2896446.000,15796,1,SF,1,100,0.0000
1715671565.720806,2896702.000,15844,1,SF,1,100,0.0000
1715671566.055208,2897021.000,15900,1,SF,1,100,0.0000
1715671566.384368,2897335.000,15948,1,SF,1,100,0.0000
1715671566.715625,2897651.000,16000,1,SF,1,100,0.0000
1715671567.052124,2897972.000,16052,1,SF,1,100,0.0000
1715671567.449423,2898351.000,16122,1,SF,1,100,0.0000
1715671567.780679,2898667.000,16171,1,SF,1,100,0.0000
1715671568.118226,2898989.000,16226,1,SF,1,100,0.0000
1715671568.450532,2899306.000,16275,1,SF,1,100,0.0000
1715671568.780740,2899621.000,16328,1,SF,1,100,0.0000
1715671569.049101,2899877.000,16379,1,SF,1,100,0.0000
1715671569.384551,2900197.000,16431,1,SF,1,100,0.0000
1715671569.844746,2900636.000,16484,1,SF,1,100,0.0000
1715671570.044968,2900827.000,16520,1,SF,1,100,0.0000
1715671570.381467,2901148.000,16576,1,SF,1,100,0.0000
1715671570.712724,2901464.000,16628,1,SF,1,100,0.0000
1715671571.045029,2901781.000,16680,1,SF,1,100,0.0000
1715671571.379431,2902100.000,16729,1,SF,1,100,0.0000
1715671571.779875,2902482.000,16798,1,SF,1,100,0.0000
1715671572.109035,2902796.000,16851,1,SF,1,100,0.0000
1715671572.443437,2903115.000,16903,1,SF,1,100,0.0000
1715671572.711797,2903371.000,16953,1,SF,1,100,0.0000
1715671573.042006,2903686.000,17005,1,SF,1,100,0.0000
1715671573.373263,2904002.000,17055,1,SF,1,100,0.0000
1715671573.709762,2904323.000,17109,1,SF,1,100,0.0000
1715671574.042067,2904640.000,17157,1,SF,1,100,0.0000
1715671574.374372,2904957.000,17211,1,SF,1,100,0.0000
1715671574.776912,2905341.000,17278,1,SF,1,100,0.0000
1715671575.109218,2905658.000,17329,1,SF,1,100,0.0000
1715671575.438378,2905972.000,17380,1,SF,1,100,0.0000
1715671575.772780,2906291.000,17438,1,SF,1,100,0.0000
1715671576.042189,2906548.000,17492,1,SF,1,100,0.0000
1715671576.372397,2906863.000,17540,1,SF,1,100,0.0000
1715671576.703655,2907179.000,17589,1,SF,1,100,0.0000
1715671577.040153,2907500.000,17644,1,SF,1,100,0.0000
1715671577.439548,2907881.000,17714,1,SF,1,100,0.0000
1715671577.768709,2908195.000,17763,1,SF,1,100,0.0000
1715671578.106256,2908517.000,17818,1,SF,1,100,0.0000
1715671578.372519,2908771.000,17867,1,SF,1,100,0.0000
1715671578.700631,2909084.000,17922,1,SF,1,100,0.0000
1715671579.035033,2909403.000,17971,1,SF,1,100,0.0000
1715671579.369435,2909722.000,18019,1,SF,1,100,0.0000
1715671579.700692,2910038.000,18073,1,SF,1,100,0.0000
1715671580.100088,2910419.000,18141,1,SF,1,100,0.0000
1715671580.434489,2910738.000,18189,1,SF,1,100,0.0000
1715671580.700753,2910992.000,18243,1,SF,1,100,0.0000
1715671581.097004,2911370.000,18296,1,SF,1,100,0.0000
1715671581.366412,2911627.000,18335,1,SF,1,100,0.0000
1715671581.700814,2911946.000,18386,1,SF,1,100,0.0000
1715671582.029974,2912260.000,18436,1,SF,1,100,0.0000
1715671582.364376,2912579.000,18488,1,SF,1,100,0.0000
1715671582.699826,2912899.000,18536,1,SF,1,100,0.0000
1715671583.098174,2913279.000,18607,1,SF,1,100,0.0000
1715671583.430479,2913596.000,18662,1,SF,1,100,0.0000
1715671583.764881,2913915.000,18710,1,SF,1,100,0.0000
1715671584.031144,2914169.000,18766,1,SF,1,100,0.0000
1715671584.361353,2914484.000,18814,1,SF,1,100,0.0000
1715671584.695755,2914803.000,18867,1,SF,1,100,0.0000
1715671585.030157,2915122.000,18916,1,SF,1,100,0.0000
1715671585.359318,2915436.000,18968,1,SF,1,100,0.0000
1715671585.759761,2915818.000,19033,1,SF,1,100,0.0000
1715671586.095211,2916138.000,19086,1,SF,1,100,0.0000
1715671586.426468,2916454.000,19143,1,SF,1,100,0.0000
1715671586.689587,2916705.000,19177,1,SF,1,100,0.0000
1715671587.092127,2917089.000,19247,1,SF,1,100,0.0000
1715671587.425481,2917407.000,19297,1,SF,1,100,0.0000
1715671587.688600,2917658.000,19349,1,SF,1,100,0.0000
1715671588.023002,2917977.000,19401,1,SF,1,100,0.0000
1715671588.357404,2918296.000,19453,1,SF,1,100,0.0000
1715671588.687612,2918611.000,19504,1,SF,1,100,0.0000
1715671589.022014,2918930.000,19557,1,SF,1,100,0.0000
1715671589.356416,2919249.000,19605,1,SF,1,100,0.0000
1715671589.755811,2919630.000,19673,1,SF,1,100,0.0000
1715671590.087069,2919946.000,19724,1,SF,1,100,0.0000
1715671590.355429,2920202.000,19775,1,SF,1,100,0.0000
1715671590.687734,2920519.000,19826,1,SF,1,100,0.0000
1715671591.082936,2920896.000,19877,1,SF,1,100,0.0000
1715671591.352345,2921153.000,19928,1,SF,1,100,0.0000
1715671591.752788,2921535.000,19981,1,SF,1,100,0.0000
1715671592.082997,2921850.000,20039,1,SF,1,100,0.0000
1715671592.416351,2922168.000,20091,1,SF,1,100,0.0000
1715671592.751801,2922488.000,20141,1,SF,1,100,0.0000
1715671593.083058,2922804.000,20192,1,SF,1,100,0.0000
1715671593.346177,2923055.000,20243,1,SF,1,100,0.0000
1715671593.682675,2923376.000,20294,1,SF,1,100,0.0000
1715671594.014981,2923693.000,20343,1,SF,1,100,0.0000
1715671594.345189,2924008.000,20396,1,SF,1,100,0.0000
1715671594.679591,2924327.000,20445,1,SF,1,100,0.0000
1715671595.080035,2924709.000,20513,1,SF,1,100,0.0000
1715671595.411292,2925025.000,20566,1,SF,1,100,0.0000
1715671595.678604,2925280.000,20617,1,SF,1,100,0.0000
1715671596.014054,2925600.000,20667,1,SF,1,100,0.0000
1715671596.347408,2925918.000,20719,1,SF,1,100,0.0000
1715671596.675520,2926231.000,20767,1,SF,1,100,0.0000
1715671597.012018,2926552.000,20821,1,SF,1,100,0.0000
1715671597.411414,2926933.000,20895,1,SF,1,100,0.0000
1715671597.739526,2927246.000,20943,1,SF,1,100,0.0000
1715671598.077073,2927568.000,21000,1,SF,1,100,0.0000
1715671598.343336,2927822.000,21050,1,SF,1,100,0.0000
1715671598.674593,2928138.000,21103,1,SF,1,100,0.0000
1715671599.006899,2928455.000,21152,1,SF,1,100,0.0000
1715671599.341300,2928774.000,21206,1,SF,1,100,0.0000
1715671599.674654,2929092.000,21256,1,SF,1,100,0.0000
1715671600.069856,2929469.000,21324,1,SF,1,100,0.0000
1715671600.404258,2929788.000,21373,1,SF,1,100,0.0000
1715671600.737612,2930106.000,21426,1,SF,1,100,0.0000
1715671601.135959,2930486.000,21477,1,SF,1,100,0.0000
1715671601.336181,2930677.000,21514,1,SF,1,100,0.0000
1715671601.670583,2930996.000,21562,1,SF,1,100,0.0000
1715671602.002888,2931313.000,21614,1,SF,1,100,0.0000
1715671602.400187,2931692.000,21684,1,SF,1,100,0.0000
1715671602.735637,2932012.000,21727,1,SF,1,100,0.0000
1715671603.001901,2932266.000,21761,1,SF,1,100,0.0000
1715671603.328964,2932578.000,21812,1,SF,1,100,0.0000
1715671603.731505,2932962.000,21879,1,SF,1,100,0.0000
1715671604.064858,2933280.000,21933,1,SF,1,100,0.0000
1715671604.395067,2933595.000,21986,1,SF,1,100,0.0000
1715671604.664476,2933852.000,22037,1,SF,1,100,0.0000
1715671604.998878,2934171.000,22088,1,SF,1,100,0.0000
1715671605.331183,2934488.000,22138,1,SF,1,100,0.0000
1715671605.662440,2934804.000,22192,1,SF,1,100,0.0000
1715671605.996842,2935123.000,22241,1,SF,1,100,0.0000
1715671606.395189,2935503.000,22312,1,SF,1,100,0.0000
1715671606.725398,2935818.000,22361,1,SF,1,100,0.0000
1715671607.059800,2936137.000,22412,1,SF,1,100,0.0000
1715671607.326063,2936391.000,22464,1,SF,1,100,0.0000
1715671607.658369,2936708.000,22516,1,SF,1,100,0.0000
1715671608.059860,2937091.000,22571,1,SF,1,100,0.0000
1715671608.326124,2937345.000,22608,1,SF,1,100,0.0000
1715671608.724471,2937725.000,22675,1,SF,1,100,0.0000
1715671609.054680,2938040.000,22727,1,SF,1,100,0.0000
1715671609.323040,2938296.000,22779,1,SF,1,100,0.0000
1715671609.721387,2938676.000,22831,1,SF,1,100,0.0000
1715671609.985554,2938928.000,22883,1,SF,1,100,0.0000
1715671610.321004,2939248.000,22935,1,SF,1,100,0.0000
1715671610.653310,2939565.000,22983,1,SF,1,100,0.0000
1715671610.986663,2939883.000,23037,1,SF,1,100,0.0000
1715671611.318969,2940200.000,23087,1,SF,1,100,0.0000
1715671611.653371,2940519.000,23141,1,SF,1,100,0.0000
1715671611.985676,2940836.000,23191,1,SF,1,100,0.0000
1715671612.381926,2941214.000,23261,1,SF,1,100,0.0000
1715671612.718425,2941535.000,23314,1,SF,1,100,0.0000
1715671613.050730,2941852.000,23365,1,SF,1,100,0.0000
1715671613.381987,2942168.000,23424,1,SF,1,100,0.0000
1715671613.716389,2942487.000,23475,1,SF,1,100,0.0000
1715671614.051839,2942807.000,23525,1,SF,1,100,0.0000
1715671614.382048,2943122.000,23573,1,SF,1,100,0.0000
1715671614.717498,2943442.000,23632,1,SF,1,100,0.0000
1715671615.050852,2943760.000,23680,1,SF,1,100,0.0000
1715671615.316067,2944013.000,23733,1,SF,1,100,0.0000
1715671615.646276,2944328.000,23784,1,SF,1,100,0.0000
1715671615.980678,2944647.000,23833,1,SF,1,100,0.0000
1715671616.314032,2944965.000,23886,1,SF,1,100,0.0000
1715671616.645289,2945281.000,23940,1,SF,1,100,0.0000
1715671617.045732,2945663.000,24008,1,SF,1,100,0.0000
1715671617.381182,2945983.000,24062,1,SF,1,100,0.0000
1715671617.711391,2946298.000,24111,1,SF,1,100,0.0000
1715671617.976607,2946551.000,24166,1,SF,1,100,0.0000
1715671618.311008,2946870.000,24215,1,SF,1,100,0.0000
1715671618.643314,2947187.000,24266,1,SF,1,100,0.0000
1715671618.974571,2947503.000,24322,1,SF,1,100,0.0000
1715671619.308973,2947822.000,24374,1,SF,1,100,0.0000
1715671619.643375,2948141.000,24424,1,SF,1,100,0.0000
1715671619.974632,2948457.000,24477,1,SF,1,100,0.0000
1715671620.374027,2948838.000,24542,1,SF,1,100,0.0000
1715671620.709477,2949158.000,24598,1,SF,1,100,0.0000
1715671620.974693,2949411.000,24646,1,SF,1,100,0.0000
1715671621.304901,2949726.000,24697,1,SF,1,100,0.0000
1715671621.639303,2950045.000,24745,1,SF,1,100,0.0000
1715671621.972657,2950363.000,24798,1,SF,1,100,0.0000
1715671622.303914,2950679.000,24849,1,SF,1,100,0.0000
1715671622.637268,2950997.000,24901,1,SF,1,100,0.0000
1715671623.038759,2951380.000,24972,1,SF,1,100,0.0000
1715671623.368968,2951695.000,25021,1,SF,1,100,0.0000
1715671623.700225,2952011.000,25073,1,SF,1,100,0.0000
1715671623.967537,2952266.000,25125,1,SF,1,100,0.0000
1715671624.366933,2952647.000,25182,1,SF,1,100,0.0000
1715671624.632148,2952900.000,25232,1,SF,1,100,0.0000
1715671624.966550,2953219.000,25284,1,SF,1,100,0.0000
1715671625.302000,2953539.000,25334,1,SF,1,100,0.0000
1715671625.633257,2953855.000,25385,1,SF,1,100,0.0000
1715671625.965562,2954172.000,25436,1,SF,1,100,0.0000
1715671626.299964,2954491.000,25492,1,SF,1,100,0.0000
1715671626.631221,2954807.000,25540,1,SF,1,100,0.0000
1715671627.028520,2955186.000,25611,1,SF,1,100,0.0000
1715671627.363970,2955506.000,25661,1,SF,1,100,0.0000
1715671627.696276,2955823.000,25712,1,SF,1,100,0.0000
1715671627.961491,2956076.000,25763,1,SF,1,100,0.0000
1715671628.362983,2956459.000,25816,1,SF,1,100,0.0000
1715671628.631343,2956715.000,25867,1,SF,1,100,0.0000
1715671628.962600,2957031.000,25917,1,SF,1,100,0.0000
1715671629.294905,2957348.000,25966,1,SF,1,100,0.0000
1715671629.696397,2957731.000,26024,1,SF,1,100,0.0000
1715671630.026606,2958046.000,26080,1,SF,1,100,0.0000
1715671630.357863,2958362.000,26128,1,SF,1,100,0.0000
1715671630.693313,2958682.000,26179,1,SF,1,100,0.0000
1715671631.025619,2958999.000,26232,1,SF,1,100,0.0000
1715671631.290834,2959252.000,26286,1,SF,1,100,0.0000
1715671631.625236,2959571.000,26336,1,SF,1,100,0.0000
1715671632.027776,2959955.000,26385,1,SF,1,100,0.0000
1715671632.291943,2960207.000,26424,1,SF,1,100,0.0000
1715671632.623200,2960523.000,26472,1,SF,1,100,0.0000
1715671633.024692,2960906.000,26539,1,SF,1,100,0.0000
1715671633.354901,2961221.000,26593,1,SF,1,100,0.0000
1715671633.686158,2961537.000,26643,1,SF,1,100,0.0000
1715671634.021608,2961857.000,26697,1,SF,1,100,0.0000
1715671634.289968,2962113.000,26745,1,SF,1,100,0.0000
1715671634.620177,2962428.000,26800,1,SF,1,100,0.0000
1715671635.021669,2962811.000,26854,1,SF,1,100,0.0000
1715671635.290029,2963067.000,26908,1,SF,1,100,0.0000
1715671635.621286,2963383.000,26958,1,SF,1,100,0.0000
1715671635.952543,2963699.000,27010,1,SF,1,100,0.0000
1715671636.286945,2964018.000,27060,1,SF,1,100,0.0000
1715671636.618202,2964334.000,27116,1,SF,1,100,0.0000
1715671636.948411,2964649.000,27164,1,SF,1,100,0.0000
1715671637.282813,2964968.000,27218,1,SF,1,100,0.0000
1715671637.684305,2965351.000,27286,1,SF,1,100,0.0000
1715671638.017658,2965669.000,27338,1,SF,1,100,0.0000
1715671638.351012,2965987.000,27387,1,SF,1,100,0.0000
1715671638.619372,2966243.000,27442,1,SF,1,100,0.0000
1715671638.950629,2966559.000,27494,1,SF,1,100,0.0000
1715671639.281886,2966875.000,27542,1,SF,1,100,0.0000
1715671639.616288,2967194.000,27593,1,SF,1,100,0.0000
1715671639.947545,2967510.000,27644,1,SF,1,100,0.0000
1715671640.277754,2967825.000,27700,1,SF,1,100,0.0000
1715671640.680294,2968209.000,27770,1,SF,1,100,0.0000
1715671641.013648,2968527.000,27818,1,SF,1,100,0.0000
1715671641.278863,2968780.000,27872,1,SF,1,100,0.0000
1715671641.679307,2969162.000,27925,1,SF,1,100,0.0000
1715671641.947667,2969418.000,27976,1,SF,1,100,0.0000
1715671642.277876,2969733.000,28028,1,SF,1,100,0.0000
1715671642.609133,2970049.000,28080,1,SF,1,100,0.0000
1715671642.943535,2970368.000,28133,1,SF,1,100,0.0000
1715671643.275840,2970685.000,28184,1,SF,1,100,0.0000
1715671643.606049,2971000.000,28237,1,SF,1,100,0.0000
1715671643.941499,2971320.000,28286,1,SF,1,100,0.0000
1715671644.342991,2971703.000,28356,1,SF,1,100,0.0000
1715671644.675296,2972020.000,28406,1,SF,1,100,0.0000
1715671644.941560,2972274.000,28458,1,SF,1,100,0.0000
1715671645.277010,2972594.000,28510,1,SF,1,100,0.0000
1715671645.738254,2973034.000,28565,1,SF,1,100,0.0000
1715671645.938476,2973225.000,28599,1,SF,1,100,0.0000
1715671646.272878,2973544.000,28652,1,SF,1,100,0.0000
1715671646.606231,2973862.000,28701,1,SF,1,100,0.0000
1715671646.936440,2974177.000,28754,1,SF,1,100,0.0000
1715671647.338980,2974561.000,28823,1,SF,1,100,0.0000
1715671647.672334,2974879.000,28875,1,SF,1,100,0.0000
1715671648.003591,2975195.000,28927,1,SF,1,100,0.0000
1715671648.269855,2975449.000,28979,1,SF,1,100,0.0000
1715671648.605305,2975769.000,29029,1,SF,1,100,0.0000
1715671648.936562,2976085.000,29081,1,SF,1,100,0.0000
1715671649.267819,2976401.000,29131,1,SF,1,100,0.0000
1715671649.602221,2976720.000,29185,1,SF,1,100,0.0000
1715671650.002665,2977102.000,29250,1,SF,1,100,0.0000
1715671650.331825,2977416.000,29303,1,SF,1,100,0.0000
1715671650.600185,2977672.000,29354,1,SF,1,100,0.0000
1715671651.001677,2978055.000,29408,1,SF,1,100,0.0000
1715671651.265844,2978307.000,29461,1,SF,1,100,0.0000
1715671651.598150,2978624.000,29512,1,SF,1,100,0.0000
1715671651.933600,2978944.000,29566,1,SF,1,100,0.0000
1715671652.265905,2979261.000,29618,1,SF,1,100,0.0000
1715671652.597162,2979577.000,29670,1,SF,1,100,0.0000
1715671652.998654,2979960.000,29735,1,SF,1,100,0.0000
1715671653.265966,2980215.000,29774,1,SF,1,100,0.0000
1715671653.660120,2980591.000,29839,1,SF,1,100,0.0000
1715671653.996618,2980912.000,29892,1,SF,1,100,0.0000
1715671654.329972,2981230.000,29943,1,SF,1,100,0.0000
1715671654.659132,2981544.000,29996,1,SF,1,100,0.0000
1715671654.925396,2981798.000,30045,1,SF,1,100,0.0000
1715671655.260846,2982118.000,30100,1,SF,1,100,0.0000
1715671655.595248,2982437.000,30149,1,SF,1,100,0.0000
1715671655.925457,2982752.000,30198,1,SF,1,100,0.0000
1715671656.326949,2983135.000,30273,1,SF,1,100,0.0000
1715671656.594261,2983390.000,30309,1,SF,1,100,0.0000
1715671656.987366,2983765.000,30377,1,SF,1,100,0.0000
1715671657.323865,2984086.000,30430,1,SF,1,100,0.0000
1715671657.657218,2984404.000,30480,1,SF,1,100,0.0000
1715671657.921386,2984656.000,30534,1,SF,1,100,0.0000
1715671658.253691,2984973.000,30582,1,SF,1,100,0.0000
1715671658.589141,2985293.000,30636,1,SF,1,100,0.0000
1715671658.923543,2985612.000,30686,1,SF,1,100,0.0000
1715671659.252703,2985926.000,30738,1,SF,1,100,0.0000
1715671659.654195,2986309.000,30808,1,SF,1,100,0.0000
1715671659.987549,2986627.000,30858,1,SF,1,100,0.0000
1715671660.314613,2986939.000,30907,1,SF,1,100,0.0000
1715671660.582973,2987195.000,30960,1,SF,1,100,0.0000
1715671660.919472,2987516.000,31014,1,SF,1,100,0.0000
1715671661.248632,2987830.000,31063,1,SF,1,100,0.0000
1715671661.580937,2988147.000,31116,1,SF,1,100,0.0000
1715671661.916388,2988467.000,31172,1,SF,1,100,0.0000
1715671662.250789,2988786.000,31224,1,SF,1,100,0.0000
1715671662.579950,2989100.000,31272,1,SF,1,100,0.0000
1715671662.914352,2989419.000,31312,1,SF,1,100,0.0000
1715671663.248754,2989738.000,31360,1,SF,1,100,0.0000
1715671663.576866,2990051.000,31414,1,SF,1,100,0.0000
1715671663.910220,2990369.000,31462,1,SF,1,100,0.0000
1715671664.311712,2990752.000,31532,1,SF,1,100,0.0000
1715671664.642969,2991068.000,31583,1,SF,1,100,0.0000
1715671664.909232,2991322.000,31636,1,SF,1,100,0.0000
1715671665.244682,2991642.000,31687,1,SF,1,100,0.0000
1715671665.579084,2991961.000,31738,1,SF,1,100,0.0000
1715671665.908245,2992275.000,31789,1,SF,1,100,0.0000
1715671666.242647,2992594.000,31842,1,SF,1,100,0.0000
1715671666.643090,2992976.000,31907,1,SF,1,100,0.0000
1715671666.971203,2993289.000,31963,1,SF,1,100,0.0000
1715671667.306653,2993609.000,32018,1,SF,1,100,0.0000
1715671667.641055,2993928.000,32070,1,SF,1,100,0.0000
1715671667.907318,2994182.000,32120,1,SF,1,100,0.0000
1715671668.237527,2994497.000,32174,1,SF,1,100,0.0000
1715671668.572977,2994817.000,32225,1,SF,1,100,0.0000
1715671668.907379,2995136.000,32278,1,SF,1,100,0.0000
1715671669.234443,2995448.000,32326,1,SF,1,100,0.0000
1715671669.568845,2995767.000,32380,1,SF,1,100,0.0000
1715671669.969289,2996149.000,32450,1,SF,1,100,0.0000
1715671670.298449,2996463.000,32498,1,SF,1,100,0.0000
1715671670.566809,2996719.000,32552,1,SF,1,100,0.0000
1715671670.903308,2997040.000,32600,1,SF,1,100,0.0000
1715671671.235613,2997357.000,32650,1,SF,1,100,0.0000
1715671671.564774,2997671.000,32701,1,SF,1,100,0.0000
1715671671.900224,2997991.000,32752,1,SF,1,100,0.0000
1715671672.299619,2998372.000,32822,1,SF,1,100,0.0000
1715671672.561689,2998622.000,32851,1,SF,1,100,0.0000
1715671672.896091,2998941.000,32901,1,SF,1,100,0.0000
1715671673.230493,2999260.000,32957,1,SF,1,100,0.0000
1715671673.561750,2999576.000,33005,1,SF,1,100,0.0000
1715671673.894056,2999893.000,33057,1,SF,1,100,0.0000
1715671674.230554,3000214.000,33107,1,SF,1,100,0.0000
1715671674.562860,3000531.000,33161,1,SF,1,100,0.0000
1715671674.958062,3000908.000,33227,1,SF,1,100,0.0000
1715671675.293512,3001228.000,33281,1,SF,1,100,0.0000
1715671675.625817,3001545.000,33330,1,SF,1,100,0.0000
1715671675.956026,3001860.000,33383,1,SF,1,100,0.0000
1715671676.290428,3002179.000,33437,1,SF,1,100,0.0000
1715671676.557740,3002434.000,33487,1,SF,1,100,0.0000
1715671676.890045,3002751.000,33536,1,SF,1,100,0.0000
1715671677.222350,3003068.000,33591,1,SF,1,100,0.0000
1715671677.558849,3003389.000,33642,1,SF,1,100,0.0000
1715671677.891154,3003706.000,33698,1,SF,1,100,0.0000
1715671678.219266,3004019.000,33748,1,SF,1,100,0.0000
1715671678.554717,3004339.000,33803,1,SF,1,100,0.0000
1715671678.889119,3004658.000,33855,1,SF,1,100,0.0000
1715671679.217231,3004971.000,33905,1,SF,1,100,0.0000
1715671679.551633,3005290.000,33956,1,SF,1,100,0.0000
1715671679.953125,3005673.000,34024,1,SF,1,100,0.0000
1715671680.283333,3005988.000,34072,1,SF,1,100,0.0000
1715671680.616687,3006306.000,34125,1,SF,1,100,0.0000
1715671680.886096,3006563.000,34176,1,SF,1,100,0.0000
1715671681.218401,3006880.000,34226,1,SF,1,100,0.0000
1715671681.546513,3007193.000,34280,1,SF,1,100,0.0000
1715671681.881963,3007513.000,34329,1,SF,1,100,0.0000
1715671682.281358,3007894.000,34402,1,SF,1,100,0.0000
1715671682.611567,3008209.000,34451,1,SF,1,100,0.0000
1715671682.945969,3008528.000,34505,1,SF,1,100,0.0000
1715671683.346413,3008910.000,34561,1,SF,1,100,0.0000
1715671683.610580,3009162.000,34598,1,SF,1,100,0.0000
1715671683.943933,3009480.000,34648,1,SF,1,100,0.0000
1715671684.278335,3009799.000,34700,1,SF,1,100,0.0000
1715671684.611689,3010117.000,34752,1,SF,1,100,0.0000
1715671684.873760,3010367.000,34806,1,SF,1,100,0.0000
1715671685.209210,3010687.000,34855,1,SF,1,100,0.0000
1715671685.543612,3011006.000,34908,1,SF,1,100,0.0000
1715671685.872772,3011320.000,34956,1,SF,1,100,0.0000
1715671686.206126,3011638.000,35012,1,SF,1,100,0.0000
1715671686.540528,3011957.000,35060,1,SF,1,100,0.0000
1715671686.872833,3012274.000,35114,1,SF,1,100,0.0000
1715671687.270132,3012653.000,35186,1,SF,1,100,0.0000
1715671687.604534,3012972.000,35234,1,SF,1,100,0.0000
1715671687.871845,3013227.000,35288,1,SF,1,100,0.0000
1715671688.199958,3013540.000,35338,1,SF,1,100,0.0000
1715671688.535408,3013860.000,35388,1,SF,1,100,0.0000
1715671688.869810,3014179.000,35427,1,SF,1,100,0.0000
1715671689.267109,3014558.000,35483,1,SF,1,100,0.0000
1715671689.533372,3014812.000,35531,1,SF,1,100,0.0000
1715671689.867774,3015131.000,35584,1,SF,1,100,0.0000
1715671690.200079,3015448.000,35633,1,SF,1,100,0.0000
1715671690.530288,3015763.000,35685,1,SF,1,100,0.0000
1715671690.866787,3016084.000,35737,1,SF,1,100,0.0000
1715671691.265134,3016464.000,35807,1,SF,1,100,0.0000
1715671691.594294,3016778.000,35856,1,SF,1,100,0.0000
1715671691.929744,3017098.000,35911,1,SF,1,100,0.0000
1715671692.264146,3017417.000,35960,1,SF,1,100,0.0000
1715671692.595403,3017733.000,36013,1,SF,1,100,0.0000
1715671692.860619,3017986.000,36062,1,SF,1,100,0.0000
1715671693.195021,3018305.000,36115,1,SF,1,100,0.0000
1715671693.527326,3018622.000,36164,1,SF,1,100,0.0000
1715671693.923577,3019000.000,36218,1,SF,1,100,0.0000
1715671694.257978,3019319.000,36243,1,SF,1,100,0.0000
1715671694.525290,3019574.000,36282,1,SF,1,100,0.0000
1715671694.854451,3019888.000,36330,1,SF,1,100,0.0000
1715671695.188853,3020207.000,36384,1,SF,1,100,0.0000
1715671695.590345,3020590.000,36437,1,SF,1,100,0.0000
1715671695.854512,3020842.000,36490,1,SF,1,100,0.0000
1715671696.185769,3021158.000,36538,1,SF,1,100,0.0000
1715671696.520171,3021477.000,36594,1,SF,1,100,0.0000
1715671696.852476,3021794.000,36645,1,SF,1,100,0.0000
1715671697.182685,3022109.000,36696,1,SF,1,100,0.0000
1715671697.519183,3022430.000,36748,1,SF,1,100,0.0000
1715671697.919627,3022812.000,36816,1,SF,1,100,0.0000
1715671698.248787,3023126.000,36868,1,SF,1,100,0.0000
1715671698.582141,3023444.000,36918,1,SF,1,100,0.0000
1715671698.850501,3023700.000,36974,1,SF,1,100,0.0000
1715671699.180710,3024015.000,37023,1,SF,1,100,0.0000
1715671699.578009,3024394.000,37081,1,SF,1,100,0.0000
1715671699.845320,3024649.000,37115,1,SF,1,100,0.0000
1715671700.244716,3025030.000,37183,1,SF,1,100,0.0000
1715671700.575973,3025346.000,37235,1,SF,1,100,0.0000
1715671700.910375,3025665.000,37287,1,SF,1,100,0.0000
1715671701.178735,3025921.000,37337,1,SF,1,100,0.0000
1715671701.508944,3026236.000,37389,1,SF,1,100,0.0000
1715671701.841249,3026553.000,37437,1,SF,1,100,0.0000
1715671702.176699,3026873.000,37497,1,SF,1,100,0.0000
1715671702.506908,3027188.000,37545,1,SF,1,100,0.0000
1715671702.904207,3027567.000,37615,1,SF,1,100,0.0000
1715671703.238609,3027886.000,37666,1,SF,1,100,0.0000
1715671703.504872,3028140.000,37717,1,SF,1,100,0.0000
1715671703.836129,3028456.000,37770,1,SF,1,100,0.0000
1715671704.171580,3028776.000,37821,1,SF,1,100,0.0000
1715671704.504933,3029094.000,37870,1,SF,1,100,0.0000
1715671704.835142,3029409.000,37923,1,SF,1,100,0.0000
1715671705.233489,3029789.000,37979,1,SF,1,100,0.0000
1715671705.567891,3030108.000,38027,1,SF,1,100,0.0000
1715671705.833106,3030361.000,38083,1,SF,1,100,0.0000
1715671706.163315,3030676.000,38131,1,SF,1,100,0.0000
1715671706.497717,3030995.000,38183,1,SF,1,100,0.0000
1715671706.832119,3031314.000,38235,1,SF,1,100,0.0000
1715671707.230466,3031694.000,38305,1,SF,1,100,0.0000
1715671707.562771,3032011.000,38354,1,SF,1,100,0.0000
1715671707.899270,3032332.000,38407,1,SF,1,100,0.0000
1715671708.161340,3032582.000,38458,1,SF,1,100,0.0000
1715671708.492597,3032898.000,38511,1,SF,1,100,0.0000
1715671708.828048,3033218.000,38560,1,SF,1,100,0.0000
1715671709.161401,3033536.000,38613,1,SF,1,100,0.0000
1715671709.491610,3033851.000,38664,1,SF,1,100,0.0000
1715671709.892054,3034233.000,38731,1,SF,1,100,0.0000
1715671710.226455,3034552.000,38779,1,SF,1,100,0.0000
1715671710.621658,3034929.000,38821,1,SF,1,100,0.0000
1715671710.822928,3035121.000,38855,1,SF,1,100,0.0000
1715671711.155233,3035438.000,38907,1,SF,1,100,0.0000
1715671711.554629,3035819.000,38974,1,SF,1,100,0.0000
1715671711.819844,3036072.000,39011,1,SF,1,100,0.0000
1715671712.221336,3036455.000,39083,1,SF,1,100,0.0000
1715671712.557834,3036776.000,39133,1,SF,1,100,0.0000
1715671712.885947,3037089.000,39182,1,SF,1,100,0.0000
1715671713.152210,3037343.000,39237,1,SF,1,100,0.0000
1715671713.486612,3037662.000,39286,1,SF,1,100,0.0000
1715671713.816821,3037977.000,39337,1,SF,1,100,0.0000
1715671714.150174,3038295.000,39388,1,SF,1,100,0.0000
1715671714.482480,3038612.000,39439,1,SF,1,100,0.0000
1715671714.882923,3038994.000,39509,1,SF,1,100,0.0000
1715671715.214180,3039310.000,39560,1,SF,1,100,0.0000
1715671715.548582,3039629.000,39610,1,SF,1,100,0.0000
1715671715.816942,3039885.000,39647,1,SF,1,100,0.0000
1715671716.146103,3040199.000,39701,1,SF,1,100,0.0000
1715671716.477360,3040515.000,39751,1,SF,1,100,0.0000
1715671716.811762,3040834.000,39805,1,SF,1,100,0.0000
1715671717.143019,3041150.000,39855,1,SF,1,100,0.0000
1715671717.541366,3041530.000,39925,1,SF,1,100,0.0000
1715671717.877865,3041851.000,39976,1,SF,1,100,0.0000
1715671718.144128,3042105.000,40027,1,SF,1,100,0.0000
1715671718.540379,3042483.000,40083,1,SF,1,100,0.0000
1715671718.808739,3042739.000,40131,1,SF,1,100,0.0000
1715671719.143141,3043058.000,40182,1,SF,1,100,0.0000
1715671719.472301,3043372.000,40235,1,SF,1,100,0.0000
1715671719.803558,3043688.000,40284,1,SF,1,100,0.0000
1715671720.137960,3044007.000,40337,1,SF,1,100,0.0000
1715671720.536307,3044387.000,40402,1,SF,1,100,0.0000
1715671720.868613,3044704.000,40456,1,SF,1,100,0.0000
1715671721.205111,3045025.000,40497,1,SF,1,100,0.0000
1715671721.471375,3045279.000,40534,1,SF,1,100,0.0000
1715671721.800535,3045593.000,40586,1,SF,1,100,0.0000
1715671722.134937,3045912.000,40640,1,SF,1,100,0.0000
1715671722.469339,3046231.000,40691,1,SF,1,100,0.0000
1715671722.799548,3046546.000,40744,1,SF,1,100,0.0000
1715671723.130805,3046862.000,40792,1,SF,1,100,0.0000
1715671723.532297,3047245.000,40860,1,SF,1,100,0.0000
1715671723.864602,3047562.000,40916,1,SF,1,100,0.0000
1715671724.195859,3047878.000,40964,1,SF,1,100,0.0000
1715671724.532357,3048199.000,41018,1,SF,1,100,0.0000
1715671724.930705,3048579.000,41067,1,SF,1,100,0.0000
1715671725.193823,3048830.000,41106,1,SF,1,100,0.0000
1715671725.528225,3049149.000,41154,1,SF,1,100,0.0000
1715671725.863676,3049469.000,41208,1,SF,1,100,0.0000
1715671726.126794,3049720.000,41258,1,SF,1,100,0.0000
1715671726.591183,3050163.000,41314,1,SF,1,100,0.0000
1715671726.792453,3050355.000,41348,1,SF,1,100,0.0000
1715671727.125807,3050673.000,41389,1,SF,1,100,0.0000
1715671727.457064,3050989.000,41439,1,SF,1,100,0.0000
1715671727.789369,3051306.000,41491,1,SF,1,100,0.0000
1715671728.124819,3051626.000,41541,1,SF,1,100,0.0000
1715671728.452932,3051939.000,41593,1,SF,1,100,0.0000
1715671728.853375,3052321.000,41660,1,SF,1,100,0.0000
1715671729.188825,3052641.000,41697,1,SF,1,100,0.0000
1715671729.517986,3052955.000,41748,1,SF,1,100,0.0000
1715671729.851340,3053273.000,41801,1,SF,1,100,0.0000
1715671730.118651,3053528.000,41850,1,SF,1,100,0.0000
1715671730.453053,3053847.000,41904,1,SF,1,100,0.0000
1715671730.783262,3054162.000,41954,1,SF,1,100,0.0000
1715671731.184754,3054545.000,42005,1,SF,1,100,0.0000
1715671731.517059,3054862.000,42059,1,SF,1,100,0.0000
1715671731.912262,3055239.000,42115,1,SF,1,100,0.0000
1715671732.180622,3055495.000,42151,1,SF,1,100,0.0000
1715671732.516072,3055815.000,42206,1,SF,1,100,0.0000
1715671732.781287,3056068.000,42258,1,SF,1,100,0.0000
1715671733.179634,3056448.000,42307,1,SF,1,100,0.0000
1715671733.514036,3056767.000,42361,1,SF,1,100,0.0000
1715671733.847390,3057085.000,42411,1,SF,1,100,0.0000
1715671734.111557,3057337.000,42463,1,SF,1,100,0.0000
1715671734.443862,3057654.000,42512,1,SF,1,100,0.0000
1715671734.779312,3057974.000,42567,1,SF,1,100,0.0000
1715671735.174515,3058351.000,42615,1,SF,1,100,0.0000
1715671735.508917,3058670.000,42667,1,SF,1,100,0.0000
1715671735.777277,3058926.000,42719,1,SF,1,100,0.0000
1715671736.109582,3059243.000,42771,1,SF,1,100,0.0000
1715671736.440839,3059559.000,42821,1,SF,1,100,0.0000
1715671736.775241,3059878.000,42875,1,SF,1,100,0.0000
1715671737.109643,3060197.000,42925,1,SF,1,100,0.0000
1715671737.439852,3060512.000,42951,1,SF,1,100,0.0000
1715671737.772157,3060829.000,43004,1,SF,1,100,0.0000
1715671738.107607,3061149.000,43055,1,SF,1,100,0.0000
1715671738.436768,3061463.000,43103,1,SF,1,100,0.0000
1715671738.771170,3061782.000,43157,1,SF,1,100,0.0000
1715671739.172662,3062165.000,43224,1,SF,1,100,0.0000
1715671739.702044,3062670.000,43276,1,SF,1,100,0.0000
1715671740.171674,3063118.000,43299,1,SF,1,100,0.0000
1715671740.171674,3063118.000,43300,1,SF,1,100,0.0000
1715671740.505028,3063436.000,43321,1,SF,1,100,0.0000
1715671740.767098,3063686.000,43355,1,SF,1,100,0.0000
1715671741.099404,3064003.000,43403,1,SF,1,100,0.0000
1715671741.434854,3064323.000,43459,1,SF,1,100,0.0000
1715671741.831104,3064701.000,43526,1,SF,1,100,0.0000
1715671742.165506,3065020.000,43579,1,SF,1,100,0.0000
1715671742.502005,3065341.000,43630,1,SF,1,100,0.0000
1715671742.768268,3065595.000,43670,1,SF,1,100,0.0000
1715671743.098477,3065910.000,43724,1,SF,1,100,0.0000
1715671743.432879,3066229.000,43774,1,SF,1,100,0.0000
1715671743.767281,3066548.000,43825,1,SF,1,100,0.0000
1715671744.097490,3066863.000,43876,1,SF,1,100,0.0000
1715671744.498981,3067246.000,43943,1,SF,1,100,0.0000
1715671744.830239,3067562.000,43991,1,SF,1,100,0.0000
1715671745.161496,3067878.000,44045,1,SF,1,100,0.0000
1715671745.428807,3068133.000,44095,1,SF,1,100,0.0000
1715671745.763209,3068452.000,44148,1,SF,1,100,0.0000
1715671746.096563,3068770.000,44197,1,SF,1,100,0.0000
1715671746.425724,3069084.000,44251,1,SF,1,100,0.0000
1715671746.760125,3069403.000,44301,1,SF,1,100,0.0000
1715671747.160569,3069785.000,44371,1,SF,1,100,0.0000
1715671747.489730,3070099.000,44420,1,SF,1,100,0.0000
1715671747.757041,3070354.000,44470,1,SF,1,100,0.0000
1715671748.225623,3070801.000,44532,1,SF,1,100,0.0000
1715671748.423749,3070990.000,44549,1,SF,1,100,0.0000
1715671748.757102,3071308.000,44600,1,SF,1,100,0.0000
1715671749.091504,3071627.000,44653,1,SF,1,100,0.0000
1715671749.424858,3071945.000,44707,1,SF,1,100,0.0000
1715671749.821108,3072323.000,44772,1,SF,1,100,0.0000
1715671750.155510,3072642.000,44825,1,SF,1,100,0.0000
1715671750.488864,3072960.000,44876,1,SF,1,100,0.0000
1715671750.818024,3073274.000,44927,1,SF,1,100,0.0000
1715671751.154523,3073595.000,44978,1,SF,1,100,0.0000
1715671751.420786,3073849.000,45031,1,SF,1,100,0.0000
1715671751.752043,3074165.000,45081,1,SF,1,100,0.0000
1715671752.084349,3074482.000,45135,1,SF,1,100,0.0000
1715671752.418751,3074801.000,45186,1,SF,1,100,0.0000
1715671752.817098,3075181.000,45254,1,SF,1,100,0.0000
1715671753.147307,3075496.000,45304,1,SF,1,100,0.0000
1715671753.481709,3075815.000,45356,1,SF,1,100,0.0000
1715671753.815062,3076133.000,45397,1,SF,1,100,0.0000
1715671754.080277,3076386.000,45449,1,SF,1,100,0.0000
1715671754.412583,3076703.000,45499,1,SF,1,100,0.0000
1715671754.748033,3077023.000,45551,1,SF,1,100,0.0000
1715671755.080338,3077340.000,45601,1,SF,1,100,0.0000
1715671755.412644,3077657.000,45657,1,SF,1,100,0.0000
1715671755.814136,3078040.000,45722,1,SF,1,100,0.0000
1715671756.145393,3078356.000,45775,1,SF,1,100,0.0000
1715671756.475601,3078671.000,45826,1,SF,1,100,0.0000
1715671756.742913,3078926.000,45877,1,SF,1,100,0.0000
1715671757.077315,3079245.000,45930,1,SF,1,100,0.0000
1715671757.408572,3079561.000,45981,1,SF,1,100,0.0000
1715671757.740878,3079878.000,46032,1,SF,1,100,0.0000
1715671758.142370,3080261.000,46069,1,SF,1,100,0.0000
1715671758.474675,3080578.000,46124,1,SF,1,100,0.0000
1715671758.805932,3080894.000,46173,1,SF,1,100,0.0000
1715671759.074292,3081150.000,46208,1,SF,1,100,0.0000
1715671759.407646,3081468.000,46261,1,SF,1,100,0.0000
1715671759.735758,3081781.000,46314,1,SF,1,100,0.0000
1715671760.137250,3082164.000,46365,1,SF,1,100,0.0000
1715671760.470603,3082482.000,46419,1,SF,1,100,0.0000
1715671760.801861,3082798.000,46467,1,SF,1,100,0.0000
1715671761.068124,3083052.000,46523,1,SF,1,100,0.0000
1715671761.403574,3083372.000,46571,1,SF,1,100,0.0000
1715671761.736928,3083690.000,46624,1,SF,1,100,0.0000
1715671762.133178,3084068.000,46675,1,SF,1,100,0.0000
1715671762.402587,3084325.000,46711,1,SF,1,100,0.0000
1715671762.800934,3084705.000,46777,1,SF,1,100,0.0000
1715671763.131143,3085020.000,46832,1,SF,1,100,0.0000
1715671763.465544,3085339.000,46880,1,SF,1,100,0.0000
1715671763.798898,3085657.000,46936,1,SF,1,100,0.0000
1715671764.065162,3085911.000,46968,1,SF,1,100,0.0000
1715671764.465605,3086293.000,47024,1,SF,1,100,0.0000
1715671764.731869,3086547.000,47060,1,SF,1,100,0.0000
1715671765.065223,3086865.000,47112,1,SF,1,100,0.0000
1715671765.394383,3087179.000,47162,1,SF,1,100,0.0000
1715671765.795875,3087562.000,47230,1,SF,1,100,0.0000
1715671766.194222,3087942.000,47282,1,SF,1,100,0.0000
1715671766.458389,3088194.000,47316,1,SF,1,100,0.0000
1715671766.792791,3088513.000,47368,1,SF,1,100,0.0000
1715671767.127193,3088832.000,47422,1,SF,1,100,0.0000
1715671767.393457,3089086.000,47470,1,SF,1,100,0.0000
1715671767.724714,3089402.000,47522,1,SF,1,100,0.0000
1715671768.060164,3089722.000,47571,1,SF,1,100,0.0000
1715671768.393517,3090040.000,47608,1,SF,1,100,0.0000
1715671768.788720,3090417.000,47679,1,SF,1,100,0.0000
1715671769.124170,3090737.000,47729,1,SF,1,100,0.0000
1715671769.455427,3091053.000,47780,1,SF,1,100,0.0000
1715671769.852726,3091432.000,47836,1,SF,1,100,0.0000
1715671770.121086,3091688.000,47873,1,SF,1,100,0.0000
1715671770.388398,3091943.000,47907,1,SF,1,100,0.0000
1715671770.721751,3092261.000,47962,1,SF,1,100,0.0000
1715671771.122195,3092643.000,48027,1,SF,1,100,0.0000
1715671771.455549,3092961.000,48079,1,SF,1,100,0.0000
1715671771.786806,3093277.000,48131,1,SF,1,100,0.0000
1715671772.117014,3093592.000,48185,1,SF,1,100,0.0000
1715671772.453513,3093913.000,48203,1,SF,1,100,0.0000
1715671772.921047,3094359.000,48224,1,SF,1,100,0.0000
1715671773.185214,3094611.000,48244,1,SF,1,100,0.0000
1715671773.451477,3094865.000,48278,1,SF,1,100,0.0000
1715671773.786927,3095185.000,48331,1,SF,1,100,0.0000
1715671774.118185,3095501.000,48385,1,SF,1,100,0.0000
1715671774.383400,3095754.000,48435,1,SF,1,100,0.0000
1715671774.718850,3096074.000,48487,1,SF,1,100,0.0000
1715671775.052204,3096392.000,48540,1,SF,1,100,0.0000
1715671775.381364,3096706.000,48575,1,SF,1,100,0.0000
1715671775.716814,3097026.000,48624,1,SF,1,100,0.0000
1715671776.116210,3097407.000,48692,1,SF,1,100,0.0000
1715671776.447467,3097723.000,48747,1,SF,1,100,0.0000
1715671776.780820,3098041.000,48798,1,SF,1,100,0.0000
1715671777.049181,3098297.000,48848,1,SF,1,100,0.0000
1715671777.382534,3098615.000,48902,1,SF,1,100,0.0000
1715671777.711694,3098929.000,48953,1,SF,1,100,0.0000
1715671778.047145,3099249.000,49004,1,SF,1,100,0.0000
1715671778.446540,3099630.000,49071,1,SF,1,100,0.0000
1715671778.776749,3099945.000,49119,1,SF,1,100,0.0000
1715671779.112199,3100265.000,49176,1,SF,1,100,0.0000
1715671779.445553,3100583.000,49224,1,SF,1,100,0.0000
1715671779.709720,3100835.000,49280,1,SF,1,100,0.0000
1715671780.042025,3101152.000,49328,1,SF,1,100,0.0000
1715671780.377475,3101472.000,49382,1,SF,1,100,0.0000
1715671780.775822,3101852.000,49437,1,SF,1,100,0.0000
1715671781.038941,3102103.000,49473,1,SF,1,100,0.0000
1715671781.441481,3102487.000,49541,1,SF,1,100,0.0000
1715671781.774835,3102805.000,49596,1,SF,1,100,0.0000
1715671782.105044,3103120.000,49644,1,SF,1,100,0.0000
1715671782.440494,3103440.000,49698,1,SF,1,100,0.0000
1715671782.707806,3103695.000,49748,1,SF,1,100,0.0000
1715671783.039063,3104011.000,49802,1,SF,1,100,0.0000
1715671783.371368,3104328.000,49853,1,SF,1,100,0.0000
1715671783.706818,3104648.000,49904,1,SF,1,100,0.0000
1715671784.040172,3104966.000,49954,1,SF,1,100,0.0000
1715671784.368284,3105279.000,50003,1,SF,1,100,0.0000
1715671784.770824,3105663.000,50071,1,SF,1,100,0.0000
1715671785.105226,3105982.000,50120,1,SF,1,100,0.0000
1715671785.435435,3106297.000,50169,1,SF,1,100,0.0000
1715671785.770885,3106617.000,50221,1,SF,1,100,0.0000
1715671786.038197,3106872.000,50259,1,SF,1,100,0.0000
1715671786.369454,3107188.000,50307,1,SF,1,100,0.0000
1715671786.700711,3107504.000,50358,1,SF,1,100,0.0000
1715671787.103251,3107888.000,50425,1,SF,1,100,0.0000
1715671787.434509,3108204.000,50475,1,SF,1,100,0.0000
1715671787.766814,3108521.000,50526,1,SF,1,100,0.0000
1715671788.033077,3108775.000,50574,1,SF,1,100,0.0000
1715671788.367479,3109094.000,50624,1,SF,1,100,0.0000
1715671788.697688,3109409.000,50673,1,SF,1,100,0.0000
1715671789.032090,3109728.000,50722,1,SF,1,100,0.0000
1715671789.366492,3110047.000,50772,1,SF,1,100,0.0000
1715671789.763791,3110426.000,50837,1,SF,1,100,0.0000
1715671790.095048,3110742.000,50886,1,SF,1,100,0.0000
1715671790.363408,3110998.000,50938,1,SF,1,100,0.0000
1715671790.697810,3111317.000,50987,1,SF,1,100,0.0000
1715671791.025922,3111630.000,51021,1,SF,1,100,0.0000
1715671791.361372,3111950.000,51076,1,SF,1,100,0.0000
1715671791.696822,3112270.000,51127,1,SF,1,100,0.0000
1715671792.027031,3112585.000,51177,1,SF,1,100,0.0000
1715671792.360385,3112903.000,51228,1,SF,1,100,0.0000
1715671792.761877,3113286.000,51294,1,SF,1,100,0.0000
1715671793.092086,3113601.000,51345,1,SF,1,100,0.0000
1715671793.423343,3113917.000,51394,1,SF,1,100,0.0000
1715671793.691703,3114173.000,51444,1,SF,1,100,0.0000
1715671794.027153,3114493.000,51493,1,SF,1,100,0.0000
1715671794.355265,3114806.000,51542,1,SF,1,100,0.0000
1715671794.689667,3115125.000,51594,1,SF,1,100,0.0000
1715671795.025117,3115445.000,51644,1,SF,1,100,0.0000
1715671795.421368,3115823.000,51711,1,SF,1,100,0.0000
1715671795.753673,3116140.000,51762,1,SF,1,100,0.0000
1715671796.088075,3116459.000,51812,1,SF,1,100,0.0000
1715671796.418284,3116774.000,51863,1,SF,1,100,0.0000
1715671796.816631,3117154.000,51917,1,SF,1,100,0.0000
1715671797.084991,3117410.000,51955,1,SF,1,100,0.0000
1715671797.354399,3117667.000,52003,1,SF,1,100,0.0000
1715671797.682512,3117980.000,52053,1,SF,1,100,0.0000
1715671798.015865,3118298.000,52104,1,SF,1,100,0.0000
1715671798.351315,3118618.000,52153,1,SF,1,100,0.0000
1715671798.680476,3118932.000,52203,1,SF,1,100,0.0000
1715671799.078823,3119312.000,52268,1,SF,1,100,0.0000
1715671799.413225,3119631.000,52319,1,SF,1,100,0.0000
1715671799.678440,3119884.000,52369,1,SF,1,100,0.0000
1715671800.008649,3120199.000,52418,1,SF,1,100,0.0000
1715671800.343051,3120518.000,52467,1,SF,1,100,0.0000
1715671800.679549,3120839.000,52517,1,SF,1,100,0.0000
1715671801.007662,3121152.000,52567,1,SF,1,100,0.0000
1715671801.407057,3121533.000,52633,1,SF,1,100,0.0000
1715671801.742507,3121853.000,52685,1,SF,1,100,0.0000
1715671802.137709,3122230.000,52739,1,SF,1,100,0.0000
1715671802.403973,3122484.000,52773,1,SF,1,100,0.0000
1715671802.738375,3122803.000,52821,1,SF,1,100,0.0000
1715671803.004638,3123057.000,52874,1,SF,1,100,0.0000
1715671803.334847,3123372.000,52922,1,SF,1,100,0.0000
1715671803.669249,3123691.000,52971,1,SF,1,100,0.0000
1715671804.005748,3124012.000,53021,1,SF,1,100,0.0000
1715671804.400950,3124389.000,53086,1,SF,1,100,0.0000
1715671804.733255,3124706.000,53135,1,SF,1,100,0.0000
1715671805.068705,3125026.000,53185,1,SF,1,100,0.0000
1715671805.332872,3125278.000,53234,1,SF,1,100,0.0000
1715671805.664129,3125594.000,53284,1,SF,1,100,0.0000
1715671805.998531,3125913.000,53333,1,SF,1,100,0.0000
1715671806.332933,3126232.000,53381,1,SF,1,100,0.0000
1715671806.663142,3126547.000,53432,1,SF,1,100,0.0000
1715671807.063586,3126929.000,53499,1,SF,1,100,0.0000
1715671807.397988,3127248.000,53547,1,SF,1,100,0.0000
1715671807.727148,3127562.000,53586,1,SF,1,100,0.0000
1715671808.059453,3127879.000,53635,1,SF,1,100,0.0000
1715671808.327814,3128135.000,53687,1,SF,1,100,0.0000
1715671808.659071,3128451.000,53736,1,SF,1,100,0.0000
1715671808.990328,3128767.000,53784,1,SF,1,100,0.0000
1715671809.324730,3129086.000,53835,1,SF,1,100,0.0000
1715671809.725173,3129468.000,53900,1,SF,1,100,0.0000
1715671810.053286,3129781.000,53948,1,SF,1,100,0.0000
1715671810.388736,3130101.000,54001,1,SF,1,100,0.0000
1715671810.658144,3130358.000,54049,1,SF,1,100,0.0000
1715671810.985208,3130670.000,54100,1,SF,1,100,0.0000
1715671811.317513,3130987.000,54150,1,SF,1,100,0.0000
1715671811.652964,3131307.000,54199,1,SF,1,100,0.0000
1715671811.986317,3131625.000,54251,1,SF,1,100,0.0000
1715671812.383616,3132004.000,54316,1,SF,1,100,0.0000
1715671812.718018,3132323.000,54365,1,SF,1,100,0.0000
1715671813.051372,3132641.000,54404,1,SF,1,100,0.0000
1715671813.378435,3132953.000,54454,1,SF,1,100,0.0000
1715671813.713886,3133273.000,54505,1,SF,1,100,0.0000
1715671814.048288,3133592.000,54554,1,SF,1,100,0.0000
1715671814.378496,3133907.000,54604,1,SF,1,100,0.0000
1715671814.643712,3134160.000,54653,1,SF,1,100,0.0000
1715671814.979162,3134480.000,54704,1,SF,1,100,0.0000
1715671815.312515,3134798.000,54754,1,SF,1,100,0.0000
1715671815.642724,3135113.000,54802,1,SF,1,100,0.0000
1715671816.044216,3135496.000,54868,1,SF,1,100,0.0000
1715671816.377570,3135814.000,54918,1,SF,1,100,0.0000
1715671816.704634,3136126.000,54968,1,SF,1,100,0.0000
1715671816.972994,3136382.000,55019,1,SF,1,100,0.0000
1715671817.309492,3136703.000,55069,1,SF,1,100,0.0000
1715671817.638653,3137017.000,55118,1,SF,1,100,0.0000
1715671817.969910,3137333.000,55168,1,SF,1,100,0.0000
1715671818.305360,3137653.000,55208,1,SF,1,100,0.0000
1715671818.638714,3137971.000,55260,1,SF,1,100,0.0000
1715671818.966826,3138284.000,55309,1,SF,1,100,0.0000
1715671819.368318,3138667.000,55374,1,SF,1,100,0.0000
1715671819.701671,3138985.000,55424,1,SF,1,100,0.0000
1715671820.029784,3139298.000,55473,1,SF,1,100,0.0000
1715671820.298144,3139554.000,55523,1,SF,1,100,0.0000
1715671820.634642,3139875.000,55572,1,SF,1,100,0.0000
1715671820.964851,3140190.000,55622,1,SF,1,100,0.0000
1715671821.295060,3140505.000,55673,1,SF,1,100,0.0000
1715671821.630510,3140825.000,55721,1,SF,1,100,0.0000
1715671822.029905,3141206.000,55790,1,SF,1,100,0.0000
1715671822.358018,3141519.000,55841,1,SF,1,100,0.0000
1715671822.693468,3141839.000,55889,1,SF,1,100,0.0000
1715671822.960780,3142094.000,55940,1,SF,1,100,0.0000
1715671823.292037,3142410.000,55988,1,SF,1,100,0.0000
1715671823.625390,3142728.000,56028,1,SF,1,100,0.0000
1715671824.026882,3143111.000,56078,1,SF,1,100,0.0000
1715671824.293146,3143365.000,56131,1,SF,1,100,0.0000
1715671824.689396,3143743.000,56179,1,SF,1,100,0.0000
1715671825.024847,3144063.000,56229,1,SF,1,100,0.0000
1715671825.357152,3144380.000,56277,1,SF,1,100,0.0000
1715671825.685264,3144693.000,56328,1,SF,1,100,0.0000
1715671825.953624,3144949.000,56378,1,SF,1,100,0.0000
1715671826.288026,3145268.000,56428,1,SF,1,100,0.0000
1715671826.619283,3145584.000,56477,1,SF,1,100,0.0000
1715671826.951589,3145901.000,56528,1,SF,1,100,0.0000
1715671827.288087,3146222.000,56578,1,SF,1,100,0.0000
1715671827.686434,3146602.000,56645,1,SF,1,100,0.0000
1715671828.014546,3146915.000,56696,1,SF,1,100,0.0000
1715671828.349997,3147235.000,56746,1,SF,1,100,0.0000
1715671828.616260,3147489.000,56795,1,SF,1,100,0.0000
1715671829.079601,3147931.000,56851,1,SF,1,100,0.0000
1715671829.280871,3148123.000,56885,1,SF,1,100,0.0000
1715671829.615273,3148442.000,56933,1,SF,1,100,0.0000
1715671829.947578,3148759.000,56984,1,SF,1,100,0.0000
1715671830.278835,3149075.000,57032,1,SF,1,100,0.0000
1715671830.680327,3149458.000,57097,1,SF,1,100,0.0000
1715671831.013681,3149776.000,57150,1,SF,1,100,0.0000
1715671831.341793,3150089.000,57198,1,SF,1,100,0.0000
1715671831.610153,3150345.000,57249,1,SF,1,100,0.0000
1715671831.943506,3150663.000,57299,1,SF,1,100,0.0000
1715671832.273715,3150978.000,57348,1,SF,1,100,0.0000
1715671832.608117,3151297.000,57398,1,SF,1,100,0.0000
1715671833.009609,3151680.000,57463,1,SF,1,100,0.0000
1715671833.339818,3151995.000,57512,1,SF,1,100,0.0000
1715671833.672123,3152312.000,57564,1,SF,1,100,0.0000
1715671833.941532,3152569.000,57613,1,SF,1,100,0.0000
1715671834.404872,3153011.000,57670,1,SF,1,100,0.0000
1715671834.601949,3153199.000,57704,1,SF,1,100,0.0000
1715671834.937399,3153519.000,57753,1,SF,1,100,0.0000
1715671835.270753,3153837.000,57803,1,SF,1,100,0.0000
1715671835.602010,3154153.000,57851,1,SF,1,100,0.0000
1715671836.002454,3154535.000,57919,1,SF,1,100,0.0000
1715671836.336856,3154854.000,57969,1,SF,1,100,0.0000
1715671836.667064,3155169.000,58019,1,SF,1,100,0.0000
1715671836.931231,3155421.000,58070,1,SF,1,100,0.0000
1715671837.267730,3155742.000,58120,1,SF,1,100,0.0000
1715671837.598987,3156058.000,58169,1,SF,1,100,0.0000
1715671837.929196,3156373.000,58221,1,SF,1,100,0.0000
1715671838.331736,3156757.000,58286,1,SF,1,100,0.0000
1715671838.666138,3157076.000,58335,1,SF,1,100,0.0000
1715671838.996347,3157391.000,58387,1,SF,1,100,0.0000
1715671839.262610,3157645.000,58436,1,SF,1,100,0.0000
1715671839.597012,3157964.000,58486,1,SF,1,100,0.0000
1715671839.929317,3158281.000,58523,1,SF,1,100,0.0000
1715671840.259526,3158596.000,58572,1,SF,1,100,0.0000
1715671840.661018,3158979.000,58637,1,SF,1,100,0.0000
1715671840.996469,3159299.000,58689,1,SF,1,100,0.0000
1715671841.325629,3159613.000,58738,1,SF,1,100,0.0000
1715671841.592941,3159868.000,58788,1,SF,1,100,0.0000
1715671841.927343,3160187.000,58839,1,SF,1,100,0.0000
1715671842.258600,3160503.000,58887,1,SF,1,100,0.0000
1715671842.589857,3160819.000,58938,1,SF,1,100,0.0000
1715671842.924259,3161138.000,58988,1,SF,1,100,0.0000
1715671843.323654,3161519.000,59053,1,SF,1,100,0.0000
1715671843.654911,3161835.000,59104,1,SF,1,100,0.0000
1715671843.924320,3162092.000,59152,1,SF,1,100,0.0000
1715671844.256625,3162409.000,59205,1,SF,1,100,0.0000
1715671844.587882,3162725.000,59253,1,SF,1,100,0.0000
1715671844.921236,3163043.000,59302,1,SF,1,100,0.0000
1715671845.322727,3163426.000,59355,1,SF,1,100,0.0000
1715671845.652936,3163741.000,59406,1,SF,1,100,0.0000
1715671845.918152,3163994.000,59454,1,SF,1,100,0.0000
1715671846.252553,3164313.000,59505,1,SF,1,100,0.0000
1715671846.585907,3164631.000,59553,1,SF,1,100,0.0000
1715671846.917164,3164947.000,59606,1,SF,1,100,0.0000
1715671847.317608,3165329.000,59674,1,SF,1,100,0.0000
1715671847.654106,3165650.000,59723,1,SF,1,100,0.0000
1715671847.982219,3165963.000,59774,1,SF,1,100,0.0000
1715671848.248482,3166217.000,59824,1,SF,1,100,0.0000
1715671848.582884,3166536.000,59873,1,SF,1,100,0.0000
1715671848.915189,3166853.000,59921,1,SF,1,100,0.0000
1715671849.246446,3167169.000,59972,1,SF,1,100,0.0000
1715671849.647938,3167552.000,60039,1,SF,1,100,0.0000
1715671849.982340,3167871.000,60087,1,SF,1,100,0.0000
1715671850.313597,3168187.000,60138,1,SF,1,100,0.0000
1715671850.580909,3168442.000,60173,1,SF,1,100,0.0000
1715671850.913214,3168759.000,60221,1,SF,1,100,0.0000
1715671851.244472,3169075.000,60272,1,SF,1,100,0.0000
1715671851.642819,3169455.000,60341,1,SF,1,100,0.0000
1715671851.977221,3169774.000,60389,1,SF,1,100,0.0000
1715671852.310574,3170092.000,60440,1,SF,1,100,0.0000
1715671852.575789,3170345.000,60490,1,SF,1,100,0.0000
1715671852.909143,3170663.000,60541,1,SF,1,100,0.0000
1715671853.244593,3170983.000,60589,1,SF,1,100,0.0000
1715671853.575850,3171299.000,60640,1,SF,1,100,0.0000
1715671853.974197,3171679.000,60706,1,SF,1,100,0.0000
1715671854.310696,3172000.000,60755,1,SF,1,100,0.0000
1715671854.639856,3172314.000,60806,1,SF,1,100,0.0000
1715671854.973210,3172632.000,60856,1,SF,1,100,0.0000
1715671855.240522,3172887.000,60905,1,SF,1,100,0.0000
1715671855.575972,3173207.000,60956,1,SF,1,100,0.0000
1715671855.973271,3173586.000,61011,1,SF,1,100,0.0000
1715671856.239534,3173840.000,61045,1,SF,1,100,0.0000
1715671856.642075,3174224.000,61115,1,SF,1,100,0.0000
1715671856.971235,3174538.000,61164,1,SF,1,100,0.0000
1715671857.303540,3174855.000,61213,1,SF,1,100,0.0000
1715671857.570852,3175110.000,61265,1,SF,1,100,0.0000
1715671857.905254,3175429.000,61314,1,SF,1,100,0.0000
1715671858.236511,3175745.000,61348,1,SF,1,100,0.0000
1715671858.569865,3176063.000,61400,1,SF,1,100,0.0000
1715671858.904267,3176382.000,61449,1,SF,1,100,0.0000
1715671859.234476,3176697.000,61499,1,SF,1,100,0.0000
1715671859.565733,3177013.000,61549,1,SF,1,100,0.0000
1715671859.901183,3177333.000,61600,1,SF,1,100,0.0000
1715671860.298482,3177712.000,61665,1,SF,1,100,0.0000
1715671860.630787,3178029.000,61713,1,SF,1,100,0.0000
1715671860.898099,3178284.000,61766,1,SF,1,100,0.0000
1715671861.365633,3178730.000,61820,1,SF,1,100,0.0000
1715671861.564806,3178920.000,61854,1,SF,1,100,0.0000
1715671861.897111,3179237.000,61906,1,SF,1,100,0.0000
1715671862.231514,3179556.000,61955,1,SF,1,100,0.0000
1715671862.561722,3179871.000,62005,1,SF,1,100,0.0000
1715671862.892979,3180187.000,62056,1,SF,1,100,0.0000
1715671863.295519,3180571.000,62121,1,SF,1,100,0.0000
1715671863.625728,3180886.000,62173,1,SF,1,100,0.0000
1715671863.893040,3181141.000,62222,1,SF,1,100,0.0000
1715671864.225345,3181458.000,62272,1,SF,1,100,0.0000
1715671864.560796,3181778.000,62321,1,SF,1,100,0.0000
1715671864.891004,3182093.000,62371,1,SF,1,100,0.0000
1715671865.223310,3182410.000,62422,1,SF,1,100,0.0000
1715671865.623753,3182792.000,62487,1,SF,1,100,0.0000
1715671865.951866,3183105.000,62537,1,SF,1,100,0.0000
1715671866.286268,3183424.000,62588,1,SF,1,100,0.0000
1715671866.686711,3183806.000,62642,1,SF,1,100,0.0000
1715671866.951926,3184059.000,62678,1,SF,1,100,0.0000
1715671867.283184,3184375.000,62726,1,SF,1,100,0.0000
1715671867.619682,3184696.000,62777,1,SF,1,100,0.0000
1715671867.885946,3184950.000,62825,1,SF,1,100,0.0000
1715671868.215106,3185264.000,62876,1,SF,1,100,0.0000
1715671868.547411,3185581.000,62924,1,SF,1,100,0.0000
1715671868.881813,3185900.000,62973,1,SF,1,100,0.0000
1715671869.212022,3186215.000,63023,1,SF,1,100,0.0000
1715671869.611418,3186596.000,63090,1,SF,1,100,0.0000
1715671869.945819,3186915.000,63139,1,SF,1,100,0.0000
1715671870.278125,3187232.000,63189,1,SF,1,100,0.0000
1715671870.544388,3187486.000,63238,1,SF,1,100,0.0000
1715671870.876693,3187803.000,63287,1,SF,1,100,0.0000
1715671871.212144,3188123.000,63337,1,SF,1,100,0.0000
1715671871.541304,3188437.000,63385,1,SF,1,100,0.0000
1715671872.072783,3188944.000,63462,1,SF,1,100,0.0000
1715671872.208012,3189073.000,63479,1,SF,1,100,0.0000
1715671872.539268,3189389.000,63532,1,SF,1,100,0.0000
1715671872.870526,3189705.000,63580,1,SF,1,100,0.0000
1715671873.274114,3190090.000,63648,1,SF,1,100,0.0000
1715671873.607468,3190408.000,63698,1,SF,1,100,0.0000
1715671873.937676,3190723.000,63746,1,SF,1,100,0.0000
1715671874.204988,3190978.000,63797,1,SF,1,100,0.0000
1715671874.540439,3191298.000,63847,1,SF,1,100,0.0000
1715671874.869599,3191612.000,63896,1,SF,1,100,0.0000
1715671875.201905,3191929.000,63946,1,SF,1,100,0.0000
1715671875.537355,3192249.000,63995,1,SF,1,100,0.0000
1715671875.933605,3192627.000,64062,1,SF,1,100,0.0000
1715671876.265910,3192944.000,64112,1,SF,1,100,0.0000
1715671876.534271,3193200.000,64161,1,SF,1,100,0.0000
1715671876.868673,3193519.000,64213,1,SF,1,100,0.0000
1715671877.199929,3193835.000,64264,1,SF,1,100,0.0000
1715671877.532235,3194152.000,64303,1,SF,1,100,0.0000
1715671877.867685,3194472.000,64354,1,SF,1,100,0.0000
1715671878.196846,3194786.000,64404,1,SF,1,100,0.0000
1715671878.529151,3195103.000,64455,1,SF,1,100,0.0000
1715671878.929595,3195485.000,64520,1,SF,1,100,0.0000
1715671879.259803,3195800.000,64568,1,SF,1,100,0.0000
1715671879.593157,3196118.000,64621,1,SF,1,100,0.0000
1715671879.861517,3196374.000,64669,1,SF,1,100,0.0000
1715671880.195919,3196693.000,64721,1,SF,1,100,0.0000
1715671880.526128,3197008.000,64770,1,SF,1,100,0.0000
1715671880.858433,3197325.000,64821,1,SF,1,100,0.0000
1715671881.193883,3197645.000,64871,1,SF,1,100,0.0000
1715671881.588037,3198021.000,64938,1,SF,1,100,0.0000
1715671881.922439,3198340.000,64989,1,SF,1,100,0.0000
1715671882.255793,3198658.000,65039,1,SF,1,100,0.0000
1715671882.521008,3198911.000,65088,1,SF,1,100,0.0000
1715671882.919355,3199291.000,65127,1,SF,1,100,0.0000
1715671883.254805,3199611.000,65176,1,SF,1,100,0.0000
1715671883.522117,3199866.000,65226,1,SF,1,100,0.0000
1715671883.852326,3200181.000,65275,1,SF,1,100,0.0000
1715671884.184631,3200498.000,65325,1,SF,1,100,0.0000
1715671884.520082,3200818.000,65376,1,SF,1,100,0.0000
1715671884.849242,3201132.000,65426,1,SF,1,100,0.0000
1715671885.248637,3201513.000,65492,1,SF,1,100,0.0000
1715671885.581991,3201831.000,6,1,SF,1,100,0.0000
1715671885.913248,3202147.000,54,1,SF,1,100,0.0000
1715671886.177415,3202399.000,107,1,SF,1,100,0.0000
1715671886.513914,3202720.000,157,1,SF,1,100,0.0000
1715671886.847267,3203038.000,208,1,SF,1,100,0.0000
1715671887.177476,3203353.000,258,1,SF,1,100,0.0000
1715671887.578968,3203736.000,326,1,SF,1,100,0.0000
1715671887.910225,3204052.000,375,1,SF,1,100,0.0000
1715671888.175440,3204305.000,416,1,SF,1,100,0.0000
1715671888.573787,3204685.000,481,1,SF,1,100,0.0000
1715671888.907141,3205003.000,534,1,SF,1,100,0.0000
1715671889.174453,3205258.000,586,1,SF,1,100,0.0000
1715671889.502565,3205571.000,636,1,SF,1,100,0.0000
1715671889.839064,3205892.000,685,1,SF,1,100,0.0000
1715671890.172417,3206210.000,736,1,SF,1,100,0.0000
1715671890.502626,3206525.000,790,1,SF,1,100,0.0000
1715671890.834931,3206842.000,838,1,SF,1,100,0.0000
1715671891.235375,3207224.000,908,1,SF,1,100,0.0000
1715671891.566632,3207540.000,943,1,SF,1,100,0.0000
1715671891.898937,3207857.000,993,1,SF,1,100,0.0000
1715671892.166249,3208112.000,1046,1,SF,1,100,0.0000
1715671892.499603,3208430.000,1094,1,SF,1,100,0.0000
1715671892.826667,3208742.000,1143,1,SF,1,100,0.0000
1715671893.163165,3209063.000,1201,1,SF,1,100,0.0000
1715671893.562561,3209444.000,1257,1,SF,1,100,0.0000
1715671893.827776,3209697.000,1308,1,SF,1,100,0.0000
1715671894.160081,3210014.000,1359,1,SF,1,100,0.0000
1715671894.495531,3210334.000,1412,1,SF,1,100,0.0000
1715671894.827837,3210651.000,1461,1,SF,1,100,0.0000
1715671895.158046,3210966.000,1514,1,SF,1,100,0.0000
1715671895.492447,3211285.000,1565,1,SF,1,100,0.0000
1715671895.890795,3211665.000,1634,1,SF,1,100,0.0000
1715671896.221003,3211980.000,1685,1,SF,1,100,0.0000
1715671896.555405,3212299.000,1739,1,SF,1,100,0.0000
1715671896.888759,3212617.000,1792,1,SF,1,100,0.0000
1715671897.218968,3212932.000,1841,1,SF,1,100,0.0000
1715671897.486279,3213187.000,1893,1,SF,1,100,0.0000
1715671897.821730,3213507.000,1945,1,SF,1,100,0.0000
1715671898.154035,3213824.000,1995,1,SF,1,100,0.0000
1715671898.483196,3214138.000,2046,1,SF,1,100,0.0000
1715671898.884687,3214521.000,2099,1,SF,1,100,0.0000
1715671899.216993,3214838.000,2151,1,SF,1,100,0.0000
1715671899.547202,3215153.000,2201,1,SF,1,100,0.0000
1715671899.815562,3215409.000,2255,1,SF,1,100,0.0000
1715671900.148915,3215727.000,2304,1,SF,1,100,0.0000
1715671900.480172,3216043.000,2359,1,SF,1,100,0.0000
1715671900.812478,3216360.000,2407,1,SF,1,100,0.0000
1715671901.147928,3216680.000,2461,1,SF,1,100,0.0000
1715671901.545227,3217059.000,2530,1,SF,1,100,0.0000
1715671901.876484,3217375.000,2581,1,SF,1,100,0.0000
1715671902.210886,3217694.000,2635,1,SF,1,100,0.0000
1715671902.478198,3217949.000,2685,1,SF,1,100,0.0000
1715671902.805261,3218261.000,2736,1,SF,1,100,0.0000
1715671903.141760,3218582.000,2787,1,SF,1,100,0.0000
1715671903.475114,3218900.000,2837,1,SF,1,100,0.0000
1715671903.807419,3219217.000,2888,1,SF,1,100,0.0000
1715671904.207863,3219599.000,2942,1,SF,1,100,0.0000
1715671904.474126,3219853.000,2979,1,SF,1,100,0.0000
1715671904.807480,3220171.000,3033,1,SF,1,100,0.0000
1715671905.135592,3220484.000,3083,1,SF,1,100,0.0000
1715671905.471042,3220804.000,3132,1,SF,1,100,0.0000
1715671905.869389,3221184.000,3202,1,SF,1,100,0.0000
1715671906.199598,3221499.000,3255,1,SF,1,100,0.0000
1715671906.467958,3221755.000,3304,1,SF,1,100,0.0000
1715671906.801312,3222073.000,3361,1,SF,1,100,0.0000
1715671907.134665,3222391.000,3410,1,SF,1,100,0.0000
1715671907.464874,3222706.000,3462,1,SF,1,100,0.0000
1715671907.800324,3223026.000,3514,1,SF,1,100,0.0000
1715671908.198671,3223406.000,3582,1,SF,1,100,0.0000
1715671908.528880,3223721.000,3630,1,SF,1,100,0.0000
1715671908.862234,3224039.000,3686,1,SF,1,100,0.0000
1715671909.129546,3224294.000,3734,1,SF,1,100,0.0000
1715671909.525796,3224672.000,3793,1,SF,1,100,0.0000
1715671909.793108,3224927.000,3844,1,SF,1,100,0.0000
1715671910.127510,3225246.000,3897,1,SF,1,100,0.0000
1715671910.460864,3225564.000,3945,1,SF,1,100,0.0000
1715671910.790024,3225878.000,3999,1,SF,1,100,0.0000
1715671911.125474,3226198.000,4049,1,SF,1,100,0.0000
1715671911.524870,3226579.000,4119,1,SF,1,100,0.0000
1715671911.855078,3226894.000,4168,1,SF,1,100,0.0000
1715671912.188432,3227212.000,4223,1,SF,1,100,0.0000
1715671912.455744,3227467.000,4275,1,SF,1,100,0.0000
1715671912.784904,3227781.000,4325,1,SF,1,100,0.0000
1715671913.120355,3228101.000,4376,1,SF,1,100,0.0000
1715671913.454756,3228420.000,4427,1,SF,1,100,0.0000
1715671913.788110,3228738.000,4478,1,SF,1,100,0.0000
1715671914.186457,3229118.000,4548,1,SF,1,100,0.0000
1715671914.519811,3229436.000,4599,1,SF,1,100,0.0000
1715671914.852116,3229753.000,4655,1,SF,1,100,0.0000
1715671915.182325,3230068.000,4705,1,SF,1,100,0.0000
1715671915.516727,3230387.000,4756,1,SF,1,100,0.0000
1715671915.785087,3230643.000,4807,1,SF,1,100,0.0000
1715671916.114248,3230957.000,4860,1,SF,1,100,0.0000
1715671916.448649,3231276.000,4911,1,SF,1,100,0.0000
1715671916.783051,3231595.000,4965,1,SF,1,100,0.0000
1715671917.116405,3231913.000,5014,1,SF,1,100,0.0000
1715671917.444517,3232226.000,5063,1,SF,1,100,0.0000
1715671917.847057,3232610.000,5137,1,SF,1,100,0.0000
1715671918.180411,3232928.000,5186,1,SF,1,100,0.0000
1715671918.510620,3233243.000,5238,1,SF,1,100,0.0000
1715671918.777932,3233498.000,5290,1,SF,1,100,0.0000
1715671919.113382,3233818.000,5339,1,SF,1,100,0.0000
1715671919.442542,3234132.000,5388,1,SF,1,100,0.0000
1715671919.775896,3234450.000,5441,1,SF,1,100,0.0000
1715671920.110298,3234769.000,5491,1,SF,1,100,0.0000
1715671920.443651,3235087.000,5550,1,SF,1,100,0.0000
1715671920.771764,3235400.000,5598,1,SF,1,100,0.0000
1715671921.107214,3235720.000,5654,1,SF,1,100,0.0000
1715671921.508706,3236103.000,5724,1,SF,1,100,0.0000
1715671921.838915,3236418.000,5772,1,SF,1,100,0.0000
1715671922.171220,3236735.000,5825,1,SF,1,100,0.0000
1715671922.507718,3237056.000,5876,1,SF,1,100,0.0000
1715671922.836879,3237370.000,5930,1,SF,1,100,0.0000
1715671923.102094,3237623.000,5980,1,SF,1,100,0.0000
1715671923.436496,3237942.000,6031,1,SF,1,100,0.0000
1715671923.770898,3238261.000,6082,1,SF,1,100,0.0000
1715671924.099010,3238574.000,6118,1,SF,1,100,0.0000
1715671924.501550,3238958.000,6185,1,SF,1,100,0.0000
1715671924.837001,3239278.000,6239,1,SF,1,100,0.0000
1715671925.167209,3239593.000,6289,1,SF,1,100,0.0000
1715671925.433473,3239847.000,6340,1,SF,1,100,0.0000
1715671925.836013,3240231.000,6393,1,SF,1,100,0.0000
1715671926.165174,3240545.000,6447,1,SF,1,100,0.0000
1715671926.430389,3240798.000,6497,1,SF,1,100,0.0000
1715671926.764791,3241117.000,6552,1,SF,1,100,0.0000
1715671927.100241,3241437.000,6601,1,SF,1,100,0.0000
1715671927.428353,3241750.000,6655,1,SF,1,100,0.0000
1715671927.762755,3242069.000,6705,1,SF,1,100,0.0000
1715671928.165295,3242453.000,6772,1,SF,1,100,0.0000
1715671928.494456,3242767.000,6821,1,SF,1,100,0.0000
1715671928.760720,3243021.000,6874,1,SF,1,100,0.0000
1715671929.096170,3243341.000,6923,1,SF,1,100,0.0000
1715671929.426378,3243656.000,6973,1,SF,1,100,0.0000
1715671929.758684,3243973.000,7024,1,SF,1,100,0.0000
1715671930.093086,3244292.000,7075,1,SF,1,100,0.0000
1715671930.428536,3244612.000,7128,1,SF,1,100,0.0000
1715671930.826883,3244992.000,7196,1,SF,1,100,0.0000
1715671931.159188,3245309.000,7235,1,SF,1,100,0.0000
1715671931.427548,3245565.000,7290,1,SF,1,100,0.0000
1715671931.757757,3245880.000,7344,1,SF,1,100,0.0000
1715671932.090063,3246197.000,7392,1,SF,1,100,0.0000
1715671932.425513,3246517.000,7443,1,SF,1,100,0.0000
1715671932.822812,3246896.000,7513,1,SF,1,100,0.0000
1715671933.154069,3247212.000,7561,1,SF,1,100,0.0000
1715671933.489519,3247532.000,7614,1,SF,1,100,0.0000
1715671933.757879,3247788.000,7665,1,SF,1,100,0.0000
1715671934.087039,3248102.000,7716,1,SF,1,100,0.0000
1715671934.420393,3248420.000,7769,1,SF,1,100,0.0000
1715671934.755843,3248740.000,7818,1,SF,1,100,0.0000
1715671935.085004,3249054.000,7871,1,SF,1,100,0.0000
1715671935.416261,3249370.000,7922,1,SF,1,100,0.0000
1715671935.818801,3249754.000,7987,1,SF,1,100,0.0000
1715671936.150058,3250070.000,8040,1,SF,1,100,0.0000
1715671936.481315,3250386.000,8086,1,SF,1,100,0.0000
1715671936.816765,3250706.000,8140,1,SF,1,100,0.0000
1715671937.152215,3251026.000,8190,1,SF,1,100,0.0000
1715671937.482424,3251341.000,8241,1,SF,1,100,0.0000
1715671937.814730,3251658.000,8292,1,SF,1,100,0.0000
1715671938.083090,3251914.000,8345,1,SF,1,100,0.0000
1715671938.413299,3252229.000,8393,1,SF,1,100,0.0000
1715671938.744555,3252545.000,8443,1,SF,1,100,0.0000
1715671939.080006,3252865.000,8495,1,SF,1,100,0.0000
1715671939.412311,3253182.000,8546,1,SF,1,100,0.0000
1715671939.744617,3253499.000,8596,1,SF,1,100,0.0000
1715671940.146108,3253882.000,8666,1,SF,1,100,0.0000
1715671940.481559,3254202.000,8715,1,SF,1,100,0.0000
1715671940.811767,3254517.000,8768,1,SF,1,100,0.0000
1715671941.076983,3254770.000,8819,1,SF,1,100,0.0000
1715671941.412433,3255090.000,8868,1,SF,1,100,0.0000
1715671941.808683,3255468.000,8928,1,SF,1,100,0.0000
1715671942.139941,3255784.000,8981,1,SF,1,100,0.0000
1715671942.409349,3256041.000,9032,1,SF,1,100,0.0000
1715671942.741654,3256358.000,9082,1,SF,1,100,0.0000
1715671943.073960,3256675.000,9136,1,SF,1,100,0.0000
1715671943.408361,3256994.000,9187,1,SF,1,100,0.0000
1715671943.744860,3257315.000,9238,1,SF,1,100,0.0000
1715671944.141110,3257693.000,9308,1,SF,1,100,0.0000
1715671944.473416,3258010.000,9356,1,SF,1,100,0.0000
1715671944.808866,3258330.000,9410,1,SF,1,100,0.0000
1715671945.071985,3258581.000,9458,1,SF,1,100,0.0000
1715671945.404290,3258898.000,9510,1,SF,1,100,0.0000
1715671945.739740,3259218.000,9562,1,SF,1,100,0.0000
1715671946.072046,3259535.000,9616,1,SF,1,100,0.0000
1715671946.404351,3259852.000,9666,1,SF,1,100,0.0000
1715671946.805843,3260235.000,9736,1,SF,1,100,0.0000
1715671947.075251,3260492.000,9777,1,SF,1,100,0.0000
1715671947.471502,3260870.000,9831,1,SF,1,100,0.0000
1715671947.736717,3261123.000,9879,1,SF,1,100,0.0000
1715671948.072167,3261443.000,9933,1,SF,1,100,0.0000
1715671948.402376,3261758.000,9983,1,SF,1,100,0.0000
1715671948.733633,3262074.000,10035,1,SF,1,100,0.0000
1715671949.069083,3262394.000,10085,1,SF,1,100,0.0000
1715671949.468479,3262775.000,10155,1,SF,1,100,0.0000
1715671949.799736,3263091.000,10204,1,SF,1,100,0.0000
1715671950.135186,3263411.000,10254,1,SF,1,100,0.0000
1715671950.404594,3263668.000,10305,1,SF,1,100,0.0000
1715671950.733755,3263982.000,10357,1,SF,1,100,0.0000
1715671951.066060,3264299.000,10410,1,SF,1,100,0.0000
1715671951.401510,3264619.000,10462,1,SF,1,100,0.0000
1715671951.731719,3264934.000,10516,1,SF,1,100,0.0000
1715671952.062976,3265250.000,10565,1,SF,1,100,0.0000
1715671952.398426,3265570.000,10623,1,SF,1,100,0.0000
1715671952.730732,3265887.000,10673,1,SF,1,100,0.0000
1715671953.063037,3266204.000,10724,1,SF,1,100,0.0000
1715671953.464529,3266587.000,10792,1,SF,1,100,0.0000
1715671953.799979,3266907.000,10840,1,SF,1,100,0.0000
1715671954.130188,3267222.000,10891,1,SF,1,100,0.0000
1715671954.395403,3267475.000,10939,1,SF,1,100,0.0000
1715671954.730853,3267795.000,10992,1,SF,1,100,0.0000
1715671955.061062,3268110.000,11044,1,SF,1,100,0.0000
1715671955.392319,3268426.000,11093,1,SF,1,100,0.0000
1715671955.794859,3268810.000,11148,1,SF,1,100,0.0000
1715671956.127165,3269127.000,11204,1,SF,1,100,0.0000
1715671956.458422,3269443.000,11254,1,SF,1,100,0.0000
1715671956.726782,3269699.000,11305,1,SF,1,100,0.0000
1715671957.063281,3270020.000,11356,1,SF,1,100,0.0000
1715671957.391393,3270333.000,11406,1,SF,1,100,0.0000
1715671957.723698,3270650.000,11460,1,SF,1,100,0.0000
1715671958.059148,3270970.000,11515,1,SF,1,100,0.0000
1715671958.390405,3271286.000,11569,1,SF,1,100,0.0000
1715671958.721662,3271602.000,11618,1,SF,1,100,0.0000
1715671959.057112,3271922.000,11671,1,SF,1,100,0.0000
1715671959.457556,3272304.000,11738,1,SF,1,100,0.0000
1715671959.787765,3272619.000,11790,1,SF,1,100,0.0000
1715671960.123215,3272939.000,11845,1,SF,1,100,0.0000
1715671960.458665,3273259.000,11894,1,SF,1,100,0.0000
1715671960.786777,3273572.000,11944,1,SF,1,100,0.0000
1715671961.053041,3273826.000,11993,1,SF,1,100,0.0000
1715671961.388491,3274146.000,12046,1,SF,1,100,0.0000
1715671961.719748,3274462.000,12097,1,SF,1,100,0.0000
1715671962.052054,3274779.000,12148,1,SF,1,100,0.0000
1715671962.387504,3275099.000,12199,1,SF,1,100,0.0000
1715671962.720858,3275417.000,12252,1,SF,1,100,0.0000
1715671963.117108,3275795.000,12317,1,SF,1,100,0.0000
1715671963.452558,3276115.000,12378,1,SF,1,100,0.0000
1715671963.788008,3276435.000,12426,1,SF,1,100,0.0000
1715671964.116121,3276748.000,12477,1,SF,1,100,0.0000
1715671964.382384,3277002.000,12525,1,SF,1,100,0.0000
1715671964.717834,3277322.000,12578,1,SF,1,100,0.0000
1715671965.050140,3277639.000,12629,1,SF,1,100,0.0000
1715671965.381397,3277955.000,12681,1,SF,1,100,0.0000
1715671965.783937,3278339.000,12748,1,SF,1,100,0.0000
1715671966.117291,3278657.000,12801,1,SF,1,100,0.0000
1715671966.446451,3278971.000,12852,1,SF,1,100,0.0000
1715671966.714811,3279227.000,12907,1,SF,1,100,0.0000
1715671967.051310,3279548.000,12956,1,SF,1,100,0.0000
1715671967.379422,3279861.000,13008,1,SF,1,100,0.0000
1715671967.711727,3280178.000,13058,1,SF,1,100,0.0000
1715671968.047178,3280498.000,13108,1,SF,1,100,0.0000
1715671968.445524,3280878.000,13177,1,SF,1,100,0.0000
1715671968.709692,3281130.000,13217,1,SF,1,100,0.0000
1715671969.045142,3281450.000,13268,1,SF,1,100,0.0000
1715671969.378495,3281768.000,13316,1,SF,1,100,0.0000
1715671969.773698,3282145.000,13387,1,SF,1,100,0.0000
1715671970.109148,3282465.000,13437,1,SF,1,100,0.0000
1715671970.444598,3282785.000,13485,1,SF,1,100,0.0000
1715671970.773758,3283099.000,13538,1,SF,1,100,0.0000
1715671971.040022,3283353.000,13589,1,SF,1,100,0.0000
1715671971.375472,3283673.000,13639,1,SF,1,100,0.0000
1715671971.708826,3283991.000,13695,1,SF,1,100,0.0000
1715671972.039035,3284306.000,13744,1,SF,1,100,0.0000
1715671972.441575,3284690.000,13812,1,SF,1,100,0.0000
1715671972.774929,3285008.000,13864,1,SF,1,100,0.0000
1715671973.101992,3285320.000,13916,1,SF,1,100,0.0000
1715671973.370353,3285576.000,13966,1,SF,1,100,0.0000
1715671973.706851,3285897.000,14018,1,SF,1,100,0.0000
1715671974.037060,3286212.000,14074,1,SF,1,100,0.0000
1715671974.369365,3286529.000,14127,1,SF,1,100,0.0000
1715671974.703767,3286848.000,14175,1,SF,1,100,0.0000
1715671975.037121,3287166.000,14231,1,SF,1,100,0.0000
1715671975.432323,3287543.000,14296,1,SF,1,100,0.0000
1715671975.768821,3287864.000,14347,1,SF,1,100,0.0000
1715671976.035085,3288118.000,14400,1,SF,1,100,0.0000
1715671976.364245,3288432.000,14451,1,SF,1,100,0.0000
1715671976.697599,3288750.000,14507,1,SF,1,100,0.0000
1715671977.034098,3289071.000,14557,1,SF,1,100,0.0000
1715671977.364306,3289386.000,14606,1,SF,1,100,0.0000
1715671977.762653,3289766.000,14675,1,SF,1,100,0.0000
1715671978.098104,3290086.000,14729,1,SF,1,100,0.0000
1715671978.430409,3290403.000,14778,1,SF,1,100,0.0000
1715671978.758521,3290716.000,14831,1,SF,1,100,0.0000
1715671979.095020,3291037.000,14880,1,SF,1,100,0.0000
1715671979.361283,3291291.000,14924,1,SF,1,100,0.0000
1715671979.691492,3291606.000,14974,1,SF,1,100,0.0000
1715671980.024846,3291924.000,15026,1,SF,1,100,0.0000
1715671980.361344,3292245.000,15078,1,SF,1,100,0.0000
1715671980.692601,3292561.000,15130,1,SF,1,100,0.0000
1715671981.024906,3292878.000,15180,1,SF,1,100,0.0000
1715671981.426399,3293261.000,15252,1,SF,1,100,0.0000
1715671981.758704,3293578.000,15301,1,SF,1,100,0.0000
1715671982.086816,3293891.000,15356,1,SF,1,100,0.0000
1715671982.356224,3294148.000,15405,1,SF,1,100,0.0000
1715671982.689578,3294466.000,15456,1,SF,1,100,0.0000
1715671983.019787,3294781.000,15507,1,SF,1,100,0.0000
1715671983.353140,3295099.000,15560,1,SF,1,100,0.0000
1715671983.755681,3295483.000,15625,1,SF,1,100,0.0000
1715671984.086938,3295799.000,15679,1,SF,1,100,0.0000
1715671984.418195,3296115.000,15732,1,SF,1,100,0.0000
1715671984.686555,3296371.000,15771,1,SF,1,100,0.0000
1715671985.019908,3296689.000,15822,1,SF,1,100,0.0000
1715671985.348021,3297002.000,15875,1,SF,1,100,0.0000
1715671985.683471,3297322.000,15926,1,SF,1,100,0.0000
1715671986.016824,3297640.000,15977,1,SF,1,100,0.0000
1715671986.413075,3298018.000,16050,1,SF,1,100,0.0000
1715671986.748525,3298338.000,16100,1,SF,1,100,0.0000
1715671987.083975,3298658.000,16151,1,SF,1,100,0.0000
1715671987.416281,3298975.000,16187,1,SF,1,100,0.0000
1715671987.681496,3299228.000,16236,1,SF,1,100,0.0000
1715671988.015898,3299547.000,16289,1,SF,1,100,0.0000
1715671988.349252,3299865.000,16340,1,SF,1,100,0.0000
1715671988.677364,3300178.000,16392,1,SF,1,100,0.0000
1715671989.012814,3300498.000,16442,1,SF,1,100,0.0000
1715671989.346168,3300816.000,16493,1,SF,1,100,0.0000
1715671989.678473,3301133.000,16546,1,SF,1,100,0.0000
1715671990.010778,3301450.000,16602,1,SF,1,100,0.0000
1715671990.347277,3301771.000,16653,1,SF,1,100,0.0000
1715671990.745624,3302151.000,16723,1,SF,1,100,0.0000
1715671991.075833,3302466.000,16771,1,SF,1,100,0.0000
1715671991.411283,3302786.000,16824,1,SF,1,100,0.0000
1715671991.743588,3303103.000,16877,1,SF,1,100,0.0000
1715671992.006707,3303354.000,16928,1,SF,1,100,0.0000
1715671992.342157,3303674.000,16979,1,SF,1,100,0.0000
1715671992.675511,3303992.000,17030,1,SF,1,100,0.0000
1715671993.008864,3304310.000,17080,1,SF,1,100,0.0000
1715671993.340121,3304626.000,17132,1,SF,1,100,0.0000
1715671993.742661,3305010.000,17199,1,SF,1,100,0.0000
1715671994.074967,3305327.000,17249,1,SF,1,100,0.0000
1715671994.404127,3305641.000,17301,1,SF,1,100,0.0000
1715671994.672487,3305897.000,17353,1,SF,1,100,0.0000
1715671995.005841,3306215.000,17405,1,SF,1,100,0.0000
1715671995.401043,3306592.000,17458,1,SF,1,100,0.0000
1715671995.670452,3306849.000,17495,1,SF,1,100,0.0000
1715671996.003805,3307167.000,17546,1,SF,1,100,0.0000
1715671996.337159,3307485.000,17596,1,SF,1,100,0.0000
1715671996.667368,3307800.000,17647,1,SF,1,100,0.0000
1715671997.003866,3308121.000,17702,1,SF,1,100,0.0000
1715671997.402213,3308501.000,17770,1,SF,1,100,0.0000
1715671997.731374,3308815.000,17819,1,SF,1,100,0.0000
1715671997.999734,3309071.000,17871,1,SF,1,100,0.0000
1715671998.333088,3309389.000,17923,1,SF,1,100,0.0000
1715671998.663296,3309704.000,17975,1,SF,1,100,0.0000
1715671998.997698,3310023.000,18027,1,SF,1,100,0.0000
1715671999.331052,3310341.000,18075,1,SF,1,100,0.0000
1715671999.729399,3310721.000,18140,1,SF,1,100,0.0000
1715672000.060656,3311037.000,18191,1,SF,1,100,0.0000
1715672000.396106,3311357.000,18248,1,SF,1,100,0.0000
1715672000.794453,3311737.000,18306,1,SF,1,100,0.0000
1715672000.992579,3311926.000,18340,1,SF,1,100,0.0000
1715672001.325932,3312244.000,18394,1,SF,1,100,0.0000
1715672001.660334,3312563.000,18446,1,SF,1,100,0.0000
1715672001.991591,3312879.000,18494,1,SF,1,100,0.0000
1715672002.324945,3313197.000,18550,1,SF,1,100,0.0000
1715672002.726437,3313580.000,18618,1,SF,1,100,0.0000
1715672003.056646,3313895.000,18666,1,SF,1,100,0.0000
1715672003.387903,3314211.000,18722,1,SF,1,100,0.0000
1715672003.657311,3314468.000,18770,1,SF,1,100,0.0000
1715672003.989616,3314785.000,18824,1,SF,1,100,0.0000
1715672004.320873,3315101.000,18872,1,SF,1,100,0.0000
1715672004.654227,3315419.000,18926,1,SF,1,100,0.0000
1715672004.989677,3315739.000,18976,1,SF,1,100,0.0000
1715672005.320934,3316055.000,19028,1,SF,1,100,0.0000
1715672005.721378,3316437.000,19095,1,SF,1,100,0.0000
1715672006.121822,3316819.000,19150,1,SF,1,100,0.0000
1715672006.320995,3317009.000,19167,1,SF,1,100,0.0000
1715672006.650156,3317323.000,19224,1,SF,1,100,0.0000
1715672007.052696,3317707.000,19289,1,SF,1,100,0.0000
1715672007.386050,3318025.000,19342,1,SF,1,100,0.0000
1715672007.716258,3318340.000,19396,1,SF,1,100,0.0000
1715672007.982522,3318594.000,19446,1,SF,1,100,0.0000
1715672008.319020,3318915.000,19495,1,SF,1,100,0.0000
1715672008.650277,3319231.000,19548,1,SF,1,100,0.0000
1715672008.982583,3319548.000,19599,1,SF,1,100,0.0000
1715672009.315936,3319866.000,19647,1,SF,1,100,0.0000
1715672009.714283,3320246.000,19717,1,SF,1,100,0.0000
1715672010.045541,3320562.000,19768,1,SF,1,100,0.0000
1715672010.314949,3320819.000,19816,1,SF,1,100,0.0000
1715672010.647254,3321136.000,19869,1,SF,1,100,0.0000
1715672010.979560,3321453.000,19920,1,SF,1,100,0.0000
1715672011.310817,3321769.000,19969,1,SF,1,100,0.0000
1715672011.647315,3322090.000,20029,1,SF,1,100,0.0000
1715672011.978572,3322406.000,20081,1,SF,1,100,0.0000
1715672012.309829,3322722.000,20133,1,SF,1,100,0.0000
1715672012.643183,3323040.000,20184,1,SF,1,100,0.0000
1715672012.976537,3323358.000,20234,1,SF,1,100,0.0000
1715672013.306745,3323673.000,20286,1,SF,1,100,0.0000
1715672013.709285,3324057.000,20354,1,SF,1,100,0.0000
1715672014.044736,3324377.000,20406,1,SF,1,100,0.0000
1715672014.374944,3324692.000,20458,1,SF,1,100,0.0000
1715672014.639112,3324944.000,20508,1,SF,1,100,0.0000
1715672015.042700,3325329.000,20561,1,SF,1,100,0.0000
1715672015.373957,3325645.000,20611,1,SF,1,100,0.0000
1715672015.639172,3325898.000,20660,1,SF,1,100,0.0000
1715672015.972526,3326216.000,20712,1,SF,1,100,0.0000
1715672016.306928,3326535.000,20764,1,SF,1,100,0.0000
1715672016.637137,3326850.000,20817,1,SF,1,100,0.0000
1715672016.973635,3327171.000,20875,1,SF,1,100,0.0000
1715672017.306989,3327489.000,20924,1,SF,1,100,0.0000
1715672017.639294,3327806.000,20977,1,SF,1,100,0.0000
1715672017.969503,3328121.000,21031,1,SF,1,100,0.0000
1715672018.306001,3328442.000,21064,1,SF,1,100,0.0000
1715672018.638307,3328759.000,21112,1,SF,1,100,0.0000
1715672018.969564,3329075.000,21168,1,SF,1,100,0.0000
1715672019.302917,3329393.000,21216,1,SF,1,100,0.0000
1715672019.704409,3329776.000,21285,1,SF,1,100,0.0000
1715672020.035666,3330092.000,21340,1,SF,1,100,0.0000
1715672020.370068,3330411.000,21388,1,SF,1,100,0.0000
1715672020.637380,3330666.000,21442,1,SF,1,100,0.0000
1715672020.969686,3330983.000,21490,1,SF,1,100,0.0000
1715672021.298846,3331297.000,21544,1,SF,1,100,0.0000
1715672021.635345,3331618.000,21596,1,SF,1,100,0.0000
1715672021.968698,3331936.000,21648,1,SF,1,100,0.0000
1715672022.299955,3332252.000,21705,1,SF,1,100,0.0000
1715672022.633309,3332570.000,21757,1,SF,1,100,0.0000
1715672023.035849,3332954.000,21822,1,SF,1,100,0.0000
1715672023.367106,3333270.000,21874,1,SF,1,100,0.0000
1715672023.634418,3333525.000,21923,1,SF,1,100,0.0000
1715672023.967772,3333843.000,21976,1,SF,1,100,0.0000
1715672024.300077,3334160.000,22030,1,SF,1,100,0.0000
1715672024.629237,3334474.000,22078,1,SF,1,100,0.0000
1715672024.965736,3334795.000,22131,1,SF,1,100,0.0000
1715672025.299089,3335113.000,22182,1,SF,1,100,0.0000
1715672025.697437,3335493.000,22247,1,SF,1,100,0.0000
1715672026.031838,3335812.000,22303,1,SF,1,100,0.0000
1715672026.366240,3336131.000,22351,1,SF,1,100,0.0000
1715672026.630407,3336383.000,22407,1,SF,1,100,0.0000
1715672026.963761,3336701.000,22460,1,SF,1,100,0.0000
1715672027.297115,3337019.000,22509,1,SF,1,100,0.0000
1715672027.629420,3337336.000,22564,1,SF,1,100,0.0000
1715672027.958580,3337650.000,22618,1,SF,1,100,0.0000
1715672028.361121,3338034.000,22683,1,SF,1,100,0.0000
1715672028.695523,3338353.000,22733,1,SF,1,100,0.0000
1715672028.960738,3338606.000,22784,1,SF,1,100,0.0000
1715672029.294091,3338924.000,22837,1,SF,1,100,0.0000
1715672029.630590,3339245.000,22889,1,SF,1,100,0.0000
1715672029.959750,3339559.000,22939,1,SF,1,100,0.0000
1715672030.293104,3339877.000,22993,1,SF,1,100,0.0000
1715672030.626458,3340195.000,23041,1,SF,1,100,0.0000
1715672030.959811,3340513.000,23095,1,SF,1,100,0.0000
1715672031.357110,3340892.000,23164,1,SF,1,100,0.0000
1715672031.691512,3341211.000,23215,1,SF,1,100,0.0000
1715672031.959872,3341467.000,23268,1,SF,1,100,0.0000
1715672032.291129,3341783.000,23319,1,SF,1,100,0.0000
1715672032.623435,3342100.000,23369,1,SF,1,100,0.0000
1715672032.959933,3342421.000,23428,1,SF,1,100,0.0000
1715672033.289093,3342735.000,23479,1,SF,1,100,0.0000
1715672033.622447,3343053.000,23530,1,SF,1,100,0.0000
1715672033.955801,3343371.000,23579,1,SF,1,100,0.0000
1715672034.289154,3343689.000,23634,1,SF,1,100,0.0000
1715672034.686453,3344068.000,23699,1,SF,1,100,0.0000
1715672035.020855,3344387.000,23748,1,SF,1,100,0.0000
1715672035.355257,3344706.000,23803,1,SF,1,100,0.0000
1715672035.620472,3344959.000,23852,1,SF,1,100,0.0000
1715672035.951729,3345275.000,23905,1,SF,1,100,0.0000
1715672036.288228,3345596.000,23956,1,SF,1,100,0.0000
1715672036.617388,3345910.000,24006,1,SF,1,100,0.0000
1715672036.950742,3346228.000,24060,1,SF,1,100,0.0000
1715672037.352234,3346611.000,24127,1,SF,1,100,0.0000
1715672037.683491,3346927.000,24175,1,SF,1,100,0.0000
1715672038.014748,3347243.000,24229,1,SF,1,100,0.0000
1715672038.349150,3347562.000,24284,1,SF,1,100,0.0000
1715672038.617510,3347818.000,24338,1,SF,1,100,0.0000
1715672038.948767,3348134.000,24386,1,SF,1,100,0.0000
1715672039.280024,3348450.000,24440,1,SF,1,100,0.0000
1715672039.616523,3348771.000,24490,1,SF,1,100,0.0000
1715672039.946731,3349086.000,24542,1,SF,1,100,0.0000
1715672040.280085,3349404.000,24592,1,SF,1,100,0.0000
1715672040.613439,3349722.000,24643,1,SF,1,100,0.0000
1715672041.012834,3350103.000,24712,1,SF,1,100,0.0000
1715672041.344091,3350419.000,24763,1,SF,1,100,0.0000
1715672041.678493,3350738.000,24814,1,SF,1,100,0.0000
1715672041.946853,3350994.000,24867,1,SF,1,100,0.0000
1715672042.278110,3351310.000,24916,1,SF,1,100,0.0000
1715672042.609367,3351626.000,24969,1,SF,1,100,0.0000
1715672042.945866,3351947.000,25020,1,SF,1,100,0.0000
1715672043.276074,3352262.000,25071,1,SF,1,100,0.0000
1715672043.675470,3352643.000,25127,1,SF,1,100,0.0000
1715672043.942782,3352898.000,25164,1,SF,1,100,0.0000
1715672044.342177,3353279.000,25234,1,SF,1,100,0.0000
1715672044.672386,3353594.000,25284,1,SF,1,100,0.0000
1715672045.006788,3353913.000,25336,1,SF,1,100,0.0000
1715672045.275148,3354169.000,25388,1,SF,1,100,0.0000
1715672045.605357,3354484.000,25440,1,SF,1,100,0.0000
1715672045.936614,3354800.000,25490,1,SF,1,100,0.0000
1715672046.273112,3355121.000,25541,1,SF,1,100,0.0000
1715672046.604369,3355437.000,25591,1,SF,1,100,0.0000
1715672047.003765,3355818.000,25660,1,SF,1,100,0.0000
1715672047.339215,3356138.000,25712,1,SF,1,100,0.0000
1715672047.671520,3356455.000,25763,1,SF,1,100,0.0000
1715672047.935687,3356707.000,25814,1,SF,1,100,0.0000
1715672048.336131,3357089.000,25867,1,SF,1,100,0.0000
1715672048.670533,3357408.000,25918,1,SF,1,100,0.0000
1715672048.999693,3357722.000,25971,1,SF,1,100,0.0000
1715672049.265957,3357976.000,26024,1,SF,1,100,0.0000
1715672049.668497,3358360.000,26059,1,SF,1,100,0.0000
1715672049.999754,3358676.000,26109,1,SF,1,100,0.0000
1715672050.333108,3358994.000,26161,1,SF,1,100,0.0000
1715672050.600420,3359249.000,26213,1,SF,1,100,0.0000
1715672050.935870,3359569.000,26265,1,SF,1,100,0.0000
1715672051.263982,3359882.000,26314,1,SF,1,100,0.0000
1715672051.598384,3360201.000,26371,1,SF,1,100,0.0000
1715672051.932786,3360520.000,26420,1,SF,1,100,0.0000
1715672052.262995,3360835.000,26473,1,SF,1,100,0.0000
1715672052.594252,3361151.000,26523,1,SF,1,100,0.0000
1715672052.996792,3361535.000,26592,1,SF,1,100,0.0000
1715672053.328049,3361851.000,26642,1,SF,1,100,0.0000
1715672053.661402,3362169.000,26695,1,SF,1,100,0.0000
1715672053.928714,3362424.000,26746,1,SF,1,100,0.0000
1715672054.264164,3362744.000,26794,1,SF,1,100,0.0000
1715672054.658319,3363120.000,26853,1,SF,1,100,0.0000
1715672054.992720,3363439.000,26903,1,SF,1,100,0.0000
1715672055.327122,3363758.000,26957,1,SF,1,100,0.0000
1715672055.655235,3364071.000,27007,1,SF,1,100,0.0000
1715672055.921498,3364325.000,27058,1,SF,1,100,0.0000
1715672056.257997,3364646.000,27109,1,SF,1,100,0.0000
1715672056.589254,3364962.000,27160,1,SF,1,100,0.0000
1715672056.922607,3365280.000,27212,1,SF,1,100,0.0000
1715672057.255961,3365598.000,27267,1,SF,1,100,0.0000
1715672057.591411,3365918.000,27317,1,SF,1,100,0.0000
1715672057.919523,3366231.000,27371,1,SF,1,100,0.0000
1715672058.319967,3366613.000,27436,1,SF,1,100,0.0000
1715672058.654369,3366932.000,27491,1,SF,1,100,0.0000
1715672058.982481,3367245.000,27540,1,SF,1,100,0.0000
1715672059.248745,3367499.000,27593,1,SF,1,100,0.0000
1715672059.585243,3367820.000,27642,1,SF,1,100,0.0000
1715672059.917548,3368137.000,27686,1,SF,1,100,0.0000
1715672060.250902,3368455.000,27736,1,SF,1,100,0.0000
1715672060.584256,3368773.000,27788,1,SF,1,100,0.0000
1715672060.984699,3369155.000,27855,1,SF,1,100,0.0000
1715672061.313860,3369469.000,27910,1,SF,1,100,0.0000
1715672061.648262,3369788.000,27959,1,SF,1,100,0.0000
1715672061.916622,3370044.000,28011,1,SF,1,100,0.0000
1715672062.245782,3370358.000,28060,1,SF,1,100,0.0000
1715672062.577039,3370674.000,28112,1,SF,1,100,0.0000
1715672062.913538,3370995.000,28164,1,SF,1,100,0.0000
1715672063.245843,3371312.000,28215,1,SF,1,100,0.0000
1715672063.578149,3371629.000,28266,1,SF,1,100,0.0000
1715672063.979640,3372012.000,28336,1,SF,1,100,0.0000
1715672064.311946,3372329.000,28387,1,SF,1,100,0.0000
1715672064.640058,3372642.000,28438,1,SF,1,100,0.0000
1715672064.908418,3372898.000,28489,1,SF,1,100,0.0000
1715672065.242820,3373217.000,28546,1,SF,1,100,0.0000
1715672065.573029,3373532.000,28598,1,SF,1,100,0.0000
1715672065.904286,3373848.000,28647,1,SF,1,100,0.0000
1715672066.240784,3374169.000,28702,1,SF,1,100,0.0000
1715672066.574138,3374487.000,28753,1,SF,1,100,0.0000
1715672066.972485,3374867.000,28822,1,SF,1,100,0.0000
1715672067.307935,3375187.000,28871,1,SF,1,100,0.0000
1715672067.640241,3375504.000,28925,1,SF,1,100,0.0000
1715672067.902311,3375754.000,28975,1,SF,1,100,0.0000
1715672068.236713,3376073.000,29027,1,SF,1,100,0.0000
1715672068.571115,3376392.000,29077,1,SF,1,100,0.0000
1715672068.902372,3376708.000,29128,1,SF,1,100,0.0000
1715672069.233629,3377024.000,29179,1,SF,1,100,0.0000
1715672069.636169,3377408.000,29246,1,SF,1,100,0.0000
1715672069.969523,3377726.000,29297,1,SF,1,100,0.0000
1715672070.233690,3377978.000,29348,1,SF,1,100,0.0000
1715672070.635182,3378361.000,29404,1,SF,1,100,0.0000
1715672070.967487,3378678.000,29457,1,SF,1,100,0.0000
1715672071.230606,3378929.000,29508,1,SF,1,100,0.0000
1715672071.565008,3379248.000,29561,1,SF,1,100,0.0000
1715672071.900458,3379568.000,29616,1,SF,1,100,0.0000
1715672072.231715,3379884.000,29665,1,SF,1,100,0.0000
1715672072.562972,3380200.000,29714,1,SF,1,100,0.0000
1715672072.965512,3380584.000,29782,1,SF,1,100,0.0000
1715672073.298866,3380902.000,29837,1,SF,1,100,0.0000
1715672073.629075,3381217.000,29886,1,SF,1,100,0.0000
1715672073.896387,3381472.000,29936,1,SF,1,100,0.0000
1715672074.231837,3381792.000,29990,1,SF,1,100,0.0000
1715672074.560997,3382106.000,30043,1,SF,1,100,0.0000
1715672074.895399,3382425.000,30094,1,SF,1,100,0.0000
1715672075.229801,3382744.000,30145,1,SF,1,100,0.0000
1715672075.562106,3383061.000,30196,1,SF,1,100,0.0000
1715672075.960454,3383441.000,30268,1,SF,1,100,0.0000
1715672076.294855,3383760.000,30318,1,SF,1,100,0.0000
1715672076.628209,3384078.000,30372,1,SF,1,100,0.0000
1715672076.891328,3384329.000,30420,1,SF,1,100,0.0000
1715672077.224681,3384647.000,30476,1,SF,1,100,0.0000
1715672077.560132,3384967.000,30524,1,SF,1,100,0.0000
1715672077.890340,3385282.000,30578,1,SF,1,100,0.0000
1715672078.224742,3385601.000,30628,1,SF,1,100,0.0000
1715672078.559144,3385920.000,30680,1,SF,1,100,0.0000
1715672078.957491,3386300.000,30747,1,SF,1,100,0.0000
1715672079.287700,3386615.000,30800,1,SF,1,100,0.0000
1715672079.622102,3386934.000,30852,1,SF,1,100,0.0000
1715672079.955456,3387252.000,30904,1,SF,1,100,0.0000
1715672080.218574,3387503.000,30953,1,SF,1,100,0.0000
1715672080.551928,3387821.000,31006,1,SF,1,100,0.0000
1715672080.953420,3388204.000,31057,1,SF,1,100,0.0000
1715672081.218635,3388457.000,31096,1,SF,1,100,0.0000
1715672081.551989,3388775.000,31148,1,SF,1,100,0.0000
1715672081.952432,3389157.000,31218,1,SF,1,100,0.0000
1715672082.284738,3389474.000,31270,1,SF,1,100,0.0000
1715672082.613898,3389788.000,31320,1,SF,1,100,0.0000
1715672082.882258,3390044.000,31374,1,SF,1,100,0.0000
1715672083.215612,3390362.000,31424,1,SF,1,100,0.0000
1715672083.545821,3390677.000,31474,1,SF,1,100,0.0000
1715672083.879174,3390995.000,31524,1,SF,1,100,0.0000
1715672084.280666,3391378.000,31595,1,SF,1,100,0.0000
1715672084.611923,3391694.000,31645,1,SF,1,100,0.0000
1715672084.944229,3392011.000,31696,1,SF,1,100,0.0000
1715672085.278631,3392330.000,31749,1,SF,1,100,0.0000
1715672085.544894,3392584.000,31800,1,SF,1,100,0.0000
1715672085.873006,3392897.000,31853,1,SF,1,100,0.0000
1715672086.209505,3393218.000,31904,1,SF,1,100,0.0000
1715672086.542859,3393536.000,31960,1,SF,1,100,0.0000
1715672086.875164,3393853.000,32015,1,SF,1,100,0.0000
1715672087.207469,3394170.000,32065,1,SF,1,100,0.0000
1715672087.542919,3394490.000,32114,1,SF,1,100,0.0000
1715672087.874177,3394806.000,32165,1,SF,1,100,0.0000
1715672088.270427,3395184.000,32234,1,SF,1,100,0.0000
1715672088.604829,3395503.000,32286,1,SF,1,100,0.0000
1715672088.938183,3395821.000,32337,1,SF,1,100,0.0000
1715672089.200253,3396071.000,32387,1,SF,1,100,0.0000
1715672089.536752,3396392.000,32439,1,SF,1,100,0.0000
1715672089.871153,3396711.000,32493,1,SF,1,100,0.0000
1715672090.203459,3397028.000,32543,1,SF,1,100,0.0000
1715672090.534716,3397344.000,32591,1,SF,1,100,0.0000
1715672090.936208,3397727.000,32662,1,SF,1,100,0.0000
1715672091.267465,3398043.000,32717,1,SF,1,100,0.0000
1715672091.597673,3398358.000,32765,1,SF,1,100,0.0000
1715672092.067304,3398806.000,32824,1,SF,1,100,0.0000
1715672092.198339,3398931.000,32841,1,SF,1,100,0.0000
1715672092.527499,3399245.000,32893,1,SF,1,100,0.0000
1715672092.863998,3399566.000,32945,1,SF,1,100,0.0000
1715672093.265490,3399949.000,33013,1,SF,1,100,0.0000
1715672093.596747,3400265.000,33062,1,SF,1,100,0.0000
1715672093.861962,3400518.000,33114,1,SF,1,100,0.0000
1715672094.197412,3400838.000,33163,1,SF,1,100,0.0000
1715672094.528669,3401154.000,33215,1,SF,1,100,0.0000
1715672094.858878,3401469.000,33267,1,SF,1,100,0.0000
1715672095.193280,3401788.000,33315,1,SF,1,100,0.0000
1715672095.592675,3402169.000,33380,1,SF,1,100,0.0000
1715672095.922884,3402484.000,33436,1,SF,1,100,0.0000
1715672096.257286,3402803.000,33486,1,SF,1,100,0.0000
1715672096.525646,3403059.000,33537,1,SF,1,100,0.0000
1715672096.857952,3403376.000,33585,1,SF,1,100,0.0000
1715672097.189209,3403692.000,33639,1,SF,1,100,0.0000
1715672097.524659,3404012.000,33678,1,SF,1,100,0.0000
1715672097.855916,3404328.000,33729,1,SF,1,100,0.0000
1715672098.186125,3404643.000,33782,1,SF,1,100,0.0000
1715672098.586568,3405025.000,33850,1,SF,1,100,0.0000
1715672098.919922,3405343.000,33901,1,SF,1,100,0.0000
1715672099.181993,3405593.000,33954,1,SF,1,100,0.0000
1715672099.519539,3405915.000,34002,1,SF,1,100,0.0000
1715672099.852893,3406233.000,34055,1,SF,1,100,0.0000
1715672100.185198,3406550.000,34106,1,SF,1,100,0.0000
1715672100.516455,3406866.000,34158,1,SF,1,100,0.0000
1715672100.917947,3407249.000,34226,1,SF,1,100,0.0000
1715672101.249204,3407565.000,34280,1,SF,1,100,0.0000
1715672101.579413,3407880.000,34332,1,SF,1,100,0.0000
1715672101.847773,3408136.000,34382,1,SF,1,100,0.0000
1715672102.180079,3408453.000,34434,1,SF,1,100,0.0000
1715672102.508191,3408766.000,34485,1,SF,1,100,0.0000
1715672102.845737,3409088.000,34523,1,SF,1,100,0.0000
1715672103.179091,3409406.000,34572,1,SF,1,100,0.0000
1715672103.511396,3409723.000,34627,1,SF,1,100,0.0000
1715672103.842654,3410039.000,34676,1,SF,1,100,0.0000
1715672104.244145,3410422.000,34745,1,SF,1,100,0.0000
1715672104.575402,3410738.000,34796,1,SF,1,100,0.0000
1715672104.906660,3411054.000,34848,1,SF,1,100,0.0000
1715672105.175020,3411310.000,34898,1,SF,1,100,0.0000
1715672105.507325,3411627.000,34952,1,SF,1,100,0.0000
1715672105.835437,3411940.000,35002,1,SF,1,100,0.0000
1715672106.172984,3412262.000,35054,1,SF,1,100,0.0000
1715672106.506338,3412580.000,35106,1,SF,1,100,0.0000
1715672106.838643,3412897.000,35160,1,SF,1,100,0.0000
1715672107.239087,3413279.000,35225,1,SF,1,100,0.0000
1715672107.572440,3413597.000,35278,1,SF,1,100,0.0000
1715672107.837656,3413850.000,35329,1,SF,1,100,0.0000
1715672108.168913,3414166.000,35369,1,SF,1,100,0.0000
1715672108.503314,3414485.000,35420,1,SF,1,100,0.0000
1715672108.835620,3414802.000,35473,1,SF,1,100,0.0000
1715672109.163732,3415115.000,35525,1,SF,1,100,0.0000
1715672109.501279,3415437.000,35575,1,SF,1,100,0.0000
1715672109.901722,3415819.000,35642,1,SF,1,100,0.0000
1715672110.232980,3416135.000,35694,1,SF,1,100,0.0000
1715672110.567381,3416454.000,35747,1,SF,1,100,0.0000
1715672110.834693,3416709.000,35798,1,SF,1,100,0.0000
1715672111.165950,3417025.000,35851,1,SF,1,100,0.0000
1715672111.497207,3417341.000,35902,1,SF,1,100,0.0000
1715672111.831609,3417660.000,35951,1,SF,1,100,0.0000
1715672112.163915,3417977.000,35987,1,SF,1,100,0.0000
1715672112.492027,3418290.000,36040,1,SF,1,100,0.0000
1715672112.828525,3418611.000,36089,1,SF,1,100,0.0000
1715672113.161879,3418929.000,36142,1,SF,1,100,0.0000
1715672113.560226,3419309.000,36198,1,SF,1,100,0.0000
1715672113.893580,3419627.000,36251,1,SF,1,100,0.0000
1715672114.160892,3419882.000,36286,1,SF,1,100,0.0000
1715672114.492149,3420198.000,36338,1,SF,1,100,0.0000
1715672114.822357,3420513.000,36388,1,SF,1,100,0.0000
1715672115.156759,3420832.000,36442,1,SF,1,100,0.0000
1715672115.556155,3421213.000,36507,1,SF,1,100,0.0000
1715672115.886364,3421528.000,36559,1,SF,1,100,0.0000
1715672116.287855,3421911.000,36610,1,SF,1,100,0.0000
1715672116.489125,3422103.000,36642,1,SF,1,100,0.0000
1715672116.821431,3422420.000,36695,1,SF,1,100,0.0000
1715672117.152688,3422736.000,36747,1,SF,1,100,0.0000
1715672117.488138,3423056.000,36797,1,SF,1,100,0.0000
1715672117.885437,3423435.000,36865,1,SF,1,100,0.0000
1715672118.149604,3423687.000,36902,1,SF,1,100,0.0000
1715672118.550048,3424069.000,36953,1,SF,1,100,0.0000
1715672118.949443,3424450.000,37010,1,SF,1,100,0.0000
1715672119.145472,3424637.000,37027,1,SF,1,100,0.0000
1715672119.548012,3425021.000,37093,1,SF,1,100,0.0000
1715672119.883462,3425341.000,37143,1,SF,1,100,0.0000
1715672120.214719,3425657.000,37194,1,SF,1,100,0.0000
1715672120.478886,3425909.000,37228,1,SF,1,100,0.0000
1715672120.814336,3426229.000,37281,1,SF,1,100,0.0000
1715672121.145593,3426545.000,37329,1,SF,1,100,0.0000
1715672121.476850,3426861.000,37384,1,SF,1,100,0.0000
1715672121.877294,3427243.000,37452,1,SF,1,100,0.0000
1715672122.211696,3427562.000,37503,1,SF,1,100,0.0000
1715672122.541905,3427877.000,37537,1,SF,1,100,0.0000
1715672122.810265,3428133.000,37589,1,SF,1,100,0.0000
1715672123.144667,3428452.000,37638,1,SF,1,100,0.0000
1715672123.476972,3428769.000,37690,1,SF,1,100,0.0000
1715672123.807181,3429084.000,37738,1,SF,1,100,0.0000
1715672124.275763,3429531.000,37815,1,SF,1,100,0.0000
1715672124.540978,3429784.000,37833,1,SF,1,100,0.0000
1715672124.871187,3430099.000,37885,1,SF,1,100,0.0000
1715672125.205589,3430418.000,37935,1,SF,1,100,0.0000
1715672125.539991,3430737.000,37988,1,SF,1,100,0.0000
1715672125.802061,3430987.000,38039,1,SF,1,100,0.0000
1715672126.137511,3431307.000,38087,1,SF,1,100,0.0000
1715672126.606093,3431754.000,38141,1,SF,1,100,0.0000
1715672127.002344,3432132.000,38164,1,SF,1,100,0.0000
1715672127.405932,3432517.000,38185,1,SF,1,100,0.0000
1715672127.535919,3432641.000,38202,1,SF,1,100,0.0000
1715672127.801135,3432894.000,38238,1,SF,1,100,0.0000
1715672128.199482,3433274.000,38307,1,SF,1,100,0.0000
1715672128.533884,3433593.000,38357,1,SF,1,100,0.0000
1715672128.801195,3433848.000,38407,1,SF,1,100,0.0000
1715672129.131404,3434163.000,38461,1,SF,1,100,0.0000
1715672129.466855,3434483.000,38509,1,SF,1,100,0.0000
1715672129.801256,3434802.000,38549,1,SF,1,100,0.0000
1715672130.199604,3435182.000,38617,1,SF,1,100,0.0000
1715672130.462722,3435433.000,38653,1,SF,1,100,0.0000
1715672130.864214,3435816.000,38718,1,SF,1,100,0.0000
1715672131.198616,3436135.000,38776,1,SF,1,100,0.0000
1715672131.462783,3436387.000,38824,1,SF,1,100,0.0000
1715672131.797185,3436706.000,38878,1,SF,1,100,0.0000
1715672132.130538,3437024.000,38928,1,SF,1,100,0.0000
1715672132.460747,3437339.000,38980,1,SF,1,100,0.0000
1715672132.795149,3437658.000,39030,1,SF,1,100,0.0000
1715672133.196641,3438041.000,39100,1,SF,1,100,0.0000
1715672133.527898,3438357.000,39149,1,SF,1,100,0.0000
1715672133.859155,3438673.000,39199,1,SF,1,100,0.0000
1715672134.126467,3438928.000,39250,1,SF,1,100,0.0000
1715672134.458772,3439245.000,39303,1,SF,1,100,0.0000
1715672134.791078,3439562.000,39353,1,SF,1,100,0.0000
1715672135.124431,3439880.000,39394,1,SF,1,100,0.0000
1715672135.457785,3440198.000,39444,1,SF,1,100,0.0000
1715672135.787994,3440513.000,39495,1,SF,1,100,0.0000
1715672136.121347,3440831.000,39548,1,SF,1,100,0.0000
1715672136.455749,3441150.000,39598,1,SF,1,100,0.0000
1715672136.855145,3441531.000,39666,1,SF,1,100,0.0000
1715672137.186402,3441847.000,39719,1,SF,1,100,0.0000
1715672137.519755,3442165.000,39770,1,SF,1,100,0.0000
1715672137.787067,3442420.000,39821,1,SF,1,100,0.0000
1715672138.119373,3442737.000,39872,1,SF,1,100,0.0000
1715672138.451678,3443054.000,39923,1,SF,1,100,0.0000
1715672138.785032,3443372.000,39973,1,SF,1,100,0.0000
1715672139.181282,3443750.000,40040,1,SF,1,100,0.0000
1715672139.513587,3444067.000,40096,1,SF,1,100,0.0000
1715672139.849038,3444387.000,40145,1,SF,1,100,0.0000
1715672140.182391,3444705.000,40199,1,SF,1,100,0.0000
1715672140.513648,3445021.000,40237,1,SF,1,100,0.0000
1715672140.845954,3445338.000,40288,1,SF,1,100,0.0000
1715672141.113266,3445593.000,40339,1,SF,1,100,0.0000
1715672141.445571,3445910.000,40394,1,SF,1,100,0.0000
1715672141.776828,3446226.000,40444,1,SF,1,100,0.0000
1715672142.110182,3446544.000,40498,1,SF,1,100,0.0000
1715672142.441439,3446860.000,40547,1,SF,1,100,0.0000
1715672142.773744,3447177.000,40597,1,SF,1,100,0.0000
1715672143.175236,3447560.000,40664,1,SF,1,100,0.0000
1715672143.509638,3447879.000,40716,1,SF,1,100,0.0000
1715672143.840895,3448195.000,40769,1,SF,1,100,0.0000
1715672144.173200,3448512.000,40818,1,SF,1,100,0.0000
1715672144.440512,3448767.000,40870,1,SF,1,100,0.0000
1715672144.772817,3449084.000,40922,1,SF,1,100,0.0000
1715672145.104074,3449400.000,40956,1,SF,1,100,0.0000
1715672145.505566,3449783.000,41010,1,SF,1,100,0.0000
1715672145.834727,3450097.000,41048,1,SF,1,100,0.0000
1715672146.167032,3450414.000,41103,1,SF,1,100,0.0000
1715672146.502482,3450734.000,41157,1,SF,1,100,0.0000
1715672146.836884,3451053.000,41206,1,SF,1,100,0.0000
1715672147.100003,3451304.000,41240,1,SF,1,100,0.0000
1715672147.433357,3451622.000,41295,1,SF,1,100,0.0000
1715672147.766710,3451940.000,41347,1,SF,1,100,0.0000
1715672148.097967,3452256.000,41397,1,SF,1,100,0.0000
1715672148.495266,3452635.000,41464,1,SF,1,100,0.0000
1715672148.830716,3452955.000,41516,1,SF,1,100,0.0000
1715672149.160925,3453270.000,41553,1,SF,1,100,0.0000
1715672149.492182,3453586.000,41605,1,SF,1,100,0.0000
1715672149.827632,3453906.000,41657,1,SF,1,100,0.0000
1715672150.097041,3454163.000,41706,1,SF,1,100,0.0000
1715672150.426201,3454477.000,41758,1,SF,1,100,0.0000
1715672150.758507,3454794.000,41810,1,SF,1,100,0.0000
1715672151.224992,3455239.000,41852,1,SF,1,100,0.0000
1715672151.488111,3455490.000,41890,1,SF,1,100,0.0000
1715672151.754374,3455744.000,41943,1,SF,1,100,0.0000
1715672152.087728,3456062.000,41992,1,SF,1,100,0.0000
1715672152.421082,3456380.000,42047,1,SF,1,100,0.0000
1715672152.753387,3456697.000,42096,1,SF,1,100,0.0000
1715672153.085692,3457014.000,42144,1,SF,1,100,0.0000
1715672153.489281,3457399.000,42193,1,SF,1,100,0.0000
1715672153.818441,3457713.000,42248,1,SF,1,100,0.0000
1715672154.150747,3458030.000,42297,1,SF,1,100,0.0000
1715672154.418058,3458285.000,42347,1,SF,1,100,0.0000
1715672154.749316,3458601.000,42398,1,SF,1,100,0.0000
1715672155.080573,3458917.000,42450,1,SF,1,100,0.0000
1715672155.413926,3459235.000,42483,1,SF,1,100,0.0000
1715672155.813322,3459616.000,42553,1,SF,1,100,0.0000
1715672156.143530,3459931.000,42607,1,SF,1,100,0.0000
1715672156.546071,3460315.000,42662,1,SF,1,100,0.0000
1715672156.748389,3460508.000,42701,1,SF,1,100,0.0000
1715672157.076501,3460821.000,42752,1,SF,1,100,0.0000
1715672157.474848,3461201.000,42801,1,SF,1,100,0.0000
1715672157.810298,3461521.000,42854,1,SF,1,100,0.0000
1715672158.139459,3461835.000,42905,1,SF,1,100,0.0000
1715672158.405723,3462089.000,42956,1,SF,1,100,0.0000
1715672158.739076,3462407.000,43009,1,SF,1,100,0.0000
1715672159.073478,3462726.000,43058,1,SF,1,100,0.0000
1715672159.738089,3463360.000,43093,1,SF,1,100,0.0000
1715672159.738089,3463360.000,43094,1,SF,1,100,0.0000
1715672160.075635,3463682.000,43117,1,SF,1,100,0.0000
1715672160.401651,3463993.000,43151,1,SF,1,100,0.0000
1715672160.799998,3464373.000,43220,1,SF,1,100,0.0000
1715672161.135448,3464693.000,43273,1,SF,1,100,0.0000
1715672161.465657,3465008.000,43326,1,SF,1,100,0.0000
1715672161.865052,3465389.000,43386,1,SF,1,100,0.0000
1715672162.133413,3465645.000,43420,1,SF,1,100,0.0000
1715672162.465718,3465962.000,43469,1,SF,1,100,0.0000
1715672162.794878,3466276.000,43523,1,SF,1,100,0.0000
1715672163.062191,3466531.000,43576,1,SF,1,100,0.0000
1715672163.398689,3466852.000,43625,1,SF,1,100,0.0000
1715672163.726801,3467165.000,43674,1,SF,1,100,0.0000
1715672164.059106,3467482.000,43729,1,SF,1,100,0.0000
1715672164.392460,3467800.000,43780,1,SF,1,100,0.0000
1715672164.790807,3468180.000,43848,1,SF,1,100,0.0000
1715672165.122064,3468496.000,43898,1,SF,1,100,0.0000
1715672165.457514,3468816.000,43949,1,SF,1,100,0.0000
1715672165.789820,3469133.000,44005,1,SF,1,100,0.0000
1715672166.053987,3469385.000,44053,1,SF,1,100,0.0000
1715672166.385244,3469701.000,44106,1,SF,1,100,0.0000
1715672166.721742,3470022.000,44157,1,SF,1,100,0.0000
1715672167.050903,3470336.000,44211,1,SF,1,100,0.0000
1715672167.383208,3470653.000,44249,1,SF,1,100,0.0000
1715672167.716562,3470971.000,44304,1,SF,1,100,0.0000
1715672168.050964,3471290.000,44353,1,SF,1,100,0.0000
1715672168.381172,3471605.000,44402,1,SF,1,100,0.0000
1715672168.714526,3471923.000,44454,1,SF,1,100,0.0000
1715672169.114970,3472305.000,44522,1,SF,1,100,0.0000
1715672169.443082,3472618.000,44571,1,SF,1,100,0.0000
1715672169.778532,3472938.000,44626,1,SF,1,100,0.0000
1715672170.046892,3473194.000,44675,1,SF,1,100,0.0000
1715672170.376053,3473508.000,44727,1,SF,1,100,0.0000
1715672170.708358,3473825.000,44779,1,SF,1,100,0.0000
1715672171.041712,3474143.000,44830,1,SF,1,100,0.0000
1715672171.442155,3474525.000,44898,1,SF,1,100,0.0000
1715672171.707371,3474778.000,44936,1,SF,1,100,0.0000
1715672172.108863,3475161.000,45004,1,SF,1,100,0.0000
1715672172.441168,3475478.000,45055,1,SF,1,100,0.0000
1715672172.705335,3475730.000,45095,1,SF,1,100,0.0000
1715672173.036592,3476046.000,45150,1,SF,1,100,0.0000
1715672173.373091,3476367.000,45199,1,SF,1,100,0.0000
1715672173.703299,3476682.000,45250,1,SF,1,100,0.0000
1715672174.101646,3477062.000,45321,1,SF,1,100,0.0000
1715672174.437097,3477382.000,45371,1,SF,1,100,0.0000
1715672174.769402,3477699.000,45422,1,SF,1,100,0.0000
1715672175.098562,3478013.000,45475,1,SF,1,100,0.0000
1715672175.365874,3478268.000,45523,1,SF,1,100,0.0000
1715672175.700276,3478587.000,45576,1,SF,1,100,0.0000
1715672176.030485,3478902.000,45625,1,SF,1,100,0.0000
1715672176.361742,3479218.000,45678,1,SF,1,100,0.0000
1715672176.763234,3479601.000,45747,1,SF,1,100,0.0000
1715672177.030546,3479856.000,45780,1,SF,1,100,0.0000
1715672177.427845,3480235.000,45847,1,SF,1,100,0.0000
1715672177.829336,3480618.000,45898,1,SF,1,100,0.0000
1715672178.095600,3480872.000,45924,1,SF,1,100,0.0000
1715672178.358719,3481123.000,45960,1,SF,1,100,0.0000
1715672178.692072,3481441.000,46013,1,SF,1,100,0.0000
1715672179.026474,3481760.000,46062,1,SF,1,100,0.0000
1715672179.422725,3482138.000,46132,1,SF,1,100,0.0000
1715672179.757127,3482457.000,46182,1,SF,1,100,0.0000
1715672180.090480,3482775.000,46234,1,SF,1,100,0.0000
1715672180.357792,3483030.000,46286,1,SF,1,100,0.0000
1715672180.688001,3483345.000,46338,1,SF,1,100,0.0000
1715672181.021355,3483663.000,46386,1,SF,1,100,0.0000
1715672181.356805,3483983.000,46441,1,SF,1,100,0.0000
1715672181.685965,3484297.000,46489,1,SF,1,100,0.0000
1715672182.087457,3484680.000,46557,1,SF,1,100,0.0000
1715672182.420811,3484998.000,46613,1,SF,1,100,0.0000
1715672182.751020,3485313.000,46661,1,SF,1,100,0.0000
1715672183.016235,3485566.000,46712,1,SF,1,100,0.0000
1715672183.417727,3485949.000,46768,1,SF,1,100,0.0000
1715672183.685039,3486204.000,46802,1,SF,1,100,0.0000
1715672184.014199,3486518.000,46853,1,SF,1,100,0.0000
1715672184.415691,3486901.000,46923,1,SF,1,100,0.0000
1715672184.747997,3487218.000,46971,1,SF,1,100,0.0000
1715672185.012164,3487470.000,47025,1,SF,1,100,0.0000
1715672185.345517,3487788.000,47073,1,SF,1,100,0.0000
1715672185.679919,3488107.000,47127,1,SF,1,100,0.0000
1715672186.014321,3488426.000,47177,1,SF,1,100,0.0000
1715672186.342433,3488739.000,47231,1,SF,1,100,0.0000
1715672186.743925,3489122.000,47298,1,SF,1,100,0.0000
1715672187.077279,3489440.000,47351,1,SF,1,100,0.0000
1715672187.407488,3489755.000,47400,1,SF,1,100,0.0000
1715672187.674799,3490010.000,47455,1,SF,1,100,0.0000
1715672188.010250,3490330.000,47504,1,SF,1,100,0.0000
1715672188.341507,3490646.000,47555,1,SF,1,100,0.0000
1715672188.673812,3490963.000,47608,1,SF,1,100,0.0000
1715672189.076352,3491347.000,47662,1,SF,1,100,0.0000
1715672189.406561,3491662.000,47710,1,SF,1,100,0.0000
1715672189.737818,3491978.000,47766,1,SF,1,100,0.0000
1715672190.071172,3492296.000,47814,1,SF,1,100,0.0000
1715672190.338484,3492551.000,47865,1,SF,1,100,0.0000
1715672190.668692,3492866.000,47915,1,SF,1,100,0.0000
1715672191.002046,3493184.000,47967,1,SF,1,100,0.0000
1715672191.338544,3493505.000,48022,1,SF,1,100,0.0000
1715672191.735843,3493884.000,48087,1,SF,1,100,0.0000
1715672192.069197,3494202.000,48138,1,SF,1,100,0.0000
1715672192.403599,3494521.000,48191,1,SF,1,100,0.0000
1715672192.669862,3494775.000,48243,1,SF,1,100,0.0000
1715672192.996926,3495087.000,48294,1,SF,1,100,0.0000
1715672193.333425,3495408.000,48344,1,SF,1,100,0.0000
1715672193.665730,3495725.000,48395,1,SF,1,100,0.0000
1715672193.996987,3496041.000,48451,1,SF,1,100,0.0000
1715672194.329293,3496358.000,48488,1,SF,1,100,0.0000
1715672194.665791,3496679.000,48539,1,SF,1,100,0.0000
1715672195.063090,3497058.000,48609,1,SF,1,100,0.0000
1715672195.395395,3497375.000,48660,1,SF,1,100,0.0000
1715672195.729797,3497694.000,48711,1,SF,1,100,0.0000
1715672195.996061,3497948.000,48764,1,SF,1,100,0.0000
1715672196.325221,3498262.000,48817,1,SF,1,100,0.0000
1715672196.661720,3498583.000,48868,1,SF,1,100,0.0000
1715672196.995073,3498901.000,48917,1,SF,1,100,0.0000
1715672197.327379,3499218.000,48972,1,SF,1,100,0.0000
1715672197.657587,3499533.000,49021,1,SF,1,100,0.0000
1715672198.060127,3499917.000,49089,1,SF,1,100,0.0000
1715672198.392433,3500234.000,49141,1,SF,1,100,0.0000
1715672198.723690,3500550.000,49193,1,SF,1,100,0.0000
1715672198.989954,3500804.000,49243,1,SF,1,100,0.0000
1715672199.325404,3501124.000,49297,1,SF,1,100,0.0000
1715672199.654564,3501438.000,49336,1,SF,1,100,0.0000
1715672199.990014,3501758.000,49389,1,SF,1,100,0.0000
1715672200.324416,3502077.000,49437,1,SF,1,100,0.0000
1715672200.656722,3502394.000,49493,1,SF,1,100,0.0000
1715672201.054020,3502773.000,49563,1,SF,1,100,0.0000
1715672201.388422,3503092.000,49611,1,SF,1,100,0.0000
1715672201.720728,3503409.000,49667,1,SF,1,100,0.0000
1715672201.983846,3503660.000,49715,1,SF,1,100,0.0000
1715672202.318248,3503979.000,49767,1,SF,1,100,0.0000
1715672202.654747,3504300.000,49819,1,SF,1,100,0.0000
1715672202.983907,3504614.000,49872,1,SF,1,100,0.0000
1715672203.318309,3504933.000,49921,1,SF,1,100,0.0000
1715672203.652711,3505252.000,49972,1,SF,1,100,0.0000
1715672204.050010,3505631.000,50041,1,SF,1,100,0.0000
1715672204.382315,3505948.000,50093,1,SF,1,100,0.0000
1715672204.716717,3506267.000,50144,1,SF,1,100,0.0000
1715672205.114016,3506646.000,50186,1,SF,1,100,0.0000
1715672205.312141,3506835.000,50220,1,SF,1,100,0.0000
1715672205.646543,3507154.000,50271,1,SF,1,100,0.0000
1715672205.983042,3507475.000,50321,1,SF,1,100,0.0000
1715672206.312202,3507789.000,50375,1,SF,1,100,0.0000
1715672206.711597,3508170.000,50443,1,SF,1,100,0.0000
1715672207.049144,3508492.000,50495,1,SF,1,100,0.0000
1715672207.378305,3508806.000,50544,1,SF,1,100,0.0000
1715672207.642472,3509058.000,50597,1,SF,1,100,0.0000
1715672207.978970,3509379.000,50648,1,SF,1,100,0.0000
1715672208.312324,3509697.000,50700,1,SF,1,100,0.0000
1715672208.641484,3510011.000,50750,1,SF,1,100,0.0000
1715672208.975886,3510330.000,50803,1,SF,1,100,0.0000
1715672209.312385,3510651.000,50857,1,SF,1,100,0.0000
1715672209.641545,3510965.000,50905,1,SF,1,100,0.0000
1715672210.040941,3511346.000,50958,1,SF,1,100,0.0000
1715672210.310349,3511603.000,51000,1,SF,1,100,0.0000
1715672210.642654,3511920.000,51051,1,SF,1,100,0.0000
1715672210.971815,3512234.000,51105,1,SF,1,100,0.0000
1715672211.308313,3512555.000,51160,1,SF,1,100,0.0000
1715672211.642715,3512874.000,51209,1,SF,1,100,0.0000
1715672211.971876,3513188.000,51264,1,SF,1,100,0.0000
1715672212.305229,3513506.000,51312,1,SF,1,100,0.0000
1715672212.707769,3513890.000,51380,1,SF,1,100,0.0000
1715672213.037978,3514205.000,51433,1,SF,1,100,0.0000
1715672213.369235,3514521.000,51484,1,SF,1,100,0.0000
1715672213.706782,3514843.000,51535,1,SF,1,100,0.0000
1715672214.035943,3515157.000,51586,1,SF,1,100,0.0000
1715672214.368248,3515474.000,51639,1,SF,1,100,0.0000
1715672214.636608,3515730.000,51690,1,SF,1,100,0.0000
1715672214.972058,3516050.000,51741,1,SF,1,100,0.0000
1715672215.301219,3516364.000,51794,1,SF,1,100,0.0000
1715672215.701662,3516746.000,51846,1,SF,1,100,0.0000
1715672216.036064,3517065.000,51899,1,SF,1,100,0.0000
1715672216.365225,3517379.000,51951,1,SF,1,100,0.0000
1715672216.696482,3517695.000,52002,1,SF,1,100,0.0000
1715672216.965890,3517952.000,52053,1,SF,1,100,0.0000
1715672217.299244,3518270.000,52101,1,SF,1,100,0.0000
1715672217.628404,3518584.000,52152,1,SF,1,100,0.0000
1715672217.964903,3518905.000,52205,1,SF,1,100,0.0000
1715672218.299305,3519224.000,52254,1,SF,1,100,0.0000
1715672218.628465,3519538.000,52306,1,SF,1,100,0.0000
1715672219.028909,3519920.000,52374,1,SF,1,100,0.0000
1715672219.363311,3520239.000,52426,1,SF,1,100,0.0000
1715672219.693520,3520554.000,52481,1,SF,1,100,0.0000
1715672220.024776,3520870.000,52530,1,SF,1,100,0.0000
1715672220.294185,3521127.000,52580,1,SF,1,100,0.0000
1715672220.627539,3521445.000,52634,1,SF,1,100,0.0000
1715672221.023789,3521823.000,52691,1,SF,1,100,0.0000
1715672221.292149,3522079.000,52727,1,SF,1,100,0.0000
1715672221.626551,3522398.000,52778,1,SF,1,100,0.0000
1715672221.954664,3522711.000,52831,1,SF,1,100,0.0000
1715672222.285920,3523027.000,52883,1,SF,1,100,0.0000
1715672222.688461,3523411.000,52950,1,SF,1,100,0.0000
1715672223.019718,3523727.000,53000,1,SF,1,100,0.0000
1715672223.350975,3524043.000,53051,1,SF,1,100,0.0000
1715672223.688522,3524365.000,53107,1,SF,1,100,0.0000
1715672224.020827,3524682.000,53156,1,SF,1,100,0.0000
1715672224.349987,3524996.000,53209,1,SF,1,100,0.0000
1715672224.618347,3525252.000,53260,1,SF,1,100,0.0000
1715672224.952749,3525571.000,53314,1,SF,1,100,0.0000
1715672225.280862,3525884.000,53364,1,SF,1,100,0.0000
1715672225.612119,3526200.000,53415,1,SF,1,100,0.0000
1715672225.948617,3526521.000,53468,1,SF,1,100,0.0000
1715672226.413006,3526964.000,53541,1,SF,1,100,0.0000
1715672226.678221,3527217.000,53576,1,SF,1,100,0.0000
1715672227.015768,3527539.000,53629,1,SF,1,100,0.0000
1715672227.348073,3527856.000,53680,1,SF,1,100,0.0000
1715672227.676186,3528169.000,53733,1,SF,1,100,0.0000
1715672227.944546,3528425.000,53782,1,SF,1,100,0.0000
1715672228.278948,3528744.000,53836,1,SF,1,100,0.0000
1715672228.608108,3529058.000,53891,1,SF,1,100,0.0000
1715672228.939365,3529374.000,53939,1,SF,1,100,0.0000
1715672229.275864,3529695.000,53992,1,SF,1,100,0.0000
1715672229.675259,3530076.000,54060,1,SF,1,100,0.0000
1715672230.004420,3530390.000,54111,1,SF,1,100,0.0000
1715672230.273828,3530647.000,54162,1,SF,1,100,0.0000
1715672230.608230,3530966.000,54210,1,SF,1,100,0.0000
1715672230.936342,3531279.000,54266,1,SF,1,100,0.0000
1715672231.270744,3531598.000,54321,1,SF,1,100,0.0000
1715672231.605146,3531917.000,54371,1,SF,1,100,0.0000
1715672232.001396,3532295.000,54426,1,SF,1,100,0.0000
1715672232.333702,3532612.000,54475,1,SF,1,100,0.0000
1715672232.668104,3532931.000,54527,1,SF,1,100,0.0000
1715672232.934367,3533185.000,54577,1,SF,1,100,0.0000
1715672233.264576,3533500.000,54629,1,SF,1,100,0.0000
1715672233.598978,3533819.000,54677,1,SF,1,100,0.0000
1715672233.933380,3534138.000,54731,1,SF,1,100,0.0000
1715672234.262540,3534452.000,54781,1,SF,1,100,0.0000
1715672234.662984,3534834.000,54850,1,SF,1,100,0.0000
1715672234.997386,3535153.000,54900,1,SF,1,100,0.0000
1715672235.328643,3535469.000,54953,1,SF,1,100,0.0000
1715672235.592810,3535721.000,55004,1,SF,1,100,0.0000
1715672235.929308,3536042.000,55055,1,SF,1,100,0.0000
1715672236.261614,3536359.000,55106,1,SF,1,100,0.0000
1715672236.591823,3536674.000,55159,1,SF,1,100,0.0000
1715672236.926224,3536993.000,55208,1,SF,1,100,0.0000
1715672237.326668,3537375.000,55266,1,SF,1,100,0.0000
1715672237.655828,3537689.000,55321,1,SF,1,100,0.0000
1715672237.990231,3538008.000,55369,1,SF,1,100,0.0000
1715672238.324632,3538327.000,55420,1,SF,1,100,0.0000
1715672238.590896,3538581.000,55473,1,SF,1,100,0.0000
1715672238.920057,3538895.000,55524,1,SF,1,100,0.0000
1715672239.256555,3539216.000,55575,1,SF,1,100,0.0000
1715672239.588860,3539533.000,55627,1,SF,1,100,0.0000
1715672239.919069,3539848.000,55679,1,SF,1,100,0.0000
1715672240.253471,3540167.000,55728,1,SF,1,100,0.0000
1715672240.653915,3540549.000,55798,1,SF,1,100,0.0000
1715672240.985172,3540865.000,55850,1,SF,1,100,0.0000
1715672241.319574,3541184.000,55902,1,SF,1,100,0.0000
1715672241.587934,3541440.000,55952,1,SF,1,100,0.0000
1715672241.986281,3541820.000,56003,1,SF,1,100,0.0000
1715672242.316490,3542135.000,56055,1,SF,1,100,0.0000
1715672242.584850,3542391.000,56092,1,SF,1,100,0.0000
1715672242.917155,3542708.000,56148,1,SF,1,100,0.0000
1715672243.247364,3543023.000,56196,1,SF,1,100,0.0000
1715672243.581766,3543342.000,56246,1,SF,1,100,0.0000
1715672243.916168,3543661.000,56300,1,SF,1,100,0.0000
1715672244.247425,3543977.000,56349,1,SF,1,100,0.0000
1715672244.646820,3544358.000,56414,1,SF,1,100,0.0000
1715672244.981222,3544677.000,56467,1,SF,1,100,0.0000
1715672245.313527,3544994.000,56518,1,SF,1,100,0.0000
1715672245.574549,3545243.000,56568,1,SF,1,100,0.0000
1715672245.911048,3545564.000,56617,1,SF,1,100,0.0000
1715672246.243353,3545881.000,56672,1,SF,1,100,0.0000
1715672246.574610,3546197.000,56723,1,SF,1,100,0.0000
1715672246.909012,3546516.000,56774,1,SF,1,100,0.0000
1715672247.310504,3546899.000,56841,1,SF,1,100,0.0000
1715672247.641761,3547215.000,56895,1,SF,1,100,0.0000
1715672248.044302,3547599.000,56952,1,SF,1,100,0.0000
1715672248.243475,3547789.000,56986,1,SF,1,100,0.0000
1715672248.575780,3548106.000,57036,1,SF,1,100,0.0000
1715672248.902844,3548418.000,57089,1,SF,1,100,0.0000
1715672249.239343,3548739.000,57141,1,SF,1,100,0.0000
1715672249.571648,3549056.000,57192,1,SF,1,100,0.0000
1715672249.967899,3549434.000,57257,1,SF,1,100,0.0000
1715672250.305445,3549756.000,57310,1,SF,1,100,0.0000
1715672250.638799,3550074.000,57365,1,SF,1,100,0.0000
1715672250.970056,3550390.000,57416,1,SF,1,100,0.0000
1715672251.303410,3550708.000,57465,1,SF,1,100,0.0000
1715672251.571770,3550964.000,57520,1,SF,1,100,0.0000
1715672251.904075,3551281.000,57569,1,SF,1,100,0.0000
1715672252.231139,3551593.000,57618,1,SF,1,100,0.0000
1715672252.567638,3551914.000,57668,1,SF,1,100,0.0000
1715672252.899943,3552231.000,57721,1,SF,1,100,0.0000
1715672253.365380,3552675.000,57796,1,SF,1,100,0.0000
1715672253.633740,3552931.000,57830,1,SF,1,100,0.0000
1715672253.967094,3553249.000,57883,1,SF,1,100,0.0000
1715672254.298351,3553565.000,57934,1,SF,1,100,0.0000
1715672254.565663,3553820.000,57985,1,SF,1,100,0.0000
1715672254.900065,3554139.000,58038,1,SF,1,100,0.0000
1715672255.232370,3554456.000,58089,1,SF,1,100,0.0000
1715672255.559434,3554768.000,58138,1,SF,1,100,0.0000
1715672255.895932,3555089.000,58191,1,SF,1,100,0.0000
1715672256.295328,3555470.000,58260,1,SF,1,100,0.0000
1715672256.624488,3555784.000,58312,1,SF,1,100,0.0000
1715672256.893897,3556041.000,58362,1,SF,1,100,0.0000
1715672257.228299,3556360.000,58416,1,SF,1,100,0.0000
1715672257.560604,3556677.000,58464,1,SF,1,100,0.0000
1715672257.893958,3556995.000,58518,1,SF,1,100,0.0000
1715672258.228359,3557314.000,58566,1,SF,1,100,0.0000
1715672258.756693,3557818.000,58641,1,SF,1,100,0.0000
1715672258.955867,3558008.000,58678,1,SF,1,100,0.0000
1715672259.290269,3558327.000,58726,1,SF,1,100,0.0000
1715672259.623623,3558645.000,58779,1,SF,1,100,0.0000
1715672259.887789,3558897.000,58827,1,SF,1,100,0.0000
1715672260.222192,3559216.000,58878,1,SF,1,100,0.0000
1715672260.556593,3559535.000,58929,1,SF,1,100,0.0000
1715672260.888899,3559852.000,58980,1,SF,1,100,0.0000
1715672261.220156,3560168.000,59032,1,SF,1,100,0.0000
1715672261.620600,3560550.000,59097,1,SF,1,100,0.0000
1715672261.952905,3560867.000,59151,1,SF,1,100,0.0000
1715672262.213927,3561116.000,59204,1,SF,1,100,0.0000
1715672262.550425,3561437.000,59253,1,SF,1,100,0.0000
1715672262.882731,3561754.000,59303,1,SF,1,100,0.0000
1715672263.215036,3562071.000,59357,1,SF,1,100,0.0000
1715672263.548390,3562389.000,59409,1,SF,1,100,0.0000
1715672263.882792,3562708.000,59459,1,SF,1,100,0.0000
1715672264.281139,3563088.000,59503,1,SF,1,100,0.0000
1715672264.545306,3563340.000,59537,1,SF,1,100,0.0000
1715672264.879708,3563659.000,59589,1,SF,1,100,0.0000
1715672265.278055,3564039.000,59657,1,SF,1,100,0.0000
1715672265.608263,3564354.000,59709,1,SF,1,100,0.0000
1715672265.942665,3564673.000,59760,1,SF,1,100,0.0000
1715672266.209977,3564928.000,59812,1,SF,1,100,0.0000
1715672266.543331,3565246.000,59861,1,SF,1,100,0.0000
1715672266.875636,3565563.000,59912,1,SF,1,100,0.0000
1715672267.210038,3565882.000,59965,1,SF,1,100,0.0000
1715672267.542343,3566199.000,60016,1,SF,1,100,0.0000
1715672267.938594,3566577.000,60084,1,SF,1,100,0.0000
1715672268.272996,3566896.000,60137,1,SF,1,100,0.0000
1715672268.606349,3567214.000,60185,1,SF,1,100,0.0000
1715672268.868420,3567464.000,60238,1,SF,1,100,0.0000
1715672269.204918,3567785.000,60286,1,SF,1,100,0.0000
1715672269.606410,3568168.000,60329,1,SF,1,100,0.0000
1715672269.871626,3568421.000,60365,1,SF,1,100,0.0000
1715672270.271021,3568802.000,60430,1,SF,1,100,0.0000
1715672270.604375,3569120.000,60478,1,SF,1,100,0.0000
1715672270.935632,3569436.000,60534,1,SF,1,100,0.0000
1715672271.199799,3569688.000,60587,1,SF,1,100,0.0000
1715672271.534201,3570007.000,60637,1,SF,1,100,0.0000
1715672271.866506,3570324.000,60688,1,SF,1,100,0.0000
1715672272.196715,3570639.000,60737,1,SF,1,100,0.0000
1715672272.532165,3570959.000,60793,1,SF,1,100,0.0000
1715672272.933657,3571342.000,60858,1,SF,1,100,0.0000
1715672273.263866,3571657.000,60913,1,SF,1,100,0.0000
1715672273.597219,3571975.000,60962,1,SF,1,100,0.0000
1715672273.930573,3572293.000,61011,1,SF,1,100,0.0000
1715672274.195788,3572546.000,61047,1,SF,1,100,0.0000
1715672274.527045,3572862.000,61101,1,SF,1,100,0.0000
1715672274.927489,3573244.000,61154,1,SF,1,100,0.0000
1715672275.262939,3573564.000,61205,1,SF,1,100,0.0000
1715672275.593148,3573879.000,61255,1,SF,1,100,0.0000
1715672275.925453,3574196.000,61309,1,SF,1,100,0.0000
1715672276.192765,3574451.000,61359,1,SF,1,100,0.0000
1715672276.526119,3574769.000,61413,1,SF,1,100,0.0000
1715672276.856328,3575084.000,61462,1,SF,1,100,0.0000
1715672277.190729,3575403.000,61515,1,SF,1,100,0.0000
1715672277.524083,3575721.000,61565,1,SF,1,100,0.0000
1715672277.921382,3576100.000,61631,1,SF,1,100,0.0000
1715672278.255784,3576419.000,61681,1,SF,1,100,0.0000
1715672278.591234,3576739.000,61735,1,SF,1,100,0.0000
1715672278.920394,3577053.000,61785,1,SF,1,100,0.0000
1715672279.252700,3577370.000,61833,1,SF,1,100,0.0000
1715672279.520012,3577625.000,61886,1,SF,1,100,0.0000
1715672279.855462,3577945.000,61937,1,SF,1,100,0.0000
1715672280.185671,3578260.000,61980,1,SF,1,100,0.0000
1715672280.520072,3578579.000,62030,1,SF,1,100,0.0000
1715672280.855523,3578899.000,62081,1,SF,1,100,0.0000
1715672281.186780,3579215.000,62136,1,SF,1,100,0.0000
1715672281.586175,3579596.000,62204,1,SF,1,100,0.0000
1715672281.921625,3579916.000,62255,1,SF,1,100,0.0000
1715672282.249738,3580229.000,62308,1,SF,1,100,0.0000
1715672282.516001,3580483.000,62357,1,SF,1,100,0.0000
1715672282.849355,3580801.000,62412,1,SF,1,100,0.0000
1715672283.185853,3581122.000,62461,1,SF,1,100,0.0000
1715672283.516062,3581437.000,62513,1,SF,1,100,0.0000
1715672283.850464,3581756.000,62563,1,SF,1,100,0.0000
1715672284.185914,3582076.000,62616,1,SF,1,100,0.0000
1715672284.582165,3582454.000,62682,1,SF,1,100,0.0000
1715672284.849476,3582709.000,62718,1,SF,1,100,0.0000
1715672285.250968,3583092.000,62788,1,SF,1,100,0.0000
1715672285.514087,3583343.000,62828,1,SF,1,100,0.0000
1715672285.912434,3583723.000,62879,1,SF,1,100,0.0000
1715672286.179746,3583978.000,62935,1,SF,1,100,0.0000
1715672286.516244,3584299.000,62983,1,SF,1,100,0.0000
1715672286.846453,3584614.000,63035,1,SF,1,100,0.0000
1715672287.179807,3584932.000,63087,1,SF,1,100,0.0000
1715672287.515257,3585252.000,63139,1,SF,1,100,0.0000
1715672287.845466,3585567.000,63189,1,SF,1,100,0.0000
1715672288.243813,3585947.000,63257,1,SF,1,100,0.0000
1715672288.579263,3586267.000,63311,1,SF,1,100,0.0000
1715672288.909472,3586582.000,63361,1,SF,1,100,0.0000
1715672289.175735,3586836.000,63410,1,SF,1,100,0.0000
1715672289.509089,3587154.000,63462,1,SF,1,100,0.0000
1715672289.845587,3587475.000,63511,1,SF,1,100,0.0000
1715672290.175796,3587790.000,63562,1,SF,1,100,0.0000
1715672290.509150,3588108.000,63618,1,SF,1,100,0.0000
1715672290.844600,3588428.000,63669,1,SF,1,100,0.0000
1715672291.239802,3588805.000,63724,1,SF,1,100,0.0000
1715672291.573156,3589123.000,63776,1,SF,1,100,0.0000
1715672291.840468,3589378.000,63828,1,SF,1,100,0.0000
1715672292.173821,3589696.000,63877,1,SF,1,100,0.0000
1715672292.506127,3590013.000,63932,1,SF,1,100,0.0000
1715672292.837384,3590329.000,63980,1,SF,1,100,0.0000
1715672293.238876,3590712.000,64046,1,SF,1,100,0.0000
1715672293.569085,3591027.000,64098,1,SF,1,100,0.0000
1715672293.902438,3591345.000,64149,1,SF,1,100,0.0000
1715672294.170798,3591601.000,64200,1,SF,1,100,0.0000
1715672294.503104,3591918.000,64253,1,SF,1,100,0.0000
1715672294.834361,3592234.000,64304,1,SF,1,100,0.0000
1715672295.168763,3592553.000,64355,1,SF,1,100,0.0000
1715672295.503165,3592872.000,64407,1,SF,1,100,0.0000
1715672295.834422,3593188.000,64459,1,SF,1,100,0.0000
1715672296.233817,3593569.000,64515,1,SF,1,100,0.0000
1715672296.502177,3593825.000,64552,1,SF,1,100,0.0000
1715672296.830289,3594138.000,64603,1,SF,1,100,0.0000
1715672297.162595,3594455.000,64653,1,SF,1,100,0.0000
1715672297.498045,3594775.000,64705,1,SF,1,100,0.0000
1715672297.897440,3595156.000,64775,1,SF,1,100,0.0000
1715672298.229746,3595473.000,64825,1,SF,1,100,0.0000
1715672298.497057,3595728.000,64876,1,SF,1,100,0.0000
1715672298.831459,3596047.000,64929,1,SF,1,100,0.0000
1715672299.161668,3596362.000,64981,1,SF,1,100,0.0000
1715672299.492925,3596678.000,65032,1,SF,1,100,0.0000
1715672299.829424,3596999.000,65085,1,SF,1,100,0.0000
1715672300.224626,3597376.000,65153,1,SF,1,100,0.0000
1715672300.557980,3597694.000,65203,1,SF,1,100,0.0000
1715672300.893430,3598014.000,65256,1,SF,1,100,0.0000
1715672301.160742,3598269.000,65306,1,SF,1,100,0.0000
1715672301.625130,3598712.000,65364,1,SF,1,100,0.0000
1715672301.825352,3598903.000,65398,1,SF,1,100,0.0000
1715672302.159754,3599222.000,65450,1,SF,1,100,0.0000
1715672302.489963,3599537.000,65502,1,SF,1,100,0.0000
1715672302.821220,3599853.000,14,1,SF,1,100,0.0000
1715672303.222712,3600236.000,84,1,SF,1,100,0.0000
1715672303.553969,3600552.000,138,1,SF,1,100,0.0000
1715672303.887323,3600870.000,186,1,SF,1,100,0.0000
1715672304.155683,3601126.000,242,1,SF,1,100,0.0000
1715672304.490085,3601445.000,290,1,SF,1,100,0.0000
1715672304.819245,3601759.000,342,1,SF,1,100,0.0000
1715672305.153647,3602078.000,392,1,SF,1,100,0.0000
1715672305.488049,3602397.000,446,1,SF,1,100,0.0000
1715672305.818258,3602712.000,496,1,SF,1,100,0.0000
1715672306.149515,3603028.000,552,1,SF,1,100,0.0000
1715672306.486013,3603349.000,602,1,SF,1,100,0.0000
1715672306.817270,3603665.000,651,1,SF,1,100,0.0000
1715672307.148527,3603981.000,709,1,SF,1,100,0.0000
1715672307.483978,3604301.000,761,1,SF,1,100,0.0000
1715672307.883373,3604682.000,828,1,SF,1,100,0.0000
1715672308.213582,3604997.000,881,1,SF,1,100,0.0000
1715672308.549032,3605317.000,930,1,SF,1,100,0.0000
1715672308.815295,3605571.000,982,1,SF,1,100,0.0000
1715672309.146553,3605887.000,1031,1,SF,1,100,0.0000
1715672309.476761,3606202.000,1082,1,SF,1,100,0.0000
1715672309.813260,3606523.000,1135,1,SF,1,100,0.0000
1715672310.211607,3606903.000,1203,1,SF,1,100,0.0000
1715672310.541816,3607218.000,1252,1,SF,1,100,0.0000
1715672310.877266,3607538.000,1309,1,SF,1,100,0.0000
1715672311.209571,3607855.000,1357,1,SF,1,100,0.0000
1715672311.471642,3608105.000,1408,1,SF,1,100,0.0000
1715672311.806044,3608424.000,1458,1,SF,1,100,0.0000
1715672312.140445,3608743.000,1510,1,SF,1,100,0.0000
1715672312.472751,3609060.000,1565,1,SF,1,100,0.0000
1715672312.801911,3609374.000,1616,1,SF,1,100,0.0000
1715672313.138410,3609695.000,1669,1,SF,1,100,0.0000
1715672313.470715,3610012.000,1718,1,SF,1,100,0.0000
1715672313.865917,3610389.000,1786,1,SF,1,100,0.0000
1715672314.201368,3610709.000,1838,1,SF,1,100,0.0000
1715672314.468679,3610964.000,1887,1,SF,1,100,0.0000
1715672314.863882,3611341.000,1940,1,SF,1,100,0.0000
1715672315.131193,3611596.000,1994,1,SF,1,100,0.0000
1715672315.465595,3611915.000,2043,1,SF,1,100,0.0000
1715672315.798949,3612233.000,2093,1,SF,1,100,0.0000
1715672316.127061,3612546.000,2148,1,SF,1,100,0.0000
1715672316.528553,3612929.000,2217,1,SF,1,100,0.0000
1715672316.861907,3613247.000,2267,1,SF,1,100,0.0000
1715672317.191067,3613561.000,2321,1,SF,1,100,0.0000
1715672317.526517,3613881.000,2371,1,SF,1,100,0.0000
1715672317.859871,3614199.000,2413,1,SF,1,100,0.0000
1715672318.191128,3614515.000,2466,1,SF,1,100,0.0000
1715672318.457392,3614769.000,2514,1,SF,1,100,0.0000
1715672318.791794,3615088.000,2568,1,SF,1,100,0.0000
1715672319.126196,3615407.000,2621,1,SF,1,100,0.0000
1715672319.453259,3615719.000,2670,1,SF,1,100,0.0000
1715672319.789758,3616040.000,2723,1,SF,1,100,0.0000
1715672320.189153,3616421.000,2790,1,SF,1,100,0.0000
1715672320.518314,3616735.000,2839,1,SF,1,100,0.0000
1715672320.852716,3617054.000,2891,1,SF,1,100,0.0000
1715672321.121076,3617310.000,2943,1,SF,1,100,0.0000
1715672321.451285,3617625.000,2994,1,SF,1,100,0.0000
1715672321.782542,3617941.000,3044,1,SF,1,100,0.0000
1715672322.116944,3618260.000,3092,1,SF,1,100,0.0000
1715672322.516339,3618641.000,3163,1,SF,1,100,0.0000
1715672322.847596,3618957.000,3216,1,SF,1,100,0.0000
1715672323.180950,3619275.000,3267,1,SF,1,100,0.0000
1715672323.516400,3619595.000,3320,1,SF,1,100,0.0000
1715672323.845560,3619909.000,3371,1,SF,1,100,0.0000
1715672324.178914,3620227.000,3425,1,SF,1,100,0.0000
1715672324.447274,3620483.000,3473,1,SF,1,100,0.0000
1715672324.777483,3620798.000,3525,1,SF,1,100,0.0000
1715672325.107692,3621113.000,3577,1,SF,1,100,0.0000
1715672325.442094,3621432.000,3629,1,SF,1,100,0.0000
1715672325.776495,3621751.000,3681,1,SF,1,100,0.0000
1715672326.173794,3622130.000,3751,1,SF,1,100,0.0000
1715672326.507148,3622448.000,3801,1,SF,1,100,0.0000
1715672326.844695,3622770.000,3855,1,SF,1,100,0.0000
1715672327.173855,3623084.000,3904,1,SF,1,100,0.0000
1715672327.439070,3623337.000,3957,1,SF,1,100,0.0000
1715672327.774521,3623657.000,4008,1,SF,1,100,0.0000
1715672328.104729,3623972.000,4060,1,SF,1,100,0.0000
1715672328.434938,3624287.000,4115,1,SF,1,100,0.0000
1715672328.769340,3624606.000,4170,1,SF,1,100,0.0000
1715672329.105839,3624927.000,4219,1,SF,1,100,0.0000
1715672329.434999,3625241.000,4270,1,SF,1,100,0.0000
1715672329.770449,3625561.000,4323,1,SF,1,100,0.0000
1715672330.104851,3625880.000,4374,1,SF,1,100,0.0000
1715672330.435060,3626195.000,4425,1,SF,1,100,0.0000
1715672330.833407,3626575.000,4492,1,SF,1,100,0.0000
1715672331.167809,3626894.000,4542,1,SF,1,100,0.0000
1715672331.501163,3627212.000,4596,1,SF,1,100,0.0000
1715672331.764281,3627463.000,4644,1,SF,1,100,0.0000
1715672332.098683,3627782.000,4697,1,SF,1,100,0.0000
1715672332.435182,3628103.000,4745,1,SF,1,100,0.0000
1715672332.764342,3628417.000,4798,1,SF,1,100,0.0000
1715672333.098744,3628736.000,4850,1,SF,1,100,0.0000
1715672333.433146,3629055.000,4901,1,SF,1,100,0.0000
1715672333.829396,3629433.000,4975,1,SF,1,100,0.0000
1715672334.161702,3629750.000,5024,1,SF,1,100,0.0000
1715672334.496104,3630069.000,5078,1,SF,1,100,0.0000
1715672334.762367,3630323.000,5128,1,SF,1,100,0.0000
1715672335.092576,3630638.000,5180,1,SF,1,100,0.0000
1715672335.425930,3630956.000,5230,1,SF,1,100,0.0000
1715672335.761380,3631276.000,5284,1,SF,1,100,0.0000
1715672336.090540,3631590.000,5334,1,SF,1,100,0.0000
1715672336.488888,3631970.000,5404,1,SF,1,100,0.0000
1715672336.826434,3632292.000,5455,1,SF,1,100,0.0000
1715672337.089553,3632543.000,5506,1,SF,1,100,0.0000
1715672337.420810,3632859.000,5559,1,SF,1,100,0.0000
1715672337.756260,3633179.000,5607,1,SF,1,100,0.0000
1715672338.090662,3633498.000,5645,1,SF,1,100,0.0000
1715672338.420871,3633813.000,5697,1,SF,1,100,0.0000
1715672338.754225,3634131.000,5746,1,SF,1,100,0.0000
1715672339.089675,3634451.000,5804,1,SF,1,100,0.0000
1715672339.418835,3634765.000,5855,1,SF,1,100,0.0000
1715672339.752189,3635083.000,5908,1,SF,1,100,0.0000
1715672340.154729,3635467.000,5973,1,SF,1,100,0.0000
1715672340.483890,3635781.000,6027,1,SF,1,100,0.0000
1715672340.749105,3636034.000,6077,1,SF,1,100,0.0000
1715672341.084555,3636354.000,6128,1,SF,1,100,0.0000
1715672341.417909,3636672.000,6176,1,SF,1,100,0.0000
1715672341.748117,3636987.000,6232,1,SF,1,100,0.0000
1715672342.080423,3637304.000,6280,1,SF,1,100,0.0000
1715672342.415873,3637624.000,6334,1,SF,1,100,0.0000
1715672342.811075,3638001.000,6404,1,SF,1,100,0.0000
1715672343.142332,3638317.000,6452,1,SF,1,100,0.0000
1715672343.479879,3638639.000,6506,1,SF,1,100,0.0000
1715672343.810088,3638954.000,6556,1,SF,1,100,0.0000
1715672344.075303,3639207.000,6610,1,SF,1,100,0.0000
1715672344.476795,3639590.000,6663,1,SF,1,100,0.0000
1715672344.745155,3639846.000,6719,1,SF,1,100,0.0000
1715672345.075364,3640161.000,6767,1,SF,1,100,0.0000
1715672345.407669,3640478.000,6819,1,SF,1,100,0.0000
1715672345.743119,3640798.000,6869,1,SF,1,100,0.0000
1715672346.138322,3641175.000,6938,1,SF,1,100,0.0000
1715672346.469579,3641491.000,6987,1,SF,1,100,0.0000
1715672346.807126,3641813.000,7040,1,SF,1,100,0.0000
1715672347.071292,3642065.000,7091,1,SF,1,100,0.0000
1715672347.402550,3642381.000,7141,1,SF,1,100,0.0000
1715672347.738000,3642701.000,7190,1,SF,1,100,0.0000
1715672348.072402,3643020.000,7243,1,SF,1,100,0.0000
1715672348.467604,3643397.000,7309,1,SF,1,100,0.0000
1715672348.800957,3643715.000,7362,1,SF,1,100,0.0000
1715672349.135359,3644034.000,7410,1,SF,1,100,0.0000
1715672349.398478,3644285.000,7466,1,SF,1,100,0.0000
1715672349.731832,3644603.000,7514,1,SF,1,100,0.0000
1715672350.066234,3644922.000,7573,1,SF,1,100,0.0000
1715672350.399587,3645240.000,7623,1,SF,1,100,0.0000
1715672350.730844,3645556.000,7675,1,SF,1,100,0.0000
1715672351.131288,3645938.000,7746,1,SF,1,100,0.0000
1715672351.466738,3646258.000,7797,1,SF,1,100,0.0000
1715672351.793802,3646570.000,7846,1,SF,1,100,0.0000
1715672352.127156,3646888.000,7899,1,SF,1,100,0.0000
1715672352.394468,3647143.000,7948,1,SF,1,100,0.0000
1715672352.725725,3647459.000,8003,1,SF,1,100,0.0000
1715672353.059078,3647777.000,8052,1,SF,1,100,0.0000
1715672353.393480,3648096.000,8103,1,SF,1,100,0.0000
1715672353.793924,3648478.000,8174,1,SF,1,100,0.0000
1715672354.124133,3648793.000,8224,1,SF,1,100,0.0000
1715672354.458534,3649112.000,8275,1,SF,1,100,0.0000
1715672354.726895,3649368.000,8326,1,SF,1,100,0.0000
1715672355.056055,3649682.000,8379,1,SF,1,100,0.0000
1715672355.387312,3649998.000,8435,1,SF,1,100,0.0000
1715672355.721714,3650317.000,8486,1,SF,1,100,0.0000
1715672356.054019,3650634.000,8539,1,SF,1,100,0.0000
1715672356.386325,3650951.000,8592,1,SF,1,100,0.0000
1715672356.720727,3651270.000,8641,1,SF,1,100,0.0000
1715672357.055129,3651589.000,8694,1,SF,1,100,0.0000
1715672357.384289,3651903.000,8745,1,SF,1,100,0.0000
1715672357.784733,3652285.000,8813,1,SF,1,100,0.0000
1715672358.120183,3652605.000,8863,1,SF,1,100,0.0000
1715672358.383302,3652856.000,8917,1,SF,1,100,0.0000
1715672358.714559,3653172.000,8967,1,SF,1,100,0.0000
1715672359.048961,3653491.000,9016,1,SF,1,100,0.0000
1715672359.382314,3653809.000,9066,1,SF,1,100,0.0000
1715672359.713571,3654125.000,9120,1,SF,1,100,0.0000
1715672360.116112,3654509.000,9185,1,SF,1,100,0.0000
1715672360.448417,3654826.000,9235,1,SF,1,100,0.0000
1715672360.776529,3655139.000,9293,1,SF,1,100,0.0000
1715672361.110931,3655458.000,9344,1,SF,1,100,0.0000
1715672361.446381,3655778.000,9398,1,SF,1,100,0.0000
1715672361.710548,3656030.000,9448,1,SF,1,100,0.0000
1715672362.041805,3656346.000,9499,1,SF,1,100,0.0000
1715672362.376207,3656665.000,9550,1,SF,1,100,0.0000
1715672362.709561,3656983.000,9601,1,SF,1,100,0.0000
1715672363.104763,3657360.000,9667,1,SF,1,100,0.0000
1715672363.442310,3657682.000,9716,1,SF,1,100,0.0000
1715672363.774615,3657999.000,9770,1,SF,1,100,0.0000
1715672364.037734,3658250.000,9823,1,SF,1,100,0.0000
1715672364.372136,3658569.000,9872,1,SF,1,100,0.0000
1715672364.706538,3658888.000,9924,1,SF,1,100,0.0000
1715672365.039891,3659206.000,9976,1,SF,1,100,0.0000
1715672365.370100,3659521.000,10024,1,SF,1,100,0.0000
1715672365.771592,3659904.000,10091,1,SF,1,100,0.0000
1715672366.038904,3660159.000,10117,1,SF,1,100,0.0000
1715672366.369112,3660474.000,10168,1,SF,1,100,0.0000
1715672366.703515,3660793.000,10221,1,SF,1,100,0.0000
1715672367.037916,3661112.000,10272,1,SF,1,100,0.0000
1715672367.369174,3661428.000,10320,1,SF,1,100,0.0000
1715672367.701479,3661745.000,10377,1,SF,1,100,0.0000
1715672368.036929,3662065.000,10428,1,SF,1,100,0.0000
1715672368.370283,3662383.000,10478,1,SF,1,100,0.0000
1715672368.698395,3662696.000,10529,1,SF,1,100,0.0000
1715672369.032797,3663015.000,10582,1,SF,1,100,0.0000
1715672369.434289,3663398.000,10650,1,SF,1,100,0.0000
1715672369.898678,3663841.000,10704,1,SF,1,100,0.0000
1715672370.032858,3663969.000,10721,1,SF,1,100,0.0000
1715672370.367260,3664288.000,10775,1,SF,1,100,0.0000
1715672370.699565,3664605.000,10823,1,SF,1,100,0.0000
1715672371.030822,3664921.000,10876,1,SF,1,100,0.0000
1715672371.365224,3665240.000,10934,1,SF,1,100,0.0000
1715672371.698577,3665558.000,10988,1,SF,1,100,0.0000
1715672372.093780,3665935.000,11053,1,SF,1,100,0.0000
1715672372.428182,3666254.000,11107,1,SF,1,100,0.0000
1715672372.762583,3666573.000,11157,1,SF,1,100,0.0000
1715672373.092792,3666888.000,11208,1,SF,1,100,0.0000
1715672373.429291,3667209.000,11261,1,SF,1,100,0.0000
1715672373.762644,3667527.000,11312,1,SF,1,100,0.0000
1715672374.027860,3667780.000,11363,1,SF,1,100,0.0000
1715672374.358068,3668095.000,11414,1,SF,1,100,0.0000
1715672374.692470,3668414.000,11465,1,SF,1,100,0.0000
1715672375.025824,3668732.000,11518,1,SF,1,100,0.0000
1715672375.354985,3669046.000,11567,1,SF,1,100,0.0000
1715672375.756476,3669429.000,11636,1,SF,1,100,0.0000
1715672376.091927,3669749.000,11686,1,SF,1,100,0.0000
1715672376.422135,3670064.000,11738,1,SF,1,100,0.0000
1715672376.757586,3670384.000,11798,1,SF,1,100,0.0000
1715672377.090939,3670702.000,11847,1,SF,1,100,0.0000
1715672377.356154,3670955.000,11897,1,SF,1,100,0.0000
1715672377.686363,3671270.000,11951,1,SF,1,100,0.0000
1715672378.020765,3671589.000,12004,1,SF,1,100,0.0000
1715672378.354119,3671907.000,12053,1,SF,1,100,0.0000
1715672378.684328,3672222.000,12102,1,SF,1,100,0.0000
1715672379.018729,3672541.000,12157,1,SF,1,100,0.0000
1715672379.354180,3672861.000,12208,1,SF,1,100,0.0000
1715672379.687533,3673179.000,12261,1,SF,1,100,0.0000
1715672380.019839,3673496.000,12309,1,SF,1,100,0.0000
1715672380.421330,3673879.000,12377,1,SF,1,100,0.0000
1715672380.752588,3674195.000,12435,1,SF,1,100,0.0000
1715672381.016755,3674447.000,12483,1,SF,1,100,0.0000
1715672381.418247,3674830.000,12537,1,SF,1,100,0.0000
1715672381.750552,3675147.000,12587,1,SF,1,100,0.0000
1715672382.081809,3675463.000,12646,1,SF,1,100,0.0000
1715672382.415163,3675781.000,12694,1,SF,1,100,0.0000
1715672382.751661,3676102.000,12750,1,SF,1,100,0.0000
1715672383.016876,3676355.000,12798,1,SF,1,100,0.0000
1715672383.348133,3676671.000,12853,1,SF,1,100,0.0000
1715672383.682535,3676990.000,12902,1,SF,1,100,0.0000
1715672384.014841,3677307.000,12954,1,SF,1,100,0.0000
1715672384.345049,3677622.000,13006,1,SF,1,100,0.0000
1715672384.746541,3678005.000,13074,1,SF,1,100,0.0000
1715672385.079895,3678323.000,13123,1,SF,1,100,0.0000
1715672385.411152,3678639.000,13178,1,SF,1,100,0.0000
1715672385.677416,3678893.000,13227,1,SF,1,100,0.0000
1715672386.012866,3679213.000,13281,1,SF,1,100,0.0000
1715672386.346219,3679531.000,13333,1,SF,1,100,0.0000
1715672386.677476,3679847.000,13384,1,SF,1,100,0.0000
1715672387.078968,3680230.000,13453,1,SF,1,100,0.0000
1715672387.410225,3680546.000,13510,1,SF,1,100,0.0000
1715672387.674392,3680798.000,13544,1,SF,1,100,0.0000
1715672388.008794,3681117.000,13595,1,SF,1,100,0.0000
1715672388.409238,3681499.000,13665,1,SF,1,100,0.0000
1715672388.740495,3681815.000,13716,1,SF,1,100,0.0000
1715672389.005710,3682068.000,13767,1,SF,1,100,0.0000
1715672389.341161,3682388.000,13818,1,SF,1,100,0.0000
1715672389.674514,3682706.000,13871,1,SF,1,100,0.0000
1715672390.004723,3683021.000,13921,1,SF,1,100,0.0000
1715672390.339125,3683340.000,13970,1,SF,1,100,0.0000
1715672390.671430,3683657.000,14024,1,SF,1,100,0.0000
1715672391.068729,3684036.000,14095,1,SF,1,100,0.0000
1715672391.404179,3684356.000,14144,1,SF,1,100,0.0000
1715672391.738581,3684675.000,14195,1,SF,1,100,0.0000
1715672392.002748,3684927.000,14248,1,SF,1,100,0.0000
1715672392.334005,3685243.000,14300,1,SF,1,100,0.0000
1715672392.669455,3685563.000,14350,1,SF,1,100,0.0000
1715672393.002809,3685881.000,14409,1,SF,1,100,0.0000
1715672393.333018,3686196.000,14460,1,SF,1,100,0.0000
1715672393.667420,3686515.000,14513,1,SF,1,100,0.0000
1715672394.000773,3686833.000,14561,1,SF,1,100,0.0000
1715672394.398072,3687212.000,14632,1,SF,1,100,0.0000
1715672394.733522,3687532.000,14682,1,SF,1,100,0.0000
1715672395.067924,3687851.000,14730,1,SF,1,100,0.0000
1715672395.332091,3688103.000,14783,1,SF,1,100,0.0000
1715672395.662300,3688418.000,14834,1,SF,1,100,0.0000
1715672395.997750,3688738.000,14885,1,SF,1,100,0.0000
1715672396.332152,3689057.000,14940,1,SF,1,100,0.0000
1715672396.662361,3689372.000,14989,1,SF,1,100,0.0000
1715672396.996763,3689691.000,15042,1,SF,1,100,0.0000
1715672397.398255,3690074.000,15112,1,SF,1,100,0.0000
1715672397.728463,3690389.000,15161,1,SF,1,100,0.0000
1715672398.061817,3690707.000,15211,1,SF,1,100,0.0000
1715672398.396219,3691026.000,15270,1,SF,1,100,0.0000
1715672398.726428,3691341.000,15320,1,SF,1,100,0.0000
1715672399.057685,3691657.000,15369,1,SF,1,100,0.0000
1715672399.326045,3691913.000,15421,1,SF,1,100,0.0000
1715672399.661495,3692233.000,15470,1,SF,1,100,0.0000
1715672399.991704,3692548.000,15521,1,SF,1,100,0.0000
1715672400.326106,3692867.000,15574,1,SF,1,100,0.0000
1715672400.728646,3693251.000,15644,1,SF,1,100,0.0000
1715672400.992813,3693503.000,15677,1,SF,1,100,0.0000
1715672401.391160,3693883.000,15732,1,SF,1,100,0.0000
1715672401.658472,3694138.000,15781,1,SF,1,100,0.0000
1715672401.989729,3694454.000,15834,1,SF,1,100,0.0000
1715672402.319938,3694769.000,15883,1,SF,1,100,0.0000
1715672402.655388,3695089.000,15936,1,SF,1,100,0.0000
1715672402.991886,3695410.000,15987,1,SF,1,100,0.0000
1715672403.389185,3695789.000,16057,1,SF,1,100,0.0000
1715672403.655449,3696043.000,16096,1,SF,1,100,0.0000
1715672404.057989,3696427.000,16161,1,SF,1,100,0.0000
1715672404.386101,3696740.000,16209,1,SF,1,100,0.0000
1715672404.652365,3696994.000,16265,1,SF,1,100,0.0000
1715672404.986767,3697313.000,16313,1,SF,1,100,0.0000
1715672405.319072,3697630.000,16366,1,SF,1,100,0.0000
1715672405.649281,3697945.000,16417,1,SF,1,100,0.0000
1715672405.983683,3698264.000,16471,1,SF,1,100,0.0000
1715672406.320181,3698585.000,16521,1,SF,1,100,0.0000
1715672406.650390,3698900.000,16572,1,SF,1,100,0.0000
1715672407.049785,3699281.000,16640,1,SF,1,100,0.0000
1715672407.385236,3699601.000,16690,1,SF,1,100,0.0000
1715672407.649403,3699853.000,16744,1,SF,1,100,0.0000
1715672407.980660,3700169.000,16794,1,SF,1,100,0.0000
1715672408.315062,3700488.000,16843,1,SF,1,100,0.0000
1715672408.648415,3700806.000,16896,1,SF,1,100,0.0000
1715672408.978624,3701121.000,16955,1,SF,1,100,0.0000
1715672409.313026,3701440.000,17003,1,SF,1,100,0.0000
1715672409.649524,3701761.000,17056,1,SF,1,100,0.0000
1715672410.045775,3702139.000,17124,1,SF,1,100,0.0000
1715672410.379128,3702457.000,17172,1,SF,1,100,0.0000
1715672410.647489,3702713.000,17228,1,SF,1,100,0.0000
1715672410.978746,3703029.000,17278,1,SF,1,100,0.0000
1715672411.310003,3703345.000,17332,1,SF,1,100,0.0000
1715672411.644405,3703664.000,17380,1,SF,1,100,0.0000
1715672411.977758,3703982.000,17431,1,SF,1,100,0.0000
1715672412.307967,3704297.000,17481,1,SF,1,100,0.0000
1715672412.709459,3704680.000,17551,1,SF,1,100,0.0000
1715672413.043861,3704999.000,17603,1,SF,1,100,0.0000
1715672413.375118,3705315.000,17653,1,SF,1,100,0.0000
1715672413.708472,3705633.000,17708,1,SF,1,100,0.0000
1715672414.043922,3705953.000,17757,1,SF,1,100,0.0000
1715672414.373082,3706267.000,17811,1,SF,1,100,0.0000
1715672414.640394,3706522.000,17863,1,SF,1,100,0.0000
1715672414.974796,3706841.000,17915,1,SF,1,100,0.0000
1715672415.308150,3707159.000,17964,1,SF,1,100,0.0000
1715672415.638358,3707474.000,18014,1,SF,1,100,0.0000
1715672415.971712,3707792.000,18066,1,SF,1,100,0.0000
1715672416.373204,3708175.000,18134,1,SF,1,100,0.0000
1715672416.703413,3708490.000,18187,1,SF,1,100,0.0000
1715672417.036766,3708808.000,18238,1,SF,1,100,0.0000
1715672417.305126,3709064.000,18289,1,SF,1,100,0.0000
1715672417.637432,3709381.000,18339,1,SF,1,100,0.0000
1715672418.035779,3709761.000,18394,1,SF,1,100,0.0000
1715672418.370181,3710080.000,18443,1,SF,1,100,0.0000
1715672418.703535,3710398.000,18495,1,SF,1,100,0.0000
1715672418.967701,3710650.000,18547,1,SF,1,100,0.0000
1715672419.301055,3710968.000,18600,1,SF,1,100,0.0000
1715672419.702547,3711351.000,18656,1,SF,1,100,0.0000
1715672420.031708,3711665.000,18709,1,SF,1,100,0.0000
1715672420.365061,3711983.000,18760,1,SF,1,100,0.0000
1715672420.700511,3712303.000,18812,1,SF,1,100,0.0000
1715672420.965727,3712556.000,18863,1,SF,1,100,0.0000
1715672421.296984,3712872.000,18913,1,SF,1,100,0.0000
1715672421.631386,3713191.000,18965,1,SF,1,100,0.0000
1715672421.965788,3713510.000,19013,1,SF,1,100,0.0000
1715672422.294948,3713824.000,19066,1,SF,1,100,0.0000
1715672422.695392,3714206.000,19131,1,SF,1,100,0.0000
1715672423.029794,3714525.000,19182,1,SF,1,100,0.0000
1715672423.358954,3714839.000,19233,1,SF,1,100,0.0000
1715672423.625218,3715093.000,19286,1,SF,1,100,0.0000
1715672423.960668,3715413.000,19340,1,SF,1,100,0.0000
1715672424.294021,3715731.000,19390,1,SF,1,100,0.0000
1715672424.624230,3716046.000,19441,1,SF,1,100,0.0000
1715672424.958632,3716365.000,19489,1,SF,1,100,0.0000
1715672425.293034,3716684.000,19548,1,SF,1,100,0.0000
1715672425.621146,3716997.000,19598,1,SF,1,100,0.0000
1715672425.954500,3717315.000,19654,1,SF,1,100,0.0000
1715672426.290998,3717636.000,19704,1,SF,1,100,0.0000
1715672426.686201,3718013.000,19772,1,SF,1,100,0.0000
1715672427.019554,3718331.000,19826,1,SF,1,100,0.0000
1715672427.355004,3718651.000,19876,1,SF,1,100,0.0000
1715672427.622316,3718906.000,19925,1,SF,1,100,0.0000
1715672427.952525,3719221.000,19979,1,SF,1,100,0.0000
1715672428.286927,3719540.000,20032,1,SF,1,100,0.0000
1715672428.621329,3719859.000,20080,1,SF,1,100,0.0000
1715672429.014435,3720234.000,20148,1,SF,1,100,0.0000
1715672429.349885,3720554.000,20201,1,SF,1,100,0.0000
1715672429.684287,3720873.000,20252,1,SF,1,100,0.0000
1715672429.948454,3721125.000,20305,1,SF,1,100,0.0000
1715672430.281807,3721443.000,20353,1,SF,1,100,0.0000
1715672430.684347,3721827.000,20414,1,SF,1,100,0.0000
1715672430.951659,3722082.000,20467,1,SF,1,100,0.0000
1715672431.280820,3722396.000,20518,1,SF,1,100,0.0000
1715672431.615222,3722715.000,20569,1,SF,1,100,0.0000
1715672431.949624,3723034.000,20620,1,SF,1,100,0.0000
1715672432.343778,3723410.000,20657,1,SF,1,100,0.0000
1715672432.612138,3723666.000,20710,1,SF,1,100,0.0000
1715672432.948636,3723987.000,20761,1,SF,1,100,0.0000
1715672433.278845,3724302.000,20810,1,SF,1,100,0.0000
1715672433.611150,3724619.000,20865,1,SF,1,100,0.0000
1715672434.013690,3725003.000,20930,1,SF,1,100,0.0000
1715672434.281003,3725258.000,20967,1,SF,1,100,0.0000
1715672434.608066,3725570.000,21018,1,SF,1,100,0.0000
1715672435.009558,3725953.000,21086,1,SF,1,100,0.0000
1715672435.342912,3726271.000,21136,1,SF,1,100,0.0000
1715672435.607079,3726523.000,21190,1,SF,1,100,0.0000
1715672436.007523,3726905.000,21247,1,SF,1,100,0.0000
1715672436.276931,3727162.000,21296,1,SF,1,100,0.0000
1715672436.608188,3727478.000,21348,1,SF,1,100,0.0000
1715672436.938397,3727793.000,21400,1,SF,1,100,0.0000
1715672437.273847,3728113.000,21448,1,SF,1,100,0.0000
1715672437.608249,3728432.000,21504,1,SF,1,100,0.0000
1715672438.002403,3728808.000,21569,1,SF,1,100,0.0000
1715672438.336805,3729127.000,21620,1,SF,1,100,0.0000
1715672438.670158,3729445.000,21676,1,SF,1,100,0.0000
1715672439.000367,3729760.000,21724,1,SF,1,100,0.0000
1715672439.268727,3730016.000,21778,1,SF,1,100,0.0000
1715672439.605226,3730337.000,21828,1,SF,1,100,0.0000
1715672439.936483,3730653.000,21877,1,SF,1,100,0.0000
1715672440.265643,3730967.000,21927,1,SF,1,100,0.0000
1715672440.668184,3731351.000,21999,1,SF,1,100,0.0000
1715672441.000489,3731668.000,22048,1,SF,1,100,0.0000
1715672441.330698,3731983.000,22103,1,SF,1,100,0.0000
1715672441.665100,3732302.000,22154,1,SF,1,100,0.0000
1715672441.999501,3732621.000,22207,1,SF,1,100,0.0000
1715672442.264717,3732874.000,22256,1,SF,1,100,0.0000
1715672442.597022,3733191.000,22310,1,SF,1,100,0.0000
1715672442.933521,3733512.000,22360,1,SF,1,100,0.0000
1715672443.264778,3733828.000,22408,1,SF,1,100,0.0000
1715672443.592890,3734141.000,22464,1,SF,1,100,0.0000
1715672443.928340,3734461.000,22512,1,SF,1,100,0.0000
1715672444.327735,3734842.000,22578,1,SF,1,100,0.0000
1715672444.658993,3735158.000,22633,1,SF,1,100,0.0000
1715672444.993394,3735477.000,22681,1,SF,1,100,0.0000
1715672445.327796,3735796.000,22735,1,SF,1,100,0.0000
1715672445.658005,3736111.000,22783,1,SF,1,100,0.0000
1715672445.924269,3736365.000,22841,1,SF,1,100,0.0000
1715672446.260767,3736686.000,22889,1,SF,1,100,0.0000
1715672446.592024,3737002.000,22943,1,SF,1,100,0.0000
1715672446.921185,3737316.000,22995,1,SF,1,100,0.0000
1715672447.323725,3737700.000,23065,1,SF,1,100,0.0000
1715672447.657079,3738018.000,23117,1,SF,1,100,0.0000
1715672447.922294,3738271.000,23151,1,SF,1,100,0.0000
1715672448.321689,3738652.000,23216,1,SF,1,100,0.0000
1715672448.656091,3738971.000,23269,1,SF,1,100,0.0000
1715672448.921306,3739224.000,23321,1,SF,1,100,0.0000
1715672449.250467,3739538.000,23371,1,SF,1,100,0.0000
1715672449.651959,3739921.000,23423,1,SF,1,100,0.0000
1715672449.918222,3740175.000,23475,1,SF,1,100,0.0000
1715672450.248431,3740490.000,23524,1,SF,1,100,0.0000
1715672450.582833,3740809.000,23572,1,SF,1,100,0.0000
1715672450.918283,3741129.000,23627,1,SF,1,100,0.0000
1715672451.315582,3741508.000,23695,1,SF,1,100,0.0000
1715672451.646839,3741824.000,23746,1,SF,1,100,0.0000
1715672451.981241,3742143.000,23802,1,SF,1,100,0.0000
1715672452.312498,3742459.000,23855,1,SF,1,100,0.0000
1715672452.576665,3742711.000,23906,1,SF,1,100,0.0000
1715672452.913164,3743032.000,23957,1,SF,1,100,0.0000
1715672453.244421,3743348.000,24009,1,SF,1,100,0.0000
1715672453.575678,3743664.000,24061,1,SF,1,100,0.0000
1715672453.909031,3743982.000,24110,1,SF,1,100,0.0000
1715672454.244482,3744302.000,24163,1,SF,1,100,0.0000
1715672454.574690,3744617.000,24214,1,SF,1,100,0.0000
1715672454.973037,3744997.000,24282,1,SF,1,100,0.0000
1715672455.307439,3745316.000,24337,1,SF,1,100,0.0000
1715672455.639745,3745633.000,24388,1,SF,1,100,0.0000
1715672455.971002,3745949.000,24438,1,SF,1,100,0.0000
1715672456.240410,3746206.000,24490,1,SF,1,100,0.0000
1715672456.572716,3746523.000,24541,1,SF,1,100,0.0000
1715672456.903973,3746839.000,24591,1,SF,1,100,0.0000
1715672457.238374,3747158.000,24639,1,SF,1,100,0.0000
1715672457.573825,3747478.000,24700,1,SF,1,100,0.0000
1715672457.904033,3747793.000,24752,1,SF,1,100,0.0000
1715672458.234242,3748108.000,24802,1,SF,1,100,0.0000
1715672458.568644,3748427.000,24852,1,SF,1,100,0.0000
1715672458.969088,3748809.000,24920,1,SF,1,100,0.0000
1715672459.300345,3749125.000,24974,1,SF,1,100,0.0000
1715672459.569753,3749382.000,25024,1,SF,1,100,0.0000
1715672459.902059,3749699.000,25075,1,SF,1,100,0.0000
1715672460.233316,3750015.000,25126,1,SF,1,100,0.0000
1715672460.566669,3750333.000,25180,1,SF,1,100,0.0000
1715672460.902119,3750653.000,25232,1,SF,1,100,0.0000
1715672461.299418,3751032.000,25300,1,SF,1,100,0.0000
1715672461.629627,3751347.000,25354,1,SF,1,100,0.0000
1715672461.964029,3751666.000,25404,1,SF,1,100,0.0000
1715672462.298431,3751985.000,25453,1,SF,1,100,0.0000
1715672462.629688,3752301.000,25508,1,SF,1,100,0.0000
1715672462.963042,3752619.000,25565,1,SF,1,100,0.0000
1715672463.299540,3752940.000,25599,1,SF,1,100,0.0000
1715672463.627652,3753253.000,25650,1,SF,1,100,0.0000
1715672463.962054,3753572.000,25703,1,SF,1,100,0.0000
1715672464.230414,3753828.000,25752,1,SF,1,100,0.0000
1715672464.562720,3754145.000,25802,1,SF,1,100,0.0000
1715672464.892928,3754460.000,25853,1,SF,1,100,0.0000
1715672465.227330,3754779.000,25904,1,SF,1,100,0.0000
1715672465.561732,3755098.000,25955,1,SF,1,100,0.0000
1715672465.960079,3755478.000,26027,1,SF,1,100,0.0000
1715672466.292385,3755795.000,26075,1,SF,1,100,0.0000
1715672466.628883,3756116.000,26129,1,SF,1,100,0.0000
1715672466.955947,3756428.000,26182,1,SF,1,100,0.0000
1715672467.222210,3756682.000,26233,1,SF,1,100,0.0000
1715672467.557661,3757002.000,26281,1,SF,1,100,0.0000
1715672467.889966,3757319.000,26335,1,SF,1,100,0.0000
1715672468.287265,3757698.000,26393,1,SF,1,100,0.0000
1715672468.620619,3758016.000,26444,1,SF,1,100,0.0000
1715672468.887930,3758271.000,26497,1,SF,1,100,0.0000
1715672469.219187,3758587.000,26548,1,SF,1,100,0.0000
1715672469.552541,3758905.000,26596,1,SF,1,100,0.0000
1715672469.884846,3759222.000,26645,1,SF,1,100,0.0000
1715672470.217152,3759539.000,26700,1,SF,1,100,0.0000
1715672470.548409,3759855.000,26749,1,SF,1,100,0.0000
1715672470.883859,3760175.000,26804,1,SF,1,100,0.0000
1715672471.285351,3760558.000,26871,1,SF,1,100,0.0000
1715672471.614511,3760872.000,26923,1,SF,1,100,0.0000
1715672471.947865,3761190.000,26973,1,SF,1,100,0.0000
1715672472.215177,3761445.000,27024,1,SF,1,100,0.0000
1715672472.545386,3761760.000,27074,1,SF,1,100,0.0000
1715672472.878739,3762078.000,27126,1,SF,1,100,0.0000
1715672473.211045,3762395.000,27174,1,SF,1,100,0.0000
1715672473.544398,3762713.000,27212,1,SF,1,100,0.0000
1715672473.875655,3763029.000,27260,1,SF,1,100,0.0000
1715672474.211105,3763349.000,27314,1,SF,1,100,0.0000
1715672474.611549,3763731.000,27384,1,SF,1,100,0.0000
1715672474.940710,3764045.000,27432,1,SF,1,100,0.0000
1715672475.274063,3764363.000,27483,1,SF,1,100,0.0000
1715672475.541375,3764618.000,27536,1,SF,1,100,0.0000
1715672475.871584,3764933.000,27592,1,SF,1,100,0.0000
1715672476.204937,3765251.000,27640,1,SF,1,100,0.0000
1715672476.537243,3765568.000,27692,1,SF,1,100,0.0000
1715672476.870596,3765886.000,27744,1,SF,1,100,0.0000
1715672477.201854,3766202.000,27796,1,SF,1,100,0.0000
1715672477.603345,3766585.000,27863,1,SF,1,100,0.0000
1715672477.938796,3766905.000,27916,1,SF,1,100,0.0000
1715672478.267956,3767219.000,27965,1,SF,1,100,0.0000
1715672478.534220,3767473.000,28015,1,SF,1,100,0.0000
1715672478.935712,3767856.000,28071,1,SF,1,100,0.0000
1715672479.264872,3768170.000,28124,1,SF,1,100,0.0000
1715672479.532184,3768425.000,28173,1,SF,1,100,0.0000
1715672479.864489,3768742.000,28224,1,SF,1,100,0.0000
1715672480.197843,3769060.000,28274,1,SF,1,100,0.0000
1715672480.529100,3769376.000,28325,1,SF,1,100,0.0000
1715672480.864550,3769696.000,28383,1,SF,1,100,0.0000
1715672481.266042,3770079.000,28448,1,SF,1,100,0.0000
1715672481.594154,3770392.000,28496,1,SF,1,100,0.0000
1715672481.927508,3770710.000,28547,1,SF,1,100,0.0000
1715672482.261910,3771029.000,28603,1,SF,1,100,0.0000
1715672482.591070,3771343.000,28654,1,SF,1,100,0.0000
1715672482.858382,3771598.000,28704,1,SF,1,100,0.0000
1715672483.190688,3771915.000,28758,1,SF,1,100,0.0000
1715672483.525090,3772234.000,28809,1,SF,1,100,0.0000
1715672483.856347,3772550.000,28860,1,SF,1,100,0.0000
1715672484.189700,3772868.000,28915,1,SF,1,100,0.0000
1715672484.524102,3773187.000,28967,1,SF,1,100,0.0000
1715672484.918256,3773563.000,29038,1,SF,1,100,0.0000
1715672485.251610,3773881.000,29087,1,SF,1,100,0.0000
1715672485.586012,3774200.000,29143,1,SF,1,100,0.0000
1715672485.850178,3774452.000,29193,1,SF,1,100,0.0000
1715672486.183532,3774770.000,29247,1,SF,1,100,0.0000
1715672486.515837,3775087.000,29295,1,SF,1,100,0.0000
1715672486.851288,3775407.000,29346,1,SF,1,100,0.0000
1715672487.246490,3775784.000,29414,1,SF,1,100,0.0000
1715672487.580892,3776103.000,29468,1,SF,1,100,0.0000
1715672487.917390,3776424.000,29518,1,SF,1,100,0.0000
1715672488.244454,3776736.000,29569,1,SF,1,100,0.0000
1715672488.577808,3777054.000,29620,1,SF,1,100,0.0000
1715672488.912210,3777373.000,29673,1,SF,1,100,0.0000
1715672489.177425,3777626.000,29724,1,SF,1,100,0.0000
1715672489.575772,3778006.000,29780,1,SF,1,100,0.0000
1715672489.843084,3778261.000,29833,1,SF,1,100,0.0000
1715672490.178534,3778581.000,29881,1,SF,1,100,0.0000
1715672490.508743,3778896.000,29931,1,SF,1,100,0.0000
1715672490.842097,3779214.000,29987,1,SF,1,100,0.0000
1715672491.176499,3779533.000,30036,1,SF,1,100,0.0000
1715672491.570652,3779909.000,30105,1,SF,1,100,0.0000
1715672491.904006,3780227.000,30156,1,SF,1,100,0.0000
1715672492.238408,3780546.000,30208,1,SF,1,100,0.0000
1715672492.503623,3780799.000,30258,1,SF,1,100,0.0000
1715672492.835929,3781116.000,30309,1,SF,1,100,0.0000
1715672493.168234,3781433.000,30357,1,SF,1,100,0.0000
1715672493.503684,3781753.000,30411,1,SF,1,100,0.0000
1715672493.832845,3782067.000,30459,1,SF,1,100,0.0000
1715672494.365372,3782575.000,30530,1,SF,1,100,0.0000
1715672494.500600,3782704.000,30547,1,SF,1,100,0.0000
1715672494.961844,3783144.000,30620,1,SF,1,100,0.0000
1715672495.162066,3783335.000,30658,1,SF,1,100,0.0000
1715672495.496468,3783654.000,30708,1,SF,1,100,0.0000
1715672495.829822,3783972.000,30761,1,SF,1,100,0.0000
1715672496.161079,3784288.000,30812,1,SF,1,100,0.0000
1715672496.562571,3784671.000,30867,1,SF,1,100,0.0000
1715672496.893828,3784987.000,30916,1,SF,1,100,0.0000
1715672497.157995,3785239.000,30969,1,SF,1,100,0.0000
1715672497.491348,3785557.000,31020,1,SF,1,100,0.0000
1715672497.825750,3785876.000,31073,1,SF,1,100,0.0000
1715672498.157007,3786192.000,31122,1,SF,1,100,0.0000
1715672498.488264,3786508.000,31161,1,SF,1,100,0.0000
1715672498.889756,3786891.000,31230,1,SF,1,100,0.0000
1715672499.223110,3787209.000,31279,1,SF,1,100,0.0000
1715672499.552270,3787523.000,31330,1,SF,1,100,0.0000
1715672499.819582,3787778.000,31383,1,SF,1,100,0.0000
1715672500.155032,3788098.000,31432,1,SF,1,100,0.0000
1715672500.484193,3788412.000,31471,1,SF,1,100,0.0000
1715672500.817547,3788730.000,31526,1,SF,1,100,0.0000
1715672501.151948,3789049.000,31577,1,SF,1,100,0.0000
1715672501.484254,3789366.000,31628,1,SF,1,100,0.0000
1715672501.881552,3789745.000,31695,1,SF,1,100,0.0000
1715672502.215955,3790064.000,31746,1,SF,1,100,0.0000
1715672502.483266,3790319.000,31780,1,SF,1,100,0.0000
1715672502.878469,3790696.000,31850,1,SF,1,100,0.0000
1715672503.214967,3791017.000,31901,1,SF,1,100,0.0000
1715672503.546224,3791333.000,31949,1,SF,1,100,0.0000
1715672503.811439,3791586.000,32000,1,SF,1,100,0.0000
1715672504.143745,3791903.000,32056,1,SF,1,100,0.0000
1715672504.545237,3792286.000,32106,1,SF,1,100,0.0000
1715672504.876494,3792602.000,32157,1,SF,1,100,0.0000
1715672505.140661,3792854.000,32210,1,SF,1,100,0.0000
1715672505.475063,3793173.000,32261,1,SF,1,100,0.0000
1715672505.809464,3793492.000,32319,1,SF,1,100,0.0000
1715672506.139673,3793807.000,32372,1,SF,1,100,0.0000
1715672506.541165,3794190.000,32422,1,SF,1,100,0.0000
1715672506.872422,3794506.000,32473,1,SF,1,100,0.0000
1715672507.203679,3794822.000,32526,1,SF,1,100,0.0000
1715672507.468895,3795075.000,32577,1,SF,1,100,0.0000
1715672507.804345,3795395.000,32628,1,SF,1,100,0.0000
1715672508.137698,3795713.000,32676,1,SF,1,100,0.0000
1715672508.465811,3796026.000,32727,1,SF,1,100,0.0000
1715672508.800213,3796345.000,32748,1,SF,1,100,0.0000
1715672509.270891,3796794.000,32767,1,SF,1,100,0.0000
1715672509.532962,3797044.000,32789,1,SF,1,100,0.0000
1715672509.798177,3797297.000,32823,1,SF,1,100,0.0000
1715672510.133627,3797617.000,32875,1,SF,1,100,0.0000
1715672510.465932,3797934.000,32927,1,SF,1,100,0.0000
1715672510.795093,3798248.000,32981,1,SF,1,100,0.0000
1715672511.197633,3798632.000,33035,1,SF,1,100,0.0000
1715672511.463897,3798886.000,33072,1,SF,1,100,0.0000
1715672511.859099,3799263.000,33139,1,SF,1,100,0.0000
1715672512.193501,3799582.000,33187,1,SF,1,100,0.0000
1715672512.460813,3799837.000,33241,1,SF,1,100,0.0000
1715672512.793118,3800154.000,33291,1,SF,1,100,0.0000
1715672513.124375,3800470.000,33341,1,SF,1,100,0.0000
1715672513.459825,3800790.000,33390,1,SF,1,100,0.0000
1715672513.793179,3801108.000,33441,1,SF,1,100,0.0000
1715672514.188381,3801485.000,33509,1,SF,1,100,0.0000
1715672514.523831,3801805.000,33562,1,SF,1,100,0.0000
1715672514.856137,3802122.000,33613,1,SF,1,100,0.0000
1715672515.120304,3802374.000,33666,1,SF,1,100,0.0000
1715672515.454706,3802693.000,33715,1,SF,1,100,0.0000
1715672515.790156,3803013.000,33765,1,SF,1,100,0.0000
1715672516.123509,3803331.000,33818,1,SF,1,100,0.0000
1715672516.521857,3803711.000,33875,1,SF,1,100,0.0000
1715672516.788120,3803965.000,33909,1,SF,1,100,0.0000
1715672517.121474,3804283.000,33959,1,SF,1,100,0.0000
1715672517.450634,3804597.000,34010,1,SF,1,100,0.0000
1715672517.853174,3804981.000,34078,1,SF,1,100,0.0000
1715672518.186528,3805299.000,34128,1,SF,1,100,0.0000
1715672518.517785,3805615.000,34182,1,SF,1,100,0.0000
1715672518.784049,3805869.000,34230,1,SF,1,100,0.0000
1715672519.119499,3806189.000,34286,1,SF,1,100,0.0000
1715672519.452852,3806507.000,34337,1,SF,1,100,0.0000
1715672519.780965,3806820.000,34386,1,SF,1,100,0.0000
1715672520.116415,3807140.000,34438,1,SF,1,100,0.0000
1715672520.516859,3807522.000,34508,1,SF,1,100,0.0000
1715672520.847067,3807837.000,34557,1,SF,1,100,0.0000
1715672521.181469,3808156.000,34609,1,SF,1,100,0.0000
1715672521.515871,3808475.000,34661,1,SF,1,100,0.0000
1715672521.912122,3808853.000,34717,1,SF,1,100,0.0000
1715672522.111295,3809043.000,34754,1,SF,1,100,0.0000
1715672522.446745,3809363.000,34806,1,SF,1,100,0.0000
1715672522.780099,3809681.000,34855,1,SF,1,100,0.0000
1715672523.108211,3809994.000,34906,1,SF,1,100,0.0000
1715672523.443661,3810314.000,34962,1,SF,1,100,0.0000
1715672523.778063,3810633.000,35010,1,SF,1,100,0.0000
1715672524.175362,3811012.000,35076,1,SF,1,100,0.0000
1715672524.508716,3811330.000,35128,1,SF,1,100,0.0000
1715672524.843118,3811649.000,35179,1,SF,1,100,0.0000
1715672525.173326,3811964.000,35230,1,SF,1,100,0.0000
1715672525.437494,3812216.000,35283,1,SF,1,100,0.0000
1715672525.772944,3812536.000,35339,1,SF,1,100,0.0000
1715672526.108394,3812856.000,35387,1,SF,1,100,0.0000
1715672526.436506,3813169.000,35438,1,SF,1,100,0.0000
1715672526.771956,3813489.000,35491,1,SF,1,100,0.0000
1715672527.306580,3813999.000,35543,1,SF,1,100,0.0000
1715672527.437615,3814124.000,35560,1,SF,1,100,0.0000
1715672527.769921,3814441.000,35613,1,SF,1,100,0.0000
1715672528.104322,3814760.000,35664,1,SF,1,100,0.0000
1715672528.435580,3815076.000,35713,1,SF,1,100,0.0000
1715672528.765788,3815391.000,35768,1,SF,1,100,0.0000
1715672529.168329,3815775.000,35836,1,SF,1,100,0.0000
1715672529.502730,3816094.000,35870,1,SF,1,100,0.0000
1715672529.765849,3816345.000,35923,1,SF,1,100,0.0000
1715672530.099203,3816663.000,35971,1,SF,1,100,0.0000
1715672530.434653,3816983.000,36023,1,SF,1,100,0.0000
1715672530.763813,3817297.000,36077,1,SF,1,100,0.0000
1715672531.095070,3817613.000,36126,1,SF,1,100,0.0000
1715672531.429472,3817932.000,36176,1,SF,1,100,0.0000
1715672531.761778,3818249.000,36229,1,SF,1,100,0.0000
1715672532.091986,3818564.000,36280,1,SF,1,100,0.0000
1715672532.426389,3818883.000,36334,1,SF,1,100,0.0000
1715672532.762887,3819204.000,36373,1,SF,1,100,0.0000
1715672533.090999,3819517.000,36424,1,SF,1,100,0.0000
1715672533.423304,3819834.000,36477,1,SF,1,100,0.0000
1715672533.758754,3820154.000,36527,1,SF,1,100,0.0000
1715672534.088963,3820469.000,36576,1,SF,1,100,0.0000
1715672534.420220,3820785.000,36627,1,SF,1,100,0.0000
1715672534.754622,3821104.000,36680,1,SF,1,100,0.0000
1715672535.087976,3821422.000,36733,1,SF,1,100,0.0000
1715672535.418185,3821737.000,36784,1,SF,1,100,0.0000
1715672535.819677,3822120.000,36839,1,SF,1,100,0.0000
1715672536.089085,3822377.000,36890,1,SF,1,100,0.0000
1715672536.417197,3822690.000,36940,1,SF,1,100,0.0000
1715672536.749503,3823007.000,36989,1,SF,1,100,0.0000
1715672537.084953,3823327.000,37042,1,SF,1,100,0.0000
1715672537.482252,3823706.000,37096,1,SF,1,100,0.0000
1715672537.747467,3823959.000,37130,1,SF,1,100,0.0000
1715672538.148959,3824342.000,37187,1,SF,1,100,0.0000
1715672538.416271,3824597.000,37241,1,SF,1,100,0.0000
1715672538.746480,3824912.000,37291,1,SF,1,100,0.0000
1715672539.079833,3825230.000,37343,1,SF,1,100,0.0000
1715672539.481325,3825613.000,37397,1,SF,1,100,0.0000
1715672539.743396,3825863.000,37431,1,SF,1,100,0.0000
1715672540.142791,3826244.000,37500,1,SF,1,100,0.0000
1715672540.478241,3826564.000,37551,1,SF,1,100,0.0000
1715672540.809498,3826880.000,37605,1,SF,1,100,0.0000
1715672541.074713,3827133.000,37657,1,SF,1,100,0.0000
1715672541.476205,3827516.000,37693,1,SF,1,100,0.0000
1715672541.876649,3827898.000,37711,1,SF,1,100,0.0000
1715672542.204761,3828211.000,37732,1,SF,1,100,0.0000
1715672542.403935,3828401.000,37749,1,SF,1,100,0.0000
1715672542.740433,3828722.000,37800,1,SF,1,100,0.0000
1715672543.068546,3829035.000,37850,1,SF,1,100,0.0000
1715672543.400851,3829352.000,37893,1,SF,1,100,0.0000
1715672543.736301,3829672.000,37945,1,SF,1,100,0.0000
1715672544.069655,3829990.000,37997,1,SF,1,100,0.0000
1715672544.399863,3830305.000,38046,1,SF,1,100,0.0000
1715672544.734265,3830624.000,38099,1,SF,1,100,0.0000
1715672545.068667,3830943.000,38147,1,SF,1,100,0.0000
1715672545.461773,3831318.000,38218,1,SF,1,100,0.0000
1715672545.797223,3831638.000,38270,1,SF,1,100,0.0000
1715672546.131625,3831957.000,38321,1,SF,1,100,0.0000
1715672546.395792,3832209.000,38375,1,SF,1,100,0.0000
1715672546.728097,3832526.000,38423,1,SF,1,100,0.0000
1715672547.063548,3832846.000,38472,1,SF,1,100,0.0000
1715672547.396901,3833164.000,38527,1,SF,1,100,0.0000
1715672547.725013,3833477.000,38579,1,SF,1,100,0.0000
1715672548.126505,3833860.000,38649,1,SF,1,100,0.0000
1715672548.459859,3834178.000,38698,1,SF,1,100,0.0000
1715672548.722978,3834429.000,38738,1,SF,1,100,0.0000
1715672549.056331,3834747.000,38794,1,SF,1,100,0.0000
1715672549.392830,3835068.000,38842,1,SF,1,100,0.0000
1715672549.723038,3835383.000,38893,1,SF,1,100,0.0000
1715672550.053247,3835698.000,38946,1,SF,1,100,0.0000
1715672550.388697,3836018.000,38995,1,SF,1,100,0.0000
1715672550.788093,3836399.000,39065,1,SF,1,100,0.0000
1715672551.116205,3836712.000,39117,1,SF,1,100,0.0000
1715672551.452703,3837033.000,39166,1,SF,1,100,0.0000
1715672551.720015,3837288.000,39221,1,SF,1,100,0.0000
1715672552.051272,3837604.000,39270,1,SF,1,100,0.0000
1715672552.384626,3837922.000,39321,1,SF,1,100,0.0000
1715672552.721125,3838243.000,39374,1,SF,1,100,0.0000
1715672553.119472,3838623.000,39439,1,SF,1,100,0.0000
1715672553.448632,3838937.000,39489,1,SF,1,100,0.0000
1715672553.784082,3839257.000,39540,1,SF,1,100,0.0000
1715672554.116388,3839574.000,39585,1,SF,1,100,0.0000
1715672554.379506,3839825.000,39619,1,SF,1,100,0.0000
1715672554.714957,3840145.000,39668,1,SF,1,100,0.0000
1715672555.049358,3840464.000,39721,1,SF,1,100,0.0000
1715672555.381664,3840781.000,39772,1,SF,1,100,0.0000
1715672555.781059,3841162.000,39839,1,SF,1,100,0.0000
1715672556.115461,3841481.000,39889,1,SF,1,100,0.0000
1715672556.448815,3841799.000,39943,1,SF,1,100,0.0000
1715672556.709837,3842048.000,39996,1,SF,1,100,0.0000
1715672557.045287,3842368.000,40047,1,SF,1,100,0.0000
1715672557.378641,3842686.000,40095,1,SF,1,100,0.0000
1715672557.709898,3843002.000,40149,1,SF,1,100,0.0000
1715672558.044300,3843321.000,40199,1,SF,1,100,0.0000
1715672558.378701,3843640.000,40250,1,SF,1,100,0.0000
1715672558.711007,3843957.000,40303,1,SF,1,100,0.0000
1715672559.108306,3844336.000,40371,1,SF,1,100,0.0000
1715672559.442708,3844655.000,40416,1,SF,1,100,0.0000
1715672559.708971,3844909.000,40450,1,SF,1,100,0.0000
1715672560.106270,3845288.000,40504,1,SF,1,100,0.0000
1715672560.441720,3845608.000,40558,1,SF,1,100,0.0000
1715672560.776122,3845927.000,40610,1,SF,1,100,0.0000
1715672561.107379,3846243.000,40660,1,SF,1,100,0.0000
1715672561.440733,3846561.000,40714,1,SF,1,100,0.0000
1715672561.708045,3846816.000,40764,1,SF,1,100,0.0000
1715672562.040350,3847133.000,40816,1,SF,1,100,0.0000
1715672562.370559,3847448.000,40866,1,SF,1,100,0.0000
1715672562.707057,3847769.000,40920,1,SF,1,100,0.0000
1715672563.108549,3848152.000,40988,1,SF,1,100,0.0000
1715672563.437710,3848466.000,41038,1,SF,1,100,0.0000
1715672563.771063,3848784.000,41089,1,SF,1,100,0.0000
1715672564.038375,3849039.000,41140,1,SF,1,100,0.0000
1715672564.369632,3849355.000,41196,1,SF,1,100,0.0000
1715672564.834021,3849798.000,41250,1,SF,1,100,0.0000
1715672565.035291,3849990.000,41283,1,SF,1,100,0.0000
1715672565.368645,3850308.000,41337,1,SF,1,100,0.0000
1715672565.699902,3850624.000,41388,1,SF,1,100,0.0000
1715672566.035352,3850944.000,41438,1,SF,1,100,0.0000
1715672566.436844,3851327.000,41508,1,SF,1,100,0.0000
1715672566.764956,3851640.000,41557,1,SF,1,100,0.0000
1715672567.098310,3851958.000,41612,1,SF,1,100,0.0000
1715672567.365622,3852213.000,41661,1,SF,1,100,0.0000
1715672567.698975,3852531.000,41710,1,SF,1,100,0.0000
1715672568.030232,3852847.000,41765,1,SF,1,100,0.0000
1715672568.364634,3853166.000,41816,1,SF,1,100,0.0000
1715672568.766126,3853549.000,41881,1,SF,1,100,0.0000
1715672569.097383,3853865.000,41937,1,SF,1,100,0.0000
1715672569.364695,3854120.000,41985,1,SF,1,100,0.0000
1715672569.697001,3854437.000,42039,1,SF,1,100,0.0000
1715672570.029306,3854754.000,42087,1,SF,1,100,0.0000
1715672570.360563,3855070.000,42127,1,SF,1,100,0.0000
1715672570.694965,3855389.000,42180,1,SF,1,100,0.0000
1715672571.029367,3855708.000,42231,1,SF,1,100,0.0000
1715672571.426666,3856087.000,42299,1,SF,1,100,0.0000
1715672571.761067,3856406.000,42352,1,SF,1,100,0.0000
1715672572.095469,3856725.000,42400,1,SF,1,100,0.0000
1715672572.358588,3856976.000,42453,1,SF,1,100,0.0000
1715672572.691941,3857294.000,42502,1,SF,1,100,0.0000
1715672573.024247,3857611.000,42558,1,SF,1,100,0.0000
1715672573.357600,3857929.000,42608,1,SF,1,100,0.0000
1715672573.688858,3858245.000,42660,1,SF,1,100,0.0000
1715672574.022211,3858563.000,42710,1,SF,1,100,0.0000
1715672574.356613,3858882.000,42762,1,SF,1,100,0.0000
1715672574.752864,3859260.000,42832,1,SF,1,100,0.0000
1715672575.087265,3859579.000,42882,1,SF,1,100,0.0000
1715672575.421668,3859898.000,42935,1,SF,1,100,0.0000
1715672575.751876,3860213.000,42977,1,SF,1,100,0.0000
1715672576.084182,3860530.000,43029,1,SF,1,100,0.0000
1715672576.420680,3860851.000,43081,1,SF,1,100,0.0000
1715672576.686944,3861105.000,43131,1,SF,1,100,0.0000
1715672577.017152,3861420.000,43182,1,SF,1,100,0.0000
1715672577.349458,3861737.000,43234,1,SF,1,100,0.0000
1715672577.683860,3862056.000,43282,1,SF,1,100,0.0000
1715672578.013020,3862370.000,43336,1,SF,1,100,0.0000
1715672578.412416,3862751.000,43403,1,SF,1,100,0.0000
1715672578.746817,3863070.000,43454,1,SF,1,100,0.0000
1715672579.078074,3863386.000,43505,1,SF,1,100,0.0000
1715672579.344338,3863640.000,43558,1,SF,1,100,0.0000
1715672579.676643,3863957.000,43608,1,SF,1,100,0.0000
1715672580.012094,3864277.000,43660,1,SF,1,100,0.0000
1715672580.341254,3864591.000,43711,1,SF,1,100,0.0000
1715672580.740649,3864972.000,43782,1,SF,1,100,0.0000
1715672581.075051,3865291.000,43816,1,SF,1,100,0.0000
1715672581.405260,3865606.000,43869,1,SF,1,100,0.0000
1715672581.738614,3865924.000,43920,1,SF,1,100,0.0000
1715672582.005926,3866179.000,43971,1,SF,1,100,0.0000
1715672582.340328,3866498.000,44023,1,SF,1,100,0.0000
1715672582.670536,3866813.000,44075,1,SF,1,100,0.0000
1715672583.002842,3867130.000,44124,1,SF,1,100,0.0000
1715672583.403285,3867512.000,44195,1,SF,1,100,0.0000
1715672583.732446,3867826.000,44247,1,SF,1,100,0.0000
1715672584.066848,3868145.000,44296,1,SF,1,100,0.0000
1715672584.401250,3868464.000,44348,1,SF,1,100,0.0000
1715672584.668561,3868719.000,44400,1,SF,1,100,0.0000
1715672584.997722,3869033.000,44453,1,SF,1,100,0.0000
1715672585.333172,3869353.000,44502,1,SF,1,100,0.0000
1715672585.667574,3869672.000,44554,1,SF,1,100,0.0000
1715672585.997783,3869987.000,44605,1,SF,1,100,0.0000
1715672586.330088,3870304.000,44650,1,SF,1,100,0.0000
1715672586.730532,3870686.000,44699,1,SF,1,100,0.0000
1715672587.061789,3871002.000,44752,1,SF,1,100,0.0000
1715672587.328053,3871256.000,44803,1,SF,1,100,0.0000
1715672587.663503,3871576.000,44856,1,SF,1,100,0.0000
1715672587.996856,3871894.000,44905,1,SF,1,100,0.0000
1715672588.323920,3872206.000,44955,1,SF,1,100,0.0000
1715672588.659370,3872526.000,45009,1,SF,1,100,0.0000
1715672588.993772,3872845.000,45060,1,SF,1,100,0.0000
1715672589.325029,3873161.000,45113,1,SF,1,100,0.0000
1715672589.657335,3873478.000,45164,1,SF,1,100,0.0000
1715672590.058827,3873861.000,45232,1,SF,1,100,0.0000
1715672590.390084,3874177.000,45285,1,SF,1,100,0.0000
1715672590.721341,3874493.000,45335,1,SF,1,100,0.0000
1715672591.055743,3874812.000,45389,1,SF,1,100,0.0000
1715672591.323055,3875067.000,45440,1,SF,1,100,0.0000
1715672591.650118,3875379.000,45481,1,SF,1,100,0.0000
1715672592.052659,3875763.000,45532,1,SF,1,100,0.0000
1715672592.386012,3876081.000,45585,1,SF,1,100,0.0000
1715672592.717269,3876397.000,45636,1,SF,1,100,0.0000
1715672593.052720,3876717.000,45686,1,SF,1,100,0.0000
1715672593.318983,3876971.000,45735,1,SF,1,100,0.0000
1715672593.652337,3877289.000,45790,1,SF,1,100,0.0000
1715672593.980449,3877602.000,45839,1,SF,1,100,0.0000
1715672594.314851,3877921.000,45887,1,SF,1,100,0.0000
1715672594.648205,3878239.000,45940,1,SF,1,100,0.0000
1715672594.975268,3878551.000,45991,1,SF,1,100,0.0000
1715672595.378857,3878936.000,46062,1,SF,1,100,0.0000
1715672595.714307,3879256.000,46114,1,SF,1,100,0.0000
1715672596.045564,3879572.000,46162,1,SF,1,100,0.0000
1715672596.379966,3879891.000,46216,1,SF,1,100,0.0000
1715672596.646230,3880145.000,46266,1,SF,1,100,0.0000
1715672597.109570,3880587.000,46322,1,SF,1,100,0.0000
1715672597.307695,3880776.000,46356,1,SF,1,100,0.0000
1715672597.642097,3881095.000,46409,1,SF,1,100,0.0000
1715672597.975451,3881413.000,46460,1,SF,1,100,0.0000
1715672598.303563,3881726.000,46511,1,SF,1,100,0.0000
1715672598.706103,3882110.000,46581,1,SF,1,100,0.0000
1715672599.041553,3882430.000,46632,1,SF,1,100,0.0000
1715672599.307817,3882684.000,46680,1,SF,1,100,0.0000
1715672599.636978,3882998.000,46732,1,SF,1,100,0.0000
1715672599.972428,3883318.000,46781,1,SF,1,100,0.0000
1715672600.305781,3883636.000,46833,1,SF,1,100,0.0000
1715672600.703080,3884015.000,46903,1,SF,1,100,0.0000
1715672601.036434,3884333.000,46952,1,SF,1,100,0.0000
1715672601.371884,3884653.000,47004,1,SF,1,100,0.0000
1715672601.702093,3884968.000,47056,1,SF,1,100,0.0000
1715672601.967308,3885221.000,47108,1,SF,1,100,0.0000
1715672602.437987,3885670.000,47162,1,SF,1,100,0.0000
1715672602.701105,3885921.000,47201,1,SF,1,100,0.0000
1715672602.964224,3886172.000,47251,1,SF,1,100,0.0000
1715672603.299674,3886492.000,47300,1,SF,1,100,0.0000
1715672603.634076,3886811.000,47350,1,SF,1,100,0.0000
1715672603.964285,3887126.000,47404,1,SF,1,100,0.0000
1715672604.297639,3887444.000,47452,1,SF,1,100,0.0000
1715672604.700179,3887828.000,47519,1,SF,1,100,0.0000
1715672605.029339,3888142.000,47570,1,SF,1,100,0.0000
1715672605.294555,3888395.000,47619,1,SF,1,100,0.0000
1715672605.630005,3888715.000,47676,1,SF,1,100,0.0000
1715672605.965455,3889035.000,47724,1,SF,1,100,0.0000
1715672606.293567,3889348.000,47777,1,SF,1,100,0.0000
1715672606.629017,3889668.000,47828,1,SF,1,100,0.0000
1715672606.964468,3889988.000,47877,1,SF,1,100,0.0000
1715672607.361766,3890367.000,47949,1,SF,1,100,0.0000
1715672607.761162,3890748.000,48006,1,SF,1,100,0.0000
1715672608.029522,3891004.000,48039,1,SF,1,100,0.0000
1715672608.292641,3891255.000,48089,1,SF,1,100,0.0000
1715672608.624946,3891572.000,48138,1,SF,1,100,0.0000
1715672608.959348,3891891.000,48190,1,SF,1,100,0.0000
1715672609.295846,3892212.000,48239,1,SF,1,100,0.0000
1715672609.623959,3892525.000,48287,1,SF,1,100,0.0000
