LocalTimestamp,EmotiBitTimestamp,PacketNumber,DataLength,TypeTag,ProtocolVersion,DataReliability,TL,LC,
1715670753.154583,2121561,19166,4,TX,1,100,2024-05-14_12-42-33-132506,486187.4053698,
1715670754.236410,2122593,19338,4,TX,1,100,2024-05-14_12-42-33-666291,486187.9391549,
1715670754.372686,2122723,19358,4,TX,1,100,2024-05-14_12-42-34-398926,486188.6717902,
1715670754.999559,2123321,19462,4,TX,1,100,2024-05-14_12-42-34-933090,486189.2059541,
1715670755.785770,2124071,19581,4,TX,1,100,2024-05-14_12-42-35-731998,486190.0048618,
1715670756.310959,2124572,19668,4,TX,1,100,2024-05-14_12-42-36-298942,486190.5718057,
1715670756.944122,2125176,19770,4,TX,1,100,2024-05-14_12-42-36-965884,486191.2387480,
1715670757.558415,2125762,19873,4,TX,1,100,2024-05-14_12-42-37-566114,486191.8389783,
1715670758.343578,2126511,19997,4,TX,1,100,2024-05-14_12-42-38-299016,486192.5718802,
1715670759.296466,2127420,20152,4,TX,1,100,2024-05-14_12-42-38-832811,486193.1056753,
1715670759.608854,2127718,20205,4,TX,1,100,2024-05-14_12-42-39-566425,486193.8392896,
1715670760.155009,2128239,20290,4,TX,1,100,2024-05-14_12-42-40-132606,486194.4054699,
1715670761.259898,2129293,20460,4,TX,1,100,2024-05-14_12-42-40-899829,486195.1726933,
1715670761.551320,2129571,20513,4,TX,1,100,2024-05-14_12-42-41-499394,486195.7722583,
1715670762.088041,2130083,20598,4,TX,1,100,2024-05-14_12-42-42-099379,486196.3722436,
1715670762.636292,2130606,20686,4,TX,1,100,2024-05-14_12-42-42-633233,486196.9060971,
1715670763.410972,2131345,20809,4,TX,1,100,2024-05-14_12-42-43-366054,486197.6389184,
1715670763.929872,2131840,20898,4,TX,1,100,2024-05-14_12-42-43-899355,486198.1722191,
1715670764.681490,2132557,21017,4,TX,1,100,2024-05-14_12-42-44-666032,486198.9388960,
1715670765.198293,2133050,21104,4,TX,1,100,2024-05-14_12-42-45-198825,486199.4716892,
1715670765.956201,2133773,21223,4,TX,1,100,2024-05-14_12-42-45-965993,486200.2388572,
1715670766.526466,2134317,21308,4,TX,1,100,2024-05-14_12-42-46-532212,486200.8050761,
1715670767.265505,2135022,21429,4,TX,1,100,2024-05-14_12-42-47-265629,486201.5384929,
1715670767.892377,2135620,21531,4,TX,1,100,2024-05-14_12-42-47-798846,486202.0717103,
1715670768.678588,2136370,21654,4,TX,1,100,2024-05-14_12-42-48-599017,486202.8718812,
1715670769.239419,2136905,21745,4,TX,1,100,2024-05-14_12-42-49-132250,486203.4051143,
1715670769.875726,2137512,21847,4,TX,1,100,2024-05-14_12-42-49-865581,486204.1384453,
1715670770.410350,2138022,21933,4,TX,1,100,2024-05-14_12-42-50-398645,486204.6715091,
1715670771.143099,2138721,22050,4,TX,1,100,2024-05-14_12-42-51-165388,486205.4382517,
1715670771.795130,2139343,22154,4,TX,1,100,2024-05-14_12-42-51-665537,486205.9384016,
1715670772.344430,2139867,22240,4,TX,1,100,2024-05-14_12-42-52-365582,486206.6384462,
1715670772.889536,2140387,22327,4,TX,1,100,2024-05-14_12-42-52-899069,486207.1719326,
1715670773.714534,2141174,22466,4,TX,1,100,2024-05-14_12-42-53-732363,486208.0052270,
1715670774.348745,2141779,22556,4,TX,1,100,2024-05-14_12-42-54-265580,486208.5384440,
1715670775.344613,2142729,22711,4,TX,1,100,2024-05-14_12-42-54-965670,486209.2385342,
1715670775.878188,2143238,22798,4,TX,1,100,2024-05-14_12-42-55-532275,486209.8051387,
1715670776.287018,2143628,22852,4,TX,1,100,2024-05-14_12-42-56-232333,486210.5051973,
1715670777.657122,2144935,23069,4,TX,1,100,2024-05-14_12-42-57-565722,486211.8385865,
1715670778.081676,2145340,23140,4,TX,1,100,2024-05-14_12-42-58-099091,486212.3719556,
1715670778.748384,2145976,23244,4,TX,1,100,2024-05-14_12-42-58-765673,486213.0385371,
1715670779.368966,2146568,23347,4,TX,1,100,2024-05-14_12-42-59-365821,486213.6386847,
1715670780.084943,2147251,23454,4,TX,1,100,2024-05-14_12-43-00-098735,486214.3715987,
1715670780.814547,2147947,23575,4,TX,1,100,2024-05-14_12-43-00-699075,486214.9719387,
1715670781.487544,2148589,23679,4,TX,1,100,2024-05-14_12-43-01-432250,486215.7051142,
1715670782.008540,2149086,23764,4,TX,1,100,2024-05-14_12-43-01-966170,486216.2390339,
1715670782.634364,2149683,23868,4,TX,1,100,2024-05-14_12-43-02-632396,486216.9052598,
1715670783.165843,2150190,23954,4,TX,1,100,2024-05-14_12-43-03-132429,486217.4052936,
1715670783.952055,2150940,24075,4,TX,1,100,2024-05-14_12-43-03-932506,486218.2053700,
1715670784.453133,2151418,24159,4,TX,1,100,2024-05-14_12-43-04-465688,486218.7385523,
1715670785.187979,2152119,24271,4,TX,1,100,2024-05-14_12-43-05-199635,486219.4724987,
1715670785.821141,2152723,24375,4,TX,1,100,2024-05-14_12-43-05-765970,486220.0388345,
1715670786.559132,2153427,24491,4,TX,1,100,2024-05-14_12-43-06-465739,486220.7386030,
1715670787.865291,2154673,24696,4,TX,1,100,2024-05-14_12-43-07-799088,486222.0719518,
1715670789.353851,2156093,24932,4,TX,1,100,2024-05-14_12-43-08-366312,486222.6391761,
1715670789.369575,2156108,24935,4,TX,1,100,2024-05-14_12-43-09-099222,486223.3720860,
1715670789.600197,2156328,24972,4,TX,1,100,2024-05-14_12-43-09-599589,486223.8724535,
1715670790.447209,2157136,25098,4,TX,1,100,2024-05-14_12-43-10-332865,486224.6057288,
1715670790.980784,2157645,25185,4,TX,1,100,2024-05-14_12-43-10-933048,486225.2059123,
1715670791.627574,2158262,25287,4,TX,1,100,2024-05-14_12-43-11-633247,486225.9061114,
1715670792.251302,2158857,25391,4,TX,1,100,2024-05-14_12-43-12-232661,486226.5055255,
1715670792.924299,2159499,25494,4,TX,1,100,2024-05-14_12-43-12-932631,486227.2054949,
1715670794.310127,2160821,25715,4,TX,1,100,2024-05-14_12-43-14-265821,486228.5386846,
1715670794.964255,2161445,25817,4,TX,1,100,2024-05-14_12-43-14-832514,486229.1053783,
1715670795.577500,2162030,25921,4,TX,1,100,2024-05-14_12-43-15-566212,486229.8390765,
1715670796.161393,2162587,26014,4,TX,1,100,2024-05-14_12-43-16-165991,486230.4388549,
1715670796.888901,2163281,26134,4,TX,1,100,2024-05-14_12-43-16-832295,486231.1051592,
1715670797.426669,2163794,26218,4,TX,1,100,2024-05-14_12-43-17-432644,486231.7055085,
1715670798.057735,2164396,26321,4,TX,1,100,2024-05-14_12-43-18-066314,486232.3391782,
1715670798.698235,2165007,26424,4,TX,1,100,2024-05-14_12-43-18-665840,486232.9387043,
1715670799.451950,2165726,26545,4,TX,1,100,2024-05-14_12-43-19-399355,486233.6722196,
1715670799.888035,2166142,26614,4,TX,1,100,2024-05-14_12-43-19-899686,486234.1725502,
1715670800.655377,2166874,26735,4,TX,1,100,2024-05-14_12-43-20-632549,486234.9054136,
1715670801.197339,2167391,26811,4,TX,1,100,2024-05-14_12-43-21-199257,486235.4721211,
1715670801.920653,2168081,26930,4,TX,1,100,2024-05-14_12-43-21-932851,486236.2057154,
1715670802.586312,2168716,27034,4,TX,1,100,2024-05-14_12-43-22-532645,486236.8055094,
1715670803.210040,2169311,27135,4,TX,1,100,2024-05-14_12-43-23-166360,486237.4392236,
1715670804.569662,2170608,27358,4,TX,1,100,2024-05-14_12-43-24-499815,486238.7726788,
1715670805.106382,2171120,27442,4,TX,1,100,2024-05-14_12-43-25-066013,486239.3388771,
1715670805.887352,2171865,27563,4,TX,1,100,2024-05-14_12-43-25-766284,486240.0391479,
1715670806.367465,2172323,27636,4,TX,1,100,2024-05-14_12-43-26-332990,486240.6058545,
1715670807.022641,2172948,27740,4,TX,1,100,2024-05-14_12-43-27-033424,486241.3062880,
1715670807.618065,2173516,27825,4,TX,1,100,2024-05-14_12-43-27-566505,486241.8393695,
1715670808.392745,2174255,27944,4,TX,1,100,2024-05-14_12-43-28-366033,486242.6388972,
1715670808.947286,2174784,28033,4,TX,1,100,2024-05-14_12-43-28-899263,486243.1721266,
1715670809.667456,2175471,28152,4,TX,1,100,2024-05-14_12-43-29-666124,486243.9389885,
1715670810.324729,2176098,28256,4,TX,1,100,2024-05-14_12-43-30-199798,486244.4726619,
1715670811.221010,2176953,28392,4,TX,1,100,2024-05-14_12-43-30-899321,486245.1721855,
1715670812.215829,2177902,28551,4,TX,1,100,2024-05-14_12-43-32-165958,486246.4388219,
1715670812.742067,2178404,28636,4,TX,1,100,2024-05-14_12-43-32-699320,486246.9721840,
1715670813.593271,2179216,28774,4,TX,1,100,2024-05-14_12-43-33-532698,486247.8055621,
1715670814.062902,2179664,28843,4,TX,1,100,2024-05-14_12-43-34-066672,486248.3395360,
1715670815.115377,2180668,29014,4,TX,1,100,2024-05-14_12-43-34-766594,486249.0394579,
1715670815.554607,2181087,29084,4,TX,1,100,2024-05-14_12-43-35-299636,486249.5724998,
1715670816.001175,2181513,29152,4,TX,1,100,2024-05-14_12-43-36-000493,486250.2733567,
1715670816.512736,2182001,29239,4,TX,1,100,2024-05-14_12-43-36-499384,486250.7722481,
1715670817.363941,2182813,29378,4,TX,1,100,2024-05-14_12-43-37-333502,486251.6063660,
1715670817.917434,2183341,29467,4,TX,1,100,2024-05-14_12-43-37-932978,486252.2058217,
1715670818.553741,2183948,29571,4,TX,1,100,2024-05-14_12-43-38-566503,486252.8393675,
1715670820.342110,2185654,29855,4,TX,1,100,2024-05-14_12-43-39-900024,486254.1728886,
1715670820.472097,2185778,29876,4,TX,1,100,2024-05-14_12-43-40-399985,486254.6728490,
1715670821.217425,2186489,29996,4,TX,1,100,2024-05-14_12-43-41-233014,486255.5058777,
1715670821.733180,2186981,30080,4,TX,1,100,2024-05-14_12-43-41-733111,486256.0059752,
1715670822.391501,2187609,30183,4,TX,1,100,2024-05-14_12-43-42-399638,486256.6725024,
1715670822.981683,2188172,30277,4,TX,1,100,2024-05-14_12-43-42-999835,486257.2726989,
1715670823.924089,2189071,30430,4,TX,1,100,2024-05-14_12-43-43-799794,486258.0726580,
1715670824.352836,2189480,30500,4,TX,1,100,2024-05-14_12-43-44-366246,486258.6391099,
1715670825.091875,2190185,30619,4,TX,1,100,2024-05-14_12-43-45-066964,486259.3398282,
1715670825.547878,2190620,30690,4,TX,1,100,2024-05-14_12-43-45-566698,486259.8395617,
1715670826.386503,2191420,30824,4,TX,1,100,2024-05-14_12-43-46-299554,486260.5724178,
1715670826.901209,2191911,30910,4,TX,1,100,2024-05-14_12-43-46-832892,486261.1057562,
1715670827.577351,2192556,31014,4,TX,1,100,2024-05-14_12-43-47-600024,486261.8728881,
1715670828.191644,2193142,31121,4,TX,1,100,2024-05-14_12-43-48-200275,486262.4731391,
1715670828.844724,2193765,31227,4,TX,1,100,2024-05-14_12-43-48-866338,486263.1392019,
1715670829.414989,2194309,31314,4,TX,1,100,2024-05-14_12-43-49-400376,486263.6732400,
1715670830.468512,2195314,31483,4,TX,1,100,2024-05-14_12-43-50-133366,486264.4062305,
1715670830.709617,2195544,31520,4,TX,1,100,2024-05-14_12-43-50-733319,486265.0061827,
1715670831.461235,2196261,31639,4,TX,1,100,2024-05-14_12-43-51-466414,486265.7392784,
1715670832.108025,2196878,31741,4,TX,1,100,2024-05-14_12-43-52-066165,486266.3390295,
1715670832.723366,2197465,31845,4,TX,1,100,2024-05-14_12-43-52-699570,486266.9724337,
1715670833.344998,2198058,31934,4,TX,1,100,2024-05-14_12-43-53-299517,486267.5723808,
1715670833.986546,2198670,32041,4,TX,1,100,2024-05-14_12-43-53-999495,486268.2723594,
1715670834.547377,2199205,32127,4,TX,1,100,2024-05-14_12-43-54-566208,486268.8390719,
1715670835.384954,2200004,32263,4,TX,1,100,2024-05-14_12-43-55-332750,486269.6056141,
1715670836.026503,2200616,32367,4,TX,1,100,2024-05-14_12-43-55-932818,486270.2056825,
1715670836.571609,2201136,32453,4,TX,1,100,2024-05-14_12-43-56-532921,486270.8057849,
1715670837.090509,2201631,32540,4,TX,1,100,2024-05-14_12-43-57-099515,486271.3723791,
1715670837.925989,2202428,32675,4,TX,1,100,2024-05-14_12-43-57-866237,486272.1391011,
1715670838.359978,2202842,32745,4,TX,1,100,2024-05-14_12-43-58-366781,486272.6396452,
1715670839.080148,2203529,32824,4,TX,1,100,2024-05-14_12-43-59-099626,486273.3724902,
1715670839.681861,2204103,32924,4,TX,1,100,2024-05-14_12-43-59-633029,486273.9058934,
1715670840.399934,2204788,33028,4,TX,1,100,2024-05-14_12-44-00-399452,486274.6723165,
1715670841.024710,2205384,33132,4,TX,1,100,2024-05-14_12-44-00-933015,486275.2058790,
1715670841.685128,2206014,33234,4,TX,1,100,2024-05-14_12-44-01-666788,486275.9396524,
1715670842.211365,2206516,33322,4,TX,1,100,2024-05-14_12-44-02-233881,486276.5067447,
1715670843.059425,2207325,33458,4,TX,1,100,2024-05-14_12-44-02-999579,486277.2724434,
1715670843.584615,2207826,33546,4,TX,1,100,2024-05-14_12-44-03-599645,486277.8725089,
1715670844.297446,2208506,33639,4,TX,1,100,2024-05-14_12-44-04-266993,486278.5398568,
1715670845.594171,2209743,33842,4,TX,1,100,2024-05-14_12-44-05-566704,486279.8395685,
1715670846.134036,2210258,33927,4,TX,1,100,2024-05-14_12-44-06-099729,486280.3725932,
1715670846.879364,2210969,34046,4,TX,1,100,2024-05-14_12-44-06-899833,486281.1726971,
1715670847.410843,2211476,34133,4,TX,1,100,2024-05-14_12-44-07-433175,486281.7060389,
1715670848.142544,2212174,34252,4,TX,1,100,2024-05-14_12-44-08-166371,486282.4392349,
1715670848.667733,2212675,34340,4,TX,1,100,2024-05-14_12-44-08-666378,486282.9392425,
1715670849.533614,2213501,34465,4,TX,1,100,2024-05-14_12-44-09-399856,486283.6727201,
1715670850.012679,2213958,34535,4,TX,1,100,2024-05-14_12-44-09-932912,486284.2057765,
1715670850.732848,2214645,34655,4,TX,1,100,2024-05-14_12-44-10-700181,486284.9730450,
1715670851.317790,2215203,34740,4,TX,1,100,2024-05-14_12-44-11-299838,486285.5727021,
1715670852.061021,2215912,34861,4,TX,1,100,2024-05-14_12-44-12-033534,486286.3063982,
1715670852.576776,2216404,34947,4,TX,1,100,2024-05-14_12-44-12-566802,486286.8396664,
1715670853.327346,2217120,35068,4,TX,1,100,2024-05-14_12-44-13-300258,486287.5731226,
1715670854.322165,2218069,35221,4,TX,1,100,2024-05-14_12-44-13-900146,486288.1730102,
1715670854.631408,2218364,35274,4,TX,1,100,2024-05-14_12-44-14-533308,486288.8061721,
1715670855.102087,2218813,35332,4,TX,1,100,2024-05-14_12-44-15-033488,486289.3063526,
1715670855.823305,2219501,35452,4,TX,1,100,2024-05-14_12-44-15-833979,486290.1068435,
1715670856.356880,2220010,35538,4,TX,1,100,2024-05-14_12-44-16-367101,486290.6399625,
1715670857.137850,2220755,35657,4,TX,1,100,2024-05-14_12-44-17-166433,486291.4392911,
1715670857.760530,2221349,35760,4,TX,1,100,2024-05-14_12-44-17-733786,486292.0066500,
1715670858.404175,2221963,35864,4,TX,1,100,2024-05-14_12-44-18-366416,486292.6392799,
1715670859.043627,2222573,35968,4,TX,1,100,2024-05-14_12-44-18-966501,486293.2393648,
1715670859.705092,2223204,36069,4,TX,1,100,2024-05-14_12-44-19-666458,486293.9393223,
1715670860.358172,2223827,36164,4,TX,1,100,2024-05-14_12-44-20-199767,486294.4726311,
1715670861.043748,2224481,36269,4,TX,1,100,2024-05-14_12-44-20-999564,486295.2724276,
1715670861.587807,2225000,36354,4,TX,1,100,2024-05-14_12-44-21-566807,486295.8396709,
1715670862.306928,2225686,36472,4,TX,1,100,2024-05-14_12-44-22-266482,486296.5393461,
1715670862.832117,2226187,36558,4,TX,1,100,2024-05-14_12-44-22-833222,486297.1060863,
1715670863.486245,2226811,36664,4,TX,1,100,2024-05-14_12-44-23-499561,486297.7724247,
1715670864.117311,2227413,36768,4,TX,1,100,2024-05-14_12-44-24-099948,486298.3728121,
1715670864.856349,2228118,36886,4,TX,1,100,2024-05-14_12-44-24-766408,486299.0392718,
1715670865.382587,2228620,36973,4,TX,1,100,2024-05-14_12-44-25-366580,486299.6394445,
1715670866.069211,2229275,37065,4,TX,1,100,2024-05-14_12-44-26-099884,486300.3727485,
1715670867.319812,2230468,37268,4,TX,1,100,2024-05-14_12-44-27-334292,486301.6071560,
1715670867.954022,2231073,37371,4,TX,1,100,2024-05-14_12-44-27-900516,486302.1733797,
1715670868.613391,2231702,37477,4,TX,1,100,2024-05-14_12-44-28-633365,486302.9062287,
1715670869.225588,2232286,37579,4,TX,1,100,2024-05-14_12-44-29-200075,486303.4729387,
1715670870.194201,2233210,37701,4,TX,1,100,2024-05-14_12-44-29-900362,486304.1732258,
1715670870.489816,2233492,37754,4,TX,1,100,2024-05-14_12-44-30-500403,486304.7732669,
1715670871.288607,2234254,37864,4,TX,1,100,2024-05-14_12-44-31-233718,486305.5065817,
1715670871.804361,2234746,37950,4,TX,1,100,2024-05-14_12-44-31-800399,486306.0732633,
1715670872.744670,2235643,38103,4,TX,1,100,2024-05-14_12-44-32-733880,486307.0067439,
1715670873.343239,2236214,38192,4,TX,1,100,2024-05-14_12-44-33-300479,486307.5733436,
1715670873.974305,2236816,38296,4,TX,1,100,2024-05-14_12-44-34-001175,486308.2740393,
1715670874.507880,2237325,38381,4,TX,1,100,2024-05-14_12-44-34-533996,486308.8068597,
1715670875.171443,2237958,38485,4,TX,1,100,2024-05-14_12-44-35-199927,486309.4727912,
1715670875.706066,2238468,38573,4,TX,1,100,2024-05-14_12-44-35-733339,486310.0062030,
1715670876.680968,2239398,38713,4,TX,1,100,2024-05-14_12-44-36-533626,486310.8064902,
1715670877.016418,2239718,38767,4,TX,1,100,2024-05-14_12-44-37-034239,486311.3071030,
1715670877.847706,2240511,38904,4,TX,1,100,2024-05-14_12-44-37-833670,486312.1065342,
1715670878.397006,2241035,38992,4,TX,1,100,2024-05-14_12-44-38-334048,486312.6069120,
1715670879.064761,2241672,39094,4,TX,1,100,2024-05-14_12-44-39-067199,486313.3400633,
1715670879.682199,2242261,39198,4,TX,1,100,2024-05-14_12-44-39-666637,486313.9395015,
1715670880.341568,2242890,39300,4,TX,1,100,2024-05-14_12-44-40-366670,486314.6395346,
1715670880.952717,2243473,39399,4,TX,1,100,2024-05-14_12-44-40-900009,486315.1728735,
1715670881.639341,2244128,39503,4,TX,1,100,2024-05-14_12-44-41-667295,486315.9401593,
1715670882.248393,2244709,39595,4,TX,1,100,2024-05-14_12-44-42-267533,486316.5403976,
1715670882.884700,2245316,39699,4,TX,1,100,2024-05-14_12-44-42-900932,486317.1737958,
1715670883.537780,2245939,39803,4,TX,1,100,2024-05-14_12-44-43-500090,486317.7729545,
1715670884.213922,2246584,39906,4,TX,1,100,2024-05-14_12-44-44-234031,486318.5068950,
1715670884.815635,2247158,40008,4,TX,1,100,2024-05-14_12-44-44-767028,486319.0398920,
1715670885.588219,2247895,40128,4,TX,1,100,2024-05-14_12-44-45-567374,486319.8402384,
1715670886.150098,2248431,40214,4,TX,1,100,2024-05-14_12-44-46-100153,486320.3730174,
1715670886.760198,2249013,40317,4,TX,1,100,2024-05-14_12-44-46-767385,486321.0402487,
1715670887.454161,2249675,40410,4,TX,1,100,2024-05-14_12-44-47-367013,486321.6398773,
1715670888.109337,2250300,40512,4,TX,1,100,2024-05-14_12-44-48-133647,486322.4065110,
1715670888.643960,2250810,40601,4,TX,1,100,2024-05-14_12-44-48-666807,486322.9396708,
1715670889.373565,2251506,40722,4,TX,1,100,2024-05-14_12-44-49-366664,486323.6395283,
1715670889.921816,2252029,40807,4,TX,1,100,2024-05-14_12-44-49-901561,486324.1744241,
1715670890.678676,2252751,40926,4,TX,1,100,2024-05-14_12-44-50-700187,486324.9730511,
1715670891.289824,2253334,41030,4,TX,1,100,2024-05-14_12-44-51-300658,486325.5735223,
1715670891.974352,2253987,41131,4,TX,1,100,2024-05-14_12-44-51-967708,486326.2405724,
1715670892.715487,2254694,41240,4,TX,1,100,2024-05-14_12-44-52-567056,486326.8399206,
1715670893.369615,2255318,41349,4,TX,1,100,2024-05-14_12-44-53-234420,486327.5072841,
1715670893.811990,2255740,41417,4,TX,1,100,2024-05-14_12-44-53-800818,486328.0736824,
1715670894.527966,2256423,41535,4,TX,1,100,2024-05-14_12-44-54-500223,486328.7730868,
1715670895.080411,2256950,41621,4,TX,1,100,2024-05-14_12-44-55-100440,486329.3733040,
1715670895.906457,2257738,41758,4,TX,1,100,2024-05-14_12-44-55-800254,486330.0731180,
1715670896.384474,2258194,41829,4,TX,1,100,2024-05-14_12-44-56-367500,486330.6403637,
1715670897.014491,2258795,41931,4,TX,1,100,2024-05-14_12-44-57-033465,486331.3063287,
1715670897.646605,2259398,42035,4,TX,1,100,2024-05-14_12-44-57-633938,486331.9068024,
1715670898.318553,2260039,42129,4,TX,1,100,2024-05-14_12-44-58-333800,486332.6066644,
1715670898.847936,2260544,42214,4,TX,1,100,2024-05-14_12-44-58-867693,486333.1405566,
1715670899.692851,2261350,42350,4,TX,1,100,2024-05-14_12-44-59-633771,486333.9066355,
1715670900.209654,2261843,42436,4,TX,1,100,2024-05-14_12-45-00-200386,486334.4732505,
1715670900.952886,2262552,42556,4,TX,1,100,2024-05-14_12-45-00-934207,486335.2070714,
1715670901.594434,2263164,42642,4,TX,1,100,2024-05-14_12-45-01-533751,486335.8066152,
1715670902.231790,2263772,42745,4,TX,1,100,2024-05-14_12-45-02-234086,486336.5069497,
1715670902.867049,2264378,42847,4,TX,1,100,2024-05-14_12-45-02-767415,486337.0402795,
1715670903.570446,2265049,42942,4,TX,1,100,2024-05-14_12-45-03-500218,486337.7730824,
1715670904.094586,2265549,43027,4,TX,1,100,2024-05-14_12-45-04-033613,486338.3064775,
1715670904.824191,2266245,43148,4,TX,1,100,2024-05-14_12-45-04-800438,486339.0733023,
1715670905.348331,2266745,43235,4,TX,1,100,2024-05-14_12-45-05-333371,486339.6062352,
1715670906.109384,2267471,43354,4,TX,1,100,2024-05-14_12-45-06-100240,486340.3731039,
1715670906.630380,2267968,43439,4,TX,1,100,2024-05-14_12-45-06-633387,486340.9062516,
1715670907.375709,2268679,43560,4,TX,1,100,2024-05-14_12-45-07-299964,486341.5728279,
1715670907.892511,2269172,43646,4,TX,1,100,2024-05-14_12-45-07-900169,486342.1730331,
1715670908.551881,2269801,43750,4,TX,1,100,2024-05-14_12-45-08-567082,486342.8399462,
1715670909.202864,2270422,43842,4,TX,1,100,2024-05-14_12-45-09-167013,486343.4398773,
1715670909.941902,2271127,43963,4,TX,1,100,2024-05-14_12-45-09-933658,486344.2065218,
1715670910.483864,2271644,44047,4,TX,1,100,2024-05-14_12-45-10-466797,486344.7396607,
1715670911.153716,2272283,44152,4,TX,1,100,2024-05-14_12-45-11-166611,486345.4394755,
1715670912.521724,2273588,44369,4,TX,1,100,2024-05-14_12-45-11-766727,486346.0395913,
1715670912.544786,2273610,44372,4,TX,1,100,2024-05-14_12-45-12-500244,486346.7731079,
1715670913.098279,2274138,44460,4,TX,1,100,2024-05-14_12-45-13-100312,486347.3731761,
1715670913.750310,2274760,44565,4,TX,1,100,2024-05-14_12-45-13-766998,486348.0398624,
1715670914.380328,2275361,44654,4,TX,1,100,2024-05-14_12-45-14-300323,486348.5731876,
1715670915.025021,2275976,44756,4,TX,1,100,2024-05-14_12-45-15-033610,486349.3064743,
1715670915.656087,2276578,44860,4,TX,1,100,2024-05-14_12-45-15-600383,486349.8732471,
1715670916.296587,2277189,44962,4,TX,1,100,2024-05-14_12-45-16-300414,486350.5732785,
1715670916.910880,2277775,45065,4,TX,1,100,2024-05-14_12-45-16-867009,486351.1398730,
1715670917.690802,2278519,45184,4,TX,1,100,2024-05-14_12-45-17-633776,486351.9066402,
1715670918.217039,2279021,45269,4,TX,1,100,2024-05-14_12-45-18-166949,486352.4398131,
1715670918.944547,2279715,45392,4,TX,1,100,2024-05-14_12-45-18-933846,486353.2067099,
1715670919.552550,2280295,45468,4,TX,1,100,2024-05-14_12-45-19-433770,486353.7066337,
1715670920.248609,2280959,45570,4,TX,1,100,2024-05-14_12-45-20-200496,486354.4733605,
1715670920.767509,2281454,45657,4,TX,1,100,2024-05-14_12-45-20-733810,486355.0066746,
1715670921.543237,2282194,45778,4,TX,1,100,2024-05-14_12-45-21-433868,486355.7067326,
1715670922.104068,2282729,45863,4,TX,1,100,2024-05-14_12-45-22-033661,486356.3065253,
1715670922.730941,2283327,45967,4,TX,1,100,2024-05-14_12-45-22-700427,486356.9732915,
1715670923.288627,2283859,46055,4,TX,1,100,2024-05-14_12-45-23-300366,486357.5732298,
1715670924.031858,2284568,46175,4,TX,1,100,2024-05-14_12-45-24-000452,486358.2733161,
1715670925.326487,2285803,46366,4,TX,1,100,2024-05-14_12-45-25-333749,486359.6066135,
1715670925.874738,2286326,46454,4,TX,1,100,2024-05-14_12-45-25-833714,486360.1065776,
1715670926.615873,2287033,46573,4,TX,1,100,2024-05-14_12-45-26-567082,486360.8399463,
1715670927.056152,2287453,46641,4,TX,1,100,2024-05-14_12-45-27-067149,486361.3400133,
1715670928.470284,2288802,46863,4,TX,1,100,2024-05-14_12-45-27-866869,486362.1397330,
1715670928.484960,2288816,46866,4,TX,1,100,2024-05-14_12-45-28-467490,486362.7403543,
1715670929.341406,2289633,47004,4,TX,1,100,2024-05-14_12-45-29-167331,486363.4401955,
1715670929.777491,2290049,47074,4,TX,1,100,2024-05-14_12-45-29-733804,486364.0066678,
1715670930.501854,2290740,47182,4,TX,1,100,2024-05-14_12-45-30-467363,486364.7402273,
1715670931.025995,2291240,47268,4,TX,1,100,2024-05-14_12-45-31-033697,486365.3065608,
1715670931.793337,2291972,47387,4,TX,1,100,2024-05-14_12-45-31-767270,486366.0401338,
1715670932.442224,2292591,47473,4,TX,1,100,2024-05-14_12-45-32-267309,486366.5401732,
1715670932.994668,2293118,47561,4,TX,1,100,2024-05-14_12-45-32-967180,486367.2400438,
1715670934.285103,2294349,47766,4,TX,1,100,2024-05-14_12-45-34-267109,486368.5399730,
1715670934.829161,2294868,47853,4,TX,1,100,2024-05-14_12-45-34-833892,486369.1067561,
1715670935.656256,2295657,47972,4,TX,1,100,2024-05-14_12-45-35-533875,486369.8067390,
1715670936.043072,2296026,48029,4,TX,1,100,2024-05-14_12-45-36-033787,486370.3066508,
1715670936.987574,2296927,48181,4,TX,1,100,2024-05-14_12-45-36-900601,486371.1734649,
1715670937.428900,2297348,48249,4,TX,1,100,2024-05-14_12-45-37-433831,486371.7066947,
1715670938.067304,2297957,48353,4,TX,1,100,2024-05-14_12-45-38-067192,486372.3400566,
1715670938.682645,2298544,48457,4,TX,1,100,2024-05-14_12-45-38-667114,486372.9399785,
1715670939.531754,2299354,48592,4,TX,1,100,2024-05-14_12-45-39-467176,486373.7400402,
1715670940.070570,2299868,48680,4,TX,1,100,2024-05-14_12-45-40-033741,486374.3066050,
1715670940.732036,2300499,48782,4,TX,1,100,2024-05-14_12-45-40-667299,486374.9401636,
1715670941.997312,2301706,48975,4,TX,1,100,2024-05-14_12-45-42-000616,486376.2734802,
1715670942.621040,2302301,49079,4,TX,1,100,2024-05-14_12-45-42-567610,486376.8404738,
1715670943.395720,2303040,49200,4,TX,1,100,2024-05-14_12-45-43-234258,486377.5071218,
1715670943.819226,2303444,49268,4,TX,1,100,2024-05-14_12-45-43-800620,486378.0734840,
1715670944.562458,2304153,49389,4,TX,1,100,2024-05-14_12-45-44-567573,486378.8404374,
1715670945.304641,2304861,49510,4,TX,1,100,2024-05-14_12-45-45-133931,486379.4067952,
1715670945.854990,2305386,49595,4,TX,1,100,2024-05-14_12-45-45-834004,486380.1068677,
1715670946.532180,2306032,49687,4,TX,1,100,2024-05-14_12-45-46-433746,486380.7066105,
1715670947.159052,2306630,49789,4,TX,1,100,2024-05-14_12-45-47-100632,486381.3734959,
1715670947.687386,2307134,49877,4,TX,1,100,2024-05-14_12-45-47-634155,486381.9070193,
1715670948.442149,2307854,49997,4,TX,1,100,2024-05-14_12-45-48-433988,486382.7068526,
1715670949.070070,2308453,50099,4,TX,1,100,2024-05-14_12-45-48-967328,486383.2401924,
1715670949.744115,2309096,50204,4,TX,1,100,2024-05-14_12-45-49-700759,486383.9736233,
1715670950.252532,2309581,50289,4,TX,1,100,2024-05-14_12-45-50-234138,486384.5070019,
1715670951.325972,2310605,50458,4,TX,1,100,2024-05-14_12-45-50-933867,486385.2067313,
1715670951.529339,2310799,50494,4,TX,1,100,2024-05-14_12-45-51-501087,486385.7739515,
1715670952.313454,2311547,50600,4,TX,1,100,2024-05-14_12-45-52-267249,486386.5401136,
1715670952.865898,2312074,50687,4,TX,1,100,2024-05-14_12-45-52-867231,486387.1400955,
1715670953.492771,2312672,50792,4,TX,1,100,2024-05-14_12-45-53-467405,486387.7402688,
1715670954.046264,2313200,50878,4,TX,1,100,2024-05-14_12-45-54-000716,486388.2735806,
1715670954.882793,2313998,51016,4,TX,1,100,2024-05-14_12-45-54-867375,486389.1402389,
1715670955.515955,2314602,51115,4,TX,1,100,2024-05-14_12-45-55-401044,486389.6739079,
1715670956.153310,2315210,51219,4,TX,1,100,2024-05-14_12-45-56-101465,486390.3743292,
1715670956.596733,2315633,51288,4,TX,1,100,2024-05-14_12-45-56-601139,486390.8740036,
1715670957.357786,2316359,51401,4,TX,1,100,2024-05-14_12-45-57-334935,486391.6077988,
1715670957.900796,2316877,51489,4,TX,1,100,2024-05-14_12-45-57-900990,486392.1738542,
1715670958.668138,2317609,51610,4,TX,1,100,2024-05-14_12-45-58-667870,486392.9407337,
1715670959.203810,2318120,51696,4,TX,1,100,2024-05-14_12-45-59-201163,486393.4740271,
1715670960.029856,2318908,51832,4,TX,1,100,2024-05-14_12-45-59-934068,486394.2069324,
1715670961.642114,2320446,52084,4,TX,1,100,2024-05-14_12-46-01-234545,486395.5074096,
1715670961.756377,2320555,52103,4,TX,1,100,2024-05-14_12-46-01-734952,486396.0078161,
1715670962.514284,2321278,52212,4,TX,1,100,2024-05-14_12-46-02-467514,486396.7403785,
1715670963.073019,2321811,52298,4,TX,1,100,2024-05-14_12-46-03-034179,486397.3070427,
1715670963.786898,2322492,52388,4,TX,1,100,2024-05-14_12-46-03-767561,486398.0404252,
1715670964.301605,2322983,52475,4,TX,1,100,2024-05-14_12-46-04-301092,486398.5739563,
1715670965.256590,2323894,52627,4,TX,1,100,2024-05-14_12-46-05-100861,486399.3737252,
1715670965.780730,2324394,52698,4,TX,1,100,2024-05-14_12-46-05-600890,486399.8737543,
1715670966.419134,2325003,52802,4,TX,1,100,2024-05-14_12-46-06-401097,486400.6739615,
1715670967.908743,2326424,53010,4,TX,1,100,2024-05-14_12-46-07-634572,486401.9074357,
1715670968.190730,2326693,53049,4,TX,1,100,2024-05-14_12-46-08-168042,486402.4409061,
1715670969.016777,2327481,53187,4,TX,1,100,2024-05-14_12-46-08-967803,486403.2406668,
1715670969.667759,2328102,53291,4,TX,1,100,2024-05-14_12-46-09-534391,486403.8072548,
1715670970.245363,2328653,53375,4,TX,1,100,2024-05-14_12-46-10-234233,486404.5070968,
1715670970.886911,2329265,53479,4,TX,1,100,2024-05-14_12-46-10-834824,486405.1076882,
1715670971.524266,2329873,53581,4,TX,1,100,2024-05-14_12-46-11-501589,486405.7744530,
1715670972.106063,2330428,53667,4,TX,1,100,2024-05-14_12-46-12-035172,486406.3080365,
1715670972.822039,2331111,53784,4,TX,1,100,2024-05-14_12-46-12-768231,486407.0410949,
1715670974.165937,2332393,53979,4,TX,1,100,2024-05-14_12-46-14-100866,486408.3737304,
1715670974.687981,2332891,54066,4,TX,1,100,2024-05-14_12-46-14-634278,486408.9071423,
1715670975.378799,2333550,54169,4,TX,1,100,2024-05-14_12-46-15-367956,486409.6408196,
1715670976.129369,2334266,54273,4,TX,1,100,2024-05-14_12-46-15-934927,486410.2077908,
1715670976.660847,2334773,54359,4,TX,1,100,2024-05-14_12-46-16-601744,486410.8746082,
1715670977.214340,2335301,54446,4,TX,1,100,2024-05-14_12-46-17-200937,486411.4738014,
1715670977.949186,2336002,54565,4,TX,1,100,2024-05-14_12-46-17-901713,486412.1745771,
1715670978.847564,2336859,54611,4,TX,1,100,2024-05-14_12-46-18-434259,486412.7071232,
1715670979.371704,2337359,54653,4,TX,1,100,2024-05-14_12-46-19-234738,486413.5076022,
1715670979.865445,2337830,54723,4,TX,1,100,2024-05-14_12-46-19-801812,486414.0746758,
1715670980.488124,2338424,54827,4,TX,1,100,2024-05-14_12-46-20-467415,486414.7402792,
1715670981.122335,2339029,54929,4,TX,1,100,2024-05-14_12-46-21-067476,486415.3403399,
1715670981.857181,2339730,55048,4,TX,1,100,2024-05-14_12-46-21-801920,486416.0747845,
1715670982.405432,2340253,55133,4,TX,1,100,2024-05-14_12-46-22-334920,486416.6077846,
1715670983.582652,2341376,55323,4,TX,1,100,2024-05-14_12-46-23-034258,486417.3071217,
1715670983.689577,2341478,55343,4,TX,1,100,2024-05-14_12-46-23-567807,486417.8406707,
1715670984.352091,2342110,55433,4,TX,1,100,2024-05-14_12-46-24-334308,486418.6071722,
1715670984.880425,2342614,55521,4,TX,1,100,2024-05-14_12-46-24-834545,486419.1074094,
1715670986.458090,2344119,55771,4,TX,1,100,2024-05-14_12-46-25-601204,486419.8740680,
1715670986.472765,2344133,55774,4,TX,1,100,2024-05-14_12-46-26-201192,486420.4740563,
1715670986.887885,2344529,55845,4,TX,1,100,2024-05-14_12-46-26-834412,486421.1072763,
1715670987.451861,2345067,55930,4,TX,1,100,2024-05-14_12-46-27-434869,486421.7077333,
1715670988.188803,2345770,56053,4,TX,1,100,2024-05-14_12-46-28-167522,486422.4403857,
1715670988.745440,2346301,56138,4,TX,1,100,2024-05-14_12-46-28-734406,486423.0072701,
1715670989.609225,2347125,56261,4,TX,1,100,2024-05-14_12-46-29-468144,486423.7410085,
1715670990.047406,2347543,56334,4,TX,1,100,2024-05-14_12-46-30-001699,486424.2745627,
1715670990.712017,2348177,56436,4,TX,1,100,2024-05-14_12-46-30-701308,486424.9741723,
1715670991.312683,2348750,56538,4,TX,1,100,2024-05-14_12-46-31-267816,486425.5406801,
1715670992.068494,2349471,56657,4,TX,1,100,2024-05-14_12-46-32-034180,486426.3070439,
1715670992.701656,2350075,56761,4,TX,1,100,2024-05-14_12-46-32-568231,486426.8410951,
1715670993.280308,2350627,56849,4,TX,1,100,2024-05-14_12-46-33-268661,486427.5415252,
1715670994.643074,2351927,57068,4,TX,1,100,2024-05-14_12-46-34-567928,486428.8407920,
1715670995.181891,2352441,57143,4,TX,1,100,2024-05-14_12-46-35-101252,486429.3741163,
1715670995.897867,2353124,57263,4,TX,1,100,2024-05-14_12-46-35-868490,486430.1413538,
1715670996.470229,2353670,57348,4,TX,1,100,2024-05-14_12-46-36-434353,486430.7072125,
1715670997.183061,2354350,57437,4,TX,1,100,2024-05-14_12-46-37-168559,486431.4414174,
1715670997.799451,2354938,57539,4,TX,1,100,2024-05-14_12-46-37-702000,486431.9748644,
1715670998.563648,2355667,57661,4,TX,1,100,2024-05-14_12-46-38-468445,486432.7413095,
1715670999.022795,2356105,57730,4,TX,1,100,2024-05-14_12-46-39-002173,486433.2750376,
1715670999.863518,2356907,57865,4,TX,1,100,2024-05-14_12-46-39-734437,486434.0073014,
1715671000.321617,2357344,57924,4,TX,1,100,2024-05-14_12-46-40-235220,486434.5080839,
1715671000.995662,2357987,58010,4,TX,1,100,2024-05-14_12-46-40-968643,486435.2415074,
1715671001.614148,2358577,58114,4,TX,1,100,2024-05-14_12-46-41-567957,486435.8408211,
1715671002.353187,2359282,58232,4,TX,1,100,2024-05-14_12-46-42-334471,486436.6073348,
1715671003.590159,2360462,58421,4,TX,1,100,2024-05-14_12-46-43-534670,486437.8075343,
1715671004.153087,2360999,58508,4,TX,1,100,2024-05-14_12-46-44-068497,486438.3413609,
1715671004.965505,2361774,58627,4,TX,1,100,2024-05-14_12-46-44-901110,486439.1739739,
1715671005.491743,2362276,58715,4,TX,1,100,2024-05-14_12-46-45-435364,486439.7082279,
1715671006.240216,2362990,58820,4,TX,1,100,2024-05-14_12-46-46-168691,486440.4415547,
1715671006.797902,2363522,58905,4,TX,1,100,2024-05-14_12-46-46-735349,486441.0082128,
1715671007.613465,2364300,59026,4,TX,1,100,2024-05-14_12-46-47-535362,486441.8082256,
1715671008.476201,2365123,59164,4,TX,1,100,2024-05-14_12-46-48-102028,486442.3748914,
1715671008.995100,2365618,59232,4,TX,1,100,2024-05-14_12-46-48-834571,486443.1074355,
1715671009.533917,2366132,59320,4,TX,1,100,2024-05-14_12-46-49-434512,486443.7073758,
1715671010.186997,2366755,59422,4,TX,1,100,2024-05-14_12-46-50-101618,486444.3744824,
1715671010.691221,2367236,59508,4,TX,1,100,2024-05-14_12-46-50-634922,486444.9077857,
1715671011.776192,2368271,59566,4,TX,1,100,2024-05-14_12-46-51-401406,486445.6742697,
1715671012.078097,2368559,59590,4,TX,1,100,2024-05-14_12-46-51-967971,486446.2408355,
1715671012.754239,2369204,59692,4,TX,1,100,2024-05-14_12-46-52-734747,486447.0076110,
1715671013.398932,2369819,59798,4,TX,1,100,2024-05-14_12-46-53-301393,486447.5742572,
1715671014.143213,2370529,59920,4,TX,1,100,2024-05-14_12-46-54-034525,486448.3073891,
1715671014.586636,2370952,59988,4,TX,1,100,2024-05-14_12-46-54-568317,486448.8411812,
1715671015.258584,2371593,60092,4,TX,1,100,2024-05-14_12-46-55-234643,486449.5075071,
1715671015.910616,2372215,60194,4,TX,1,100,2024-05-14_12-46-55-835075,486450.1079390,
1715671016.777545,2373042,60320,4,TX,1,100,2024-05-14_12-46-56-602016,486450.8748804,
1715671017.921220,2374133,60506,4,TX,1,100,2024-05-14_12-46-57-868152,486452.1410159,
1715671018.396092,2374586,60579,4,TX,1,100,2024-05-14_12-46-58-368471,486452.6413353,
1715671019.257780,2375408,60714,4,TX,1,100,2024-05-14_12-46-59-102082,486453.3749463,
1715671019.705396,2375835,60784,4,TX,1,100,2024-05-14_12-46-59-635499,486453.9083634,
1715671020.437097,2376533,60905,4,TX,1,100,2024-05-14_12-47-00-401703,486454.6745671,
1715671021.073404,2377140,61007,4,TX,1,100,2024-05-14_12-47-00-935546,486455.2084099,
1715671021.722290,2377759,61110,4,TX,1,100,2024-05-14_12-47-01-701990,486455.9748540,
1715671022.401577,2378407,61214,4,TX,1,100,2024-05-14_12-47-02-268278,486456.5411416,
1715671023.055705,2379031,61318,4,TX,1,100,2024-05-14_12-47-03-002230,486457.2750938,
1715671023.672094,2379619,61422,4,TX,1,100,2024-05-14_12-47-03-601791,486457.8746549,
1715671024.327271,2380244,61524,4,TX,1,100,2024-05-14_12-47-04-301442,486458.5743064,
1715671024.949950,2380838,61628,4,TX,1,100,2024-05-14_12-47-04-835705,486459.1085689,
1715671025.593595,2381452,61732,4,TX,1,100,2024-05-14_12-47-05-535270,486459.8081339,
1715671026.102012,2381937,61817,4,TX,1,100,2024-05-14_12-47-06-034748,486460.3076121,
1715671026.869354,2382669,61936,4,TX,1,100,2024-05-14_12-47-06-835609,486461.1084730,
1715671027.530820,2383300,62028,4,TX,1,100,2024-05-14_12-47-07-401337,486461.6742013,
1715671028.173416,2383913,62132,4,TX,1,100,2024-05-14_12-47-08-101485,486462.3743495,
1715671028.695461,2384411,62219,4,TX,1,100,2024-05-14_12-47-08-635422,486462.9082862,
1715671029.523603,2385201,62340,4,TX,1,100,2024-05-14_12-47-09-368148,486463.6410117,
1715671030.062420,2385715,62425,4,TX,1,100,2024-05-14_12-47-09-968253,486464.2411174,
1715671030.695583,2386319,62529,4,TX,1,100,2024-05-14_12-47-10-668958,486464.9418218,
1715671031.229158,2386828,62614,4,TX,1,100,2024-05-14_12-47-11-201956,486465.4748198,
1715671031.959810,2387525,62734,4,TX,1,100,2024-05-14_12-47-11-934797,486466.2076613,
1715671032.505965,2388046,62820,4,TX,1,100,2024-05-14_12-47-12-468712,486466.7415762,
1715671033.279597,2388784,62931,4,TX,1,100,2024-05-14_12-47-13-201409,486467.4742728,
1715671033.792207,2389273,63018,4,TX,1,100,2024-05-14_12-47-13-767937,486468.0408010,
1715671034.573177,2390018,63137,4,TX,1,100,2024-05-14_12-47-14-501954,486468.7748184,
1715671035.200050,2390616,63241,4,TX,1,100,2024-05-14_12-47-15-102212,486469.3750759,
1715671036.053351,2391430,63376,4,TX,1,100,2024-05-14_12-47-15-968867,486470.2417309,
1715671036.635147,2391985,63462,4,TX,1,100,2024-05-14_12-47-16-568187,486470.8410511,
1715671037.256778,2392578,63566,4,TX,1,100,2024-05-14_12-47-17-235258,486471.5081217,
1715671037.883651,2393176,63669,4,TX,1,100,2024-05-14_12-47-17-802117,486472.0749809,
1715671038.563986,2393825,63762,4,TX,1,100,2024-05-14_12-47-18-535720,486472.8085846,
1715671039.198196,2394430,63866,4,TX,1,100,2024-05-14_12-47-19-068463,486473.3413270,
1715671039.920463,2395119,63983,4,TX,1,100,2024-05-14_12-47-19-868763,486474.1416275,
1715671040.458231,2395632,64070,4,TX,1,100,2024-05-14_12-47-20-434788,486474.7076524,
1715671041.231863,2396370,64191,4,TX,1,100,2024-05-14_12-47-21-135649,486475.4085129,
1715671041.753907,2396868,64276,4,TX,1,100,2024-05-14_12-47-21-702053,486475.9749174,
1715671042.421663,2397505,64380,4,TX,1,100,2024-05-14_12-47-22-402373,486476.6752370,
1715671043.060067,2398114,64484,4,TX,1,100,2024-05-14_12-47-23-001514,486477.2743780,
1715671043.785478,2398806,64592,4,TX,1,100,2024-05-14_12-47-23-734970,486478.0078342,
1715671044.330584,2399326,64676,4,TX,1,100,2024-05-14_12-47-24-302076,486478.5749406,
1715671045.087444,2400048,64798,4,TX,1,100,2024-05-14_12-47-25-001733,486479.2745968,
1715671045.627309,2400563,64885,4,TX,1,100,2024-05-14_12-47-25-602455,486479.8753188,
1715671046.258374,2401165,64986,4,TX,1,100,2024-05-14_12-47-26-201742,486480.4746064,
1715671046.874764,2401753,65090,4,TX,1,100,2024-05-14_12-47-26-802445,486481.0753093,
1715671047.635817,2402479,65207,4,TX,1,100,2024-05-14_12-47-27-535070,486481.8079337,
1715671048.094964,2402917,65279,4,TX,1,100,2024-05-14_12-47-28-068688,486482.3415524,
1715671048.952459,2403735,65405,4,TX,1,100,2024-05-14_12-47-28-835310,486483.1081737,
1715671049.462972,2404222,65491,4,TX,1,100,2024-05-14_12-47-29-368410,486483.6412744,
1715671050.331998,2405051,91,4,TX,1,100,2024-05-14_12-47-30-302167,486484.5750311,
1715671050.959918,2405650,194,4,TX,1,100,2024-05-14_12-47-30-868986,486485.1418505,
1715671051.527039,2406191,280,4,TX,1,100,2024-05-14_12-47-31-501689,486485.7745536,
1715671052.149718,2406785,383,4,TX,1,100,2024-05-14_12-47-32-102366,486486.3752300,
1715671052.897143,2407498,504,4,TX,1,100,2024-05-14_12-47-32-868825,486487.1416892,
1715671053.525064,2408097,607,4,TX,1,100,2024-05-14_12-47-33-435602,486487.7084664,
1715671054.142502,2408686,699,4,TX,1,100,2024-05-14_12-47-34-102553,486488.3754170,
1715671054.644629,2409165,770,4,TX,1,100,2024-05-14_12-47-34-602176,486488.8750397,
1715671055.364799,2409852,888,4,TX,1,100,2024-05-14_12-47-35-335101,486489.6079654,
1715671055.894181,2410357,974,4,TX,1,100,2024-05-14_12-47-35-868344,486490.1412084,
1715671056.767400,2411190,1112,4,TX,1,100,2024-05-14_12-47-36-635317,486490.9081815,
1715671057.281058,2411680,1198,4,TX,1,100,2024-05-14_12-47-37-201604,486491.4744683,
1715671057.927848,2412297,1299,4,TX,1,100,2024-05-14_12-47-37-901839,486492.1747029,
1715671058.668983,2413004,1421,4,TX,1,100,2024-05-14_12-47-38-501584,486492.7744486,
1715671059.400684,2413702,1542,4,TX,1,100,2024-05-14_12-47-39-234786,486493.5076502,
1715671059.849348,2414130,1615,4,TX,1,100,2024-05-14_12-47-39-768069,486494.0409327,
1715671060.707891,2414949,1751,4,TX,1,100,2024-05-14_12-47-40-568578,486494.8414426,
1715671061.256143,2415472,1836,4,TX,1,100,2024-05-14_12-47-41-068469,486495.3413330,
1715671061.857856,2416046,1923,4,TX,1,100,2024-05-14_12-47-41-768474,486496.0413374,
1715671062.407156,2416570,2009,4,TX,1,100,2024-05-14_12-47-42-368411,486496.6412755,
1715671063.160871,2417289,2132,4,TX,1,100,2024-05-14_12-47-43-135070,486497.4079343,
1715671063.775164,2417875,2235,4,TX,1,100,2024-05-14_12-47-43-702126,486497.9749901,
1715671064.426147,2418496,2335,4,TX,1,100,2024-05-14_12-47-44-401722,486498.6745862,
1715671064.971253,2419016,2427,4,TX,1,100,2024-05-14_12-47-44-935249,486499.2081128,
1715671065.699809,2419711,2547,4,TX,1,100,2024-05-14_12-47-45-668475,486499.9413390,
1715671066.234433,2420221,2633,4,TX,1,100,2024-05-14_12-47-46-168485,486500.4413496,
1715671067.077252,2421025,2769,4,TX,1,100,2024-05-14_12-47-46-968401,486501.2412655,
1715671067.645420,2421567,2856,4,TX,1,100,2024-05-14_12-47-47-568243,486501.8411074,
1715671068.289065,2422181,2960,4,TX,1,100,2024-05-14_12-47-48-268460,486502.5413243,
1715671068.900214,2422764,3063,4,TX,1,100,2024-05-14_12-47-48-834814,486503.1076784,
1715671069.557486,2423391,3165,4,TX,1,100,2024-05-14_12-47-49-534855,486503.8077190,
1715671070.231532,2424034,3274,4,TX,1,100,2024-05-14_12-47-50-135087,486504.4079511,
1715671070.788169,2424565,3360,4,TX,1,100,2024-05-14_12-47-50-768447,486505.0413110,
1715671072.148839,2425863,3580,4,TX,1,100,2024-05-14_12-47-52-101944,486506.3748079,
1715671072.690801,2426380,3665,4,TX,1,100,2024-05-14_12-47-52-668770,486506.9416342,
1715671073.530474,2427181,3804,4,TX,1,100,2024-05-14_12-47-53-401789,486507.6746534,
1715671074.080822,2427706,3890,4,TX,1,100,2024-05-14_12-47-54-001881,486508.2747451,
1715671074.720274,2428316,3994,4,TX,1,100,2024-05-14_12-47-54-702056,486508.9749199,
1715671075.259091,2428830,4080,4,TX,1,100,2024-05-14_12-47-55-235246,486509.5081101,
1715671076.000226,2429537,4203,4,TX,1,100,2024-05-14_12-47-55-935389,486510.2082533,
1715671076.681610,2430187,4305,4,TX,1,100,2024-05-14_12-47-56-535189,486510.8080530,
1715671077.632401,2431094,4460,4,TX,1,100,2024-05-14_12-47-57-268393,486511.5412571,
1715671077.863023,2431314,4495,4,TX,1,100,2024-05-14_12-47-57-834954,486512.1078178,
1715671078.517151,2431938,4601,4,TX,1,100,2024-05-14_12-47-58-501802,486512.7746660,
1715671079.124106,2432517,4703,4,TX,1,100,2024-05-14_12-47-59-101984,486513.3748480,
1715671079.911366,2433268,4824,4,TX,1,100,2024-05-14_12-47-59-801961,486514.0748251,
1715671080.423976,2433757,4909,4,TX,1,100,2024-05-14_12-48-00-401828,486514.6746920,
1715671081.065524,2434369,5017,4,TX,1,100,2024-05-14_12-48-01-035326,486515.3081904,
1715671081.726990,2435000,5118,4,TX,1,100,2024-05-14_12-48-01-568708,486515.8415721,
1715671082.608595,2435841,5255,4,TX,1,100,2024-05-14_12-48-02-301928,486516.5747925,
1715671082.850748,2436072,5292,4,TX,1,100,2024-05-14_12-48-02-835227,486517.1080915,
1715671083.713484,2436895,5430,4,TX,1,100,2024-05-14_12-48-03-668631,486517.9414948,
1715671084.242867,2437400,5516,4,TX,1,100,2024-05-14_12-48-04-201952,486518.4748163,
1715671084.973519,2438097,5637,4,TX,1,100,2024-05-14_12-48-04-901962,486519.1748258,
1715671085.517577,2438616,5722,4,TX,1,100,2024-05-14_12-48-05-501907,486519.7747712,
1715671086.641335,2439688,5892,4,TX,1,100,2024-05-14_12-48-06-235099,486520.5079632,
1715671086.871957,2439908,5929,4,TX,1,100,2024-05-14_12-48-06-835411,486521.1082753,
1715671087.503023,2440510,6033,4,TX,1,100,2024-05-14_12-48-07-435370,486521.7082344,
1715671088.022971,2441006,6121,4,TX,1,100,2024-05-14_12-48-08-001954,486522.2748178,
1715671088.879417,2441823,6256,4,TX,1,100,2024-05-14_12-48-08-801704,486523.0745679,
1715671089.426620,2442345,6343,4,TX,1,100,2024-05-14_12-48-09-368673,486523.6415376,
1715671090.174045,2443058,6464,4,TX,1,100,2024-05-14_12-48-10-068558,486524.3414223,
1715671090.604889,2443469,6532,4,TX,1,100,2024-05-14_12-48-10-568654,486524.8415184,
1715671091.349169,2444179,6654,4,TX,1,100,2024-05-14_12-48-11-335531,486525.6083949,
1715671091.998055,2444798,6762,4,TX,1,100,2024-05-14_12-48-11-935379,486526.2082431,
1715671092.687825,2445456,6866,4,TX,1,100,2024-05-14_12-48-12-669107,486526.9419707,
1715671093.333566,2446072,6972,4,TX,1,100,2024-05-14_12-48-13-235482,486527.5083466,
1715671094.052688,2446758,7071,4,TX,1,100,2024-05-14_12-48-13-868761,486528.1416252,
1715671094.472001,2447158,7142,4,TX,1,100,2024-05-14_12-48-14-402156,486528.6750197,
1715671095.222570,2447874,7261,4,TX,1,100,2024-05-14_12-48-15-168631,486529.4414951,
1715671095.787594,2448413,7349,4,TX,1,100,2024-05-14_12-48-15-768720,486530.0415841,
1715671096.528729,2449120,7469,4,TX,1,100,2024-05-14_12-48-16-501799,486530.7746635,
1715671097.168181,2449730,7574,4,TX,1,100,2024-05-14_12-48-17-068628,486531.3414918,
1715671097.827551,2450359,7678,4,TX,1,100,2024-05-14_12-48-17-802231,486532.0750952,
1715671098.347498,2450855,7765,4,TX,1,100,2024-05-14_12-48-18-335390,486532.6082539,
1715671099.082344,2451556,7886,4,TX,1,100,2024-05-14_12-48-19-068734,486533.3415985,
1715671099.730182,2452174,7990,4,TX,1,100,2024-05-14_12-48-19-602390,486533.8752542,
1715671100.363344,2452778,8091,4,TX,1,100,2024-05-14_12-48-20-335495,486534.6083589,
1715671100.914741,2453304,8177,4,TX,1,100,2024-05-14_12-48-20-901992,486535.1748566,
1715671101.753366,2454104,8314,4,TX,1,100,2024-05-14_12-48-21-635461,486535.9083254,
1715671102.282748,2454609,8399,4,TX,1,100,2024-05-14_12-48-22-168700,486536.4415645,
1715671102.945262,2455241,8510,4,TX,1,100,2024-05-14_12-48-22-902183,486537.1750471,
1715671103.452631,2455725,8595,4,TX,1,100,2024-05-14_12-48-23-435140,486537.7080044,
1715671104.313270,2456546,8731,4,TX,1,100,2024-05-14_12-48-24-235549,486538.5084130,
1715671104.748307,2456961,8801,4,TX,1,100,2024-05-14_12-48-24-735604,486539.0084684,
1715671105.483153,2457662,8920,4,TX,1,100,2024-05-14_12-48-25-468818,486539.7416819,
1715671106.046080,2458199,9008,4,TX,1,100,2024-05-14_12-48-26-035624,486540.3084882,
1715671106.774636,2458894,9126,4,TX,1,100,2024-05-14_12-48-26-735451,486541.0083151,
1715671107.311356,2459406,9213,4,TX,1,100,2024-05-14_12-48-27-235417,486541.5082811,
1715671108.059829,2460120,9339,4,TX,1,100,2024-05-14_12-48-28-001905,486542.2747693,
1715671108.526315,2460565,9409,4,TX,1,100,2024-05-14_12-48-28-501995,486542.7748594,
1715671109.365989,2461366,9545,4,TX,1,100,2024-05-14_12-48-29-335443,486543.6083068,
1715671109.914240,2461889,9632,4,TX,1,100,2024-05-14_12-48-29-902348,486544.1752122,
1715671110.646989,2462588,9751,4,TX,1,100,2024-05-14_12-48-30-635400,486544.9082641,
1715671111.277006,2463189,9853,4,TX,1,100,2024-05-14_12-48-31-235459,486545.5083230,
1715671112.032818,2463910,9973,4,TX,1,100,2024-05-14_12-48-31-935271,486546.2081355,
1715671112.568490,2464421,10058,4,TX,1,100,2024-05-14_12-48-32-502286,486546.7751505,
1715671113.336880,2465154,10186,4,TX,1,100,2024-05-14_12-48-33-235667,486547.5085311,
1715671113.862069,2465655,10271,4,TX,1,100,2024-05-14_12-48-33-769266,486548.0421304,
1715671114.509908,2466273,10375,4,TX,1,100,2024-05-14_12-48-34-435868,486548.7087318,
1715671115.581252,2467295,10544,4,TX,1,100,2024-05-14_12-48-35-002133,486549.2749968,
1715671115.778329,2467483,10579,4,TX,1,100,2024-05-14_12-48-35-702630,486549.9754941,
1715671116.978611,2468628,10766,4,TX,1,100,2024-05-14_12-48-36-969056,486551.2419198,
1715671117.919968,2469526,10919,4,TX,1,100,2024-05-14_12-48-37-535487,486551.8083508,
1715671118.379116,2469964,10990,4,TX,1,100,2024-05-14_12-48-38-368910,486552.6417745,
1715671118.921077,2470481,11082,4,TX,1,100,2024-05-14_12-48-38-902299,486553.1751628,
1715671119.658020,2471184,11201,4,TX,1,100,2024-05-14_12-48-39-602467,486553.8753312,
1715671120.213609,2471714,11286,4,TX,1,100,2024-05-14_12-48-40-202432,486554.4752961,
1715671120.878220,2472348,11390,4,TX,1,100,2024-05-14_12-48-40-835560,486555.1084244,
1715671121.496706,2472938,11493,4,TX,1,100,2024-05-14_12-48-41-436272,486555.7091361,
1715671122.242034,2473649,11612,4,TX,1,100,2024-05-14_12-48-42-169890,486556.4427541,
1715671122.712713,2474098,11683,4,TX,1,100,2024-05-14_12-48-42-702680,486556.9755443,
1715671123.550290,2474897,11822,4,TX,1,100,2024-05-14_12-48-43-469880,486557.7427444,
1715671124.068141,2475391,11898,4,TX,1,100,2024-05-14_12-48-44-003211,486558.2760747,
1715671124.809277,2476098,12019,4,TX,1,100,2024-05-14_12-48-44-769091,486559.0419556,
1715671125.435101,2476695,12121,4,TX,1,100,2024-05-14_12-48-45-370065,486559.6429291,
1715671126.153174,2477380,12225,4,TX,1,100,2024-05-14_12-48-46-069608,486560.3424724,
1715671126.673122,2477876,12312,4,TX,1,100,2024-05-14_12-48-46-569675,486560.8425392,
1715671127.322008,2478495,12414,4,TX,1,100,2024-05-14_12-48-47-302861,486561.5757254,
1715671127.945736,2479090,12520,4,TX,1,100,2024-05-14_12-48-47-902937,486562.1758012,
1715671128.687919,2479798,12639,4,TX,1,100,2024-05-14_12-48-48-635928,486562.9087922,
1715671129.450020,2480525,12742,4,TX,1,100,2024-05-14_12-48-49-135667,486563.4085313,
1715671129.895540,2480950,12812,4,TX,1,100,2024-05-14_12-48-49-869102,486564.1419663,
1715671130.414439,2481445,12898,4,TX,1,100,2024-05-14_12-48-50-402901,486564.6757651,
1715671131.281368,2482272,13036,4,TX,1,100,2024-05-14_12-48-51-202897,486565.4757607,
1715671131.842199,2482807,13123,4,TX,1,100,2024-05-14_12-48-51-770125,486566.0429892,
1715671132.568659,2483500,13241,4,TX,1,100,2024-05-14_12-48-52-503181,486566.7760453,
1715671133.747976,2484625,13429,4,TX,1,100,2024-05-14_12-48-53-736664,486568.0095280,
1715671134.388476,2485236,13531,4,TX,1,100,2024-05-14_12-48-54-336698,486568.6095623,
1715671135.011155,2485830,13638,4,TX,1,100,2024-05-14_12-48-54-969172,486569.2420363,
1715671135.562551,2486356,13723,4,TX,1,100,2024-05-14_12-48-55-535783,486569.8086473,
1715671136.405370,2487160,13859,4,TX,1,100,2024-05-14_12-48-56-269244,486570.5421084,
1715671136.857180,2487591,13927,4,TX,1,100,2024-05-14_12-48-56-836324,486571.1091877,
1715671137.587832,2488288,14048,4,TX,1,100,2024-05-14_12-48-57-536248,486571.8091121,
1715671138.222043,2488893,14153,4,TX,1,100,2024-05-14_12-48-58-136211,486572.4090748,
1715671138.890846,2489531,14256,4,TX,1,100,2024-05-14_12-48-58-869680,486573.1425443,
1715671139.506188,2490118,14359,4,TX,1,100,2024-05-14_12-48-59-436521,486573.7093856,
1715671140.149833,2490732,14452,4,TX,1,100,2024-05-14_12-49-00-102679,486574.3755431,
1715671140.626801,2491187,14524,4,TX,1,100,2024-05-14_12-49-00-602584,486574.8754485,
1715671141.455992,2491978,14659,4,TX,1,100,2024-05-14_12-49-01-435737,486575.7086010,
1715671141.989568,2492487,14744,4,TX,1,100,2024-05-14_12-49-01-969741,486576.2426053,
1715671142.729654,2493193,14864,4,TX,1,100,2024-05-14_12-49-02-702588,486576.9754526,
1715671143.267423,2493706,14954,4,TX,1,100,2024-05-14_12-49-03-202935,486577.4757988,
1715671144.014848,2494419,15070,4,TX,1,100,2024-05-14_12-49-03-969196,486578.2420598,
1715671144.558906,2494938,15157,4,TX,1,100,2024-05-14_12-49-04-536599,486578.8094631,
1715671145.396483,2495737,15295,4,TX,1,100,2024-05-14_12-49-05-235820,486579.5086841,
1715671145.855631,2496175,15368,4,TX,1,100,2024-05-14_12-49-05-769953,486580.0428116,
1715671146.606201,2496891,15489,4,TX,1,100,2024-05-14_12-49-06-536509,486580.8093730,
1715671147.237266,2497493,15591,4,TX,1,100,2024-05-14_12-49-07-135967,486581.4088307,
1715671147.977353,2498199,15712,4,TX,1,100,2024-05-14_12-49-07-902509,486582.1753730,
1715671148.419728,2498621,15782,4,TX,1,100,2024-05-14_12-49-08-402611,486582.6754756,
1715671149.149332,2499317,15900,4,TX,1,100,2024-05-14_12-49-09-102694,486583.3755579,
1715671149.693391,2499836,15988,4,TX,1,100,2024-05-14_12-49-09-603213,486583.8760768,
1715671150.455492,2500563,16106,4,TX,1,100,2024-05-14_12-49-10-436242,486584.7091064,
1715671151.089702,2501168,16215,4,TX,1,100,2024-05-14_12-49-11-036560,486585.3094240,
1715671151.754313,2501802,16318,4,TX,1,100,2024-05-14_12-49-11-736515,486586.0093788,
1715671152.374896,2502394,16419,4,TX,1,100,2024-05-14_12-49-12-269492,486586.5423559,
1715671153.005961,2502996,16525,4,TX,1,100,2024-05-14_12-49-12-936290,486587.2091540,
1715671154.284865,2504216,16727,4,TX,1,100,2024-05-14_12-49-14-203152,486588.4760159,
1715671154.946331,2504847,16830,4,TX,1,100,2024-05-14_12-49-14-769758,486589.0426219,
1715671155.584734,2505456,16932,4,TX,1,100,2024-05-14_12-49-15-536333,486589.8091971,
1715671156.108875,2505956,17019,4,TX,1,100,2024-05-14_12-49-16-069461,486590.3423255,
1715671156.959032,2506767,17145,4,TX,1,100,2024-05-14_12-49-16-869128,486591.1419917,
1715671157.617353,2507395,17230,4,TX,1,100,2024-05-14_12-49-17-437089,486591.7099527,
1715671158.156170,2507909,17322,4,TX,1,100,2024-05-14_12-49-18-135981,486592.4088450,
1715671158.909884,2508628,17441,4,TX,1,100,2024-05-14_12-49-18-736347,486593.0092115,
1715671159.459184,2509152,17526,4,TX,1,100,2024-05-14_12-49-19-436307,486593.7091713,
1715671159.995904,2509664,17614,4,TX,1,100,2024-05-14_12-49-19-970132,486594.2429966,
1715671160.667853,2510305,17716,4,TX,1,100,2024-05-14_12-49-20-636493,486594.9093569,
1715671161.239166,2510850,17802,4,TX,1,100,2024-05-14_12-49-21-203311,486595.4761753,
1715671161.975060,2511552,17928,4,TX,1,100,2024-05-14_12-49-21-903536,486596.1764001,
1715671163.278075,2512795,18134,4,TX,1,100,2024-05-14_12-49-23-237010,486597.5098745,
1715671163.824230,2513316,18218,4,TX,1,100,2024-05-14_12-49-23-803671,486598.0765354,
1715671164.654469,2514108,18354,4,TX,1,100,2024-05-14_12-49-24-569905,486598.8427685,
1715671165.225782,2514653,18440,4,TX,1,100,2024-05-14_12-49-25-136500,486599.4093646,
1715671165.892490,2515289,18546,4,TX,1,100,2024-05-14_12-49-25-870039,486600.1429034,
1715671166.518314,2515886,18647,4,TX,1,100,2024-05-14_12-49-26-436051,486600.7089149,
1715671167.163007,2516501,18755,4,TX,1,100,2024-05-14_12-49-27-136429,486601.4092932,
1715671167.815038,2517123,18857,4,TX,1,100,2024-05-14_12-49-27-736646,486602.0095101,
1715671168.511098,2517787,18964,4,TX,1,100,2024-05-14_12-49-28-402785,486602.6756489,
1715671169.028949,2518281,19049,4,TX,1,100,2024-05-14_12-49-29-002912,486603.2757758,
1715671169.863381,2519077,19187,4,TX,1,100,2024-05-14_12-49-29-703344,486603.9762081,
1715671170.300515,2519494,19257,4,TX,1,100,2024-05-14_12-49-30-269583,486604.5424474,
1715671170.963029,2520126,19359,4,TX,1,100,2024-05-14_12-49-30-936522,486605.2093859,
1715671171.495556,2520634,19446,4,TX,1,100,2024-05-14_12-49-31-469519,486605.7423829,
1715671172.387644,2521485,19586,4,TX,1,100,2024-05-14_12-49-32-169603,486606.4424670,
1715671172.729384,2521811,19640,4,TX,1,100,2024-05-14_12-49-32-703732,486606.9765962,
1715671173.566961,2522610,19778,4,TX,1,100,2024-05-14_12-49-33-535933,486607.8087972,
1715671174.124647,2523142,19863,4,TX,1,100,2024-05-14_12-49-34-069652,486608.3425164,
1715671174.860541,2523844,19984,4,TX,1,100,2024-05-14_12-49-34-836368,486609.1092317,
1715671175.607966,2524557,20104,4,TX,1,100,2024-05-14_12-49-35-436757,486609.7096215,
1715671176.217017,2525138,20204,4,TX,1,100,2024-05-14_12-49-36-069596,486610.3424603,
1715671176.647861,2525549,20276,4,TX,1,100,2024-05-14_12-49-36-569726,486610.8425905,
1715671177.401576,2526268,20393,4,TX,1,100,2024-05-14_12-49-37-369663,486611.6425273,
1715671178.019014,2526857,20485,4,TX,1,100,2024-05-14_12-49-37-936936,486612.2097999,
1715671178.667900,2527476,20587,4,TX,1,100,2024-05-14_12-49-38-636782,486612.9096458,
1715671179.291628,2528071,20689,4,TX,1,100,2024-05-14_12-49-39-170259,486613.4431236,
1715671180.032763,2528778,20810,4,TX,1,100,2024-05-14_12-49-39-969631,486614.2424947,
1715671180.489814,2529214,20878,4,TX,1,100,2024-05-14_12-49-40-470402,486614.7432658,
1715671181.201597,2529893,20999,4,TX,1,100,2024-05-14_12-49-41-170352,486615.4432166,
1715671181.763476,2530429,21086,4,TX,1,100,2024-05-14_12-49-41-737654,486616.0105179,
1715671182.601054,2531228,21220,4,TX,1,100,2024-05-14_12-49-42-537653,486616.8105170,
1715671183.240506,2531838,21309,4,TX,1,100,2024-05-14_12-49-43-069738,486617.3426016,
1715671183.795047,2532367,21395,4,TX,1,100,2024-05-14_12-49-43-769945,486618.0428091,
1715671184.435547,2532978,21499,4,TX,1,100,2024-05-14_12-49-44-369594,486618.6424582,
1715671185.093868,2533606,21603,4,TX,1,100,2024-05-14_12-49-45-069919,486619.3427836,
1715671185.716547,2534200,21705,4,TX,1,100,2024-05-14_12-49-45-636513,486619.9093770,
1715671186.449296,2534899,21823,4,TX,1,100,2024-05-14_12-49-46-402830,486620.6756944,
1715671186.992306,2535417,21909,4,TX,1,100,2024-05-14_12-49-46-903309,486621.1761735,
1715671187.631758,2536027,22013,4,TX,1,100,2024-05-14_12-49-47-603075,486621.8759396,
1715671188.261775,2536628,22119,4,TX,1,100,2024-05-14_12-49-48-170696,486622.4435602,
1715671189.050083,2537380,22208,4,TX,1,100,2024-05-14_12-49-48-903013,486623.1758776,
1715671190.209483,2538486,22395,4,TX,1,100,2024-05-14_12-49-50-136840,486624.4097045,
1715671190.845790,2539093,22499,4,TX,1,100,2024-05-14_12-49-50-736702,486625.0095663,
1715671191.497822,2539715,22602,4,TX,1,100,2024-05-14_12-49-51-470331,486625.7431952,
1715671192.057604,2540249,22688,4,TX,1,100,2024-05-14_12-49-52-036476,486626.3093397,
1715671192.789305,2540947,22810,4,TX,1,100,2024-05-14_12-49-52-770130,486627.0429939,
1715671193.422467,2541551,22911,4,TX,1,100,2024-05-14_12-49-53-302865,486627.5757292,
1715671194.123768,2542220,23023,4,TX,1,100,2024-05-14_12-49-54-103169,486628.3760330,
1715671194.745399,2542813,23126,4,TX,1,100,2024-05-14_12-49-54-670532,486628.9433959,
1715671195.393237,2543431,23227,4,TX,1,100,2024-05-14_12-49-55-370231,486629.6430955,
1715671195.916329,2543930,23314,4,TX,1,100,2024-05-14_12-49-55-869537,486630.1424014,
1715671196.661658,2544641,23433,4,TX,1,100,2024-05-14_12-49-56-603839,486630.8767029,
1715671197.308448,2545258,23537,4,TX,1,100,2024-05-14_12-49-57-169666,486631.4425305,
1715671198.046438,2545962,23657,4,TX,1,100,2024-05-14_12-49-57-937025,486632.2098890,
1715671198.578965,2546470,23743,4,TX,1,100,2024-05-14_12-49-58-503084,486632.7759483,
1715671199.242528,2547103,23852,4,TX,1,100,2024-05-14_12-49-59-202947,486633.4758111,
1715671199.789731,2547625,23936,4,TX,1,100,2024-05-14_12-49-59-770131,486634.0429950,
1715671200.561266,2548361,24058,4,TX,1,100,2024-05-14_12-50-00-503512,486634.7763760,
1715671201.401988,2549163,24191,4,TX,1,100,2024-05-14_12-50-01-036822,486635.3096858,
1715671202.251096,2549973,24327,4,TX,1,100,2024-05-14_12-50-01-736677,486636.0095410,
1715671202.304559,2550024,24330,4,TX,1,100,2024-05-14_12-50-02-269769,486636.5426336,
1715671203.144233,2550825,24470,4,TX,1,100,2024-05-14_12-50-03-069799,486637.3426629,
1715671203.603380,2551263,24538,4,TX,1,100,2024-05-14_12-50-03-569857,486637.8427208,
1715671204.421040,2552043,24673,4,TX,1,100,2024-05-14_12-50-04-369709,486638.6425728,
1715671204.886477,2552487,24751,4,TX,1,100,2024-05-14_12-50-04-870357,486639.1432214,
1715671205.685268,2553249,24870,4,TX,1,100,2024-05-14_12-50-05-570437,486639.8433011,
1715671206.626625,2554147,25024,4,TX,1,100,2024-05-14_12-50-06-170171,486640.4430356,
1715671206.939013,2554445,25075,4,TX,1,100,2024-05-14_12-50-06-870690,486641.1435539,
1715671207.490409,2554971,25163,4,TX,1,100,2024-05-14_12-50-07-469998,486641.7428617,
1715671208.222110,2555669,25283,4,TX,1,100,2024-05-14_12-50-08-203438,486642.4763016,
1715671208.753589,2556176,25374,4,TX,1,100,2024-05-14_12-50-08-737011,486643.0098756,
1715671209.612132,2556995,25512,4,TX,1,100,2024-05-14_12-50-09-469842,486643.7427058,
1715671210.101679,2557462,25587,4,TX,1,100,2024-05-14_12-50-10-037112,486644.3099763,
1715671210.811366,2558139,25704,4,TX,1,100,2024-05-14_12-50-10-737000,486645.0098638,
1715671211.349134,2558652,25789,4,TX,1,100,2024-05-14_12-50-11-269992,486645.5428560,
1715671212.016890,2559289,25893,4,TX,1,100,2024-05-14_12-50-12-003588,486646.2764522,
1715671212.649004,2559892,25995,4,TX,1,100,2024-05-14_12-50-12-570247,486646.8431110,
1715671213.388043,2560597,26117,4,TX,1,100,2024-05-14_12-50-13-337016,486647.6098804,
1715671213.905894,2561091,26203,4,TX,1,100,2024-05-14_12-50-13-870548,486648.1434120,
1715671215.082066,2562213,26384,4,TX,1,100,2024-05-14_12-50-14-570687,486648.8435511,
1715671215.116659,2562246,26387,4,TX,1,100,2024-05-14_12-50-15-104143,486649.3770071,
1715671215.951092,2563042,26528,4,TX,1,100,2024-05-14_12-50-15-903655,486650.1765190,
1715671216.830600,2563881,26664,4,TX,1,100,2024-05-14_12-50-16-403256,486650.6761206,
1715671217.150326,2564186,26720,4,TX,1,100,2024-05-14_12-50-17-137112,486651.4099762,
1715671217.782440,2564789,26826,4,TX,1,100,2024-05-14_12-50-17-704193,486651.9770570,
1715671218.631548,2565599,26961,4,TX,1,100,2024-05-14_12-50-18-470127,486652.7429907,
1715671219.081261,2566028,27029,4,TX,1,100,2024-05-14_12-50-19-037085,486653.3099448,
1715671219.808769,2566722,27150,4,TX,1,100,2024-05-14_12-50-19-736844,486654.0097085,
1715671220.422014,2567307,27235,4,TX,1,100,2024-05-14_12-50-20-236443,486654.5093067,
1715671221.161052,2568012,27361,4,TX,1,100,2024-05-14_12-50-21-036416,486655.3092804,
1715671221.613910,2568444,27430,4,TX,1,100,2024-05-14_12-50-21-603443,486655.8763073,
1715671222.358190,2569154,27550,4,TX,1,100,2024-05-14_12-50-22-303762,486656.5766258,
1715671222.882331,2569654,27639,4,TX,1,100,2024-05-14_12-50-22-870767,486657.1436307,
1715671223.615080,2570353,27757,4,TX,1,100,2024-05-14_12-50-23-604013,486657.8768764,
1715671224.256629,2570965,27860,4,TX,1,100,2024-05-14_12-50-24-203816,486658.4766801,
1715671225.007198,2571681,27980,4,TX,1,100,2024-05-14_12-50-24-936837,486659.2097013,
1715671225.546015,2572195,28066,4,TX,1,100,2024-05-14_12-50-25-536786,486659.8096501,
1715671226.264088,2572880,28175,4,TX,1,100,2024-05-14_12-50-26-169830,486660.4426942,
1715671226.787181,2573379,28260,4,TX,1,100,2024-05-14_12-50-26-770719,486661.0435829,
1715671227.520978,2574079,28381,4,TX,1,100,2024-05-14_12-50-27-436716,486661.7095797,
1715671228.089147,2574621,28470,4,TX,1,100,2024-05-14_12-50-28-003492,486662.2763561,
1715671228.713923,2575217,28571,4,TX,1,100,2024-05-14_12-50-28-703947,486662.9768110,
1715671229.454010,2575923,28691,4,TX,1,100,2024-05-14_12-50-29-304075,486663.5769396,
1715671230.640665,2577055,28876,4,TX,1,100,2024-05-14_12-50-30-036981,486664.3098449,
1715671230.656389,2577070,28879,4,TX,1,100,2024-05-14_12-50-30-570606,486664.8434702,
1715671231.393331,2577773,29000,4,TX,1,100,2024-05-14_12-50-31-303353,486665.5762175,
1715671231.874493,2578232,29076,4,TX,1,100,2024-05-14_12-50-31-870631,486666.1434952,
1715671232.641835,2578964,29195,4,TX,1,100,2024-05-14_12-50-32-636512,486666.9093766,
1715671233.158638,2579457,29282,4,TX,1,100,2024-05-14_12-50-33-137554,486667.4104181,
1715671233.909208,2580173,29402,4,TX,1,100,2024-05-14_12-50-33-870876,486668.1437399,
1715671235.171339,2581377,29603,4,TX,1,100,2024-05-14_12-50-35-137270,486669.4101346,
1715671235.752087,2581931,29693,4,TX,1,100,2024-05-14_12-50-35-704196,486669.9770597,
1715671236.376863,2582527,29792,4,TX,1,100,2024-05-14_12-50-36-370554,486670.6434182,
1715671237.025749,2583146,29901,4,TX,1,100,2024-05-14_12-50-36-936787,486671.2096512,
1715671237.756402,2583843,30022,4,TX,1,100,2024-05-14_12-50-37-703531,486671.9763952,
1715671238.267963,2584331,30109,4,TX,1,100,2024-05-14_12-50-38-236729,486672.5095927,
1715671239.040547,2585068,30228,4,TX,1,100,2024-05-14_12-50-39-036653,486673.3095175,
1715671239.694675,2585692,30329,4,TX,1,100,2024-05-14_12-50-39-604190,486673.8770545,
1715671240.428472,2586392,30451,4,TX,1,100,2024-05-14_12-50-40-270351,486674.5432156,
1715671240.840447,2586785,30519,4,TX,1,100,2024-05-14_12-50-40-804149,486675.0770134,
1715671241.596258,2587506,30639,4,TX,1,100,2024-05-14_12-50-41-537529,486675.8103928,
1715671242.140316,2588025,30725,4,TX,1,100,2024-05-14_12-50-42-138124,486676.4109886,
1715671242.963218,2588810,30850,4,TX,1,100,2024-05-14_12-50-42-903801,486677.1766652,
1715671243.407689,2589234,30921,4,TX,1,100,2024-05-14_12-50-43-403473,486677.6763372,
1715671244.154066,2589946,31040,4,TX,1,100,2024-05-14_12-50-44-104277,486678.3771408,
1715671244.699172,2590466,31126,4,TX,1,100,2024-05-14_12-50-44-636926,486678.9097906,
1715671245.646819,2591370,31279,4,TX,1,100,2024-05-14_12-50-45-470547,486679.7434108,
1715671245.995897,2591703,31331,4,TX,1,100,2024-05-14_12-50-45-970810,486680.2436744,
1715671246.741225,2592414,31452,4,TX,1,100,2024-05-14_12-50-46-736769,486681.0096332,
1715671247.959329,2593576,31627,4,TX,1,100,2024-05-14_12-50-47-236867,486681.5097307,
1715671247.974005,2593590,31630,4,TX,1,100,2024-05-14_12-50-47-936775,486682.2096390,
1715671249.235088,2594793,31833,4,TX,1,100,2024-05-14_12-50-49-203605,486683.4764690,
1715671250.633496,2596127,32052,4,TX,1,100,2024-05-14_12-50-49-803499,486684.0763629,
1715671250.649220,2596142,32055,4,TX,1,100,2024-05-14_12-50-50-570481,486684.8433452,
1715671251.275044,2596739,32158,4,TX,1,100,2024-05-14_12-50-51-136875,486685.4097392,
1715671251.939655,2597373,32245,4,TX,1,100,2024-05-14_12-50-51-870513,486686.1433772,
1715671252.573866,2597978,32347,4,TX,1,100,2024-05-14_12-50-52-436832,486686.7096961,
1715671253.274118,2598646,32440,4,TX,1,100,2024-05-14_12-50-53-136773,486687.4096375,
1715671253.702865,2599055,32509,4,TX,1,100,2024-05-14_12-50-53-670274,486687.9431386,
1715671254.439807,2599758,32629,4,TX,1,100,2024-05-14_12-50-54-370330,486688.6431944,
1715671255.727097,2600986,32832,4,TX,1,100,2024-05-14_12-50-55-669972,486689.9428365,
1715671256.365501,2601595,32934,4,TX,1,100,2024-05-14_12-50-56-269913,486690.5427776,
1715671257.319437,2602505,33088,4,TX,1,100,2024-05-14_12-50-56-970140,486691.2430042,
1715671257.641260,2602812,33139,4,TX,1,100,2024-05-14_12-50-57-570328,486691.8431923,
1715671258.294339,2603435,33245,4,TX,1,100,2024-05-14_12-50-58-270398,486692.5432619,
1715671258.855170,2603970,33307,4,TX,1,100,2024-05-14_12-50-58-770100,486693.0429646,
1715671259.583726,2604665,33428,4,TX,1,100,2024-05-14_12-50-59-536973,486693.8098370,
1715671260.123591,2605180,33513,4,TX,1,100,2024-05-14_12-51-00-103714,486694.3765784,
1715671260.963265,2605981,33648,4,TX,1,100,2024-05-14_12-51-00-904380,486695.1772442,
1715671261.491599,2606485,33736,4,TX,1,100,2024-05-14_12-51-01-437703,486695.7105671,
1715671262.143630,2607107,33838,4,TX,1,100,2024-05-14_12-51-02-137607,486696.4104711,
1715671262.787275,2607721,33944,4,TX,1,100,2024-05-14_12-51-02-737042,486697.0099065,
1715671263.443500,2608347,34045,4,TX,1,100,2024-05-14_12-51-03-437389,486697.7102535,
1715671264.012717,2608890,34121,4,TX,1,100,2024-05-14_12-51-03-936807,486698.2096716,
1715671264.682569,2609529,34226,4,TX,1,100,2024-05-14_12-51-04-670295,486698.9431587,
1715671265.409028,2610222,34344,4,TX,1,100,2024-05-14_12-51-05-237123,486699.5099870,
1715671265.979294,2610766,34431,4,TX,1,100,2024-05-14_12-51-05-970538,486700.2434019,
1715671266.734056,2611486,34551,4,TX,1,100,2024-05-14_12-51-06-570849,486700.8437133,
1715671267.379798,2612102,34653,4,TX,1,100,2024-05-14_12-51-07-237028,486701.5098921,
1715671268.648219,2613312,34857,4,TX,1,100,2024-05-14_12-51-07-837112,486702.1099759,
1715671268.666040,2613329,34860,4,TX,1,100,2024-05-14_12-51-08-570216,486702.8430805,
1715671269.297106,2613931,34952,4,TX,1,100,2024-05-14_12-51-09-103728,486703.3765920,
1715671269.854791,2614463,35041,4,TX,1,100,2024-05-14_12-51-09-836854,486704.1097179,
1715671270.412477,2614995,35127,4,TX,1,100,2024-05-14_12-51-10-403785,486704.6766495,
1715671271.123213,2615673,35246,4,TX,1,100,2024-05-14_12-51-11-104132,486705.3769964,
1715671271.680898,2616205,35332,4,TX,1,100,2024-05-14_12-51-11-671637,486705.9445010,
1715671272.445096,2616934,35451,4,TX,1,100,2024-05-14_12-51-12-436911,486706.7097756,
1715671272.954561,2617420,35537,4,TX,1,100,2024-05-14_12-51-12-938205,486707.2110695,
1715671273.709324,2618140,35659,4,TX,1,100,2024-05-14_12-51-13-637188,486707.9100523,
1715671274.290072,2618694,35746,4,TX,1,100,2024-05-14_12-51-14-204455,486708.4773186,
1715671275.020724,2619391,35855,4,TX,1,100,2024-05-14_12-51-15-004349,486709.2772136,
1715671276.730472,2621022,36124,4,TX,1,100,2024-05-14_12-51-16-270483,486710.5433475,
1715671276.934887,2621217,36159,4,TX,1,100,2024-05-14_12-51-16-870473,486711.1433367,
1715671277.673926,2621922,36282,4,TX,1,100,2024-05-14_12-51-17-603960,486711.8768244,
1715671278.205405,2622429,36369,4,TX,1,100,2024-05-14_12-51-18-103930,486712.3767946,
1715671278.866870,2623060,36469,4,TX,1,100,2024-05-14_12-51-18-837155,486713.1100194,
1715671279.483260,2623648,36573,4,TX,1,100,2024-05-14_12-51-19-437256,486713.7101192,
1715671280.264230,2624393,36681,4,TX,1,100,2024-05-14_12-51-20-170958,486714.4438223,
1715671280.790468,2624895,36769,4,TX,1,100,2024-05-14_12-51-20-704363,486714.9772230,
1715671281.439354,2625514,36873,4,TX,1,100,2024-05-14_12-51-21-404040,486715.6769041,
1715671282.056792,2626103,36975,4,TX,1,100,2024-05-14_12-51-21-970712,486716.2435762,
1715671282.843003,2626853,37079,4,TX,1,100,2024-05-14_12-51-22-670731,486716.9435947,
1715671284.021272,2627977,37266,4,TX,1,100,2024-05-14_12-51-24-004706,486718.2775698,
1715671284.583151,2628513,37353,4,TX,1,100,2024-05-14_12-51-24-570359,486718.8432232,
1715671285.441694,2629332,37476,4,TX,1,100,2024-05-14_12-51-25-270698,486719.5435621,
1715671285.937531,2629805,37549,4,TX,1,100,2024-05-14_12-51-25-837333,486720.1101976,
1715671286.587466,2630425,37652,4,TX,1,100,2024-05-14_12-51-26-570689,486720.8435527,
1715671287.199662,2631009,37753,4,TX,1,100,2024-05-14_12-51-27-104543,486721.3774070,
1715671287.943943,2631719,37876,4,TX,1,100,2024-05-14_12-51-27-904088,486722.1769523,
1715671288.503725,2632253,37962,4,TX,1,100,2024-05-14_12-51-28-470717,486722.7435815,
1715671289.120115,2632841,38065,4,TX,1,100,2024-05-14_12-51-29-104428,486723.3772919,
1715671289.648449,2633345,38153,4,TX,1,100,2024-05-14_12-51-29-604105,486723.8769690,
1715671290.506992,2634164,38286,4,TX,1,100,2024-05-14_12-51-30-437167,486724.7100313,
1715671291.689454,2635292,38463,4,TX,1,100,2024-05-14_12-51-31-670990,486725.9438542,
1715671292.335195,2635908,38567,4,TX,1,100,2024-05-14_12-51-32-204058,486726.4769224,
1715671293.065848,2636605,38688,4,TX,1,100,2024-05-14_12-51-33-004501,486727.2773647,
1715671293.617244,2637131,38772,4,TX,1,100,2024-05-14_12-51-33-504081,486727.7769456,
1715671294.578518,2638048,38925,4,TX,1,100,2024-05-14_12-51-34-237602,486728.5104659,
1715671295.621559,2639043,39094,4,TX,1,100,2024-05-14_12-51-35-604581,486729.8774446,
1715671296.186583,2639582,39170,4,TX,1,100,2024-05-14_12-51-36-137849,486730.4107127,
1715671296.910945,2640273,39275,4,TX,1,100,2024-05-14_12-51-36-837883,486731.1107474,
1715671297.430893,2640769,39360,4,TX,1,100,2024-05-14_12-51-37-371117,486731.6439815,
1715671298.155256,2641460,39481,4,TX,1,100,2024-05-14_12-51-38-070762,486732.3436261,
1715671298.694073,2641974,39567,4,TX,1,100,2024-05-14_12-51-38-637390,486732.9102543,
1715671299.468753,2642713,39687,4,TX,1,100,2024-05-14_12-51-39-404168,486733.6770323,
1715671299.984508,2643205,39772,4,TX,1,100,2024-05-14_12-51-39-938160,486734.2110246,
1715671300.758140,2643943,39893,4,TX,1,100,2024-05-14_12-51-40-737738,486735.0106021,
1715671301.320019,2644479,39979,4,TX,1,100,2024-05-14_12-51-41-237533,486735.5103974,
1715671302.019223,2645146,40070,4,TX,1,100,2024-05-14_12-51-41-970762,486736.2436257,
1715671302.536026,2645639,40157,4,TX,1,100,2024-05-14_12-51-42-504780,486736.7776440,
1715671303.409245,2646472,40297,4,TX,1,100,2024-05-14_12-51-43-338210,486737.6110739,
1715671303.922903,2646962,40381,4,TX,1,100,2024-05-14_12-51-43-870744,486738.1436085,
1715671304.578079,2647587,40485,4,TX,1,100,2024-05-14_12-51-44-504646,486738.7775048,
1715671305.955521,2648901,40704,4,TX,1,100,2024-05-14_12-51-45-871071,486740.1439353,
1715671306.518448,2649438,40791,4,TX,1,100,2024-05-14_12-51-46-437595,486740.7104595,
1715671307.153707,2650044,40883,4,TX,1,100,2024-05-14_12-51-47-138184,486741.4110485,
1715671307.807835,2650668,40989,4,TX,1,100,2024-05-14_12-51-47-704220,486741.9770845,
1715671308.451480,2651282,41093,4,TX,1,100,2024-05-14_12-51-48-437229,486742.7100933,
1715671309.068918,2651871,41194,4,TX,1,100,2024-05-14_12-51-49-005024,486743.2778885,
1715671309.719901,2652492,41297,4,TX,1,100,2024-05-14_12-51-49-671869,486743.9447336,
1715671310.256621,2653004,41382,4,TX,1,100,2024-05-14_12-51-50-238192,486744.5110562,
1715671311.023964,2653736,41504,4,TX,1,100,2024-05-14_12-51-50-971177,486745.2440409,
1715671311.647691,2654331,41607,4,TX,1,100,2024-05-14_12-51-51-537255,486745.8101195,
1715671312.551310,2655193,41731,4,TX,1,100,2024-05-14_12-51-52-270981,486746.5438453,
1715671312.786125,2655417,41770,4,TX,1,100,2024-05-14_12-51-52-771510,486747.0443740,
1715671313.616364,2656209,41908,4,TX,1,100,2024-05-14_12-51-53-537925,486747.8107893,
1715671314.133168,2656702,41960,4,TX,1,100,2024-05-14_12-51-54-104194,486748.3770585,
1715671314.787295,2657326,42064,4,TX,1,100,2024-05-14_12-51-54-771593,486749.0444576,
1715671315.330305,2657844,42149,4,TX,1,100,2024-05-14_12-51-55-304632,486749.5774961,
1715671316.171027,2658646,42286,4,TX,1,100,2024-05-14_12-51-56-139415,486750.4122795,
1715671316.722424,2659172,42374,4,TX,1,100,2024-05-14_12-51-56-704172,486750.9770364,
1715671317.454124,2659870,42493,4,TX,1,100,2024-05-14_12-51-57-404582,486751.6774460,
1715671318.001328,2660392,42571,4,TX,1,100,2024-05-14_12-51-57-970949,486752.2438135,
1715671318.760283,2661116,42689,4,TX,1,100,2024-05-14_12-51-58-704288,486752.9771523,
1715671319.279183,2661611,42775,4,TX,1,100,2024-05-14_12-51-59-204142,486753.4770053,
1715671319.935407,2662237,42879,4,TX,1,100,2024-05-14_12-51-59-904778,486754.1776423,
1715671320.467935,2662745,42963,4,TX,1,100,2024-05-14_12-52-00-437651,486754.7105148,
1715671321.288739,2663528,43099,4,TX,1,100,2024-05-14_12-52-01-237932,486755.5107960,
1715671321.841184,2664055,43186,4,TX,1,100,2024-05-14_12-52-01-804272,486756.0771359,
1715671322.601188,2664780,43307,4,TX,1,100,2024-05-14_12-52-02-570893,486756.8437573,
1715671323.181936,2665334,43383,4,TX,1,100,2024-05-14_12-52-03-138061,486757.4109255,
1715671323.821388,2665944,43487,4,TX,1,100,2024-05-14_12-52-03-804572,486758.0774358,
1715671324.363350,2666461,43573,4,TX,1,100,2024-05-14_12-52-04-337883,486758.6107470,
1715671325.294224,2667349,43725,4,TX,1,100,2024-05-14_12-52-05-137873,486759.4107369,
1715671326.392823,2668397,43894,4,TX,1,100,2024-05-14_12-52-05-671411,486759.9442752,
1715671326.408548,2668412,43897,4,TX,1,100,2024-05-14_12-52-06-337570,486760.6104343,
1715671326.935833,2668915,43986,4,TX,1,100,2024-05-14_12-52-06-904913,486761.1777775,
1715671327.679065,2669624,44105,4,TX,1,100,2024-05-14_12-52-07-637688,486761.9105521,
1715671328.412863,2670324,44214,4,TX,1,100,2024-05-14_12-52-08-237825,486762.5106891,
1715671329.050218,2670932,44320,4,TX,1,100,2024-05-14_12-52-09-004324,486763.2771834,
1715671329.585890,2671443,44405,4,TX,1,100,2024-05-14_12-52-09-537739,486763.8106035,
1715671330.341701,2672164,44524,4,TX,1,100,2024-05-14_12-52-10-237614,486764.5104786,
1715671330.785124,2672587,44594,4,TX,1,100,2024-05-14_12-52-10-771741,486765.0446053,
1715671331.522066,2673290,44713,4,TX,1,100,2024-05-14_12-52-11-504687,486765.7775510,
1715671332.036773,2673781,44800,4,TX,1,100,2024-05-14_12-52-12-004622,486766.2774862,
1715671332.820888,2674529,44923,4,TX,1,100,2024-05-14_12-52-12-804431,486767.0772953,
1715671333.454050,2675133,45024,4,TX,1,100,2024-05-14_12-52-13-404691,486767.6775555,
1715671334.184702,2675830,45131,4,TX,1,100,2024-05-14_12-52-14-137443,486768.4103074,
1715671334.730857,2676351,45217,4,TX,1,100,2024-05-14_12-52-14-638306,486768.9111705,
1715671335.412240,2677001,45321,4,TX,1,100,2024-05-14_12-52-15-339680,486769.6125445,
1715671335.939526,2677504,45408,4,TX,1,100,2024-05-14_12-52-15-904436,486770.1772999,
1715671336.798069,2678323,45545,4,TX,1,100,2024-05-14_12-52-16-637814,486770.9106780,
1715671337.235202,2678740,45613,4,TX,1,100,2024-05-14_12-52-17-204772,486771.4776359,
1715671338.054959,2679522,45751,4,TX,1,100,2024-05-14_12-52-18-004780,486772.2776441,
1715671338.517251,2679963,45820,4,TX,1,100,2024-05-14_12-52-18-504247,486772.7771113,
1715671339.321283,2680730,45948,4,TX,1,100,2024-05-14_12-52-19-270804,486773.5436675,
1715671339.899935,2681282,46035,4,TX,1,100,2024-05-14_12-52-19-837963,486774.1108270,
1715671340.518421,2681872,46136,4,TX,1,100,2024-05-14_12-52-20-505464,486774.7783281,
1715671341.037321,2682367,46224,4,TX,1,100,2024-05-14_12-52-21-004642,486775.2775061,
1715671341.909491,2683199,46360,4,TX,1,100,2024-05-14_12-52-21-837931,486776.1107951,
1715671342.437825,2683703,46444,4,TX,1,100,2024-05-14_12-52-22-405132,486776.6779963,
1715671343.168478,2684400,46567,4,TX,1,100,2024-05-14_12-52-23-105317,486777.3781812,
1715671343.947351,2685143,46686,4,TX,1,100,2024-05-14_12-52-23-638342,486777.9112065,
1715671344.655989,2685819,46777,4,TX,1,100,2024-05-14_12-52-24-438073,486778.7109372,
1715671345.037564,2686183,46814,4,TX,1,100,2024-05-14_12-52-25-004856,486779.2777200,
1715671345.748299,2686861,46921,4,TX,1,100,2024-05-14_12-52-25-671021,486779.9438848,
1715671346.264054,2687353,47006,4,TX,1,100,2024-05-14_12-52-26-238289,486780.5111532,
1715671347.284032,2688326,47159,4,TX,1,100,2024-05-14_12-52-26-937967,486781.2108308,
1715671348.321831,2689316,47330,4,TX,1,100,2024-05-14_12-52-28-238381,486782.5112452,
1715671348.852262,2689822,47417,4,TX,1,100,2024-05-14_12-52-28-804610,486783.0774738,
1715671349.604928,2690540,47519,4,TX,1,100,2024-05-14_12-52-29-537894,486783.8107581,
1715671350.169952,2691079,47595,4,TX,1,100,2024-05-14_12-52-30-038350,486784.3112138,
1715671350.914232,2691789,47717,4,TX,1,100,2024-05-14_12-52-30-838505,486785.1113691,
1715671351.421600,2692273,47787,4,TX,1,100,2024-05-14_12-52-31-405411,486785.6782748,
1715671352.140722,2692959,47905,4,TX,1,100,2024-05-14_12-52-32-071206,486786.3440706,
1715671352.710987,2693503,47993,4,TX,1,100,2024-05-14_12-52-32-671683,486786.9445468,
1715671353.374549,2694136,48097,4,TX,1,100,2024-05-14_12-52-33-338387,486787.6112507,
1715671353.964732,2694699,48186,4,TX,1,100,2024-05-14_12-52-33-937921,486788.2107847,
1715671354.704819,2695405,48303,4,TX,1,100,2024-05-14_12-52-34-671776,486788.9446399,
1715671355.343223,2696014,48378,4,TX,1,100,2024-05-14_12-52-35-271377,486789.5442411,
1715671356.324414,2696950,48517,4,TX,1,100,2024-05-14_12-52-35-972014,486790.2448780,
1715671356.556085,2697171,48553,4,TX,1,100,2024-05-14_12-52-36-537822,486790.8106864,
1715671357.267868,2697850,48657,4,TX,1,100,2024-05-14_12-52-37-205238,486791.4781024,
1715671357.732257,2698293,48731,4,TX,1,100,2024-05-14_12-52-37-705505,486791.9783689,
1715671358.561448,2699084,48866,4,TX,1,100,2024-05-14_12-52-38-538123,486792.8109870,
1715671359.464019,2699945,48970,4,TX,1,100,2024-05-14_12-52-39-137956,486793.4108204,
1715671359.936794,2700396,48991,4,TX,1,100,2024-05-14_12-52-39-772049,486794.0449129,
1715671360.511252,2700944,49048,4,TX,1,100,2024-05-14_12-52-40-304738,486794.5776021,
1715671361.099338,2701505,49127,4,TX,1,100,2024-05-14_12-52-41-038595,486795.3114594,
1715671361.722018,2702099,49229,4,TX,1,100,2024-05-14_12-52-41-605004,486795.8778685,
1715671362.361470,2702709,49333,4,TX,1,100,2024-05-14_12-52-42-304751,486796.5776151,
1715671362.989390,2703308,49438,4,TX,1,100,2024-05-14_12-52-42-838122,486797.1109860,
1715671363.735767,2704020,49555,4,TX,1,100,2024-05-14_12-52-43-672018,486797.9448816,
1715671365.031443,2705256,49758,4,TX,1,100,2024-05-14_12-52-44-905049,486799.1779136,
1715671365.558729,2705759,49846,4,TX,1,100,2024-05-14_12-52-45-471474,486799.7443380,
1715671366.266319,2706434,49939,4,TX,1,100,2024-05-14_12-52-46-171975,486800.4448390,
1715671366.781026,2706925,50023,4,TX,1,100,2024-05-14_12-52-46-737803,486801.0106668,
1715671367.538934,2707648,50147,4,TX,1,100,2024-05-14_12-52-47-471399,486801.7442633,
1715671368.820982,2708871,50347,4,TX,1,100,2024-05-14_12-52-48-071551,486802.3444151,
1715671368.836706,2708886,50350,4,TX,1,100,2024-05-14_12-52-48-705398,486802.9782621,
1715671369.403827,2709427,50438,4,TX,1,100,2024-05-14_12-52-49-271380,486803.5442439,
1715671370.132383,2710122,50556,4,TX,1,100,2024-05-14_12-52-50-071375,486804.3442388,
1715671370.776028,2710736,50660,4,TX,1,100,2024-05-14_12-52-50-604740,486804.8776037,
1715671371.531839,2711457,50767,4,TX,1,100,2024-05-14_12-52-51-338172,486805.6110357,
1715671372.595845,2712472,50941,4,TX,1,100,2024-05-14_12-52-52-572053,486806.8449169,
1715671373.165062,2713015,51028,4,TX,1,100,2024-05-14_12-52-53-138357,486807.4112210,
1715671374.007880,2713819,51164,4,TX,1,100,2024-05-14_12-52-53-937975,486808.2108393,
1715671374.556132,2714342,51249,4,TX,1,100,2024-05-14_12-52-54-471422,486808.7442865,
1715671375.280495,2715033,51370,4,TX,1,100,2024-05-14_12-52-55-138311,486809.4111754,
1715671375.762704,2715493,51440,4,TX,1,100,2024-05-14_12-52-55-738040,486810.0109044,
1715671376.625440,2716316,51578,4,TX,1,100,2024-05-14_12-52-56-504541,486810.7774053,
1715671377.073057,2716743,51635,4,TX,1,100,2024-05-14_12-52-57-038195,486811.3110589,
1715671377.992400,2717620,51759,4,TX,1,100,2024-05-14_12-52-57-771477,486812.0443412,
1715671378.729342,2718323,51879,4,TX,1,100,2024-05-14_12-52-58-271226,486812.5440904,
1715671379.057454,2718636,51931,4,TX,1,100,2024-05-14_12-52-59-004996,486813.2778603,
1715671379.584740,2719139,52016,4,TX,1,100,2024-05-14_12-52-59-538141,486813.8110050,
1715671380.405545,2719922,52137,4,TX,1,100,2024-05-14_12-53-00-304868,486814.5777319,
1715671380.972665,2720463,52225,4,TX,1,100,2024-05-14_12-53-00-905233,486815.1780970,
1715671381.601634,2721063,52326,4,TX,1,100,2024-05-14_12-53-01-538902,486815.8117662,
1715671382.311321,2721740,52421,4,TX,1,100,2024-05-14_12-53-02-138453,486816.4113170,
1715671382.979076,2722377,52528,4,TX,1,100,2024-05-14_12-53-02-871750,486817.1446144,
1715671383.501121,2722875,52615,4,TX,1,100,2024-05-14_12-53-03-438288,486817.7111521,
1715671384.187745,2723530,52719,4,TX,1,100,2024-05-14_12-53-04-137990,486818.4108539,
1715671384.760107,2724076,52803,4,TX,1,100,2024-05-14_12-53-04-671568,486818.9444319,
1715671385.483422,2724766,52924,4,TX,1,100,2024-05-14_12-53-05-438841,486819.7117051,
1715671386.831512,2726052,53128,4,TX,1,100,2024-05-14_12-53-06-771527,486821.0443909,
1715671387.458385,2726650,53231,4,TX,1,100,2024-05-14_12-53-07-371977,486821.6448408,
1715671388.086305,2727249,53303,4,TX,1,100,2024-05-14_12-53-08-038470,486822.3113345,
1715671388.629315,2727767,53390,4,TX,1,100,2024-05-14_12-53-08-605075,486822.8779395,
1715671389.290781,2728398,53495,4,TX,1,100,2024-05-14_12-53-09-272102,486823.5449663,
1715671389.906123,2728985,53596,4,TX,1,100,2024-05-14_12-53-09-839003,486824.1118674,
1715671390.627341,2729673,53700,4,TX,1,100,2024-05-14_12-53-10-571649,486824.8445134,
1715671391.193413,2730213,53786,4,TX,1,100,2024-05-14_12-53-11-172144,486825.4450079,
1715671391.910438,2730897,53906,4,TX,1,100,2024-05-14_12-53-11-872254,486826.1451178,
1715671392.809863,2731755,53946,4,TX,1,100,2024-05-14_12-53-12-371558,486826.6444221,
1715671393.360211,2732280,53993,4,TX,1,100,2024-05-14_12-53-13-138698,486827.4115623,
1715671393.793152,2732693,54065,4,TX,1,100,2024-05-14_12-53-13-739068,486828.0119326,
1715671394.647501,2733508,54199,4,TX,1,100,2024-05-14_12-53-14-471702,486828.7445664,
1715671395.113987,2733953,54270,4,TX,1,100,2024-05-14_12-53-15-038544,486829.3114078,
1715671395.733521,2734544,54373,4,TX,1,100,2024-05-14_12-53-15-705670,486829.9785341,
1715671396.371925,2735153,54474,4,TX,1,100,2024-05-14_12-53-16-305200,486830.5780645,
1715671397.043874,2735794,54578,4,TX,1,100,2024-05-14_12-53-16-971995,486831.2448590,
1715671397.555435,2736282,54665,4,TX,1,100,2024-05-14_12-53-17-505669,486831.7785328,
1715671398.400350,2737088,54802,4,TX,1,100,2024-05-14_12-53-18-304999,486832.5778627,
1715671398.880463,2737546,54862,4,TX,1,100,2024-05-14_12-53-18-804913,486833.0777776,
1715671399.612164,2738244,54982,4,TX,1,100,2024-05-14_12-53-19-572225,486833.8450887,
1715671400.228554,2738832,55084,4,TX,1,100,2024-05-14_12-53-20-172069,486834.4449335,
1715671401.015814,2739583,55203,4,TX,1,100,2024-05-14_12-53-20-905664,486835.1785284,
1715671401.452947,2740000,55273,4,TX,1,100,2024-05-14_12-53-21-439053,486835.7119167,
1715671402.189889,2740703,55394,4,TX,1,100,2024-05-14_12-53-22-138345,486836.4112096,
1715671403.902782,2742337,55652,4,TX,1,100,2024-05-14_12-53-23-405710,486837.6785738,
1715671404.214121,2742634,55690,4,TX,1,100,2024-05-14_12-53-23-971459,486838.2443227,
1715671404.752938,2743148,55777,4,TX,1,100,2024-05-14_12-53-24-738929,486839.0117934,
1715671405.365135,2743732,55881,4,TX,1,100,2024-05-14_12-53-25-271875,486839.5447392,
1715671406.019263,2744356,55983,4,TX,1,100,2024-05-14_12-53-26-005178,486840.2780421,
1715671406.642990,2744951,56086,4,TX,1,100,2024-05-14_12-53-26-572473,486840.8453368,
1715671407.388319,2745662,56203,4,TX,1,100,2024-05-14_12-53-27-306063,486841.5789268,
1715671407.907218,2746157,56293,4,TX,1,100,2024-05-14_12-53-27-838392,486842.1112563,
1715671408.665126,2746880,56413,4,TX,1,100,2024-05-14_12-53-28-572373,486842.8452370,
1715671409.321350,2747506,56502,4,TX,1,100,2024-05-14_12-53-29-171716,486843.4445800,
1715671409.892664,2748051,56592,4,TX,1,100,2024-05-14_12-53-29-872014,486844.1448780,
1715671410.631703,2748756,56694,4,TX,1,100,2024-05-14_12-53-30-438851,486844.7117155,
1715671411.199872,2749298,56784,4,TX,1,100,2024-05-14_12-53-31-105541,486845.3784056,
1715671411.728205,2749802,56868,4,TX,1,100,2024-05-14_12-53-31-672196,486845.9450599,
1715671412.481920,2750521,56990,4,TX,1,100,2024-05-14_12-53-32-372412,486846.6452761,
1715671413.756631,2751737,57192,4,TX,1,100,2024-05-14_12-53-33-672218,486847.9450819,
1715671414.288110,2752244,57279,4,TX,1,100,2024-05-14_12-53-34-271771,486848.5446354,
1715671414.933851,2752860,57372,4,TX,1,100,2024-05-14_12-53-34-905672,486849.1785361,
1715671415.493634,2753394,57457,4,TX,1,100,2024-05-14_12-53-35-471960,486849.7448240,
1715671416.251542,2754117,57578,4,TX,1,100,2024-05-14_12-53-36-238991,486850.5118551,
1715671416.874221,2754711,57678,4,TX,1,100,2024-05-14_12-53-36-771917,486851.0447815,
1715671417.604873,2755408,57800,4,TX,1,100,2024-05-14_12-53-37-538628,486851.8114921,
1715671418.142642,2755921,57888,4,TX,1,100,2024-05-14_12-53-38-072221,486852.3450849,
1715671418.821929,2756569,57990,4,TX,1,100,2024-05-14_12-53-38-805739,486853.0786033,
1715671419.484443,2757201,58094,4,TX,1,100,2024-05-14_12-53-39-405721,486853.6785852,
1715671420.230819,2757913,58203,4,TX,1,100,2024-05-14_12-53-40-072352,486854.3452163,
1715671420.744478,2758403,58288,4,TX,1,100,2024-05-14_12-53-40-605498,486854.8783624,
1715671421.491902,2759116,58409,4,TX,1,100,2024-05-14_12-53-41-438579,486855.7114428,
1715671422.677509,2760247,58596,4,TX,1,100,2024-05-14_12-53-42-039056,486856.3119197,
1715671422.791772,2760356,58617,4,TX,1,100,2024-05-14_12-53-42-705824,486856.9786880,
1715671423.400824,2760937,58719,4,TX,1,100,2024-05-14_12-53-43-238608,486857.5114722,
1715671424.072772,2761578,58820,4,TX,1,100,2024-05-14_12-53-44-005193,486858.2780575,
1715671424.586430,2762068,58907,4,TX,1,100,2024-05-14_12-53-44-538834,486858.8116980,
1715671425.334904,2762782,59028,4,TX,1,100,2024-05-14_12-53-45-272699,486859.5455633,
1715671426.006852,2763423,59118,4,TX,1,100,2024-05-14_12-53-45-839211,486860.1120754,
1715671426.532042,2763924,59205,4,TX,1,100,2024-05-14_12-53-46-505270,486860.7781339,
1715671427.148431,2764512,59307,4,TX,1,100,2024-05-14_12-53-47-105627,486861.3784909,
1715671427.796269,2765130,59411,4,TX,1,100,2024-05-14_12-53-47-772324,486862.0451879,
1715671428.321459,2765631,59496,4,TX,1,100,2024-05-14_12-53-48-271932,486862.5447959,
1715671429.172663,2766443,59634,4,TX,1,100,2024-05-14_12-53-49-105764,486863.3786279,
1715671429.732446,2766977,59721,4,TX,1,100,2024-05-14_12-53-49-705379,486863.9782431,
1715671430.464147,2767675,59839,4,TX,1,100,2024-05-14_12-53-50-405264,486864.6781283,
1715671431.051184,2768235,59915,4,TX,1,100,2024-05-14_12-53-50-971678,486865.2445424,
1715671431.793368,2768943,60035,4,TX,1,100,2024-05-14_12-53-51-672369,486865.9452331,
1715671432.434916,2769555,60139,4,TX,1,100,2024-05-14_12-53-52-271924,486866.5447884,
1715671432.959057,2770055,60225,4,TX,1,100,2024-05-14_12-53-52-939150,486867.2120145,
1715671433.525130,2770595,60311,4,TX,1,100,2024-05-14_12-53-53-505916,486867.7787797,
1715671434.259975,2771296,60431,4,TX,1,100,2024-05-14_12-53-54-238896,486868.5117603,
1715671434.887896,2771895,60535,4,TX,1,100,2024-05-14_12-53-54-805870,486869.0787345,
1715671435.565086,2772541,60637,4,TX,1,100,2024-05-14_12-53-55-538838,486869.8117018,
1715671436.191958,2773139,60728,4,TX,1,100,2024-05-14_12-53-56-039165,486870.3120293,
1715671436.768513,2773689,60815,4,TX,1,100,2024-05-14_12-53-56-739100,486871.0119640,
1715671437.401676,2774293,60920,4,TX,1,100,2024-05-14_12-53-57-339264,486871.6121280,
1715671438.128135,2774986,61040,4,TX,1,100,2024-05-14_12-53-58-106331,486872.3791953,
1715671439.395508,2776195,61243,4,TX,1,100,2024-05-14_12-53-59-372590,486873.6454543,
1715671439.937469,2776712,61328,4,TX,1,100,2024-05-14_12-53-59-905666,486874.1785299,
1715671440.695377,2777435,61447,4,TX,1,100,2024-05-14_12-54-00-672674,486874.9455383,
1715671441.336926,2778047,61550,4,TX,1,100,2024-05-14_12-54-01-272180,486875.5450444,
1715671441.993150,2778673,61642,4,TX,1,100,2024-05-14_12-54-01-972659,486876.2455231,
1715671442.648326,2779298,61732,4,TX,1,100,2024-05-14_12-54-02-539008,486876.8118718,
1715671443.289875,2779910,61834,4,TX,1,100,2024-05-14_12-54-03-206074,486877.4789386,
1715671443.815064,2780411,61921,4,TX,1,100,2024-05-14_12-54-03-772036,486878.0448998,
1715671444.545716,2781108,62040,4,TX,1,100,2024-05-14_12-54-04-472243,486878.7451068,
1715671445.090823,2781628,62125,4,TX,1,100,2024-05-14_12-54-05-072904,486879.3457683,
1715671445.834055,2782337,62246,4,TX,1,100,2024-05-14_12-54-05-806018,486880.0788821,
1715671447.115055,2783559,62436,4,TX,1,100,2024-05-14_12-54-07-072428,486881.3452922,
1715671447.624520,2784045,62524,4,TX,1,100,2024-05-14_12-54-07-605446,486881.8783105,
1715671448.374042,2784760,62645,4,TX,1,100,2024-05-14_12-54-08-339171,486882.6120354,
1715671449.012445,2785369,62746,4,TX,1,100,2024-05-14_12-54-08-872888,486883.1457518,
1715671449.796560,2786117,62867,4,TX,1,100,2024-05-14_12-54-09-706232,486883.9790964,
1715671450.328039,2786624,62952,4,TX,1,100,2024-05-14_12-54-10-306393,486884.5792575,
1715671451.156182,2787414,63088,4,TX,1,100,2024-05-14_12-54-11-106297,486885.3791607,
1715671451.726447,2787958,63176,4,TX,1,100,2024-05-14_12-54-11-672907,486885.9457714,
1715671452.415168,2788615,63267,4,TX,1,100,2024-05-14_12-54-12-372819,486886.6456827,
1715671452.930923,2789107,63355,4,TX,1,100,2024-05-14_12-54-12-906149,486887.1790134,
1715671453.675203,2789817,63475,4,TX,1,100,2024-05-14_12-54-13-639000,486887.9118645,
1715671454.318848,2790431,63577,4,TX,1,100,2024-05-14_12-54-14-205826,486888.4786897,
1715671454.952010,2791035,63679,4,TX,1,100,2024-05-14_12-54-14-938852,486889.2117166,
1715671455.508648,2791566,63766,4,TX,1,100,2024-05-14_12-54-15-472206,486889.7450704,
1715671456.240348,2792264,63885,4,TX,1,100,2024-05-14_12-54-16-172109,486890.4449731,
1715671456.785455,2792784,63971,4,TX,1,100,2024-05-14_12-54-16-772825,486891.0456894,
1715671457.661819,2793620,64098,4,TX,1,100,2024-05-14_12-54-17-439389,486891.7122527,
1715671458.071697,2794011,64155,4,TX,1,100,2024-05-14_12-54-18-006563,486892.2794270,
1715671458.803397,2794709,64271,4,TX,1,100,2024-05-14_12-54-18-739374,486893.0122386,
1715671459.422932,2795300,64375,4,TX,1,100,2024-05-14_12-54-19-338860,486893.6117237,
1715671460.168260,2796011,64496,4,TX,1,100,2024-05-14_12-54-20-005838,486894.2787024,
1715671460.604346,2796427,64564,4,TX,1,100,2024-05-14_12-54-20-573024,486894.8458886,
1715671461.384267,2797171,64686,4,TX,1,100,2024-05-14_12-54-21-372637,486895.6455009,
1715671461.923084,2797685,64770,4,TX,1,100,2024-05-14_12-54-21-906310,486896.1791738,
1715671462.685185,2798412,64891,4,TX,1,100,2024-05-14_12-54-22-672307,486896.9451709,
1715671463.318347,2799016,64983,4,TX,1,100,2024-05-14_12-54-23-239677,486897.5125407,
1715671463.981910,2799649,65085,4,TX,1,100,2024-05-14_12-54-23-872669,486898.1455332,
1715671464.532258,2800174,65173,4,TX,1,100,2024-05-14_12-54-24-405360,486898.6782246,
1715671465.355159,2800959,65308,4,TX,1,100,2024-05-14_12-54-25-206396,486899.4792600,
1715671465.904459,2801483,65395,4,TX,1,100,2024-05-14_12-54-25-772896,486900.0457605,
1715671466.544959,2802094,65499,4,TX,1,100,2024-05-14_12-54-26-472757,486900.7456208,
1715671467.833297,2803323,166,4,TX,1,100,2024-05-14_12-54-27-739065,486902.0119295,
1715671468.474846,2803935,273,4,TX,1,100,2024-05-14_12-54-28-339711,486902.6125749,
1715671469.012614,2804448,359,4,TX,1,100,2024-05-14_12-54-29-006062,486903.2789262,
1715671469.629004,2805036,463,4,TX,1,100,2024-05-14_12-54-29-605824,486903.8786884,
1715671470.355463,2805729,581,4,TX,1,100,2024-05-14_12-54-30-306222,486904.5790858,
1715671470.900570,2806249,667,4,TX,1,100,2024-05-14_12-54-30-839416,486905.1122804,
1715671471.580905,2806898,770,4,TX,1,100,2024-05-14_12-54-31-539428,486905.8122917,
1715671472.199391,2807488,874,4,TX,1,100,2024-05-14_12-54-32-139667,486906.4125314,
1715671472.933188,2808188,994,4,TX,1,100,2024-05-14_12-54-32-906102,486907.1789666,
1715671473.570544,2808796,1097,4,TX,1,100,2024-05-14_12-54-33-473032,486907.7458958,
1715671474.257168,2809451,1205,4,TX,1,100,2024-05-14_12-54-34-205765,486908.4786288,
1715671474.779212,2809949,1273,4,TX,1,100,2024-05-14_12-54-34-738941,486909.0118052,
1715671475.537120,2810672,1390,4,TX,1,100,2024-05-14_12-54-35-472942,486909.7458064,
1715671476.082227,2811192,1476,4,TX,1,100,2024-05-14_12-54-36-039222,486910.3120858,
1715671476.821265,2811897,1594,4,TX,1,100,2024-05-14_12-54-36-739038,486911.0119024,
1715671477.240578,2812297,1662,4,TX,1,100,2024-05-14_12-54-37-239063,486911.5119273,
1715671478.190322,2813203,1817,4,TX,1,100,2024-05-14_12-54-38-073116,486912.3459804,
1715671478.608586,2813602,1887,4,TX,1,100,2024-05-14_12-54-38-606522,486912.8793858,
1715671479.390604,2814348,2013,4,TX,1,100,2024-05-14_12-54-39-339511,486913.6123748,
1715671479.926276,2814859,2098,4,TX,1,100,2024-05-14_12-54-39-905645,486914.1785088,
1715671480.665315,2815564,2219,4,TX,1,100,2024-05-14_12-54-40-606507,486914.8793709,
1715671481.202035,2816076,2306,4,TX,1,100,2024-05-14_12-54-41-172685,486915.4455493,
1715671481.883418,2816726,2410,4,TX,1,100,2024-05-14_12-54-41-872266,486916.1451297,
1715671482.436911,2817254,2498,4,TX,1,100,2024-05-14_12-54-42-405663,486916.6785274,
1715671483.161274,2817945,2618,4,TX,1,100,2024-05-14_12-54-43-138899,486917.4117629,
1715671483.816450,2818570,2720,4,TX,1,100,2024-05-14_12-54-43-673445,486917.9463090,
1715671484.506220,2819228,2829,4,TX,1,100,2024-05-14_12-54-44-406587,486918.6794509,
1715671484.938112,2819640,2899,4,TX,1,100,2024-05-14_12-54-44-939750,486919.2126144,
1715671485.765206,2820429,3035,4,TX,1,100,2024-05-14_12-54-45-739156,486920.0120198,
1715671486.306119,2820945,3122,4,TX,1,100,2024-05-14_12-54-46-239833,486920.5126967,
1715671487.035724,2821641,3243,4,TX,1,100,2024-05-14_12-54-47-039273,486921.3121367,
1715671487.575589,2822156,3329,4,TX,1,100,2024-05-14_12-54-47-572397,486921.8452607,
1715671488.298903,2822846,3449,4,TX,1,100,2024-05-14_12-54-48-272725,486922.5455889,
1715671488.881748,2823402,3534,4,TX,1,100,2024-05-14_12-54-48-839903,486923.1127668,
1715671489.610304,2824097,3655,4,TX,1,100,2024-05-14_12-54-49-539201,486923.8120649,
1715671490.139686,2824602,3732,4,TX,1,100,2024-05-14_12-54-50-139729,486924.4125927,
1715671490.967829,2825392,3868,4,TX,1,100,2024-05-14_12-54-50-906502,486925.1793661,
1715671491.506646,2825906,3952,4,TX,1,100,2024-05-14_12-54-51-473182,486925.7460466,
1715671492.796032,2827136,4157,4,TX,1,100,2024-05-14_12-54-52-206791,486926.4796551,
1715671492.811756,2827151,4160,4,TX,1,100,2024-05-14_12-54-52-739609,486927.0124732,
1715671493.448064,2827758,4264,4,TX,1,100,2024-05-14_12-54-53-405978,486927.6788419,
1715671493.997363,2828282,4352,4,TX,1,100,2024-05-14_12-54-54-006123,486928.2789871,
1715671494.733257,2828984,4469,4,TX,1,100,2024-05-14_12-54-54-739587,486929.0124509,
1715671495.305619,2829530,4563,4,TX,1,100,2024-05-14_12-54-55-273232,486929.5460965,
1715671495.966037,2830160,4667,4,TX,1,100,2024-05-14_12-54-55-972970,486930.2458345,
1715671496.905297,2831056,4816,4,TX,1,100,2024-05-14_12-54-56-572287,486930.8451507,
1715671497.229216,2831365,4872,4,TX,1,100,2024-05-14_12-54-57-239062,486931.5119264,
1715671497.787950,2831898,4959,4,TX,1,100,2024-05-14_12-54-57-772885,486932.0457489,
1715671498.526989,2832603,5078,4,TX,1,100,2024-05-14_12-54-58-505858,486932.7787218,
1715671499.150717,2833198,5182,4,TX,1,100,2024-05-14_12-54-59-106121,486933.3789854,
1715671499.830003,2833846,5286,4,TX,1,100,2024-05-14_12-54-59-806365,486934.0792292,
1715671501.513544,2835452,5557,4,TX,1,100,2024-05-14_12-55-01-172664,486935.4455278,
1715671501.855284,2835778,5610,4,TX,1,100,2024-05-14_12-55-01-772470,486936.0453339,
1715671502.393052,2836291,5698,4,TX,1,100,2024-05-14_12-55-02-372845,486936.6457091,
1715671503.007345,2836877,5802,4,TX,1,100,2024-05-14_12-55-02-972688,486937.2455517,
1715671503.872178,2837702,5937,4,TX,1,100,2024-05-14_12-55-03-739692,486938.0125557,
1715671504.283104,2838094,6008,4,TX,1,100,2024-05-14_12-55-04-273138,486938.5460018,
1715671504.956101,2838736,6110,4,TX,1,100,2024-05-14_12-55-04-939906,486939.2127705,
1715671505.479194,2839235,6196,4,TX,1,100,2024-05-14_12-55-05-439416,486939.7122802,
1715671506.316771,2840034,6339,4,TX,1,100,2024-05-14_12-55-06-306095,486940.5789588,
1715671506.880747,2840572,6407,4,TX,1,100,2024-05-14_12-55-06-872676,486941.1455403,
1715671507.525440,2841187,6513,4,TX,1,100,2024-05-14_12-55-07-539432,486941.8122963,
1715671508.259238,2841887,6632,4,TX,1,100,2024-05-14_12-55-08-139353,486942.4122171,
1715671508.843130,2842444,6719,4,TX,1,100,2024-05-14_12-55-08-806669,486943.0795332,
1715671509.368320,2842945,6806,4,TX,1,100,2024-05-14_12-55-09-373224,486943.6460881,
1715671510.194366,2843733,6943,4,TX,1,100,2024-05-14_12-55-10-139320,486944.4121842,
1715671510.659803,2844177,7012,4,TX,1,100,2024-05-14_12-55-10-672803,486944.9456675,
1715671511.424000,2844906,7137,4,TX,1,100,2024-05-14_12-55-11-406172,486945.6790358,
1715671511.961769,2845419,7225,4,TX,1,100,2024-05-14_12-55-11-973282,486946.2461464,
1715671512.665166,2846090,7345,4,TX,1,100,2024-05-14_12-55-12-673198,486946.9460613,
1715671513.235431,2846634,7431,4,TX,1,100,2024-05-14_12-55-13-205953,486947.4788168,
1715671514.935745,2848256,7699,4,TX,1,100,2024-05-14_12-55-13-939739,486948.2126033,
1715671514.950420,2848270,7702,4,TX,1,100,2024-05-14_12-55-14-506335,486948.7791996,
1715671515.252326,2848558,7755,4,TX,1,100,2024-05-14_12-55-15-239483,486949.5123467,
1715671515.819446,2849099,7842,4,TX,1,100,2024-05-14_12-55-15-772994,486950.0458579,
1715671516.577354,2849822,7966,4,TX,1,100,2024-05-14_12-55-16-572704,486950.8455684,
1715671517.094157,2850315,8055,4,TX,1,100,2024-05-14_12-55-17-106529,486951.3793931,
1715671517.858354,2851044,8173,4,TX,1,100,2024-05-14_12-55-17-840021,486952.1128852,
1715671518.368867,2851531,8261,4,TX,1,100,2024-05-14_12-55-18-339968,486952.6128326,
1715671519.107906,2852236,8381,4,TX,1,100,2024-05-14_12-55-19-072807,486953.3456710,
1715671519.650916,2852754,8469,4,TX,1,100,2024-05-14_12-55-19-606371,486953.8792349,
1715671520.381568,2853451,8587,4,TX,1,100,2024-05-14_12-55-20-339607,486954.6124714,
1715671520.951834,2853995,8673,4,TX,1,100,2024-05-14_12-55-20-940076,486955.2129404,
1715671521.775783,2854781,8808,4,TX,1,100,2024-05-14_12-55-21-706466,486955.9793298,
1715671522.248559,2855232,8886,4,TX,1,100,2024-05-14_12-55-22-239727,486956.5125915,
1715671522.989694,2855939,9004,4,TX,1,100,2024-05-14_12-55-22-972796,486957.2456601,
1715671523.541090,2856465,9089,4,TX,1,100,2024-05-14_12-55-23-506605,486957.7794690,
1715671524.197314,2857091,9193,4,TX,1,100,2024-05-14_12-55-24-206465,486958.4793296,
1715671524.828380,2857693,9297,4,TX,1,100,2024-05-14_12-55-24-806231,486959.0790948,
1715671525.461542,2858297,9397,4,TX,1,100,2024-05-14_12-55-25-473289,486959.7461528,
1715671526.198484,2859000,9515,4,TX,1,100,2024-05-14_12-55-26-073289,486960.3461527,
1715671526.756170,2859532,9601,4,TX,1,100,2024-05-14_12-55-26-773297,486961.0461611,
1715671527.307567,2860058,9693,4,TX,1,100,2024-05-14_12-55-27-273691,486961.5465552,
1715671528.058136,2860774,9814,4,TX,1,100,2024-05-14_12-55-28-073082,486962.3459465,
1715671528.700733,2861387,9916,4,TX,1,100,2024-05-14_12-55-28-673154,486962.9460182,
1715671529.461786,2862113,10032,4,TX,1,100,2024-05-14_12-55-29-406695,486963.6795593,
1715671529.985927,2862613,10118,4,TX,1,100,2024-05-14_12-55-30-006957,486964.2798207,
1715671530.623282,2863221,10220,4,TX,1,100,2024-05-14_12-55-30-640043,486964.9129076,
1715671531.155809,2863729,10304,4,TX,1,100,2024-05-14_12-55-31-172839,486965.4457031,
1715671531.911620,2864450,10424,4,TX,1,100,2024-05-14_12-55-31-906700,486966.1795644,
1715671532.557362,2865066,10528,4,TX,1,100,2024-05-14_12-55-32-506715,486966.7795794,
1715671533.199959,2865679,10635,4,TX,1,100,2024-05-14_12-55-33-206691,486967.4795550,
1715671533.843604,2866293,10734,4,TX,1,100,2024-05-14_12-55-33-806268,486968.0791326,
1715671534.491442,2866911,10836,4,TX,1,100,2024-05-14_12-55-34-506311,486968.7791755,
1715671535.761960,2868123,11041,4,TX,1,100,2024-05-14_12-55-35-739332,486970.0121957,
1715671536.289245,2868626,11126,4,TX,1,100,2024-05-14_12-55-36-306044,486970.5789078,
1715671537.030380,2869333,11245,4,TX,1,100,2024-05-14_12-55-37-040294,486971.3131586,
1715671537.665639,2869939,11351,4,TX,1,100,2024-05-14_12-55-37-540532,486971.8133958,
1715671538.332346,2870575,11441,4,TX,1,100,2024-05-14_12-55-38-306824,486972.5796886,
1715671538.884791,2871102,11529,4,TX,1,100,2024-05-14_12-55-38-873049,486973.1459127,
1715671539.620685,2871804,11649,4,TX,1,100,2024-05-14_12-55-39-606464,486973.8793285,
1715671540.136440,2872296,11734,4,TX,1,100,2024-05-14_12-55-40-107135,486974.3799992,
1715671540.923699,2873047,11854,4,TX,1,100,2024-05-14_12-55-40-940362,486975.2132260,
1715671541.554765,2873649,11957,4,TX,1,100,2024-05-14_12-55-41-473770,486975.7466339,
1715671542.195265,2874260,12061,4,TX,1,100,2024-05-14_12-55-42-139607,486976.4124711,
1715671542.625061,2874670,12131,4,TX,1,100,2024-05-14_12-55-42-639709,486976.9125733,
1715671543.503521,2875508,12274,4,TX,1,100,2024-05-14_12-55-43-506960,486977.7798240,
1715671544.160794,2876135,12376,4,TX,1,100,2024-05-14_12-55-44-106363,486978.3792273,
1715671544.695417,2876645,12463,4,TX,1,100,2024-05-14_12-55-44-706294,486978.9791579,
1715671545.305517,2877227,12567,4,TX,1,100,2024-05-14_12-55-45-272863,486979.5457271,
1715671546.094873,2877980,12686,4,TX,1,100,2024-05-14_12-55-46-106474,486980.3793378,
1715671546.617966,2878479,12771,4,TX,1,100,2024-05-14_12-55-46-607399,486980.8802636,
1715671547.345474,2879173,12893,4,TX,1,100,2024-05-14_12-55-47-340450,486981.6133140,
1715671547.895822,2879698,12979,4,TX,1,100,2024-05-14_12-55-47-906712,486982.1795757,
1715671548.794199,2880555,13119,4,TX,1,100,2024-05-14_12-55-48-639976,486982.9128399,
1715671550.088827,2881790,13324,4,TX,1,100,2024-05-14_12-55-49-906548,486984.1794118,
1715671550.395974,2882083,13377,4,TX,1,100,2024-05-14_12-55-50-406563,486984.6794270,
1715671551.160171,2882812,13496,4,TX,1,100,2024-05-14_12-55-51-173921,486985.4467854,
1715671551.773416,2883397,13600,4,TX,1,100,2024-05-14_12-55-51-673332,486985.9461959,
1715671552.542855,2884131,13721,4,TX,1,100,2024-05-14_12-55-52-440399,486986.7132631,
1715671553.004099,2884571,13791,4,TX,1,100,2024-05-14_12-55-53-007089,486987.2799528,
1715671553.842724,2885371,13929,4,TX,1,100,2024-05-14_12-55-53-773440,486988.0463045,
1715671554.301872,2885809,14003,4,TX,1,100,2024-05-14_12-55-54-273706,486988.5465704,
1715671555.046152,2886519,14123,4,TX,1,100,2024-05-14_12-55-55-007331,486989.2801952,
1715671555.675121,2887119,14225,4,TX,1,100,2024-05-14_12-55-55-573186,486989.8460497,
1715671556.298849,2887714,14327,4,TX,1,100,2024-05-14_12-55-56-307298,486990.5801618,
1715671556.962411,2888347,14429,4,TX,1,100,2024-05-14_12-55-56-906727,486991.1795915,
1715671557.594525,2888950,14533,4,TX,1,100,2024-05-14_12-55-57-573676,486991.8465404,
1715671558.228735,2889555,14637,4,TX,1,100,2024-05-14_12-55-58-106963,486992.3798268,
1715671559.099858,2890386,14770,4,TX,1,100,2024-05-14_12-55-58-940444,486993.2133081,
1715671559.552716,2890818,14844,4,TX,1,100,2024-05-14_12-55-59-473286,486993.7461499,
1715671560.194264,2891430,14946,4,TX,1,100,2024-05-14_12-56-00-207171,486994.4800352,
1715671560.749853,2891960,15033,4,TX,1,100,2024-05-14_12-56-00-739746,486995.0126097,
1715671561.495182,2892671,15153,4,TX,1,100,2024-05-14_12-56-01-507220,486995.7800841,
1715671562.116813,2893264,15259,4,TX,1,100,2024-05-14_12-56-02-073902,486996.3467659,
1715671562.744734,2893863,15360,4,TX,1,100,2024-05-14_12-56-02-706493,486996.9793561,
1715671563.263633,2894358,15447,4,TX,1,100,2024-05-14_12-56-03-240867,486997.5137313,
1715671564.055086,2895113,15567,4,TX,1,100,2024-05-14_12-56-04-040367,486998.3132310,
1715671564.587613,2895621,15652,4,TX,1,100,2024-05-14_12-56-04-574221,486998.8470851,
1715671565.336086,2896335,15778,4,TX,1,100,2024-05-14_12-56-05-307301,486999.5801647,
1715671565.885386,2896859,15863,4,TX,1,100,2024-05-14_12-56-05-840647,487000.1135110,
1715671566.624425,2897564,15984,4,TX,1,100,2024-05-14_12-56-06-573989,487000.8468527,
1715671567.144372,2898060,16073,4,TX,1,100,2024-05-14_12-56-07-106701,487001.3795648,
1715671567.928487,2898808,16190,4,TX,1,100,2024-05-14_12-56-07-907084,487002.1799485,
1715671568.561650,2899412,16294,4,TX,1,100,2024-05-14_12-56-08-473533,487002.7463975,
1715671569.292302,2900109,16414,4,TX,1,100,2024-05-14_12-56-09-207250,487003.4801139,
1715671569.837409,2900629,16482,4,TX,1,100,2024-05-14_12-56-09-774157,487004.0470207,
1715671570.429688,2901194,16575,4,TX,1,100,2024-05-14_12-56-10-439997,487004.7128610,
1715671571.059705,2901795,16679,4,TX,1,100,2024-05-14_12-56-11-006747,487005.2796115,
1715671571.785116,2902487,16796,4,TX,1,100,2024-05-14_12-56-11-740004,487006.0128686,
1715671572.321836,2902999,16886,4,TX,1,100,2024-05-14_12-56-12-306762,487006.5796258,
1715671572.996930,2903643,16987,4,TX,1,100,2024-05-14_12-56-13-006518,487007.2793816,
1715671573.626947,2904244,17089,4,TX,1,100,2024-05-14_12-56-13-506776,487007.7796401,
1715671574.271641,2904859,17193,4,TX,1,100,2024-05-14_12-56-14-273664,487008.5465284,
1715671574.898513,2905457,17297,4,TX,1,100,2024-05-14_12-56-14-840188,487009.1130518,
1715671575.529579,2906059,17398,4,TX,1,100,2024-05-14_12-56-15-540309,487009.8131728,
1715671576.082023,2906586,17490,4,TX,1,100,2024-05-14_12-56-16-073396,487010.3462601,
1715671576.923794,2907389,17624,4,TX,1,100,2024-05-14_12-56-16-873213,487011.1460776,
1715671577.450031,2907891,17713,4,TX,1,100,2024-05-14_12-56-17-407632,487011.6804963,
1715671578.110449,2908521,17817,4,TX,1,100,2024-05-14_12-56-18-107252,487012.3801163,
1715671578.735225,2909117,17919,4,TX,1,100,2024-05-14_12-56-18-673224,487012.9460879,
1715671579.467974,2909816,18038,4,TX,1,100,2024-05-14_12-56-19-474136,487013.7469999,
1715671580.117908,2910436,18139,4,TX,1,100,2024-05-14_12-56-20-073516,487014.3463797,
1715671580.739539,2911029,18241,4,TX,1,100,2024-05-14_12-56-20-707390,487014.9802541,
1715671581.296177,2911560,18315,4,TX,1,100,2024-05-14_12-56-21-240478,487015.5133426,
1715671582.905290,2913095,18571,4,TX,1,100,2024-05-14_12-56-21-973439,487016.2463033,
1715671582.921014,2913110,18574,4,TX,1,100,2024-05-14_12-56-22-574079,487016.8469430,
1715671583.240740,2913415,18625,4,TX,1,100,2024-05-14_12-56-23-239899,487017.5127631,
1715671583.867612,2914013,18729,4,TX,1,100,2024-05-14_12-56-23-807626,487018.0804897,
1715671584.617134,2914728,18850,4,TX,1,100,2024-05-14_12-56-24-607202,487018.8800659,
1715671585.141275,2915228,18935,4,TX,1,100,2024-05-14_12-56-25-140321,487019.4131854,
1715671585.885555,2915938,19052,4,TX,1,100,2024-05-14_12-56-25-840038,487020.1129023,
1715671586.401310,2916430,19136,4,TX,1,100,2024-05-14_12-56-26-374226,487020.6470901,
1715671587.110996,2917107,19245,4,TX,1,100,2024-05-14_12-56-27-107499,487021.3803633,
1715671587.727386,2917695,19347,4,TX,1,100,2024-05-14_12-56-27-707438,487021.9803026,
1715671588.404576,2918341,19452,4,TX,1,100,2024-05-14_12-56-28-407500,487022.6803640,
1715671588.926620,2918839,19539,4,TX,1,100,2024-05-14_12-56-28-906637,487023.1795012,
1715671589.747425,2919622,19672,4,TX,1,100,2024-05-14_12-56-29-707461,487023.9803253,
1715671590.290435,2920140,19757,4,TX,1,100,2024-05-14_12-56-30-240555,487024.5134193,
1715671590.980205,2920798,19860,4,TX,1,100,2024-05-14_12-56-30-974212,487025.2470763,
1715671591.538939,2921331,19946,4,TX,1,100,2024-05-14_12-56-31-540215,487025.8130788,
1715671592.240239,2922000,20058,4,TX,1,100,2024-05-14_12-56-32-240949,487026.5138135,
1715671592.866064,2922597,20160,4,TX,1,100,2024-05-14_12-56-32-840436,487027.1133004,
1715671593.607199,2923304,20276,4,TX,1,100,2024-05-14_12-56-33-540843,487027.8137072,
1715671594.153354,2923825,20362,4,TX,1,100,2024-05-14_12-56-34-107072,487028.3799359,
1715671594.882958,2924521,20480,4,TX,1,100,2024-05-14_12-56-34-806984,487029.0798479,
1715671595.400809,2925015,20565,4,TX,1,100,2024-05-14_12-56-35-340935,487029.6137951,
1715671596.264593,2925839,20701,4,TX,1,100,2024-05-14_12-56-36-140952,487030.4138158,
1715671596.808652,2926358,20787,4,TX,1,100,2024-05-14_12-56-36-740281,487031.0131456,
1715671597.957568,2927454,20979,4,TX,1,100,2024-05-14_12-56-37-340443,487031.6133068,
1715671597.973293,2927469,20982,4,TX,1,100,2024-05-14_12-56-37-873769,487032.1466334,
1715671598.702897,2928165,21101,4,TX,1,100,2024-05-14_12-56-38-673600,487032.9464639,
1715671599.230183,2928668,21190,4,TX,1,100,2024-05-14_12-56-39-207378,487033.4802423,
1715671599.991235,2929394,21306,4,TX,1,100,2024-05-14_12-56-39-974337,487034.2472013,
1715671600.611818,2929986,21408,4,TX,1,100,2024-05-14_12-56-40-573713,487034.8465769,
1715671601.268043,2930612,21496,4,TX,1,100,2024-05-14_12-56-41-240907,487035.5137713,
1715671601.882336,2931198,21597,4,TX,1,100,2024-05-14_12-56-41-773575,487036.0464393,
1715671602.551139,2931836,21702,4,TX,1,100,2024-05-14_12-56-42-540398,487036.8132620,
1715671603.196881,2932452,21794,4,TX,1,100,2024-05-14_12-56-43-140397,487037.4132615,
1715671603.845767,2933071,21898,4,TX,1,100,2024-05-14_12-56-43-807317,487038.0801811,
1715671604.403453,2933603,21983,4,TX,1,100,2024-05-14_12-56-44-407395,487038.6802593,
1715671605.042905,2934213,22087,4,TX,1,100,2024-05-14_12-56-45-041044,487039.3139085,
1715671605.680261,2934821,22191,4,TX,1,100,2024-05-14_12-56-45-607098,487039.8799618,
1715671606.394141,2935502,22308,4,TX,1,100,2024-05-14_12-56-46-373789,487040.6466530,
1715671607.696107,2936744,22514,4,TX,1,100,2024-05-14_12-56-47-641304,487041.9141680,
1715671608.216054,2937240,22590,4,TX,1,100,2024-05-14_12-56-48-207460,487042.4803240,
1715671609.059921,2938045,22725,4,TX,1,100,2024-05-14_12-56-49-007377,487043.2802415,
1715671609.616559,2938576,22813,4,TX,1,100,2024-05-14_12-56-49-607425,487043.8802891,
1715671610.250769,2939181,22917,4,TX,1,100,2024-05-14_12-56-50-207519,487044.4803832,
1715671610.783297,2939689,23002,4,TX,1,100,2024-05-14_12-56-50-773515,487045.0463792,
1715671611.559025,2940429,23123,4,TX,1,100,2024-05-14_12-56-51-540799,487045.8136628,
1715671612.197429,2941038,23229,4,TX,1,100,2024-05-14_12-56-52-140741,487046.4136056,
1715671612.915502,2941723,23347,4,TX,1,100,2024-05-14_12-56-52-807436,487047.0803004,
1715671613.424967,2942209,23423,4,TX,1,100,2024-05-14_12-56-53-374313,487047.6471774,
1715671614.719595,2943444,23628,4,TX,1,100,2024-05-14_12-56-54-108016,487048.3808799,
1715671614.735319,2943459,23631,4,TX,1,100,2024-05-14_12-56-54-640500,487048.9133646,
1715671615.450247,2944141,23751,4,TX,1,100,2024-05-14_12-56-55-406781,487049.6796447,
1715671616.106472,2944767,23852,4,TX,1,100,2024-05-14_12-56-55-974136,487050.2470000,
1715671616.643192,2945279,23938,4,TX,1,100,2024-05-14_12-56-56-607130,487050.8799946,
1715671617.168381,2945780,24026,4,TX,1,100,2024-05-14_12-56-57-141176,487051.4140406,
1715671618.019586,2946592,24163,4,TX,1,100,2024-05-14_12-56-57-974211,487052.2470755,
1715671618.646459,2947190,24265,4,TX,1,100,2024-05-14_12-56-58-540537,487052.8134016,
1715671619.313166,2947826,24373,4,TX,1,100,2024-05-14_12-56-59-274184,487053.5470478,
1715671619.855128,2948343,24457,4,TX,1,100,2024-05-14_12-56-59-807508,487054.0803717,
1715671620.489338,2948948,24561,4,TX,1,100,2024-05-14_12-57-00-440405,487054.7132692,
1715671621.801787,2950200,24765,4,TX,1,100,2024-05-14_12-57-01-773908,487056.0467716,
1715671622.418177,2950788,24868,4,TX,1,100,2024-05-14_12-57-02-373534,487056.6463985,
1715671623.047146,2951388,24970,4,TX,1,100,2024-05-14_12-57-03-040900,487057.3137637,
1715671623.582818,2951899,25056,4,TX,1,100,2024-05-14_12-57-03-540201,487057.8130651,
1715671624.359595,2952640,25181,4,TX,1,100,2024-05-14_12-57-04-341199,487058.6140634,
1715671625.000095,2953251,25283,4,TX,1,100,2024-05-14_12-57-04-907609,487059.1804734,
1715671625.743327,2953960,25404,4,TX,1,100,2024-05-14_12-57-05-640979,487059.9138427,
1715671626.318833,2954509,25491,4,TX,1,100,2024-05-14_12-57-06-207546,487060.4804106,
1715671626.941513,2955103,25592,4,TX,1,100,2024-05-14_12-57-06-874148,487061.1470120,
1715671627.467750,2955605,25680,4,TX,1,100,2024-05-14_12-57-07-440299,487061.7131636,
1715671628.257106,2956358,25799,4,TX,1,100,2024-05-14_12-57-08-173826,487062.4466897,
1715671629.602052,2957641,26006,4,TX,1,100,2024-05-14_12-57-09-474125,487063.7469890,
1715671630.031847,2958051,26078,4,TX,1,100,2024-05-14_12-57-09-974319,487064.2471830,
1715671630.823300,2958806,26198,4,TX,1,100,2024-05-14_12-57-10-773929,487065.0467932,
1715671631.336958,2959296,26284,4,TX,1,100,2024-05-14_12-57-11-307334,487065.5801981,
1715671632.203887,2960123,26406,4,TX,1,100,2024-05-14_12-57-12-040476,487066.3133398,
1715671633.281521,2961151,26575,4,TX,1,100,2024-05-14_12-57-13-274494,487067.5473579,
1715671633.811952,2961657,26663,4,TX,1,100,2024-05-14_12-57-13-807140,487068.0800038,
1715671634.649529,2962456,26798,4,TX,1,100,2024-05-14_12-57-14-640601,487068.9134653,
1715671635.219794,2963000,26890,4,TX,1,100,2024-05-14_12-57-15-174015,487069.4468795,
1715671636.009151,2963753,27009,4,TX,1,100,2024-05-14_12-57-15-840567,487070.1134307,
1715671636.448380,2964172,27080,4,TX,1,100,2024-05-14_12-57-16-373674,487070.6465386,
1715671637.279668,2964965,27216,4,TX,1,100,2024-05-14_12-57-17-241438,487071.5143019,
1715671637.818485,2965479,27304,4,TX,1,100,2024-05-14_12-57-17-807237,487072.0801012,
1715671638.452695,2966084,27406,4,TX,1,100,2024-05-14_12-57-18-441263,487072.7141269,
1715671638.987319,2966594,27492,4,TX,1,100,2024-05-14_12-57-18-974268,487073.2471317,
1715671639.843765,2967411,27626,4,TX,1,100,2024-05-14_12-57-19-740980,487074.0138441,
1715671640.386775,2967929,27718,4,TX,1,100,2024-05-14_12-57-20-341729,487074.6145936,
1715671641.112186,2968621,27837,4,TX,1,100,2024-05-14_12-57-21-007725,487075.2805895,
1715671641.573430,2969061,27908,4,TX,1,100,2024-05-14_12-57-21-540893,487075.8137572,
1715671642.403670,2969853,28047,4,TX,1,100,2024-05-14_12-57-22-307064,487076.5799281,
1715671642.852334,2970281,28116,4,TX,1,100,2024-05-14_12-57-22-841243,487077.1141075,
1715671643.623870,2971017,28236,4,TX,1,100,2024-05-14_12-57-23-608393,487077.8812569,
1715671644.240259,2971605,28338,4,TX,1,100,2024-05-14_12-57-24-207931,487078.4807955,
1715671644.888098,2972223,28440,4,TX,1,100,2024-05-14_12-57-24-874413,487079.1472770,
1715671645.507632,2972814,28544,4,TX,1,100,2024-05-14_12-57-25-374492,487079.6473559,
1715671646.183774,2973459,28634,4,TX,1,100,2024-05-14_12-57-26-107879,487080.3807430,
1715671646.722591,2973973,28720,4,TX,1,100,2024-05-14_12-57-26-640691,487080.9135555,
1715671647.560168,2974772,28858,4,TX,1,100,2024-05-14_12-57-27-507460,487081.7803242,
1715671648.097936,2975285,28946,4,TX,1,100,2024-05-14_12-57-28-040939,487082.3138030,
1715671648.853748,2976006,29063,4,TX,1,100,2024-05-14_12-57-28-773942,487083.0468066,
1715671649.378937,2976507,29150,4,TX,1,100,2024-05-14_12-57-29-307364,487083.5802280,
1715671650.106444,2977201,29269,4,TX,1,100,2024-05-14_12-57-30-074570,487084.3474344,
1715671650.975470,2978030,29404,4,TX,1,100,2024-05-14_12-57-30-607662,487084.8805262,
1715671651.402121,2978437,29479,4,TX,1,100,2024-05-14_12-57-31-340701,487085.6135650,
1715671651.947227,2978957,29562,4,TX,1,100,2024-05-14_12-57-31-874982,487086.1478462,
1715671652.588776,2979569,29668,4,TX,1,100,2024-05-14_12-57-32-541029,487086.8138934,
1715671653.157993,2980112,29754,4,TX,1,100,2024-05-14_12-57-33-141706,487087.4145703,
1715671653.923239,2980842,29875,4,TX,1,100,2024-05-14_12-57-33-907691,487088.1805551,
1715671654.532290,2981423,29978,4,TX,1,100,2024-05-14_12-57-34-441838,487088.7147025,
1715671655.191660,2982052,30081,4,TX,1,100,2024-05-14_12-57-35-141258,487089.4141220,
1715671656.021899,2982844,30216,4,TX,1,100,2024-05-14_12-57-35-640978,487089.9138423,
1715671656.494674,2983295,30292,4,TX,1,100,2024-05-14_12-57-36-474088,487090.7469519,
1715671657.107919,2983880,30395,4,TX,1,100,2024-05-14_12-57-37-041501,487091.3143655,
1715671657.740033,2984483,30499,4,TX,1,100,2024-05-14_12-57-37-707499,487091.9803633,
1715671658.396257,2985109,30601,4,TX,1,100,2024-05-14_12-57-38-307863,487092.5807270,
1715671659.129006,2985808,30720,4,TX,1,100,2024-05-14_12-57-38-973972,487093.2468356,
1715671659.555657,2986215,30790,4,TX,1,100,2024-05-14_12-57-39-540673,487093.8135369,
1715671660.410007,2987030,30926,4,TX,1,100,2024-05-14_12-57-40-340566,487094.6134298,
1715671660.857623,2987457,30996,4,TX,1,100,2024-05-14_12-57-40-840839,487095.1137031,
1715671661.591420,2988157,31114,4,TX,1,100,2024-05-14_12-57-41-574169,487095.8470329,
1715671662.921690,2989426,31308,4,TX,1,100,2024-05-14_12-57-42-807561,487097.0804254,
1715671663.465748,2989945,31396,4,TX,1,100,2024-05-14_12-57-43-407452,487097.6803163,
1715671664.211076,2990656,31516,4,TX,1,100,2024-05-14_12-57-44-140897,487098.4137612,
1715671664.846335,2991262,31616,4,TX,1,100,2024-05-14_12-57-44-740837,487099.0137013,
1715671665.481594,2991868,31720,4,TX,1,100,2024-05-14_12-57-45-407331,487099.6801954,
1715671666.026700,2992388,31808,4,TX,1,100,2024-05-14_12-57-45-974185,487100.2470487,
1715671666.760498,2993088,31926,4,TX,1,100,2024-05-14_12-57-46-740998,487101.0138618,
1715671667.411481,2993709,32037,4,TX,1,100,2024-05-14_12-57-47-341211,487101.6140748,
1715671668.177775,2994440,32154,4,TX,1,100,2024-05-14_12-57-48-041991,487102.3148549,
1715671668.615957,2994858,32224,4,TX,1,100,2024-05-14_12-57-48-574931,487102.8477948,
1715671669.343464,2995552,32345,4,TX,1,100,2024-05-14_12-57-49-274822,487103.5476857,
1715671669.886474,2996070,32430,4,TX,1,100,2024-05-14_12-57-49-808156,487104.0810201,
1715671670.522781,2996677,32534,4,TX,1,100,2024-05-14_12-57-50-507962,487104.7808263,
1715671672.002955,2998089,32773,4,TX,1,100,2024-05-14_12-57-51-074397,487105.3472608,
1715671672.426461,2998493,32841,4,TX,1,100,2024-05-14_12-57-51-874099,487106.1469633,
1715671672.574269,2998634,32849,4,TX,1,100,2024-05-14_12-57-52-441205,487106.7140694,
1715671673.159210,2999192,32939,4,TX,1,100,2024-05-14_12-57-53-107886,487107.3807502,
1715671673.799710,2999803,33041,4,TX,1,100,2024-05-14_12-57-53-640937,487107.9138011,
1715671674.462224,3000435,33141,4,TX,1,100,2024-05-14_12-57-54-441918,487108.7147825,
1715671675.322864,3001256,33280,4,TX,1,100,2024-05-14_12-57-54-941446,487109.2143096,
1715671675.755804,3001669,33349,4,TX,1,100,2024-05-14_12-57-55-741299,487110.0141630,
1715671676.289380,3002178,33434,4,TX,1,100,2024-05-14_12-57-56-274061,487110.5469250,
1715671677.030515,3002885,33557,4,TX,1,100,2024-05-14_12-57-57-007428,487111.2802924,
1715671677.657387,3003483,33661,4,TX,1,100,2024-05-14_12-57-57-607932,487111.8807957,
1715671678.375460,3004168,33767,4,TX,1,100,2024-05-14_12-57-58-241425,487112.5142896,
1715671678.801063,3004574,33837,4,TX,1,100,2024-05-14_12-57-58-774822,487113.0476859,
1715671679.981428,3005700,34022,4,TX,1,100,2024-05-14_12-57-59-507672,487113.7805362,
1715671680.935365,3006610,34175,4,TX,1,100,2024-05-14_12-58-00-875052,487115.1479166,
1715671681.453216,3007104,34260,4,TX,1,100,2024-05-14_12-58-01-374696,487115.6475606,
1715671682.193303,3007810,34383,4,TX,1,100,2024-05-14_12-58-02-175168,487116.4480321,
1715671682.748892,3008340,34471,4,TX,1,100,2024-05-14_12-58-02-708388,487116.9812520,
1715671683.525669,3009081,34580,4,TX,1,100,2024-05-14_12-58-03-375007,487117.6478715,
1715671684.287770,3009808,34698,4,TX,1,100,2024-05-14_12-58-03-940929,487118.2137935,
1715671684.695552,3010197,34770,4,TX,1,100,2024-05-14_12-58-04-641052,487118.9139162,
1715671685.322424,3010795,34873,4,TX,1,100,2024-05-14_12-58-05-242285,487119.5151493,
1715671686.019531,3011460,34976,4,TX,1,100,2024-05-14_12-58-05-975091,487120.2479556,
1715671686.657935,3012069,35079,4,TX,1,100,2024-05-14_12-58-06-541367,487120.8142310,
1715671687.276422,3012659,35182,4,TX,1,100,2024-05-14_12-58-07-207622,487121.4804864,
1715671687.803707,3013162,35270,4,TX,1,100,2024-05-14_12-58-07-740897,487122.0137610,
1715671688.927465,3014234,35426,4,TX,1,100,2024-05-14_12-58-08-541185,487122.8140489,
1715671689.153894,3014450,35463,4,TX,1,100,2024-05-14_12-58-09-074817,487123.3476814,
1715671689.915995,3015177,35582,4,TX,1,100,2024-05-14_12-58-09-874673,487124.1475371,
1715671690.769296,3015991,35719,4,TX,1,100,2024-05-14_12-58-10-374427,487124.6472914,
1715671691.280858,3016479,35806,4,TX,1,100,2024-05-14_12-58-11-141515,487125.4143787,
1715671691.747344,3016924,35875,4,TX,1,100,2024-05-14_12-58-11-707604,487125.9804682,
1715671692.471706,3017615,35995,4,TX,1,100,2024-05-14_12-58-12-408301,487126.6811649,
1715671693.012620,3018131,36081,4,TX,1,100,2024-05-14_12-58-12-941794,487127.2146581,
1715671693.752707,3018837,36198,4,TX,1,100,2024-05-14_12-58-13-741164,487128.0140284,
1715671694.463442,3019515,36262,4,TX,1,100,2024-05-14_12-58-14-307603,487128.5804668,
1715671695.032659,3020058,36349,4,TX,1,100,2024-05-14_12-58-15-008588,487129.2814521,
1715671695.589296,3020589,36434,4,TX,1,100,2024-05-14_12-58-15-574423,487129.8472876,
1715671696.352446,3021317,36558,4,TX,1,100,2024-05-14_12-58-16-274671,487130.5475352,
1715671696.867152,3021808,36644,4,TX,1,100,2024-05-14_12-58-16-841729,487131.1145929,
1715671697.616673,3022523,36767,4,TX,1,100,2024-05-14_12-58-17-542603,487131.8154668,
1715671698.238305,3023116,36866,4,TX,1,100,2024-05-14_12-58-18-108808,487132.3816718,
1715671698.874612,3023723,36970,4,TX,1,100,2024-05-14_12-58-18-808213,487133.0810769,
1715671699.423911,3024247,37058,4,TX,1,100,2024-05-14_12-58-19-408467,487133.6813312,
1715671700.140936,3024931,37167,4,TX,1,100,2024-05-14_12-58-20-074354,487134.3472180,
1715671700.690236,3025455,37254,4,TX,1,100,2024-05-14_12-58-20-641014,487134.9138782,
1715671701.536199,3026262,37387,4,TX,1,100,2024-05-14_12-58-21-441835,487135.7146996,
1715671701.970188,3026676,37458,4,TX,1,100,2024-05-14_12-58-21-941306,487136.2141705,
1715671702.716564,3027388,37581,4,TX,1,100,2024-05-14_12-58-22-707951,487136.9808151,
1715671703.335051,3027978,37685,4,TX,1,100,2024-05-14_12-58-23-275093,487137.5479575,
1715671703.971358,3028585,37787,4,TX,1,100,2024-05-14_12-58-23-941167,487138.2140309,
1715671704.616051,3029200,37889,4,TX,1,100,2024-05-14_12-58-24-541263,487138.8141271,
1715671705.251310,3029806,37978,4,TX,1,100,2024-05-14_12-58-25-241786,487139.5146497,
1715671705.872941,3030399,38082,4,TX,1,100,2024-05-14_12-58-25-774785,487140.0476491,
1715671706.516586,3031013,38182,4,TX,1,100,2024-05-14_12-58-26-508389,487140.7812534,
1715671707.145555,3031613,38287,4,TX,1,100,2024-05-14_12-58-27-075036,487141.3479000,
1715671707.786055,3032224,38389,4,TX,1,100,2024-05-14_12-58-27-774884,487142.0477482,
1715671708.410831,3032820,38493,4,TX,1,100,2024-05-14_12-58-28-341208,487142.6140720,
1715671709.154063,3033529,38612,4,TX,1,100,2024-05-14_12-58-29-108362,487143.3812257,
1715671710.446595,3034762,38803,4,TX,1,100,2024-05-14_12-58-30-407889,487144.6807536,
1715671711.031536,3035320,38889,4,TX,1,100,2024-05-14_12-58-30-941180,487145.2140440,
1715671711.718161,3035975,38993,4,TX,1,100,2024-05-14_12-58-31-707883,487145.9807470,
1715671712.250688,3036483,39081,4,TX,1,100,2024-05-14_12-58-32-241277,487146.5141414,
1715671712.992871,3037191,39201,4,TX,1,100,2024-05-14_12-58-32-908099,487147.1809636,
1715671713.635468,3037804,39305,4,TX,1,100,2024-05-14_12-58-33-474702,487147.7475537,
1715671714.371362,3038506,39422,4,TX,1,100,2024-05-14_12-58-34-274680,487148.5475440,
1715671714.784385,3038900,39493,4,TX,1,100,2024-05-14_12-58-34-775256,487149.0481200,
1715671716.065385,3040122,39683,4,TX,1,100,2024-05-14_12-58-35-508258,487149.7811224,
1715671716.815955,3040838,39803,4,TX,1,100,2024-05-14_12-58-36-808125,487151.0809888,
1715671717.344289,3041342,39891,4,TX,1,100,2024-05-14_12-58-37-308827,487151.5816912,
1715671718.087521,3042051,40009,4,TX,1,100,2024-05-14_12-58-38-042026,487152.3148906,
1715671718.547717,3042490,40082,4,TX,1,100,2024-05-14_12-58-38-541480,487152.8143437,
1715671719.388439,3043292,40216,4,TX,1,100,2024-05-14_12-58-39-341267,487153.6141310,
1715671720.035228,3043909,40319,4,TX,1,100,2024-05-14_12-58-39-941355,487154.2142188,
1715671720.773219,3044613,40440,4,TX,1,100,2024-05-14_12-58-40-641514,487154.9143781,
1715671721.515403,3045321,40532,4,TX,1,100,2024-05-14_12-58-41-241450,487155.5143143,
1715671721.930522,3045717,40605,4,TX,1,100,2024-05-14_12-58-41-907976,487156.1808400,
1715671722.460953,3046223,40690,4,TX,1,100,2024-05-14_12-58-42-442033,487156.7148968,
1715671723.216764,3046944,40811,4,TX,1,100,2024-05-14_12-58-43-174557,487157.4474206,
1715671723.857264,3047555,40914,4,TX,1,100,2024-05-14_12-58-43-774571,487158.0474350,
1715671724.530261,3048197,41016,4,TX,1,100,2024-05-14_12-58-44-474649,487158.7475128,
1715671725.119395,3048759,41086,4,TX,1,100,2024-05-14_12-58-45-008018,487159.2808824,
1715671725.758847,3049369,41190,4,TX,1,100,2024-05-14_12-58-45-708192,487159.9810564,
1715671727.147821,3050694,41385,4,TX,1,100,2024-05-14_12-58-47-041293,487161.3141575,
1715671727.591244,3051117,41458,4,TX,1,100,2024-05-14_12-58-47-574786,487161.8476501,
1715671728.433014,3051920,41591,4,TX,1,100,2024-05-14_12-58-48-374465,487162.6473294,
1715671729.079804,3052537,41679,4,TX,1,100,2024-05-14_12-58-48-874876,487163.1477400,
1715671729.644828,3053076,41767,4,TX,1,100,2024-05-14_12-58-49-641454,487163.9143184,
1715671730.264363,3053667,41869,4,TX,1,100,2024-05-14_12-58-50-174512,487164.4473759,
1715671731.008643,3054377,41988,4,TX,1,100,2024-05-14_12-58-50-908286,487165.1811501,
1715671731.506577,3054852,42055,4,TX,1,100,2024-05-14_12-58-51-408288,487165.6811517,
1715671732.302222,3055611,42170,4,TX,1,100,2024-05-14_12-58-52-241423,487166.5142867,
1715671732.811687,3056097,42256,4,TX,1,100,2024-05-14_12-58-52-808118,487167.0809818,
1715671733.528712,3056781,42359,4,TX,1,100,2024-05-14_12-58-53-475037,487167.7479012,
1715671734.054950,3057283,42445,4,TX,1,100,2024-05-14_12-58-54-008290,487168.2811538,
1715671734.787699,3057982,42565,4,TX,1,100,2024-05-14_12-58-54-741311,487169.0141747,
1715671735.297164,3058468,42634,4,TX,1,100,2024-05-14_12-58-55-241443,487169.5143067,
1715671736.057168,3059193,42753,4,TX,1,100,2024-05-14_12-58-56-041517,487170.3143807,
1715671736.593888,3059705,42839,4,TX,1,100,2024-05-14_12-58-56-574654,487170.8475181,
1715671737.431465,3060504,42949,4,TX,1,100,2024-05-14_12-58-57-274681,487171.5475450,
1715671737.811992,3060867,43003,4,TX,1,100,2024-05-14_12-58-57-808253,487172.0811168,
1715671738.670535,3061686,43139,4,TX,1,100,2024-05-14_12-58-58-574877,487172.8477414,
1715671739.295310,3062282,43243,4,TX,1,100,2024-05-14_12-58-59-141448,487173.4143122,
1715671740.216750,3063161,43295,4,TX,1,100,2024-05-14_12-58-59-841618,487174.1144821,
1715671740.516559,3063447,43319,4,TX,1,100,2024-05-14_12-59-00-374744,487174.6476086,
1715671741.221004,3064119,43422,4,TX,1,100,2024-05-14_12-59-01-208283,487175.4811475,
1715671742.173892,3065028,43576,4,TX,1,100,2024-05-14_12-59-01-741576,487176.0144403,
1715671742.603688,3065438,43649,4,TX,1,100,2024-05-14_12-59-02-475163,487176.7480268,
1715671743.019856,3065835,43705,4,TX,1,100,2024-05-14_12-59-02-974845,487177.2477088,
1715671743.783005,3066563,43824,4,TX,1,100,2024-05-14_12-59-03-774906,487178.0477706,
1715671745.029412,3067752,44027,4,TX,1,100,2024-05-14_12-59-05-007983,487179.2808474,
1715671745.574519,3068272,44114,4,TX,1,100,2024-05-14_12-59-05-507977,487179.7808408,
1715671746.314606,3068978,44234,4,TX,1,100,2024-05-14_12-59-06-308348,487180.5812122,
1715671746.841891,3069481,44321,4,TX,1,100,2024-05-14_12-59-06-808007,487181.0808714,
1715671748.028546,3070613,44504,4,TX,1,100,2024-05-14_12-59-07-541694,487181.8145581,
1715671748.051609,3070635,44507,4,TX,1,100,2024-05-14_12-59-08-041742,487182.3146057,
1715671748.859834,3071406,44619,4,TX,1,100,2024-05-14_12-59-08-808267,487183.0811313,
1715671749.317933,3071843,44689,4,TX,1,100,2024-05-14_12-59-09-308165,487183.5810287,
1715671750.183814,3072669,44824,4,TX,1,100,2024-05-14_12-59-10-175472,487184.4483364,
1715671750.721582,3073182,44910,4,TX,1,100,2024-05-14_12-59-10-708062,487184.9809258,
1715671751.451187,3073878,45030,4,TX,1,100,2024-05-14_12-59-11-408190,487185.6810543,
1715671751.993148,3074395,45117,4,TX,1,100,2024-05-14_12-59-11-941399,487186.2142627,
1715671752.828629,3075192,45252,4,TX,1,100,2024-05-14_12-59-12-741839,487187.0147029,
1715671753.382122,3075720,45339,4,TX,1,100,2024-05-14_12-59-13-341692,487187.6145557,
1715671754.017380,3076326,45431,4,TX,1,100,2024-05-14_12-59-13-974884,487188.2477486,
1715671754.670460,3076949,45533,4,TX,1,100,2024-05-14_12-59-14-574919,487188.8477829,
1715671755.387485,3077633,45655,4,TX,1,100,2024-05-14_12-59-15-308500,487189.5813638,
1715671755.949364,3078169,45741,4,TX,1,100,2024-05-14_12-59-15-908412,487190.1812766,
1715671756.678968,3078865,45859,4,TX,1,100,2024-05-14_12-59-16-608355,487190.8812194,
1715671757.305840,3079463,45963,4,TX,1,100,2024-05-14_12-59-17-208424,487191.4812880,
1715671757.881347,3080012,46051,4,TX,1,100,2024-05-14_12-59-17-874963,487192.1478268,
1715671758.471530,3080575,46123,4,TX,1,100,2024-05-14_12-59-18-408385,487192.6812493,
1715671759.246210,3081314,46227,4,TX,1,100,2024-05-14_12-59-19-108539,487193.3814034,
1715671759.659233,3081708,46297,4,TX,1,100,2024-05-14_12-59-19-608562,487193.8814260,
1715671760.474797,3082486,46417,4,TX,1,100,2024-05-14_12-59-20-409768,487194.6826319,
1715671761.014662,3083001,46505,4,TX,1,100,2024-05-14_12-59-21-008375,487195.2812396,
1715671761.746362,3083699,46622,4,TX,1,100,2024-05-14_12-59-21-708903,487195.9817666,
1715671762.292517,3084220,46693,4,TX,1,100,2024-05-14_12-59-22-241859,487196.5147230,
1715671763.045184,3084938,46814,4,TX,1,100,2024-05-14_12-59-23-042206,487197.3150703,
1715671763.685684,3085549,46916,4,TX,1,100,2024-05-14_12-59-23-542307,487197.8151708,
1715671764.308363,3086143,47003,4,TX,1,100,2024-05-14_12-59-24-208527,487198.4813916,
1715671764.846132,3086656,47079,4,TX,1,100,2024-05-14_12-59-24-808675,487199.0815396,
1715671765.582026,3087358,47196,4,TX,1,100,2024-05-14_12-59-25-575870,487199.8487345,
1715671766.242443,3087988,47280,4,TX,1,100,2024-05-14_12-59-26-142271,487200.4151353,
1715671766.902861,3088618,47387,4,TX,1,100,2024-05-14_12-59-26-875630,487201.1484946,
1715671768.279255,3089931,47590,4,TX,1,100,2024-05-14_12-59-28-108457,487202.3813214,
1715671768.702761,3090335,47660,4,TX,1,100,2024-05-14_12-59-28-608682,487202.8815460,
1715671769.445992,3091044,47779,4,TX,1,100,2024-05-14_12-59-29-408352,487203.6812163,
1715671770.012065,3091584,47855,4,TX,1,100,2024-05-14_12-59-29-975692,487204.2485564,
1715671770.716510,3092256,47959,4,TX,1,100,2024-05-14_12-59-30-675259,487204.9481229,
1715671771.251134,3092766,48046,4,TX,1,100,2024-05-14_12-59-31-241874,487205.5147385,
1715671772.033152,3093512,48167,4,TX,1,100,2024-05-14_12-59-31-975564,487206.2484280,
1715671772.928385,3094366,48222,4,TX,1,100,2024-05-14_12-59-32-575768,487206.8486324,
1715671773.688389,3095091,48314,4,TX,1,100,2024-05-14_12-59-33-308749,487207.5816132,
1715671773.895949,3095289,48350,4,TX,1,100,2024-05-14_12-59-33-875246,487208.1481098,
1715671774.519676,3095884,48452,4,TX,1,100,2024-05-14_12-59-34-509173,487208.7820373,
1715671775.055348,3096395,48539,4,TX,1,100,2024-05-14_12-59-35-041851,487209.3147149,
1715671775.909698,3097210,48659,4,TX,1,100,2024-05-14_12-59-35-842671,487210.1155344,
1715671776.439080,3097715,48744,4,TX,1,100,2024-05-14_12-59-36-409450,487210.6823144,
1715671777.182312,3098424,48865,4,TX,1,100,2024-05-14_12-59-37-108751,487211.3816150,
1715671777.723226,3098940,48952,4,TX,1,100,2024-05-14_12-59-37-709421,487211.9822847,
1715671778.998985,3100157,49155,4,TX,1,100,2024-05-14_12-59-38-409674,487212.6825380,
1715671779.014709,3100172,49158,4,TX,1,100,2024-05-14_12-59-38-975630,487213.2484942,
1715671779.733830,3100858,49278,4,TX,1,100,2024-05-14_12-59-39-675602,487213.9484665,
1715671780.285227,3101384,49364,4,TX,1,100,2024-05-14_12-59-40-242587,487214.5154508,
1715671781.049424,3102113,49472,4,TX,1,100,2024-05-14_12-59-40-975252,487215.2481164,
1715671781.591386,3102630,49559,4,TX,1,100,2024-05-14_12-59-41-575789,487215.8486536,
1715671782.325183,3103330,49680,4,TX,1,100,2024-05-14_12-59-42-308676,487216.5815400,
1715671782.991890,3103966,49784,4,TX,1,100,2024-05-14_12-59-42-909115,487217.1819796,
1715671783.285409,3104246,49835,4,TX,1,100,2024-05-14_12-59-43-242335,487217.5151990,
1715671887.368263,3203535,292,4,TX,1,100,2024-05-14_13-01-27-343897,487321.6167612,
1715671888.676519,3204783,500,4,TX,1,100,2024-05-14_13-01-28-676982,487322.9498457,
1715671889.216384,3205298,584,4,TX,1,100,2024-05-14_13-01-29-210107,487323.4829708,
1715671889.991064,3206037,704,4,TX,1,100,2024-05-14_13-01-29-976407,487324.2492707,
1715671890.500529,3206523,788,4,TX,1,100,2024-05-14_13-01-30-476698,487324.7495622,
1715671891.275210,3207262,907,4,TX,1,100,2024-05-14_13-01-31-276092,487325.5489562,
1715671892.980764,3208889,1162,4,TX,1,100,2024-05-14_13-01-32-542878,487326.8157422,
1715671893.190421,3209089,1200,4,TX,1,100,2024-05-14_13-01-33-076394,487327.3492577,
1715671893.862369,3209730,1307,4,TX,1,100,2024-05-14_13-01-33-810473,487328.0833371,
1715671894.395945,3210239,1394,4,TX,1,100,2024-05-14_13-01-34-377277,487328.6501408,
1715671895.074183,3210886,1497,4,TX,1,100,2024-05-14_13-01-35-076527,487329.3493907,
1715671895.606710,3211394,1584,4,TX,1,100,2024-05-14_13-01-35-609730,487329.8825939,
1715671896.369859,3212122,1705,4,TX,1,100,2024-05-14_13-01-36-377101,487330.6499649,
1715671896.903435,3212631,1791,4,TX,1,100,2024-05-14_13-01-36-909917,487331.1827806,
1715671897.880434,3213563,1944,4,TX,1,100,2024-05-14_13-01-37-876558,487332.1494223,
1715671899.107971,3214734,2134,4,TX,1,100,2024-05-14_13-01-39-110725,487333.3835892,
1715671899.747423,3215344,2237,4,TX,1,100,2024-05-14_13-01-39-610098,487333.8829621,
1715671900.401551,3215968,2339,4,TX,1,100,2024-05-14_13-01-40-410881,487334.6837450,
1715671901.048341,3216585,2443,4,TX,1,100,2024-05-14_13-01-41-010778,487335.2836423,
1715671901.667876,3217176,2549,4,TX,1,100,2024-05-14_13-01-41-676703,487335.9495676,
1715671902.208789,3217692,2633,4,TX,1,100,2024-05-14_13-01-42-210592,487336.4834557,
1715671902.941538,3218391,2753,4,TX,1,100,2024-05-14_13-01-42-910592,487337.1834559,
1715671904.378732,3219762,2961,4,TX,1,100,2024-05-14_13-01-44-243467,487338.5163306,
1715671904.825300,3220188,3031,4,TX,1,100,2024-05-14_13-01-44-743221,487339.0160852,
1715671905.656588,3220981,3167,4,TX,1,100,2024-05-14_13-01-45-543889,487339.8167527,
1715671906.100011,3221404,3237,4,TX,1,100,2024-05-14_13-01-46-077132,487340.3499956,
1715671906.834857,3222105,3360,4,TX,1,100,2024-05-14_13-01-46-810527,487341.0833911,
1715671907.371577,3222617,3445,4,TX,1,100,2024-05-14_13-01-47-342914,487341.6157779,
1715671908.122147,3223333,3564,4,TX,1,100,2024-05-14_13-01-48-076633,487342.3494971,
1715671908.637902,3223825,3649,4,TX,1,100,2024-05-14_13-01-48-610967,487342.8838308,
1715671909.296222,3224453,3753,4,TX,1,100,2024-05-14_13-01-49-310128,487343.5829917,
1715671909.841329,3224973,3843,4,TX,1,100,2024-05-14_13-01-49-843212,487344.1160757,
1715671910.678906,3225772,3981,4,TX,1,100,2024-05-14_13-01-50-677473,487344.9503371,
1715671911.309972,3226374,4083,4,TX,1,100,2024-05-14_13-01-51-277525,487345.5503887,
1715671911.979824,3227013,4187,4,TX,1,100,2024-05-14_13-01-51-943537,487346.2164007,
1715671912.502917,3227512,4273,4,TX,1,100,2024-05-14_13-01-52-510026,487346.7828905,
1715671913.238811,3228214,4395,4,TX,1,100,2024-05-14_13-01-53-209957,487347.4828213,
1715671913.887697,3228833,4497,4,TX,1,100,2024-05-14_13-01-53-776846,487348.0497106,
1715671914.511425,3229428,4598,4,TX,1,100,2024-05-14_13-01-54-477267,487348.7501315,
1715671915.849032,3230704,4806,4,TX,1,100,2024-05-14_13-01-55-743928,487350.0167924,
1715671916.281973,3231117,4878,4,TX,1,100,2024-05-14_13-01-56-276762,487350.5496258,
1715671917.552490,3232329,5082,4,TX,1,100,2024-05-14_13-01-57-077377,487351.3502414,
1715671917.645787,3232418,5101,4,TX,1,100,2024-05-14_13-01-57-610618,487351.8834820,
1715671918.387971,3233126,5220,4,TX,1,100,2024-05-14_13-01-58-343427,487352.6162909,
1715671919.674213,3234353,5423,4,TX,1,100,2024-05-14_13-01-59-643671,487353.9165350,
1715671920.215126,3234869,5510,4,TX,1,100,2024-05-14_13-02-00-177189,487354.4500534,
1715671920.979323,3235598,5634,4,TX,1,100,2024-05-14_13-02-00-943799,487355.2166633,
1715671921.433229,3236031,5704,4,TX,1,100,2024-05-14_13-02-01-443805,487355.7166687,
1715671922.297014,3236855,5844,4,TX,1,100,2024-05-14_13-02-02-243155,487356.5160187,
1715671922.739389,3237277,5912,4,TX,1,100,2024-05-14_13-02-02-743493,487357.0163576,
1715671923.574869,3238074,6048,4,TX,1,100,2024-05-14_13-02-03-543913,487357.8167772,
1715671924.841194,3239282,6237,4,TX,1,100,2024-05-14_13-02-04-776670,487359.0495345,
1715671926.149449,3240530,6445,4,TX,1,100,2024-05-14_13-02-06-110507,487360.3833708,
1715671926.783660,3241135,6550,4,TX,1,100,2024-05-14_13-02-06-676484,487360.9493482,
1715671927.443029,3241764,6654,4,TX,1,100,2024-05-14_13-02-07-410490,487361.6833540,
1715671928.807892,3243066,6873,4,TX,1,100,2024-05-14_13-02-08-710798,487362.9836624,
1715671929.899153,3244107,7043,4,TX,1,100,2024-05-14_13-02-09-910281,487364.1831448,
1715671930.518688,3244698,7147,4,TX,1,100,2024-05-14_13-02-10-477095,487364.7499596,
1715671931.265065,3245410,7254,4,TX,1,100,2024-05-14_13-02-11-176906,487365.4497697,
1715671931.787109,3245908,7342,4,TX,1,100,2024-05-14_13-02-11-710891,487365.9837550,
1715671932.516713,3246604,7462,4,TX,1,100,2024-05-14_13-02-12-510033,487366.7828974,
1715671933.814486,3247842,7664,4,TX,1,100,2024-05-14_13-02-13-776850,487368.0497140,
1715671934.248475,3248256,7733,4,TX,1,100,2024-05-14_13-02-14-261038,487368.5339020,
1715671935.092342,3249061,7870,4,TX,1,100,2024-05-14_13-02-15-043645,487369.3165089,
1715671936.185700,3250104,8039,4,TX,1,100,2024-05-14_13-02-15-610804,487369.8836677,
1715671936.382777,3250292,8064,4,TX,1,100,2024-05-14_13-02-16-376660,487370.6495242,
1715671936.851359,3250739,8139,4,TX,1,100,2024-05-14_13-02-16-860606,487371.1334700,
1715671937.689984,3251539,8275,4,TX,1,100,2024-05-14_13-02-17-661132,487371.9339959,
1715671938.998240,3252787,8478,4,TX,1,100,2024-05-14_13-02-19-010444,487373.2833086,
1715671940.181750,3253916,8665,4,TX,1,100,2024-05-14_13-02-20-176753,487374.4496167,
1715671940.806526,3254512,8767,4,TX,1,100,2024-05-14_13-02-20-743637,487375.0165012,
1715671941.585399,3255255,8889,4,TX,1,100,2024-05-14_13-02-21-576557,487375.8494207,
1715671942.134699,3255779,8980,4,TX,1,100,2024-05-14_13-02-22-060238,487376.3331020,
1715671942.877931,3256488,9099,4,TX,1,100,2024-05-14_13-02-22-843612,487377.1164763,
1715671943.302485,3256893,9171,4,TX,1,100,2024-05-14_13-02-23-309989,487377.5828530,
1715671944.168366,3257719,9306,4,TX,1,100,2024-05-14_13-02-24-110255,487378.3831193,
1715671944.692507,3258219,9392,4,TX,1,100,2024-05-14_13-02-24-693769,487378.9666336,
1715671945.523794,3259012,9528,4,TX,1,100,2024-05-14_13-02-25-393449,487379.6663133,
1715671945.971411,3259439,9598,4,TX,1,100,2024-05-14_13-02-25-927041,487380.1999053,
1715671946.718835,3260152,9718,4,TX,1,100,2024-05-14_13-02-26-660540,487380.9334035,
1715671947.261845,3260670,9796,4,TX,1,100,2024-05-14_13-02-27-193631,487381.4664951,
1715671948.094181,3261464,9931,4,TX,1,100,2024-05-14_13-02-27-976816,487382.2496802,
1715671948.525025,3261875,10002,4,TX,1,100,2024-05-14_13-02-28-510187,487382.7830513,
1715671949.259871,3262576,10121,4,TX,1,100,2024-05-14_13-02-29-260145,487383.5330094,
1715671950.531436,3263789,10324,4,TX,1,100,2024-05-14_13-02-30-510013,487384.7828771,
1715671951.126861,3264357,10409,4,TX,1,100,2024-05-14_13-02-31-110242,487385.3831066,
1715671951.761071,3264962,10514,4,TX,1,100,2024-05-14_13-02-31-760440,487386.0333042,
1715671952.386895,3265559,10616,4,TX,1,100,2024-05-14_13-02-32-310386,487386.5832504,
1715671953.166817,3266303,10743,4,TX,1,100,2024-05-14_13-02-33-110243,487387.3831070,
1715671954.542163,3267615,10958,4,TX,1,100,2024-05-14_13-02-34-393524,487388.6663883,
1715671954.961475,3268015,11026,4,TX,1,100,2024-05-14_13-02-34-910207,487389.1830709,
1715671955.804294,3268819,11145,4,TX,1,100,2024-05-14_13-02-35-610737,487389.8836009,
1715671956.140793,3269140,11200,4,TX,1,100,2024-05-14_13-02-36-126984,487390.3998478,
1715671956.894507,3269859,11322,4,TX,1,100,2024-05-14_13-02-36-893728,487391.1665921,
1715671957.504607,3270441,11424,4,TX,1,100,2024-05-14_13-02-37-443755,487391.7166189,
1715671958.213246,3271117,11533,4,TX,1,100,2024-05-14_13-02-38-210675,487392.4835395,
1715671958.843263,3271718,11637,4,TX,1,100,2024-05-14_13-02-38-776863,487393.0497266,
1715671959.565529,3272407,11757,4,TX,1,100,2024-05-14_13-02-39-526722,487393.7995866,
1715671960.147326,3272962,11842,4,TX,1,100,2024-05-14_13-02-40-110369,487394.3832327,
1715671961.207139,3273973,12012,4,TX,1,100,2024-05-14_13-02-40-793735,487395.0665987,
1715671962.081406,3274807,12147,4,TX,1,100,2024-05-14_13-02-42-077097,487396.3499608,
1715671962.713520,3275410,12251,4,TX,1,100,2024-05-14_13-02-42-643725,487396.9165894,
1715671963.457800,3276120,12376,4,TX,1,100,2024-05-14_13-02-43-360365,487397.6332292,
1715671964.617199,3277226,12561,4,TX,1,100,2024-05-14_13-02-44-610493,487398.8833572,
1715671965.167547,3277751,12648,4,TX,1,100,2024-05-14_13-02-45-127095,487399.3999590,
1715671966.000931,3278546,12783,4,TX,1,100,2024-05-14_13-02-45-944011,487400.2168747,
1715671966.537652,3279058,12871,4,TX,1,100,2024-05-14_13-02-46-510361,487400.7832255,
1715671967.194924,3279685,12975,4,TX,1,100,2024-05-14_13-02-47-144293,487401.4171568,
1715671968.447621,3280880,13176,4,TX,1,100,2024-05-14_13-02-48-427137,487402.7000013,
1715671969.814581,3282184,13384,4,TX,1,100,2024-05-14_13-02-49-810536,487404.0833998,
1715671971.062036,3283374,13588,4,TX,1,100,2024-05-14_13-02-51-010180,487405.2830442,
1715671971.605046,3283892,13675,4,TX,1,100,2024-05-14_13-02-51-593995,487405.8668595,
1715671972.436333,3284685,13810,4,TX,1,100,2024-05-14_13-02-52-343755,487406.6166192,
1715671973.002406,3285225,13898,4,TX,1,100,2024-05-14_13-02-52-893625,487407.1664888,
1715671973.618795,3285813,14000,4,TX,1,100,2024-05-14_13-02-53-560518,487407.8333825,
1715671974.173337,3286342,14092,4,TX,1,100,2024-05-14_13-02-54-127173,487408.4000370,
1715671974.921810,3287056,14213,4,TX,1,100,2024-05-14_13-02-54-894049,487409.1669133,
1715671975.549731,3287655,14315,4,TX,1,100,2024-05-14_13-02-55-427186,487409.7000503,
1715671976.179748,3288256,14418,4,TX,1,100,2024-05-14_13-02-56-143651,487410.4165148,
1715671976.634702,3288690,14489,4,TX,1,100,2024-05-14_13-02-56-627320,487410.9001844,
1715671977.459700,3289477,14625,4,TX,1,100,2024-05-14_13-02-57-427237,487411.7001014,
1715671978.096007,3290084,14728,4,TX,1,100,2024-05-14_13-02-57-994173,487412.2670375,
1715671978.786825,3290743,14830,4,TX,1,100,2024-05-14_13-02-58-762057,487413.0349211,
1715671979.408456,3291336,14922,4,TX,1,100,2024-05-14_13-02-59-360527,487413.6333912,
1715671980.157977,3292051,15044,4,TX,1,100,2024-05-14_13-03-00-010371,487414.2832355,
1715671980.568904,3292443,15112,4,TX,1,100,2024-05-14_13-03-00-560626,487414.8334905,
1715671981.326812,3293166,15232,4,TX,1,100,2024-05-14_13-03-01-294149,487415.5670136,
1715671981.867725,3293682,15320,4,TX,1,100,2024-05-14_13-03-01-810569,487416.0834328,
1715671982.688530,3294465,15455,4,TX,1,100,2024-05-14_13-03-02-593707,487416.8665711,
1715671983.126712,3294883,15526,4,TX,1,100,2024-05-14_13-03-03-077210,487417.3500743,
1715671983.904537,3295625,15645,4,TX,1,100,2024-05-14_13-03-03-894320,487418.1671838,
1715671984.414002,3296111,15731,4,TX,1,100,2024-05-14_13-03-04-410231,487418.6830948,
1715671985.146751,3296810,15841,4,TX,1,100,2024-05-14_13-03-05-127320,487419.4001847,
1715671985.804023,3297437,15945,4,TX,1,100,2024-05-14_13-03-05-728014,487420.0008782,
1715671986.432992,3298037,16049,4,TX,1,100,2024-05-14_13-03-06-427924,487420.7007886,
1715671986.957133,3298537,16133,4,TX,1,100,2024-05-14_13-03-06-927338,487421.2002022,
1715671987.941470,3299476,16271,4,TX,1,100,2024-05-14_13-03-07-894362,487422.1672260,
1715671988.497059,3300006,16359,4,TX,1,100,2024-05-14_13-03-08-460549,487422.7334134,
1715671989.154332,3300633,16461,4,TX,1,100,2024-05-14_13-03-09-144199,487423.4170631,
1715671989.774915,3301225,16565,4,TX,1,100,2024-05-14_13-03-09-660645,487423.9335093,
1715671990.551692,3301966,16686,4,TX,1,100,2024-05-14_13-03-10-461033,487424.7338969,
1715671991.719478,3303080,16876,4,TX,1,100,2024-05-14_13-03-11-677586,487425.9504502,
1715671992.259343,3303595,16961,4,TX,1,100,2024-05-14_13-03-12-194231,487426.4670947,
1715671993.343266,3304629,17130,4,TX,1,100,2024-05-14_13-03-13-010944,487427.2838083,
1715671994.283575,3305526,17283,4,TX,1,100,2024-05-14_13-03-14-227304,487428.5001685,
1715671994.810861,3306029,17370,4,TX,1,100,2024-05-14_13-03-14-794614,487429.0674784,
1715671995.607555,3306789,17477,4,TX,1,100,2024-05-14_13-03-15-593993,487429.8668571,
1715671996.877024,3308000,17682,4,TX,1,100,2024-05-14_13-03-16-827395,487431.1002587,
1715671997.410600,3308509,17769,4,TX,1,100,2024-05-14_13-03-17-360416,487431.6332802,
1715671998.144397,3309209,17889,4,TX,1,100,2024-05-14_13-03-18-127955,487432.4008196,
1715671998.666441,3309707,17974,4,TX,1,100,2024-05-14_13-03-18-627902,487432.9007665,
1715672000.189595,3311160,18210,4,TX,1,100,2024-05-14_13-03-19-394231,487433.6670951,
1715672000.206367,3311176,18213,4,TX,1,100,2024-05-14_13-03-19-944108,487434.2169720,
1715672000.811226,3311753,18304,4,TX,1,100,2024-05-14_13-03-20-744002,487435.0168661,
1715672001.248359,3312170,18375,4,TX,1,100,2024-05-14_13-03-21-227249,487435.5001134,
1715672002.119482,3313001,18514,4,TX,1,100,2024-05-14_13-03-22-027403,487436.3002667,
1715672002.634188,3313492,18600,4,TX,1,100,2024-05-14_13-03-22-594911,487436.8677750,
1715672003.379516,3314203,18718,4,TX,1,100,2024-05-14_13-03-23-261153,487437.5340173,
1715672003.915188,3314714,18806,4,TX,1,100,2024-05-14_13-03-23-794588,487438.0674523,
1715672004.648986,3315414,18924,4,TX,1,100,2024-05-14_13-03-24-594384,487438.8672478,
1715672005.207720,3315947,19010,4,TX,1,100,2024-05-14_13-03-25-144849,487439.4177135,
1715672005.949903,3316655,19130,4,TX,1,100,2024-05-14_13-03-25-893999,487440.1668634,
1715672006.436306,3317119,19188,4,TX,1,100,2024-05-14_13-03-26-410675,487440.6835392,
1715672007.190021,3317838,19308,4,TX,1,100,2024-05-14_13-03-27-127621,487441.4004851,
1715672007.712065,3318336,19394,4,TX,1,100,2024-05-14_13-03-27-627517,487441.9003813,
1715672008.444814,3319035,19514,4,TX,1,100,2024-05-14_13-03-28-378226,487442.6510902,
1715672009.714283,3320246,19716,4,TX,1,100,2024-05-14_13-03-29-660863,487443.9337268,
1715672010.998429,3321471,19919,4,TX,1,100,2024-05-14_13-03-30-960700,487445.2335645,
1715672011.477494,3321928,19995,4,TX,1,100,2024-05-14_13-03-31-461099,487445.7339632,
1715672012.324505,3322736,20132,4,TX,1,100,2024-05-14_13-03-32-294141,487446.5670055,
1715672013.284731,3323652,20284,4,TX,1,100,2024-05-14_13-03-32-794256,487447.0671200,
1715672013.608650,3323961,20338,4,TX,1,100,2024-05-14_13-03-33-561139,487447.8340029,
1715672014.139081,3324467,20425,4,TX,1,100,2024-05-14_13-03-34-060938,487448.3338024,
1715672014.835140,3325131,20526,4,TX,1,100,2024-05-14_13-03-34-810854,487449.0837176,
1715672016.109851,3326347,20729,4,TX,1,100,2024-05-14_13-03-36-094280,487450.3671440,
1715672016.661247,3326873,20816,4,TX,1,100,2024-05-14_13-03-36-594104,487450.8669681,
1715672017.537611,3327709,20959,4,TX,1,100,2024-05-14_13-03-37-360621,487451.6334850,
1715672017.911847,3328066,21012,4,TX,1,100,2024-05-14_13-03-37-860940,487452.1338041,
1715672018.752569,3328868,21131,4,TX,1,100,2024-05-14_13-03-38-660905,487452.9337695,
1715672019.495801,3329577,21252,4,TX,1,100,2024-05-14_13-03-39-227253,487453.5001169,
1715672020.048246,3330104,21336,4,TX,1,100,2024-05-14_13-03-39-994279,487454.2671436,
1715672020.560856,3330593,21424,4,TX,1,100,2024-05-14_13-03-40-494181,487454.7670449,
1715672021.310377,3331308,21542,4,TX,1,100,2024-05-14_13-03-41-294028,487455.5668925,
1715672021.839759,3331813,21630,4,TX,1,100,2024-05-14_13-03-41-794203,487456.0670667,
1715672022.612343,3332550,21755,4,TX,1,100,2024-05-14_13-03-42-560961,487456.8338248,
1715672023.786419,3333670,21942,4,TX,1,100,2024-05-14_13-03-43-761054,487458.0339183,
1715672024.317898,3334177,22028,4,TX,1,100,2024-05-14_13-03-44-294293,487458.5671569,
1715672025.193213,3335012,22164,4,TX,1,100,2024-05-14_13-03-45-161003,487459.4338672,
1715672025.810651,3335601,22266,4,TX,1,100,2024-05-14_13-03-45-727495,487460.0003591,
1715672026.451151,3336212,22372,4,TX,1,100,2024-05-14_13-03-46-361067,487460.6339312,
1715672026.996258,3336732,22459,4,TX,1,100,2024-05-14_13-03-46-961472,487461.2343361,
1715672027.726910,3337429,22583,4,TX,1,100,2024-05-14_13-03-47-661244,487461.9341077,
1715672029.110642,3338749,22803,4,TX,1,100,2024-05-14_13-03-48-928379,487463.2012435,
1715672029.540438,3339159,22871,4,TX,1,100,2024-05-14_13-03-49-494312,487463.7671764,
1715672030.315118,3339898,22991,4,TX,1,100,2024-05-14_13-03-50-227612,487464.5004760,
1715672030.827728,3340387,23077,4,TX,1,100,2024-05-14_13-03-50-760970,487465.0338344,
1715672031.681029,3341201,23214,4,TX,1,100,2024-05-14_13-03-51-527946,487465.8008098,
1715672032.102438,3341603,23286,4,TX,1,100,2024-05-14_13-03-52-027787,487466.3006514,
1715672032.855105,3342321,23403,4,TX,1,100,2024-05-14_13-03-52-794244,487467.0671086,
1715672033.430612,3342870,23496,4,TX,1,100,2024-05-14_13-03-53-327571,487467.6004353,
1715672034.191664,3343596,23617,4,TX,1,100,2024-05-14_13-03-54-127816,487468.4006798,
1715672035.361547,3344712,23802,4,TX,1,100,2024-05-14_13-03-55-328157,487469.6010214,
1715672035.988419,3345310,23904,4,TX,1,100,2024-05-14_13-03-55-894944,487470.1678081,
1715672036.744230,3346031,24026,4,TX,1,100,2024-05-14_13-03-56-694824,487470.9676879,
1715672038.008458,3347237,24227,4,TX,1,100,2024-05-14_13-03-57-960925,487472.2337889,
1715672038.564048,3347767,24320,4,TX,1,100,2024-05-14_13-03-58-461095,487472.7339588,
1715672039.225513,3348398,24422,4,TX,1,100,2024-05-14_13-03-59-194595,487473.4674587,
1715672039.729737,3348879,24509,4,TX,1,100,2024-05-14_13-03-59-694647,487473.9675110,
1715672040.696253,3349801,24662,4,TX,1,100,2024-05-14_13-04-00-561410,487474.8342744,
1715672041.887101,3350937,24849,4,TX,1,100,2024-05-14_13-04-01-794812,487476.0676761,
1715672042.409145,3351435,24935,4,TX,1,100,2024-05-14_13-04-02-328789,487476.6016528,
1715672043.133508,3352126,25053,4,TX,1,100,2024-05-14_13-04-03-061423,487477.3342868,
1715672043.942782,3352898,25162,4,TX,1,100,2024-05-14_13-04-03-594625,487477.8674889,
1715672044.362094,3353298,25230,4,TX,1,100,2024-05-14_13-04-04-328290,487478.6011545,
1715672044.894622,3353806,25318,4,TX,1,100,2024-05-14_13-04-04-861786,487479.1346505,
1715672045.659867,3354536,25439,4,TX,1,100,2024-05-14_13-04-05-628233,487479.9010971,
1715672047.019489,3355833,25659,4,TX,1,100,2024-05-14_13-04-06-928409,487481.2012733,
1715672047.650554,3356435,25762,4,TX,1,100,2024-05-14_13-04-07-494587,487481.7674507,
1715672048.236544,3356994,25848,4,TX,1,100,2024-05-14_13-04-08-161349,487482.4342135,
1715672049.666400,3358358,26057,4,TX,1,100,2024-05-14_13-04-09-528671,487483.8015353,
1715672050.204169,3358871,26144,4,TX,1,100,2024-05-14_13-04-10-060898,487484.3337617,
1715672050.968366,3359600,26263,4,TX,1,100,2024-05-14_13-04-10-827715,487485.1005789,
1715672051.431707,3360042,26335,4,TX,1,100,2024-05-14_13-04-11-394286,487485.6671507,
1715672052.151877,3360729,26455,4,TX,1,100,2024-05-14_13-04-12-061252,487486.3341163,
1715672052.685452,3361238,26542,4,TX,1,100,2024-05-14_13-04-12-561415,487486.8342795,
1715672053.446505,3361964,26661,4,TX,1,100,2024-05-14_13-04-13-361154,487487.6340186,
1715672054.700250,3363160,26852,4,TX,1,100,2024-05-14_13-04-14-661387,487488.9342508,
1715672055.229632,3363665,26939,4,TX,1,100,2024-05-14_13-04-15-194525,487489.4673846,
1715672056.071402,3364468,27075,4,TX,1,100,2024-05-14_13-04-15-927860,487490.2007238,
1715672057.253864,3365596,27262,4,TX,1,100,2024-05-14_13-04-16-527817,487490.8006810,
1715672057.277975,3365619,27265,4,TX,1,100,2024-05-14_13-04-17-227905,487491.5007695,
1715672057.794778,3366112,27353,4,TX,1,100,2024-05-14_13-04-17-761288,487492.0341523,
1715672058.563168,3366845,27471,4,TX,1,100,2024-05-14_13-04-18-527903,487492.8007671,
1715672059.093599,3367351,27559,4,TX,1,100,2024-05-14_13-04-19-061303,487493.3341674,
1715672059.809575,3368034,27666,4,TX,1,100,2024-05-14_13-04-19-728004,487494.0008684,
1715672060.359923,3368559,27755,4,TX,1,100,2024-05-14_13-04-20-227929,487494.5007935,
1715672061.128314,3369292,27874,4,TX,1,100,2024-05-14_13-04-21-027943,487495.3008067,
1715672062.393590,3370499,28079,4,TX,1,100,2024-05-14_13-04-22-361170,487496.6340340,
1715672063.035139,3371111,28183,4,TX,1,100,2024-05-14_13-04-22-927950,487497.2008137,
1715672063.682977,3371729,28285,4,TX,1,100,2024-05-14_13-04-23-594463,487497.8673273,
1715672064.217601,3372239,28371,4,TX,1,100,2024-05-14_13-04-24-161076,487498.4339398,
1715672064.947205,3372935,28488,4,TX,1,100,2024-05-14_13-04-24-861451,487499.1343155,
1715672065.468201,3373432,28580,4,TX,1,100,2024-05-14_13-04-25-394554,487499.6674177,
1715672066.258605,3374186,28699,4,TX,1,100,2024-05-14_13-04-26-161313,487500.4341774,
1715672066.873947,3374773,28805,4,TX,1,100,2024-05-14_13-04-26-761421,487501.0342856,
1715672067.518640,3375388,28907,4,TX,1,100,2024-05-14_13-04-27-461241,487501.7341053,
1715672068.171720,3376011,29009,4,TX,1,100,2024-05-14_13-04-27-961198,487502.2340622,
1715672069.018731,3376819,29147,4,TX,1,100,2024-05-14_13-04-28-728043,487503.0009075,
1715672070.156117,3377904,29330,4,TX,1,100,2024-05-14_13-04-30-061507,487504.3343707,
1715672070.740010,3378461,29423,4,TX,1,100,2024-05-14_13-04-30-661966,487504.9348296,
1715672071.396235,3379087,29528,4,TX,1,100,2024-05-14_13-04-31-361463,487505.6343276,
1715672071.914086,3379581,29614,4,TX,1,100,2024-05-14_13-04-31-862040,487506.1349040,
1715672072.652076,3380285,29733,4,TX,1,100,2024-05-14_13-04-32-562053,487506.8349174,
1715672073.199279,3380807,29817,4,TX,1,100,2024-05-14_13-04-33-095553,487507.3684172,
1715672074.052581,3381621,29954,4,TX,1,100,2024-05-14_13-04-33-895488,487508.1683517,
1715672074.601880,3382145,30042,4,TX,1,100,2024-05-14_13-04-34-428008,487508.7008721,
1715672075.231898,3382746,30144,4,TX,1,100,2024-05-14_13-04-35-128168,487509.4010317,
1715672076.512898,3383968,30354,4,TX,1,100,2024-05-14_13-04-36-462225,487510.7350887,
1715672077.152350,3384578,30458,4,TX,1,100,2024-05-14_13-04-36-994837,487511.2677010,
1715672077.802285,3385198,30559,4,TX,1,100,2024-05-14_13-04-37-761733,487512.0345976,
1715672078.349488,3385720,30648,4,TX,1,100,2024-05-14_13-04-38-261441,487512.5343051,
1715672079.164003,3386497,30782,4,TX,1,100,2024-05-14_13-04-39-062026,487513.3348905,
1715672079.634681,3386946,30851,4,TX,1,100,2024-05-14_13-04-39-595212,487513.8680758,
1715672080.377913,3387655,30972,4,TX,1,100,2024-05-14_13-04-40-328373,487514.6012369,
1715672081.736486,3388951,31182,4,TX,1,100,2024-05-14_13-04-41-628607,487515.9014714,
1715672082.288931,3389478,31268,4,TX,1,100,2024-05-14_13-04-42-161519,487516.4343833,
1715672082.913707,3390074,31372,4,TX,1,100,2024-05-14_13-04-42-828371,487517.1012353,
1715672084.294294,3391391,31591,4,TX,1,100,2024-05-14_13-04-43-427952,487517.7008165,
1715672084.311067,3391407,31594,4,TX,1,100,2024-05-14_13-04-44-128285,487518.4011488,
1715672084.738765,3391815,31664,4,TX,1,100,2024-05-14_13-04-44-628444,487518.9013085,
1715672085.465225,3392508,31782,4,TX,1,100,2024-05-14_13-04-45-394840,487519.6677045,
1715672086.010331,3393028,31870,4,TX,1,100,2024-05-14_13-04-45-928299,487520.2011636,
1715672086.786060,3393768,31995,4,TX,1,100,2024-05-14_13-04-46-694660,487520.9675241,
1715672088.086978,3395009,32200,4,TX,1,100,2024-05-14_13-04-48-028205,487522.3010693,
1715672088.606925,3395505,32285,4,TX,1,100,2024-05-14_13-04-48-561445,487522.8343094,
1715672089.479096,3396337,32421,4,TX,1,100,2024-05-14_13-04-49-328491,487523.6013555,
1715672089.903650,3396742,32490,4,TX,1,100,2024-05-14_13-04-49-861344,487524.1342081,
1715672090.646882,3397451,32610,4,TX,1,100,2024-05-14_13-04-50-562389,487524.8352527,
1715672091.271658,3398047,32715,4,TX,1,100,2024-05-14_13-04-51-094882,487525.3677461,
1715672092.056821,3398796,32822,4,TX,1,100,2024-05-14_13-04-51-828204,487526.1010677,
1715672092.432106,3399154,32875,4,TX,1,100,2024-05-14_13-04-52-395722,487526.6685866,
1715672093.180579,3399868,32996,4,TX,1,100,2024-05-14_13-04-53-129464,487527.4023283,
1715672094.537056,3401162,33214,4,TX,1,100,2024-05-14_13-04-54-362223,487528.6350868,
1715672095.814911,3402381,33416,4,TX,1,100,2024-05-14_13-04-55-729242,487530.0021065,
1715672097.002614,3403514,33604,4,TX,1,100,2024-05-14_13-04-56-961717,487531.2345808,
1715672097.657791,3404139,33697,4,TX,1,100,2024-05-14_13-04-57-561611,487531.8344755,
1715672098.383202,3404831,33815,4,TX,1,100,2024-05-14_13-04-58-329499,487532.6023629,
1715672098.923067,3405346,33900,4,TX,1,100,2024-05-14_13-04-58-828866,487533.1017300,
1715672099.668395,3406057,34021,4,TX,1,100,2024-05-14_13-04-59-629109,487533.9019726,
1715672100.297364,3406657,34125,4,TX,1,100,2024-05-14_13-05-00-194776,487534.4676402,
1715672100.928430,3407259,34224,4,TX,1,100,2024-05-14_13-05-00-828902,487535.1017664,
1715672101.364515,3407675,34299,4,TX,1,100,2024-05-14_13-05-01-329165,487535.6020291,
1715672102.203141,3408475,34432,4,TX,1,100,2024-05-14_13-05-02-128406,487536.4012700,
1715672103.433824,3409649,34610,4,TX,1,100,2024-05-14_13-05-03-395444,487537.6683084,
1715672104.052310,3410239,34711,4,TX,1,100,2024-05-14_13-05-03-995638,487538.2685023,
1715672104.782962,3410936,34831,4,TX,1,100,2024-05-14_13-05-04-695286,487538.9681497,
1715672105.311296,3411440,34916,4,TX,1,100,2024-05-14_13-05-05-228625,487539.5014894,
1715672106.074445,3412168,35036,4,TX,1,100,2024-05-14_13-05-06-029145,487540.3020084,
1715672106.709704,3412774,35142,4,TX,1,100,2024-05-14_13-05-06-628981,487540.9018451,
1715672107.357543,3413392,35244,4,TX,1,100,2024-05-14_13-05-07-261454,487541.5343186,
1715672107.983367,3413989,35347,4,TX,1,100,2024-05-14_13-05-07-828489,487542.1013533,
1715672108.653219,3414628,35437,4,TX,1,100,2024-05-14_13-05-08-562284,487542.8351486,
1715672109.159539,3415111,35523,4,TX,1,100,2024-05-14_13-05-09-062380,487543.3352443,
1715672110.033806,3415945,35661,4,TX,1,100,2024-05-14_13-05-09-861868,487544.1347320,
1715672110.563188,3416450,35746,4,TX,1,100,2024-05-14_13-05-10-462402,487544.7352658,
1715672111.214171,3417071,35850,4,TX,1,100,2024-05-14_13-05-11-128448,487545.4013123,
1715672112.546537,3418342,36039,4,TX,1,100,2024-05-14_13-05-12-461958,487546.7348217,
1715672113.072775,3418844,36126,4,TX,1,100,2024-05-14_13-05-12-995128,487547.2679920,
1715672113.797138,3419535,36233,4,TX,1,100,2024-05-14_13-05-13-728601,487548.0014650,
1715672114.376837,3420088,36321,4,TX,1,100,2024-05-14_13-05-14-295261,487548.5681247,
1715672115.044593,3420725,36422,4,TX,1,100,2024-05-14_13-05-14-962041,487549.2349054,
1715672116.757486,3422359,36678,4,TX,1,100,2024-05-14_13-05-16-329049,487550.6019131,
1715672116.956659,3422549,36714,4,TX,1,100,2024-05-14_13-05-16-862124,487551.1349882,
1715672117.690456,3423249,36831,4,TX,1,100,2024-05-14_13-05-17-529043,487551.8019071,
1715672118.172666,3423709,36901,4,TX,1,100,2024-05-14_13-05-18-095793,487552.3686572,
1715672118.998712,3424497,37008,4,TX,1,100,2024-05-14_13-05-18-795822,487553.0686860,
1715672120.219960,3425662,37193,4,TX,1,100,2024-05-14_13-05-20-162389,487554.4352531,
1715672120.729425,3426148,37263,4,TX,1,100,2024-05-14_13-05-20-695120,487554.9679844,
1715672121.576437,3426956,37403,4,TX,1,100,2024-05-14_13-05-21-461887,487555.7347508,
1715672122.005184,3427365,37471,4,TX,1,100,2024-05-14_13-05-21-962605,487556.2354690,
1715672122.733740,3428060,37571,4,TX,1,100,2024-05-14_13-05-22-695637,487556.9685014,
1715672124.016837,3429284,37774,4,TX,1,100,2024-05-14_13-05-23-963609,487558.2364728,
1715672124.694027,3429930,37852,4,TX,1,100,2024-05-14_13-05-24-495954,487558.7688181,
1715672125.318803,3430526,37954,4,TX,1,100,2024-05-14_13-05-25-262015,487559.5348794,
1715672126.285319,3431448,38108,4,TX,1,100,2024-05-14_13-05-25-796367,487560.0692312,
1715672127.024358,3432153,38160,4,TX,1,100,2024-05-14_13-05-26-562654,487560.8355181,
1715672127.400691,3432512,38183,4,TX,1,100,2024-05-14_13-05-27-095206,487561.3680701,
1715672127.908059,3432996,38257,4,TX,1,100,2024-05-14_13-05-27-828974,487562.1018377,
1715672129.165998,3434196,38459,4,TX,1,100,2024-05-14_13-05-29-095629,487563.3684928,
1715672129.811739,3434812,38548,4,TX,1,100,2024-05-14_13-05-29-629010,487563.9018741,
1715672130.459577,3435430,38652,4,TX,1,100,2024-05-14_13-05-30-395490,487564.6683537,
1715672130.991056,3435937,38737,4,TX,1,100,2024-05-14_13-05-30-928778,487565.2016420,
1715672131.723805,3436636,38860,4,TX,1,100,2024-05-14_13-05-31-662527,487565.9353907,
1715672132.267864,3437155,38947,4,TX,1,100,2024-05-14_13-05-32-195749,487566.4686129,
1715672133.101248,3437950,39082,4,TX,1,100,2024-05-14_13-05-33-029373,487567.3022369,
1715672134.301530,3439095,39269,4,TX,1,100,2024-05-14_13-05-34-262331,487568.5351949,
1715672134.902196,3439668,39371,4,TX,1,100,2024-05-14_13-05-34-796112,487569.0689761,
1715672135.584627,3440319,39463,4,TX,1,100,2024-05-14_13-05-35-529460,487569.8023237,
1715672136.867724,3441543,39665,4,TX,1,100,2024-05-14_13-05-36-829502,487571.1023658,
1715672137.396058,3442047,39752,4,TX,1,100,2024-05-14_13-05-37-328628,487571.6014922,
1715672138.140338,3442757,39871,4,TX,1,100,2024-05-14_13-05-38-096097,487572.3689610,
1715672139.415049,3443973,40076,4,TX,1,100,2024-05-14_13-05-38-629086,487572.9019505,
1715672139.439159,3443996,40079,4,TX,1,100,2024-05-14_13-05-39-362543,487573.6354068,
1715672139.986363,3444518,40164,4,TX,1,100,2024-05-14_13-05-39-895323,487574.1681868,
1715672140.824988,3445318,40287,4,TX,1,100,2024-05-14_13-05-40-729196,487575.0020599,
1715672141.491695,3445954,40393,4,TX,1,100,2024-05-14_13-05-41-295512,487575.5683763,
1715672142.036802,3446474,40479,4,TX,1,100,2024-05-14_13-05-41-995906,487576.2687698,
1715672143.315706,3447694,40684,4,TX,1,100,2024-05-14_13-05-43-262334,487577.5351978,
1715672143.837750,3448192,40768,4,TX,1,100,2024-05-14_13-05-43-795290,487578.0681540,
1715672144.685810,3449001,40904,4,TX,1,100,2024-05-14_13-05-44-595569,487578.8684335,
1715672145.305345,3449592,40975,4,TX,1,100,2024-05-14_13-05-45-096246,487579.3691106,
1715672145.975197,3450231,41067,4,TX,1,100,2024-05-14_13-05-45-795958,487580.0688217,
1715672146.417572,3450653,41139,4,TX,1,100,2024-05-14_13-05-46-328673,487580.6015371,
1715672147.254101,3451451,41259,4,TX,1,100,2024-05-14_13-05-47-162631,487581.4354956,
1715672147.773000,3451946,41345,4,TX,1,100,2024-05-14_13-05-47-695718,487581.9685824,
1715672148.828620,3452953,41514,4,TX,1,100,2024-05-14_13-05-48-429595,487582.7024591,
1715672149.077063,3453190,41535,4,TX,1,100,2024-05-14_13-05-48-929151,487583.2020149,
1715672149.831825,3453910,41656,4,TX,1,100,2024-05-14_13-05-49-696140,487583.9690039,
1715672150.696658,3454735,41792,4,TX,1,100,2024-05-14_13-05-50-195809,487584.4686736,
1715672151.219751,3455234,41850,4,TX,1,100,2024-05-14_13-05-50-962142,487585.2350065,
1715672151.595036,3455592,41909,4,TX,1,100,2024-05-14_13-05-51-495843,487585.7687068,
1715672152.364474,3456326,42028,4,TX,1,100,2024-05-14_13-05-52-296293,487586.5691569,
1715672153.605640,3457510,42212,4,TX,1,100,2024-05-14_13-05-53-529954,487587.8028183,
1715672154.890834,3458736,42417,4,TX,1,100,2024-05-14_13-05-54-862284,487589.1351485,
1715672155.532382,3459348,42503,4,TX,1,100,2024-05-14_13-05-55-462663,487589.7355269,
1715672156.154013,3459941,42606,4,TX,1,100,2024-05-14_13-05-56-063074,487590.3359384,
1715672156.692830,3460455,42681,4,TX,1,100,2024-05-14_13-05-56-629443,487590.9023069,
1715672157.470655,3461197,42800,4,TX,1,100,2024-05-14_13-05-57-396421,487591.6692855,
1715672158.021003,3461722,42887,4,TX,1,100,2024-05-14_13-05-57-929512,487592.2023766,
1715672158.765283,3462432,43006,4,TX,1,100,2024-05-14_13-05-58-696420,487592.9692837,
1715672160.092408,3463698,43113,4,TX,1,100,2024-05-14_13-05-59-929899,487594.2027629,
1715672160.508576,3464095,43170,4,TX,1,100,2024-05-14_13-06-00-429238,487594.7021025,
1715672161.282208,3464833,43292,4,TX,1,100,2024-05-14_13-06-01-196350,487595.4692141,
1715672161.805300,3465332,43377,4,TX,1,100,2024-05-14_13-06-01-729310,487596.0021740,
1715672162.592560,3466083,43489,4,TX,1,100,2024-05-14_13-06-02-495667,487596.7685316,
1715672163.106218,3466573,43575,4,TX,1,100,2024-05-14_13-06-03-029118,487597.3019821,
1715672163.855740,3467288,43692,4,TX,1,100,2024-05-14_13-06-03-796514,487598.0693777,
1715672164.377784,3467786,43779,4,TX,1,100,2024-05-14_13-06-04-295841,487598.5687055,
1715672165.232134,3468601,43917,4,TX,1,100,2024-05-14_13-06-05-129799,487599.4026636,
1715672165.687088,3469035,43985,4,TX,1,100,2024-05-14_13-06-05-662876,487599.9357401,
1715672166.518376,3469828,44123,4,TX,1,100,2024-05-14_13-06-06-396244,487600.6691077,
1715672167.052999,3470338,44209,4,TX,1,100,2024-05-14_13-06-06-929080,487601.2019444,
1715672167.727045,3470981,44302,4,TX,1,100,2024-05-14_13-06-07-696092,487601.9689563,
1715672169.008045,3472203,44504,4,TX,1,100,2024-05-14_13-06-08-962339,487603.2352030,
1715672169.555248,3472725,44590,4,TX,1,100,2024-05-14_13-06-09-495813,487603.7686773,
1715672170.302673,3473438,44710,4,TX,1,100,2024-05-14_13-06-10-228975,487604.5018389,
1715672170.832055,3473943,44798,4,TX,1,100,2024-05-14_13-06-10-795738,487605.0686019,
1715672171.597301,3474673,44916,4,TX,1,100,2024-05-14_13-06-11-528922,487605.8017860,
1715672172.100476,3475153,45003,4,TX,1,100,2024-05-14_13-06-12-029272,487606.3021361,
1715672172.861529,3475879,45114,4,TX,1,100,2024-05-14_13-06-12-795826,487607.0686903,
1715672173.492594,3476481,45218,4,TX,1,100,2024-05-14_13-06-13-362436,487607.6353002,
1715672174.118419,3477078,45320,4,TX,1,100,2024-05-14_13-06-14-062341,487608.3352052,
1715672174.671912,3477606,45405,4,TX,1,100,2024-05-14_13-06-14-629022,487608.9018862,
1715672175.493765,3478390,45542,4,TX,1,100,2024-05-14_13-06-15-428746,487609.7016098,
1715672176.819841,3479655,45746,4,TX,1,100,2024-05-14_13-06-16-695628,487610.9684923,
1715672178.118662,3480894,45922,4,TX,1,100,2024-05-14_13-06-17-962356,487612.2352201,
1715672178.579906,3481334,45995,4,TX,1,100,2024-05-14_13-06-18-495766,487612.7686299,
1715672179.332573,3482052,46114,4,TX,1,100,2024-05-14_13-06-19-295455,487613.5683192,
1715672179.867196,3482562,46201,4,TX,1,100,2024-05-14_13-06-19-796467,487614.0693312,
1715672180.603090,3483264,46320,4,TX,1,100,2024-05-14_13-06-20-563140,487614.8360043,
1715672181.885139,3484487,46525,4,TX,1,100,2024-05-14_13-06-21-763417,487616.0362815,
1715672182.321224,3484903,46593,4,TX,1,100,2024-05-14_13-06-22-262671,487616.5355353,
1715672183.167187,3485710,46729,4,TX,1,100,2024-05-14_13-06-23-129488,487617.4023518,
1715672184.429319,3486914,46919,4,TX,1,100,2024-05-14_13-06-24-362289,487618.6351531,
1715672184.958701,3487419,47007,4,TX,1,100,2024-05-14_13-06-24-895890,487619.1687543,
1715672185.673630,3488101,47125,4,TX,1,100,2024-05-14_13-06-25-629044,487619.9019073,
1715672186.233412,3488635,47214,4,TX,1,100,2024-05-14_13-06-26-129644,487620.4025084,
1715672187.081472,3489444,47350,4,TX,1,100,2024-05-14_13-06-27-029849,487621.3027133,
1715672187.706248,3490040,47454,4,TX,1,100,2024-05-14_13-06-27-562746,487621.8356098,
1715672188.350941,3490655,47554,4,TX,1,100,2024-05-14_13-06-28-263115,487622.5359790,
1715672189.542838,3491792,47730,4,TX,1,100,2024-05-14_13-06-29-530390,487623.8032545,
1715672190.904556,3493091,47951,4,TX,1,100,2024-05-14_13-06-30-762515,487625.0353791,
1715672191.335400,3493502,48021,4,TX,1,100,2024-05-14_13-06-31-296385,487625.5692495,
1715672192.170880,3494299,48157,4,TX,1,100,2024-05-14_13-06-32-129147,487626.4020114,
1715672192.712842,3494816,48241,4,TX,1,100,2024-05-14_13-06-32-662786,487626.9356500,
1715672193.537840,3495603,48378,4,TX,1,100,2024-05-14_13-06-33-429539,487627.7024032,
1715672194.013760,3496057,48450,4,TX,1,100,2024-05-14_13-06-33-995654,487628.2685183,
1715672194.754895,3496764,48557,4,TX,1,100,2024-05-14_13-06-34-696731,487628.9695947,
1715672195.399588,3497379,48659,4,TX,1,100,2024-05-14_13-06-35-229461,487629.5023252,
1715672196.055813,3498005,48761,4,TX,1,100,2024-05-14_13-06-35-929921,487630.2027849,
1715672196.466739,3498397,48834,4,TX,1,100,2024-05-14_13-06-36-429212,487630.7020758,
1715672197.312702,3499204,48971,4,TX,1,100,2024-05-14_13-06-37-295751,487631.5686150,
1715672197.851519,3499718,49056,4,TX,1,100,2024-05-14_13-06-37-829826,487632.1026900,
1715672198.583220,3500416,49175,4,TX,1,100,2024-05-14_13-06-38-529833,487632.8026971,
1715672199.118892,3500927,49260,4,TX,1,100,2024-05-14_13-06-39-062770,487633.3356337,
1715672199.910345,3501682,49371,4,TX,1,100,2024-05-14_13-06-39-829198,487634.1020623,
1715672200.442872,3502190,49456,4,TX,1,100,2024-05-14_13-06-40-363057,487634.6359210,
1715672201.083372,3502801,49561,4,TX,1,100,2024-05-14_13-06-41-063182,487635.3360464,
1715672201.611706,3503305,49649,4,TX,1,100,2024-05-14_13-06-41-595978,487635.8688424,
1715672202.471298,3504125,49783,4,TX,1,100,2024-05-14_13-06-42-362708,487636.6355725,
1715672202.917866,3504551,49855,4,TX,1,100,2024-05-14_13-06-42-895807,487637.1686708,
1715672203.756491,3505351,49991,4,TX,1,100,2024-05-14_13-06-43-695958,487637.9688221,
1715672204.400136,3505965,50092,4,TX,1,100,2024-05-14_13-06-44-263205,487638.5360693,
1715672205.116112,3506648,50185,4,TX,1,100,2024-05-14_13-06-44-929982,487639.2028464,
1715672206.319540,3507796,50373,4,TX,1,100,2024-05-14_13-06-46-262422,487640.5352863,
1715672206.838439,3508291,50461,4,TX,1,100,2024-05-14_13-06-46-795984,487641.0688485,
1715672207.577478,3508996,50579,4,TX,1,100,2024-05-14_13-06-47-562937,487641.8358012,
1715672208.117343,3509511,50667,4,TX,1,100,2024-05-14_13-06-48-096762,487642.3696257,
1715672208.778809,3510142,50769,4,TX,1,100,2024-05-14_13-06-48-763081,487643.0359450,
1715672209.329157,3510667,50856,4,TX,1,100,2024-05-14_13-06-49-296065,487643.5689295,
1715672210.141576,3511442,50977,4,TX,1,100,2024-05-14_13-06-50-096313,487644.3691772,
1715672211.031567,3512291,51104,4,TX,1,100,2024-05-14_13-06-50-696719,487644.9695831,
1715672211.350245,3512595,51158,4,TX,1,100,2024-05-14_13-06-51-329754,487645.6026177,
1715672211.861806,3513083,51244,4,TX,1,100,2024-05-14_13-06-51-829640,487646.1025037,
1715672212.716156,3513898,51379,4,TX,1,100,2024-05-14_13-06-52-696210,487646.9690742,
1715672213.286421,3514442,51468,4,TX,1,100,2024-05-14_13-06-53-263065,487647.5359295,
1715672213.949983,3515075,51569,4,TX,1,100,2024-05-14_13-06-53-929701,487648.2025647,
1715672214.484607,3515585,51658,4,TX,1,100,2024-05-14_13-06-54-463093,487648.7359570,
1715672215.226791,3516293,51775,4,TX,1,100,2024-05-14_13-06-55-162875,487649.4357388,
1715672215.855760,3516893,51864,4,TX,1,100,2024-05-14_13-06-55-696574,487649.9694378,
1715672216.569640,3517574,51985,4,TX,1,100,2024-05-14_13-06-56-530127,487650.8029913,
1715672217.892571,3518836,52188,4,TX,1,100,2024-05-14_13-06-57-763756,487652.0366200,
1715672218.940853,3519836,52356,4,TX,1,100,2024-05-14_13-06-58-296476,487652.5693405,
1715672219.157847,3520043,52393,4,TX,1,100,2024-05-14_13-06-59-096936,487653.3698004,
1715672219.669409,3520531,52480,4,TX,1,100,2024-05-14_13-06-59-629727,487653.9025911,
1715672220.443041,3521269,52597,4,TX,1,100,2024-05-14_13-07-00-362739,487654.6356033,
1715672220.883319,3521689,52669,4,TX,1,100,2024-05-14_13-07-00-863231,487655.1360947,
1715672221.727186,3522494,52797,4,TX,1,100,2024-05-14_13-07-01-663432,487655.9362957,
1715672222.181092,3522927,52865,4,TX,1,100,2024-05-14_13-07-02-163264,487656.4361277,
1715672223.557486,3524240,53086,4,TX,1,100,2024-05-14_13-07-02-996545,487657.2694087,
1715672223.582645,3524264,53089,4,TX,1,100,2024-05-14_13-07-03-529628,487657.8024926,
1715672224.346843,3524993,53208,4,TX,1,100,2024-05-14_13-07-04-230322,487658.5031865,
1715672224.860501,3525483,53297,4,TX,1,100,2024-05-14_13-07-04-796962,487659.0698263,
1715672225.605829,3526194,53414,4,TX,1,100,2024-05-14_13-07-05-496307,487659.7691712,
1715672226.054494,3526622,53488,4,TX,1,100,2024-05-14_13-07-06-030015,487660.3028794,
1715672227.005285,3527529,53628,4,TX,1,100,2024-05-14_13-07-06-829543,487661.1024073,
1715672227.452902,3527956,53699,4,TX,1,100,2024-05-14_13-07-07-396694,487661.6695576,
1715672228.191940,3528661,53820,4,TX,1,100,2024-05-14_13-07-08-096835,487662.3696990,
1715672228.643750,3529092,53888,4,TX,1,100,2024-05-14_13-07-08-629332,487662.9021959,
1715672229.477134,3529887,54025,4,TX,1,100,2024-05-14_13-07-09-396615,487663.6694789,
1715672230.006516,3530392,54110,4,TX,1,100,2024-05-14_13-07-09-930093,487664.2029573,
1715672230.783293,3531133,54230,4,TX,1,100,2024-05-14_13-07-10-696303,487664.9691671,
1715672231.210992,3531541,54302,4,TX,1,100,2024-05-14_13-07-11-196354,487665.4692177,
1715672232.021314,3532314,54424,4,TX,1,100,2024-05-14_13-07-11-963549,487666.2364133,
1715672232.565372,3532833,54510,4,TX,1,100,2024-05-14_13-07-12-496308,487666.7691721,
1715672233.282397,3533517,54627,4,TX,1,100,2024-05-14_13-07-13-262921,487667.5357855,
1715672233.848469,3534057,54713,4,TX,1,100,2024-05-14_13-07-13-796680,487668.0695440,
1715672234.574928,3534750,54833,4,TX,1,100,2024-05-14_13-07-14-529563,487668.8024267,
1715672235.116890,3535267,54919,4,TX,1,100,2024-05-14_13-07-15-062982,487669.3358465,
1715672235.836011,3535953,55037,4,TX,1,100,2024-05-14_13-07-15-762747,487670.0356114,
1715672236.403132,3536494,55125,4,TX,1,100,2024-05-14_13-07-16-296294,487670.5691577,
1715672237.050970,3537112,55227,4,TX,1,100,2024-05-14_13-07-17-029584,487671.3024482,
1715672237.666312,3537699,55319,4,TX,1,100,2024-05-14_13-07-17-529581,487671.8024447,
1715672238.645407,3538633,55472,4,TX,1,100,2024-05-14_13-07-18-462984,487672.7358478,
1715672239.082540,3539050,55541,4,TX,1,100,2024-05-14_13-07-19-062696,487673.3355598,
1715672239.806903,3539741,55661,4,TX,1,100,2024-05-14_13-07-19-729561,487674.0024247,
1715672240.350961,3540260,55747,4,TX,1,100,2024-05-14_13-07-20-262996,487674.5358605,
1715672241.096290,3540971,55869,4,TX,1,100,2024-05-14_13-07-21-062844,487675.3357082,
1715672242.352131,3542169,56054,4,TX,1,100,2024-05-14_13-07-22-296265,487676.5691295,
1715672242.867886,3542661,56130,4,TX,1,100,2024-05-14_13-07-22-829542,487677.1024065,
1715672243.697077,3543452,56264,4,TX,1,100,2024-05-14_13-07-23-629498,487677.9023623,
1715672244.966546,3544663,56466,4,TX,1,100,2024-05-14_13-07-24-896158,487679.1690225,
1715672246.248595,3545886,56671,4,TX,1,100,2024-05-14_13-07-26-196333,487680.4691974,
1715672246.884902,3546493,56773,4,TX,1,100,2024-05-14_13-07-26-729586,487681.0024498,
1715672247.530643,3547109,56877,4,TX,1,100,2024-05-14_13-07-27-429676,487681.7025400,
1715672248.060026,3547614,56950,4,TX,1,100,2024-05-14_13-07-27-963086,487682.2359504,
1715672248.712057,3548236,57055,4,TX,1,100,2024-05-14_13-07-28-696380,487682.9692446,
1715672249.247729,3548747,57140,4,TX,1,100,2024-05-14_13-07-29-229720,487683.5025842,
1715672250.101030,3549561,57276,4,TX,1,100,2024-05-14_13-07-30-029432,487684.3022962,
1715672250.566468,3550005,57345,4,TX,1,100,2024-05-14_13-07-30-529782,487684.8026460,
1715672251.405093,3550805,57484,4,TX,1,100,2024-05-14_13-07-31-329853,487685.6027167,
1715672252.670369,3552012,57687,4,TX,1,100,2024-05-14_13-07-32-629615,487686.9024793,
1715672253.200800,3552518,57773,4,TX,1,100,2024-05-14_13-07-33-163117,487687.4359813,
1715672253.881135,3553167,57864,4,TX,1,100,2024-05-14_13-07-33-863124,487688.1359877,
1715672254.502766,3553760,57967,4,TX,1,100,2024-05-14_13-07-34-396468,487688.6693318,
1715672255.237611,3554461,58088,4,TX,1,100,2024-05-14_13-07-35-196665,487689.4695296,
1715672255.768042,3554967,58173,4,TX,1,100,2024-05-14_13-07-35-729716,487690.0025803,
1715672256.499743,3555665,58295,4,TX,1,100,2024-05-14_13-07-36-463037,487690.7359011,
1715672257.161209,3556296,58396,4,TX,1,100,2024-05-14_13-07-36-996495,487691.2693587,
1715672257.793323,3556899,58500,4,TX,1,100,2024-05-14_13-07-37-729620,487692.0024840,
1715672258.342622,3557423,58586,4,TX,1,100,2024-05-14_13-07-38-229488,487692.5023522,
1715672258.978929,3558030,58676,4,TX,1,100,2024-05-14_13-07-38-962874,487693.2357383,
1715672260.355323,3559343,58895,4,TX,1,100,2024-05-14_13-07-40-329887,487694.6027508,
1715672261.731717,3560656,59116,4,TX,1,100,2024-05-14_13-07-41-629620,487695.9024846,
1715672262.249568,3561150,59203,4,TX,1,100,2024-05-14_13-07-42-163192,487696.4360566,
1715672263.046263,3561910,59323,4,TX,1,100,2024-05-14_13-07-42-929927,487697.2027907,
1715672263.466624,3562311,59392,4,TX,1,100,2024-05-14_13-07-43-429860,487697.7027237,
1715672264.312587,3563118,59502,4,TX,1,100,2024-05-14_13-07-44-130192,487698.4030560,
1715672264.778024,3563562,59571,4,TX,1,100,2024-05-14_13-07-44-696566,487698.9694302,
1715672265.496097,3564247,59691,4,TX,1,100,2024-05-14_13-07-45-429895,487699.7027593,
1715672266.870395,3565558,59911,4,TX,1,100,2024-05-14_13-07-46-763191,487701.0360555,
1715672267.340025,3566006,59984,4,TX,1,100,2024-05-14_13-07-47-263342,487701.5362061,
1715672268.081160,3566713,60102,4,TX,1,100,2024-05-14_13-07-48-063423,487702.3362873,
1715672269.505775,3568072,60311,4,TX,1,100,2024-05-14_13-07-49-330032,487703.6028963,
1715672270.708155,3569219,60497,4,TX,1,100,2024-05-14_13-07-50-629643,487704.9025068,
1715672271.143192,3569634,60569,4,TX,1,100,2024-05-14_13-07-51-130245,487705.4031093,
1715672272.410564,3570843,60772,4,TX,1,100,2024-05-14_13-07-51-863273,487706.1361375,
1715672272.539503,3570966,60792,4,TX,1,100,2024-05-14_13-07-52-463312,487706.7361760,
1715672273.192583,3571589,60896,4,TX,1,100,2024-05-14_13-07-53-163467,487707.4363307,
1715672274.515514,3572851,61099,4,TX,1,100,2024-05-14_13-07-54-496634,487708.7694986,
1715672275.787080,3574064,61289,4,TX,1,100,2024-05-14_13-07-55-730052,487710.0029161,
1715672276.335331,3574587,61377,4,TX,1,100,2024-05-14_13-07-56-263173,487710.5360366,
1715672277.094287,3575311,61497,4,TX,1,100,2024-05-14_13-07-57-029969,487711.3028336,
1715672278.411978,3576568,61700,4,TX,1,100,2024-05-14_13-07-58-330003,487712.6028669,
1715672279.663626,3577762,61903,4,TX,1,100,2024-05-14_13-07-59-630081,487713.9029452,
1715672280.208733,3578282,61978,4,TX,1,100,2024-05-14_13-08-00-130113,487714.4029769,
1715672280.971882,3579010,62102,4,TX,1,100,2024-05-14_13-08-00-930757,487715.2036210,
1715672281.602947,3579612,62203,4,TX,1,100,2024-05-14_13-08-01-530145,487715.8030094,
1715672282.243448,3580223,62307,4,TX,1,100,2024-05-14_13-08-02-097306,487716.3701698,
1715672282.678485,3580638,62376,4,TX,1,100,2024-05-14_13-08-02-663793,487716.9366571,
1715672283.450020,3581374,62497,4,TX,1,100,2024-05-14_13-08-03-430858,487717.7037224,
1715672283.982547,3581882,62582,4,TX,1,100,2024-05-14_13-08-03-963285,487718.2361490,
1715672284.747793,3582612,62701,4,TX,1,100,2024-05-14_13-08-04-697966,487718.9708297,
1715672285.253065,3583094,62787,4,TX,1,100,2024-05-14_13-08-05-230314,487719.5031780,
1715672286.118946,3583920,62915,4,TX,1,100,2024-05-14_13-08-05-997575,487720.2704388,
1715672286.649376,3584426,63002,4,TX,1,100,2024-05-14_13-08-06-497035,487720.7698995,
1715672287.319228,3585065,63107,4,TX,1,100,2024-05-14_13-08-07-297176,487721.5700404,
1715672287.934570,3585652,63208,4,TX,1,100,2024-05-14_13-08-07-897554,487722.1704182,
1715672288.572973,3586261,63309,4,TX,1,100,2024-05-14_13-08-08-530822,487722.8036864,
1715672289.955657,3587580,63530,4,TX,1,100,2024-05-14_13-08-09-930809,487724.2036732,
1715672290.493426,3588093,63614,4,TX,1,100,2024-05-14_13-08-10-463765,487724.7366293,
1715672291.228271,3588794,63722,4,TX,1,100,2024-05-14_13-08-11-197389,487725.4702533,
1715672291.869820,3589406,63826,4,TX,1,100,2024-05-14_13-08-11-796831,487726.0696950,
1715672292.528141,3590034,63930,4,TX,1,100,2024-05-14_13-08-12-430155,487726.7030187,
1715672293.774548,3591223,64132,4,TX,1,100,2024-05-14_13-08-13-730024,487728.0028886,
1715672294.443352,3591861,64233,4,TX,1,100,2024-05-14_13-08-14-263862,487728.5367264,
1715672294.992651,3592385,64321,4,TX,1,100,2024-05-14_13-08-14-963667,487729.2365313,
1715672295.524130,3592892,64406,4,TX,1,100,2024-05-14_13-08-15-497808,487729.7706719,
1715672296.427749,3593754,64534,4,TX,1,100,2024-05-14_13-08-16-297275,487730.5701390,
1715672297.385879,3594668,64687,4,TX,1,100,2024-05-14_13-08-16-897116,487731.1699799,
1715672297.698267,3594966,64742,4,TX,1,100,2024-05-14_13-08-17-630741,487731.9036049,
1715672298.673169,3595896,64895,4,TX,1,100,2024-05-14_13-08-18-163867,487732.4367312,
1715672298.960398,3596170,64946,4,TX,1,100,2024-05-14_13-08-18-897751,487733.1706147,
1715672299.501312,3596686,65031,4,TX,1,100,2024-05-14_13-08-19-430134,487733.7029983,
1715672300.256074,3597406,65151,4,TX,1,100,2024-05-14_13-08-20-197364,487734.4702285,
1715672301.511916,3598604,65357,4,TX,1,100,2024-05-14_13-08-21-430538,487735.7034018,
1715672301.963726,3599035,65417,4,TX,1,100,2024-05-14_13-08-21-930224,487736.2030882,
1715672302.913469,3599941,33,4,TX,1,100,2024-05-14_13-08-22-830877,487737.1037412,
1715672303.447044,3600450,120,4,TX,1,100,2024-05-14_13-08-23-363944,487737.6368083,
1715672304.199711,3601168,238,4,TX,1,100,2024-05-14_13-08-24-164122,487738.4369862,
1715672304.725948,3601670,326,4,TX,1,100,2024-05-14_13-08-24-663958,487738.9368219,
1715672305.491194,3602400,442,4,TX,1,100,2024-05-14_13-08-25-463671,487739.7365349,
1715672305.984935,3602871,518,4,TX,1,100,2024-05-14_13-08-25-963912,487740.2367764,
1715672306.954595,3603796,675,4,TX,1,100,2024-05-14_13-08-26-763729,487741.0365932,
1715672307.345604,3604169,743,4,TX,1,100,2024-05-14_13-08-27-297135,487741.5699987,
1715672308.109802,3604898,863,4,TX,1,100,2024-05-14_13-08-28-030451,487742.3033150,
1715672309.287022,3606021,1050,4,TX,1,100,2024-05-14_13-08-29-264033,487743.5368974,
1715672309.898171,3606604,1154,4,TX,1,100,2024-05-14_13-08-29-797669,487744.0705335,
1715672310.662368,3607333,1270,4,TX,1,100,2024-05-14_13-08-30-630460,487744.9033242,
1715672311.929741,3608542,1477,4,TX,1,100,2024-05-14_13-08-31-830420,487746.1032838,
1715672313.153086,3609709,1668,4,TX,1,100,2024-05-14_13-08-33-097581,487747.3704450,
1715672313.777862,3610305,1770,4,TX,1,100,2024-05-14_13-08-33-664115,487747.9369792,
1715672314.656322,3611143,1906,4,TX,1,100,2024-05-14_13-08-34-630310,487748.9031744,
1715672315.171028,3611634,1992,4,TX,1,100,2024-05-14_13-08-35-130814,487749.4036780,
1715672315.905874,3612335,2114,4,TX,1,100,2024-05-14_13-08-35-863629,487750.1364928,
1715672316.531698,3612932,2216,4,TX,1,100,2024-05-14_13-08-36-463505,487750.7363694,
1715672317.120832,3613494,2302,4,TX,1,100,2024-05-14_13-08-37-097639,487751.3705027,
1715672317.742464,3614087,2395,4,TX,1,100,2024-05-14_13-08-37-630399,487751.9032627,
1715672318.608344,3614913,2533,4,TX,1,100,2024-05-14_13-08-38-464033,487752.7368968,
1715672319.030802,3615316,2601,4,TX,1,100,2024-05-14_13-08-38-997632,487753.2704958,
1715672319.791855,3616042,2722,4,TX,1,100,2024-05-14_13-08-39-763927,487754.0367916,
1715672321.050841,3617243,2925,4,TX,1,100,2024-05-14_13-08-40-997050,487755.2699137,
1715672322.314021,3618448,3128,4,TX,1,100,2024-05-14_13-08-42-264166,487756.5370299,
1715672322.846548,3618956,3214,4,TX,1,100,2024-05-14_13-08-42-830360,487757.1032242,
1715672323.721863,3619791,3353,4,TX,1,100,2024-05-14_13-08-43-563615,487757.8364789,
1715672324.187300,3620235,3424,4,TX,1,100,2024-05-14_13-08-44-164094,487758.4369586,
1715672324.913759,3620928,3543,4,TX,1,100,2024-05-14_13-08-44-897881,487759.1707451,
1715672325.434756,3621425,3627,4,TX,1,100,2024-05-14_13-08-45-397904,487759.6707677,
1715672326.225160,3622179,3750,4,TX,1,100,2024-05-14_13-08-46-163979,487760.4368428,
1715672326.837357,3622763,3854,4,TX,1,100,2024-05-14_13-08-46-764505,487761.0373695,
1715672327.391898,3623292,3939,4,TX,1,100,2024-05-14_13-08-47-364532,487761.6373958,
1715672328.005143,3623877,4043,4,TX,1,100,2024-05-14_13-08-47-964378,487762.2372422,
1715672328.723216,3624562,4151,4,TX,1,100,2024-05-14_13-08-48-698002,487762.9708663,
1715672329.339605,3625150,4254,4,TX,1,100,2024-05-14_13-08-49-230912,487763.5037765,
1715672330.015747,3625795,4358,4,TX,1,100,2024-05-14_13-08-49-931139,487764.2040034,
1715672331.283120,3627004,4562,4,TX,1,100,2024-05-14_13-08-51-264317,487765.5371814,
1715672332.587183,3628248,4765,4,TX,1,100,2024-05-14_13-08-52-531107,487766.8039709,
1715672333.111323,3628748,4849,4,TX,1,100,2024-05-14_13-08-53-064496,487767.3373602,
1715672333.848265,3629451,4973,4,TX,1,100,2024-05-14_13-08-53-830627,487768.1034915,
1715672334.394420,3629972,5060,4,TX,1,100,2024-05-14_13-08-54-364689,487768.6375529,
1715672335.124024,3630668,5178,4,TX,1,100,2024-05-14_13-08-55-097903,487769.3707672,
1715672335.647117,3631167,5266,4,TX,1,100,2024-05-14_13-08-55-597472,487769.8703359,
1715672336.393494,3631879,5388,4,TX,1,100,2024-05-14_13-08-56-364021,487770.6368848,
1715672336.914490,3632376,5474,4,TX,1,100,2024-05-14_13-08-56-897265,487771.1701290,
1715672338.104290,3633511,5643,4,TX,1,100,2024-05-14_13-08-57-663976,487771.9368405,
1715672339.071854,3634434,5798,4,TX,1,100,2024-05-14_13-08-58-964058,487773.2369220,
1715672339.522615,3634864,5874,4,TX,1,100,2024-05-14_13-08-59-463766,487773.7366299,
1715672340.270040,3635577,5992,4,TX,1,100,2024-05-14_13-09-00-230864,487774.5037282,
1715672341.646434,3636890,6214,4,TX,1,100,2024-05-14_13-09-01-564606,487775.8374698,
1715672342.202024,3637420,6299,4,TX,1,100,2024-05-14_13-09-02-130673,487776.4035368,
1715672342.843572,3638032,6402,4,TX,1,100,2024-05-14_13-09-02-831372,487777.1042362,
1715672343.384485,3638548,6488,4,TX,1,100,2024-05-14_13-09-03-364680,487777.6375439,
1715672344.109896,3639240,6608,4,TX,1,100,2024-05-14_13-09-04-064317,487778.3371813,
1715672344.675968,3639780,6699,4,TX,1,100,2024-05-14_13-09-04-630717,487778.9035814,
1715672345.416055,3640486,6817,4,TX,1,100,2024-05-14_13-09-05-364328,487779.6371919,
1715672346.701249,3641712,7022,4,TX,1,100,2024-05-14_13-09-06-663812,487780.9366759,
1715672348.069257,3643017,7240,4,TX,1,100,2024-05-14_13-09-08-030658,487782.3035224,
1715672348.604929,3643528,7327,4,TX,1,100,2024-05-14_13-09-08-564107,487782.8369716,
1715672349.347112,3644236,7448,4,TX,1,100,2024-05-14_13-09-09-331068,487783.6039321,
1715672349.993902,3644853,7555,4,TX,1,100,2024-05-14_13-09-09-931200,487784.2040639,
1715672350.610292,3645441,7658,4,TX,1,100,2024-05-14_13-09-10-597584,487784.8704481,
1715672351.151205,3645957,7744,4,TX,1,100,2024-05-14_13-09-11-098201,487785.3710654,
1715672351.908065,3646679,7865,4,TX,1,100,2024-05-14_13-09-11-897434,487786.1702979,
1715672352.542275,3647284,7967,4,TX,1,100,2024-05-14_13-09-12-464646,487786.7375097,
1715672353.287604,3647995,8087,4,TX,1,100,2024-05-14_13-09-13-165148,487787.4380121,
1715672353.813841,3648497,8171,4,TX,1,100,2024-05-14_13-09-13-764535,487788.0373994,
1715672354.458534,3649112,8274,4,TX,1,100,2024-05-14_13-09-14-431450,487788.7043145,
1715672354.993158,3649622,8361,4,TX,1,100,2024-05-14_13-09-14-930844,487789.2037077,
1715672355.745825,3650340,8485,4,TX,1,100,2024-05-14_13-09-15-730811,487790.0036755,
1715672356.424063,3650987,8591,4,TX,1,100,2024-05-14_13-09-16-331595,487790.6044595,
1715672356.949252,3651488,8676,4,TX,1,100,2024-05-14_13-09-16-931139,487791.2040030,
1715672357.478634,3651993,8764,4,TX,1,100,2024-05-14_13-09-17-464425,487791.7372888,
1715672358.322501,3652798,8899,4,TX,1,100,2024-05-14_13-09-18-297623,487792.5704875,
1715672359.588826,3654006,9102,4,TX,1,100,2024-05-14_13-09-19-530994,487793.8038577,
1715672360.902323,3655259,9312,4,TX,1,100,2024-05-14_13-09-20-831371,487795.1042347,
1715672361.433802,3655766,9396,4,TX,1,100,2024-05-14_13-09-21-363937,487795.6368014,
1715672362.172840,3656471,9516,4,TX,1,100,2024-05-14_13-09-22-098286,487796.3711504,
1715672363.555524,3657790,9735,4,TX,1,100,2024-05-14_13-09-23-430638,487797.7035020,
1715672363.979030,3658194,9805,4,TX,1,100,2024-05-14_13-09-23-964236,487798.2371002,
1715672364.724358,3658905,9923,4,TX,1,100,2024-05-14_13-09-24-697484,487798.9703479,
1715672366.058821,3660178,10114,4,TX,1,100,2024-05-14_13-09-25-997457,487800.2703214,
1715672366.622797,3660716,10203,4,TX,1,100,2024-05-14_13-09-26-530720,487800.8035839,
1715672367.521174,3661573,10340,4,TX,1,100,2024-05-14_13-09-27-197549,487801.4704131,
1715672367.752845,3661794,10376,4,TX,1,100,2024-05-14_13-09-27-730879,487802.0037429,
1715672368.584132,3662587,10512,4,TX,1,100,2024-05-14_13-09-28-564433,487802.8372973,
1715672369.209956,3663184,10615,4,TX,1,100,2024-05-14_13-09-29-130975,487803.4038394,
1715672369.923836,3663865,10700,4,TX,1,100,2024-05-14_13-09-29-797509,487804.0703735,
1715672370.377742,3664298,10773,4,TX,1,100,2024-05-14_13-09-30-297756,487804.5706200,
1715672371.122022,3665008,10894,4,TX,1,100,2024-05-14_13-09-31-064401,487805.3372647,
1715672371.677612,3665538,10986,4,TX,1,100,2024-05-14_13-09-31-630970,487805.9038261,
1715672372.352705,3666182,11088,4,TX,1,100,2024-05-14_13-09-32-330887,487806.6037511,
1715672373.071827,3666868,11207,4,TX,1,100,2024-05-14_13-09-32-897568,487807.1704325,
1715672373.742727,3667508,11311,4,TX,1,100,2024-05-14_13-09-33-664282,487807.9371459,
1715672374.180909,3667926,11380,4,TX,1,100,2024-05-14_13-09-34-164288,487808.4371525,
1715672375.024776,3668731,11517,4,TX,1,100,2024-05-14_13-09-34-997660,487809.2705242,
1715672376.217720,3669869,11705,4,TX,1,100,2024-05-14_13-09-36-197640,487810.4705039,
1715672376.770165,3670396,11795,4,TX,1,100,2024-05-14_13-09-36-697744,487810.9706078,
1715672377.537507,3671128,11915,4,TX,1,100,2024-05-14_13-09-37-497674,487811.7705379,
1715672378.082614,3671648,12003,4,TX,1,100,2024-05-14_13-09-38-064247,487812.3371107,
1715672378.918094,3672445,12139,4,TX,1,100,2024-05-14_13-09-38-797728,487813.0705924,
1715672379.385628,3672891,12207,4,TX,1,100,2024-05-14_13-09-39-330869,487813.6037329,
1715672380.216916,3673684,12345,4,TX,1,100,2024-05-14_13-09-40-131044,487814.4039083,
1715672380.742105,3674185,12433,4,TX,1,100,2024-05-14_13-09-40-664149,487814.9370129,
1715672381.421391,3674833,12536,4,TX,1,100,2024-05-14_13-09-41-364129,487815.6369933,
1715672381.953918,3675341,12623,4,TX,1,100,2024-05-14_13-09-41-930935,487816.2037988,
1715672382.750613,3676101,12749,4,TX,1,100,2024-05-14_13-09-42-664246,487816.9371101,
1715672383.252740,3676580,12836,4,TX,1,100,2024-05-14_13-09-43-230990,487817.5038541,
1715672383.920495,3677217,12937,4,TX,1,100,2024-05-14_13-09-43-897704,487818.1705634,
1715672384.546319,3677814,13040,4,TX,1,100,2024-05-14_13-09-44-464493,487818.7373568,
1715672385.289551,3678523,13158,4,TX,1,100,2024-05-14_13-09-45-197897,487819.4707611,
1715672385.824175,3679033,13248,4,TX,1,100,2024-05-14_13-09-45-764522,487820.0373864,
1715672386.576841,3679751,13367,4,TX,1,100,2024-05-14_13-09-46-497700,487820.7705646,
1715672387.104127,3680254,13452,4,TX,1,100,2024-05-14_13-09-47-031102,487821.3039661,
1715672387.879856,3680994,13578,4,TX,1,100,2024-05-14_13-09-47-797913,487822.0707771,
1715672388.424962,3681514,13662,4,TX,1,100,2024-05-14_13-09-48-364518,487822.6373822,
1715672389.063366,3682123,13766,4,TX,1,100,2024-05-14_13-09-49-031222,487823.3040865,
1715672389.616859,3682651,13854,4,TX,1,100,2024-05-14_13-09-49-564219,487823.8370829,
1715672390.461774,3683457,13989,4,TX,1,100,2024-05-14_13-09-50-397737,487824.6706008,
1715672390.982770,3683954,14078,4,TX,1,100,2024-05-14_13-09-50-897930,487825.1707945,
1715672391.825588,3684758,14214,4,TX,1,100,2024-05-14_13-09-51-664645,487825.9375090,
1715672392.245950,3685159,14282,4,TX,1,100,2024-05-14_13-09-52-197738,487826.4706018,
1715672392.944105,3685825,14391,4,TX,1,100,2024-05-14_13-09-52-864444,487827.1373084,
1715672393.469294,3686326,14478,4,TX,1,100,2024-05-14_13-09-53-431082,487827.7039461,
1715672394.306872,3687125,14615,4,TX,1,100,2024-05-14_13-09-54-231025,487828.5038895,
1715672395.487237,3688251,14800,4,TX,1,100,2024-05-14_13-09-55-464593,487829.7374572,
1715672396.122496,3688857,14904,4,TX,1,100,2024-05-14_13-09-56-030933,487830.3037973,
1715672396.786058,3689490,15008,4,TX,1,100,2024-05-14_13-09-56-697857,487830.9707212,
1715672397.400351,3690076,15111,4,TX,1,100,2024-05-14_13-09-57-298002,487831.5708659,
1715672398.204383,3690843,15235,4,TX,1,100,2024-05-14_13-09-58-064529,487832.3373934,
1715672399.992752,3692549,15520,4,TX,1,100,2024-05-14_13-09-59-364322,487833.6371859,
1715672400.632204,3693159,15624,4,TX,1,100,2024-05-14_13-10-00-564448,487834.8373119,
1715672401.190938,3693692,15696,4,TX,1,100,2024-05-14_13-10-01-064624,487835.3374881,
1715672402.033757,3694496,15833,4,TX,1,100,2024-05-14_13-10-01-898258,487836.1711219,
1715672402.465649,3694908,15902,4,TX,1,100,2024-05-14_13-10-02-431111,487836.7039756,
1715672403.313709,3695717,16037,4,TX,1,100,2024-05-14_13-10-03-231233,487837.5040975,
1715672404.599951,3696944,16247,4,TX,1,100,2024-05-14_13-10-04-531259,487838.8041234,
1715672405.233113,3697548,16349,4,TX,1,100,2024-05-14_13-10-05-064602,487839.3374658,
1715672405.797089,3698086,16439,4,TX,1,100,2024-05-14_13-10-05-764799,487840.0376631,
1715672407.038254,3699270,16638,4,TX,1,100,2024-05-14_13-10-06-998714,487841.2715778,
1715672407.599085,3699805,16724,4,TX,1,100,2024-05-14_13-10-07-565144,487841.8380077,
1715672408.438759,3700606,16862,4,TX,1,100,2024-05-14_13-10-08-364572,487842.6374357,
1715672409.006927,3701148,16953,4,TX,1,100,2024-05-14_13-10-08-898767,487843.1716308,
1715672409.944092,3702042,17106,4,TX,1,100,2024-05-14_13-10-09-765284,487844.0381483,
1715672410.692565,3702756,17224,4,TX,1,100,2024-05-14_13-10-10-298522,487844.5713865,
1715672411.133891,3703177,17297,4,TX,1,100,2024-05-14_13-10-11-031221,487845.3040854,
1715672412.514479,3704494,17515,4,TX,1,100,2024-05-14_13-10-12-364724,487846.6375883,
1715672413.093130,3705046,17602,4,TX,1,100,2024-05-14_13-10-12-931925,487847.2047896,
1715672413.631947,3705560,17689,4,TX,1,100,2024-05-14_13-10-13-598130,487847.8709939,
1715672414.917140,3706786,17897,4,TX,1,100,2024-05-14_13-10-14-865200,487849.1380645,
1715672416.290390,3708096,18119,4,TX,1,100,2024-05-14_13-10-16-231836,487850.5047002,
1715672416.895248,3708673,18220,4,TX,1,100,2024-05-14_13-10-16-798532,487851.0713964,
1715672418.019006,3709745,18390,4,TX,1,100,2024-05-14_13-10-17-465156,487851.7380203,
1715672418.045213,3709770,18393,4,TX,1,100,2024-05-14_13-10-17-998504,487852.2713684,
1715672418.810459,3710500,18514,4,TX,1,100,2024-05-14_13-10-18-732024,487853.0048879,
1715672419.335649,3711001,18599,4,TX,1,100,2024-05-14_13-10-19-298896,487853.5717596,
1715672420.065253,3711697,18708,4,TX,1,100,2024-05-14_13-10-20-032107,487854.3049714,
1715672421.415440,3712985,18930,4,TX,1,100,2024-05-14_13-10-21-298045,487855.5709091,
1715672423.670294,3715136,19282,4,TX,1,100,2024-05-14_13-10-22-598827,487856.8716915,
1715672423.686018,3715151,19285,4,TX,1,100,2024-05-14_13-10-23-131979,487857.4048435,
1715672424.002599,3715453,19338,4,TX,1,100,2024-05-14_13-10-23-898904,487858.1717676,
1715672425.302469,3716693,19546,4,TX,1,100,2024-05-14_13-10-25-231518,487859.5043821,
1715672425.765809,3717135,19620,4,TX,1,100,2024-05-14_13-10-25-731855,487860.0047195,
1715672426.499606,3717835,19738,4,TX,1,100,2024-05-14_13-10-26-464741,487860.7376050,
1715672427.015361,3718327,19824,4,TX,1,100,2024-05-14_13-10-26-965004,487861.2378678,
1715672427.770124,3719047,19944,4,TX,1,100,2024-05-14_13-10-27-732307,487862.0051707,
1715672428.306844,3719559,20031,4,TX,1,100,2024-05-14_13-10-28-265545,487862.5384087,
1715672429.157001,3720370,20167,4,TX,1,100,2024-05-14_13-10-29-065740,487863.3386045,
1715672429.674852,3720864,20251,4,TX,1,100,2024-05-14_13-10-29-598603,487863.8714668,
1715672430.411794,3721567,20372,4,TX,1,100,2024-05-14_13-10-30-331812,487864.6046757,
1715672430.906583,3722039,20450,4,TX,1,100,2024-05-14_13-10-30-868106,487865.1409688,
1715672431.638284,3722737,20568,4,TX,1,100,2024-05-14_13-10-31-564836,487865.8377006,
1715672432.206453,3723279,20639,4,TX,1,100,2024-05-14_13-10-32-065540,487866.3384042,
1715672432.967505,3724005,20760,4,TX,1,100,2024-05-14_13-10-32-898202,487867.1710660,
1715672433.502129,3724515,20845,4,TX,1,100,2024-05-14_13-10-33-398848,487867.6717124,
1715672434.286244,3725263,20966,4,TX,1,100,2024-05-14_13-10-34-231887,487868.5047507,
1715672434.899489,3725848,21070,4,TX,1,100,2024-05-14_13-10-34-798128,487869.0709924,
1715672435.548375,3726467,21172,4,TX,1,100,2024-05-14_13-10-35-465602,487869.7384661,
1715672436.856631,3727715,21382,4,TX,1,100,2024-05-14_13-10-36-798110,487871.0709746,
1715672437.489793,3728319,21486,4,TX,1,100,2024-05-14_13-10-37-365090,487871.6379546,
1715672438.149162,3728948,21588,4,TX,1,100,2024-05-14_13-10-37-998776,487872.2716397,
1715672438.581054,3729360,21658,4,TX,1,100,2024-05-14_13-10-38-532442,487872.8053061,
1715672439.314852,3730060,21776,4,TX,1,100,2024-05-14_13-10-39-264789,487873.5376529,
1715672440.693342,3731375,21998,4,TX,1,100,2024-05-14_13-10-40-532069,487874.8049335,
1715672441.974343,3732597,22206,4,TX,1,100,2024-05-14_13-10-41-865566,487876.1384306,
1715672442.512111,3733110,22291,4,TX,1,100,2024-05-14_13-10-42-398627,487876.6714906,
1715672443.507979,3734060,22444,4,TX,1,100,2024-05-14_13-10-43-098970,487877.3718344,
1715672444.449336,3734958,22596,4,TX,1,100,2024-05-14_13-10-44-398381,487878.6712449,
1715672445.096126,3735575,22700,4,TX,1,100,2024-05-14_13-10-44-932081,487879.2049452,
1715672445.750254,3736199,22804,4,TX,1,100,2024-05-14_13-10-45-697985,487879.9708495,
1715672447.125600,3737511,23029,4,TX,1,100,2024-05-14_13-10-47-065604,487881.3384677,
1715672447.710541,3738069,23116,4,TX,1,100,2024-05-14_13-10-47-598825,487881.8716889,
1715672448.430711,3738756,23235,4,TX,1,100,2024-05-14_13-10-48-332483,487882.6053470,
1715672448.959044,3739260,23319,4,TX,1,100,2024-05-14_13-10-48-831486,487883.1043498,
1715672449.649862,3739919,23422,4,TX,1,100,2024-05-14_13-10-49-599294,487883.8721580,
1715672451.029401,3741235,23646,4,TX,1,100,2024-05-14_13-10-50-898529,487885.1713935,
1715672451.547252,3741729,23730,4,TX,1,100,2024-05-14_13-10-51-465311,487885.7381750,
1715672452.213960,3742365,23838,4,TX,1,100,2024-05-14_13-10-52-165030,487886.4378944,
1715672452.733907,3742861,23924,4,TX,1,100,2024-05-14_13-10-52-698355,487886.9712190,
1715672453.587209,3743675,24060,4,TX,1,100,2024-05-14_13-10-53-398725,487887.6715887,
1715672454.037970,3744105,24129,4,TX,1,100,2024-05-14_13-10-53-932321,487888.2051852,
1715672454.766526,3744800,24249,4,TX,1,100,2024-05-14_13-10-54-699109,487888.9719730,
1715672455.336791,3745344,24334,4,TX,1,100,2024-05-14_13-10-55-299253,487889.5721174,
1715672456.175417,3746144,24472,4,TX,1,100,2024-05-14_13-10-55-965326,487890.2381898,
1715672457.383037,3747296,24663,4,TX,1,100,2024-05-14_13-10-57-298418,487891.5712820,
1715672457.924999,3747813,24751,4,TX,1,100,2024-05-14_13-10-57-865786,487892.1386504,
1715672458.669279,3748523,24871,4,TX,1,100,2024-05-14_13-10-58-565445,487892.8383091,
1715672459.199710,3749029,24956,4,TX,1,100,2024-05-14_13-10-59-066038,487893.3389025,
1715672460.257426,3750038,25125,4,TX,1,100,2024-05-14_13-10-59-832867,487894.1057307,
1715672460.452406,3750224,25162,4,TX,1,100,2024-05-14_13-11-00-365760,487894.6386238,
1715672461.220797,3750957,25282,4,TX,1,100,2024-05-14_13-11-01-098773,487895.3716373,
1715672461.668413,3751384,25351,4,TX,1,100,2024-05-14_13-11-01-632332,487895.9051963,
1715672462.409549,3752091,25472,4,TX,1,100,2024-05-14_13-11-02-365608,487896.6384717,
1715672462.970379,3752626,25563,4,TX,1,100,2024-05-14_13-11-02-932540,487897.2054043,
1715672463.762881,3753382,25669,4,TX,1,100,2024-05-14_13-11-03-699115,487897.9719792,
1715672465.008239,3754570,25872,4,TX,1,100,2024-05-14_13-11-04-965365,487899.2382292,
1715672465.671802,3755203,25976,4,TX,1,100,2024-05-14_13-11-05-532585,487899.8054492,
1715672466.402454,3755900,26094,4,TX,1,100,2024-05-14_13-11-06-298479,487900.5713435,
1715672466.845877,3756323,26162,4,TX,1,100,2024-05-14_13-11-06-799448,487901.0723126,
1715672467.700227,3757138,26300,4,TX,1,100,2024-05-14_13-11-07-565555,487901.8384192,
1715672468.191871,3757607,26375,4,TX,1,100,2024-05-14_13-11-08-065355,487902.3382187,
1715672468.930910,3758312,26494,4,TX,1,100,2024-05-14_13-11-08-832034,487903.1048986,
1715672470.137482,3759463,26683,4,TX,1,100,2024-05-14_13-11-10-098637,487904.3715008,
1715672470.772741,3760069,26786,4,TX,1,100,2024-05-14_13-11-10-665789,487904.9386532,
1715672471.502345,3760765,26906,4,TX,1,100,2024-05-14_13-11-11-399148,487905.6720120,
1715672472.701580,3761909,27091,4,TX,1,100,2024-05-14_13-11-12-666303,487906.9391670,
1715672474.091601,3763235,27296,4,TX,1,100,2024-05-14_13-11-13-998624,487908.2714878,
1715672474.641949,3763760,27382,4,TX,1,100,2024-05-14_13-11-14-532167,487908.8050314,
1715672475.372602,3764457,27502,4,TX,1,100,2024-05-14_13-11-15-299177,487909.5720409,
1715672475.897791,3764958,27590,4,TX,1,100,2024-05-14_13-11-15-831949,487910.1048135,
1715672476.678761,3765703,27710,4,TX,1,100,2024-05-14_13-11-16-566075,487910.8389391,
1715672477.101218,3766106,27779,4,TX,1,100,2024-05-14_13-11-17-066309,487911.3391732,
1715672477.922023,3766889,27915,4,TX,1,100,2024-05-14_13-11-17-765902,487912.0387666,
1715672479.143271,3768054,28106,4,TX,1,100,2024-05-14_13-11-19-065422,487913.3382858,
1715672480.397017,3769250,28308,4,TX,1,100,2024-05-14_13-11-20-332578,487914.6054424,
1715672480.869792,3769701,28380,4,TX,1,100,2024-05-14_13-11-20-832122,487915.1049859,
1715672482.149744,3770922,28582,4,TX,1,100,2024-05-14_13-11-21-699633,487915.9724967,
1715672482.278682,3771045,28602,4,TX,1,100,2024-05-14_13-11-22-198775,487916.4716393,
1715672483.015625,3771748,28723,4,TX,1,100,2024-05-14_13-11-22-932643,487917.2055069,
1715672483.556538,3772264,28808,4,TX,1,100,2024-05-14_13-11-23-466099,487917.7389631,
1715672484.423467,3773091,28949,4,TX,1,100,2024-05-14_13-11-24-266275,487918.5391362,
1715672484.834394,3773483,29021,4,TX,1,100,2024-05-14_13-11-24-799120,487919.0719840,
1715672485.572384,3774187,29141,4,TX,1,100,2024-05-14_13-11-25-499529,487919.7723928,
1715672486.097573,3774688,29227,4,TX,1,100,2024-05-14_13-11-26-031830,487920.3046945,
1715672486.939343,3775491,29365,4,TX,1,100,2024-05-14_13-11-26-832782,487921.1056464,
1715672487.399539,3775930,29433,4,TX,1,100,2024-05-14_13-11-27-365666,487921.6385301,
1715672488.164785,3776660,29552,4,TX,1,100,2024-05-14_13-11-28-132500,487922.4053646,
1715672488.794802,3777261,29656,4,TX,1,100,2024-05-14_13-11-28-666348,487922.9392119,
1715672489.427964,3777865,29757,4,TX,1,100,2024-05-14_13-11-29-399458,487923.6723222,
1715672490.751944,3779128,29967,4,TX,1,100,2024-05-14_13-11-30-665222,487924.9380857,
1715672491.284472,3779636,30055,4,TX,1,100,2024-05-14_13-11-31-199294,487925.4721580,
1715672492.029800,3780347,30175,4,TX,1,100,2024-05-14_13-11-31-966207,487926.2390715,
1715672493.300318,3781559,30376,4,TX,1,100,2024-05-14_13-11-33-265691,487927.5385550,
1715672493.929287,3782159,30478,4,TX,1,100,2024-05-14_13-11-33-798744,487928.0716086,
1715672494.603332,3782802,30566,4,TX,1,100,2024-05-14_13-11-34-532067,487928.8049311,
1715672495.212384,3783383,30655,4,TX,1,100,2024-05-14_13-11-35-132762,487929.4056264,
1715672495.828773,3783971,30760,4,TX,1,100,2024-05-14_13-11-35-766208,487930.0390725,
1715672496.466129,3784579,30849,4,TX,1,100,2024-05-14_13-11-36-299435,487930.5722993,
1715672497.186298,3785266,30968,4,TX,1,100,2024-05-14_13-11-37-132714,487931.4055786,
1715672497.764950,3785818,31055,4,TX,1,100,2024-05-14_13-11-37-698872,487931.9717363,
1715672498.383436,3786408,31141,4,TX,1,100,2024-05-14_13-11-38-332258,487932.6051223,
1715672498.896046,3786897,31228,4,TX,1,100,2024-05-14_13-11-38-832469,487933.1053334,
1715672499.662340,3787628,31349,4,TX,1,100,2024-05-14_13-11-39-632608,487933.9054719,
1715672500.924471,3788832,31545,4,TX,1,100,2024-05-14_13-11-40-899661,487935.1725248,
1715672502.220148,3790068,31745,4,TX,1,100,2024-05-14_13-11-42-166518,487936.4393816,
1715672502.790413,3790612,31832,4,TX,1,100,2024-05-14_13-11-42-698953,487936.9718169,
1715672503.968682,3791736,32017,4,TX,1,100,2024-05-14_13-11-43-499846,487937.7727102,
1715672504.159469,3791918,32055,4,TX,1,100,2024-05-14_13-11-44-033191,487938.3060554,
1715672504.869156,3792595,32156,4,TX,1,100,2024-05-14_13-11-44-765408,487939.0382724,
1715672505.391200,3793093,32243,4,TX,1,100,2024-05-14_13-11-45-365740,487939.6385992,
1715672506.162735,3793829,32369,4,TX,1,100,2024-05-14_13-11-46-099055,487940.3719193,
1715672506.678490,3794321,32441,4,TX,1,100,2024-05-14_13-11-46-599333,487940.8721976,
1715672507.422770,3795031,32559,4,TX,1,100,2024-05-14_13-11-47-399340,487941.6722040,
1715672508.858916,3796401,32746,4,TX,1,100,2024-05-14_13-11-48-632292,487942.9051558,
1715672509.563362,3797073,32785,4,TX,1,100,2024-05-14_13-11-49-166325,487943.4391895,
1715672509.951226,3797443,32841,4,TX,1,100,2024-05-14_13-11-49-898912,487944.1717757,
1715672510.449160,3797918,32925,4,TX,1,100,2024-05-14_13-11-50-398930,487944.6717937,
1715672511.351731,3798779,33054,4,TX,1,100,2024-05-14_13-11-51-165829,487945.4386929,
1715672512.505889,3799880,33239,4,TX,1,100,2024-05-14_13-11-52-465761,487946.7386249,
1715672513.889621,3801200,33460,4,TX,1,100,2024-05-14_13-11-53-733073,487948.0059374,
1715672514.330947,3801621,33528,4,TX,1,100,2024-05-14_13-11-54-299708,487948.5725720,
1715672515.168525,3802420,33665,4,TX,1,100,2024-05-14_13-11-55-099105,487949.3719696,
1715672516.354131,3803551,33852,4,TX,1,100,2024-05-14_13-11-56-332483,487950.6053476,
1715672517.768264,3804900,34060,4,TX,1,100,2024-05-14_13-11-57-599339,487951.8722030,
1715672518.300791,3805408,34147,4,TX,1,100,2024-05-14_13-11-58-132884,487952.4057481,
1715672518.954919,3806032,34249,4,TX,1,100,2024-05-14_13-11-58-932551,487953.2054152,
1715672519.469625,3806523,34336,4,TX,1,100,2024-05-14_13-11-59-433787,487953.7066514,
1715672520.222291,3807241,34457,4,TX,1,100,2024-05-14_13-12-00-166009,487954.4388728,
1715672521.524257,3808483,34660,4,TX,1,100,2024-05-14_13-12-01-398929,487955.6717926,
1715672522.064122,3808998,34736,4,TX,1,100,2024-05-14_13-12-01-932749,487956.2056131,
1715672522.892265,3809788,34874,4,TX,1,100,2024-05-14_13-12-02-799196,487957.0720606,
1715672523.363992,3810238,34942,4,TX,1,100,2024-05-14_13-12-03-333333,487957.6061975,
1715672524.628220,3811444,35147,4,TX,1,100,2024-05-14_13-12-03-999491,487958.2723552,
1715672525.365162,3812147,35263,4,TX,1,100,2024-05-14_13-12-05-299511,487959.5723751,
1715672525.824309,3812585,35338,4,TX,1,100,2024-05-14_13-12-05-799813,487960.0726769,
1715672526.658742,3813381,35473,4,TX,1,100,2024-05-14_13-12-06-565998,487960.8388617,
1715672527.999494,3814660,35646,4,TX,1,100,2024-05-14_13-12-07-932755,487962.2056188,
1715672528.545649,3815181,35732,4,TX,1,100,2024-05-14_13-12-08-466118,487962.7389824,
1715672529.193487,3815799,35835,4,TX,1,100,2024-05-14_13-12-09-132645,487963.4055087,
1715672530.430460,3816979,36021,4,TX,1,100,2024-05-14_13-12-10-399852,487964.6727160,
1715672531.895958,3818377,36246,4,TX,1,100,2024-05-14_13-12-11-733224,487966.0060883,
1715672532.366636,3818826,36316,4,TX,1,100,2024-05-14_13-12-12-299077,487966.5719399,
1715672533.084709,3819511,36423,4,TX,1,100,2024-05-14_13-12-13-032550,487967.3054142,
1715672534.634070,3820989,36662,4,TX,1,100,2024-05-14_13-12-14-266410,487968.5392743,
1715672534.863644,3821208,36699,4,TX,1,100,2024-05-14_13-12-14-799627,487969.0724904,
1715672535.615262,3821925,36805,4,TX,1,100,2024-05-14_13-12-15-533127,487969.8059915,
1715672536.888924,3823140,37008,4,TX,1,100,2024-05-14_13-12-16-865975,487971.1388391,
1715672537.508459,3823731,37094,4,TX,1,100,2024-05-14_13-12-17-399189,487971.6720529,
1715672538.247497,3824436,37206,4,TX,1,100,2024-05-14_13-12-18-199511,487972.4723753,
1715672538.884853,3825044,37310,4,TX,1,100,2024-05-14_13-12-18-766146,487973.0390098,
1715672539.521160,3825651,37395,4,TX,1,100,2024-05-14_13-12-19-433604,487973.7064677,
1715672539.952004,3826062,37466,4,TX,1,100,2024-05-14_13-12-19-933001,487974.2058649,
1715672540.789581,3826861,37603,4,TX,1,100,2024-05-14_13-12-20-732843,487975.0057071,
1715672541.484592,3827524,37691,4,TX,1,100,2024-05-14_13-12-21-265918,487975.5387826,
1715672542.234113,3828239,37730,4,TX,1,100,2024-05-14_13-12-22-069450,487976.3423129,
1715672543.422865,3829373,37891,4,TX,1,100,2024-05-14_13-12-23-300208,487977.5730718,
1715672543.880964,3829810,37963,4,TX,1,100,2024-05-14_13-12-23-799874,487978.0727378,
1715672544.633630,3830528,38081,4,TX,1,100,2024-05-14_13-12-24-599090,487978.8719545,
1715672545.171399,3831041,38166,4,TX,1,100,2024-05-14_13-12-25-133049,487979.4059130,
1715672545.906244,3831742,38289,4,TX,1,100,2024-05-14_13-12-25-866606,487980.1394706,
1715672546.425144,3832237,38373,4,TX,1,100,2024-05-14_13-12-26-366254,487980.6391179,
1715672547.169424,3832947,38491,4,TX,1,100,2024-05-14_13-12-27-132667,487981.4055313,
1715672547.710337,3833463,38577,4,TX,1,100,2024-05-14_13-12-27-666687,487981.9395509,
1715672548.575170,3834288,38717,4,TX,1,100,2024-05-14_13-12-28-466852,487982.7397163,
1715672549.089876,3834779,38792,4,TX,1,100,2024-05-14_13-12-29-033585,487983.3064496,
1715672549.846736,3835501,38912,4,TX,1,100,2024-05-14_13-12-29-766463,487984.0393273,
1715672551.027101,3836627,39099,4,TX,1,100,2024-05-14_13-12-31-000023,487985.2728868,
1715672551.662360,3837233,39203,4,TX,1,100,2024-05-14_13-12-31-599394,487985.8722546,
1715672552.393012,3837930,39320,4,TX,1,100,2024-05-14_13-12-32-332625,487986.6054888,
1715672553.898345,3839366,39559,4,TX,1,100,2024-05-14_13-12-33-533351,487987.8062149,
1715672554.145740,3839602,39582,4,TX,1,100,2024-05-14_13-12-34-066015,487988.3388788,
1715672554.951868,3840371,39703,4,TX,1,100,2024-05-14_13-12-34-832753,487989.1056177,
1715672556.238110,3841598,39908,4,TX,1,100,2024-05-14_13-12-36-199991,487990.4728519,
1715672556.755961,3842092,39995,4,TX,1,100,2024-05-14_13-12-36-732702,487991.0055660,
1715672557.734008,3843025,40147,4,TX,1,100,2024-05-14_13-12-37-466810,487991.7396744,
1715672558.603034,3843854,40285,4,TX,1,100,2024-05-14_13-12-38-065905,487992.3387688,
1715672558.793821,3844036,40321,4,TX,1,100,2024-05-14_13-12-38-732801,487993.0056656,
1715672559.250872,3844472,40390,4,TX,1,100,2024-05-14_13-12-39-232772,487993.5056365,
1715672560.124091,3845305,40502,4,TX,1,100,2024-05-14_13-12-40-032571,487994.3054348,
1715672560.586383,3845746,40578,4,TX,1,100,2024-05-14_13-12-40-566129,487994.8389931,
1715672561.435491,3846556,40712,4,TX,1,100,2024-05-14_13-12-41-266948,487995.5398121,
1715672561.867383,3846968,40781,4,TX,1,100,2024-05-14_13-12-41-832642,487996.1055066,
1715672562.600132,3847667,40902,4,TX,1,100,2024-05-14_13-12-42-566291,487996.8391552,
1715672563.125322,3848168,40986,4,TX,1,100,2024-05-14_13-12-43-099567,487997.3724316,
1715672563.970237,3848974,41122,4,TX,1,100,2024-05-14_13-12-43-866850,487998.1397143,
1715672564.425191,3849408,41195,4,TX,1,100,2024-05-14_13-12-44-399378,487998.6722420,
1715672565.157940,3850107,41301,4,TX,1,100,2024-05-14_13-12-45-133324,487999.4061832,
1715672566.459906,3851349,41507,4,TX,1,100,2024-05-14_13-12-46-432928,488000.7057922,
1715672566.986144,3851851,41592,4,TX,1,100,2024-05-14_13-12-46-933205,488001.2060696,
1715672567.817431,3852644,41728,4,TX,1,100,2024-05-14_13-12-47-733596,488002.0064600,
1715672568.355200,3853157,41815,4,TX,1,100,2024-05-14_13-12-48-299782,488002.5726460,
1715672569.082707,3853851,41933,4,TX,1,100,2024-05-14_13-12-49-033755,488003.3066195,
1715672569.624669,3854368,42021,4,TX,1,100,2024-05-14_13-12-49-567029,488003.8398929,
1715672570.392011,3855100,42126,4,TX,1,100,2024-05-14_13-12-50-266451,488004.5393151,
1715672570.882607,3855568,42213,4,TX,1,100,2024-05-14_13-12-50-766384,488005.0392485,
1715672571.666722,3856316,42334,4,TX,1,100,2024-05-14_13-12-51-599721,488005.8725853,
1715672572.944577,3857535,42537,4,TX,1,100,2024-05-14_13-12-52-100289,488006.3731533,
1715672572.961350,3857551,42540,4,TX,1,100,2024-05-14_13-12-52-866656,488007.1395201,
1715672573.485491,3858051,42627,4,TX,1,100,2024-05-14_13-12-53-399799,488007.6726634,
1715672574.439427,3858961,42780,4,TX,1,100,2024-05-14_13-12-54-133264,488008.4061281,
1715672574.786409,3859292,42831,4,TX,1,100,2024-05-14_13-12-54-666782,488008.9396459,
1715672575.644952,3860111,42959,4,TX,1,100,2024-05-14_13-12-55-433910,488009.7067743,
1715672575.988788,3860439,43013,4,TX,1,100,2024-05-14_13-12-55-933573,488010.2064369,
1715672576.814834,3861227,43149,4,TX,1,100,2024-05-14_13-12-56-699643,488010.9725068,
1715672578.021406,3862378,43335,4,TX,1,100,2024-05-14_13-12-57-999809,488012.2726731,
1715672578.635700,3862964,43438,4,TX,1,100,2024-05-14_13-12-58-500040,488012.7729040,
1715672579.382076,3863676,43555,4,TX,1,100,2024-05-14_13-12-59-299995,488013.5728587,
1715672579.906217,3864176,43642,4,TX,1,100,2024-05-14_13-12-59-833708,488014.1065704,
1715672580.560345,3864800,43748,4,TX,1,100,2024-05-14_13-13-00-533360,488014.8062238,
1715672581.205038,3865415,43835,4,TX,1,100,2024-05-14_13-13-01-066466,488015.3393305,
1715672581.917870,3866095,43953,4,TX,1,100,2024-05-14_13-13-01-866929,488016.1397931,
1715672582.469266,3866621,44041,4,TX,1,100,2024-05-14_13-13-02-433784,488016.7066476,
1715672583.120249,3867242,44143,4,TX,1,100,2024-05-14_13-13-03-100030,488017.3728945,
1715672583.648583,3867746,44229,4,TX,1,100,2024-05-14_13-13-03-632950,488017.9058141,
1715672584.511319,3868569,44367,4,TX,1,100,2024-05-14_13-13-04-433598,488018.7064618,
1715672585.033364,3869067,44452,4,TX,1,100,2024-05-14_13-13-04-999920,488019.2727846,
1715672586.112046,3870096,44623,4,TX,1,100,2024-05-14_13-13-05-632941,488019.9058052,
1715672586.366778,3870339,44647,4,TX,1,100,2024-05-14_13-13-06-200155,488020.4730195,
1715672586.963250,3870908,44734,4,TX,1,100,2024-05-14_13-13-06-932984,488021.2058477,
1715672587.491585,3871412,44822,4,TX,1,100,2024-05-14_13-13-07-466543,488021.7394072,
1715672588.441328,3872318,44974,4,TX,1,100,2024-05-14_13-13-08-300099,488022.5729630,
1715672588.898379,3872754,45043,4,TX,1,100,2024-05-14_13-13-08-866319,488023.1391835,
1715672589.558796,3873384,45147,4,TX,1,100,2024-05-14_13-13-09-534079,488023.8069436,
1715672590.085034,3873886,45231,4,TX,1,100,2024-05-14_13-13-10-066175,488024.3390388,
1715672590.840845,3874607,45355,4,TX,1,100,2024-05-14_13-13-10-799780,488025.0726445,
1715672591.382807,3875124,45439,4,TX,1,100,2024-05-14_13-13-11-366484,488025.6393481,
1715672592.313681,3876012,45567,4,TX,1,100,2024-05-14_13-13-12-233580,488026.5064437,
1715672593.588392,3877228,45770,4,TX,1,100,2024-05-14_13-13-13-566995,488027.8398590,
1715672594.880923,3878461,45975,4,TX,1,100,2024-05-14_13-13-14-867252,488029.1401164,
1715672595.389340,3878946,46061,4,TX,1,100,2024-05-14_13-13-15-367168,488029.6400321,
1715672596.172406,3879693,46182,4,TX,1,100,2024-05-14_13-13-16-099858,488030.3727220,
1715672597.451310,3880913,46375,4,TX,1,100,2024-05-14_13-13-17-433994,488031.7068581,
1715672598.079231,3881512,46479,4,TX,1,100,2024-05-14_13-13-17-966430,488032.2392942,
1715672598.704007,3882108,46580,4,TX,1,100,2024-05-14_13-13-18-666636,488032.9394997,
1715672600.092980,3883433,46800,4,TX,1,100,2024-05-14_13-13-20-000637,488034.2735015,
1715672601.249235,3884536,46987,4,TX,1,100,2024-05-14_13-13-21-233637,488035.5065011,
1715672601.890784,3885148,47090,4,TX,1,100,2024-05-14_13-13-21-800433,488036.0732971,
1715672602.703202,3885923,47199,4,TX,1,100,2024-05-14_13-13-22-567235,488036.8400990,
1715672603.942271,3887105,47402,4,TX,1,100,2024-05-14_13-13-23-834116,488038.1069801,
1715672605.449700,3888543,47639,4,TX,1,100,2024-05-14_13-13-25-133206,488039.4060699,
1715672606.121649,3889184,47744,4,TX,1,100,2024-05-14_13-13-25-667607,488039.9404707,
1715672607.266373,3890276,47929,4,TX,1,100,2024-05-14_13-13-26-399711,488040.6725747,
1715672607.274759,3890284,47932,4,TX,1,100,2024-05-14_13-13-26-999986,488041.2728497,
