LocalTimestamp,EmotiBitTimestamp,PacketNumber,DataLength,TypeTag,ProtocolVersion,DataReliability,T1
1715670597.243627,1972831.000,60498,1,T1,1,100,37.199
1715670597.371517,1972953.000,60516,1,T1,1,100,36.980
1715670597.499408,1973075.000,60532,1,T1,1,100,36.920
1715670597.630443,1973200.000,60566,1,T1,1,100,36.895
1715670597.761478,1973325.000,60583,1,T1,1,100,36.990
1715670597.897755,1973455.000,60599,1,T1,1,100,37.137
1715670598.031935,1973583.000,60617,1,T1,1,100,36.953
1715670598.165066,1973710.000,60648,1,T1,1,100,36.909
1715670598.299247,1973838.000,60664,1,T1,1,100,36.996
1715670598.431330,1973964.000,60682,1,T1,1,100,37.069
1715670598.564462,1974091.000,60698,1,T1,1,100,36.994
1715670598.696545,1974217.000,60734,1,T1,1,100,36.962
1715670598.828629,1974343.000,60751,1,T1,1,100,36.877
1715670598.962809,1974471.000,60767,1,T1,1,100,36.876
1715670599.096989,1974599.000,60785,1,T1,1,100,36.911
1715670599.231169,1974727.000,60816,1,T1,1,100,36.997
1715670599.365349,1974855.000,60833,1,T1,1,100,36.963
1715670599.498481,1974982.000,60850,1,T1,1,100,36.913
1715670599.631613,1975109.000,60866,1,T1,1,100,36.962
1715670599.763696,1975235.000,60900,1,T1,1,100,36.913
1715670599.894732,1975360.000,60917,1,T1,1,100,36.927
1715670600.025767,1975485.000,60934,1,T1,1,100,37.039
1715670600.162043,1975615.000,60951,1,T1,1,100,37.088
1715670600.294127,1975741.000,60983,1,T1,1,100,37.109
1715670600.429355,1975870.000,60999,1,T1,1,100,36.941
1715670600.562487,1975997.000,61016,1,T1,1,100,36.974
1715670600.694571,1976123.000,61050,1,T1,1,100,37.060
1715670600.826654,1976249.000,61066,1,T1,1,100,36.955
1715670600.957689,1976374.000,61083,1,T1,1,100,37.016
1715670601.088725,1976499.000,61100,1,T1,1,100,37.078
1715670601.225001,1976629.000,61131,1,T1,1,100,36.963
1715670601.359181,1976757.000,61149,1,T1,1,100,36.913
1715670601.492313,1976884.000,61165,1,T1,1,100,36.998
1715670601.626493,1977012.000,61184,1,T1,1,100,36.893
1715670601.758577,1977138.000,61207,1,T1,1,100,37.024
1715670601.891708,1977265.000,61223,1,T1,1,100,36.940
1715670602.023792,1977391.000,61241,1,T1,1,100,36.974
1715670602.155875,1977517.000,61257,1,T1,1,100,36.989
1715670602.289007,1977644.000,61274,1,T1,1,100,37.031
1715670602.423187,1977772.000,61306,1,T1,1,100,36.978
1715670602.557367,1977900.000,61322,1,T1,1,100,36.955
1715670602.691547,1978028.000,61340,1,T1,1,100,36.910
1715670602.824679,1978155.000,61371,1,T1,1,100,36.925
1715670602.957811,1978282.000,61388,1,T1,1,100,36.932
1715670603.089895,1978408.000,61405,1,T1,1,100,36.971
1715670603.220930,1978533.000,61421,1,T1,1,100,36.952
1715670603.351965,1978658.000,61438,1,T1,1,100,37.015
1715670603.488242,1978788.000,61470,1,T1,1,100,36.935
1715670603.620325,1978914.000,61486,1,T1,1,100,36.901
1715670603.755553,1979043.000,61506,1,T1,1,100,36.993
1715670603.888685,1979170.000,61537,1,T1,1,100,36.961
1715670604.020769,1979296.000,61554,1,T1,1,100,36.948
1715670604.153901,1979423.000,61571,1,T1,1,100,37.048
1715670604.284936,1979548.000,61587,1,T1,1,100,37.092
1715670604.415971,1979673.000,61605,1,T1,1,100,37.040
1715670604.552248,1979803.000,61636,1,T1,1,100,37.124
1715670604.686428,1979931.000,61653,1,T1,1,100,37.089
1715670604.819560,1980058.000,61672,1,T1,1,100,37.074
1715670604.953740,1980186.000,61688,1,T1,1,100,37.067
1715670605.085823,1980312.000,61720,1,T1,1,100,36.994
1715670605.218955,1980439.000,61737,1,T1,1,100,37.068
1715670605.351038,1980565.000,61754,1,T1,1,100,36.994
1715670605.483122,1980691.000,61771,1,T1,1,100,37.033
1715670605.616254,1980818.000,61803,1,T1,1,100,36.943
1715670605.750434,1980946.000,61819,1,T1,1,100,36.940
1715670605.884614,1981074.000,61836,1,T1,1,100,37.045
1715670606.018794,1981202.000,61852,1,T1,1,100,36.949
1715670606.151926,1981329.000,61884,1,T1,1,100,37.013
1715670606.285058,1981456.000,61901,1,T1,1,100,37.148
1715670606.417141,1981582.000,61918,1,T1,1,100,37.099
1715670606.547128,1981706.000,61935,1,T1,1,100,37.078
1715670606.678163,1981831.000,61967,1,T1,1,100,36.963
1715670606.814440,1981961.000,61985,1,T1,1,100,36.949
1715670606.946523,1982087.000,62002,1,T1,1,100,36.978
1715670607.080703,1982215.000,62037,2,T1,1,100,36.955
1715670607.214884,1982343.000,62037,2,T1,1,100,36.945
1715670607.346967,1982469.000,62054,1,T1,1,100,36.976
1715670607.480099,1982596.000,62071,1,T1,1,100,36.919
1715670607.611134,1982721.000,62103,1,T1,1,100,36.894
1715670607.742169,1982846.000,62119,1,T1,1,100,37.025
1715670607.878446,1982976.000,62136,1,T1,1,100,37.082
1715670608.012626,1983104.000,62153,1,T1,1,100,36.929
1715670608.145758,1983231.000,62184,1,T1,1,100,37.005
1715670608.279938,1983359.000,62201,1,T1,1,100,37.073
1715670608.413070,1983486.000,62218,1,T1,1,100,36.961
1715670608.546201,1983613.000,62235,1,T1,1,100,36.912
1715670608.678285,1983739.000,62271,1,T1,1,100,36.926
1715670608.810369,1983865.000,62288,2,T1,1,100,36.933
1715670608.942452,1983991.000,62288,2,T1,1,100,36.971
1715670609.076632,1984119.000,62305,1,T1,1,100,37.023
1715670609.210812,1984247.000,62322,1,T1,1,100,37.081
1715670609.346040,1984376.000,62339,1,T1,1,100,37.141
1715670609.479172,1984503.000,62372,1,T1,1,100,37.132
1715670609.612304,1984630.000,62389,1,T1,1,100,37.093
1715670609.744388,1984756.000,62406,1,T1,1,100,37.111
1715670609.874375,1984880.000,62423,1,T1,1,100,36.977
1715670610.005410,1985005.000,62455,1,T1,1,100,36.990
1715670610.141686,1985135.000,62471,1,T1,1,100,37.031
1715670610.273770,1985261.000,62490,1,T1,1,100,36.978
1715670610.408998,1985390.000,62507,1,T1,1,100,36.920
1715670610.542130,1985517.000,62538,1,T1,1,100,37.036
1715670610.674214,1985643.000,62556,1,T1,1,100,37.016
1715670610.808394,1985771.000,62572,1,T1,1,100,37.042
1715670610.940477,1985897.000,62589,1,T1,1,100,37.018
1715670611.071512,1986022.000,62606,1,T1,1,100,37.008
1715670611.207789,1986152.000,62623,1,T1,1,100,36.968
1715670611.340921,1986279.000,62657,1,T1,1,100,36.986
1715670611.474053,1986406.000,62673,1,T1,1,100,37.065
1715670611.608233,1986534.000,62690,1,T1,1,100,36.957
1715670611.741364,1986661.000,62707,1,T1,1,100,37.017
1715670611.874496,1986788.000,62738,1,T1,1,100,37.007
1715670612.006580,1986914.000,62756,1,T1,1,100,36.968
1715670612.138663,1987040.000,62772,1,T1,1,100,37.092
1715670612.269699,1987165.000,62791,1,T1,1,100,37.005
1715670612.403879,1987293.000,62823,1,T1,1,100,37.037
1715670612.538059,1987421.000,62840,1,T1,1,100,37.016
1715670612.673287,1987550.000,62858,1,T1,1,100,36.972
1715670612.806419,1987677.000,62874,1,T1,1,100,36.988
1715670612.939551,1987804.000,62891,1,T1,1,100,36.959
1715670613.071634,1987930.000,62908,1,T1,1,100,36.947
1715670613.202669,1988055.000,62924,1,T1,1,100,36.977
1715670613.333705,1988180.000,62943,1,T1,1,100,37.026
1715670613.469981,1988310.000,62974,1,T1,1,100,37.046
1715670613.602065,1988436.000,62991,1,T1,1,100,36.985
1715670613.737293,1988565.000,63010,1,T1,1,100,37.029
1715670613.870425,1988692.000,63027,1,T1,1,100,37.048
1715670614.002508,1988818.000,63059,1,T1,1,100,36.985
1715670614.137737,1988947.000,63075,1,T1,1,100,36.923
1715670614.268772,1989072.000,63092,1,T1,1,100,37.037
1715670614.399807,1989197.000,63111,1,T1,1,100,37.052
1715670614.535036,1989326.000,63142,1,T1,1,100,37.093
1715670614.668167,1989453.000,63160,1,T1,1,100,37.040
1715670614.801299,1989580.000,63176,1,T1,1,100,37.053
1715670614.935479,1989708.000,63193,1,T1,1,100,36.987
1715670615.068611,1989835.000,63226,1,T1,1,100,36.995
1715670615.201743,1989962.000,63242,1,T1,1,100,36.891
1715670615.333826,1990088.000,63262,1,T1,1,100,36.988
1715670615.465910,1990214.000,63278,1,T1,1,100,36.995
1715670615.596945,1990339.000,63295,1,T1,1,100,36.962
1715670615.731125,1990467.000,63327,1,T1,1,100,36.948
1715670615.865305,1990595.000,63343,1,T1,1,100,36.907
1715670616.000534,1990724.000,63361,1,T1,1,100,36.960
1715670616.133665,1990851.000,63392,1,T1,1,100,37.053
1715670616.266797,1990978.000,63409,1,T1,1,100,37.059
1715670616.399929,1991105.000,63426,1,T1,1,100,37.025
1715670616.530964,1991230.000,63444,1,T1,1,100,37.046
1715670616.661999,1991355.000,63461,1,T1,1,100,36.949
1715670616.798276,1991485.000,63493,1,T1,1,100,37.049
1715670616.930360,1991611.000,63509,1,T1,1,100,36.986
1715670617.065588,1991740.000,63527,1,T1,1,100,36.923
1715670617.198720,1991867.000,63558,1,T1,1,100,36.967
1715670617.331851,1991994.000,63577,1,T1,1,100,37.021
1715670617.467080,1992123.000,63594,1,T1,1,100,37.045
1715670617.599163,1992249.000,63610,1,T1,1,100,37.019
1715670617.730199,1992374.000,63628,1,T1,1,100,37.008
1715670617.865427,1992503.000,63659,1,T1,1,100,37.004
1715670617.998559,1992630.000,63676,1,T1,1,100,37.002
1715670618.131691,1992757.000,63693,1,T1,1,100,36.965
1715670618.265871,1992885.000,63709,1,T1,1,100,36.914
1715670618.399002,1993012.000,63741,1,T1,1,100,37.034
1715670618.532134,1993139.000,63760,1,T1,1,100,37.086
1715670618.664218,1993265.000,63777,1,T1,1,100,37.143
1715670618.796301,1993391.000,63796,1,T1,1,100,37.062
1715670618.927336,1993516.000,63828,1,T1,1,100,37.098
1715670619.061517,1993644.000,63844,1,T1,1,100,37.042
1715670619.195697,1993772.000,63861,1,T1,1,100,36.983
1715670619.329877,1993900.000,63878,1,T1,1,100,36.957
1715670619.464057,1994028.000,63911,1,T1,1,100,36.981
1715670619.597188,1994155.000,63929,1,T1,1,100,36.992
1715670619.730320,1994282.000,63945,1,T1,1,100,37.067
1715670619.861356,1994407.000,63962,1,T1,1,100,36.994
1715670619.992391,1994532.000,63979,1,T1,1,100,37.033
1715670620.128667,1994662.000,64010,1,T1,1,100,37.085
1715670620.260751,1994788.000,64027,1,T1,1,100,37.072
1715670620.395979,1994917.000,64044,1,T1,1,100,36.996
1715670620.529111,1995044.000,64061,1,T1,1,100,36.963
1715670620.662243,1995171.000,64095,1,T1,1,100,36.984
1715670620.797471,1995300.000,64111,1,T1,1,100,36.993
1715670620.929555,1995426.000,64128,1,T1,1,100,37.068
1715670621.060590,1995551.000,64145,1,T1,1,100,36.994
1715670621.194770,1995679.000,64176,1,T1,1,100,37.033
1715670621.327902,1995806.000,64194,1,T1,1,100,37.085
1715670621.461034,1995933.000,64210,1,T1,1,100,37.001
1715670621.594690,1996060.500,64244,2,T1,1,100,37.036
1715670621.728345,1996188.000,64244,2,T1,1,100,36.980
1715670621.861477,1996315.000,64276,1,T1,1,100,37.027
1715670621.993561,1996441.000,64294,1,T1,1,100,36.941
1715670622.125644,1996567.000,64310,1,T1,1,100,36.939
1715670622.256680,1996692.000,64327,1,T1,1,100,36.938
1715670622.390860,1996820.000,64359,1,T1,1,100,36.973
1715670622.525040,1996948.000,64375,1,T1,1,100,37.059
1715670622.659220,1997076.000,64395,1,T1,1,100,37.097
1715670622.793400,1997204.000,64411,1,T1,1,100,36.971
1715670622.926532,1997331.000,64443,1,T1,1,100,37.023
1715670623.060712,1997459.000,64460,1,T1,1,100,37.010
1715670623.191747,1997584.000,64476,1,T1,1,100,37.075
1715670623.322782,1997709.000,64494,1,T1,1,100,36.962
1715670623.459059,1997839.000,64525,1,T1,1,100,36.983
1715670623.590094,1997964.000,64541,1,T1,1,100,37.028
1715670623.725322,1998093.000,64563,1,T1,1,100,36.906
1715670623.858454,1998220.000,64581,2,T1,1,100,36.959
1715670623.991586,1998347.000,64581,2,T1,1,100,36.947
1715670624.124718,1998474.000,64599,3,T1,1,100,37.083
1715670624.257849,1998601.000,64599,3,T1,1,100,37.001
1715670624.390981,1998728.000,64599,3,T1,1,100,37.000
1715670624.523589,1998854.500,64616,2,T1,1,100,36.965
1715670624.656197,1998981.000,64616,2,T1,1,100,36.985
1715670624.789328,1999108.000,64651,1,T1,1,100,37.029
1715670624.923508,1999236.000,64667,1,T1,1,100,36.942
1715670625.056640,1999363.000,64685,1,T1,1,100,36.975
1715670625.189772,1999490.000,64701,1,T1,1,100,36.989
1715670625.321856,1999616.000,64733,1,T1,1,100,36.889
1715670625.454987,1999743.000,64750,1,T1,1,100,36.987
1715670625.586023,1999868.000,64766,1,T1,1,100,36.924
1715670625.720203,1999996.000,64786,1,T1,1,100,37.002
1715670625.854383,2000124.000,64817,1,T1,1,100,37.001
1715670625.988563,2000252.000,64834,1,T1,1,100,37.036
1715670626.122743,2000380.000,64851,1,T1,1,100,37.016
1715670626.255875,2000507.000,64867,1,T1,1,100,37.042
1715670626.391103,2000636.000,64899,1,T1,1,100,36.983
1715670626.522138,2000761.000,64916,1,T1,1,100,37.028
1715670626.653173,2000886.000,64935,1,T1,1,100,37.048
1715670626.788402,2001015.000,64952,1,T1,1,100,37.021
1715670626.919437,2001140.000,64984,1,T1,1,100,36.903
1715670627.054665,2001269.000,65000,1,T1,1,100,36.887
1715670627.187797,2001396.000,65017,1,T1,1,100,36.951
1715670627.320929,2001523.000,65033,1,T1,1,100,37.014
1715670627.456157,2001652.000,65065,1,T1,1,100,37.042
1715670627.587193,2001777.000,65082,1,T1,1,100,37.089
1715670627.718228,2001902.000,65101,1,T1,1,100,37.074
1715670627.851360,2002029.000,65118,1,T1,1,100,37.067
1715670627.984491,2002156.000,65150,1,T1,1,100,37.065
1715670628.117623,2002283.000,65166,1,T1,1,100,37.063
1715670628.251803,2002411.000,65183,1,T1,1,100,37.098
1715670628.384935,2002538.000,65215,1,T1,1,100,37.078
1715670628.518067,2002665.000,65231,1,T1,1,100,36.963
1715670628.651199,2002792.000,65249,1,T1,1,100,36.878
1715670628.784330,2002919.000,65269,1,T1,1,100,36.912
1715670628.915366,2003044.000,65301,1,T1,1,100,36.891
1715670629.049546,2003172.000,65318,1,T1,1,100,36.953
1715670629.182678,2003299.000,65334,1,T1,1,100,37.015
1715670629.316858,2003427.000,65352,1,T1,1,100,37.006
1715670629.451038,2003555.000,65385,1,T1,1,100,37.003
1715670629.584169,2003682.000,65402,1,T1,1,100,37.037
1715670629.719398,2003811.000,65419,1,T1,1,100,37.051
1715670629.850433,2003936.000,65435,1,T1,1,100,36.987
1715670629.981468,2004061.000,65467,1,T1,1,100,36.994
1715670630.115648,2004189.000,65484,1,T1,1,100,36.998
1715670630.246684,2004314.000,65500,1,T1,1,100,37.070
1715670630.381912,2004443.000,65520,1,T1,1,100,37.066
1715670630.515044,2004570.000,15,1,T1,1,100,36.993
1715670630.648175,2004697.000,32,1,T1,1,100,36.961
1715670630.783404,2004826.000,49,1,T1,1,100,36.983
1715670630.914439,2004951.000,65,1,T1,1,100,37.028
1715670631.046523,2005077.000,97,1,T1,1,100,37.012
1715670631.179654,2005204.000,114,1,T1,1,100,36.970
1715670631.312786,2005331.000,131,1,T1,1,100,36.951
1715670631.445918,2005458.000,150,1,T1,1,100,36.908
1715670631.580098,2005586.000,182,1,T1,1,100,36.996
1715670631.713230,2005713.000,198,1,T1,1,100,36.998
1715670631.846362,2005840.000,215,1,T1,1,100,37.035
1715670631.980542,2005968.000,232,1,T1,1,100,37.050
1715670632.113673,2006095.000,263,1,T1,1,100,37.093
1715670632.244709,2006220.000,280,1,T1,1,100,37.040
1715670632.378889,2006348.000,297,1,T1,1,100,36.876
1715670632.510972,2006474.000,314,1,T1,1,100,37.053
1715670632.645152,2006602.000,348,1,T1,1,100,36.952
1715670632.779332,2006730.000,364,1,T1,1,100,36.944
1715670632.912464,2006857.000,381,1,T1,1,100,37.011
1715670633.047693,2006986.000,398,1,T1,1,100,37.005
1715670633.178728,2007111.000,429,1,T1,1,100,37.073
1715670633.309763,2007236.000,447,1,T1,1,100,36.996
1715670633.442895,2007363.000,463,1,T1,1,100,37.069
1715670633.573930,2007488.000,480,1,T1,1,100,37.101
1715670633.709158,2007617.000,514,1,T1,1,100,37.008
1715670633.842290,2007744.000,532,1,T1,1,100,36.933
1715670633.975422,2007871.000,550,1,T1,1,100,36.971
1715670634.110650,2008000.000,566,1,T1,1,100,36.987
1715670634.241686,2008125.000,598,1,T1,1,100,36.924
1715670634.374817,2008252.000,615,1,T1,1,100,37.002
1715670634.507949,2008379.000,631,1,T1,1,100,36.930
1715670634.641081,2008506.000,649,1,T1,1,100,36.970
1715670634.774213,2008633.000,680,1,T1,1,100,36.987
1715670634.908393,2008761.000,696,1,T1,1,100,36.959
1715670635.041525,2008888.000,714,1,T1,1,100,36.982
1715670635.174656,2009015.000,730,1,T1,1,100,37.028
1715670635.309885,2009144.000,762,1,T1,1,100,37.012
1715670635.443017,2009271.000,779,1,T1,1,100,37.041
1715670635.574052,2009396.000,795,1,T1,1,100,37.053
1715670635.707184,2009523.000,813,1,T1,1,100,37.129
1715670635.839267,2009649.000,846,1,T1,1,100,37.091
1715670635.973447,2009777.000,863,1,T1,1,100,37.075
1715670636.107627,2009905.000,880,1,T1,1,100,37.032
1715670636.240759,2010032.000,896,1,T1,1,100,37.085
1715670636.375988,2010161.000,928,1,T1,1,100,37.037
1715670636.507023,2010286.000,945,1,T1,1,100,37.016
1715670636.639106,2010412.000,962,1,T1,1,100,37.007
1715670636.772238,2010539.000,979,1,T1,1,100,37.003
1715670636.903273,2010664.000,1013,1,T1,1,100,37.072
1715670637.038502,2010793.000,1029,1,T1,1,100,36.960
1715670637.171633,2010920.000,1046,1,T1,1,100,36.912
1715670637.304765,2011047.000,1078,1,T1,1,100,36.891
1715670637.439993,2011176.000,1094,1,T1,1,100,37.024
1715670637.572077,2011302.000,1111,1,T1,1,100,36.939
1715670637.705209,2011429.000,1128,1,T1,1,100,37.009
1715670637.838341,2011556.000,1161,1,T1,1,100,36.933
1715670637.971472,2011683.000,1179,1,T1,1,100,37.077
1715670638.103556,2011809.000,1195,1,T1,1,100,37.140
1715670638.237736,2011937.000,1212,1,T1,1,100,37.025
1715670638.370868,2012064.000,1244,1,T1,1,100,37.011
1715670638.503999,2012191.000,1260,1,T1,1,100,37.076
1715670638.639228,2012320.000,1278,1,T1,1,100,37.104
1715670638.772360,2012447.000,1298,1,T1,1,100,37.009
1715670638.903395,2012572.000,1330,1,T1,1,100,37.040
1715670639.035478,2012698.000,1347,1,T1,1,100,37.088
1715670639.167562,2012824.000,1363,1,T1,1,100,37.003
1715670639.301742,2012952.000,1381,1,T1,1,100,37.072
1715670639.435922,2013080.000,1412,1,T1,1,100,37.067
1715670639.569054,2013207.000,1428,1,T1,1,100,37.064
1715670639.703234,2013335.000,1448,1,T1,1,100,37.063
1715670639.835317,2013461.000,1464,1,T1,1,100,36.992
1715670639.968449,2013588.000,1496,1,T1,1,100,37.032
1715670640.101581,2013715.000,1513,1,T1,1,100,37.014
1715670640.232616,2013840.000,1529,1,T1,1,100,37.077
1715670640.366796,2013968.000,1547,1,T1,1,100,36.998
1715670640.499928,2014095.000,1578,1,T1,1,100,37.141
1715670640.633060,2014222.000,1597,1,T1,1,100,37.096
1715670640.768288,2014351.000,1614,1,T1,1,100,37.077
1715670640.901420,2014478.000,1632,1,T1,1,100,37.069
1715670641.034552,2014605.000,1664,1,T1,1,100,36.994
1715670641.167684,2014732.000,1681,1,T1,1,100,36.927
1715670641.300815,2014859.000,1698,1,T1,1,100,37.004
1715670641.431851,2014984.000,1715,1,T1,1,100,37.002
1715670641.566031,2015112.000,1747,1,T1,1,100,36.965
1715670641.699162,2015239.000,1763,1,T1,1,100,36.950
1715670641.832294,2015366.000,1780,1,T1,1,100,36.943
1715670641.967523,2015495.000,1796,1,T1,1,100,36.869
1715670642.100654,2015622.000,1828,1,T1,1,100,36.943
1715670642.231690,2015747.000,1845,1,T1,1,100,36.940
1715670642.364821,2015874.000,1862,1,T1,1,100,36.974
1715670642.496905,2016000.000,1879,1,T1,1,100,37.060
1715670642.631085,2016128.000,1913,1,T1,1,100,37.061
1715670642.765265,2016256.000,1929,1,T1,1,100,37.168
1715670642.898397,2016383.000,1946,1,T1,1,100,37.037
1715670643.032577,2016511.000,1978,1,T1,1,100,37.016
1715670643.165709,2016638.000,1996,1,T1,1,100,37.042
1715670643.299889,2016766.000,2014,1,T1,1,100,36.947
1715670643.433021,2016893.000,2030,1,T1,1,100,37.084
1715670643.564056,2017018.000,2047,1,T1,1,100,37.072
1715670643.697188,2017145.000,2066,1,T1,1,100,37.031
1715670643.830319,2017272.000,2099,1,T1,1,100,37.013
1715670643.963451,2017399.000,2117,1,T1,1,100,36.864
1715670644.098680,2017528.000,2133,1,T1,1,100,36.941
1715670644.230763,2017654.000,2150,1,T1,1,100,37.010
1715670644.363895,2017781.000,2182,1,T1,1,100,36.933
1715670644.497027,2017908.000,2198,1,T1,1,100,37.007
1715670644.629110,2018034.000,2216,1,T1,1,100,37.038
1715670644.760145,2018159.000,2232,1,T1,1,100,37.052
1715670644.894325,2018287.000,2249,1,T1,1,100,37.023
1715670645.027457,2018414.000,2281,1,T1,1,100,37.010
1715670645.160589,2018541.000,2297,1,T1,1,100,37.075
1715670645.295817,2018670.000,2315,1,T1,1,100,36.997
1715670645.428949,2018797.000,2331,1,T1,1,100,36.928
1715670645.562081,2018924.000,2363,1,T1,1,100,37.040
1715670645.695213,2019051.000,2380,1,T1,1,100,37.053
1715670645.827296,2019177.000,2396,1,T1,1,100,37.094
1715670645.961476,2019305.000,2428,1,T1,1,100,36.970
1715670646.095656,2019433.000,2447,1,T1,1,100,37.022
1715670646.228788,2019560.000,2463,1,T1,1,100,36.974
1715670646.362968,2019688.000,2481,1,T1,1,100,37.095
1715670646.496100,2019815.000,2512,1,T1,1,100,37.041
1715670646.630280,2019943.000,2529,1,T1,1,100,37.018
1715670646.763412,2020070.000,2546,1,T1,1,100,37.008
1715670646.894447,2020195.000,2562,1,T1,1,100,36.932
1715670647.026531,2020321.000,2596,1,T1,1,100,36.971
1715670647.159662,2020448.000,2613,1,T1,1,100,36.987
1715670647.292794,2020575.000,2630,1,T1,1,100,36.959
1715670647.428023,2020704.000,2647,1,T1,1,100,37.018
1715670647.560106,2020830.000,2679,1,T1,1,100,37.043
1715670647.693238,2020957.000,2695,1,T1,1,100,37.019
1715670647.826370,2021084.000,2712,1,T1,1,100,37.008
1715670647.958453,2021210.000,2729,1,T1,1,100,37.039
1715670648.089489,2021335.000,2760,1,T1,1,100,37.017
1715670648.223669,2021463.000,2777,1,T1,1,100,36.901
1715670648.356800,2021590.000,2794,1,T1,1,100,36.957
1715670648.489932,2021717.000,2811,1,T1,1,100,36.981
1715670648.625160,2021846.000,2845,1,T1,1,100,37.027
1715670648.758292,2021973.000,2861,1,T1,1,100,36.976
1715670648.892473,2022101.000,2878,1,T1,1,100,37.061
1715670649.025604,2022228.000,2895,1,T1,1,100,37.062
1715670649.157688,2022354.000,2926,1,T1,1,100,36.991
1715670649.290819,2022481.000,2944,1,T1,1,100,37.067
1715670649.424999,2022609.000,2960,1,T1,1,100,37.065
1715670649.558131,2022736.000,2977,1,T1,1,100,36.922
1715670649.692312,2022864.000,3009,1,T1,1,100,37.037
1715670649.825443,2022991.000,3025,1,T1,1,100,36.910
1715670649.959623,2023119.000,3043,1,T1,1,100,36.961
1715670650.092755,2023246.000,3076,1,T1,1,100,36.877
1715670650.223790,2023371.000,3093,1,T1,1,100,36.947
1715670650.354825,2023496.000,3110,1,T1,1,100,37.012
1715670650.487957,2023623.000,3126,1,T1,1,100,37.005
1715670650.621089,2023750.000,3144,1,T1,1,100,36.967
1715670650.756318,2023879.000,3175,1,T1,1,100,36.915
1715670650.888401,2024005.000,3193,1,T1,1,100,37.034
1715670651.021533,2024132.000,3211,1,T1,1,100,37.157
1715670651.155713,2024260.000,3227,1,T1,1,100,37.068
1715670651.287796,2024386.000,3261,1,T1,1,100,37.065
1715670651.418832,2024511.000,3278,1,T1,1,100,37.134
1715670651.553012,2024639.000,3294,1,T1,1,100,37.094
1715670651.686143,2024766.000,3312,1,T1,1,100,37.005
1715670651.819275,2024893.000,3343,1,T1,1,100,36.931
1715670651.954504,2025022.000,3360,1,T1,1,100,36.970
1715670652.087636,2025149.000,3377,1,T1,1,100,37.023
1715670652.221816,2025277.000,3409,1,T1,1,100,37.010
1715670652.354947,2025404.000,3425,1,T1,1,100,36.933
1715670652.487031,2025530.000,3444,1,T1,1,100,37.042
1715670652.619114,2025656.000,3461,1,T1,1,100,36.983
1715670652.753294,2025784.000,3492,1,T1,1,100,37.063
1715670652.886426,2025911.000,3509,1,T1,1,100,37.063
1715670653.020606,2026039.000,3526,1,T1,1,100,37.169
1715670653.153738,2026166.000,3543,1,T1,1,100,37.144
1715670653.287918,2026294.000,3575,1,T1,1,100,37.098
1715670653.421050,2026421.000,3591,1,T1,1,100,37.007
1715670653.552085,2026546.000,3608,1,T1,1,100,37.003
1715670653.683120,2026671.000,3627,1,T1,1,100,36.966
1715670653.816252,2026798.000,3660,1,T1,1,100,36.985
1715670653.949384,2026925.000,3678,1,T1,1,100,37.065
1715670654.084612,2027054.000,3694,1,T1,1,100,37.063
1715670654.216696,2027180.000,3711,1,T1,1,100,36.957
1715670654.349828,2027307.000,3743,1,T1,1,100,37.088
1715670654.484008,2027435.000,3759,1,T1,1,100,36.861
1715670654.616091,2027561.000,3777,1,T1,1,100,36.869
1715670654.747126,2027686.000,3795,1,T1,1,100,37.014
1715670654.881306,2027814.000,3827,1,T1,1,100,37.006
1715670655.013390,2027940.000,3844,1,T1,1,100,37.038
1715670655.146522,2028067.000,3860,1,T1,1,100,36.981
1715670655.281750,2028196.000,3878,1,T1,1,100,36.921
1715670655.414882,2028323.000,3909,1,T1,1,100,37.001
1715670655.549062,2028451.000,3925,1,T1,1,100,37.001
1715670655.682194,2028578.000,3945,1,T1,1,100,37.071
1715670655.814277,2028704.000,3961,1,T1,1,100,37.066
1715670655.945313,2028829.000,3993,1,T1,1,100,37.064
1715670656.079493,2028957.000,4010,1,T1,1,100,36.992
1715670656.212624,2029084.000,4026,1,T1,1,100,37.068
1715670656.346804,2029212.000,4044,1,T1,1,100,36.994
1715670656.479936,2029339.000,4075,1,T1,1,100,37.033
1715670656.614116,2029467.000,4092,1,T1,1,100,37.014
1715670656.747248,2029594.000,4109,1,T1,1,100,37.042
1715670656.878283,2029719.000,4125,1,T1,1,100,37.053
1715670657.009319,2029844.000,4159,1,T1,1,100,37.023
1715670657.142450,2029971.000,4176,1,T1,1,100,37.045
1715670657.275582,2030098.000,4193,1,T1,1,100,37.055
1715670657.410810,2030227.000,4210,1,T1,1,100,37.095
1715670657.542894,2030353.000,4242,1,T1,1,100,37.006
1715670657.676026,2030480.000,4258,1,T1,1,100,37.038
1715670657.811254,2030609.000,4275,1,T1,1,100,36.981
1715670657.943338,2030735.000,4291,1,T1,1,100,36.956
1715670658.074373,2030860.000,4323,1,T1,1,100,36.946
1715670658.208553,2030988.000,4340,1,T1,1,100,36.941
1715670658.340636,2031114.000,4357,1,T1,1,100,36.904
1715670658.473768,2031241.000,4374,1,T1,1,100,36.887
1715670658.608997,2031370.000,4410,1,T1,1,100,36.880
1715670658.742128,2031497.000,4426,1,T1,1,100,36.913
1715670658.876308,2031625.000,4443,1,T1,1,100,36.998
1715670659.009440,2031752.000,4475,1,T1,1,100,36.928
1715670659.141524,2031878.000,4491,1,T1,1,100,36.969
1715670659.272559,2032003.000,4509,1,T1,1,100,37.057
1715670659.406739,2032131.000,4525,1,T1,1,100,37.025
1715670659.539871,2032258.000,4559,1,T1,1,100,37.046
1715670659.674051,2032386.000,4576,1,T1,1,100,36.985
1715670659.807183,2032513.000,4592,1,T1,1,100,36.958
1715670659.941363,2032641.000,4610,1,T1,1,100,36.946
1715670660.074495,2032768.000,4641,1,T1,1,100,37.012
1715670660.205530,2032893.000,4658,1,T1,1,100,36.970
1715670660.336565,2033018.000,4675,1,T1,1,100,36.987
1715670660.469697,2033145.000,4691,1,T1,1,100,36.959
1715670660.602829,2033272.000,4725,1,T1,1,100,36.911
1715670660.738057,2033401.000,4742,1,T1,1,100,36.962
1715670660.870141,2033527.000,4758,1,T1,1,100,36.912
1715670661.003272,2033654.000,4776,1,T1,1,100,36.891
1715670661.138501,2033783.000,4807,1,T1,1,100,36.988
1715670661.270584,2033909.000,4824,1,T1,1,100,36.960
1715670661.401619,2034034.000,4841,1,T1,1,100,36.912
1715670661.534751,2034161.000,4857,1,T1,1,100,36.926
1715670661.666835,2034287.000,4891,1,T1,1,100,36.933
1715670661.799967,2034414.000,4908,1,T1,1,100,36.935
1715670661.935195,2034543.000,4925,1,T1,1,100,37.043
1715670662.068327,2034670.000,4942,1,T1,1,100,36.948
1715670662.202507,2034798.000,4974,1,T1,1,100,36.906
1715670662.335639,2034925.000,4990,1,T1,1,100,36.960
1715670662.467722,2035051.000,5007,1,T1,1,100,36.982
1715670662.597709,2035175.000,5024,1,T1,1,100,36.992
1715670662.731889,2035303.000,5057,1,T1,1,100,36.961
1715670662.865021,2035430.000,5074,1,T1,1,100,36.948
1715670662.999201,2035558.000,5091,1,T1,1,100,36.906
1715670663.132333,2035685.000,5108,1,T1,1,100,36.853
1715670663.266513,2035813.000,5140,1,T1,1,100,36.901
1715670663.399645,2035940.000,5156,1,T1,1,100,36.886
1715670663.531728,2036066.000,5173,1,T1,1,100,37.022
1715670663.662763,2036191.000,5190,1,T1,1,100,37.009
1715670663.795895,2036318.000,5225,1,T1,1,100,37.040
1715670663.929027,2036445.000,5243,1,T1,1,100,37.017
1715670664.064255,2036574.000,5259,1,T1,1,100,37.007
1715670664.196339,2036700.000,5291,1,T1,1,100,37.039
1715670664.329471,2036827.000,5308,1,T1,1,100,37.052
1715670664.465747,2036957.000,5324,1,T1,1,100,36.952
1715670664.597831,2037083.000,5342,1,T1,1,100,36.908
1715670664.728866,2037208.000,5375,1,T1,1,100,36.996
1715670664.860950,2037334.000,5392,1,T1,1,100,36.963
1715670664.993033,2037460.000,5409,1,T1,1,100,36.948
1715670665.126165,2037587.000,5425,1,T1,1,100,37.049
1715670665.261393,2037716.000,5442,1,T1,1,100,37.056
1715670665.394525,2037843.000,5474,1,T1,1,100,36.989
1715670665.528705,2037971.000,5490,1,T1,1,100,36.995
1715670665.661837,2038098.000,5508,1,T1,1,100,36.998
1715670665.793920,2038224.000,5524,1,T1,1,100,36.964
1715670665.923907,2038348.000,5558,1,T1,1,100,36.984
1715670666.058087,2038476.000,5575,1,T1,1,100,36.922
1715670666.191219,2038603.000,5591,1,T1,1,100,36.931
1715670666.325399,2038731.000,5609,1,T1,1,100,36.970
1715670666.458531,2038858.000,5640,1,T1,1,100,37.023
1715670666.592711,2038986.000,5657,1,T1,1,100,37.010
1715670666.726891,2039114.000,5674,1,T1,1,100,37.004
1715670666.858975,2039240.000,5708,1,T1,1,100,36.931
1715670666.990010,2039365.000,5724,1,T1,1,100,36.970
1715670667.123142,2039492.000,5741,1,T1,1,100,36.987
1715670667.254177,2039617.000,5758,1,T1,1,100,36.923
1715670667.389405,2039746.000,5789,1,T1,1,100,36.931
1715670667.521489,2039872.000,5807,1,T1,1,100,37.006
1715670667.654621,2039999.000,5823,1,T1,1,100,37.038
1715670667.790897,2040129.000,5840,1,T1,1,100,37.016
1715670667.922981,2040255.000,5874,1,T1,1,100,36.936
1715670668.054016,2040380.000,5890,1,T1,1,100,36.937
1715670668.185051,2040505.000,5907,1,T1,1,100,36.937
1715670668.317135,2040631.000,5924,1,T1,1,100,36.973
1715670668.450266,2040758.000,5955,1,T1,1,100,37.059
1715670668.585495,2040887.000,5975,1,T1,1,100,37.061
1715670668.718626,2041014.000,5993,1,T1,1,100,37.062
1715670668.852807,2041142.000,6010,1,T1,1,100,36.991
1715670668.985939,2041269.000,6042,1,T1,1,100,36.925
1715670669.119070,2041396.000,6058,1,T1,1,100,37.074
1715670669.249057,2041520.000,6076,1,T1,1,100,37.174
1715670669.383237,2041648.000,6092,1,T1,1,100,37.111
1715670669.516369,2041775.000,6124,1,T1,1,100,37.154
1715670669.650549,2041903.000,6141,1,T1,1,100,36.996
1715670669.783681,2042030.000,6159,1,T1,1,100,36.963
1715670669.917861,2042158.000,6177,1,T1,1,100,36.948
1715670670.052041,2042286.000,6208,1,T1,1,100,37.013
1715670670.185173,2042413.000,6224,1,T1,1,100,36.935
1715670670.316208,2042538.000,6242,1,T1,1,100,36.901
1715670670.449340,2042665.000,6258,1,T1,1,100,36.957
1715670670.580375,2042790.000,6292,1,T1,1,100,36.981
1715670670.715603,2042919.000,6309,1,T1,1,100,37.027
1715670670.847687,2043045.000,6325,1,T1,1,100,36.976
1715670670.980819,2043172.000,6343,1,T1,1,100,36.954
1715670671.117095,2043302.000,6359,1,T1,1,100,37.016
1715670671.249179,2043428.000,6393,1,T1,1,100,36.936
1715670671.380214,2043553.000,6410,1,T1,1,100,37.043
1715670671.511249,2043678.000,6426,1,T1,1,100,36.877
1715670671.643333,2043804.000,6444,1,T1,1,100,36.911
1715670671.776465,2043931.000,6475,1,T1,1,100,36.997
1715670671.911693,2044060.000,6492,1,T1,1,100,36.928
1715670672.044825,2044187.000,6509,1,T1,1,100,36.791
1715670672.179005,2044315.000,6543,1,T1,1,100,36.839
1715670672.312137,2044442.000,6559,1,T1,1,100,37.001
1715670672.445268,2044569.000,6576,1,T1,1,100,36.965
1715670672.575255,2044693.000,6593,1,T1,1,100,36.985
1715670672.709435,2044821.000,6624,1,T1,1,100,37.064
1715670672.842567,2044948.000,6642,1,T1,1,100,36.992
1715670672.976747,2045076.000,6658,1,T1,1,100,36.997
1715670673.109879,2045203.000,6675,1,T1,1,100,37.034
1715670673.244059,2045331.000,6709,1,T1,1,100,36.944
1715670673.378239,2045459.000,6725,1,T1,1,100,36.976
1715670673.511371,2045586.000,6742,1,T1,1,100,37.025
1715670673.642406,2045711.000,6761,1,T1,1,100,37.011
1715670673.774490,2045837.000,6792,1,T1,1,100,37.076
1715670673.905525,2045962.000,6810,1,T1,1,100,36.997
1715670674.040753,2046091.000,6826,1,T1,1,100,36.892
1715670674.172837,2046217.000,6843,1,T1,1,100,36.989
1715670674.305969,2046344.000,6875,1,T1,1,100,36.889
1715670674.442245,2046474.000,6893,1,T1,1,100,37.023
1715670674.574329,2046600.000,6911,1,T1,1,100,36.974
1715670674.705364,2046725.000,6927,1,T1,1,100,36.989
1715670674.836399,2046850.000,6959,1,T1,1,100,36.995
1715670674.968483,2046976.000,6976,1,T1,1,100,36.962
1715670675.101615,2047103.000,6992,1,T1,1,100,36.984
1715670675.236843,2047232.000,7010,1,T1,1,100,37.099
1715670675.369975,2047359.000,7041,1,T1,1,100,36.972
1715670675.504155,2047487.000,7059,1,T1,1,100,37.023
1715670675.637287,2047614.000,7077,1,T1,1,100,36.939
1715670675.771467,2047742.000,7093,1,T1,1,100,37.045
1715670675.901454,2047866.000,7125,1,T1,1,100,37.090
1715670676.035634,2047994.000,7142,1,T1,1,100,37.039
1715670676.168766,2048121.000,7158,1,T1,1,100,37.052
1715670676.302946,2048249.000,7176,1,T1,1,100,36.987
1715670676.436077,2048376.000,7209,1,T1,1,100,36.959
1715670676.570257,2048504.000,7226,1,T1,1,100,36.911
1715670676.704437,2048632.000,7243,1,T1,1,100,36.891
1715670676.837569,2048759.000,7259,1,T1,1,100,36.882
1715670676.968605,2048884.000,7276,1,T1,1,100,36.913
1715670677.100688,2049010.000,7307,1,T1,1,100,36.927
1715670677.231723,2049135.000,7324,1,T1,1,100,36.933
1715670677.366952,2049264.000,7341,1,T1,1,100,36.936
1715670677.499035,2049390.000,7357,1,T1,1,100,36.937
1715670677.632167,2049517.000,7391,1,T1,1,100,36.866
1715670677.768444,2049647.000,7408,1,T1,1,100,36.907
1715670677.900527,2049773.000,7425,1,T1,1,100,36.995
1715670678.031562,2049898.000,7442,1,T1,1,100,37.033
1715670678.162598,2050023.000,7458,1,T1,1,100,36.873
1715670678.294681,2050149.000,7490,1,T1,1,100,37.016
1715670678.427813,2050276.000,7507,1,T1,1,100,36.971
1715670678.563041,2050405.000,7524,1,T1,1,100,37.023
1715670678.696173,2050532.000,7543,1,T1,1,100,37.045
1715670678.830353,2050660.000,7577,1,T1,1,100,36.842
1715670678.963485,2050787.000,7593,1,T1,1,100,36.932
1715670679.097665,2050915.000,7610,1,T1,1,100,36.970
1715670679.227652,2051039.000,7626,1,T1,1,100,36.952
1715670679.361832,2051167.000,7658,1,T1,1,100,36.979
1715670679.493916,2051293.000,7675,1,T1,1,100,36.956
1715670679.628096,2051421.000,7692,1,T1,1,100,36.910
1715670679.761227,2051548.000,7709,1,T1,1,100,36.996
1715670679.895407,2051676.000,7743,1,T1,1,100,36.928
1715670680.029588,2051804.000,7759,1,T1,1,100,36.933
1715670680.162719,2051931.000,7776,1,T1,1,100,36.971
1715670680.293755,2052056.000,7793,1,T1,1,100,37.023
1715670680.424790,2052181.000,7824,1,T1,1,100,36.939
1715670680.555825,2052306.000,7842,1,T1,1,100,37.009
1715670680.691053,2052435.000,7858,1,T1,1,100,36.968
1715670680.823137,2052561.000,7875,1,T1,1,100,36.951
1715670680.956269,2052688.000,7909,1,T1,1,100,36.943
1715670681.092545,2052818.000,7925,1,T1,1,100,37.046
1715670681.224629,2052944.000,7943,1,T1,1,100,36.949
1715670681.355664,2053069.000,7959,1,T1,1,100,36.943
1715670681.486699,2053194.000,7991,1,T1,1,100,36.975
1715670681.618783,2053320.000,8008,1,T1,1,100,36.989
1715670681.751915,2053447.000,8024,1,T1,1,100,36.889
1715670681.887143,2053576.000,8041,1,T1,1,100,37.058
1715670682.020275,2053703.000,8075,1,T1,1,100,37.096
1715670682.154455,2053831.000,8091,1,T1,1,100,36.971
1715670682.287586,2053958.000,8109,1,T1,1,100,36.916
1715670682.421767,2054086.000,8140,1,T1,1,100,36.999
1715670682.551754,2054210.000,8157,1,T1,1,100,37.071
1715670682.685934,2054338.000,8174,1,T1,1,100,36.995
1715670682.818017,2054464.000,8190,1,T1,1,100,36.892
1715670682.952197,2054592.000,8222,1,T1,1,100,37.024
1715670683.085329,2054719.000,8241,1,T1,1,100,37.081
1715670683.219509,2054847.000,8258,1,T1,1,100,36.822
1715670683.353689,2054975.000,8275,1,T1,1,100,36.959
1715670683.486821,2055102.000,8307,1,T1,1,100,36.876
1715670683.617856,2055227.000,8325,1,T1,1,100,36.911
1715670683.749940,2055353.000,8342,1,T1,1,100,36.997
1715670683.880975,2055478.000,8359,1,T1,1,100,37.034
1715670684.016203,2055607.000,8376,1,T1,1,100,36.979
1715670684.148287,2055733.000,8410,1,T1,1,100,36.991
1715670684.281419,2055860.000,8426,1,T1,1,100,36.961
1715670684.417695,2055990.000,8443,1,T1,1,100,36.912
1715670684.549779,2056116.000,8475,1,T1,1,100,36.962
1715670684.680814,2056241.000,8491,1,T1,1,100,36.948
1715670684.811849,2056366.000,8508,1,T1,1,100,37.013
1715670684.943933,2056492.000,8525,1,T1,1,100,36.935
1715670685.077065,2056619.000,8556,1,T1,1,100,37.007
1715670685.212293,2056748.000,8576,1,T1,1,100,36.932
1715670685.345425,2056875.000,8592,1,T1,1,100,36.935
1715670685.479605,2057003.000,8609,1,T1,1,100,36.937
1715670685.613785,2057131.000,8641,1,T1,1,100,36.902
1715670685.747965,2057259.000,8657,1,T1,1,100,37.028
1715670685.877952,2057383.000,8675,1,T1,1,100,37.012
1715670686.012132,2057511.000,8691,1,T1,1,100,36.899
1715670686.144215,2057637.000,8708,1,T1,1,100,36.850
1715670686.278395,2057765.000,8742,1,T1,1,100,36.971
1715670686.411527,2057892.000,8758,1,T1,1,100,36.987
1715670686.545707,2058020.000,8776,1,T1,1,100,36.959
1715670686.679887,2058148.000,8792,1,T1,1,100,36.911
1715670686.813019,2058275.000,8824,1,T1,1,100,36.997
1715670686.944054,2058400.000,8841,1,T1,1,100,36.928
1715670687.075090,2058525.000,8857,1,T1,1,100,37.040
1715670687.206125,2058650.000,8875,1,T1,1,100,37.088
1715670687.341353,2058779.000,8906,1,T1,1,100,37.038
1715670687.474485,2058906.000,8924,1,T1,1,100,37.052
1715670687.607617,2059033.000,8942,1,T1,1,100,36.987
1715670687.743893,2059163.000,8958,1,T1,1,100,36.959
1715670687.875977,2059289.000,8990,1,T1,1,100,37.018
1715670688.007012,2059414.000,9007,1,T1,1,100,37.008
1715670688.138047,2059539.000,9023,1,T1,1,100,36.861
1715670688.270131,2059665.000,9041,1,T1,1,100,36.763
1715670688.403263,2059792.000,9074,1,T1,1,100,36.826
1715670688.538491,2059921.000,9091,1,T1,1,100,37.031
1715670688.671623,2060048.000,9110,1,T1,1,100,37.014
1715670688.805803,2060176.000,9126,1,T1,1,100,36.970
1715670688.939983,2060304.000,9158,1,T1,1,100,36.987
1715670689.074163,2060432.000,9175,1,T1,1,100,36.888
1715670689.204150,2060556.000,9192,1,T1,1,100,36.881
1715670689.338330,2060684.000,9209,1,T1,1,100,36.913
1715670689.469365,2060809.000,9241,1,T1,1,100,36.891
1715670689.603545,2060937.000,9259,1,T1,1,100,36.882
1715670689.736677,2061064.000,9276,1,T1,1,100,36.949
1715670689.870857,2061192.000,9293,1,T1,1,100,36.978
1715670690.005037,2061320.000,9324,1,T1,1,100,36.849
1715670690.138169,2061447.000,9341,1,T1,1,100,36.970
1715670690.269204,2061572.000,9358,1,T1,1,100,36.952
1715670690.399191,2061696.000,9375,1,T1,1,100,36.908
1715670690.531275,2061822.000,9407,1,T1,1,100,37.031
1715670690.666503,2061951.000,9423,1,T1,1,100,36.943
1715670690.798587,2062077.000,9442,1,T1,1,100,36.940
1715670690.931719,2062204.000,9459,1,T1,1,100,36.903
1715670691.067995,2062334.000,9476,1,T1,1,100,36.887
1715670691.200079,2062460.000,9508,1,T1,1,100,36.951
1715670691.332162,2062586.000,9524,1,T1,1,100,36.837
1715670691.463197,2062711.000,9541,1,T1,1,100,36.929
1715670691.595281,2062837.000,9558,1,T1,1,100,36.863
1715670691.728413,2062964.000,9591,1,T1,1,100,37.012
1715670691.863641,2063093.000,9609,1,T1,1,100,37.041
1715670691.996773,2063220.000,9625,1,T1,1,100,37.159
1715670692.130953,2063348.000,9657,1,T1,1,100,36.892
1715670692.266181,2063477.000,9674,1,T1,1,100,36.882
1715670692.400361,2063605.000,9690,1,T1,1,100,36.878
1715670692.530348,2063729.000,9708,1,T1,1,100,36.876
1715670692.664528,2063857.000,9739,1,T1,1,100,36.911
1715670692.795563,2063982.000,9756,1,T1,1,100,36.855
1715670692.929744,2064110.000,9775,1,T1,1,100,36.866
1715670693.062876,2064237.000,9791,1,T1,1,100,36.942
1715670693.197056,2064365.000,9823,1,T1,1,100,36.762
1715670693.331236,2064493.000,9840,1,T1,1,100,36.791
1715670693.464367,2064620.000,9856,1,T1,1,100,36.945
1715670693.596451,2064746.000,9876,1,T1,1,100,36.870
1715670693.726438,2064870.000,9907,1,T1,1,100,36.944
1715670693.859570,2064997.000,9924,1,T1,1,100,37.047
1715670693.994798,2065126.000,9943,1,T1,1,100,37.020
1715670694.126882,2065252.000,9959,1,T1,1,100,36.902
1715670694.260013,2065379.000,9991,1,T1,1,100,37.029
1715670694.396290,2065509.000,10008,1,T1,1,100,36.906
1715670694.528373,2065635.000,10025,1,T1,1,100,36.888
1715670694.660457,2065761.000,10042,1,T1,1,100,36.987
1715670694.791492,2065886.000,10074,1,T1,1,100,36.994
1715670694.923576,2066012.000,10090,1,T1,1,100,36.998
1715670695.055659,2066138.000,10109,1,T1,1,100,36.928
1715670695.190887,2066267.000,10126,1,T1,1,100,36.933
1715670695.324019,2066394.000,10157,1,T1,1,100,36.900
1715670695.458200,2066522.000,10174,1,T1,1,100,36.780
1715670695.593428,2066651.000,10191,1,T1,1,100,36.905
1715670695.727608,2066779.000,10208,1,T1,1,100,36.852
1715670695.857595,2066903.000,10240,1,T1,1,100,36.936
1715670695.990726,2067030.000,10256,1,T1,1,100,36.901
1715670696.121762,2067155.000,10275,1,T1,1,100,36.886
1715670696.255942,2067283.000,10292,1,T1,1,100,36.951
1715670696.389074,2067410.000,10323,1,T1,1,100,36.908
1715670696.523254,2067538.000,10341,1,T1,1,100,36.925
1715670696.657434,2067666.000,10357,1,T1,1,100,36.826
1715670696.790566,2067793.000,10374,1,T1,1,100,36.960
1715670696.922649,2067919.000,10406,1,T1,1,100,36.947
1715670697.052636,2068043.000,10422,1,T1,1,100,36.906
1715670697.185768,2068170.000,10440,1,T1,1,100,36.995
1715670697.320996,2068299.000,10458,1,T1,1,100,37.033
1715670697.453080,2068425.000,10490,1,T1,1,100,37.014
1715670697.586211,2068552.000,10507,1,T1,1,100,37.006
1715670697.722488,2068682.000,10523,1,T1,1,100,37.074
1715670697.854572,2068808.000,10541,1,T1,1,100,36.996
1715670697.987704,2068935.000,10572,1,T1,1,100,36.928
1715670698.118739,2069060.000,10588,1,T1,1,100,37.004
1715670698.250822,2069186.000,10608,1,T1,1,100,36.931
1715670698.381857,2069311.000,10624,1,T1,1,100,36.935
1715670698.517086,2069440.000,10658,1,T1,1,100,36.972
1715670698.650218,2069567.000,10675,1,T1,1,100,37.023
1715670698.784398,2069695.000,10691,1,T1,1,100,36.975
1715670698.919626,2069824.000,10709,1,T1,1,100,37.024
1715670699.053806,2069952.000,10725,1,T1,1,100,36.975
1715670699.183793,2070076.000,10757,1,T1,1,100,36.989
1715670699.315876,2070202.000,10774,1,T1,1,100,37.066
1715670699.446912,2070327.000,10792,1,T1,1,100,36.993
1715670699.581092,2070455.000,10810,1,T1,1,100,37.033
1715670699.714224,2070582.000,10841,1,T1,1,100,36.979
1715670699.848404,2070710.000,10858,1,T1,1,100,36.884
1715670699.982584,2070838.000,10875,1,T1,1,100,36.879
1715670700.115716,2070965.000,10907,1,T1,1,100,36.948
1715670700.248847,2071092.000,10923,1,T1,1,100,37.013
1715670700.378834,2071216.000,10942,1,T1,1,100,37.006
1715670700.511966,2071343.000,10959,1,T1,1,100,37.002
1715670700.647194,2071472.000,10990,1,T1,1,100,36.966
1715670700.779278,2071598.000,11008,1,T1,1,100,37.021
1715670700.912410,2071725.000,11024,1,T1,1,100,36.973
1715670701.048687,2071855.000,11041,1,T1,1,100,36.953
1715670701.181818,2071982.000,11073,1,T1,1,100,36.909
1715670701.314950,2072109.000,11091,1,T1,1,100,36.890
1715670701.445985,2072234.000,11108,1,T1,1,100,36.846
1715670701.578069,2072360.000,11125,1,T1,1,100,36.898
1715670701.708056,2072484.000,11142,1,T1,1,100,36.991
1715670701.843284,2072613.000,11174,1,T1,1,100,36.890
1715670701.976416,2072740.000,11190,1,T1,1,100,36.811
1715670702.110596,2072868.000,11207,1,T1,1,100,36.953
1715670702.245824,2072997.000,11239,1,T1,1,100,37.015
1715670702.380004,2073125.000,11257,1,T1,1,100,36.971
1715670702.509991,2073249.000,11275,1,T1,1,100,36.952
1715670702.642075,2073375.000,11291,1,T1,1,100,36.979
1715670702.773110,2073500.000,11323,1,T1,1,100,36.956
1715670702.907290,2073628.000,11340,1,T1,1,100,36.981
1715670703.040422,2073755.000,11356,1,T1,1,100,37.027
1715670703.174602,2073883.000,11374,1,T1,1,100,37.047
1715670703.308782,2074011.000,11405,1,T1,1,100,37.056
1715670703.441914,2074138.000,11423,1,T1,1,100,36.989
1715670703.576094,2074266.000,11443,1,T1,1,100,37.031
1715670703.706081,2074390.000,11459,1,T1,1,100,36.978
1715670703.839213,2074517.000,11491,1,T1,1,100,36.849
1715670703.974441,2074646.000,11508,1,T1,1,100,36.970
1715670704.106524,2074772.000,11524,1,T1,1,100,36.916
1715670704.239656,2074899.000,11542,1,T1,1,100,37.035
1715670704.375933,2075029.000,11575,1,T1,1,100,36.944
1715670704.510113,2075157.000,11592,1,T1,1,100,36.869
1715670704.643245,2075284.000,11609,1,T1,1,100,36.873
1715670704.774280,2075409.000,11625,1,T1,1,100,37.016
1715670704.906363,2075535.000,11657,1,T1,1,100,36.936
1715670705.036350,2075659.000,11674,1,T1,1,100,36.901
1715670705.171579,2075788.000,11691,1,T1,1,100,36.993
1715670705.304711,2075915.000,11710,1,T1,1,100,36.961
1715670705.438891,2076043.000,11742,1,T1,1,100,36.877
1715670705.574119,2076172.000,11758,1,T1,1,100,36.947
1715670705.708299,2076300.000,11775,1,T1,1,100,36.871
1715670705.838286,2076424.000,11792,1,T1,1,100,36.838
1715670705.970370,2076550.000,11823,1,T1,1,100,36.894
1715670706.101405,2076675.000,11840,1,T1,1,100,36.883
1715670706.235585,2076803.000,11857,1,T1,1,100,36.808
1715670706.368717,2076930.000,11876,1,T1,1,100,36.881
1715670706.502897,2077058.000,11908,1,T1,1,100,36.878
1715670706.637077,2077186.000,11924,1,T1,1,100,36.947
1715670706.770209,2077313.000,11941,1,T1,1,100,36.906
1715670706.904389,2077441.000,11958,1,T1,1,100,37.101
1715670707.034376,2077565.000,11989,1,T1,1,100,37.044
1715670707.167507,2077692.000,12007,1,T1,1,100,36.983
1715670707.302736,2077821.000,12023,1,T1,1,100,36.993
1715670707.434819,2077947.000,12040,1,T1,1,100,37.032
1715670707.567951,2078074.000,12074,1,T1,1,100,37.014
1715670707.704228,2078204.000,12090,1,T1,1,100,36.864
1715670707.837359,2078331.000,12108,1,T1,1,100,36.870
1715670707.970491,2078458.000,12124,1,T1,1,100,37.015
1715670708.101526,2078583.000,12156,1,T1,1,100,36.971
1715670708.233610,2078709.000,12173,1,T1,1,100,36.952
1715670708.363597,2078833.000,12189,1,T1,1,100,36.908
1715670708.498825,2078962.000,12207,1,T1,1,100,36.925
1715670708.631957,2079089.000,12242,1,T1,1,100,36.967
1715670708.766137,2079217.000,12258,1,T1,1,100,36.950
1715670708.901366,2079346.000,12276,1,T1,1,100,37.014
1715670709.035546,2079474.000,12292,1,T1,1,100,36.935
1715670709.165533,2079598.000,12324,1,T1,1,100,36.972
1715670709.297616,2079724.000,12341,1,T1,1,100,36.952
1715670709.428651,2079849.000,12357,1,T1,1,100,36.908
1715670709.562831,2079977.000,12377,1,T1,1,100,36.996
1715670709.695963,2080104.000,12408,1,T1,1,100,36.998
1715670709.830143,2080232.000,12425,1,T1,1,100,36.999
1715670709.964323,2080360.000,12442,1,T1,1,100,36.858
1715670710.097455,2080487.000,12458,1,T1,1,100,36.903
1715670710.230587,2080614.000,12490,1,T1,1,100,37.029
1715670710.360574,2080738.000,12507,1,T1,1,100,37.013
1715670710.493706,2080865.000,12524,1,T1,1,100,36.970
1715670710.628934,2080994.000,12543,1,T1,1,100,36.952
1715670710.761018,2081120.000,12558,1,T1,1,100,36.873
1715670710.894149,2081247.000,12590,1,T1,1,100,36.945
1715670711.030426,2081377.000,12607,1,T1,1,100,36.905
1715670711.162509,2081503.000,12624,1,T1,1,100,36.994
1715670711.295641,2081630.000,12641,1,T1,1,100,36.927
1715670711.426677,2081755.000,12673,1,T1,1,100,36.933
1715670711.558760,2081881.000,12689,1,T1,1,100,36.935
1715670711.690844,2082007.000,12708,1,T1,1,100,36.901
1715670711.826072,2082136.000,12725,1,T1,1,100,36.957
1715670711.959204,2082263.000,12756,1,T1,1,100,36.981
1715670712.093384,2082391.000,12773,1,T1,1,100,36.886
1715670712.228612,2082520.000,12790,1,T1,1,100,36.844
1715670712.362792,2082648.000,12807,1,T1,1,100,36.862
1715670712.492779,2082772.000,12823,1,T1,1,100,36.905
1715670712.625911,2082899.000,12855,1,T1,1,100,36.923
1715670712.756946,2083024.000,12874,1,T1,1,100,36.931
1715670712.891126,2083152.000,12891,1,T1,1,100,37.006
1715670713.024258,2083279.000,12922,1,T1,1,100,36.932
1715670713.158438,2083407.000,12940,1,T1,1,100,36.970
1715670713.292618,2083535.000,12956,1,T1,1,100,37.023
1715670713.425750,2083662.000,12973,1,T1,1,100,37.045
1715670713.556785,2083787.000,13007,1,T1,1,100,37.020
1715670713.686772,2083911.000,13025,1,T1,1,100,36.938
1715670713.819904,2084038.000,13043,1,T1,1,100,36.973
1715670713.955132,2084167.000,13059,1,T1,1,100,36.988
1715670714.087216,2084293.000,13091,1,T1,1,100,36.959
1715670714.220348,2084420.000,13108,1,T1,1,100,36.982
1715670714.356624,2084550.000,13124,1,T1,1,100,36.922
1715670714.488708,2084676.000,13142,1,T1,1,100,37.001
1715670714.620791,2084802.000,13173,1,T1,1,100,36.859
1715670714.751827,2084927.000,13190,1,T1,1,100,36.903
1715670714.883910,2085053.000,13209,1,T1,1,100,37.029
1715670715.017042,2085180.000,13225,1,T1,1,100,36.977
1715670715.152270,2085309.000,13257,1,T1,1,100,36.919
1715670715.285402,2085436.000,13274,1,T1,1,100,36.965
1715670715.419582,2085564.000,13290,1,T1,1,100,36.949
1715670715.553762,2085692.000,13308,1,T1,1,100,36.943
1715670715.687942,2085820.000,13339,1,T1,1,100,36.904
1715670715.817929,2085944.000,13356,1,T1,1,100,36.923
1715670715.952109,2086072.000,13375,1,T1,1,100,36.931
1715670716.084193,2086198.000,13391,1,T1,1,100,36.899
1715670716.218373,2086326.000,13423,1,T1,1,100,36.886
1715670716.351505,2086453.000,13440,1,T1,1,100,36.844
1715670716.485685,2086581.000,13457,1,T1,1,100,36.826
1715670716.619865,2086709.000,13474,1,T1,1,100,36.889
1715670716.752996,2086836.000,13506,1,T1,1,100,36.881
1715670716.884032,2086961.000,13522,1,T1,1,100,36.842
1715670717.015067,2087086.000,13541,1,T1,1,100,36.932
1715670717.148199,2087213.000,13558,1,T1,1,100,36.970
1715670717.283427,2087342.000,13589,1,T1,1,100,36.916
1715670717.414462,2087467.000,13607,1,T1,1,100,36.964
1715670717.548642,2087595.000,13623,1,T1,1,100,36.949
1715670717.684919,2087725.000,13640,1,T1,1,100,36.942
1715670717.817003,2087851.000,13672,1,T1,1,100,36.940
1715670717.948038,2087976.000,13688,1,T1,1,100,36.938
1715670718.079073,2088101.000,13707,1,T1,1,100,36.973
1715670718.211156,2088227.000,13724,1,T1,1,100,36.847
1715670718.344288,2088354.000,13755,1,T1,1,100,36.934
1715670718.479517,2088483.000,13773,1,T1,1,100,36.900
1715670718.612648,2088610.000,13791,1,T1,1,100,36.992
1715670718.746829,2088738.000,13808,1,T1,1,100,36.961
1715670718.879960,2088865.000,13840,1,T1,1,100,36.983
1715670719.014140,2088993.000,13856,1,T1,1,100,36.957
1715670719.144127,2089117.000,13874,1,T1,1,100,36.946
1715670719.278307,2089245.000,13892,1,T1,1,100,36.906
1715670719.411439,2089372.000,13909,1,T1,1,100,36.995
1715670719.545619,2089500.000,13941,1,T1,1,100,36.927
1715670719.678751,2089627.000,13957,1,T1,1,100,36.933
1715670719.812931,2089755.000,13975,1,T1,1,100,36.900
1715670719.947111,2089883.000,14006,1,T1,1,100,36.957
1715670720.080243,2090010.000,14023,1,T1,1,100,36.875
1715670720.211278,2090135.000,14040,1,T1,1,100,36.981
1715670720.344410,2090262.000,14058,1,T1,1,100,36.921
1715670720.477542,2090389.000,14090,1,T1,1,100,36.895
1715670720.612770,2090518.000,14107,1,T1,1,100,36.884
1715670720.743805,2090643.000,14123,1,T1,1,100,36.914
1715670720.877985,2090771.000,14141,1,T1,1,100,36.892
1715670721.014262,2090901.000,14172,1,T1,1,100,36.918
1715670721.146346,2091027.000,14189,1,T1,1,100,37.000
1715670721.277381,2091152.000,14206,1,T1,1,100,37.035
1715670721.408416,2091277.000,14222,1,T1,1,100,36.909
1715670721.540499,2091403.000,14256,1,T1,1,100,36.925
1715670721.673631,2091530.000,14273,1,T1,1,100,36.861
1715670721.808860,2091659.000,14290,1,T1,1,100,36.905
1715670721.941992,2091786.000,14307,1,T1,1,100,36.959
1715670722.076172,2091914.000,14339,1,T1,1,100,36.982
1715670722.209303,2092041.000,14355,1,T1,1,100,36.921
1715670722.341387,2092167.000,14372,1,T1,1,100,36.966
1715670722.471374,2092291.000,14389,1,T1,1,100,36.950
1715670722.605554,2092419.000,14422,1,T1,1,100,37.014
1715670722.738686,2092546.000,14440,1,T1,1,100,36.935
1715670722.872866,2092674.000,14456,1,T1,1,100,36.901
1715670723.005997,2092801.000,14473,1,T1,1,100,36.851
1715670723.140177,2092929.000,14505,1,T1,1,100,36.865
1715670723.273309,2093056.000,14521,1,T1,1,100,36.977
1715670723.406441,2093183.000,14538,1,T1,1,100,36.990
1715670723.537476,2093308.000,14557,1,T1,1,100,36.960
1715670723.670608,2093435.000,14588,1,T1,1,100,36.947
1715670723.804788,2093563.000,14608,1,T1,1,100,36.942
1715670723.940017,2093692.000,14624,1,T1,1,100,36.904
1715670724.072100,2093818.000,14641,1,T1,1,100,36.923
1715670724.206280,2093946.000,14673,1,T1,1,100,37.002
1715670724.342557,2094076.000,14689,1,T1,1,100,36.895
1715670724.474640,2094202.000,14707,1,T1,1,100,36.990
1715670724.605676,2094327.000,14723,1,T1,1,100,36.996
1715670724.738807,2094454.000,14755,1,T1,1,100,36.998
1715670724.870891,2094580.000,14774,1,T1,1,100,37.070
1715670725.004023,2094707.000,14790,1,T1,1,100,37.030
1715670725.139251,2094836.000,14807,1,T1,1,100,37.084
1715670725.272383,2094963.000,14839,1,T1,1,100,36.965
1715670725.406563,2095091.000,14855,1,T1,1,100,36.985
1715670725.539695,2095218.000,14873,1,T1,1,100,36.887
1715670725.671778,2095344.000,14889,1,T1,1,100,36.916
1715670725.801765,2095468.000,14921,1,T1,1,100,36.857
1715670725.935945,2095596.000,14938,1,T1,1,100,36.938
1715670726.069077,2095723.000,14956,1,T1,1,100,36.867
1715670726.203257,2095851.000,14974,1,T1,1,100,36.978
1715670726.336389,2095978.000,15005,1,T1,1,100,36.920
1715670726.470569,2096106.000,15022,1,T1,1,100,36.930
1715670726.602653,2096232.000,15039,1,T1,1,100,36.899
1715670726.734736,2096358.000,15071,1,T1,1,100,36.921
1715670726.865771,2096483.000,15087,1,T1,1,100,36.930
1715670726.998903,2096610.000,15104,1,T1,1,100,36.899
1715670727.133083,2096738.000,15123,1,T1,1,100,36.921
1715670727.268312,2096867.000,15154,1,T1,1,100,36.824
1715670727.399347,2096992.000,15172,1,T1,1,100,36.888
1715670727.533527,2097120.000,15188,1,T1,1,100,36.881
1715670727.668755,2097249.000,15205,1,T1,1,100,36.877
1715670727.800839,2097375.000,15237,1,T1,1,100,36.947
1715670727.931874,2097500.000,15253,1,T1,1,100,36.942
1715670728.066054,2097628.000,15270,1,T1,1,100,36.868
1715670728.198137,2097754.000,15287,1,T1,1,100,36.837
1715670728.331269,2097881.000,15306,1,T1,1,100,36.858
1715670728.466498,2098010.000,15340,1,T1,1,100,36.832
1715670728.599629,2098137.000,15356,1,T1,1,100,36.821
1715670728.733809,2098265.000,15373,1,T1,1,100,36.852
1715670728.866941,2098392.000,15405,1,T1,1,100,36.865
1715670728.999025,2098518.000,15421,1,T1,1,100,36.871
1715670729.131108,2098644.000,15439,1,T1,1,100,36.909
1715670729.265288,2098772.000,15455,1,T1,1,100,36.925
1715670729.398420,2098899.000,15489,1,T1,1,100,36.968
1715670729.532600,2099027.000,15506,1,T1,1,100,36.880
1715670729.665732,2099154.000,15522,1,T1,1,100,36.948
1715670729.799912,2099282.000,15540,1,T1,1,100,36.942
1715670729.931996,2099408.000,15571,1,T1,1,100,36.833
1715670730.063031,2099533.000,15587,1,T1,1,100,36.857
1715670730.194066,2099658.000,15605,1,T1,1,100,36.938
1715670730.327198,2099785.000,15621,1,T1,1,100,36.938
1715670730.461378,2099913.000,15655,1,T1,1,100,36.902
1715670730.596606,2100042.000,15672,1,T1,1,100,36.958
1715670730.727641,2100167.000,15688,1,T1,1,100,37.053
1715670730.861821,2100295.000,15706,1,T1,1,100,36.916
1715670730.996001,2100423.000,15737,1,T1,1,100,36.928
1715670731.128085,2100549.000,15754,1,T1,1,100,36.898
1715670731.259120,2100674.000,15771,1,T1,1,100,36.814
1715670731.393300,2100802.000,15787,1,T1,1,100,36.813
1715670731.526432,2100929.000,15821,1,T1,1,100,36.848
1715670731.659564,2101056.000,15838,1,T1,1,100,36.934
1715670731.794792,2101185.000,15855,1,T1,1,100,36.901
1715670731.927924,2101312.000,15872,1,T1,1,100,36.922
1715670732.062104,2101440.000,15904,1,T1,1,100,36.931
1715670732.195236,2101567.000,15920,1,T1,1,100,36.899
1715670732.327320,2101693.000,15937,1,T1,1,100,36.885
1715670732.460451,2101820.000,15954,1,T1,1,100,36.950
1715670732.594631,2101948.000,15985,1,T1,1,100,36.943
1715670732.727763,2102075.000,16004,1,T1,1,100,36.975
1715670732.861943,2102203.000,16021,1,T1,1,100,36.989
1715670732.995075,2102330.000,16038,1,T1,1,100,36.889
1715670733.129255,2102458.000,16070,1,T1,1,100,36.846
1715670733.261339,2102584.000,16086,1,T1,1,100,36.791
1715670733.392374,2102709.000,16103,1,T1,1,100,36.839
1715670733.523409,2102834.000,16120,1,T1,1,100,36.859
1715670733.656541,2102961.000,16155,1,T1,1,100,36.833
1715670733.790721,2103089.000,16173,1,T1,1,100,36.750
1715670733.925949,2103218.000,16189,1,T1,1,100,36.892
1715670734.056984,2103343.000,16206,1,T1,1,100,36.882
1715670734.191164,2103471.000,16238,1,T1,1,100,36.843
1715670734.324296,2103598.000,16254,1,T1,1,100,36.932
1715670734.456380,2103724.000,16272,1,T1,1,100,36.900
1715670734.587415,2103849.000,16288,1,T1,1,100,36.886
1715670734.721595,2103977.000,16320,1,T1,1,100,36.915
1715670734.854727,2104104.000,16339,1,T1,1,100,36.892
1715670734.987859,2104231.000,16355,1,T1,1,100,37.060
1715670735.123087,2104360.000,16372,1,T1,1,100,36.955
1715670735.256219,2104487.000,16404,1,T1,1,100,36.945
1715670735.390399,2104615.000,16420,1,T1,1,100,36.976
1715670735.523531,2104742.000,16438,1,T1,1,100,36.919
1715670735.655614,2104868.000,16469,1,T1,1,100,36.929
1715670735.788746,2104995.000,16486,1,T1,1,100,36.899
1715670735.922926,2105123.000,16505,1,T1,1,100,36.921
1715670736.056058,2105250.000,16521,1,T1,1,100,36.966
1715670736.190238,2105378.000,16553,1,T1,1,100,37.021
1715670736.323370,2105505.000,16570,1,T1,1,100,36.796
1715670736.457550,2105633.000,16587,1,T1,1,100,36.876
1715670736.589633,2105759.000,16604,1,T1,1,100,36.876
1715670736.720669,2105884.000,16636,1,T1,1,100,36.982
1715670736.851704,2106009.000,16652,1,T1,1,100,36.957
1715670736.984836,2106136.000,16671,1,T1,1,100,36.910
1715670737.119016,2106264.000,16688,1,T1,1,100,36.926
1715670737.254244,2106393.000,16705,1,T1,1,100,36.968
1715670737.385279,2106518.000,16737,1,T1,1,100,36.880
1715670737.519459,2106646.000,16753,1,T1,1,100,36.842
1715670737.652591,2106773.000,16770,1,T1,1,100,36.967
1715670737.783626,2106898.000,16786,1,T1,1,100,36.950
1715670737.914662,2107023.000,16818,1,T1,1,100,37.014
1715670738.048842,2107151.000,16835,1,T1,1,100,36.935
1715670738.181973,2107278.000,16854,1,T1,1,100,37.007
1715670738.315105,2107405.000,16871,1,T1,1,100,36.932
1715670738.450334,2107534.000,16905,1,T1,1,100,36.900
1715670738.583465,2107661.000,16921,1,T1,1,100,36.815
1715670738.716597,2107788.000,16938,1,T1,1,100,36.849
1715670738.849729,2107915.000,16970,1,T1,1,100,36.793
1715670738.981812,2108041.000,16986,1,T1,1,100,36.946
1715670739.115993,2108169.000,17004,1,T1,1,100,36.906
1715670739.250173,2108297.000,17020,1,T1,1,100,36.959
1715670739.383305,2108424.000,17054,1,T1,1,100,36.982
1715670739.517485,2108552.000,17071,1,T1,1,100,36.957
1715670739.650616,2108679.000,17087,1,T1,1,100,36.875
1715670739.784796,2108807.000,17105,1,T1,1,100,36.910
1715670739.916880,2108933.000,17136,1,T1,1,100,36.890
1715670740.047915,2109058.000,17153,1,T1,1,100,37.023
1715670740.179999,2109184.000,17170,1,T1,1,100,37.046
1715670740.313130,2109311.000,17188,1,T1,1,100,36.878
1715670740.447310,2109439.000,17220,1,T1,1,100,36.805
1715670740.582539,2109568.000,17237,1,T1,1,100,36.916
1715670740.714622,2109694.000,17253,1,T1,1,100,36.857
1715670740.848803,2109822.000,17271,1,T1,1,100,36.903
1715670740.981934,2109949.000,17302,1,T1,1,100,36.922
1715670741.111921,2110073.000,17319,1,T1,1,100,36.931
1715670741.244005,2110199.000,17336,1,T1,1,100,36.970
1715670741.378185,2110327.000,17352,1,T1,1,100,36.916
1715670741.511317,2110454.000,17386,1,T1,1,100,36.964
1715670741.644448,2110581.000,17403,1,T1,1,100,36.984
1715670741.779677,2110710.000,17420,1,T1,1,100,37.029
1715670741.912808,2110837.000,17437,1,T1,1,100,36.941
1715670742.044892,2110963.000,17469,1,T1,1,100,36.975
1715670742.178024,2111090.000,17485,1,T1,1,100,36.847
1715670742.310107,2111216.000,17502,1,T1,1,100,36.934
1715670742.444287,2111344.000,17519,1,T1,1,100,36.830
1715670742.578468,2111472.000,17552,1,T1,1,100,36.891
1715670742.711599,2111599.000,17569,1,T1,1,100,36.953
1715670742.845779,2111727.000,17586,1,T1,1,100,36.944
1715670742.977863,2111853.000,17603,1,T1,1,100,36.940
1715670743.112043,2111981.000,17635,1,T1,1,100,36.939
1715670743.244127,2112107.000,17651,1,T1,1,100,36.938
1715670743.375162,2112232.000,17668,1,T1,1,100,37.009
1715670743.508293,2112359.000,17685,1,T1,1,100,37.004
1715670743.641425,2112486.000,17720,1,T1,1,100,36.931
1715670743.775605,2112614.000,17738,1,T1,1,100,36.899
1715670743.910834,2112743.000,17755,1,T1,1,100,36.992
1715670744.042917,2112869.000,17771,1,T1,1,100,36.961
1715670744.177097,2112997.000,17789,1,T1,1,100,36.983
1715670744.310229,2113124.000,17805,1,T1,1,100,36.993
1715670744.441264,2113249.000,17837,1,T1,1,100,36.926
1715670744.572299,2113374.000,17854,1,T1,1,100,36.897
1715670744.706480,2113502.000,17872,1,T1,1,100,36.814
1715670744.839611,2113629.000,17890,1,T1,1,100,36.884
1715670744.972743,2113756.000,17921,1,T1,1,100,36.950
1715670745.107971,2113885.000,17938,1,T1,1,100,37.014
1715670745.241103,2114012.000,17955,1,T1,1,100,36.970
1715670745.372139,2114137.000,17971,1,T1,1,100,36.916
1715670745.505270,2114264.000,18003,1,T1,1,100,36.928
1715670745.637354,2114390.000,18020,1,T1,1,100,36.934
1715670745.771534,2114518.000,18037,1,T1,1,100,36.936
1715670745.905714,2114646.000,18056,1,T1,1,100,36.937
1715670746.038846,2114773.000,18088,1,T1,1,100,36.973
1715670746.173026,2114901.000,18104,1,T1,1,100,37.024
1715670746.305110,2115027.000,18121,1,T1,1,100,36.939
1715670746.438241,2115154.000,18138,1,T1,1,100,36.938
1715670746.570325,2115280.000,18169,1,T1,1,100,36.902
1715670746.701360,2115405.000,18186,1,T1,1,100,36.887
1715670746.835540,2115533.000,18203,1,T1,1,100,36.845
1715670746.968672,2115660.000,18222,1,T1,1,100,36.720
1715670747.102852,2115788.000,18254,1,T1,1,100,36.879
1715670747.238080,2115917.000,18270,1,T1,1,100,36.912
1715670747.370164,2116043.000,18287,1,T1,1,100,36.891
1715670747.504344,2116171.000,18304,1,T1,1,100,36.917
1715670747.637475,2116298.000,18335,1,T1,1,100,36.893
1715670747.768511,2116423.000,18353,1,T1,1,100,36.989
1715670747.900594,2116549.000,18369,1,T1,1,100,36.960
1715670748.034774,2116677.000,18386,1,T1,1,100,36.912
1715670748.167906,2116804.000,18420,1,T1,1,100,36.891
1715670748.301038,2116931.000,18436,1,T1,1,100,36.917
1715670748.436266,2117060.000,18454,1,T1,1,100,37.000
1715670748.569398,2117187.000,18472,1,T1,1,100,37.000
1715670748.700433,2117312.000,18504,1,T1,1,100,37.000
1715670748.832517,2117438.000,18521,1,T1,1,100,36.894
1715670748.964600,2117564.000,18537,1,T1,1,100,36.777
1715670749.098780,2117692.000,18555,1,T1,1,100,36.762
1715670749.232960,2117820.000,18588,1,T1,1,100,36.932
1715670749.366092,2117947.000,18604,1,T1,1,100,36.900
1715670749.500272,2118075.000,18622,1,T1,1,100,37.028
1715670749.632356,2118201.000,18638,1,T1,1,100,36.906
1715670749.764439,2118327.000,18670,1,T1,1,100,36.888
1715670749.896523,2118453.000,18687,1,T1,1,100,36.845
1715670750.027558,2118578.000,18703,1,T1,1,100,36.969
1715670750.162786,2118707.000,18721,1,T1,1,100,36.915
1715670750.295918,2118834.000,18754,1,T1,1,100,36.893
1715670750.430098,2118962.000,18771,1,T1,1,100,36.989
1715670750.565327,2119091.000,18788,1,T1,1,100,36.960
1715670750.695314,2119215.000,18804,1,T1,1,100,36.983
1715670750.829494,2119343.000,18836,1,T1,1,100,36.992
1715670750.962626,2119470.000,18853,1,T1,1,100,36.926
1715670751.093661,2119595.000,18870,1,T1,1,100,36.932
1715670751.227841,2119723.000,18887,1,T1,1,100,36.900
1715670751.362021,2119851.000,18921,1,T1,1,100,36.957
1715670751.495153,2119978.000,18937,1,T1,1,100,36.839
1715670751.628284,2120105.000,18954,1,T1,1,100,36.966
1715670751.763513,2120234.000,18971,1,T1,1,100,36.914
1715670751.896645,2120361.000,19002,1,T1,1,100,36.892
1715670752.027680,2120486.000,19019,1,T1,1,100,36.847
1715670752.161860,2120614.000,19036,1,T1,1,100,36.969
1715670752.293943,2120740.000,19053,1,T1,1,100,36.987
1715670752.428123,2120868.000,19087,1,T1,1,100,36.923
1715670752.561779,2120995.500,19105,2,T1,1,100,36.825
1715670752.695435,2121123.000,19105,2,T1,1,100,36.747
1715670752.829615,2121251.000,19122,1,T1,1,100,36.855
1715670752.961699,2121377.000,19139,1,T1,1,100,36.866
1715670753.093782,2121503.000,19174,1,T1,1,100,36.871
1715670753.225866,2121629.000,19190,1,T1,1,100,36.838
1715670753.356901,2121754.000,19207,1,T1,1,100,36.965
1715670753.492130,2121883.000,19224,1,T1,1,100,36.985
1715670753.625261,2122010.000,19259,1,T1,1,100,36.958
1715670753.759441,2122138.000,19277,1,T1,1,100,36.911
1715670753.894670,2122267.000,19293,1,T1,1,100,37.032
1715670754.024657,2122391.000,19310,1,T1,1,100,36.943
1715670754.157789,2122518.000,19345,1,T1,1,100,36.975
1715670754.290920,2122645.000,19364,1,T1,1,100,36.954
1715670754.421956,2122770.000,19382,1,T1,1,100,36.838
1715670754.556136,2122898.000,19398,1,T1,1,100,36.895
1715670754.690316,2123026.000,19415,1,T1,1,100,36.848
1715670754.823447,2123153.000,19449,1,T1,1,100,36.934
1715670754.956579,2123280.000,19468,1,T1,1,100,36.972
1715670755.090759,2123408.000,19486,1,T1,1,100,36.917
1715670755.223891,2123535.000,19517,1,T1,1,100,37.035
1715670755.354926,2123660.000,19534,1,T1,1,100,36.944
1715670755.489106,2123788.000,19551,1,T1,1,100,37.011
1715670755.622238,2123915.000,19567,1,T1,1,100,36.934
1715670755.756418,2124043.000,19588,1,T1,1,100,36.936
1715670755.890598,2124171.000,19606,1,T1,1,100,37.008
1715670756.023730,2124298.000,19638,1,T1,1,100,36.897
1715670756.157910,2124426.000,19655,1,T1,1,100,36.814
1715670756.289994,2124552.000,19674,1,T1,1,100,36.848
1715670756.422077,2124678.000,19692,1,T1,1,100,36.864
1715670756.554161,2124804.000,19723,1,T1,1,100,36.835
1715670756.685196,2124929.000,19739,1,T1,1,100,36.858
1715670756.820424,2125058.000,19757,1,T1,1,100,36.867
1715670756.953556,2125185.000,19778,1,T1,1,100,36.872
1715670757.087736,2125313.000,19810,1,T1,1,100,36.909
1715670757.222965,2125442.000,19827,1,T1,1,100,36.890
1715670757.354000,2125567.000,19843,1,T1,1,100,36.917
1715670757.487132,2125694.000,19861,1,T1,1,100,36.929
1715670757.620263,2125821.000,19895,1,T1,1,100,36.934
1715670757.751299,2125946.000,19912,1,T1,1,100,36.936
1715670757.885479,2126074.000,19929,1,T1,1,100,36.830
1715670758.019659,2126202.000,19950,1,T1,1,100,36.785
1715670758.152791,2126329.000,19984,1,T1,1,100,36.907
1715670758.285922,2126456.000,20004,1,T1,1,100,36.889
1715670758.419054,2126583.000,20021,1,T1,1,100,36.952
1715670758.552186,2126710.000,20040,1,T1,1,100,36.944
1715670758.683221,2126835.000,20072,1,T1,1,100,37.117
1715670758.817401,2126963.000,20088,1,T1,1,100,37.015
1715670758.950533,2127090.000,20105,1,T1,1,100,36.971
1715670759.084713,2127218.000,20124,1,T1,1,100,36.988
1715670759.218893,2127346.000,20158,1,T1,1,100,37.030
1715670759.352025,2127473.000,20175,1,T1,1,100,36.978
1715670759.486205,2127601.000,20192,1,T1,1,100,36.955
1715670759.618289,2127727.000,20212,1,T1,1,100,36.874
1715670759.750372,2127853.000,20244,1,T1,1,100,37.016
1715670759.883504,2127980.000,20260,1,T1,1,100,37.043
1715670760.014539,2128105.000,20277,1,T1,1,100,36.948
1715670760.149767,2128234.000,20299,1,T1,1,100,37.013
1715670760.282899,2128361.000,20316,1,T1,1,100,36.935
1715670760.417079,2128489.000,20348,1,T1,1,100,36.972
1715670760.552308,2128618.000,20364,1,T1,1,100,36.917
1715670760.682295,2128742.000,20381,1,T1,1,100,36.964
1715670760.814378,2128868.000,20398,1,T1,1,100,37.055
1715670760.947510,2128995.000,20429,1,T1,1,100,37.024
1715670761.078545,2129120.000,20447,1,T1,1,100,36.975
1715670761.212725,2129248.000,20466,1,T1,1,100,36.918
1715670761.346905,2129376.000,20485,1,T1,1,100,36.823
1715670761.480037,2129503.000,20520,1,T1,1,100,36.888
1715670761.614217,2129631.000,20536,1,T1,1,100,36.951
1715670761.747349,2129758.000,20554,1,T1,1,100,36.944
1715670761.880481,2129885.000,20570,1,T1,1,100,36.940
1715670762.011516,2130010.000,20605,1,T1,1,100,37.010
1715670762.145696,2130138.000,20622,1,T1,1,100,36.898
1715670762.279876,2130266.000,20638,1,T1,1,100,36.885
1715670762.414056,2130394.000,20658,1,T1,1,100,37.021
1715670762.548236,2130522.000,20692,1,T1,1,100,36.938
1715670762.681368,2130649.000,20708,1,T1,1,100,36.973
1715670762.815548,2130777.000,20726,1,T1,1,100,36.953
1715670762.947632,2130903.000,20742,1,T1,1,100,36.838
1715670763.079715,2131029.000,20774,1,T1,1,100,36.894
1715670763.212847,2131156.000,20791,1,T1,1,100,36.954
1715670763.343882,2131281.000,20815,1,T1,1,100,36.980
1715670763.479110,2131410.000,20837,1,T1,1,100,36.885
1715670763.612242,2131537.000,20853,1,T1,1,100,36.915
1715670763.746422,2131665.000,20885,1,T1,1,100,37.034
1715670763.881651,2131794.000,20905,1,T1,1,100,37.015
1715670764.011638,2131918.000,20921,1,T1,1,100,37.006
1715670764.143721,2132044.000,20939,1,T1,1,100,36.896
1715670764.276853,2132171.000,20970,1,T1,1,100,36.920
1715670764.407888,2132296.000,20987,1,T1,1,100,36.894
1715670764.542068,2132424.000,21004,1,T1,1,100,36.848
1715670764.676248,2132552.000,21025,1,T1,1,100,36.899
1715670764.809380,2132679.000,21057,1,T1,1,100,36.885
1715670764.943560,2132807.000,21074,1,T1,1,100,36.915
1715670765.076692,2132934.000,21091,1,T1,1,100,36.928
1715670765.209824,2133061.000,21111,1,T1,1,100,36.933
1715670765.340859,2133186.000,21127,1,T1,1,100,37.007
1715670765.475039,2133314.000,21159,1,T1,1,100,37.003
1715670765.609219,2133442.000,21176,1,T1,1,100,36.859
1715670765.743399,2133570.000,21195,1,T1,1,100,36.797
1715670765.877579,2133698.000,21229,1,T1,1,100,36.912
1715670766.010711,2133825.000,21246,1,T1,1,100,36.927
1715670766.144891,2133953.000,21263,1,T1,1,100,36.968
1715670766.276975,2134079.000,21280,1,T1,1,100,36.880
1715670766.409058,2134205.000,21315,1,T1,1,100,36.842
1715670766.542190,2134332.000,21331,1,T1,1,100,36.896
1715670766.673225,2134457.000,21348,1,T1,1,100,36.920
1715670766.808454,2134586.000,21365,1,T1,1,100,36.859
1715670766.941585,2134713.000,21384,1,T1,1,100,36.939
1715670767.075765,2134841.000,21416,1,T1,1,100,36.974
1715670767.210994,2134970.000,21435,1,T1,1,100,36.989
1715670767.340981,2135094.000,21452,1,T1,1,100,37.031
1715670767.473064,2135220.000,21469,1,T1,1,100,37.013
1715670767.606196,2135347.000,21500,1,T1,1,100,37.006
1715670767.737231,2135472.000,21518,1,T1,1,100,37.002
1715670767.871411,2135600.000,21537,1,T1,1,100,36.930
1715670768.005591,2135728.000,21554,1,T1,1,100,36.934
1715670768.138723,2135855.000,21588,1,T1,1,100,36.901
1715670768.272903,2135983.000,21604,1,T1,1,100,36.922
1715670768.406035,2136110.000,21622,1,T1,1,100,36.966
1715670768.539167,2136237.000,21640,1,T1,1,100,36.950
1715670768.670202,2136362.000,21660,1,T1,1,100,36.872
1715670768.804382,2136490.000,21681,1,T1,1,100,36.909
1715670768.938562,2136618.000,21712,1,T1,1,100,36.996
1715670769.072742,2136746.000,21732,1,T1,1,100,36.927
1715670769.206923,2136874.000,21751,1,T1,1,100,36.969
1715670769.340054,2137001.000,21768,1,T1,1,100,36.986
1715670769.474234,2137129.000,21800,1,T1,1,100,36.852
1715670769.606318,2137255.000,21816,1,T1,1,100,36.865
1715670769.738401,2137381.000,21834,1,T1,1,100,36.906
1715670769.871533,2137508.000,21853,1,T1,1,100,36.924
1715670770.002568,2137633.000,21885,1,T1,1,100,36.896
1715670770.137797,2137762.000,21904,1,T1,1,100,36.849
1715670770.270928,2137889.000,21920,1,T1,1,100,36.899
1715670770.405108,2138017.000,21941,1,T1,1,100,36.815
1715670770.540337,2138146.000,21972,1,T1,1,100,36.849
1715670770.670324,2138270.000,21989,1,T1,1,100,36.899
1715670770.802407,2138396.000,22006,1,T1,1,100,36.921
1715670770.935539,2138523.000,22022,1,T1,1,100,36.859
1715670771.066574,2138648.000,22057,1,T1,1,100,36.868
1715670771.200754,2138776.000,22074,1,T1,1,100,36.872
1715670771.334934,2138904.000,22092,1,T1,1,100,36.874
1715670771.468066,2139031.000,22110,1,T1,1,100,36.804
1715670771.602247,2139159.000,22141,1,T1,1,100,36.950
1715670771.734330,2139285.000,22161,1,T1,1,100,36.908
1715670771.867462,2139412.000,22178,1,T1,1,100,36.783
1715670771.998497,2139537.000,22194,1,T1,1,100,36.835
1715670772.132677,2139665.000,22226,1,T1,1,100,36.893
1715670772.266857,2139793.000,22246,1,T1,1,100,36.812
1715670772.401037,2139921.000,22265,1,T1,1,100,36.883
1715670772.535217,2140049.000,22282,1,T1,1,100,36.808
1715670772.668349,2140176.000,22314,1,T1,1,100,36.846
1715670772.802529,2140304.000,22333,1,T1,1,100,36.827
1715670772.934613,2140430.000,22350,1,T1,1,100,36.854
1715670773.066696,2140556.000,22367,1,T1,1,100,36.866
1715670773.200876,2140684.000,22384,1,T1,1,100,36.907
1715670773.331911,2140809.000,22416,1,T1,1,100,36.924
1715670773.467140,2140938.000,22436,1,T1,1,100,36.861
1715670773.600271,2141065.000,22453,1,T1,1,100,36.833
1715670773.734452,2141193.000,22472,1,T1,1,100,36.857
1715670773.869680,2141322.000,22504,1,T1,1,100,36.867
1715670774.000715,2141447.000,22521,1,T1,1,100,36.872
1715670774.132799,2141573.000,22543,1,T1,1,100,36.803
1715670774.265930,2141700.000,22563,1,T1,1,100,36.844
1715670774.396966,2141825.000,22580,1,T1,1,100,36.861
1715670774.531146,2141953.000,22597,1,T1,1,100,36.905
1715670774.665326,2142081.000,22615,1,T1,1,100,36.923
1715670774.798458,2142208.000,22647,1,T1,1,100,36.825
1715670774.932638,2142336.000,22664,1,T1,1,100,36.889
1715670775.064721,2142462.000,22681,1,T1,1,100,36.916
1715670775.197853,2142589.000,22698,1,T1,1,100,36.893
1715670775.328888,2142714.000,22717,1,T1,1,100,36.918
1715670775.463068,2142842.000,22749,1,T1,1,100,36.965
1715670775.597249,2142970.000,22766,1,T1,1,100,36.914
1715670775.731429,2143098.000,22785,1,T1,1,100,36.892
1715670775.865609,2143226.000,22805,1,T1,1,100,36.918
1715670775.998740,2143353.000,22822,1,T1,1,100,37.000
1715670776.132921,2143481.000,22839,1,T1,1,100,36.929
1715670776.265004,2143607.000,22858,1,T1,1,100,36.969
1715670776.397088,2143733.000,22875,1,T1,1,100,36.916
1715670776.531268,2143861.000,22907,1,T1,1,100,36.928
1715670776.662303,2143986.000,22923,1,T1,1,100,36.863
1715670776.797531,2144115.000,22941,1,T1,1,100,36.976
1715670776.930663,2144242.000,22974,1,T1,1,100,36.919
1715670777.064843,2144370.000,22991,1,T1,1,100,36.823
1715670777.200071,2144499.000,23008,1,T1,1,100,36.923
1715670777.330058,2144623.000,23024,1,T1,1,100,36.967
1715670777.462142,2144749.000,23056,1,T1,1,100,36.986
1715670777.596322,2144877.000,23076,1,T1,1,100,36.994
1715670777.727357,2145002.000,23093,1,T1,1,100,36.997
1715670777.861537,2145130.000,23112,1,T1,1,100,36.928
1715670777.995717,2145258.000,23128,1,T1,1,100,37.004
1715670778.128849,2145385.000,23163,1,T1,1,100,37.037
1715670778.263029,2145513.000,23180,1,T1,1,100,36.945
1715670778.395113,2145639.000,23197,1,T1,1,100,36.905
1715670778.527196,2145765.000,23216,1,T1,1,100,36.924
1715670778.658231,2145890.000,23251,1,T1,1,100,36.967
1715670778.792412,2146018.000,23267,1,T1,1,100,36.915
1715670778.926592,2146146.000,23284,1,T1,1,100,36.892
1715670779.060772,2146274.000,23303,1,T1,1,100,36.953
1715670779.194952,2146402.000,23334,1,T1,1,100,36.873
1715670779.328084,2146529.000,23354,1,T1,1,100,36.945
1715670779.461215,2146656.000,23376,1,T1,1,100,36.941
1715670779.593299,2146782.000,23393,1,T1,1,100,36.868
1715670779.725382,2146908.000,23410,1,T1,1,100,36.943
1715670779.859562,2147036.000,23427,1,T1,1,100,36.975
1715670779.991646,2147162.000,23462,1,T1,1,100,36.918
1715670780.126874,2147291.000,23480,1,T1,1,100,36.929
1715670780.260006,2147418.000,23497,1,T1,1,100,36.934
1715670780.394186,2147546.000,23514,1,T1,1,100,36.936
1715670780.529414,2147675.000,23545,1,T1,1,100,36.937
1715670780.659401,2147799.000,23562,1,T1,1,100,36.902
1715670780.791485,2147925.000,23582,1,T1,1,100,36.851
1715670780.925665,2148053.000,23599,1,T1,1,100,36.865
1715670781.056700,2148178.000,23631,1,T1,1,100,36.906
1715670781.190880,2148306.000,23649,1,T1,1,100,36.888
1715670781.325060,2148434.000,23666,1,T1,1,100,36.952
1715670781.458192,2148561.000,23686,1,T1,1,100,36.873
1715670781.592372,2148689.000,23703,1,T1,1,100,36.909
1715670781.724456,2148815.000,23735,1,T1,1,100,36.819
1715670781.855491,2148940.000,23751,1,T1,1,100,36.851
1715670781.986526,2149065.000,23771,1,T1,1,100,36.900
1715670782.120706,2149193.000,23788,1,T1,1,100,36.921
1715670782.254886,2149321.000,23821,1,T1,1,100,36.895
1715670782.389066,2149449.000,23839,1,T1,1,100,36.955
1715670782.523247,2149577.000,23855,1,T1,1,100,36.909
1715670782.656378,2149704.000,23875,1,T1,1,100,37.032
1715670782.788462,2149830.000,23907,1,T1,1,100,36.943
1715670782.920545,2149956.000,23923,1,T1,1,100,36.904
1715670783.052629,2150082.000,23941,1,T1,1,100,36.959
1715670783.186809,2150210.000,23960,1,T1,1,100,37.018
1715670783.319941,2150337.000,23994,1,T1,1,100,36.901
1715670783.455169,2150466.000,24013,1,T1,1,100,36.886
1715670783.588301,2150593.000,24029,1,T1,1,100,36.809
1715670783.721433,2150720.000,24061,1,T1,1,100,36.917
1715670783.856661,2150849.000,24081,1,T1,1,100,36.822
1715670783.986648,2150973.000,24098,1,T1,1,100,36.923
1715670784.118731,2151099.000,24115,1,T1,1,100,37.002
1715670784.253960,2151228.000,24131,1,T1,1,100,36.965
1715670784.384995,2151353.000,24168,1,T1,1,100,36.950
1715670784.519175,2151481.000,24185,1,T1,1,100,36.872
1715670784.653355,2151609.000,24201,1,T1,1,100,36.945
1715670784.786487,2151736.000,24219,1,T1,1,100,36.976
1715670784.920667,2151864.000,24240,1,T1,1,100,36.919
1715670785.052751,2151990.000,24258,1,T1,1,100,36.965
1715670785.182737,2152114.000,24277,1,T1,1,100,36.878
1715670785.314821,2152240.000,24309,1,T1,1,100,36.947
1715670785.449001,2152368.000,24328,1,T1,1,100,36.942
1715670785.583181,2152496.000,24344,1,T1,1,100,36.904
1715670785.717361,2152624.000,24362,1,T1,1,100,36.852
1715670785.851541,2152752.000,24396,1,T1,1,100,36.901
1715670785.984673,2152879.000,24412,1,T1,1,100,36.886
1715670786.115708,2153004.000,24430,1,T1,1,100,36.951
1715670786.247792,2153130.000,24446,1,T1,1,100,36.872
1715670786.379875,2153256.000,24478,1,T1,1,100,36.945
1715670786.514055,2153384.000,24498,1,T1,1,100,36.976
1715670786.647187,2153511.000,24516,1,T1,1,100,36.883
1715670786.782416,2153640.000,24534,1,T1,1,100,36.914
1715670786.915547,2153767.000,24565,1,T1,1,100,36.892
1715670787.048679,2153894.000,24582,1,T1,1,100,36.882
1715670787.183908,2154023.000,24599,1,T1,1,100,36.878
1715670787.314943,2154148.000,24615,1,T1,1,100,36.912
1715670787.447026,2154274.000,24647,1,T1,1,100,36.962
1715670787.582255,2154403.000,24666,1,T1,1,100,36.913
1715670787.713290,2154528.000,24683,1,T1,1,100,36.820
1715670787.847470,2154656.000,24703,1,T1,1,100,36.993
1715670787.981650,2154784.000,24719,1,T1,1,100,36.926
1715670788.114782,2154911.000,24751,1,T1,1,100,36.897
1715670788.248962,2155039.000,24768,1,T1,1,100,36.885
1715670788.381045,2155165.000,24785,1,T1,1,100,36.915
1715670788.511032,2155289.000,24804,1,T1,1,100,36.892
1715670788.643116,2155415.000,24838,1,T1,1,100,36.882
1715670788.777296,2155543.000,24854,1,T1,1,100,36.914
1715670788.911476,2155671.000,24871,1,T1,1,100,36.927
1715670789.045656,2155799.000,24903,1,T1,1,100,36.898
1715670789.179836,2155927.000,24919,1,T1,1,100,36.885
1715670789.312968,2156054.000,24942,1,T1,1,100,36.844
1715670789.445051,2156180.000,24959,1,T1,1,100,36.861
1715670789.577135,2156306.000,24979,1,T1,1,100,36.869
1715670789.709219,2156432.000,24996,1,T1,1,100,36.872
1715670789.843399,2156560.000,25029,1,T1,1,100,36.980
1715670789.976530,2156687.000,25046,1,T1,1,100,36.885
1715670790.111759,2156816.000,25063,1,T1,1,100,36.879
1715670790.244890,2156943.000,25085,1,T1,1,100,36.912
1715670790.379071,2157071.000,25105,1,T1,1,100,36.891
1715670790.514299,2157200.000,25122,1,T1,1,100,36.917
1715670790.645334,2157325.000,25138,1,T1,1,100,36.964
1715670790.777418,2157451.000,25158,1,T1,1,100,36.914
1715670790.912646,2157580.000,25192,1,T1,1,100,36.892
1715670791.043681,2157705.000,25209,1,T1,1,100,36.918
1715670791.177861,2157833.000,25226,1,T1,1,100,36.858
1715670791.312041,2157961.000,25242,1,T1,1,100,36.868
1715670791.445173,2158088.000,25274,1,T1,1,100,36.943
1715670791.579353,2158216.000,25294,1,T1,1,100,36.798
1715670791.711437,2158342.000,25311,1,T1,1,100,36.913
1715670791.841424,2158466.000,25330,1,T1,1,100,36.891
1715670791.973507,2158592.000,25362,1,T1,1,100,36.917
1715670792.107687,2158720.000,25378,1,T1,1,100,36.964
1715670792.241867,2158848.000,25398,1,T1,1,100,36.807
1715670792.376047,2158976.000,25414,1,T1,1,100,36.881
1715670792.510227,2159104.000,25446,1,T1,1,100,36.842
1715670792.643359,2159231.000,25463,1,T1,1,100,36.790
1715670792.775443,2159357.000,25480,1,T1,1,100,36.838
1715670792.907526,2159483.000,25502,1,T1,1,100,36.859
1715670793.039610,2159609.000,25534,1,T1,1,100,36.868
1715670793.173790,2159737.000,25550,1,T1,1,100,36.943
1715670793.306922,2159864.000,25567,1,T1,1,100,36.869
1715670793.442150,2159993.000,25586,1,T1,1,100,36.801
1715670793.575282,2160120.000,25603,1,T1,1,100,36.950
1715670793.708414,2160247.000,25635,1,T1,1,100,36.907
1715670793.843642,2160376.000,25653,1,T1,1,100,36.889
1715670793.974677,2160501.000,25670,1,T1,1,100,36.881
1715670794.106761,2160627.000,25687,1,T1,1,100,36.913
1715670794.241989,2160756.000,25721,1,T1,1,100,36.927
1715670794.373024,2160881.000,25739,1,T1,1,100,36.968
1715670794.507204,2161009.000,25755,1,T1,1,100,36.915
1715670794.641384,2161137.000,25772,1,T1,1,100,36.963
1715670794.774516,2161264.000,25804,1,T1,1,100,36.913
1715670794.908696,2161392.000,25823,1,T1,1,100,36.927
1715670795.040780,2161518.000,25843,1,T1,1,100,36.898
1715670795.170767,2161642.000,25859,1,T1,1,100,36.920
1715670795.302850,2161768.000,25891,1,T1,1,100,36.930
1715670795.437030,2161896.000,25908,1,T1,1,100,36.899
1715670795.571210,2162024.000,25932,1,T1,1,100,36.921
1715670795.705390,2162152.000,25950,1,T1,1,100,36.966
1715670795.839571,2162280.000,25968,1,T1,1,100,36.914
1715670795.972702,2162407.000,26000,1,T1,1,100,36.857
1715670796.103738,2162532.000,26020,1,T1,1,100,36.832
1715670796.235821,2162658.000,26036,1,T1,1,100,36.821
1715670796.367905,2162784.000,26053,1,T1,1,100,36.852
1715670796.502085,2162912.000,26085,1,T1,1,100,36.900
1715670796.635216,2163039.000,26103,1,T1,1,100,36.850
1715670796.770445,2163168.000,26121,1,T1,1,100,36.971
1715670796.903577,2163295.000,26140,1,T1,1,100,36.916
1715670797.036708,2163422.000,26172,1,T1,1,100,36.999
1715670797.171937,2163551.000,26189,1,T1,1,100,36.929
1715670797.301924,2163675.000,26205,1,T1,1,100,36.898
1715670797.434007,2163801.000,26226,1,T1,1,100,36.885
1715670797.569236,2163930.000,26259,1,T1,1,100,36.915
1715670797.700271,2164055.000,26276,1,T1,1,100,36.892
1715670797.834451,2164183.000,26293,1,T1,1,100,36.882
1715670797.968631,2164311.000,26309,1,T1,1,100,36.914
1715670798.101763,2164438.000,26344,1,T1,1,100,36.998
1715670798.235943,2164566.000,26361,1,T1,1,100,36.893
1715670798.368026,2164692.000,26378,1,T1,1,100,36.954
1715670798.498013,2164816.000,26397,1,T1,1,100,36.874
1715670798.630097,2164942.000,26434,1,T1,1,100,36.910
1715670798.764277,2165070.000,26450,1,T1,1,100,36.961
1715670798.898457,2165198.000,26467,1,T1,1,100,36.912
1715670799.032637,2165326.000,26483,1,T1,1,100,36.962
1715670799.166817,2165454.000,26515,1,T1,1,100,36.948
1715670799.299949,2165581.000,26532,1,T1,1,100,37.013
1715670799.430984,2165706.000,26552,1,T1,1,100,36.935
1715670799.563068,2165832.000,26569,1,T1,1,100,36.936
1715670799.695151,2165958.000,26601,1,T1,1,100,36.902
1715670799.829331,2166086.000,26620,1,T1,1,100,36.886
1715670799.962463,2166213.000,26637,1,T1,1,100,36.845
1715670800.097691,2166342.000,26656,1,T1,1,100,36.897
1715670800.230823,2166469.000,26687,1,T1,1,100,36.814
1715670800.363955,2166596.000,26705,1,T1,1,100,36.884
1715670800.499183,2166725.000,26721,1,T1,1,100,36.914
1715670800.630219,2166850.000,26741,1,T1,1,100,36.892
1715670800.762302,2166976.000,26760,1,T1,1,100,36.882
1715670800.895434,2167103.000,26798,2,T1,1,100,36.878
1715670801.028566,2167230.000,26798,2,T1,1,100,36.876
1715670801.162746,2167358.000,26817,1,T1,1,100,36.876
1715670801.296926,2167486.000,26834,1,T1,1,100,36.982
1715670801.430058,2167613.000,26868,1,T1,1,100,36.957
1715670801.564238,2167741.000,26884,1,T1,1,100,36.946
1715670801.696321,2167867.000,26902,1,T1,1,100,36.906
1715670801.826308,2167991.000,26918,1,T1,1,100,36.924
1715670801.958391,2168117.000,26953,1,T1,1,100,36.896
1715670802.092571,2168245.000,26972,1,T1,1,100,36.884
1715670802.226752,2168373.000,26988,1,T1,1,100,36.808
1715670802.360932,2168501.000,27006,1,T1,1,100,36.881
1715670802.495112,2168629.000,27040,1,T1,1,100,36.842
1715670802.628244,2168756.000,27056,1,T1,1,100,36.896
1715670802.759279,2168881.000,27074,1,T1,1,100,36.920
1715670802.891362,2169007.000,27090,1,T1,1,100,36.965
1715670803.023446,2169133.000,27122,1,T1,1,100,36.950
1715670803.157626,2169261.000,27144,1,T1,1,100,36.872
1715670803.290758,2169388.000,27160,1,T1,1,100,36.838
1715670803.425986,2169517.000,27180,1,T1,1,100,36.788
1715670803.559118,2169644.000,27211,1,T1,1,100,36.944
1715670803.692250,2169771.000,27228,1,T1,1,100,36.940
1715670803.827478,2169900.000,27245,1,T1,1,100,36.974
1715670803.957465,2170024.000,27261,1,T1,1,100,36.918
1715670804.089549,2170150.000,27293,1,T1,1,100,36.858
1715670804.224777,2170279.000,27312,1,T1,1,100,36.868
1715670804.355812,2170404.000,27329,1,T1,1,100,36.872
1715670804.489992,2170532.000,27346,1,T1,1,100,36.874
1715670804.624172,2170660.000,27381,1,T1,1,100,36.910
1715670804.757304,2170787.000,27397,1,T1,1,100,36.890
1715670804.891484,2170915.000,27414,1,T1,1,100,36.952
1715670805.023568,2171041.000,27430,1,T1,1,100,36.944
1715670805.153554,2171165.000,27465,1,T1,1,100,37.011
1715670805.285638,2171291.000,27482,1,T1,1,100,37.005
1715670805.419818,2171419.000,27501,1,T1,1,100,36.931
1715670805.552950,2171546.000,27518,1,T1,1,100,36.864
1715670805.687130,2171674.000,27550,1,T1,1,100,36.906
1715670805.821310,2171802.000,27569,1,T1,1,100,36.888
1715670805.954442,2171929.000,27586,1,T1,1,100,36.952
1715670806.085477,2172054.000,27603,1,T1,1,100,36.873
1715670806.217561,2172180.000,27643,2,T1,1,100,36.945
1715670806.349644,2172306.000,27643,2,T1,1,100,36.870
1715670806.483824,2172434.000,27662,1,T1,1,100,36.908
1715670806.616956,2172561.000,27694,1,T1,1,100,36.960
1715670806.752184,2172690.000,27710,1,T1,1,100,36.947
1715670806.885316,2172817.000,27727,1,T1,1,100,36.942
1715670807.018448,2172944.000,27747,1,T1,1,100,36.939
1715670807.150532,2173070.000,27778,2,T1,1,100,36.832
1715670807.282615,2173196.000,27778,2,T1,1,100,36.927
1715670807.414698,2173322.000,27796,1,T1,1,100,36.827
1715670807.550975,2173452.000,27832,1,T1,1,100,36.854
1715670807.682010,2173577.000,27849,1,T1,1,100,37.079
1715670807.816190,2173705.000,27866,1,T1,1,100,37.034
1715670807.950371,2173833.000,27882,1,T1,1,100,37.086
1715670808.083502,2173960.000,27914,1,T1,1,100,37.002
1715670808.217682,2174088.000,27931,1,T1,1,100,36.965
1715670808.349766,2174214.000,27951,1,T1,1,100,36.950
1715670808.479753,2174338.000,27970,1,T1,1,100,36.943
1715670808.612885,2174465.000,27986,1,T1,1,100,36.940
1715670808.747065,2174593.000,28020,1,T1,1,100,36.938
1715670808.880196,2174720.000,28040,1,T1,1,100,36.867
1715670809.014376,2174848.000,28057,1,T1,1,100,36.942
1715670809.148556,2174976.000,28074,1,T1,1,100,36.869
1715670809.281688,2175103.000,28106,1,T1,1,100,37.014
1715670809.412724,2175228.000,28122,1,T1,1,100,36.829
1715670809.543759,2175353.000,28139,1,T1,1,100,36.890
1715670809.675842,2175479.000,28159,1,T1,1,100,36.846
1715670809.810022,2175607.000,28192,1,T1,1,100,36.933
1715670809.943154,2175734.000,28209,1,T1,1,100,37.007
1715670810.078382,2175863.000,28226,1,T1,1,100,36.932
1715670810.211514,2175990.000,28243,1,T1,1,100,36.900
1715670810.344646,2176117.000,28278,1,T1,1,100,36.886
1715670810.478826,2176245.000,28294,1,T1,1,100,36.915
1715670810.609861,2176370.000,28311,1,T1,1,100,36.928
1715670810.741945,2176496.000,28328,1,T1,1,100,36.933
1715670810.878222,2176626.000,28361,1,T1,1,100,36.971
1715670811.010305,2176752.000,28379,1,T1,1,100,36.846
1715670811.144485,2176880.000,28398,1,T1,1,100,36.862
1715670811.278665,2177008.000,28415,1,T1,1,100,36.870
1715670811.410749,2177134.000,28432,1,T1,1,100,36.908
1715670811.544929,2177262.000,28449,1,T1,1,100,36.854
1715670811.677012,2177388.000,28486,1,T1,1,100,36.972
1715670811.806999,2177512.000,28502,1,T1,1,100,36.953
1715670811.940131,2177639.000,28522,1,T1,1,100,36.944
1715670812.074311,2177767.000,28538,1,T1,1,100,36.940
1715670812.207443,2177894.000,28558,1,T1,1,100,36.939
1715670812.341623,2178022.000,28574,1,T1,1,100,36.903
1715670812.475803,2178150.000,28606,1,T1,1,100,36.887
1715670812.608935,2178277.000,28623,1,T1,1,100,36.987
1715670812.739970,2178402.000,28643,1,T1,1,100,36.817
1715670812.871005,2178527.000,28660,1,T1,1,100,36.921
1715670813.003089,2178653.000,28694,1,T1,1,100,36.824
1715670813.137269,2178781.000,28710,1,T1,1,100,36.888
1715670813.270401,2178908.000,28727,1,T1,1,100,36.916
1715670813.405629,2179037.000,28744,1,T1,1,100,36.928
1715670813.538761,2179164.000,28780,1,T1,1,100,36.969
1715670813.671893,2179291.000,28798,1,T1,1,100,36.987
1715670813.805024,2179418.000,28814,1,T1,1,100,36.923
1715670813.935011,2179542.000,28831,1,T1,1,100,36.931
1715670814.067095,2179668.000,28868,1,T1,1,100,36.864
1715670814.203372,2179798.000,28884,1,T1,1,100,36.870
1715670814.335455,2179924.000,28902,1,T1,1,100,36.908
1715670814.469635,2180052.000,28918,1,T1,1,100,36.854
1715670814.603815,2180180.000,28950,1,T1,1,100,36.937
1715670814.735899,2180306.000,28967,1,T1,1,100,37.008
1715670814.870079,2180434.000,28983,1,T1,1,100,37.039
1715670815.002162,2180560.000,29001,1,T1,1,100,36.946
1715670815.132149,2180684.000,29037,1,T1,1,100,36.835
1715670815.266329,2180812.000,29054,1,T1,1,100,36.822
1715670815.400509,2180940.000,29072,1,T1,1,100,36.852
1715670815.533641,2181067.000,29090,1,T1,1,100,36.794
1715670815.667821,2181195.000,29107,1,T1,1,100,36.840
1715670815.802001,2181323.000,29139,1,T1,1,100,36.931
1715670815.935133,2181450.000,29158,1,T1,1,100,36.899
1715670816.066168,2181575.000,29176,1,T1,1,100,36.779
1715670816.197204,2181700.000,29192,1,T1,1,100,36.798
1715670816.329287,2181826.000,29226,1,T1,1,100,36.806
1715670816.463467,2181954.000,29246,1,T1,1,100,36.845
1715670816.596599,2182081.000,29262,1,T1,1,100,36.827
1715670816.731827,2182210.000,29280,1,T1,1,100,36.783
1715670816.864959,2182337.000,29311,1,T1,1,100,36.871
1715670816.998091,2182464.000,29328,1,T1,1,100,36.767
1715670817.131223,2182591.000,29350,1,T1,1,100,36.828
1715670817.261210,2182715.000,29366,1,T1,1,100,36.819
1715670817.393293,2182841.000,29403,1,T1,1,100,36.886
1715670817.529570,2182971.000,29420,1,T1,1,100,36.880
1715670817.661653,2183097.000,29437,1,T1,1,100,36.771
1715670817.795833,2183225.000,29454,1,T1,1,100,36.724
1715670817.930013,2183353.000,29489,1,T1,1,100,36.951
1715670818.062097,2183479.000,29505,1,T1,1,100,36.979
1715670818.196277,2183607.000,29522,1,T1,1,100,36.920
1715670818.328361,2183733.000,29539,1,T1,1,100,36.930
1715670818.458348,2183857.000,29577,1,T1,1,100,36.792
1715670818.592528,2183985.000,29594,1,T1,1,100,36.946
1715670818.726708,2184113.000,29611,1,T1,1,100,36.870
1715670818.859839,2184240.000,29628,1,T1,1,100,36.944
1715670818.994020,2184368.000,29660,1,T1,1,100,36.905
1715670819.128200,2184496.000,29676,1,T1,1,100,36.852
1715670819.261331,2184623.000,29693,1,T1,1,100,36.901
1715670819.392367,2184748.000,29710,1,T1,1,100,36.815
1715670819.523402,2184873.000,29741,1,T1,1,100,36.778
1715670819.655485,2184999.000,29761,1,T1,1,100,36.869
1715670819.789665,2185127.000,29777,1,T1,1,100,36.943
1715670819.922797,2185254.000,29794,1,T1,1,100,36.904
1715670820.058026,2185383.000,29826,1,T1,1,100,36.923
1715670820.191157,2185510.000,29842,1,T1,1,100,36.896
1715670820.324289,2185637.000,29863,1,T1,1,100,36.990
1715670820.457421,2185764.000,29882,1,T1,1,100,36.889
1715670820.587408,2185888.000,29914,1,T1,1,100,36.881
1715670820.719491,2186014.000,29933,1,T1,1,100,36.949
1715670820.855768,2186144.000,29949,1,T1,1,100,37.013
1715670820.987852,2186270.000,29967,1,T1,1,100,36.935
1715670821.122032,2186398.000,29983,1,T1,1,100,36.830
1715670821.256212,2186526.000,30018,1,T1,1,100,36.962
1715670821.387247,2186651.000,30035,1,T1,1,100,37.090
1715670821.521427,2186779.000,30051,1,T1,1,100,36.933
1715670821.653511,2186905.000,30068,1,T1,1,100,36.864
1715670821.783497,2187029.000,30105,1,T1,1,100,36.800
1715670821.917677,2187157.000,30121,1,T1,1,100,36.913
1715670822.051857,2187285.000,30139,1,T1,1,100,37.033
1715670822.184989,2187412.000,30155,1,T1,1,100,36.873
1715670822.319170,2187540.000,30190,1,T1,1,100,36.909
1715670822.453350,2187668.000,30212,1,T1,1,100,36.996
1715670822.586481,2187795.000,30229,1,T1,1,100,36.927
1715670822.717516,2187920.000,30246,1,T1,1,100,36.862
1715670822.849600,2188046.000,30264,1,T1,1,100,36.869
1715670822.981683,2188172.000,30284,1,T1,1,100,36.873
1715670823.115864,2188300.000,30316,1,T1,1,100,36.874
1715670823.248995,2188427.000,30332,1,T1,1,100,36.945
1715670823.384224,2188556.000,30352,1,T1,1,100,36.870
1715670823.517356,2188683.000,30368,1,T1,1,100,36.873
1715670823.650487,2188810.000,30400,1,T1,1,100,36.910
1715670823.782571,2188936.000,30417,1,T1,1,100,36.819
1715670823.912558,2189060.000,30436,1,T1,1,100,36.780
1715670824.044641,2189186.000,30456,1,T1,1,100,36.834
1715670824.180918,2189316.000,30487,1,T1,1,100,36.964
1715670824.313001,2189442.000,30507,1,T1,1,100,36.913
1715670824.447181,2189570.000,30524,1,T1,1,100,36.892
1715670824.581362,2189698.000,30556,1,T1,1,100,36.918
1715670824.712397,2189823.000,30572,1,T1,1,100,36.893
1715670824.846577,2189951.000,30589,1,T1,1,100,36.918
1715670824.978660,2190077.000,30606,1,T1,1,100,36.929
1715670825.108647,2190201.000,30628,1,T1,1,100,36.969
1715670825.243876,2190330.000,30660,1,T1,1,100,37.022
1715670825.378056,2190458.000,30676,1,T1,1,100,37.010
1715670825.511188,2190585.000,30696,1,T1,1,100,37.040
1715670825.645368,2190713.000,30713,1,T1,1,100,36.875
1715670825.779548,2190841.000,30744,1,T1,1,100,36.875
1715670825.911631,2190967.000,30761,1,T1,1,100,36.911
1715670826.043715,2191093.000,30780,1,T1,1,100,36.926
1715670826.175798,2191219.000,30797,1,T1,1,100,37.003
1715670826.307882,2191345.000,30832,1,T1,1,100,36.931
1715670826.442062,2191473.000,30848,1,T1,1,100,37.005
1715670826.575194,2191600.000,30865,1,T1,1,100,36.931
1715670826.710422,2191729.000,30882,1,T1,1,100,36.970
1715670826.843554,2191856.000,30916,1,T1,1,100,36.916
1715670826.976686,2191983.000,30934,1,T1,1,100,36.928
1715670827.108769,2192109.000,30952,1,T1,1,100,36.898
1715670827.238756,2192233.000,30969,1,T1,1,100,36.814
1715670827.370840,2192359.000,31001,1,T1,1,100,36.884
1715670827.507116,2192489.000,31020,1,T1,1,100,36.843
1715670827.639200,2192615.000,31038,1,T1,1,100,36.826
1715670827.773380,2192743.000,31054,1,T1,1,100,36.854
1715670827.907560,2192871.000,31091,1,T1,1,100,36.866
1715670828.038595,2192996.000,31108,1,T1,1,100,36.871
1715670828.171727,2193123.000,31129,1,T1,1,100,36.873
1715670828.303810,2193249.000,31147,1,T1,1,100,36.910
1715670828.433797,2193373.000,31180,1,T1,1,100,36.855
1715670828.569026,2193502.000,31196,1,T1,1,100,36.866
1715670828.703206,2193630.000,31214,1,T1,1,100,36.871
1715670828.836338,2193757.000,31233,1,T1,1,100,36.980
1715670828.970518,2193885.000,31265,1,T1,1,100,36.885
1715670829.104698,2194013.000,31282,1,T1,1,100,36.808
1715670829.236781,2194139.000,31300,1,T1,1,100,36.953
1715670829.368865,2194265.000,31321,1,T1,1,100,36.979
1715670829.500948,2194391.000,31337,1,T1,1,100,36.920
1715670829.634080,2194518.000,31369,1,T1,1,100,36.930
1715670829.768260,2194646.000,31386,1,T1,1,100,36.934
1715670829.901392,2194773.000,31402,1,T1,1,100,36.936
1715670830.036620,2194902.000,31420,1,T1,1,100,37.008
1715670830.169752,2195029.000,31451,1,T1,1,100,36.932
1715670830.302884,2195156.000,31470,1,T1,1,100,37.006
1715670830.434967,2195282.000,31490,1,T1,1,100,36.932
1715670830.564954,2195406.000,31506,1,T1,1,100,36.900
1715670830.697038,2195532.000,31527,1,T1,1,100,36.957
1715670830.833314,2195662.000,31558,1,T1,1,100,36.875
1715670830.965398,2195788.000,31575,1,T1,1,100,36.946
1715670831.099578,2195916.000,31592,1,T1,1,100,36.835
1715670831.233758,2196044.000,31608,1,T1,1,100,36.893
1715670831.364793,2196169.000,31645,1,T1,1,100,36.918
1715670831.497925,2196296.000,31662,1,T1,1,100,36.787
1715670831.630009,2196422.000,31679,1,T1,1,100,36.943
1715670831.759995,2196546.000,31696,1,T1,1,100,36.869
1715670831.895224,2196675.000,31728,1,T1,1,100,36.943
1715670832.029404,2196803.000,31747,1,T1,1,100,36.940
1715670832.162536,2196930.000,31764,1,T1,1,100,36.797
1715670832.296716,2197058.000,31781,1,T1,1,100,36.841
1715670832.430896,2197186.000,31814,1,T1,1,100,36.967
1715670832.562979,2197312.000,31832,1,T1,1,100,36.915
1715670832.695063,2197438.000,31851,1,T1,1,100,36.786
1715670832.828195,2197565.000,31868,1,T1,1,100,36.730
1715670832.961327,2197692.000,31900,1,T1,1,100,36.848
1715670833.095507,2197820.000,31916,1,T1,1,100,36.863
1715670833.228638,2197947.000,31942,1,T1,1,100,36.905
1715670833.363867,2198076.000,31962,1,T1,1,100,36.888
1715670833.496999,2198203.000,31979,1,T1,1,100,36.916
1715670833.630130,2198330.000,31996,1,T1,1,100,36.928
1715670833.762214,2198456.000,32013,1,T1,1,100,36.898
1715670833.892201,2198580.000,32029,1,T1,1,100,36.850
1715670834.024284,2198706.000,32064,1,T1,1,100,36.970
1715670834.160561,2198836.000,32081,1,T1,1,100,36.952
1715670834.292645,2198962.000,32098,1,T1,1,100,36.873
1715670834.426825,2199090.000,32115,1,T1,1,100,36.874
1715670834.561005,2199218.000,32152,1,T1,1,100,36.910
1715670834.692040,2199343.000,32168,1,T1,1,100,36.961
1715670834.825172,2199470.000,32185,1,T1,1,100,36.912
1715670834.957255,2199596.000,32202,1,T1,1,100,36.891
1715670835.087242,2199720.000,32233,1,T1,1,100,36.917
1715670835.222471,2199849.000,32250,1,T1,1,100,36.822
1715670835.356651,2199977.000,32270,1,T1,1,100,36.852
1715670835.489782,2200104.000,32289,1,T1,1,100,36.865
1715670835.623962,2200232.000,32321,1,T1,1,100,36.871
1715670835.758142,2200360.000,32337,1,T1,1,100,36.838
1715670835.890226,2200486.000,32354,1,T1,1,100,36.894
1715670836.022310,2200612.000,32374,1,T1,1,100,36.883
1715670836.155441,2200739.000,32405,1,T1,1,100,36.950
1715670836.288573,2200866.000,32423,1,T1,1,100,36.907
1715670836.422753,2200994.000,32439,1,T1,1,100,36.960
1715670836.555885,2201121.000,32461,1,T1,1,100,36.947
1715670836.691113,2201250.000,32493,1,T1,1,100,36.977
1715670836.824245,2201377.000,32509,1,T1,1,100,36.955
1715670836.957377,2201504.000,32527,1,T1,1,100,36.909
1715670837.089460,2201630.000,32546,1,T1,1,100,36.925
1715670837.220496,2201755.000,32578,1,T1,1,100,36.968
1715670837.352579,2201881.000,32595,1,T1,1,100,36.880
1715670837.488856,2202011.000,32611,1,T1,1,100,36.912
1715670837.620939,2202137.000,32631,1,T1,1,100,36.962
1715670837.755119,2202265.000,32662,1,T1,1,100,36.913
1715670837.889299,2202393.000,32681,1,T1,1,100,36.927
1715670838.020335,2202518.000,32699,1,T1,1,100,36.933
1715670838.152418,2202644.000,32715,1,T1,1,100,36.971
1715670838.284502,2202770.000,32752,1,T1,1,100,36.952
1715670838.414489,2202894.000,32769,1,T1,1,100,36.944
1715670838.549717,2203023.000,32794,2,T1,1,100,36.869
1715670838.684945,2203152.000,32794,2,T1,1,100,36.943
1715670838.818601,2203279.500,32810,2,T1,1,100,36.940
1715670838.952257,2203407.000,32810,2,T1,1,100,36.761
1715670839.085389,2203534.000,32846,1,T1,1,100,36.790
1715670839.217473,2203660.000,32864,1,T1,1,100,36.838
1715670839.349556,2203786.000,32880,1,T1,1,100,36.895
1715670839.482688,2203913.000,32897,1,T1,1,100,36.883
1715670839.615819,2204040.000,32932,1,T1,1,100,36.985
1715670839.750000,2204168.000,32950,1,T1,1,100,36.958
1715670839.883132,2204295.000,32967,1,T1,1,100,36.875
1715670840.018360,2204424.000,32984,1,T1,1,100,36.875
1715670840.151492,2204551.000,33001,1,T1,1,100,36.875
1715670840.284623,2204678.000,33036,1,T1,1,100,36.840
1715670840.416707,2204804.000,33052,1,T1,1,100,36.895
1715670840.546694,2204928.000,33069,1,T1,1,100,36.848
1715670840.678777,2205054.000,33086,1,T1,1,100,36.828
1715670840.815054,2205184.000,33105,1,T1,1,100,36.855
1715670840.947138,2205310.000,33140,1,T1,1,100,36.866
1715670841.081318,2205438.000,33156,1,T1,1,100,36.942
1715670841.215498,2205566.000,33173,1,T1,1,100,36.939
1715670841.346533,2205691.000,33190,1,T1,1,100,36.938
1715670841.478616,2205817.000,33221,1,T1,1,100,36.902
1715670841.610700,2205943.000,33242,1,T1,1,100,36.851
1715670841.740687,2206067.000,33258,1,T1,1,100,36.758
1715670841.875915,2206196.000,33277,1,T1,1,100,36.825
1715670842.011143,2206325.000,33309,1,T1,1,100,36.818
1715670842.144275,2206452.000,33328,1,T1,1,100,36.850
1715670842.278455,2206580.000,33346,1,T1,1,100,36.758
1715670842.411587,2206707.000,33362,1,T1,1,100,36.895
1715670842.543671,2206833.000,33394,1,T1,1,100,36.884
1715670842.675754,2206959.000,33411,1,T1,1,100,36.879
1715670842.808886,2207086.000,33427,1,T1,1,100,36.877
1715670842.943066,2207214.000,33445,1,T1,1,100,36.840
1715670843.077246,2207342.000,33481,1,T1,1,100,36.825
1715670843.210378,2207469.000,33498,1,T1,1,100,36.853
1715670843.345606,2207598.000,33517,1,T1,1,100,36.795
1715670843.478738,2207725.000,33533,1,T1,1,100,36.876
1715670843.611870,2207852.000,33568,1,T1,1,100,36.769
1715670843.743953,2207978.000,33585,1,T1,1,100,36.829
1715670843.874989,2208103.000,33601,1,T1,1,100,36.891
1715670844.007072,2208229.000,33626,1,T1,1,100,36.953
1715670844.141252,2208357.000,33646,2,T1,1,100,36.873
1715670844.275432,2208485.000,33646,2,T1,1,100,36.803
1715670844.409612,2208613.000,33663,1,T1,1,100,36.809
1715670844.543792,2208741.000,33695,1,T1,1,100,36.882
1715670844.674828,2208866.000,33711,1,T1,1,100,36.878
1715670844.806911,2208992.000,33728,1,T1,1,100,36.876
1715670844.938995,2209118.000,33745,1,T1,1,100,36.805
1715670845.068982,2209242.000,33764,1,T1,1,100,36.845
1715670845.204210,2209371.000,33796,1,T1,1,100,36.826
1715670845.339438,2209500.000,33812,1,T1,1,100,36.854
1715670845.472570,2209627.000,33829,1,T1,1,100,36.795
1715670845.606750,2209755.000,33849,1,T1,1,100,36.805
1715670845.738834,2209881.000,33880,1,T1,1,100,36.809
1715670845.870917,2210007.000,33897,1,T1,1,100,36.811
1715670846.003001,2210133.000,33914,1,T1,1,100,36.847
1715670846.136132,2210260.000,33936,1,T1,1,100,36.863
1715670846.270313,2210388.000,33968,1,T1,1,100,36.870
1715670846.404493,2210516.000,33984,1,T1,1,100,36.873
1715670846.537624,2210643.000,34001,1,T1,1,100,36.945
1715670846.672853,2210772.000,34018,1,T1,1,100,36.870
1715670846.805984,2210899.000,34052,1,T1,1,100,36.944
1715670846.939116,2211026.000,34070,1,T1,1,100,36.905
1715670847.071200,2211152.000,34088,1,T1,1,100,36.959
1715670847.202235,2211277.000,34105,1,T1,1,100,36.911
1715670847.334319,2211403.000,34140,1,T1,1,100,36.855
1715670847.470595,2211533.000,34156,1,T1,1,100,36.866
1715670847.602679,2211659.000,34174,1,T1,1,100,36.800
1715670847.736859,2211787.000,34205,1,T1,1,100,36.807
1715670847.871039,2211915.000,34222,1,T1,1,100,36.846
1715670848.002074,2212040.000,34239,1,T1,1,100,36.862
1715670848.134158,2212166.000,34258,1,T1,1,100,36.870
1715670848.266241,2212292.000,34294,1,T1,1,100,36.873
1715670848.396228,2212416.000,34311,1,T1,1,100,36.839
1715670848.531456,2212545.000,34327,1,T1,1,100,36.895
1715670848.666685,2212674.000,34348,1,T1,1,100,36.884
1715670848.799817,2212801.000,34379,1,T1,1,100,36.879
1715670848.933997,2212929.000,34396,1,T1,1,100,36.877
1715670849.066080,2213055.000,34413,1,T1,1,100,36.982
1715670849.197115,2213180.000,34429,1,T1,1,100,36.921
1715670849.329723,2213306.500,34472,2,T1,1,100,36.824
1715670849.462331,2213433.000,34472,2,T1,1,100,36.995
1715670849.596511,2213561.000,34489,1,T1,1,100,36.820
1715670849.730691,2213689.000,34506,1,T1,1,100,36.887
1715670849.863823,2213816.000,34523,1,T1,1,100,36.880
1715670849.999051,2213945.000,34543,1,T1,1,100,36.806
1715670850.131135,2214071.000,34574,1,T1,1,100,36.916
1715670850.264266,2214198.000,34591,1,T1,1,100,36.928
1715670850.396350,2214324.000,34610,1,T1,1,100,36.898
1715670850.527385,2214449.000,34626,1,T1,1,100,36.885
1715670850.660517,2214576.000,34661,1,T1,1,100,36.879
1715670850.796793,2214706.000,34678,1,T1,1,100,36.877
1715670850.928877,2214832.000,34695,1,T1,1,100,36.911
1715670851.063057,2214960.000,34712,1,T1,1,100,36.891
1715670851.197237,2215088.000,34747,1,T1,1,100,36.846
1715670851.328272,2215213.000,34765,1,T1,1,100,36.792
1715670851.460356,2215339.000,34782,1,T1,1,100,36.768
1715670851.592439,2215465.000,34799,1,T1,1,100,36.935
1715670851.722426,2215589.000,34816,1,T1,1,100,36.901
1715670851.857655,2215718.000,34848,1,T1,1,100,36.957
1715670851.992883,2215847.000,34867,1,T1,1,100,36.804
1715670852.126015,2215974.000,34884,1,T1,1,100,36.809
1715670852.260195,2216102.000,34901,1,T1,1,100,36.882
1715670852.392278,2216228.000,34934,1,T1,1,100,36.984
1715670852.523314,2216353.000,34955,1,T1,1,100,36.958
1715670852.655397,2216479.000,34971,1,T1,1,100,36.946
1715670852.788529,2216606.000,34988,1,T1,1,100,36.906
1715670852.921661,2216733.000,35020,1,T1,1,100,36.924
1715670853.056889,2216862.000,35036,1,T1,1,100,36.825
1715670853.190021,2216989.000,35053,1,T1,1,100,36.818
1715670853.325249,2217118.000,35075,1,T1,1,100,36.815
1715670853.457333,2217244.000,35108,1,T1,1,100,36.884
1715670853.590465,2217371.000,35126,1,T1,1,100,36.879
1715670853.722548,2217497.000,35142,1,T1,1,100,36.877
1715670853.854632,2217623.000,35159,1,T1,1,100,36.876
1715670853.987763,2217750.000,35191,1,T1,1,100,36.946
1715670854.124040,2217880.000,35207,1,T1,1,100,36.941
1715670854.256124,2218006.000,35228,1,T1,1,100,36.939
1715670854.390304,2218134.000,35244,1,T1,1,100,36.867
1715670854.524484,2218262.000,35261,1,T1,1,100,36.907
1715670854.655519,2218387.000,35298,1,T1,1,100,36.995
1715670854.787602,2218513.000,35319,2,T1,1,100,36.927
1715670854.919686,2218639.000,35319,2,T1,1,100,36.933
1715670855.049673,2218763.000,35338,1,T1,1,100,36.900
1715670855.184901,2218892.000,35355,1,T1,1,100,36.957
1715670855.320130,2219021.000,35387,1,T1,1,100,36.910
1715670855.453261,2219148.000,35403,1,T1,1,100,36.890
1715670855.587441,2219276.000,35423,1,T1,1,100,36.775
1715670855.719525,2219402.000,35439,1,T1,1,100,36.832
1715670855.849512,2219526.000,35474,1,T1,1,100,36.856
1715670855.981596,2219652.000,35491,1,T1,1,100,36.902
1715670856.114727,2219779.000,35507,1,T1,1,100,36.887
1715670856.247859,2219906.000,35525,1,T1,1,100,36.916
1715670856.383087,2220035.000,35559,1,T1,1,100,36.893
1715670856.516219,2220162.000,35578,1,T1,1,100,36.918
1715670856.651448,2220291.000,35595,1,T1,1,100,36.894
1715670856.782483,2220416.000,35611,1,T1,1,100,36.919
1715670856.915615,2220543.000,35643,1,T1,1,100,36.823
1715670857.047698,2220669.000,35663,1,T1,1,100,36.746
1715670857.178733,2220794.000,35679,1,T1,1,100,36.784
1715670857.312913,2220922.000,35697,1,T1,1,100,36.765
1715670857.449190,2221052.000,35713,1,T1,1,100,36.898
1715670857.581274,2221178.000,35747,1,T1,1,100,36.779
1715670857.715454,2221306.000,35767,1,T1,1,100,36.798
1715670857.849634,2221434.000,35783,1,T1,1,100,36.842
1715670857.980669,2221559.000,35801,1,T1,1,100,36.896
1715670858.112752,2221685.000,35832,1,T1,1,100,36.813
1715670858.245884,2221812.000,35849,1,T1,1,100,36.813
1715670858.375871,2221936.000,35871,1,T1,1,100,36.848
1715670858.511100,2222065.000,35887,1,T1,1,100,36.863
1715670858.646328,2222194.000,35921,1,T1,1,100,36.976
1715670858.779460,2222321.000,35938,1,T1,1,100,36.848
1715670858.913640,2222449.000,35955,1,T1,1,100,36.828
1715670859.045723,2222575.000,35975,1,T1,1,100,36.819
1715670859.176759,2222700.000,36007,1,T1,1,100,36.744
1715670859.308842,2222826.000,36023,1,T1,1,100,36.748
1715670859.441974,2222953.000,36040,1,T1,1,100,36.749
1715670859.575105,2223080.000,36056,1,T1,1,100,36.820
1715670859.710334,2223209.000,36093,1,T1,1,100,36.816
1715670859.843466,2223336.000,36111,1,T1,1,100,36.849
1715670859.978694,2223465.000,36127,1,T1,1,100,36.828
1715670860.108681,2223589.000,36144,1,T1,1,100,36.819
1715670860.241813,2223716.000,36172,1,T1,1,100,36.851
1715670860.373372,2223841.500,36188,2,T1,1,100,36.865
1715670860.504931,2223967.000,36188,2,T1,1,100,36.906
1715670860.639112,2224095.000,36220,1,T1,1,100,36.817
1715670860.775388,2224225.000,36239,1,T1,1,100,36.886
1715670860.907472,2224351.000,36256,1,T1,1,100,36.915
1715670861.041652,2224479.000,36276,1,T1,1,100,36.821
1715670861.175832,2224607.000,36308,1,T1,1,100,36.958
1715670861.306867,2224732.000,36324,1,T1,1,100,36.911
1715670861.438951,2224858.000,36341,1,T1,1,100,36.891
1715670861.573131,2224986.000,36361,1,T1,1,100,36.775
1715670861.703118,2225110.000,36392,1,T1,1,100,36.903
1715670861.838346,2225239.000,36411,1,T1,1,100,36.922
1715670861.973574,2225368.000,36428,1,T1,1,100,37.037
1715670862.106706,2225495.000,36445,1,T1,1,100,36.981
1715670862.240886,2225623.000,36480,1,T1,1,100,36.921
1715670862.372970,2225749.000,36496,1,T1,1,100,36.966
1715670862.504005,2225874.000,36513,1,T1,1,100,36.914
1715670862.636088,2226000.000,36530,1,T1,1,100,36.857
1715670862.769220,2226127.000,36566,1,T1,1,100,36.832
1715670862.902352,2226254.000,36584,1,T1,1,100,36.963
1715670863.037580,2226383.000,36600,1,T1,1,100,36.948
1715670863.170712,2226510.000,36617,1,T1,1,100,36.907
1715670863.305941,2226639.000,36651,1,T1,1,100,36.889
1715670863.435927,2226763.000,36670,1,T1,1,100,36.881
1715670863.568011,2226889.000,36688,1,T1,1,100,36.913
1715670863.700094,2227015.000,36704,1,T1,1,100,36.891
1715670863.831130,2227140.000,36738,1,T1,1,100,36.918
1715670863.965310,2227268.000,36755,1,T1,1,100,36.893
1715670864.101586,2227398.000,36774,1,T1,1,100,37.060
1715670864.233670,2227524.000,36792,1,T1,1,100,36.991
1715670864.367850,2227652.000,36823,1,T1,1,100,36.960
1715670864.500982,2227779.000,36839,1,T1,1,100,36.912
1715670864.632017,2227904.000,36857,1,T1,1,100,36.926
1715670864.764101,2228030.000,36873,1,T1,1,100,36.897
1715670864.898281,2228158.000,36910,1,T1,1,100,36.885
1715670865.029316,2228283.000,36927,1,T1,1,100,36.879
1715670865.164544,2228412.000,36943,1,T1,1,100,36.948
1715670865.299773,2228541.000,36961,1,T1,1,100,37.013
1715670865.432904,2228668.000,36995,1,T1,1,100,36.935
1715670865.566036,2228795.000,37018,2,T1,1,100,37.043
1715670865.699168,2228922.000,37018,2,T1,1,100,36.948
1715670865.830203,2229047.000,37034,1,T1,1,100,36.871
1715670865.963335,2229174.000,37071,1,T1,1,100,36.873
1715670866.096467,2229301.000,37088,1,T1,1,100,36.768
1715670866.229599,2229428.000,37105,1,T1,1,100,36.793
1715670866.364827,2229557.000,37122,1,T1,1,100,36.733
1715670866.499007,2229685.000,37154,1,T1,1,100,36.849
1715670866.634235,2229814.000,37170,1,T1,1,100,36.793
1715670866.764222,2229938.000,37189,1,T1,1,100,36.804
1715670866.896306,2230064.000,37206,1,T1,1,100,36.809
1715670867.028389,2230190.000,37237,1,T1,1,100,36.740
1715670867.159425,2230315.000,37255,1,T1,1,100,36.746
1715670867.293605,2230443.000,37274,1,T1,1,100,36.854
1715670867.429881,2230573.000,37291,1,T1,1,100,36.795
1715670867.561965,2230699.000,37323,1,T1,1,100,36.805
1715670867.696145,2230827.000,37339,1,T1,1,100,36.845
1715670867.829277,2230954.000,37358,1,T1,1,100,36.862
1715670867.960312,2231079.000,37378,1,T1,1,100,36.834
1715670868.092395,2231205.000,37409,1,T1,1,100,36.751
1715670868.226575,2231333.000,37429,1,T1,1,100,36.750
1715670868.357611,2231458.000,37445,1,T1,1,100,36.927
1715670868.492839,2231587.000,37464,1,T1,1,100,36.969
1715670868.628067,2231716.000,37499,1,T1,1,100,36.951
1715670868.761199,2231843.000,37515,1,T1,1,100,36.908
1715670868.895379,2231971.000,37533,1,T1,1,100,36.889
1715670869.027463,2232097.000,37549,1,T1,1,100,36.881
1715670869.158498,2232222.000,37586,1,T1,1,100,36.913
1715670869.291630,2232349.000,37603,1,T1,1,100,36.891
1715670869.424762,2232476.000,37619,1,T1,1,100,36.847
1715670869.557893,2232603.000,37637,1,T1,1,100,36.756
1715670869.693122,2232732.000,37668,1,T1,1,100,36.824
1715670869.827826,2232860.500,37689,2,T1,1,100,36.782
1715670869.962530,2232989.000,37689,2,T1,1,100,36.870
1715670870.092517,2233113.000,37707,1,T1,1,100,36.873
1715670870.224601,2233239.000,37725,1,T1,1,100,36.910
1715670870.356684,2233365.000,37741,1,T1,1,100,36.890
1715670870.487719,2233490.000,37761,1,T1,1,100,36.881
1715670870.621899,2233618.000,37778,1,T1,1,100,36.878
1715670870.758176,2233748.000,37811,1,T1,1,100,36.912
1715670870.890260,2233874.000,37829,1,T1,1,100,36.891
1715670871.024440,2234002.000,37851,1,T1,1,100,36.846
1715670871.155999,2234127.500,37871,2,T1,1,100,36.863
1715670871.287558,2234253.000,37871,2,T1,1,100,36.799
1715670871.419642,2234379.000,37903,1,T1,1,100,36.948
1715670871.553822,2234507.000,37921,1,T1,1,100,36.907
1715670871.684857,2234632.000,37937,1,T1,1,100,36.889
1715670871.820086,2234761.000,37957,1,T1,1,100,36.881
1715670871.955314,2234890.000,37989,1,T1,1,100,36.807
1715670872.088446,2235017.000,38007,1,T1,1,100,36.845
1715670872.222626,2235145.000,38025,1,T1,1,100,36.827
1715670872.354709,2235271.000,38056,1,T1,1,100,36.819
1715670872.485744,2235396.000,38073,1,T1,1,100,36.851
1715670872.618876,2235523.000,38090,1,T1,1,100,36.794
1715670872.752008,2235650.000,38111,1,T1,1,100,36.840
1715670872.885140,2235777.000,38143,1,T1,1,100,36.860
1715670873.020368,2235906.000,38160,1,T1,1,100,36.762
1715670873.154548,2236034.000,38176,1,T1,1,100,36.755
1715670873.288728,2236162.000,38199,1,T1,1,100,36.788
1715670873.419764,2236287.000,38215,1,T1,1,100,36.837
1715670873.551847,2236413.000,38235,1,T1,1,100,36.752
1715670873.683931,2236539.000,38266,1,T1,1,100,36.786
1715670873.814966,2236664.000,38282,1,T1,1,100,36.943
1715670873.949146,2236792.000,38303,1,T1,1,100,36.975
1715670874.085423,2236922.000,38319,1,T1,1,100,36.918
1715670874.217506,2237048.000,38351,1,T1,1,100,36.965
1715670874.351686,2237176.000,38368,1,T1,1,100,36.914
1715670874.483770,2237302.000,38389,1,T1,1,100,36.927
1715670874.614805,2237427.000,38407,1,T1,1,100,36.862
1715670874.746888,2237553.000,38438,1,T1,1,100,36.940
1715670874.881068,2237681.000,38455,1,T1,1,100,36.832
1715670875.012104,2237806.000,38472,1,T1,1,100,36.892
1715670875.147332,2237935.000,38491,1,T1,1,100,36.811
1715670875.282560,2238064.000,38525,1,T1,1,100,36.777
1715670875.415692,2238191.000,38542,1,T1,1,100,36.832
1715670875.549872,2238319.000,38559,1,T1,1,100,36.892
1715670875.681956,2238445.000,38579,1,T1,1,100,36.918
1715670875.812991,2238570.000,38595,1,T1,1,100,36.929
1715670875.947171,2238698.000,38627,1,T1,1,100,36.863
1715670876.080303,2238825.000,38644,1,T1,1,100,36.799
1715670876.213435,2238952.000,38661,1,T1,1,100,36.842
1715670876.348139,2239080.500,38700,2,T1,1,100,36.825
1715670876.482843,2239209.000,38700,2,T1,1,100,36.853
1715670876.617023,2239337.000,38720,1,T1,1,100,36.866
1715670876.748058,2239462.000,38737,1,T1,1,100,36.871
1715670876.880142,2239588.000,38754,1,T1,1,100,36.802
1715670877.012225,2239714.000,38776,1,T1,1,100,36.879
1715670877.143261,2239839.000,38808,1,T1,1,100,36.770
1715670877.277441,2239967.000,38824,1,T1,1,100,36.830
1715670877.413717,2240097.000,38841,1,T1,1,100,36.855
1715670877.545801,2240223.000,38860,1,T1,1,100,36.867
1715670877.679981,2240351.000,38891,1,T1,1,100,36.871
1715670877.812064,2240477.000,38911,1,T1,1,100,36.873
1715670877.943100,2240602.000,38928,1,T1,1,100,36.839
1715670878.075183,2240728.000,38945,1,T1,1,100,36.824
1715670878.209363,2240856.000,38979,1,T1,1,100,36.817
1715670878.341447,2240982.000,38998,1,T1,1,100,36.886
1715670878.476675,2241111.000,39015,1,T1,1,100,36.880
1715670878.611903,2241240.000,39032,1,T1,1,100,36.806
1715670878.745035,2241367.000,39063,1,T1,1,100,36.845
1715670878.879215,2241495.000,39081,1,T1,1,100,36.827
1715670879.011299,2241621.000,39100,1,T1,1,100,36.925
1715670879.142334,2241746.000,39117,1,T1,1,100,36.826
1715670879.276514,2241874.000,39134,1,T1,1,100,36.747
1715670879.409646,2242001.000,39167,1,T1,1,100,36.926
1715670879.542778,2242128.000,39185,1,T1,1,100,36.897
1715670879.678006,2242257.000,39204,1,T1,1,100,36.920
1715670879.812186,2242385.000,39221,1,T1,1,100,36.824
1715670879.946366,2242513.000,39253,1,T1,1,100,36.888
1715670880.077401,2242638.000,39269,1,T1,1,100,36.916
1715670880.210533,2242765.000,39287,1,T1,1,100,36.928
1715670880.342617,2242891.000,39306,1,T1,1,100,36.863
1715670880.473652,2243016.000,39338,1,T1,1,100,36.870
1715670880.607832,2243144.000,39355,1,T1,1,100,36.908
1715670880.744109,2243274.000,39371,1,T1,1,100,36.854
1715670880.876192,2243400.000,39406,1,T1,1,100,36.901
1715670881.010372,2243528.000,39423,1,T1,1,100,36.815
1715670881.141407,2243653.000,39439,1,T1,1,100,36.778
1715670881.272443,2243778.000,39457,1,T1,1,100,36.833
1715670881.404526,2243904.000,39473,1,T1,1,100,36.963
1715670881.538706,2244032.000,39510,1,T1,1,100,36.807
1715670881.670790,2244158.000,39527,1,T1,1,100,36.810
1715670881.806018,2244287.000,39549,1,T1,1,100,36.847
1715670881.941247,2244416.000,39566,1,T1,1,100,36.863
1715670882.074378,2244543.000,39582,1,T1,1,100,36.728
1715670882.207510,2244670.000,39605,1,T1,1,100,36.811
1715670882.339594,2244796.000,39621,1,T1,1,100,36.918
1715670882.470629,2244921.000,39638,1,T1,1,100,36.858
1715670882.605857,2245050.000,39670,1,T1,1,100,36.868
1715670882.738989,2245177.000,39686,1,T1,1,100,36.872
1715670882.872121,2245304.000,39707,1,T1,1,100,36.909
1715670883.007349,2245433.000,39723,1,T1,1,100,36.819
1715670883.141529,2245561.000,39755,1,T1,1,100,36.886
1715670883.275709,2245689.000,39774,1,T1,1,100,36.773
1715670883.406744,2245814.000,39790,1,T1,1,100,36.902
1715670883.539876,2245941.000,39811,1,T1,1,100,36.816
1715670883.673008,2246068.000,39842,1,T1,1,100,36.885
1715670883.805092,2246194.000,39858,1,T1,1,100,36.879
1715670883.939272,2246322.000,39876,1,T1,1,100,36.806
1715670884.075548,2246452.000,39892,1,T1,1,100,36.845
1715670884.207632,2246578.000,39913,1,T1,1,100,36.898
1715670884.341812,2246706.000,39946,1,T1,1,100,36.778
1715670884.472847,2246831.000,39962,1,T1,1,100,36.940
1715670884.602834,2246955.000,39980,1,T1,1,100,36.832
1715670884.734918,2247081.000,39996,1,T1,1,100,36.785
1715670884.869098,2247209.000,40031,1,T1,1,100,36.801
1715670885.001181,2247335.000,40048,1,T1,1,100,36.807
1715670885.136410,2247464.000,40066,1,T1,1,100,36.775
1715670885.271638,2247593.000,40084,1,T1,1,100,36.832
1715670885.404770,2247720.000,40115,1,T1,1,100,36.785
1715670885.537901,2247847.000,40135,1,T1,1,100,36.943
1715670885.669985,2247973.000,40152,1,T1,1,100,36.975
1715670885.801020,2248098.000,40168,1,T1,1,100,36.847
1715670885.936249,2248227.000,40200,1,T1,1,100,36.934
1715670886.069381,2248354.000,40220,1,T1,1,100,36.971
1715670886.202512,2248481.000,40239,1,T1,1,100,36.881
1715670886.337741,2248610.000,40256,1,T1,1,100,36.878
1715670886.470872,2248737.000,40288,1,T1,1,100,36.805
1715670886.605052,2248865.000,40304,1,T1,1,100,36.845
1715670886.736088,2248990.000,40324,1,T1,1,100,36.791
1715670886.868171,2249116.000,40341,1,T1,1,100,36.732
1715670887.002351,2249244.000,40372,1,T1,1,100,36.742
1715670887.134959,2249370.500,40397,2,T1,1,100,36.711
1715670887.267566,2249497.000,40397,2,T1,1,100,36.769
1715670887.403843,2249627.000,40416,1,T1,1,100,36.794
1715670887.535927,2249753.000,40434,1,T1,1,100,36.840
1715670887.670107,2249881.000,40465,1,T1,1,100,36.895
1715670887.801142,2250006.000,40482,1,T1,1,100,36.848
1715670887.932177,2250131.000,40499,1,T1,1,100,36.863
1715670888.064261,2250257.000,40520,1,T1,1,100,36.835
1715670888.198441,2250385.000,40538,1,T1,1,100,36.822
1715670888.330524,2250511.000,40571,1,T1,1,100,36.781
1715670888.465753,2250640.000,40587,1,T1,1,100,36.763
1715670888.600981,2250769.000,40608,1,T1,1,100,36.827
1715670888.734113,2250896.000,40624,1,T1,1,100,36.854
1715670888.866196,2251022.000,40656,1,T1,1,100,36.831
1715670888.998280,2251148.000,40673,1,T1,1,100,36.856
1715670889.129315,2251273.000,40691,1,T1,1,100,36.867
1715670889.264543,2251402.000,40709,1,T1,1,100,36.942
1715670889.397675,2251529.000,40743,1,T1,1,100,36.904
1715670889.530807,2251656.000,40760,1,T1,1,100,36.852
1715670889.666035,2251785.000,40777,1,T1,1,100,36.794
1715670889.799167,2251912.000,40793,1,T1,1,100,36.698
1715670889.933347,2252040.000,40828,1,T1,1,100,36.869
1715670890.064383,2252165.000,40847,1,T1,1,100,36.802
1715670890.196466,2252291.000,40864,1,T1,1,100,36.843
1715670890.330646,2252419.000,40881,1,T1,1,100,36.755
1715670890.461681,2252544.000,40913,1,T1,1,100,36.823
1715670890.595861,2252672.000,40932,1,T1,1,100,36.888
1715670890.732138,2252802.000,40949,1,T1,1,100,36.845
1715670890.864222,2252928.000,40966,1,T1,1,100,36.791
1715670890.998402,2253056.000,40999,1,T1,1,100,36.768
1715670891.129437,2253181.000,41017,1,T1,1,100,36.758
1715670891.260472,2253306.000,41036,1,T1,1,100,36.753
1715670891.392555,2253432.000,41053,1,T1,1,100,36.751
1715670891.526736,2253560.000,41069,1,T1,1,100,36.928
1715670891.658819,2253686.000,41101,1,T1,1,100,36.827
1715670891.794047,2253815.000,41118,1,T1,1,100,36.925
1715670891.929276,2253944.000,41138,1,T1,1,100,36.897
1715670892.062407,2254071.000,41157,1,T1,1,100,36.884
1715670892.194491,2254197.000,41174,1,T1,1,100,36.879
1715670892.326575,2254323.000,41205,1,T1,1,100,36.770
1715670892.457610,2254448.000,41222,1,T1,1,100,36.830
1715670892.592838,2254577.000,41247,1,T1,1,100,36.785
1715670892.725970,2254704.000,41264,1,T1,1,100,36.836
1715670892.859102,2254831.000,41281,1,T1,1,100,36.858
1715670892.994330,2254960.000,41298,1,T1,1,100,36.832
1715670893.127462,2255087.000,41316,1,T1,1,100,36.856
1715670893.261642,2255215.000,41336,1,T1,1,100,36.867
1715670893.392677,2255340.000,41370,1,T1,1,100,36.907
1715670893.524761,2255466.000,41387,1,T1,1,100,36.889
1715670893.658941,2255594.000,41404,1,T1,1,100,36.810
1715670893.789976,2255719.000,41423,1,T1,1,100,36.882
1715670893.924156,2255847.000,41455,1,T1,1,100,36.878
1715670894.060433,2255977.000,41472,1,T1,1,100,36.770
1715670894.192516,2256103.000,41491,1,T1,1,100,36.936
1715670894.326696,2256231.000,41508,1,T1,1,100,36.901
1715670894.457731,2256356.000,41543,1,T1,1,100,36.851
1715670894.588767,2256481.000,41559,1,T1,1,100,36.865
1715670894.720850,2256607.000,41576,1,T1,1,100,36.870
1715670894.855030,2256735.000,41593,1,T1,1,100,36.838
1715670894.987114,2256861.000,41627,1,T1,1,100,36.894
1715670895.122342,2256990.000,41646,1,T1,1,100,36.848
1715670895.257571,2257119.000,41663,1,T1,1,100,36.828
1715670895.390702,2257246.000,41680,1,T1,1,100,36.855
1715670895.521738,2257371.000,41712,1,T1,1,100,36.866
1715670895.653821,2257497.000,41728,1,T1,1,100,36.871
1715670895.784856,2257622.000,41745,1,T1,1,100,36.767
1715670895.920085,2257751.000,41765,1,T1,1,100,36.722
1715670896.053216,2257878.000,41796,1,T1,1,100,36.809
1715670896.186348,2258005.000,41816,1,T1,1,100,36.846
1715670896.321577,2258134.000,41835,1,T1,1,100,36.827
1715670896.454708,2258261.000,41852,1,T1,1,100,36.854
1715670896.587840,2258388.000,41869,1,T1,1,100,36.866
1715670896.718875,2258513.000,41900,1,T1,1,100,36.836
1715670896.850959,2258639.000,41918,1,T1,1,100,36.752
1715670896.985139,2258767.000,41937,1,T1,1,100,36.786
1715670897.117223,2258893.000,41956,1,T1,1,100,36.837
1715670897.251403,2259021.000,41988,1,T1,1,100,36.823
1715670897.387679,2259151.000,42004,1,T1,1,100,36.852
1715670897.519763,2259277.000,42022,1,T1,1,100,36.688
1715670897.653943,2259405.000,42041,1,T1,1,100,36.759
1715670897.784978,2259530.000,42073,1,T1,1,100,36.754
1715670897.917062,2259656.000,42095,2,T1,1,100,36.823
1715670898.049145,2259782.000,42095,2,T1,1,100,36.781
1715670898.183325,2259910.000,42114,1,T1,1,100,36.799
1715670898.315409,2260036.000,42136,1,T1,1,100,36.842
1715670898.450637,2260165.000,42168,1,T1,1,100,36.861
1715670898.585865,2260294.000,42184,1,T1,1,100,36.762
1715670898.718997,2260421.000,42201,1,T1,1,100,36.720
1715670898.850032,2260546.000,42220,1,T1,1,100,36.772
1715670898.982116,2260672.000,42254,1,T1,1,100,36.831
1715670899.113151,2260797.000,42271,1,T1,1,100,36.856
1715670899.248379,2260926.000,42288,1,T1,1,100,36.796
1715670899.381511,2261053.000,42305,1,T1,1,100,36.805
1715670899.514643,2261180.000,42337,1,T1,1,100,36.774
1715670899.649871,2261309.000,42356,1,T1,1,100,36.725
1715670899.783003,2261436.000,42373,1,T1,1,100,36.739
1715670899.915087,2261562.000,42407,1,T1,1,100,36.816
1715670900.046122,2261687.000,42423,1,T1,1,100,36.850
1715670900.178205,2261813.000,42444,1,T1,1,100,36.793
1715670900.312386,2261941.000,42460,1,T1,1,100,36.769
1715670900.445517,2262068.000,42492,1,T1,1,100,36.829
1715670900.579697,2262196.000,42509,1,T1,1,100,36.855
1715670900.715974,2262326.000,42525,1,T1,1,100,36.866
1715670900.848058,2262452.000,42543,1,T1,1,100,36.907
1715670900.982238,2262580.000,42579,1,T1,1,100,36.747
1715670901.113797,2262705.500,42597,2,T1,1,100,36.713
1715670901.245356,2262831.000,42597,2,T1,1,100,36.699
1715670901.378488,2262958.000,42613,1,T1,1,100,36.728
1715670901.512668,2263086.000,42630,1,T1,1,100,36.705
1715670901.644752,2263212.000,42665,1,T1,1,100,36.872
1715670901.779980,2263341.000,42681,1,T1,1,100,36.803
1715670901.915209,2263470.000,42699,1,T1,1,100,36.737
1715670902.048340,2263597.000,42717,1,T1,1,100,36.638
1715670902.179375,2263722.000,42752,1,T1,1,100,36.808
1715670902.311459,2263848.000,42769,1,T1,1,100,36.846
1715670902.442494,2263973.000,42785,1,T1,1,100,36.827
1715670902.577723,2264102.000,42803,1,T1,1,100,36.783
1715670902.710854,2264229.000,42834,1,T1,1,100,36.764
1715670902.843986,2264356.000,42854,1,T1,1,100,36.792
1715670902.979214,2264485.000,42871,1,T1,1,100,36.733
1715670903.112346,2264612.000,42905,1,T1,1,100,36.742
1715670903.243906,2264737.500,42929,2,T1,1,100,36.782
1715670903.375465,2264863.000,42929,2,T1,1,100,36.728
1715670903.507549,2264989.000,42949,1,T1,1,100,36.883
1715670903.641729,2265117.000,42966,1,T1,1,100,36.843
1715670903.774860,2265244.000,42982,1,T1,1,100,36.897
1715670903.909040,2265372.000,43014,1,T1,1,100,36.778
1715670904.045317,2265502.000,43034,1,T1,1,100,36.727
1715670904.177401,2265628.000,43053,1,T1,1,100,36.740
1715670904.311581,2265756.000,43070,1,T1,1,100,36.746
1715670904.442616,2265881.000,43102,1,T1,1,100,36.713
1715670904.574699,2266007.000,43118,1,T1,1,100,36.769
1715670904.707831,2266134.000,43135,1,T1,1,100,36.687
1715670904.842011,2266262.000,43154,1,T1,1,100,36.687
1715670904.974095,2266388.000,43186,1,T1,1,100,36.687
1715670905.109323,2266517.000,43205,1,T1,1,100,36.758
1715670905.244552,2266646.000,43222,1,T1,1,100,36.789
1715670905.377683,2266773.000,43256,1,T1,1,100,36.802
1715670905.508718,2266898.000,43274,1,T1,1,100,36.808
1715670905.640802,2267024.000,43290,1,T1,1,100,36.775
1715670905.771837,2267149.000,43307,1,T1,1,100,36.903
1715670905.907066,2267278.000,43341,1,T1,1,100,36.852
1715670906.040197,2267405.000,43360,1,T1,1,100,36.865
1715670906.173329,2267532.000,43378,1,T1,1,100,36.800
1715670906.308558,2267661.000,43394,1,T1,1,100,36.771
1715670906.441689,2267788.000,43426,1,T1,1,100,36.795
1715670906.573773,2267914.000,43446,1,T1,1,100,36.769
1715670906.704808,2268039.000,43462,1,T1,1,100,36.794
1715670906.836892,2268165.000,43482,1,T1,1,100,36.769
1715670906.971072,2268293.000,43513,1,T1,1,100,36.829
1715670907.104203,2268420.000,43529,1,T1,1,100,36.678
1715670907.238384,2268548.000,43547,1,T1,1,100,36.790
1715670907.374660,2268678.000,43566,1,T1,1,100,36.767
1715670907.506744,2268804.000,43598,1,T1,1,100,36.722
1715670907.640924,2268932.000,43615,1,T1,1,100,36.738
1715670907.771959,2269057.000,43633,1,T1,1,100,36.780
1715670907.904042,2269183.000,43654,1,T1,1,100,36.763
1715670908.037174,2269310.000,43685,1,T1,1,100,36.827
1715670908.171355,2269438.000,43702,1,T1,1,100,36.748
1715670908.303438,2269564.000,43721,1,T1,1,100,36.784
1715670908.438666,2269693.000,43737,1,T1,1,100,36.871
1715670908.572846,2269821.000,43780,2,T1,1,100,36.732
1715670908.707026,2269949.000,43780,2,T1,1,100,36.848
1715670908.838062,2270074.000,43797,1,T1,1,100,36.899
1715670908.970145,2270200.000,43814,1,T1,1,100,36.885
1715670909.101180,2270325.000,43830,1,T1,1,100,36.879
1715670909.236409,2270454.000,43865,1,T1,1,100,36.841
1715670909.369540,2270581.000,43882,1,T1,1,100,36.790
1715670909.502672,2270708.000,43899,1,T1,1,100,36.838
1715670909.637901,2270837.000,43916,1,T1,1,100,36.753
1715670909.771033,2270964.000,43950,1,T1,1,100,36.751
1715670909.903116,2271090.000,43969,1,T1,1,100,36.715
1715670910.034151,2271215.000,43986,1,T1,1,100,36.735
1715670910.166235,2271341.000,44003,1,T1,1,100,36.743
1715670910.300415,2271469.000,44034,1,T1,1,100,36.783
1715670910.433547,2271596.000,44054,1,T1,1,100,36.764
1715670910.567727,2271724.000,44071,1,T1,1,100,36.756
1715670910.704003,2271854.000,44088,1,T1,1,100,36.753
1715670910.835039,2271979.000,44122,1,T1,1,100,36.787
1715670910.969219,2272107.000,44138,1,T1,1,100,36.766
1715670911.100254,2272232.000,44158,1,T1,1,100,36.863
1715670911.232337,2272358.000,44175,1,T1,1,100,36.834
1715670911.365469,2272485.000,44192,1,T1,1,100,36.751
1715670911.499649,2272613.000,44224,1,T1,1,100,36.857
1715670911.631733,2272739.000,44240,1,T1,1,100,36.796
1715670911.766961,2272868.000,44257,1,T1,1,100,36.770
1715670911.902189,2272997.000,44291,1,T1,1,100,36.688
1715670912.035321,2273124.000,44307,1,T1,1,100,36.652
1715670912.166357,2273249.000,44325,1,T1,1,100,36.708
1715670912.298440,2273375.000,44341,1,T1,1,100,36.732
1715670912.429475,2273500.000,44379,1,T1,1,100,36.742
1715670912.564703,2273629.000,44396,1,T1,1,100,36.711
1715670912.697835,2273756.000,44412,1,T1,1,100,36.769
1715670912.830967,2273883.000,44432,1,T1,1,100,36.687
1715670912.966196,2274012.000,44448,1,T1,1,100,36.652
1715670913.099327,2274139.000,44467,1,T1,1,100,36.743
1715670913.231411,2274265.000,44502,1,T1,1,100,36.641
1715670913.362446,2274390.000,44518,1,T1,1,100,36.703
1715670913.494529,2274516.000,44536,1,T1,1,100,36.730
1715670913.628710,2274644.000,44552,1,T1,1,100,36.848
1715670913.761841,2274771.000,44587,1,T1,1,100,36.899
1715670913.896021,2274899.000,44604,1,T1,1,100,36.814
1715670914.032298,2275029.000,44623,1,T1,1,100,36.849
1715670914.164382,2275155.000,44642,1,T1,1,100,36.899
1715670914.298562,2275283.000,44660,1,T1,1,100,36.885
1715670914.429597,2275408.000,44677,1,T1,1,100,36.880
1715670914.561681,2275534.000,44694,1,T1,1,100,36.806
1715670914.694812,2275661.000,44711,1,T1,1,100,36.845
1715670914.828992,2275789.000,44743,1,T1,1,100,36.791
1715670914.961076,2275915.000,44762,1,T1,1,100,36.732
1715670915.096304,2276044.000,44781,1,T1,1,100,36.813
1715670915.231533,2276173.000,44798,1,T1,1,100,36.884
1715670915.364664,2276300.000,44829,1,T1,1,100,36.879
1715670915.495700,2276425.000,44847,1,T1,1,100,36.877
1715670915.627783,2276551.000,44866,1,T1,1,100,36.805
1715670915.758818,2276676.000,44883,1,T1,1,100,36.880
1715670915.894047,2276805.000,44915,1,T1,1,100,36.735
1715670916.027179,2276932.000,44931,1,T1,1,100,36.815
1715670916.160310,2277059.000,44949,1,T1,1,100,36.707
1715670916.295539,2277188.000,44970,1,T1,1,100,36.696
1715670916.428670,2277315.000,45002,1,T1,1,100,36.727
1715670916.560754,2277441.000,45019,1,T1,1,100,36.775
1715670916.691789,2277566.000,45035,1,T1,1,100,36.761
1715670916.823873,2277692.000,45053,1,T1,1,100,36.684
1715670916.958053,2277820.000,45087,1,T1,1,100,36.721
1715670917.091184,2277947.000,45103,1,T1,1,100,36.667
1715670917.225364,2278075.000,45123,1,T1,1,100,36.643
1715670917.360593,2278204.000,45139,1,T1,1,100,36.633
1715670917.492676,2278330.000,45171,1,T1,1,100,36.699
1715670917.626857,2278458.000,45191,1,T1,1,100,36.834
1715670917.757892,2278583.000,45207,1,T1,1,100,36.857
1715670917.889975,2278709.000,45225,1,T1,1,100,36.761
1715670918.023107,2278836.000,45256,1,T1,1,100,36.790
1715670918.157287,2278964.000,45276,1,T1,1,100,36.732
1715670918.289371,2279090.000,45297,1,T1,1,100,36.884
1715670918.424599,2279219.000,45313,1,T1,1,100,36.737
1715670918.559827,2279348.000,45345,1,T1,1,100,36.815
1715670918.692959,2279475.000,45362,1,T1,1,100,36.849
1715670918.823994,2279600.000,45379,1,T1,1,100,36.828
1715670918.957126,2279727.000,45399,1,T1,1,100,36.784
1715670919.088161,2279852.000,45431,1,T1,1,100,36.765
1715670919.223390,2279981.000,45449,1,T1,1,100,36.721
1715670919.356522,2280108.000,45475,2,T1,1,100,36.737
1715670919.489653,2280235.000,45475,2,T1,1,100,36.815
1715670919.624882,2280364.000,45492,1,T1,1,100,36.849
1715670919.758013,2280491.000,45509,1,T1,1,100,36.687
1715670919.889049,2280616.000,45526,1,T1,1,100,36.758
1715670920.020084,2280741.000,45542,1,T1,1,100,36.718
1715670920.152167,2280867.000,45577,1,T1,1,100,36.772
1715670920.286347,2280995.000,45596,1,T1,1,100,36.688
1715670920.419479,2281122.000,45612,1,T1,1,100,36.723
1715670920.553659,2281250.000,45630,1,T1,1,100,36.738
1715670920.688888,2281379.000,45664,1,T1,1,100,36.780
1715670920.820971,2281505.000,45681,1,T1,1,100,36.940
1715670920.955151,2281633.000,45698,1,T1,1,100,36.832
1715670921.086186,2281758.000,45714,1,T1,1,100,36.821
1715670921.218270,2281884.000,45746,1,T1,1,100,36.816
1715670921.352450,2282012.000,45765,1,T1,1,100,36.743
1715670921.486630,2282140.000,45785,1,T1,1,100,36.783
1715670921.618714,2282266.000,45802,1,T1,1,100,36.800
1715670921.753942,2282395.000,45818,1,T1,1,100,36.771
1715670921.889170,2282524.000,45850,1,T1,1,100,36.724
1715670922.022302,2282651.000,45870,1,T1,1,100,36.739
1715670922.153337,2282776.000,45887,1,T1,1,100,36.745
1715670922.286469,2282903.000,45904,1,T1,1,100,36.783
1715670922.417505,2283028.000,45922,1,T1,1,100,36.729
1715670922.552733,2283157.000,45954,1,T1,1,100,36.741
1715670922.685865,2283284.000,45974,1,T1,1,100,36.782
1715670922.818996,2283411.000,45991,1,T1,1,100,36.835
1715670922.954225,2283540.000,46008,1,T1,1,100,36.822
1715670923.087357,2283667.000,46040,1,T1,1,100,36.817
1715670923.218392,2283792.000,46061,1,T1,1,100,36.850
1715670923.349427,2283917.000,46078,1,T1,1,100,36.900
1715670923.481510,2284043.000,46097,1,T1,1,100,36.886
1715670923.615690,2284171.000,46128,1,T1,1,100,36.773
1715670923.748822,2284298.000,46146,1,T1,1,100,36.831
1715670923.883003,2284426.000,46162,1,T1,1,100,36.856
1715670924.018231,2284555.000,46182,1,T1,1,100,36.725
1715670924.150314,2284681.000,46214,1,T1,1,100,36.775
1715670924.284494,2284809.000,46230,1,T1,1,100,36.761
1715670924.415529,2284934.000,46249,1,T1,1,100,36.719
1715670924.547613,2285060.000,46266,1,T1,1,100,36.737
1715670924.681793,2285188.000,46304,2,T1,1,100,36.780
1715670924.815973,2285316.000,46304,2,T1,1,100,36.798
1715670924.948057,2285442.000,46320,1,T1,1,100,36.842
1715670925.083285,2285571.000,46337,1,T1,1,100,36.719
1715670925.218513,2285700.000,46372,1,T1,1,100,36.737
1715670925.351645,2285827.000,46388,1,T1,1,100,36.744
1715670925.482681,2285952.000,46408,1,T1,1,100,36.747
1715670925.615812,2286079.000,46424,1,T1,1,100,36.713
1715670925.746848,2286204.000,46441,1,T1,1,100,36.663
1715670925.882076,2286333.000,46476,1,T1,1,100,36.748
1715670926.015208,2286460.000,46492,1,T1,1,100,36.820
1715670926.148340,2286587.000,46510,1,T1,1,100,36.709
1715670926.283568,2286716.000,46526,1,T1,1,100,36.732
1715670926.416700,2286843.000,46560,1,T1,1,100,36.742
1715670926.547735,2286968.000,46580,1,T1,1,100,36.782
1715670926.678770,2287093.000,46596,1,T1,1,100,36.764
1715670926.810853,2287219.000,46614,1,T1,1,100,36.756
1715670926.945034,2287347.000,46648,1,T1,1,100,36.717
1715670927.079214,2287475.000,46665,1,T1,1,100,36.771
1715670927.213394,2287603.000,46682,1,T1,1,100,36.759
1715670927.348622,2287732.000,46698,1,T1,1,100,36.719
1715670927.480706,2287858.000,46715,1,T1,1,100,36.701
1715670927.613837,2287985.000,46749,1,T1,1,100,36.729
1715670927.744873,2288110.000,46765,1,T1,1,100,36.918
1715670927.876956,2288236.000,46783,1,T1,1,100,36.858
1715670928.011136,2288364.000,46799,1,T1,1,100,36.832
1715670928.145316,2288492.000,46833,1,T1,1,100,36.821
1715670928.277400,2288618.000,46850,1,T1,1,100,36.852
1715670928.412628,2288747.000,46873,1,T1,1,100,36.829
1715670928.547857,2288876.000,46892,1,T1,1,100,36.678
1715670928.680988,2289003.000,46908,1,T1,1,100,36.719
1715670928.812024,2289128.000,46940,1,T1,1,100,36.843
1715670928.946204,2289256.000,46957,1,T1,1,100,36.861
1715670929.077239,2289381.000,46973,1,T1,1,100,36.869
1715670929.212467,2289510.000,46991,1,T1,1,100,36.872
1715670929.345599,2289637.000,47025,1,T1,1,100,36.803
1715670929.478731,2289764.000,47044,1,T1,1,100,36.667
1715670929.613959,2289893.000,47061,1,T1,1,100,36.749
1715670929.747091,2290020.000,47080,1,T1,1,100,36.785
1715670929.878126,2290145.000,47098,1,T1,1,100,36.872
1715670930.009161,2290270.000,47129,1,T1,1,100,36.909
1715670930.142293,2290397.000,47152,2,T1,1,100,36.854
1715670930.275425,2290524.000,47152,2,T1,1,100,36.831
1715670930.408557,2290651.000,47170,1,T1,1,100,36.785
1715670930.542737,2290779.000,47205,1,T1,1,100,36.836
1715670930.677965,2290908.000,47222,1,T1,1,100,36.716
1715670930.810049,2291034.000,47239,1,T1,1,100,36.771
1715670930.943181,2291161.000,47256,1,T1,1,100,36.724
1715670931.074216,2291286.000,47291,1,T1,1,100,36.809
1715670931.206299,2291412.000,47307,1,T1,1,100,36.669
1715670931.340479,2291540.000,47326,1,T1,1,100,36.715
1715670931.474659,2291668.000,47343,1,T1,1,100,36.699
1715670931.606743,2291794.000,47374,1,T1,1,100,36.764
1715670931.741971,2291923.000,47394,1,T1,1,100,36.756
1715670931.877200,2292052.000,47411,1,T1,1,100,36.682
1715670932.010331,2292179.000,47428,1,T1,1,100,36.650
1715670932.141367,2292304.000,47460,1,T1,1,100,36.777
1715670932.273974,2292430.500,47482,2,T1,1,100,36.833
1715670932.406582,2292557.000,47482,2,T1,1,100,36.786
1715670932.541810,2292686.000,47499,1,T1,1,100,36.836
1715670932.674942,2292813.000,47516,1,T1,1,100,36.823
1715670932.808074,2292940.000,47548,1,T1,1,100,36.711
1715670932.943302,2293069.000,47567,1,T1,1,100,36.697
1715670933.076434,2293196.000,47584,1,T1,1,100,36.869
1715670933.207469,2293321.000,47603,1,T1,1,100,36.872
1715670933.338505,2293446.000,47636,1,T1,1,100,36.945
1715670933.470588,2293572.000,47654,1,T1,1,100,36.799
1715670933.604768,2293700.000,47670,1,T1,1,100,36.807
1715670933.737900,2293827.000,47687,1,T1,1,100,36.881
1715670933.872080,2293955.000,47719,1,T1,1,100,36.913
1715670934.007308,2294084.000,47735,1,T1,1,100,36.714
1715670934.139392,2294210.000,47753,1,T1,1,100,36.664
1715670934.271475,2294336.000,47772,1,T1,1,100,36.677
1715670934.401462,2294460.000,47789,1,T1,1,100,36.648
1715670934.534594,2294587.000,47823,1,T1,1,100,36.741
1715670934.668774,2294715.000,47839,1,T1,1,100,36.782
1715670934.802954,2294843.000,47860,1,T1,1,100,36.799
1715670934.935038,2294969.000,47876,1,T1,1,100,36.771
1715670935.070266,2295098.000,47908,1,T1,1,100,36.795
1715670935.204446,2295226.000,47925,1,T1,1,100,36.663
1715670935.337578,2295353.000,47941,1,T1,1,100,36.783
1715670935.470186,2295479.500,47982,2,T1,1,100,36.871
1715670935.602793,2295606.000,47982,2,T1,1,100,36.873
1715670935.734877,2295732.000,47998,1,T1,1,100,36.874
1715670935.870105,2295861.000,48016,1,T1,1,100,36.804
1715670936.003237,2295988.000,48035,1,T1,1,100,36.773
1715670936.136369,2296115.000,48053,1,T1,1,100,36.725
1715670936.271597,2296244.000,48084,1,T1,1,100,36.668
1715670936.404729,2296371.000,48100,1,T1,1,100,36.644
1715670936.535764,2296496.000,48118,1,T1,1,100,36.739
1715670936.666799,2296621.000,48134,1,T1,1,100,36.675
1715670936.798883,2296747.000,48168,1,T1,1,100,36.753
1715670936.933063,2296875.000,48188,1,T1,1,100,36.751
1715670937.066195,2297002.000,48204,1,T1,1,100,36.821
1715670937.200375,2297130.000,48222,1,T1,1,100,36.781
1715670937.335603,2297259.000,48256,1,T1,1,100,36.763
1715670937.467687,2297385.000,48273,1,T1,1,100,36.720
1715670937.599770,2297511.000,48290,1,T1,1,100,36.737
1715670937.729757,2297635.000,48308,1,T1,1,100,36.780
1715670937.862889,2297762.000,48340,1,T1,1,100,36.798
1715670937.997069,2297890.000,48360,1,T1,1,100,36.771
1715670938.131249,2298018.000,48377,1,T1,1,100,36.972
1715670938.263333,2298144.000,48396,1,T1,1,100,36.846
1715670938.398561,2298273.000,48428,1,T1,1,100,36.792
1715670938.531693,2298400.000,48444,1,T1,1,100,36.874
1715670938.664824,2298527.000,48466,1,T1,1,100,36.804
1715670938.795860,2298652.000,48483,1,T1,1,100,36.844
1715670938.930040,2298780.000,48514,1,T1,1,100,36.826
1715670939.063172,2298907.000,48531,1,T1,1,100,36.783
1715670939.198400,2299036.000,48548,1,T1,1,100,36.693
1715670939.331532,2299163.000,48565,1,T1,1,100,36.690
1715670939.464664,2299290.000,48600,1,T1,1,100,36.689
1715670939.599892,2299419.000,48616,1,T1,1,100,36.688
1715670939.733024,2299546.000,48635,1,T1,1,100,36.794
1715670939.864059,2299671.000,48652,1,T1,1,100,36.805
1715670939.996142,2299797.000,48686,1,T1,1,100,36.738
1715670940.128226,2299923.000,48704,1,T1,1,100,36.709
1715670940.262406,2300051.000,48720,1,T1,1,100,36.697
1715670940.396586,2300179.000,48737,1,T1,1,100,36.763
1715670940.530766,2300307.000,48769,1,T1,1,100,36.826
1715670940.665994,2300436.000,48788,1,T1,1,100,36.748
1715670940.798078,2300562.000,48808,1,T1,1,100,36.784
1715670940.929113,2300687.000,48829,1,T1,1,100,36.729
1715670941.059100,2300811.000,48847,1,T1,1,100,36.599
1715670941.192232,2300938.000,48863,1,T1,1,100,36.720
1715670941.326412,2301066.000,48880,1,T1,1,100,36.914
1715670941.460592,2301194.000,48897,1,T1,1,100,36.786
1715670941.592676,2301320.000,48928,1,T1,1,100,36.730
1715670941.727904,2301449.000,48946,1,T1,1,100,36.848
1715670941.861036,2301576.000,48962,1,T1,1,100,36.792
1715670941.993119,2301702.000,48984,1,T1,1,100,36.875
1715670942.124155,2301827.000,49016,1,T1,1,100,36.910
1715670942.258335,2301955.000,49032,1,T1,1,100,36.855
1715670942.391466,2302082.000,49049,1,T1,1,100,36.795
1715670942.526695,2302211.000,49066,1,T1,1,100,36.841
1715670942.659827,2302338.000,49100,1,T1,1,100,36.754
1715670942.792958,2302465.000,49118,1,T1,1,100,36.716
1715670942.928187,2302594.000,49134,1,T1,1,100,36.806
1715670943.061318,2302721.000,49153,1,T1,1,100,36.810
1715670943.192354,2302846.000,49170,1,T1,1,100,36.811
1715670943.325485,2302973.000,49206,1,T1,1,100,36.812
1715670943.457569,2303099.000,49224,1,T1,1,100,36.812
1715670943.591749,2303227.000,49240,1,T1,1,100,36.741
1715670943.724881,2303354.000,49275,1,T1,1,100,36.888
1715670943.859061,2303482.000,49292,1,T1,1,100,36.845
1715670943.994289,2303611.000,49310,1,T1,1,100,36.862
1715670944.126373,2303737.000,49328,1,T1,1,100,36.905
1715670944.257408,2303862.000,49359,1,T1,1,100,36.923
1715670944.387395,2303986.000,49376,1,T1,1,100,36.931
1715670944.520527,2304113.000,49396,1,T1,1,100,36.864
1715670944.654707,2304241.000,49412,1,T1,1,100,36.835
1715670944.788887,2304369.000,49444,1,T1,1,100,36.787
1715670944.920970,2304495.000,49461,1,T1,1,100,36.872
1715670945.056199,2304624.000,49477,1,T1,1,100,36.803
1715670945.189331,2304751.000,49497,1,T1,1,100,36.737
1715670945.321414,2304877.000,49531,1,T1,1,100,36.851
1715670945.452449,2305002.000,49548,1,T1,1,100,36.794
1715670945.586629,2305130.000,49565,1,T1,1,100,36.769
1715670945.719761,2305257.000,49581,1,T1,1,100,36.900
1715670945.854990,2305386.000,49602,1,T1,1,100,36.815
1715670945.988121,2305513.000,49633,1,T1,1,100,36.920
1715670946.121253,2305640.000,49652,1,T1,1,100,36.824
1715670946.255433,2305768.000,49674,1,T1,1,100,36.853
1715670946.387517,2305894.000,49695,2,T1,1,100,36.759
1715670946.519600,2306020.000,49695,2,T1,1,100,36.825
1715670946.652732,2306147.000,49726,1,T1,1,100,36.782
1715670946.784816,2306273.000,49743,1,T1,1,100,36.835
1715670946.918996,2306401.000,49760,1,T1,1,100,36.751
1715670947.052127,2306528.000,49776,1,T1,1,100,36.751
1715670947.186307,2306656.000,49813,1,T1,1,100,36.750
1715670947.321536,2306785.000,49830,1,T1,1,100,36.856
1715670947.453619,2306911.000,49847,1,T1,1,100,36.867
1715670947.584655,2307036.000,49864,1,T1,1,100,36.872
1715670947.715690,2307161.000,49899,1,T1,1,100,36.767
1715670947.848822,2307288.000,49915,1,T1,1,100,36.793
1715670947.983002,2307416.000,49932,1,T1,1,100,36.733
1715670948.117182,2307544.000,49949,1,T1,1,100,36.707
1715670948.249265,2307670.000,49984,1,T1,1,100,36.731
1715670948.384494,2307799.000,50004,1,T1,1,100,36.884
1715670948.517625,2307926.000,50021,1,T1,1,100,36.808
1715670948.648661,2308051.000,50038,1,T1,1,100,36.775
1715670948.779696,2308176.000,50070,1,T1,1,100,36.725
1715670948.913876,2308304.000,50086,1,T1,1,100,36.739
1715670949.047008,2308431.000,50106,1,T1,1,100,36.816
1715670949.182236,2308560.000,50123,1,T1,1,100,36.885
1715670949.315368,2308687.000,50156,1,T1,1,100,36.879
1715670949.448500,2308814.000,50174,1,T1,1,100,36.877
1715670949.582680,2308942.000,50190,1,T1,1,100,36.911
1715670949.715811,2309069.000,50210,1,T1,1,100,36.891
1715670949.846847,2309194.000,50227,1,T1,1,100,36.846
1715670949.979979,2309321.000,50258,1,T1,1,100,36.756
1715670950.113110,2309448.000,50276,1,T1,1,100,36.753
1715670950.247290,2309576.000,50297,1,T1,1,100,36.787
1715670950.380422,2309703.000,50314,1,T1,1,100,36.837
1715670950.514602,2309831.000,50346,1,T1,1,100,36.823
1715670950.649831,2309960.000,50362,1,T1,1,100,36.853
1715670950.781914,2310086.000,50380,1,T1,1,100,36.794
1715670950.912949,2310211.000,50396,1,T1,1,100,36.734
1715670951.043985,2310336.000,50428,1,T1,1,100,36.743
1715670951.177116,2310463.000,50445,1,T1,1,100,36.641
1715670951.311296,2310591.000,50466,1,T1,1,100,36.703
1715670951.445477,2310719.000,50501,1,T1,1,100,36.800
1715670951.579132,2310846.500,50521,2,T1,1,100,36.843
1715670951.712788,2310974.000,50521,2,T1,1,100,36.790
1715670951.845920,2311101.000,50538,1,T1,1,100,36.838
1715670951.976955,2311226.000,50555,1,T1,1,100,36.753
1715670952.107991,2311351.000,50587,1,T1,1,100,36.822
1715670952.242171,2311479.000,50608,1,T1,1,100,36.710
1715670952.375303,2311606.000,50625,1,T1,1,100,36.733
1715670952.510531,2311735.000,50642,1,T1,1,100,36.672
1715670952.643663,2311862.000,50673,1,T1,1,100,36.787
1715670952.776794,2311989.000,50694,1,T1,1,100,36.766
1715670952.909926,2312116.000,50710,1,T1,1,100,36.828
1715670953.043058,2312243.000,50727,1,T1,1,100,36.784
1715670953.174093,2312368.000,50746,1,T1,1,100,36.835
1715670953.307225,2312495.000,50779,1,T1,1,100,36.822
1715670953.440357,2312622.000,50800,1,T1,1,100,36.817
1715670953.574537,2312750.000,50816,1,T1,1,100,36.850
1715670953.707669,2312877.000,50833,1,T1,1,100,36.900
1715670953.841849,2313005.000,50865,1,T1,1,100,36.779
1715670953.977077,2313134.000,50884,1,T1,1,100,36.692
1715670954.109161,2313260.000,50902,1,T1,1,100,36.725
1715670954.240196,2313385.000,50918,1,T1,1,100,36.810
1715670954.372279,2313511.000,50952,1,T1,1,100,36.847
1715670954.505411,2313638.000,50969,1,T1,1,100,36.792
1715670954.639591,2313766.000,50985,1,T1,1,100,36.697
1715670954.772723,2313893.000,51003,1,T1,1,100,36.798
1715670954.905855,2314020.000,51037,1,T1,1,100,36.771
1715670955.041083,2314149.000,51053,1,T1,1,100,36.830
1715670955.174215,2314276.000,51071,1,T1,1,100,36.714
1715670955.305250,2314401.000,51087,1,T1,1,100,36.805
1715670955.436285,2314526.000,51124,1,T1,1,100,36.738
1715670955.570466,2314654.000,51141,1,T1,1,100,36.816
1715670955.703597,2314781.000,51157,1,T1,1,100,36.779
1715670955.838826,2314910.000,51175,1,T1,1,100,36.762
1715670955.971957,2315037.000,51206,1,T1,1,100,36.826
1715670956.105089,2315164.000,51226,1,T1,1,100,36.783
1715670956.238221,2315291.000,51243,1,T1,1,100,36.764
1715670956.371353,2315418.000,51259,1,T1,1,100,36.756
1715670956.502388,2315543.000,51296,1,T1,1,100,36.753
1715670956.635520,2315670.000,51313,1,T1,1,100,36.893
1715670956.769700,2315798.000,51330,1,T1,1,100,36.776
1715670956.903880,2315926.000,51347,1,T1,1,100,36.797
1715670957.037012,2316053.000,51372,1,T1,1,100,36.806
1715670957.171192,2316181.000,51388,1,T1,1,100,36.774
1715670957.306420,2316310.000,51408,1,T1,1,100,36.760
1715670957.438504,2316436.000,51425,1,T1,1,100,36.790
1715670957.569539,2316561.000,51442,1,T1,1,100,36.803
1715670957.701622,2316687.000,51476,1,T1,1,100,36.773
1715670957.834754,2316814.000,51495,1,T1,1,100,36.760
1715670957.968934,2316942.000,51512,1,T1,1,100,36.825
1715670958.102066,2317069.000,51529,1,T1,1,100,36.889
1715670958.235198,2317196.000,51562,1,T1,1,100,36.775
1715670958.370426,2317325.000,51579,1,T1,1,100,36.867
1715670958.503558,2317452.000,51596,1,T1,1,100,36.730
1715670958.634593,2317577.000,51616,1,T1,1,100,36.706
1715670958.765629,2317702.000,51635,1,T1,1,100,36.802
1715670958.899809,2317830.000,51666,1,T1,1,100,36.879
1715670959.032940,2317957.000,51683,1,T1,1,100,36.877
1715670959.168169,2318086.000,51703,1,T1,1,100,36.911
1715670959.301301,2318213.000,51720,1,T1,1,100,36.855
1715670959.434432,2318340.000,51752,1,T1,1,100,36.831
1715670959.567564,2318467.000,51768,1,T1,1,100,36.785
1715670959.700696,2318594.000,51785,1,T1,1,100,36.694
1715670959.831731,2318719.000,51804,1,T1,1,100,36.797
1715670959.964863,2318846.000,51838,1,T1,1,100,36.770
1715670960.099043,2318974.000,51856,1,T1,1,100,36.759
1715670960.233223,2319102.000,51872,1,T1,1,100,36.789
1715670960.366355,2319229.000,51889,1,T1,1,100,36.732
1715670960.500535,2319357.000,51921,1,T1,1,100,36.813
1715670960.635763,2319486.000,51937,1,T1,1,100,36.777
1715670960.767847,2319612.000,51955,1,T1,1,100,36.762
1715670960.898882,2319737.000,51973,1,T1,1,100,36.791
1715670961.030966,2319863.000,52005,1,T1,1,100,36.803
1715670961.164097,2319990.000,52022,1,T1,1,100,36.737
1715670961.298277,2320118.000,52038,1,T1,1,100,36.780
1715670961.431409,2320245.000,52055,1,T1,1,100,36.798
1715670961.564541,2320372.000,52090,1,T1,1,100,36.842
1715670961.699769,2320501.000,52109,1,T1,1,100,36.790
1715670961.832901,2320628.000,52127,1,T1,1,100,36.838
1715670961.963936,2320753.000,52143,1,T1,1,100,36.753
1715670962.094972,2320878.000,52177,1,T1,1,100,36.822
1715670962.229152,2321006.000,52194,1,T1,1,100,36.746
1715670962.363332,2321134.000,52220,2,T1,1,100,36.748
1715670962.497512,2321262.000,52220,2,T1,1,100,36.785
1715670962.630644,2321389.000,52236,1,T1,1,100,36.871
1715670962.763775,2321516.000,52253,1,T1,1,100,36.803
1715670962.896907,2321643.000,52285,1,T1,1,100,36.773
1715670963.028991,2321769.000,52306,1,T1,1,100,36.724
1715670963.160026,2321894.000,52326,1,T1,1,100,36.810
1715670963.293158,2322021.000,52342,1,T1,1,100,36.847
1715670963.427338,2322149.000,52375,2,T1,1,100,36.827
1715670963.561518,2322277.000,52375,2,T1,1,100,36.748
1715670963.695698,2322405.000,52395,1,T1,1,100,36.785
1715670963.829878,2322533.000,52412,1,T1,1,100,36.765
1715670963.964058,2322661.000,52428,1,T1,1,100,36.827
1715670964.096142,2322787.000,52448,1,T1,1,100,36.783
1715670964.227177,2322912.000,52482,1,T1,1,100,36.871
1715670964.359260,2323038.000,52498,1,T1,1,100,36.838
1715670964.492392,2323165.000,52516,1,T1,1,100,36.859
1715670964.626572,2323293.000,52532,1,T1,1,100,36.797
1715670964.759704,2323420.000,52564,1,T1,1,100,36.841
1715670964.893884,2323548.000,52581,1,T1,1,100,36.860
1715670965.029112,2323677.000,52597,1,T1,1,100,36.869
1715670965.162244,2323804.000,52615,1,T1,1,100,36.837
1715670965.293279,2323929.000,52651,1,T1,1,100,36.858
1715670965.424315,2324054.000,52668,1,T1,1,100,36.868
1715670965.558495,2324182.000,52685,1,T1,1,100,36.766
1715670965.691627,2324309.000,52705,1,T1,1,100,36.686
1715670965.826855,2324438.000,52722,1,T1,1,100,36.722
1715670965.959987,2324565.000,52738,1,T1,1,100,36.844
1715670966.093118,2324692.000,52755,1,T1,1,100,36.791
1715670966.226250,2324819.000,52789,1,T1,1,100,36.803
1715670966.358334,2324945.000,52808,1,T1,1,100,36.844
1715670966.489369,2325070.000,52826,1,T1,1,100,36.897
1715670966.622501,2325197.000,52842,1,T1,1,100,36.885
1715670966.756681,2325325.000,52874,1,T1,1,100,36.844
1715670966.890861,2325453.000,52891,1,T1,1,100,36.755
1715670967.023993,2325580.000,52907,1,T1,1,100,36.823
1715670967.158173,2325708.000,52925,1,T1,1,100,36.782
1715670967.292353,2325836.000,52958,1,T1,1,100,36.835
1715670967.424436,2325962.000,52975,1,T1,1,100,36.787
1715670967.555472,2326087.000,52992,1,T1,1,100,36.801
1715670967.688603,2326214.000,53018,2,T1,1,100,36.772
1715670967.821735,2326341.000,53018,2,T1,1,100,36.760
1715670967.955915,2326469.000,53034,1,T1,1,100,36.790
1715670968.089047,2326596.000,53057,1,T1,1,100,36.767
1715670968.223227,2326724.000,53073,1,T1,1,100,36.687
1715670968.358455,2326853.000,53090,1,T1,1,100,36.723
1715670968.491587,2326980.000,53109,1,T1,1,100,36.738
1715670968.622622,2327105.000,53140,1,T1,1,100,36.816
1715670968.753658,2327230.000,53158,1,T1,1,100,36.885
1715670968.887838,2327358.000,53174,1,T1,1,100,36.879
1715670969.020970,2327485.000,53194,1,T1,1,100,36.877
1715670969.156198,2327614.000,53226,1,T1,1,100,36.769
1715670969.289330,2327741.000,53242,1,T1,1,100,36.865
1715670969.422462,2327868.000,53260,1,T1,1,100,36.764
1715670969.555593,2327995.000,53278,1,T1,1,100,36.756
1715670969.687677,2328121.000,53313,2,T1,1,100,36.753
1715670969.819760,2328247.000,53313,2,T1,1,100,36.858
1715670969.952892,2328374.000,53344,1,T1,1,100,36.867
1715670970.086024,2328501.000,53362,1,T1,1,100,36.943
1715670970.220204,2328629.000,53381,1,T1,1,100,36.798
1715670970.353336,2328756.000,53398,1,T1,1,100,36.842
1715670970.487516,2328884.000,53430,1,T1,1,100,36.683
1715670970.622744,2329013.000,53448,1,T1,1,100,36.686
1715670970.754828,2329139.000,53466,1,T1,1,100,36.793
1715670970.885863,2329264.000,53485,1,T1,1,100,36.662
1715670971.016898,2329389.000,53517,1,T1,1,100,36.747
1715670971.150030,2329516.000,53534,1,T1,1,100,36.749
1715670971.284210,2329644.000,53550,1,T1,1,100,36.750
1715670971.417342,2329771.000,53568,1,T1,1,100,36.750
1715670971.551522,2329899.000,53602,1,T1,1,100,36.785
1715670971.686750,2330028.000,53620,1,T1,1,100,36.765
1715670971.819882,2330155.000,53638,1,T1,1,100,36.757
1715670971.950917,2330280.000,53654,1,T1,1,100,36.788
1715670972.081953,2330405.000,53675,1,T1,1,100,36.767
1715670972.216133,2330533.000,53691,1,T1,1,100,36.722
1715670972.349264,2330660.000,53723,1,T1,1,100,36.738
1715670972.484493,2330789.000,53740,1,T1,1,100,36.745
1715670972.617625,2330916.000,53756,1,T1,1,100,36.819
1715670972.750756,2331043.000,53793,1,T1,1,100,36.815
1715670972.884936,2331171.000,53810,1,T1,1,100,36.743
1715670973.018068,2331298.000,53826,1,T1,1,100,36.853
1715670973.149103,2331423.000,53851,1,T1,1,100,36.901
1715670973.282235,2331550.000,53867,1,T1,1,100,36.851
1715670973.414319,2331676.000,53885,1,T1,1,100,36.829
1715670973.548499,2331804.000,53901,1,T1,1,100,36.855
1715670973.681631,2331931.000,53918,1,T1,1,100,36.795
1715670973.816335,2332059.500,53952,2,T1,1,100,36.770
1715670973.951039,2332188.000,53952,2,T1,1,100,36.759
1715670974.083122,2332314.000,53987,1,T1,1,100,36.896
1715670974.214158,2332439.000,54003,1,T1,1,100,36.884
1715670974.344145,2332563.000,54020,1,T1,1,100,36.843
1715670974.477277,2332690.000,54037,1,T1,1,100,36.897
1715670974.611457,2332818.000,54054,1,T1,1,100,36.884
1715670974.744588,2332945.000,54089,1,T1,1,100,36.773
1715670974.878768,2333073.000,54107,1,T1,1,100,36.831
1715670975.013997,2333202.000,54124,1,T1,1,100,36.785
1715670975.147129,2333329.000,54141,1,T1,1,100,36.801
1715670975.279212,2333455.000,54175,1,T1,1,100,36.736
1715670975.410247,2333580.000,54193,1,T1,1,100,36.815
1715670975.544427,2333708.000,54209,1,T1,1,100,36.743
1715670975.677559,2333835.000,54226,1,T1,1,100,36.711
1715670975.812788,2333964.000,54260,1,T1,1,100,36.769
1715670975.945919,2334091.000,54281,2,T1,1,100,36.829
1715670976.079051,2334218.000,54281,2,T1,1,100,36.820
1715670976.214279,2334347.000,54297,1,T1,1,100,36.780
1715670976.347411,2334474.000,54314,1,T1,1,100,36.834
1715670976.478446,2334599.000,54346,1,T1,1,100,36.786
1715670976.610530,2334725.000,54365,1,T1,1,100,36.730
1715670976.742614,2334851.000,54383,1,T1,1,100,36.777
1715670976.876794,2334979.000,54401,1,T1,1,100,36.833
1715670977.009925,2335106.000,54433,1,T1,1,100,36.892
1715670977.144105,2335234.000,54453,1,T1,1,100,36.811
1715670977.279334,2335363.000,54469,1,T1,1,100,36.777
1715670977.411417,2335489.000,54487,1,T1,1,100,36.832
1715670977.542453,2335614.000,54518,1,T1,1,100,36.750
1715670977.672440,2335738.000,54535,1,T1,1,100,36.821
1715670977.805571,2335865.000,54552,1,T1,1,100,36.745
1715670977.939751,2335993.000,54571,1,T1,1,100,36.819
1715670978.073407,2336120.500,54591,2,T1,1,100,36.744
1715670978.207063,2336248.000,54591,2,T1,1,100,36.854
1715670978.340981,2336375.750,54620,4,T1,1,100,36.830
1715670978.474899,2336503.500,54620,4,T1,1,100,36.856
1715670978.608817,2336631.250,54620,4,T1,1,100,36.902
1715670978.742735,2336759.000,54620,4,T1,1,100,36.816
1715670978.876216,2336886.333,54640,3,T1,1,100,36.814
1715670979.009698,2337013.667,54640,3,T1,1,100,36.849
1715670979.143179,2337141.000,54640,3,T1,1,100,36.899
1715670979.271069,2337263.000,54659,1,T1,1,100,36.779
1715670979.404201,2337390.000,54677,1,T1,1,100,36.869
1715670979.539429,2337519.000,54693,1,T1,1,100,36.872
1715670979.672561,2337646.000,54710,1,T1,1,100,36.767
1715670979.803596,2337771.000,54730,1,T1,1,100,36.758
1715670979.934632,2337896.000,54747,1,T1,1,100,36.824
1715670980.066715,2338022.000,54764,1,T1,1,100,36.818
1715670980.200895,2338150.000,54797,1,T1,1,100,36.815
1715670980.335075,2338278.000,54814,1,T1,1,100,36.743
1715670980.469255,2338406.000,54834,1,T1,1,100,36.818
1715670980.604484,2338535.000,54851,1,T1,1,100,36.815
1715670980.736567,2338661.000,54883,1,T1,1,100,36.813
1715670980.868651,2338787.000,54899,1,T1,1,100,36.636
1715670980.998638,2338911.000,54916,1,T1,1,100,36.701
1715670981.131769,2339038.000,54936,1,T1,1,100,36.729
1715670981.265949,2339166.000,54969,1,T1,1,100,36.812
1715670981.399081,2339293.000,54987,1,T1,1,100,36.848
1715670981.533262,2339421.000,55003,1,T1,1,100,36.899
1715670981.668490,2339550.000,55035,1,T1,1,100,36.779
1715670981.801622,2339677.000,55055,1,T1,1,100,36.833
1715670981.935802,2339805.000,55071,1,T1,1,100,36.786
1715670982.066837,2339930.000,55089,1,T1,1,100,36.695
1715670982.201017,2340058.000,55105,1,T1,1,100,36.726
1715670982.333101,2340184.000,55142,1,T1,1,100,36.846
1715670982.468329,2340313.000,55159,1,T1,1,100,36.756
1715670982.601461,2340440.000,55175,1,T1,1,100,36.753
1715670982.734592,2340567.000,55192,1,T1,1,100,36.680
1715670982.869821,2340696.000,55224,1,T1,1,100,36.755
1715670983.002953,2340823.000,55241,1,T1,1,100,36.788
1715670983.133988,2340948.000,55261,1,T1,1,100,36.802
1715670983.265023,2341073.000,55277,1,T1,1,100,36.701
1715670983.397107,2341199.000,55311,1,T1,1,100,36.729
1715670983.531287,2341327.000,55330,1,T1,1,100,36.883
1715670983.664418,2341454.000,55349,1,T1,1,100,36.843
1715670983.798599,2341582.000,55367,1,T1,1,100,36.861
1715670983.933827,2341711.000,55398,1,T1,1,100,36.798
1715670984.065910,2341837.000,55420,2,T1,1,100,36.771
1715670984.197994,2341963.000,55420,2,T1,1,100,36.759
1715670984.327981,2342087.000,55440,1,T1,1,100,36.718
1715670984.461112,2342214.000,55457,1,T1,1,100,36.843
1715670984.595293,2342342.000,55490,1,T1,1,100,36.861
1715670984.728425,2342469.000,55508,1,T1,1,100,36.833
1715670984.862605,2342597.000,55527,1,T1,1,100,36.963
1715670984.997833,2342726.000,55559,1,T1,1,100,36.878
1715670985.130965,2342853.000,55576,1,T1,1,100,36.876
1715670985.265145,2342981.000,55592,1,T1,1,100,36.876
1715670985.396180,2343106.000,55610,1,T1,1,100,36.804
1715670985.530360,2343234.000,55643,1,T1,1,100,36.844
1715670985.661395,2343359.000,55659,1,T1,1,100,36.826
1715670985.796624,2343488.000,55677,1,T1,1,100,36.783
1715670985.929755,2343615.000,55693,1,T1,1,100,36.835
1715670986.062887,2343742.000,55725,1,T1,1,100,36.787
1715670986.198116,2343871.000,55742,1,T1,1,100,36.908
1715670986.331247,2343998.000,55758,1,T1,1,100,37.031
1715670986.462283,2344123.000,55782,1,T1,1,100,36.907
1715670986.593318,2344248.000,55813,1,T1,1,100,36.853
1715670986.725401,2344374.000,55832,1,T1,1,100,36.866
1715670986.859581,2344502.000,55852,1,T1,1,100,36.835
1715670986.993762,2344630.000,55868,1,T1,1,100,36.787
1715670987.127942,2344758.000,55886,1,T1,1,100,36.908
1715670987.263170,2344887.000,55917,1,T1,1,100,36.818
1715670987.395253,2345013.000,55937,1,T1,1,100,36.815
1715670987.528385,2345140.000,55954,1,T1,1,100,36.778
1715670987.658372,2345264.000,55970,1,T1,1,100,36.833
1715670987.791504,2345391.000,56004,1,T1,1,100,36.821
1715670987.924636,2345518.000,56021,1,T1,1,100,36.745
1715670988.057768,2345645.000,56038,1,T1,1,100,36.748
1715670988.191948,2345773.000,56060,1,T1,1,100,36.962
1715670988.327176,2345902.000,56092,1,T1,1,100,36.877
1715670988.461356,2346030.000,56108,1,T1,1,100,36.840
1715670988.595536,2346158.000,56125,1,T1,1,100,36.825
1715670988.726571,2346283.000,56145,1,T1,1,100,36.818
1715670988.859703,2346410.000,56178,1,T1,1,100,36.744
1715670988.990738,2346535.000,56196,1,T1,1,100,36.747
1715670989.125967,2346664.000,56212,1,T1,1,100,36.749
1715670989.259099,2346791.000,56229,1,T1,1,100,36.820
1715670989.392230,2346918.000,56245,1,T1,1,100,36.887
1715670989.527459,2347047.000,56269,1,T1,1,100,36.951
1715670989.660590,2347174.000,56286,1,T1,1,100,36.837
1715670989.791626,2347299.000,56303,1,T1,1,100,36.859
1715670989.922661,2347424.000,56321,1,T1,1,100,36.903
1715670990.054744,2347550.000,56342,1,T1,1,100,36.887
1715670990.188925,2347678.000,56373,1,T1,1,100,36.951
1715670990.323105,2347806.000,56389,1,T1,1,100,36.837
1715670990.457285,2347934.000,56407,1,T1,1,100,36.930
1715670990.592513,2348063.000,56423,1,T1,1,100,36.863
1715670990.724597,2348189.000,56458,1,T1,1,100,36.941
1715670990.858777,2348317.000,56475,1,T1,1,100,36.903
1715670990.988764,2348441.000,56491,1,T1,1,100,36.887
1715670991.121895,2348568.000,56511,1,T1,1,100,36.845
1715670991.253979,2348694.000,56545,1,T1,1,100,36.897
1715670991.387111,2348821.000,56562,1,T1,1,100,36.814
1715670991.521291,2348949.000,56579,1,T1,1,100,36.884
1715670991.656519,2349078.000,56595,1,T1,1,100,36.879
1715670991.790699,2349206.000,56627,1,T1,1,100,36.983
1715670991.924879,2349334.000,56644,1,T1,1,100,36.744
1715670992.055914,2349459.000,56664,1,T1,1,100,36.748
1715670992.187998,2349585.000,56683,1,T1,1,100,36.855
1715670992.319033,2349710.000,56715,1,T1,1,100,36.866
1715670992.454262,2349839.000,56731,1,T1,1,100,36.800
1715670992.587393,2349966.000,56748,1,T1,1,100,36.878
1715670992.720525,2350093.000,56768,1,T1,1,100,36.876
1715670992.855753,2350222.000,56799,1,T1,1,100,36.876
1715670992.988885,2350349.000,56816,1,T1,1,100,36.804
1715670993.120969,2350475.000,56835,1,T1,1,100,36.774
1715670993.252004,2350600.000,56857,1,T1,1,100,36.796
1715670993.384088,2350726.000,56873,1,T1,1,100,36.841
1715670993.518268,2350854.000,56905,1,T1,1,100,36.860
1715670993.651399,2350981.000,56922,1,T1,1,100,36.904
1715670993.785579,2351109.000,56939,1,T1,1,100,36.817
1715670993.920808,2351238.000,56970,1,T1,1,100,36.779
1715670994.053940,2351365.000,56988,1,T1,1,100,36.833
1715670994.188120,2351493.000,57004,1,T1,1,100,36.857
1715670994.318107,2351617.000,57021,1,T1,1,100,36.903
1715670994.451238,2351744.000,57055,1,T1,1,100,36.710
1715670994.582274,2351869.000,57074,1,T1,1,100,36.803
1715670994.715405,2351996.000,57092,1,T1,1,100,36.773
1715670994.849586,2352124.000,57112,1,T1,1,100,36.866
1715670994.984814,2352253.000,57130,1,T1,1,100,36.836
1715670995.118994,2352381.000,57149,1,T1,1,100,36.787
1715670995.253174,2352509.000,57166,1,T1,1,100,36.802
1715670995.384209,2352634.000,57183,1,T1,1,100,36.843
1715670995.516293,2352760.000,57216,1,T1,1,100,36.897
1715670995.647328,2352885.000,57233,1,T1,1,100,36.849
1715670995.782556,2353014.000,57250,1,T1,1,100,36.864
1715670995.915688,2353141.000,57270,1,T1,1,100,36.906
1715670996.048820,2353268.000,57302,1,T1,1,100,36.853
1715670996.184048,2353397.000,57318,1,T1,1,100,36.794
1715670996.317180,2353524.000,57335,1,T1,1,100,36.840
1715670996.450312,2353651.000,57355,1,T1,1,100,36.824
1715670996.581871,2353776.500,57375,2,T1,1,100,36.960
1715670996.713431,2353902.000,57375,2,T1,1,100,36.841
1715670996.847611,2354030.000,57391,1,T1,1,100,36.896
1715670996.980742,2354157.000,57423,1,T1,1,100,36.919
1715670997.114923,2354285.000,57443,1,T1,1,100,36.788
1715670997.250151,2354414.000,57459,1,T1,1,100,36.837
1715670997.383283,2354541.000,57477,1,T1,1,100,36.823
1715670997.517463,2354669.000,57508,1,T1,1,100,36.853
1715670997.647450,2354793.000,57526,1,T1,1,100,36.865
1715670997.780581,2354920.000,57547,1,T1,1,100,36.835
1715670997.911617,2355045.000,57563,1,T1,1,100,36.751
1715670998.044749,2355172.000,57597,1,T1,1,100,36.751
1715670998.178929,2355300.000,57614,1,T1,1,100,36.715
1715670998.314157,2355429.000,57630,1,T1,1,100,36.806
1715670998.448337,2355557.000,57648,1,T1,1,100,36.703
1715670998.580945,2355683.500,57683,2,T1,1,100,36.730
1715670998.713552,2355810.000,57683,2,T1,1,100,36.812
1715670998.845636,2355936.000,57717,1,T1,1,100,36.812
1715670998.976671,2356061.000,57736,1,T1,1,100,36.990
1715670999.111899,2356190.000,57754,1,T1,1,100,36.925
1715670999.245031,2356317.000,57770,1,T1,1,100,36.932
1715670999.378163,2356444.000,57802,1,T1,1,100,36.900
1715670999.513391,2356573.000,57819,1,T1,1,100,36.815
1715670999.646523,2356700.000,57835,1,T1,1,100,36.884
1715670999.780703,2356828.000,57853,1,T1,1,100,36.915
1715670999.911738,2356953.000,57889,1,T1,1,100,36.892
1715671000.043822,2357079.000,57906,1,T1,1,100,36.847
1715671000.176954,2357206.000,57931,2,T1,1,100,36.863
1715671000.310086,2357333.000,57931,2,T1,1,100,36.834
1715671000.444266,2357461.000,57948,1,T1,1,100,36.822
1715671000.579494,2357590.000,57965,1,T1,1,100,36.852
1715671000.713150,2357717.500,57997,2,T1,1,100,36.901
1715671000.846806,2357845.000,57997,2,T1,1,100,36.851
1715671000.976793,2357969.000,58018,1,T1,1,100,36.864
1715671001.108876,2358095.000,58050,1,T1,1,100,36.764
1715671001.239912,2358220.000,58067,1,T1,1,100,36.827
1715671001.373043,2358347.000,58084,1,T1,1,100,36.819
1715671001.507223,2358475.000,58101,1,T1,1,100,36.957
1715671001.642452,2358604.000,58136,1,T1,1,100,36.910
1715671001.776632,2358732.000,58152,1,T1,1,100,36.890
1715671001.910812,2358860.000,58169,1,T1,1,100,36.953
1715671002.043944,2358987.000,58188,1,T1,1,100,37.015
1715671002.174979,2359112.000,58219,1,T1,1,100,37.042
1715671002.307062,2359238.000,58239,1,T1,1,100,36.876
1715671002.442291,2359367.000,58256,1,T1,1,100,36.805
1715671002.575423,2359494.000,58273,1,T1,1,100,36.809
1715671002.708554,2359621.000,58290,1,T1,1,100,36.917
1715671002.843783,2359750.000,58307,1,T1,1,100,36.822
1715671002.977963,2359878.000,58341,1,T1,1,100,36.888
1715671003.112143,2360006.000,58359,1,T1,1,100,36.881
1715671003.243178,2360131.000,58376,1,T1,1,100,36.877
1715671003.375262,2360257.000,58393,1,T1,1,100,36.841
1715671003.507345,2360383.000,58427,1,T1,1,100,36.860
1715671003.640477,2360510.000,58444,1,T1,1,100,36.798
1715671003.774657,2360638.000,58461,1,T1,1,100,36.771
1715671003.909885,2360767.000,58480,1,T1,1,100,36.794
1715671004.043017,2360894.000,58515,1,T1,1,100,36.769
1715671004.177197,2361022.000,58531,1,T1,1,100,36.829
1715671004.307184,2361146.000,58548,1,T1,1,100,36.855
1715671004.439268,2361272.000,58565,1,T1,1,100,36.902
1715671004.570303,2361397.000,58582,1,T1,1,100,36.922
1715671004.703959,2361524.500,58614,2,T1,1,100,36.824
1715671004.837615,2361652.000,58614,2,T1,1,100,36.853
1715671004.972843,2361781.000,58652,1,T1,1,100,36.866
1715671005.107023,2361909.000,58668,1,T1,1,100,36.765
1715671005.241203,2362037.000,58685,1,T1,1,100,36.756
1715671005.375383,2362165.000,58702,1,T1,1,100,36.859
1715671005.506943,2362290.500,58739,2,T1,1,100,36.868
1715671005.638502,2362416.000,58739,2,T1,1,100,36.872
1715671005.773731,2362545.000,58757,1,T1,1,100,36.874
1715671005.906862,2362672.000,58788,1,T1,1,100,36.874
1715671006.039994,2362799.000,58807,1,T1,1,100,36.875
1715671006.175222,2362928.000,58827,1,T1,1,100,36.839
1715671006.309402,2363056.000,58843,1,T1,1,100,36.824
1715671006.443583,2363184.000,58861,1,T1,1,100,36.853
1715671006.574618,2363309.000,58892,1,T1,1,100,36.865
1715671006.705653,2363434.000,58912,1,T1,1,100,36.835
1715671006.837736,2363560.000,58929,2,T1,1,100,36.822
1715671006.969820,2363686.000,58929,2,T1,1,100,36.852
1715671007.104000,2363814.000,58948,1,T1,1,100,36.865
1715671007.239228,2363943.000,58979,1,T1,1,100,36.906
1715671007.372360,2364070.000,58997,1,T1,1,100,36.853
1715671007.506540,2364198.000,59013,1,T1,1,100,36.795
1715671007.637575,2364323.000,59048,1,T1,1,100,36.840
1715671007.769659,2364449.000,59065,1,T1,1,100,36.789
1715671007.900694,2364574.000,59081,1,T1,1,100,36.802
1715671008.033826,2364701.000,59099,1,T1,1,100,36.844
1715671008.168006,2364829.000,59134,1,T1,1,100,36.790
1715671008.303234,2364958.000,59151,1,T1,1,100,36.803
1715671008.437414,2365086.000,59171,1,T1,1,100,36.879
1715671008.571595,2365214.000,59187,1,T1,1,100,36.770
1715671008.705775,2365342.000,59219,1,T1,1,100,36.759
1715671008.836810,2365467.000,59239,2,T1,1,100,36.931
1715671008.967845,2365592.000,59239,2,T1,1,100,36.935
1715671009.102025,2365720.000,59256,1,T1,1,100,36.830
1715671009.235157,2365847.000,59289,1,T1,1,100,36.891
1715671009.368289,2365974.000,59307,1,T1,1,100,36.882
1715671009.503517,2366103.000,59326,1,T1,1,100,36.878
1715671009.637697,2366231.000,59343,1,T1,1,100,36.912
1715671009.771877,2366359.000,59375,1,T1,1,100,36.891
1715671009.902913,2366484.000,59391,1,T1,1,100,36.917
1715671010.033948,2366609.000,59409,1,T1,1,100,36.929
1715671010.164983,2366734.000,59428,1,T1,1,100,36.969
1715671010.298115,2366861.000,59460,1,T1,1,100,36.916
1715671010.432295,2366989.000,59479,1,T1,1,100,36.999
1715671010.567523,2367118.000,59495,1,T1,1,100,36.964
1715671010.700655,2367245.000,59516,1,T1,1,100,36.843
1715671010.833263,2367371.500,59553,4,T1,1,100,36.861
1715671010.965870,2367498.000,59553,4,T1,1,100,36.869
1715671011.098478,2367624.500,59553,4,T1,1,100,36.908
1715671011.231086,2367751.000,59553,4,T1,1,100,36.889
1715671011.366314,2367880.000,59577,4,T1,1,100,36.846
1715671011.501542,2368009.000,59577,4,T1,1,100,36.933
1715671011.636771,2368138.000,59577,4,T1,1,100,36.829
1715671011.771999,2368267.000,59577,4,T1,1,100,36.749
1715671011.905131,2368394.000,59598,2,T1,1,100,36.785
1715671012.038263,2368521.000,59598,2,T1,1,100,36.765
1715671012.165105,2368642.000,59614,1,T1,1,100,36.863
1715671012.295092,2368766.000,59631,1,T1,1,100,36.905
1715671012.429272,2368894.000,59648,1,T1,1,100,36.853
1715671012.562403,2369021.000,59665,1,T1,1,100,36.901
1715671012.695535,2369148.000,59702,1,T1,1,100,36.922
1715671012.830764,2369277.000,59718,1,T1,1,100,36.895
1715671012.964944,2369405.000,59735,1,T1,1,100,36.884
1715671013.099124,2369533.000,59754,1,T1,1,100,36.879
1715671013.230159,2369658.000,59785,1,T1,1,100,36.877
1715671013.361194,2369783.000,59806,1,T1,1,100,36.805
1715671013.492229,2369908.000,59822,1,T1,1,100,36.845
1715671013.625361,2370035.000,59839,1,T1,1,100,36.826
1715671013.759541,2370163.000,59873,1,T1,1,100,36.889
1715671013.894770,2370292.000,59889,1,T1,1,100,36.846
1715671014.027901,2370419.000,59908,1,T1,1,100,36.791
1715671014.162081,2370547.000,59926,1,T1,1,100,36.839
1715671014.293117,2370672.000,59958,1,T1,1,100,36.859
1715671014.425200,2370798.000,59975,1,T1,1,100,36.904
1715671014.556236,2370923.000,59994,1,T1,1,100,36.852
1715671014.689367,2371050.000,60012,1,T1,1,100,36.865
1715671014.822499,2371177.000,60043,1,T1,1,100,36.800
1715671014.957727,2371306.000,60061,1,T1,1,100,36.913
1715671015.091908,2371434.000,60079,1,T1,1,100,36.892
1715671015.226088,2371562.000,60098,1,T1,1,100,36.953
1715671015.360268,2371690.000,60116,1,T1,1,100,36.944
1715671015.491303,2371815.000,60147,1,T1,1,100,36.905
1715671015.622338,2371940.000,60163,1,T1,1,100,36.853
1715671015.755470,2372067.000,60181,1,T1,1,100,36.794
1715671015.888602,2372194.000,60200,1,T1,1,100,36.876
1715671016.021734,2372321.000,60234,1,T1,1,100,36.769
1715671016.156962,2372450.000,60251,1,T1,1,100,36.829
1715671016.291142,2372578.000,60267,1,T1,1,100,36.962
1715671016.425322,2372706.000,60285,1,T1,1,100,36.842
1715671016.556357,2372831.000,60307,1,T1,1,100,36.861
1715671016.687392,2372956.000,60327,1,T1,1,100,36.833
1715671016.818428,2373081.000,60344,1,T1,1,100,36.928
1715671016.951560,2373208.000,60360,1,T1,1,100,36.933
1715671017.085740,2373336.000,60380,1,T1,1,100,37.007
1715671017.220968,2373465.000,60411,1,T1,1,100,36.861
1715671017.354100,2373592.000,60428,1,T1,1,100,36.833
1715671017.488280,2373720.000,60445,1,T1,1,100,36.928
1715671017.620363,2373846.000,60461,1,T1,1,100,36.933
1715671017.752447,2373972.000,60493,1,T1,1,100,36.936
1715671017.883482,2374097.000,60513,1,T1,1,100,36.689
1715671018.016614,2374224.000,60530,1,T1,1,100,36.723
1715671018.149746,2374351.000,60551,1,T1,1,100,36.951
1715671018.284974,2374480.000,60586,1,T1,1,100,36.837
1715671018.419154,2374608.000,60602,1,T1,1,100,36.894
1715671018.553334,2374736.000,60619,1,T1,1,100,36.812
1715671018.687514,2374864.000,60636,1,T1,1,100,36.848
1715671018.818549,2374989.000,60653,1,T1,1,100,36.970
1715671018.949585,2375114.000,60685,1,T1,1,100,36.845
1715671019.082716,2375241.000,60701,1,T1,1,100,36.862
1715671019.215848,2375368.000,60723,1,T1,1,100,36.869
1715671019.348980,2375495.000,60740,1,T1,1,100,36.837
1715671019.484208,2375624.000,60771,1,T1,1,100,36.859
1715671019.618388,2375752.000,60792,1,T1,1,100,36.868
1715671019.752568,2375880.000,60808,1,T1,1,100,36.836
1715671019.883604,2376005.000,60825,1,T1,1,100,36.858
1715671020.015687,2376131.000,60842,1,T1,1,100,36.939
1715671020.146723,2376256.000,60873,1,T1,1,100,36.903
1715671020.280903,2376384.000,60892,1,T1,1,100,36.887
1715671020.415083,2376512.000,60912,1,T1,1,100,37.022
1715671020.550311,2376641.000,60929,1,T1,1,100,36.974
1715671020.683443,2376768.000,60961,1,T1,1,100,36.918
1715671020.817623,2376896.000,60977,1,T1,1,100,36.964
1715671020.949706,2377022.000,60994,1,T1,1,100,36.878
1715671021.081790,2377148.000,61014,1,T1,1,100,36.805
1715671021.212825,2377273.000,61045,1,T1,1,100,36.845
1715671021.345957,2377400.000,61065,1,T1,1,100,36.862
1715671021.479089,2377527.000,61081,1,T1,1,100,36.905
1715671021.614317,2377656.000,61098,1,T1,1,100,36.959
1715671021.748497,2377784.000,61133,1,T1,1,100,36.876
1715671021.882677,2377912.000,61150,1,T1,1,100,37.017
1715671022.016857,2378040.000,61168,1,T1,1,100,36.901
1715671022.147892,2378165.000,61184,1,T1,1,100,36.815
1715671022.278928,2378290.000,61201,1,T1,1,100,36.814
1715671022.412060,2378417.000,61223,1,T1,1,100,36.778
1715671022.544143,2378543.000,61254,1,T1,1,100,36.726
1715671022.677275,2378670.000,61272,1,T1,1,100,36.846
1715671022.812503,2378799.000,61288,1,T1,1,100,36.863
1715671022.946683,2378927.000,61305,1,T1,1,100,36.870
1715671023.080863,2379055.000,61342,1,T1,1,100,36.908
1715671023.211899,2379180.000,61358,1,T1,1,100,36.996
1715671023.343982,2379306.000,61376,1,T1,1,100,36.963
1715671023.475017,2379431.000,61394,1,T1,1,100,36.948
1715671023.609197,2379559.000,61429,1,T1,1,100,36.871
1715671023.743377,2379687.000,61446,1,T1,1,100,36.873
1715671023.878606,2379816.000,61462,1,T1,1,100,36.945
1715671024.011738,2379943.000,61479,1,T1,1,100,36.870
1715671024.145918,2380071.000,61511,1,T1,1,100,36.802
1715671024.278001,2380197.000,61530,1,T1,1,100,36.702
1715671024.410085,2380323.000,61548,1,T1,1,100,36.800
1715671024.541120,2380448.000,61566,1,T1,1,100,36.772
1715671024.674252,2380575.000,61598,1,T1,1,100,36.866
1715671024.807384,2380702.000,61615,1,T1,1,100,36.906
1715671024.942612,2380831.000,61634,1,T1,1,100,36.889
1715671025.076792,2380959.000,61666,1,T1,1,100,36.881
1715671025.210972,2381087.000,61683,1,T1,1,100,36.842
1715671025.345152,2381215.000,61700,1,T1,1,100,36.896
1715671025.476187,2381340.000,61719,1,T1,1,100,36.991
1715671025.607223,2381465.000,61754,1,T1,1,100,36.925
1715671025.739306,2381591.000,61770,1,T1,1,100,36.790
1715671025.871390,2381717.000,61787,1,T1,1,100,36.874
1715671026.004521,2381844.000,61804,1,T1,1,100,36.804
1715671026.139750,2381973.000,61838,1,T1,1,100,36.844
1715671026.273930,2382101.000,61855,1,T1,1,100,36.862
1715671026.408110,2382229.000,61872,1,T1,1,100,36.798
1715671026.539145,2382354.000,61891,1,T1,1,100,36.984
1715671026.672277,2382481.000,61907,1,T1,1,100,36.957
1715671026.803312,2382606.000,61942,1,T1,1,100,36.875
1715671026.937492,2382734.000,61959,1,T1,1,100,36.840
1715671027.071672,2382862.000,61976,1,T1,1,100,36.895
1715671027.205852,2382990.000,62015,2,T1,1,100,36.884
1715671027.340032,2383118.000,62015,2,T1,1,100,36.914
1715671027.474212,2383246.000,62035,1,T1,1,100,36.927
1715671027.607344,2383373.000,62051,1,T1,1,100,36.898
1715671027.739428,2383499.000,62069,1,T1,1,100,36.885
1715671027.870463,2383624.000,62100,1,T1,1,100,36.915
1715671028.003595,2383751.000,62119,1,T1,1,100,36.892
1715671028.135678,2383877.000,62141,1,T1,1,100,36.953
1715671028.270907,2384006.000,62157,1,T1,1,100,36.909
1715671028.405087,2384134.000,62189,1,T1,1,100,36.925
1715671028.539267,2384262.000,62206,1,T1,1,100,36.968
1715671028.673447,2384390.000,62226,1,T1,1,100,36.951
1715671028.804482,2384515.000,62243,1,T1,1,100,36.908
1715671028.935517,2384640.000,62275,1,T1,1,100,36.854
1715671029.067601,2384766.000,62291,1,T1,1,100,36.972
1715671029.198636,2384891.000,62310,1,T1,1,100,36.917
1715671029.332816,2385019.000,62327,1,T1,1,100,36.929
1715671029.468045,2385148.000,62347,1,T1,1,100,36.863
1715671029.602225,2385276.000,62363,1,T1,1,100,36.799
1715671029.736405,2385404.000,62381,1,T1,1,100,36.771
1715671029.867440,2385529.000,62412,1,T1,1,100,36.866
1715671030.000572,2385656.000,62432,1,T1,1,100,36.977
1715671030.131607,2385781.000,62449,1,T1,1,100,37.026
1715671030.265787,2385909.000,62465,1,T1,1,100,36.940
1715671030.399967,2386037.000,62499,1,T1,1,100,36.761
1715671030.535195,2386166.000,62516,1,T1,1,100,36.826
1715671030.668327,2386293.000,62536,1,T1,1,100,36.747
1715671030.802507,2386421.000,62553,1,T1,1,100,36.784
1715671030.935639,2386548.000,62585,1,T1,1,100,36.871
1715671031.067723,2386674.000,62601,1,T1,1,100,36.838
1715671031.198758,2386799.000,62621,1,T1,1,100,36.894
1715671031.331890,2386926.000,62640,1,T1,1,100,37.061
1715671031.463973,2387052.000,62671,1,T1,1,100,36.884
1715671031.599201,2387181.000,62688,1,T1,1,100,36.915
1715671031.733382,2387309.000,62705,1,T1,1,100,36.821
1715671031.867562,2387437.000,62722,1,T1,1,100,36.887
1715671032.001742,2387565.000,62757,1,T1,1,100,36.880
1715671032.132777,2387690.000,62773,1,T1,1,100,36.913
1715671032.263812,2387815.000,62790,1,T1,1,100,36.962
1715671032.395896,2387941.000,62807,1,T1,1,100,36.913
1715671032.526931,2388066.000,62829,1,T1,1,100,36.927
1715671032.661111,2388194.000,62851,1,T1,1,100,36.897
1715671032.796339,2388323.000,62867,1,T1,1,100,36.885
1715671032.930519,2388451.000,62884,1,T1,1,100,36.915
1715671033.064699,2388579.000,62903,1,T1,1,100,36.928
1715671033.195735,2388704.000,62937,1,T1,1,100,36.933
1715671033.328866,2388831.000,62955,1,T1,1,100,36.865
1715671033.459902,2388956.000,62971,1,T1,1,100,36.871
1715671033.594082,2389084.000,62990,1,T1,1,100,36.838
1715671033.728262,2389212.000,63025,1,T1,1,100,36.859
1715671033.863490,2389341.000,63041,1,T1,1,100,36.833
1715671033.996622,2389468.000,63059,1,T1,1,100,36.857
1715671034.130802,2389596.000,63075,1,T1,1,100,36.903
1715671034.263934,2389723.000,63107,1,T1,1,100,36.851
1715671034.396017,2389849.000,63124,1,T1,1,100,37.007
1715671034.527053,2389974.000,63145,1,T1,1,100,36.932
1715671034.660184,2390101.000,63163,1,T1,1,100,36.935
1715671034.792268,2390227.000,63194,1,T1,1,100,36.901
1715671034.927496,2390356.000,63210,1,T1,1,100,36.851
1715671035.061676,2390484.000,63228,1,T1,1,100,36.865
1715671035.195856,2390612.000,63247,1,T1,1,100,36.906
1715671035.330036,2390740.000,63279,1,T1,1,100,36.853
1715671035.461072,2390865.000,63296,1,T1,1,100,36.901
1715671035.592107,2390990.000,63314,1,T1,1,100,36.993
1715671035.724190,2391116.000,63332,1,T1,1,100,36.926
1715671035.855226,2391241.000,63363,1,T1,1,100,36.791
1715671035.989406,2391369.000,63383,1,T1,1,100,36.838
1715671036.124634,2391498.000,63400,1,T1,1,100,36.895
1715671036.258814,2391626.000,63416,1,T1,1,100,36.884
1715671036.392994,2391754.000,63448,1,T1,1,100,36.914
1715671036.524029,2391879.000,63468,1,T1,1,100,36.821
1715671036.657161,2392006.000,63487,1,T1,1,100,36.745
1715671036.788197,2392131.000,63504,1,T1,1,100,36.712
1715671036.921328,2392258.000,63520,1,T1,1,100,36.876
1715671037.055508,2392386.000,63538,1,T1,1,100,36.982
1715671037.190737,2392515.000,63572,1,T1,1,100,36.957
1715671037.323869,2392642.000,63589,1,T1,1,100,36.875
1715671037.458049,2392770.000,63606,1,T1,1,100,36.875
1715671037.591180,2392897.000,63622,1,T1,1,100,36.875
1715671037.723264,2393023.000,63656,1,T1,1,100,36.840
1715671037.854299,2393148.000,63676,1,T1,1,100,36.860
1715671037.987431,2393275.000,63697,1,T1,1,100,36.833
1715671038.119514,2393401.000,63715,1,T1,1,100,36.857
1715671038.254743,2393530.000,63733,1,T1,1,100,36.903
1715671038.388923,2393658.000,63749,1,T1,1,100,36.922
1715671038.523103,2393786.000,63769,1,T1,1,100,36.931
1715671038.657283,2393914.000,63786,1,T1,1,100,36.899
1715671038.788318,2394039.000,63819,1,T1,1,100,36.956
1715671038.919353,2394164.000,63837,1,T1,1,100,36.875
1715671039.051437,2394290.000,63853,1,T1,1,100,36.875
1715671039.182472,2394415.000,63873,1,T1,1,100,36.875
1715671039.316652,2394543.000,63905,1,T1,1,100,36.910
1715671039.452929,2394673.000,63921,1,T1,1,100,36.961
1715671039.587109,2394801.000,63938,1,T1,1,100,36.912
1715671039.721289,2394929.000,63955,1,T1,1,100,36.998
1715671039.853373,2395055.000,63989,1,T1,1,100,36.928
1715671039.986504,2395182.000,64009,1,T1,1,100,36.898
1715671040.117540,2395307.000,64025,1,T1,1,100,37.062
1715671040.250671,2395434.000,64042,1,T1,1,100,36.885
1715671040.384851,2395562.000,64077,1,T1,1,100,36.915
1715671040.520080,2395691.000,64093,1,T1,1,100,36.928
1715671040.653212,2395818.000,64111,1,T1,1,100,37.075
1715671040.787392,2395946.000,64127,1,T1,1,100,36.926
1715671040.920523,2396073.000,64159,1,T1,1,100,36.897
1715671041.052607,2396199.000,64178,1,T1,1,100,36.920
1715671041.183642,2396324.000,64197,1,T1,1,100,36.894
1715671041.315726,2396450.000,64215,1,T1,1,100,36.848
1715671041.447809,2396576.000,64231,1,T1,1,100,36.899
1715671041.583038,2396705.000,64263,1,T1,1,100,36.885
1715671041.717218,2396833.000,64283,1,T1,1,100,36.773
1715671041.851398,2396961.000,64299,1,T1,1,100,36.866
1715671041.985578,2397089.000,64331,1,T1,1,100,37.013
1715671042.116613,2397214.000,64348,1,T1,1,100,36.935
1715671042.247648,2397339.000,64366,1,T1,1,100,36.865
1715671042.379732,2397465.000,64387,1,T1,1,100,36.942
1715671042.510767,2397590.000,64403,1,T1,1,100,36.939
1715671042.644947,2397718.000,64435,1,T1,1,100,36.938
1715671042.781224,2397848.000,64452,1,T1,1,100,36.938
1715671042.915404,2397976.000,64468,1,T1,1,100,36.867
1715671043.049584,2398104.000,64491,1,T1,1,100,36.836
1715671043.182716,2398231.000,64522,1,T1,1,100,36.894
1715671043.314799,2398357.000,64547,2,T1,1,100,36.883
1715671043.446883,2398483.000,64547,2,T1,1,100,36.914
1715671043.580014,2398610.000,64563,1,T1,1,100,36.892
1715671043.713146,2398737.000,64598,1,T1,1,100,36.989
1715671043.848375,2398866.000,64615,1,T1,1,100,36.924
1715671043.981506,2398993.000,64632,1,T1,1,100,36.932
1715671044.115686,2399121.000,64649,1,T1,1,100,36.935
1715671044.248818,2399248.000,64684,1,T1,1,100,36.936
1715671044.380902,2399374.000,64702,1,T1,1,100,36.937
1715671044.511937,2399499.000,64719,1,T1,1,100,36.831
1715671044.642972,2399624.000,64736,1,T1,1,100,36.891
1715671044.775056,2399750.000,64753,1,T1,1,100,36.918
1715671044.910284,2399879.000,64785,1,T1,1,100,36.893
1715671045.044464,2400007.000,64804,1,T1,1,100,36.883
1715671045.178644,2400135.000,64821,1,T1,1,100,36.914
1715671045.312824,2400263.000,64837,1,T1,1,100,36.998
1715671045.443860,2400388.000,64871,1,T1,1,100,36.893
1715671045.576991,2400515.000,64891,1,T1,1,100,36.989
1715671045.709075,2400641.000,64908,1,T1,1,100,36.853
1715671045.840110,2400766.000,64925,1,T1,1,100,36.866
1715671045.974290,2400894.000,64957,1,T1,1,100,36.871
1715671046.110567,2401024.000,64973,1,T1,1,100,36.767
1715671046.244747,2401152.000,64993,1,T1,1,100,36.828
1715671046.378927,2401280.000,65025,1,T1,1,100,36.855
1715671046.512059,2401407.000,65043,1,T1,1,100,36.937
1715671046.645190,2401534.000,65061,1,T1,1,100,36.831
1715671046.776226,2401659.000,65077,1,T1,1,100,36.856
1715671046.909358,2401786.000,65112,1,T1,1,100,36.902
1715671047.041441,2401912.000,65129,1,T1,1,100,36.922
1715671047.176669,2402041.000,65145,1,T1,1,100,36.966
1715671047.309801,2402168.000,65163,1,T1,1,100,36.915
1715671047.443981,2402296.000,65194,1,T1,1,100,36.998
1715671047.577113,2402423.000,65215,1,T1,1,100,36.999
1715671047.709197,2402549.000,65233,1,T1,1,100,36.929
1715671047.841280,2402675.000,65249,1,T1,1,100,36.827
1715671047.972315,2402800.000,65286,1,T1,1,100,36.783
1715671048.104399,2402926.000,65303,1,T1,1,100,36.835
1715671048.239627,2403055.000,65320,1,T1,1,100,37.000
1715671048.373807,2403183.000,65337,1,T1,1,100,36.964
1715671048.507987,2403311.000,65353,1,T1,1,100,36.914
1715671048.641119,2403438.000,65392,2,T1,1,100,36.927
1715671048.774251,2403565.000,65392,2,T1,1,100,36.898
1715671048.907383,2403692.000,65412,1,T1,1,100,36.814
1715671049.039466,2403818.000,65429,1,T1,1,100,36.849
1715671049.170501,2403943.000,65460,1,T1,1,100,36.828
1715671049.303633,2404070.000,65478,1,T1,1,100,36.819
1715671049.439910,2404200.000,65497,1,T1,1,100,36.886
1715671049.573042,2404327.000,65514,1,T1,1,100,36.986
1715671049.707222,2404455.000,65533,1,T1,1,100,36.923
1715671049.840353,2404582.000,28,1,T1,1,100,36.931
1715671049.973485,2404709.000,46,1,T1,1,100,36.899
1715671050.104521,2404834.000,62,1,T1,1,100,36.779
1715671050.236604,2404960.000,79,1,T1,1,100,36.834
1715671050.368688,2405086.000,114,1,T1,1,100,36.893
1715671050.503916,2405215.000,130,1,T1,1,100,36.883
1715671050.637048,2405342.000,150,1,T1,1,100,36.772
1715671050.771228,2405470.000,166,1,T1,1,100,36.866
1715671050.904360,2405597.000,201,1,T1,1,100,36.906
1715671051.036443,2405723.000,218,1,T1,1,100,36.960
1715671051.169575,2405850.000,234,1,T1,1,100,36.912
1715671051.300610,2405975.000,252,1,T1,1,100,36.820
1715671051.432694,2406101.000,286,1,T1,1,100,36.958
1715671051.567922,2406230.000,302,1,T1,1,100,36.911
1715671051.702102,2406358.000,322,1,T1,1,100,36.961
1715671051.836282,2406486.000,338,1,T1,1,100,36.912
1715671051.970462,2406614.000,370,1,T1,1,100,36.891
1715671052.103594,2406741.000,390,1,T1,1,100,36.953
1715671052.236726,2406868.000,406,1,T1,1,100,36.980
1715671052.368809,2406994.000,424,1,T1,1,100,36.920
1715671052.499845,2407119.000,455,1,T1,1,100,36.895
1715671052.631928,2407245.000,472,1,T1,1,100,36.990
1715671052.768205,2407375.000,491,1,T1,1,100,36.996
1715671052.900288,2407501.000,510,1,T1,1,100,37.034
1715671053.035517,2407630.000,544,1,T1,1,100,36.979
1715671053.168648,2407757.000,561,1,T1,1,100,36.920
1715671053.301780,2407884.000,578,1,T1,1,100,36.930
1715671053.432815,2408009.000,595,1,T1,1,100,37.041
1715671053.563851,2408134.000,630,1,T1,1,100,36.947
1715671053.695934,2408260.000,646,1,T1,1,100,36.941
1715671053.831162,2408389.000,665,1,T1,1,100,36.939
1715671053.964294,2408516.000,681,1,T1,1,100,36.974
1715671054.098474,2408644.000,706,1,T1,1,100,36.953
1715671054.231606,2408771.000,723,1,T1,1,100,36.944
1715671054.363690,2408897.000,740,1,T1,1,100,36.905
1715671054.496821,2409024.000,757,1,T1,1,100,36.923
1715671054.627857,2409149.000,777,1,T1,1,100,36.860
1715671054.759940,2409275.000,808,1,T1,1,100,36.940
1715671054.895169,2409404.000,827,1,T1,1,100,37.009
1715671055.029349,2409532.000,844,1,T1,1,100,37.040
1715671055.163529,2409660.000,861,1,T1,1,100,36.875
1715671055.297709,2409788.000,896,1,T1,1,100,36.840
1715671055.430840,2409915.000,912,1,T1,1,100,37.002
1715671055.563972,2410042.000,929,1,T1,1,100,37.036
1715671055.696056,2410168.000,946,1,T1,1,100,36.980
1715671055.827091,2410293.000,982,1,T1,1,100,36.991
1715671055.958126,2410418.000,1000,1,T1,1,100,36.961
1715671056.094403,2410548.000,1016,1,T1,1,100,37.019
1715671056.226486,2410674.000,1033,1,T1,1,100,36.973
1715671056.361715,2410803.000,1065,1,T1,1,100,36.953
1715671056.494847,2410930.000,1081,1,T1,1,100,36.944
1715671056.627978,2411057.000,1099,1,T1,1,100,36.940
1715671056.759014,2411182.000,1118,1,T1,1,100,36.903
1715671056.890049,2411307.000,1150,1,T1,1,100,36.852
1715671057.022132,2411433.000,1169,1,T1,1,100,36.865
1715671057.157361,2411562.000,1185,1,T1,1,100,36.906
1715671057.290493,2411689.000,1206,1,T1,1,100,36.959
1715671057.424673,2411817.000,1237,1,T1,1,100,36.982
1715671057.557804,2411944.000,1253,1,T1,1,100,36.957
1715671057.689888,2412070.000,1271,1,T1,1,100,36.946
1715671057.824068,2412198.000,1287,1,T1,1,100,36.906
1715671057.955103,2412323.000,1324,1,T1,1,100,36.995
1715671058.087187,2412449.000,1343,1,T1,1,100,36.962
1715671058.221367,2412577.000,1359,1,T1,1,100,36.948
1715671058.355547,2412705.000,1377,1,T1,1,100,36.907
1715671058.489727,2412833.000,1408,1,T1,1,100,36.924
1715671058.623907,2412961.000,1428,1,T1,1,100,37.003
1715671058.757039,2413088.000,1445,1,T1,1,100,37.072
1715671058.890171,2413215.000,1477,1,T1,1,100,36.996
1715671059.022254,2413341.000,1493,1,T1,1,100,36.963
1715671059.152241,2413465.000,1512,1,T1,1,100,36.913
1715671059.283276,2413590.000,1530,1,T1,1,100,36.891
1715671059.419553,2413720.000,1554,1,T1,1,100,36.882
1715671059.551636,2413846.000,1570,1,T1,1,100,36.914
1715671059.686865,2413975.000,1602,1,T1,1,100,36.927
1715671059.819997,2414102.000,1622,1,T1,1,100,37.004
1715671059.953128,2414229.000,1639,1,T1,1,100,36.895
1715671060.085212,2414355.000,1656,1,T1,1,100,36.884
1715671060.216247,2414480.000,1690,1,T1,1,100,36.808
1715671060.348330,2414606.000,1706,1,T1,1,100,36.881
1715671060.483559,2414735.000,1723,1,T1,1,100,37.020
1715671060.616691,2414862.000,1739,1,T1,1,100,37.044
1715671060.750871,2414990.000,1774,1,T1,1,100,36.984
1715671060.884002,2415117.000,1791,1,T1,1,100,36.816
1715671061.017134,2415244.000,1808,1,T1,1,100,36.849
1715671061.151314,2415372.000,1842,1,T1,1,100,36.899
1715671061.282350,2415497.000,1862,1,T1,1,100,36.956
1715671061.414433,2415623.000,1878,1,T1,1,100,36.910
1715671061.547565,2415750.000,1895,1,T1,1,100,36.926
1715671061.681745,2415878.000,1930,2,T1,1,100,36.932
1715671061.815925,2416006.000,1930,2,T1,1,100,36.864
1715671061.950105,2416134.000,1947,1,T1,1,100,36.941
1715671062.083237,2416261.000,1978,1,T1,1,100,36.939
1715671062.216369,2416388.000,1996,1,T1,1,100,36.903
1715671062.348452,2416514.000,2017,1,T1,1,100,36.958
1715671062.478439,2416638.000,2034,1,T1,1,100,36.946
1715671062.609474,2416763.000,2051,1,T1,1,100,36.941
1715671062.745751,2416893.000,2082,1,T1,1,100,36.904
1715671062.877835,2417019.000,2099,1,T1,1,100,36.887
1715671063.013063,2417148.000,2118,1,T1,1,100,36.987
1715671063.146195,2417275.000,2138,1,T1,1,100,36.923
1715671063.279326,2417402.000,2170,1,T1,1,100,36.896
1715671063.412458,2417529.000,2188,1,T1,1,100,36.920
1715671063.543494,2417654.000,2205,1,T1,1,100,36.894
1715671063.675577,2417780.000,2222,1,T1,1,100,37.025
1715671063.810805,2417909.000,2256,1,T1,1,100,37.046
1715671063.942889,2418035.000,2274,1,T1,1,100,37.091
1715671064.077069,2418163.000,2290,1,T1,1,100,36.968
1715671064.210201,2418290.000,2307,1,T1,1,100,36.880
1715671064.343333,2418417.000,2344,1,T1,1,100,36.913
1715671064.477513,2418545.000,2360,1,T1,1,100,36.998
1715671064.608548,2418670.000,2378,1,T1,1,100,36.928
1715671064.740631,2418796.000,2394,1,T1,1,100,36.933
1715671064.873763,2418923.000,2434,1,T1,1,100,36.936
1715671065.007943,2419051.000,2451,1,T1,1,100,37.008
1715671065.142123,2419179.000,2467,1,T1,1,100,37.039
1715671065.276304,2419307.000,2485,1,T1,1,100,36.981
1715671065.409435,2419434.000,2518,1,T1,1,100,36.921
1715671065.542567,2419561.000,2534,1,T1,1,100,36.930
1715671065.674650,2419687.000,2555,1,T1,1,100,36.863
1715671065.804637,2419811.000,2571,1,T1,1,100,36.835
1715671065.935673,2419936.000,2603,1,T1,1,100,36.893
1715671066.071949,2420066.000,2620,1,T1,1,100,36.918
1715671066.204033,2420192.000,2639,1,T1,1,100,36.965
1715671066.339261,2420321.000,2657,1,T1,1,100,36.949
1715671066.472393,2420448.000,2690,1,T1,1,100,36.907
1715671066.605525,2420575.000,2707,1,T1,1,100,36.924
1715671066.738657,2420702.000,2724,1,T1,1,100,36.896
1715671066.869692,2420827.000,2740,1,T1,1,100,36.920
1715671067.001775,2420953.000,2775,1,T1,1,100,37.001
1715671067.137004,2421082.000,2792,1,T1,1,100,36.894
1715671067.269087,2421208.000,2809,1,T1,1,100,36.848
1715671067.403267,2421336.000,2826,1,T1,1,100,36.899
1715671067.536399,2421463.000,2863,1,T1,1,100,36.885
1715671067.669531,2421590.000,2879,1,T1,1,100,36.915
1715671067.803711,2421718.000,2896,1,T1,1,100,36.963
1715671067.934746,2421843.000,2913,1,T1,1,100,36.984
1715671068.066830,2421969.000,2932,1,T1,1,100,36.958
1715671068.198913,2422095.000,2967,1,T1,1,100,37.017
1715671068.333093,2422223.000,2983,1,T1,1,100,36.972
1715671068.467273,2422351.000,3000,1,T1,1,100,36.917
1715671068.601453,2422479.000,3019,1,T1,1,100,37.035
1715671068.734585,2422606.000,3050,1,T1,1,100,37.051
1715671068.867717,2422733.000,3070,1,T1,1,100,36.986
1715671068.999800,2422859.000,3087,1,T1,1,100,36.923
1715671069.130836,2422984.000,3104,1,T1,1,100,36.860
1715671069.261871,2423109.000,3136,1,T1,1,100,36.940
1715671069.398148,2423239.000,3152,1,T1,1,100,36.974
1715671069.530231,2423365.000,3172,1,T1,1,100,36.953
1715671069.665459,2423494.000,3191,1,T1,1,100,36.909
1715671069.798591,2423621.000,3222,1,T1,1,100,36.961
1715671069.931723,2423748.000,3240,1,T1,1,100,36.947
1715671070.065903,2423876.000,3256,1,T1,1,100,36.906
1715671070.196938,2424001.000,3281,1,T1,1,100,36.924
1715671070.329022,2424127.000,3298,1,T1,1,100,36.967
1715671070.464250,2424256.000,3329,1,T1,1,100,37.021
1715671070.596334,2424382.000,3347,1,T1,1,100,36.938
1715671070.730514,2424510.000,3368,1,T1,1,100,36.973
1715671070.863646,2424637.000,3385,1,T1,1,100,36.953
1715671070.996777,2424764.000,3402,1,T1,1,100,36.944
1715671071.130957,2424892.000,3433,1,T1,1,100,36.940
1715671071.261993,2425017.000,3451,1,T1,1,100,37.010
1715671071.394076,2425143.000,3467,1,T1,1,100,36.933
1715671071.526160,2425269.000,3484,1,T1,1,100,36.900
1715671071.660340,2425397.000,3516,1,T1,1,100,36.921
1715671071.794520,2425525.000,3534,1,T1,1,100,36.931
1715671071.928700,2425653.000,3552,1,T1,1,100,36.934
1715671072.061832,2425780.000,3568,1,T1,1,100,36.936
1715671072.194963,2425907.000,3603,1,T1,1,100,36.937
1715671072.327047,2426033.000,3620,1,T1,1,100,36.973
1715671072.458082,2426158.000,3636,1,T1,1,100,36.917
1715671072.589118,2426283.000,3653,1,T1,1,100,36.858
1715671072.725394,2426413.000,3688,1,T1,1,100,36.938
1715671072.857478,2426539.000,3704,1,T1,1,100,36.973
1715671072.992706,2426668.000,3726,1,T1,1,100,36.988
1715671073.125838,2426795.000,3757,1,T1,1,100,37.066
1715671073.257921,2426921.000,3774,1,T1,1,100,37.099
1715671073.393150,2427050.000,3791,1,T1,1,100,36.972
1715671073.524185,2427175.000,3810,1,T1,1,100,36.917
1715671073.656268,2427301.000,3828,1,T1,1,100,36.858
1715671073.790448,2427429.000,3859,1,T1,1,100,36.868
1715671073.922532,2427555.000,3876,1,T1,1,100,36.978
1715671074.056712,2427683.000,3898,1,T1,1,100,36.920
1715671074.189844,2427810.000,3914,1,T1,1,100,36.930
1715671074.322976,2427937.000,3946,1,T1,1,100,36.970
1715671074.457156,2428065.000,3963,1,T1,1,100,36.951
1715671074.588191,2428190.000,3980,1,T1,1,100,37.014
1715671074.719226,2428315.000,4000,1,T1,1,100,37.042
1715671074.851310,2428441.000,4032,1,T1,1,100,36.983
1715671074.985490,2428569.000,4048,1,T1,1,100,36.992
1715671075.119670,2428697.000,4067,1,T1,1,100,37.032
1715671075.253850,2428825.000,4087,1,T1,1,100,36.978
1715671075.386982,2428952.000,4118,1,T1,1,100,36.955
1715671075.520113,2429079.000,4140,1,T1,1,100,37.016
1715671075.652197,2429205.000,4157,1,T1,1,100,36.794
1715671075.783232,2429330.000,4174,1,T1,1,100,36.876
1715671075.914267,2429455.000,4191,1,T1,1,100,36.911
1715671076.050544,2429585.000,4225,1,T1,1,100,36.926
1715671076.182627,2429711.000,4245,1,T1,1,100,36.897
1715671076.317856,2429840.000,4261,1,T1,1,100,36.991
1715671076.450988,2429967.000,4278,1,T1,1,100,36.961
1715671076.583071,2430093.000,4313,1,T1,1,100,36.983
1715671076.718300,2430222.000,4329,1,T1,1,100,36.993
1715671076.849335,2430347.000,4346,1,T1,1,100,36.961
1715671076.981418,2430473.000,4363,1,T1,1,100,37.019
1715671077.115598,2430601.000,4380,1,T1,1,100,37.008
1715671077.247682,2430727.000,4414,1,T1,1,100,37.004
1715671077.381862,2430855.000,4430,1,T1,1,100,36.895
1715671077.514994,2430982.000,4447,1,T1,1,100,36.955
1715671077.648125,2431109.000,4482,1,T1,1,100,37.016
1715671077.782306,2431237.000,4501,1,T1,1,100,37.007
1715671077.913341,2431362.000,4519,1,T1,1,100,37.003
1715671078.045424,2431488.000,4537,1,T1,1,100,37.001
1715671078.177508,2431614.000,4554,1,T1,1,100,36.965
1715671078.311688,2431742.000,4588,1,T1,1,100,36.914
1715671078.445868,2431870.000,4607,1,T1,1,100,36.998
1715671078.580048,2431998.000,4625,1,T1,1,100,36.964
1715671078.713180,2432125.000,4641,1,T1,1,100,36.949
1715671078.846312,2432252.000,4673,1,T1,1,100,36.942
1715671078.978395,2432378.000,4690,1,T1,1,100,36.940
1715671079.109430,2432503.000,4709,1,T1,1,100,36.903
1715671079.240466,2432628.000,4727,1,T1,1,100,36.923
1715671079.376742,2432758.000,4760,1,T1,1,100,36.931
1715671079.508826,2432884.000,4776,1,T1,1,100,37.006
1715671079.644054,2433013.000,4794,1,T1,1,100,36.896
1715671079.777186,2433140.000,4810,1,T1,1,100,36.920
1715671079.909269,2433266.000,4830,1,T1,1,100,37.001
1715671080.044498,2433395.000,4862,1,T1,1,100,37.000
1715671080.175533,2433520.000,4878,1,T1,1,100,36.823
1715671080.307616,2433646.000,4896,1,T1,1,100,36.888
1715671080.441797,2433774.000,4915,1,T1,1,100,37.022
1715671080.573880,2433900.000,4949,1,T1,1,100,36.974
1715671080.708060,2434028.000,4966,1,T1,1,100,36.953
1715671080.841192,2434155.000,4982,1,T1,1,100,36.909
1715671080.974324,2434282.000,5005,1,T1,1,100,36.996
1715671081.108504,2434410.000,5039,1,T1,1,100,37.034
1715671081.239539,2434535.000,5056,1,T1,1,100,36.979
1715671081.370574,2434660.000,5073,1,T1,1,100,36.885
1715671081.502658,2434786.000,5089,1,T1,1,100,36.915
1715671081.636838,2434914.000,5126,1,T1,1,100,36.892
1715671081.771018,2435042.000,5143,1,T1,1,100,37.024
1715671081.905198,2435170.000,5160,1,T1,1,100,37.010
1715671082.038330,2435297.000,5177,1,T1,1,100,36.969
1715671082.171462,2435424.000,5209,1,T1,1,100,36.951
1715671082.303545,2435550.000,5225,1,T1,1,100,36.908
1715671082.434580,2435675.000,5242,1,T1,1,100,36.960
1715671082.565616,2435800.000,5262,1,T1,1,100,36.947
1715671082.701892,2435930.000,5279,1,T1,1,100,36.942
1715671082.833976,2436056.000,5300,1,T1,1,100,37.046
1715671082.969204,2436185.000,5334,1,T1,1,100,37.020
1715671083.102336,2436312.000,5351,1,T1,1,100,37.009
1715671083.234419,2436438.000,5368,1,T1,1,100,37.004
1715671083.369648,2436567.000,5385,1,T1,1,100,36.895
1715671083.501731,2436693.000,5417,1,T1,1,100,36.848
1715671083.633815,2436819.000,5436,1,T1,1,100,36.899
1715671083.767995,2436947.000,5455,1,T1,1,100,36.956
1715671083.900078,2437073.000,5472,1,T1,1,100,36.946
1715671084.034258,2437201.000,5503,1,T1,1,100,36.976
1715671084.167390,2437328.000,5524,1,T1,1,100,36.919
1715671084.300522,2437455.000,5540,1,T1,1,100,37.000
1715671084.434702,2437583.000,5557,1,T1,1,100,37.071
1715671084.565737,2437708.000,5573,1,T1,1,100,37.066
1715671084.696773,2437833.000,5605,1,T1,1,100,37.029
1715671084.828856,2437959.000,5624,1,T1,1,100,36.941
1715671084.963036,2438087.000,5644,1,T1,1,100,36.904
1715671085.097216,2438215.000,5661,1,T1,1,100,37.029
1715671085.231396,2438343.000,5693,1,T1,1,100,37.048
1715671085.364528,2438470.000,5709,1,T1,1,100,36.985
1715671085.497660,2438597.000,5729,1,T1,1,100,36.958
1715671085.630792,2438724.000,5746,1,T1,1,100,36.946
1715671085.761827,2438849.000,5777,1,T1,1,100,36.977
1715671085.892862,2438974.000,5797,1,T1,1,100,36.955
1715671086.029139,2439104.000,5813,1,T1,1,100,36.980
1715671086.161222,2439230.000,5830,1,T1,1,100,37.027
1715671086.295402,2439358.000,5865,2,T1,1,100,37.047
1715671086.429582,2439486.000,5865,2,T1,1,100,37.020
1715671086.562714,2439613.000,5900,1,T1,1,100,36.902
1715671086.697942,2439742.000,5916,1,T1,1,100,36.922
1715671086.828978,2439867.000,5936,1,T1,1,100,36.789
1715671086.961061,2439993.000,5955,1,T1,1,100,36.909
1715671087.095241,2440121.000,5972,1,T1,1,100,36.925
1715671087.227325,2440247.000,6004,1,T1,1,100,36.932
1715671087.361505,2440375.000,6020,1,T1,1,100,36.900
1715671087.494637,2440502.000,6040,1,T1,1,100,36.957
1715671087.627769,2440629.000,6057,1,T1,1,100,37.052
1715671087.761949,2440757.000,6088,1,T1,1,100,37.023
1715671087.892984,2440882.000,6106,1,T1,1,100,36.974
1715671088.024019,2441007.000,6129,1,T1,1,100,36.953
1715671088.156103,2441133.000,6146,1,T1,1,100,37.015
1715671088.290283,2441261.000,6178,1,T1,1,100,36.936
1715671088.424463,2441389.000,6194,1,T1,1,100,36.901
1715671088.558643,2441517.000,6212,1,T1,1,100,37.028
1715671088.691775,2441644.000,6243,1,T1,1,100,37.012
1715671088.824906,2441771.000,6263,1,T1,1,100,36.970
1715671088.958038,2441898.000,6282,1,T1,1,100,36.987
1715671089.089073,2442023.000,6298,1,T1,1,100,36.923
1715671089.220109,2442148.000,6316,1,T1,1,100,36.931
1715671089.356385,2442278.000,6350,1,T1,1,100,36.899
1715671089.488469,2442404.000,6366,1,T1,1,100,36.956
1715671089.623697,2442533.000,6384,1,T1,1,100,36.981
1715671089.756829,2442660.000,6400,1,T1,1,100,37.063
1715671089.889961,2442787.000,6434,1,T1,1,100,36.992
1715671090.025189,2442916.000,6451,1,T1,1,100,36.925
1715671090.157273,2443042.000,6470,1,T1,1,100,36.968
1715671090.289356,2443168.000,6488,1,T1,1,100,37.022
1715671090.423536,2443296.000,6519,1,T1,1,100,37.045
1715671090.555620,2443422.000,6539,1,T1,1,100,37.055
1715671090.689800,2443550.000,6556,1,T1,1,100,36.988
1715671090.822932,2443677.000,6572,1,T1,1,100,36.924
1715671090.956063,2443804.000,6604,1,T1,1,100,36.932
1715671091.090243,2443932.000,6623,1,T1,1,100,37.041
1715671091.221279,2444057.000,6640,1,T1,1,100,37.018
1715671091.352314,2444182.000,6660,1,T1,1,100,36.972
1715671091.484397,2444308.000,6692,1,T1,1,100,37.023
1715671091.618577,2444436.000,6708,1,T1,1,100,36.975
1715671091.752758,2444564.000,6732,1,T1,1,100,36.918
1715671091.886938,2444692.000,6749,1,T1,1,100,36.929
1715671092.020069,2444819.000,6771,1,T1,1,100,37.040
1715671092.153201,2444946.000,6803,1,T1,1,100,37.053
1715671092.286333,2445073.000,6819,1,T1,1,100,37.094
1715671092.417368,2445198.000,6836,1,T1,1,100,37.005
1715671092.548404,2445323.000,6853,1,T1,1,100,36.931
1715671092.684680,2445453.000,6872,1,T1,1,100,37.041
1715671092.816764,2445579.000,6905,1,T1,1,100,37.124
1715671092.951992,2445708.000,6923,1,T1,1,100,37.125
1715671093.085124,2445835.000,6942,1,T1,1,100,37.018
1715671093.218256,2445962.000,6959,1,T1,1,100,37.043
1715671093.353484,2446091.000,6993,1,T1,1,100,37.054
1715671093.484519,2446216.000,7010,1,T1,1,100,36.882
1715671093.616603,2446342.000,7027,1,T1,1,100,37.020
1715671093.750783,2446470.000,7044,1,T1,1,100,36.867
1715671093.883914,2446597.000,7079,2,T1,1,100,36.942
1715671094.017046,2446724.000,7079,2,T1,1,100,37.046
1715671094.150178,2446851.000,7095,1,T1,1,100,37.091
1715671094.283310,2446978.000,7129,1,T1,1,100,37.110
1715671094.417490,2447106.000,7149,1,T1,1,100,37.048
1715671094.548525,2447231.000,7166,1,T1,1,100,37.021
1715671094.679560,2447356.000,7183,1,T1,1,100,36.973
1715671094.811644,2447482.000,7199,1,T1,1,100,37.024
1715671094.945824,2447610.000,7231,1,T1,1,100,36.939
1715671095.080004,2447738.000,7248,1,T1,1,100,37.009
1715671095.214184,2447866.000,7270,1,T1,1,100,36.898
1715671095.347316,2447993.000,7301,1,T1,1,100,36.991
1715671095.480448,2448120.000,7319,1,T1,1,100,36.996
1715671095.613580,2448247.000,7335,1,T1,1,100,36.998
1715671095.744615,2448372.000,7355,1,T1,1,100,37.106
1715671095.875650,2448497.000,7372,1,T1,1,100,37.010
1715671096.011927,2448627.000,7403,1,T1,1,100,37.182
1715671096.144010,2448753.000,7420,1,T1,1,100,37.114
1715671096.279238,2448882.000,7439,1,T1,1,100,37.014
1715671096.412370,2449009.000,7456,1,T1,1,100,36.971
1715671096.545502,2449136.000,7491,1,T1,1,100,37.129
1715671096.680730,2449265.000,7507,1,T1,1,100,37.056
1715671096.811766,2449390.000,7524,1,T1,1,100,36.953
1715671096.943849,2449516.000,7541,1,T1,1,100,36.944
1715671097.078029,2449644.000,7580,1,T1,1,100,37.011
1715671097.210113,2449770.000,7598,1,T1,1,100,37.040
1715671097.344293,2449898.000,7616,1,T1,1,100,37.017
1715671097.477425,2450025.000,7633,1,T1,1,100,36.937
1715671097.610556,2450152.000,7650,1,T1,1,100,36.973
1715671097.744736,2450280.000,7684,1,T1,1,100,37.095
1715671097.875772,2450405.000,7702,1,T1,1,100,37.076
1715671098.006807,2450530.000,7720,1,T1,1,100,37.033
1715671098.138890,2450656.000,7737,1,T1,1,100,37.014
1715671098.273070,2450784.000,7772,1,T1,1,100,37.042
1715671098.407251,2450912.000,7790,1,T1,1,100,37.053
1715671098.541431,2451040.000,7808,1,T1,1,100,36.952
1715671098.674562,2451167.000,7824,1,T1,1,100,37.015
1715671098.807694,2451294.000,7856,1,T1,1,100,37.077
1715671098.940826,2451421.000,7873,1,T1,1,100,36.892
1715671099.071861,2451546.000,7892,1,T1,1,100,36.989
1715671099.202896,2451671.000,7909,1,T1,1,100,37.031
1715671099.339173,2451801.000,7941,1,T1,1,100,36.978
1715671099.471256,2451927.000,7959,1,T1,1,100,37.026
1715671099.606485,2452056.000,7977,1,T1,1,100,36.940
1715671099.739617,2452183.000,8011,1,T1,1,100,37.010
1715671099.872749,2452310.000,8028,1,T1,1,100,37.111
1715671100.007977,2452439.000,8045,1,T1,1,100,37.119
1715671100.139012,2452564.000,8061,1,T1,1,100,37.051
1715671100.270047,2452689.000,8079,1,T1,1,100,37.093
1715671100.405276,2452818.000,8113,1,T1,1,100,37.111
1715671100.537359,2452944.000,8132,1,T1,1,100,37.119
1715671100.671539,2453072.000,8149,1,T1,1,100,37.087
1715671100.804671,2453199.000,8184,1,T1,1,100,37.002
1715671100.937803,2453326.000,8200,1,T1,1,100,36.965
1715671101.071983,2453454.000,8217,1,T1,1,100,37.021
1715671101.203018,2453579.000,8234,1,T1,1,100,37.009
1715671101.334053,2453704.000,8251,1,T1,1,100,36.933
1715671101.466137,2453830.000,8285,1,T1,1,100,36.971
1715671101.600317,2453958.000,8301,1,T1,1,100,37.023
1715671101.734497,2454086.000,8321,1,T1,1,100,36.904
1715671101.868677,2454214.000,8337,1,T1,1,100,37.029
1715671102.001809,2454341.000,8369,1,T1,1,100,37.084
1715671102.134941,2454468.000,8386,1,T1,1,100,37.107
1715671102.267024,2454594.000,8406,1,T1,1,100,37.011
1715671102.398059,2454719.000,8423,1,T1,1,100,36.969
1715671102.529095,2454844.000,8462,1,T1,1,100,36.951
1715671102.665371,2454974.000,8478,1,T1,1,100,36.908
1715671102.797455,2455100.000,8495,1,T1,1,100,36.996
1715671102.932683,2455229.000,8517,1,T1,1,100,36.963
1715671103.065815,2455356.000,8548,1,T1,1,100,36.948
1715671103.197898,2455482.000,8566,1,T1,1,100,37.049
1715671103.333127,2455611.000,8582,1,T1,1,100,37.056
1715671103.464162,2455736.000,8602,1,T1,1,100,37.024
1715671103.595197,2455861.000,8636,1,T1,1,100,37.046
1715671103.730426,2455990.000,8652,1,T1,1,100,36.984
1715671103.862509,2456116.000,8670,1,T1,1,100,37.100
1715671103.996689,2456244.000,8686,1,T1,1,100,36.972
1715671104.129821,2456371.000,8718,1,T1,1,100,36.917
1715671104.262953,2456498.000,8738,1,T1,1,100,37.035
1715671104.397133,2456626.000,8754,1,T1,1,100,37.086
1715671104.528168,2456751.000,8772,1,T1,1,100,37.073
1715671104.660252,2456877.000,8808,1,T1,1,100,36.996
1715671104.792335,2457003.000,8824,1,T1,1,100,36.963
1715671104.926515,2457131.000,8842,1,T1,1,100,36.948
1715671105.060695,2457259.000,8858,1,T1,1,100,37.013
1715671105.194875,2457387.000,8890,1,T1,1,100,37.077
1715671105.328007,2457514.000,8907,1,T1,1,100,36.962
1715671105.461139,2457641.000,8926,1,T1,1,100,37.019
1715671105.593222,2457767.000,8944,1,T1,1,100,36.902
1715671105.724258,2457892.000,8977,1,T1,1,100,36.922
1715671105.855293,2458017.000,8994,1,T1,1,100,37.002
1715671105.991570,2458147.000,9014,1,T1,1,100,37.072
1715671106.123653,2458273.000,9030,1,T1,1,100,36.996
1715671106.258881,2458402.000,9048,1,T1,1,100,36.963
1715671106.392013,2458529.000,9079,1,T1,1,100,37.055
1715671106.524097,2458655.000,9096,1,T1,1,100,37.024
1715671106.659325,2458784.000,9113,1,T1,1,100,37.046
1715671106.791409,2458910.000,9150,1,T1,1,100,37.020
1715671106.922444,2459035.000,9166,1,T1,1,100,37.044
1715671107.058720,2459165.000,9183,1,T1,1,100,37.055
1715671107.190804,2459291.000,9200,1,T1,1,100,37.094
1715671107.324984,2459419.000,9234,1,T1,1,100,37.041
1715671107.458116,2459546.000,9252,1,T1,1,100,36.947
1715671107.591248,2459673.000,9268,1,T1,1,100,36.942
1715671107.725428,2459801.000,9285,1,T1,1,100,37.117
1715671107.856463,2459926.000,9309,1,T1,1,100,37.086
1715671107.988546,2460052.000,9345,1,T1,1,100,36.966
1715671108.120630,2460178.000,9363,1,T1,1,100,37.056
1715671108.254810,2460306.000,9379,1,T1,1,100,36.989
1715671108.388990,2460434.000,9396,1,T1,1,100,36.924
1715671108.523170,2460562.000,9415,1,T1,1,100,37.074
1715671108.656302,2460689.000,9447,1,T1,1,100,37.067
1715671108.789434,2460816.000,9466,1,T1,1,100,37.029
1715671108.921517,2460942.000,9483,1,T1,1,100,37.048
1715671109.052552,2461067.000,9500,1,T1,1,100,36.985
1715671109.183588,2461192.000,9532,1,T1,1,100,36.923
1715671109.319864,2461322.000,9551,1,T1,1,100,37.002
1715671109.451948,2461448.000,9568,1,T1,1,100,37.072
1715671109.587176,2461577.000,9600,1,T1,1,100,36.960
1715671109.720308,2461704.000,9618,1,T1,1,100,36.947
1715671109.852391,2461830.000,9639,1,T1,1,100,37.048
1715671109.987620,2461959.000,9655,1,T1,1,100,37.092
1715671110.118655,2462084.000,9672,1,T1,1,100,37.111
1715671110.249690,2462209.000,9704,1,T1,1,100,37.154
1715671110.384919,2462338.000,9720,1,T1,1,100,37.102
1715671110.517002,2462464.000,9738,1,T1,1,100,37.151
1715671110.651182,2462592.000,9757,1,T1,1,100,36.994
1715671110.784314,2462719.000,9791,1,T1,1,100,37.068
1715671110.917446,2462846.000,9808,1,T1,1,100,37.101
1715671111.051626,2462974.000,9824,1,T1,1,100,37.114
1715671111.182661,2463099.000,9841,1,T1,1,100,37.120
1715671111.313696,2463224.000,9876,1,T1,1,100,37.123
1715671111.445780,2463350.000,9892,1,T1,1,100,37.124
1715671111.579960,2463478.000,9910,1,T1,1,100,37.089
1715671111.714140,2463606.000,9926,1,T1,1,100,37.039
1715671111.848320,2463734.000,9960,1,T1,1,100,37.052
1715671111.981452,2463861.000,9980,1,T1,1,100,37.093
1715671112.114584,2463988.000,9996,1,T1,1,100,37.076
1715671112.247715,2464115.000,10014,1,T1,1,100,37.033
1715671112.378751,2464240.000,10045,1,T1,1,100,37.085
1715671112.509786,2464365.000,10065,1,T1,1,100,37.072
1715671112.646063,2464495.000,10082,1,T1,1,100,37.067
1715671112.778146,2464621.000,10098,1,T1,1,100,37.171
1715671112.913374,2464750.000,10134,1,T1,1,100,37.109
1715671113.046506,2464877.000,10151,1,T1,1,100,37.118
1715671113.178590,2465003.000,10173,1,T1,1,100,36.980
1715671113.313818,2465132.000,10193,1,T1,1,100,37.027
1715671113.445902,2465258.000,10209,1,T1,1,100,36.976
1715671113.576937,2465383.000,10241,1,T1,1,100,37.025
1715671113.712165,2465512.000,10258,1,T1,1,100,37.082
1715671113.845297,2465639.000,10278,1,T1,1,100,37.071
1715671113.979477,2465767.000,10311,1,T1,1,100,36.995
1715671114.112609,2465894.000,10329,1,T1,1,100,37.033
1715671114.245741,2466021.000,10345,1,T1,1,100,37.085
1715671114.379921,2466149.000,10362,1,T1,1,100,37.001
1715671114.510956,2466274.000,10382,1,T1,1,100,37.142
1715671114.641991,2466399.000,10413,1,T1,1,100,37.133
1715671114.774075,2466525.000,10430,1,T1,1,100,37.022
1715671114.908255,2466653.000,10447,1,T1,1,100,36.939
1715671115.042435,2466781.000,10464,1,T1,1,100,36.973
1715671115.176615,2466909.000,10498,1,T1,1,100,36.988
1715671115.309747,2467036.000,10514,1,T1,1,100,37.030
1715671115.442878,2467163.000,10531,1,T1,1,100,37.049
1715671115.576010,2467290.000,10551,1,T1,1,100,37.092
1715671115.707046,2467415.000,10585,1,T1,1,100,37.111
1715671115.838081,2467540.000,10603,1,T1,1,100,37.048
1715671115.974357,2467670.000,10619,1,T1,1,100,37.092
1715671116.106441,2467796.000,10636,1,T1,1,100,37.111
1715671116.241669,2467925.000,10670,1,T1,1,100,36.977
1715671116.374801,2468052.000,10686,1,T1,1,100,37.025
1715671116.506885,2468178.000,10704,1,T1,1,100,37.046
1715671116.642113,2468307.000,10720,1,T1,1,100,37.091
1715671116.774196,2468433.000,10752,1,T1,1,100,37.039
1715671116.905232,2468558.000,10772,1,T1,1,100,36.946
1715671117.040460,2468687.000,10788,1,T1,1,100,36.941
1715671117.173592,2468814.000,10806,1,T1,1,100,36.975
1715671117.307772,2468942.000,10839,1,T1,1,100,36.954
1715671117.440904,2469069.000,10855,1,T1,1,100,36.944
1715671117.574035,2469196.000,10873,1,T1,1,100,37.011
1715671117.708215,2469324.000,10889,1,T1,1,100,37.076
1715671117.839251,2469449.000,10926,1,T1,1,100,37.068
1715671117.970286,2469574.000,10943,1,T1,1,100,37.030
1715671118.102370,2469700.000,10959,1,T1,1,100,37.048
1715671118.236550,2469828.000,10977,1,T1,1,100,36.950
1715671118.370730,2469956.000,10998,1,T1,1,100,36.978
1715671118.504910,2470084.000,11035,1,T1,1,100,37.062
1715671118.638041,2470211.000,11052,1,T1,1,100,36.991
1715671118.771173,2470338.000,11068,1,T1,1,100,36.925
1715671118.904305,2470465.000,11089,1,T1,1,100,36.968
1715671119.035340,2470590.000,11120,1,T1,1,100,37.021
1715671119.166376,2470715.000,11137,1,T1,1,100,37.151
1715671119.302652,2470845.000,11154,1,T1,1,100,37.030
1715671119.434736,2470971.000,11170,1,T1,1,100,37.013
1715671119.569964,2471100.000,11207,1,T1,1,100,36.970
1715671119.703096,2471227.000,11224,1,T1,1,100,37.058
1715671119.836228,2471354.000,11241,1,T1,1,100,37.096
1715671119.971456,2471483.000,11258,1,T1,1,100,37.042
1715671120.102491,2471608.000,11293,1,T1,1,100,37.018
1715671120.233526,2471733.000,11309,1,T1,1,100,36.937
1715671120.368755,2471862.000,11328,1,T1,1,100,37.044
1715671120.501887,2471989.000,11345,1,T1,1,100,37.161
1715671120.636067,2472117.000,11362,1,T1,1,100,37.140
1715671120.769198,2472244.000,11397,1,T1,1,100,37.061
1715671120.902330,2472371.000,11413,1,T1,1,100,36.955
1715671121.036510,2472499.000,11430,1,T1,1,100,37.052
1715671121.167546,2472624.000,11447,1,T1,1,100,37.022
1715671121.298581,2472749.000,11464,1,T1,1,100,36.939
1715671121.430664,2472875.000,11501,1,T1,1,100,37.044
1715671121.564844,2473003.000,11517,1,T1,1,100,37.055
1715671121.699024,2473131.000,11534,1,T1,1,100,37.059
1715671121.833205,2473259.000,11550,1,T1,1,100,37.061
1715671121.966336,2473386.000,11582,1,T1,1,100,37.026
1715671122.099468,2473513.000,11599,1,T1,1,100,37.082
1715671122.232600,2473640.000,11621,1,T1,1,100,37.142
1715671122.363635,2473765.000,11638,1,T1,1,100,37.061
1715671122.494670,2473890.000,11670,1,T1,1,100,36.991
1715671122.630947,2474020.000,11689,1,T1,1,100,36.961
1715671122.763031,2474146.000,11706,1,T1,1,100,36.948
1715671122.898259,2474275.000,11725,1,T1,1,100,37.013
1715671123.031391,2474402.000,11744,1,T1,1,100,36.935
1715671123.164522,2474529.000,11776,1,T1,1,100,37.078
1715671123.299751,2474658.000,11792,1,T1,1,100,37.069
1715671123.431834,2474784.000,11809,1,T1,1,100,37.065
1715671123.562870,2474909.000,11846,1,T1,1,100,36.957
1715671123.697050,2475037.000,11862,1,T1,1,100,37.017
1715671123.830181,2475164.000,11880,1,T1,1,100,37.078
1715671123.963313,2475291.000,11905,1,T1,1,100,37.069
1715671124.097493,2475419.000,11922,1,T1,1,100,36.959
1715671124.230625,2475546.000,11939,1,T1,1,100,37.053
1715671124.364805,2475674.000,11955,1,T1,1,100,37.058
1715671124.495840,2475799.000,11974,1,T1,1,100,36.954
1715671124.627924,2475925.000,12006,1,T1,1,100,37.016
1715671124.760007,2476051.000,12025,1,T1,1,100,37.042
1715671124.894187,2476179.000,12043,1,T1,1,100,37.089
1715671125.028368,2476307.000,12059,1,T1,1,100,37.074
1715671125.162548,2476435.000,12091,1,T1,1,100,37.067
1715671125.295679,2476562.000,12108,1,T1,1,100,37.065
1715671125.428811,2476689.000,12129,1,T1,1,100,37.099
1715671125.562991,2476817.000,12161,1,T1,1,100,37.149
1715671125.694026,2476942.000,12178,1,T1,1,100,37.100
1715671125.825062,2477067.000,12195,1,T1,1,100,37.043
1715671125.961338,2477197.000,12212,1,T1,1,100,37.090
1715671126.092374,2477322.000,12231,1,T1,1,100,37.039
1715671126.227602,2477451.000,12251,1,T1,1,100,37.052
1715671126.360734,2477578.000,12267,1,T1,1,100,36.952
1715671126.493865,2477705.000,12299,1,T1,1,100,37.085
1715671126.629094,2477834.000,12319,1,T1,1,100,37.072
1715671126.760129,2477959.000,12335,1,T1,1,100,36.996
1715671126.891164,2478084.000,12353,1,T1,1,100,36.998
1715671127.024296,2478211.000,12384,1,T1,1,100,37.035
1715671127.157428,2478338.000,12401,1,T1,1,100,37.086
1715671127.290560,2478465.000,12423,1,T1,1,100,37.073
1715671127.424740,2478593.000,12439,1,T1,1,100,37.067
1715671127.557872,2478720.000,12471,1,T1,1,100,37.135
1715671127.692052,2478848.000,12488,1,T1,1,100,37.023
1715671127.823087,2478973.000,12505,1,T1,1,100,37.010
1715671127.956219,2479100.000,12527,1,T1,1,100,37.040
1715671128.088302,2479226.000,12559,1,T1,1,100,37.053
1715671128.222482,2479354.000,12575,1,T1,1,100,36.987
1715671128.356662,2479482.000,12594,1,T1,1,100,36.959
1715671128.490842,2479610.000,12611,1,T1,1,100,37.053
1715671128.623974,2479737.000,12645,1,T1,1,100,37.129
1715671128.757106,2479864.000,12662,1,T1,1,100,37.127
1715671128.892334,2479993.000,12679,1,T1,1,100,37.090
1715671129.023370,2480118.000,12696,1,T1,1,100,37.004
1715671129.154405,2480243.000,12728,1,T1,1,100,37.002
1715671129.287537,2480370.000,12751,2,T1,1,100,37.072
1715671129.420668,2480497.000,12751,2,T1,1,100,37.066
1715671129.555897,2480626.000,12768,1,T1,1,100,37.029
1715671129.689029,2480753.000,12785,1,T1,1,100,37.154
1715671129.822160,2480880.000,12820,1,T1,1,100,37.102
1715671129.957389,2481009.000,12836,1,T1,1,100,37.080
1715671130.088424,2481134.000,12853,1,T1,1,100,37.105
1715671130.219459,2481259.000,12870,1,T1,1,100,37.117
1715671130.352591,2481386.000,12906,1,T1,1,100,37.050
1715671130.485723,2481513.000,12924,1,T1,1,100,37.128
1715671130.618855,2481640.000,12940,1,T1,1,100,37.055
1715671130.753035,2481768.000,12957,1,T1,1,100,37.095
1715671130.886166,2481895.000,12989,1,T1,1,100,37.112
1715671131.020346,2482023.000,13005,1,T1,1,100,37.084
1715671131.151382,2482148.000,13023,1,T1,1,100,37.036
1715671131.284513,2482275.000,13042,1,T1,1,100,36.945
1715671131.416597,2482401.000,13076,1,T1,1,100,36.941
1715671131.550777,2482529.000,13093,1,T1,1,100,37.010
1715671131.684957,2482657.000,13109,1,T1,1,100,37.111
1715671131.819137,2482785.000,13130,1,T1,1,100,37.083
1715671131.952269,2482912.000,13146,1,T1,1,100,37.072
1715671132.085401,2483039.000,13178,1,T1,1,100,37.031
1715671132.220629,2483168.000,13195,1,T1,1,100,36.942
1715671132.351664,2483293.000,13211,1,T1,1,100,37.046
1715671132.482700,2483418.000,13248,1,T1,1,100,37.091
1715671132.617928,2483547.000,13265,1,T1,1,100,37.110
1715671132.748963,2483672.000,13281,1,T1,1,100,37.012
1715671132.884192,2483801.000,13301,1,T1,1,100,37.041
1715671133.017323,2483928.000,13332,1,T1,1,100,36.982
1715671133.150455,2484055.000,13349,1,T1,1,100,37.028
1715671133.285683,2484184.000,13366,1,T1,1,100,37.083
1715671133.416719,2484309.000,13382,1,T1,1,100,37.142
1715671133.547754,2484434.000,13402,1,T1,1,100,37.132
1715671133.680886,2484561.000,13436,1,T1,1,100,37.128
1715671133.814018,2484688.000,13453,1,T1,1,100,37.020
1715671133.947149,2484815.000,13470,1,T1,1,100,37.044
1715671134.081329,2484943.000,13502,1,T1,1,100,36.948
1715671134.214461,2485070.000,13518,1,T1,1,100,37.084
1715671134.348641,2485198.000,13538,1,T1,1,100,37.036
1715671134.480725,2485324.000,13555,1,T1,1,100,37.051
1715671134.613857,2485451.000,13591,1,T1,1,100,37.093
1715671134.745940,2485577.000,13609,1,T1,1,100,37.076
1715671134.880120,2485705.000,13625,1,T1,1,100,37.104
1715671135.014300,2485833.000,13645,1,T1,1,100,37.045
1715671135.148480,2485961.000,13677,1,T1,1,100,37.019
1715671135.281612,2486088.000,13693,1,T1,1,100,37.079
1715671135.414744,2486215.000,13710,1,T1,1,100,37.034
1715671135.549972,2486344.000,13730,1,T1,1,100,37.050
1715671135.681007,2486469.000,13763,1,T1,1,100,36.880
1715671135.812043,2486594.000,13781,1,T1,1,100,36.948
1715671135.947271,2486723.000,13797,1,T1,1,100,37.084
1715671136.078306,2486848.000,13814,1,T1,1,100,37.143
1715671136.213535,2486977.000,13846,1,T1,1,100,36.991
1715671136.346666,2487104.000,13865,1,T1,1,100,36.996
1715671136.479798,2487231.000,13883,1,T1,1,100,37.069
1715671136.615026,2487360.000,13899,1,T1,1,100,37.030
1715671136.746062,2487485.000,13936,1,T1,1,100,37.013
1715671136.877097,2487610.000,13953,1,T1,1,100,37.006
1715671137.010229,2487737.000,13969,1,T1,1,100,37.038
1715671137.143361,2487864.000,13987,1,T1,1,100,37.052
1715671137.276492,2487991.000,14003,1,T1,1,100,36.952
1715671137.410672,2488119.000,14035,1,T1,1,100,37.014
1715671137.543804,2488246.000,14055,1,T1,1,100,37.077
1715671137.677984,2488374.000,14071,1,T1,1,100,37.104
1715671137.810068,2488500.000,14090,1,T1,1,100,37.116
1715671137.943200,2488627.000,14124,1,T1,1,100,37.121
1715671138.075283,2488753.000,14140,1,T1,1,100,37.159
1715671138.209463,2488881.000,14161,1,T1,1,100,37.211
1715671138.342595,2489008.000,14192,1,T1,1,100,37.091
1715671138.476775,2489136.000,14209,1,T1,1,100,37.075
1715671138.609907,2489263.000,14226,1,T1,1,100,37.139
1715671138.743039,2489390.000,14242,1,T1,1,100,37.202
1715671138.878267,2489519.000,14265,1,T1,1,100,37.158
1715671139.009302,2489644.000,14296,1,T1,1,100,37.210
1715671139.140337,2489769.000,14313,1,T1,1,100,37.020
1715671139.274518,2489897.000,14330,1,T1,1,100,37.151
1715671139.405553,2490022.000,14346,1,T1,1,100,37.101
1715671139.540781,2490151.000,14381,1,T1,1,100,37.150
1715671139.673913,2490278.000,14398,1,T1,1,100,37.136
1715671139.807045,2490405.000,14415,1,T1,1,100,37.059
1715671139.942273,2490534.000,14434,1,T1,1,100,37.096
1715671140.073308,2490659.000,14460,1,T1,1,100,37.077
1715671140.205392,2490785.000,14476,1,T1,1,100,37.033
1715671140.338524,2490912.000,14493,1,T1,1,100,37.156
1715671140.471655,2491039.000,14510,1,T1,1,100,37.032
1715671140.604787,2491166.000,14530,1,T1,1,100,37.014
1715671140.738967,2491294.000,14562,1,T1,1,100,37.077
1715671140.872099,2491421.000,14580,1,T1,1,100,37.069
1715671141.006279,2491549.000,14597,1,T1,1,100,37.030
1715671141.139411,2491676.000,14614,1,T1,1,100,37.013
1715671141.272543,2491803.000,14645,1,T1,1,100,37.147
1715671141.404626,2491929.000,14665,1,T1,1,100,37.135
1715671141.538806,2492057.000,14682,1,T1,1,100,37.023
1715671141.670890,2492183.000,14699,1,T1,1,100,37.081
1715671141.805070,2492311.000,14731,1,T1,1,100,37.106
1715671141.938202,2492438.000,14752,1,T1,1,100,37.046
1715671142.071333,2492565.000,14769,1,T1,1,100,37.162
1715671142.206562,2492694.000,14786,1,T1,1,100,37.141
1715671142.337597,2492819.000,14817,1,T1,1,100,37.167
1715671142.468632,2492944.000,14835,1,T1,1,100,37.108
1715671142.601764,2493071.000,14851,1,T1,1,100,37.118
1715671142.732799,2493196.000,14871,1,T1,1,100,37.122
1715671142.868028,2493325.000,14905,1,T1,1,100,37.124
1715671143.001159,2493452.000,14921,1,T1,1,100,37.053
1715671143.134291,2493579.000,14941,1,T1,1,100,37.059
1715671143.269520,2493708.000,14960,1,T1,1,100,37.096
1715671143.400555,2493833.000,14992,1,T1,1,100,37.006
1715671143.533687,2493960.000,15009,1,T1,1,100,37.074
1715671143.666818,2494087.000,15025,1,T1,1,100,37.103
1715671143.799950,2494214.000,15042,1,T1,1,100,37.151
1715671143.933082,2494341.000,15077,1,T1,1,100,37.101
1715671144.067262,2494469.000,15095,1,T1,1,100,37.185
1715671144.200394,2494596.000,15113,1,T1,1,100,37.222
1715671144.334574,2494724.000,15129,1,T1,1,100,37.202
1715671144.467706,2494851.000,15164,1,T1,1,100,37.017
1715671144.600837,2494978.000,15181,1,T1,1,100,36.972
1715671144.732921,2495104.000,15197,1,T1,1,100,37.023
1715671144.867101,2495232.000,15215,1,T1,1,100,37.081
1715671144.999185,2495358.000,15246,1,T1,1,100,37.106
1715671145.133365,2495486.000,15265,1,T1,1,100,37.081
1715671145.266496,2495613.000,15282,1,T1,1,100,37.106
1715671145.399628,2495740.000,15306,1,T1,1,100,37.152
1715671145.534857,2495869.000,15324,1,T1,1,100,37.172
1715671145.665892,2495994.000,15355,1,T1,1,100,37.039
1715671145.796927,2496119.000,15375,1,T1,1,100,37.123
1715671145.930059,2496246.000,15392,1,T1,1,100,37.089
1715671146.061094,2496371.000,15408,1,T1,1,100,37.038
1715671146.196322,2496500.000,15442,1,T1,1,100,37.052
1715671146.329454,2496627.000,15459,1,T1,1,100,37.093
1715671146.462586,2496754.000,15476,1,T1,1,100,37.147
1715671146.597814,2496883.000,15496,1,T1,1,100,37.241
1715671146.728850,2497008.000,15528,1,T1,1,100,37.175
1715671146.861981,2497135.000,15544,1,T1,1,100,37.111
1715671146.995113,2497262.000,15561,1,T1,1,100,37.013
1715671147.128245,2497389.000,15578,1,T1,1,100,37.041
1715671147.261377,2497516.000,15614,1,T1,1,100,37.053
1715671147.395557,2497644.000,15631,1,T1,1,100,37.200
1715671147.528689,2497771.000,15648,1,T1,1,100,37.158
1715671147.661820,2497898.000,15665,1,T1,1,100,37.139
1715671147.796000,2498026.000,15699,1,T1,1,100,37.096
1715671147.929132,2498153.000,15718,1,T1,1,100,37.041
1715671148.061216,2498279.000,15735,1,T1,1,100,37.089
1715671148.194348,2498406.000,15752,1,T1,1,100,37.109
1715671148.326431,2498532.000,15788,1,T1,1,100,37.012
1715671148.460611,2498660.000,15806,1,T1,1,100,37.076
1715671148.593743,2498787.000,15822,1,T1,1,100,36.962
1715671148.726875,2498914.000,15839,1,T1,1,100,37.054
1715671148.862103,2499043.000,15871,1,T1,1,100,37.059
1715671148.993138,2499168.000,15887,1,T1,1,100,37.061
1715671149.125222,2499294.000,15908,1,T1,1,100,37.133
1715671149.258354,2499421.000,15924,1,T1,1,100,37.128
1715671149.389389,2499546.000,15958,1,T1,1,100,37.197
1715671149.524617,2499675.000,15975,1,T1,1,100,37.014
1715671149.657749,2499802.000,15994,1,T1,1,100,37.113
1715671149.790881,2499929.000,16012,1,T1,1,100,37.084
1715671149.926109,2500058.000,16043,1,T1,1,100,37.001
1715671150.059241,2500185.000,16059,1,T1,1,100,36.965
1715671150.192373,2500312.000,16077,1,T1,1,100,36.949
1715671150.325505,2500439.000,16093,1,T1,1,100,36.943
1715671150.458636,2500566.000,16114,1,T1,1,100,37.046
1715671150.591768,2500693.000,16147,1,T1,1,100,37.162
1715671150.725948,2500821.000,16168,1,T1,1,100,37.141
1715671150.859080,2500948.000,16186,1,T1,1,100,37.167
1715671150.992212,2501075.000,16202,1,T1,1,100,37.108
1715671151.126392,2501203.000,16237,1,T1,1,100,37.118
1715671151.259524,2501330.000,16254,1,T1,1,100,37.086
1715671151.391607,2501456.000,16272,1,T1,1,100,37.037
1715671151.523691,2501582.000,16290,1,T1,1,100,37.052
1715671151.655774,2501708.000,16324,1,T1,1,100,37.058
1715671151.789954,2501836.000,16341,1,T1,1,100,36.990
1715671151.923086,2501963.000,16358,1,T1,1,100,37.031
1715671152.056218,2502090.000,16374,1,T1,1,100,37.155
1715671152.191446,2502219.000,16406,1,T1,1,100,37.174
1715671152.322481,2502344.000,16426,1,T1,1,100,37.146
1715671152.455613,2502471.000,16443,1,T1,1,100,37.028
1715671152.588745,2502598.000,16462,1,T1,1,100,37.083
1715671152.719780,2502723.000,16494,1,T1,1,100,37.107
1715671152.855009,2502852.000,16512,1,T1,1,100,37.153
1715671152.988140,2502979.000,16532,1,T1,1,100,37.066
1715671153.121272,2503106.000,16549,1,T1,1,100,37.064
1715671153.256500,2503235.000,16580,1,T1,1,100,37.099
1715671153.388584,2503361.000,16597,1,T1,1,100,37.078
1715671153.521716,2503488.000,16616,1,T1,1,100,37.069
1715671153.654848,2503615.000,16633,1,T1,1,100,37.136
1715671153.787979,2503742.000,16665,1,T1,1,100,37.130
1715671153.920063,2503868.000,16681,1,T1,1,100,37.198
1715671154.054243,2503996.000,16698,1,T1,1,100,37.157
1715671154.187375,2504123.000,16715,1,T1,1,100,37.139
1715671154.320507,2504250.000,16749,1,T1,1,100,37.131
1715671154.455735,2504379.000,16769,1,T1,1,100,37.163
1715671154.588867,2504506.000,16785,1,T1,1,100,37.071
1715671154.720950,2504632.000,16802,1,T1,1,100,37.137
1715671154.853034,2504758.000,16837,1,T1,1,100,37.130
1715671154.985117,2504884.000,16853,1,T1,1,100,37.127
1715671155.119297,2505012.000,16871,1,T1,1,100,37.161
1715671155.252429,2505139.000,16887,1,T1,1,100,37.105
1715671155.385561,2505266.000,16919,1,T1,1,100,37.187
1715671155.520789,2505395.000,16941,1,T1,1,100,37.117
1715671155.651824,2505520.000,16957,1,T1,1,100,36.980
1715671155.784956,2505647.000,16975,1,T1,1,100,36.920
1715671155.918088,2505774.000,17006,1,T1,1,100,37.001
1715671156.050696,2505900.500,17031,2,T1,1,100,36.965
1715671156.183303,2506027.000,17031,2,T1,1,100,37.056
1715671156.316435,2506154.000,17048,1,T1,1,100,37.166
1715671156.449567,2506281.000,17080,1,T1,1,100,37.178
1715671156.584795,2506410.000,17098,1,T1,1,100,37.148
1715671156.716879,2506536.000,17115,1,T1,1,100,37.135
1715671156.850011,2506663.000,17132,1,T1,1,100,37.129
1715671156.983142,2506790.000,17166,1,T1,1,100,37.127
1715671157.116274,2506917.000,17184,1,T1,1,100,37.126
1715671157.247309,2507042.000,17200,1,T1,1,100,37.054
1715671157.381490,2507170.000,17217,1,T1,1,100,37.059
1715671157.514621,2507297.000,17238,1,T1,1,100,37.061
1715671157.647753,2507424.000,17256,1,T1,1,100,37.097
1715671157.782981,2507553.000,17276,1,T1,1,100,37.078
1715671157.916113,2507680.000,17292,1,T1,1,100,37.140
1715671158.048197,2507806.000,17309,1,T1,1,100,37.061
1715671158.180280,2507932.000,17344,1,T1,1,100,37.062
1715671158.312364,2508058.000,17360,1,T1,1,100,37.098
1715671158.446544,2508186.000,17378,1,T1,1,100,37.007
1715671158.579676,2508313.000,17394,1,T1,1,100,37.216
1715671158.712807,2508440.000,17428,1,T1,1,100,37.129
1715671158.848036,2508569.000,17448,1,T1,1,100,37.127
1715671158.979071,2508694.000,17464,1,T1,1,100,37.161
1715671159.113251,2508822.000,17482,1,T1,1,100,37.070
1715671159.246383,2508949.000,17513,1,T1,1,100,37.066
1715671159.377418,2509074.000,17533,1,T1,1,100,37.099
1715671159.511598,2509202.000,17550,1,T1,1,100,37.114
1715671159.644730,2509329.000,17568,1,T1,1,100,37.085
1715671159.777862,2509456.000,17585,1,T1,1,100,37.143
1715671159.913090,2509585.000,17620,1,T1,1,100,37.168
1715671160.045174,2509711.000,17636,1,T1,1,100,37.144
1715671160.178305,2509838.000,17654,1,T1,1,100,37.169
1715671160.311437,2509965.000,17670,1,T1,1,100,37.144
1715671160.444569,2510092.000,17702,1,T1,1,100,37.169
1715671160.575604,2510217.000,17722,1,T1,1,100,37.215
1715671160.709784,2510345.000,17740,1,T1,1,100,37.128
1715671160.842916,2510472.000,17758,1,T1,1,100,37.233
1715671160.976048,2510599.000,17774,1,T1,1,100,37.101
1715671161.111276,2510728.000,17809,1,T1,1,100,37.150
1715671161.244408,2510855.000,17826,1,T1,1,100,37.136
1715671161.376492,2510981.000,17843,1,T1,1,100,37.094
1715671161.508575,2511107.000,17865,1,T1,1,100,37.147
1715671161.640659,2511233.000,17881,1,T1,1,100,37.099
1715671161.774839,2511361.000,17900,1,T1,1,100,37.078
1715671161.907970,2511488.000,17935,1,T1,1,100,37.105
1715671162.041102,2511615.000,17951,1,T1,1,100,37.116
1715671162.176331,2511744.000,17969,1,T1,1,100,37.228
1715671162.307366,2511869.000,18000,1,T1,1,100,37.240
1715671162.441546,2511997.000,18017,1,T1,1,100,37.069
1715671162.574678,2512124.000,18034,1,T1,1,100,37.136
1715671162.705713,2512249.000,18052,1,T1,1,100,37.130
1715671162.838845,2512376.000,18086,1,T1,1,100,37.092
1715671162.971977,2512503.000,18103,1,T1,1,100,37.181
1715671163.105108,2512630.000,18120,1,T1,1,100,37.079
1715671163.240337,2512759.000,18140,1,T1,1,100,37.211
1715671163.372420,2512885.000,18156,1,T1,1,100,37.162
1715671163.505552,2513012.000,18188,1,T1,1,100,37.070
1715671163.638684,2513139.000,18205,1,T1,1,100,37.030
1715671163.770767,2513265.000,18227,1,T1,1,100,37.049
1715671163.901803,2513390.000,18244,1,T1,1,100,37.092
1715671164.035983,2513518.000,18260,1,T1,1,100,37.075
1715671164.169114,2513645.000,18292,1,T1,1,100,37.033
1715671164.302246,2513772.000,18309,1,T1,1,100,37.120
1715671164.437474,2513901.000,18326,1,T1,1,100,37.158
1715671164.570606,2514028.000,18360,1,T1,1,100,37.104
1715671164.703738,2514155.000,18380,1,T1,1,100,37.187
1715671164.835822,2514281.000,18396,1,T1,1,100,37.152
1715671164.967905,2514407.000,18413,1,T1,1,100,37.137
1715671165.102085,2514535.000,18448,1,T1,1,100,37.095
1715671165.235217,2514662.000,18464,1,T1,1,100,37.041
1715671165.368349,2514789.000,18482,1,T1,1,100,37.018
1715671165.503577,2514918.000,18498,1,T1,1,100,37.079
1715671165.635661,2515044.000,18515,1,T1,1,100,37.105
1715671165.769841,2515172.000,18533,1,T1,1,100,37.081
1715671165.902972,2515299.000,18568,1,T1,1,100,37.106
1715671166.034008,2515424.000,18586,1,T1,1,100,37.117
1715671166.167140,2515551.000,18602,1,T1,1,100,37.086
1715671166.300271,2515678.000,18619,1,T1,1,100,37.073
1715671166.433403,2515805.000,18635,1,T1,1,100,37.173
1715671166.568631,2515934.000,18670,1,T1,1,100,37.323
1715671166.701763,2516061.000,18687,1,T1,1,100,37.211
1715671166.834895,2516188.000,18706,1,T1,1,100,37.091
1715671166.968027,2516315.000,18728,1,T1,1,100,37.288
1715671167.100110,2516441.000,18763,1,T1,1,100,37.195
1715671167.231146,2516566.000,18779,1,T1,1,100,37.155
1715671167.365326,2516694.000,18796,1,T1,1,100,37.138
1715671167.498457,2516821.000,18813,1,T1,1,100,37.095
1715671167.631589,2516948.000,18844,1,T1,1,100,37.112
1715671167.766818,2517077.000,18867,1,T1,1,100,37.155
1715671167.899949,2517204.000,18885,1,T1,1,100,37.138
1715671168.033081,2517331.000,18902,1,T1,1,100,37.166
1715671168.165165,2517457.000,18934,1,T1,1,100,37.107
1715671168.297248,2517583.000,18950,1,T1,1,100,37.153
1715671168.431428,2517711.000,18971,1,T1,1,100,37.137
1715671168.564560,2517838.000,18987,1,T1,1,100,37.130
1715671168.697692,2517965.000,19004,1,T1,1,100,37.127
1715671168.832920,2518094.000,19036,1,T1,1,100,37.197
1715671168.965004,2518220.000,19057,1,T1,1,100,37.156
1715671169.099184,2518348.000,19075,1,T1,1,100,37.103
1715671169.232316,2518475.000,19091,1,T1,1,100,37.115
1715671169.363351,2518600.000,19123,1,T1,1,100,37.121
1715671169.496483,2518727.000,19140,1,T1,1,100,37.123
1715671169.629614,2518854.000,19156,1,T1,1,100,37.089
1715671169.762746,2518981.000,19174,1,T1,1,100,37.145
1715671169.897974,2519110.000,19208,1,T1,1,100,37.169
1715671170.030058,2519236.000,19227,1,T1,1,100,37.073
1715671170.163190,2519363.000,19244,1,T1,1,100,37.103
1715671170.296322,2519490.000,19263,1,T1,1,100,37.080
1715671170.428405,2519616.000,19295,1,T1,1,100,37.105
1715671170.559440,2519741.000,19312,1,T1,1,100,37.152
1715671170.693620,2519869.000,19328,1,T1,1,100,37.208
1715671170.826752,2519996.000,19346,1,T1,1,100,37.161
1715671170.959884,2520123.000,19365,1,T1,1,100,37.140
1715671171.095112,2520252.000,19399,1,T1,1,100,37.274
1715671171.228244,2520379.000,19416,1,T1,1,100,37.154
1715671171.361376,2520506.000,19432,1,T1,1,100,37.102
1715671171.493459,2520632.000,19453,1,T1,1,100,37.151
1715671171.625543,2520758.000,19484,1,T1,1,100,37.171
1715671171.759723,2520886.000,19501,1,T1,1,100,37.039
1715671171.892855,2521013.000,19518,1,T1,1,100,37.123
1715671172.025987,2521140.000,19534,1,T1,1,100,37.124
1715671172.161215,2521269.000,19568,1,T1,1,100,37.054
1715671172.293298,2521395.000,19593,1,T1,1,100,37.130
1715671172.427479,2521523.000,19610,1,T1,1,100,37.127
1715671172.560610,2521650.000,19627,1,T1,1,100,37.126
1715671172.691646,2521775.000,19646,1,T1,1,100,37.090
1715671172.824777,2521902.000,19666,1,T1,1,100,37.110
1715671172.957909,2522029.000,19697,1,T1,1,100,36.977
1715671173.091041,2522156.000,19714,1,T1,1,100,37.061
1715671173.226269,2522285.000,19733,1,T1,1,100,37.097
1715671173.358353,2522411.000,19749,1,T1,1,100,37.113
1715671173.491485,2522538.000,19784,1,T1,1,100,37.049
1715671173.624616,2522665.000,19801,1,T1,1,100,37.057
1715671173.756700,2522791.000,19818,1,T1,1,100,37.095
1715671173.887735,2522916.000,19835,1,T1,1,100,37.077
1715671174.021915,2523044.000,19870,1,T1,1,100,36.962
1715671174.155047,2523171.000,19886,1,T1,1,100,37.019
1715671174.288179,2523298.000,19905,1,T1,1,100,37.079
1715671174.423407,2523427.000,19922,1,T1,1,100,37.070
1715671174.556539,2523554.000,19953,1,T1,1,100,37.101
1715671174.688622,2523680.000,19971,1,T1,1,100,37.115
1715671174.821754,2523807.000,19990,1,T1,1,100,37.191
1715671174.953838,2523933.000,20007,1,T1,1,100,37.189
1715671175.088018,2524061.000,20039,1,T1,1,100,37.188
1715671175.221150,2524188.000,20055,1,T1,1,100,37.081
1715671175.354281,2524315.000,20072,1,T1,1,100,37.035
1715671175.489510,2524444.000,20091,1,T1,1,100,37.157
1715671175.621593,2524570.000,20125,1,T1,1,100,37.139
1715671175.755773,2524698.000,20143,1,T1,1,100,37.025
1715671175.888905,2524825.000,20159,1,T1,1,100,37.082
1715671176.019940,2524950.000,20176,1,T1,1,100,37.106
1715671176.152024,2525076.000,20211,1,T1,1,100,37.188
1715671176.285156,2525203.000,20227,1,T1,1,100,37.259
1715671176.418288,2525330.000,20245,1,T1,1,100,37.147
1715671176.553516,2525459.000,20263,1,T1,1,100,37.135
1715671176.685599,2525585.000,20298,1,T1,1,100,37.200
1715671176.818731,2525712.000,20315,1,T1,1,100,37.157
1715671176.951863,2525839.000,20331,1,T1,1,100,37.175
1715671177.082898,2525964.000,20349,1,T1,1,100,37.146
1715671177.213933,2526089.000,20380,1,T1,1,100,37.205
1715671177.348114,2526217.000,20399,1,T1,1,100,37.231
1715671177.481245,2526344.000,20417,1,T1,1,100,37.135
1715671177.614377,2526471.000,20435,1,T1,1,100,37.059
1715671177.749605,2526600.000,20454,1,T1,1,100,37.096
1715671177.882737,2526727.000,20472,1,T1,1,100,37.077
1715671178.015869,2526854.000,20492,1,T1,1,100,37.104
1715671178.149001,2526981.000,20524,1,T1,1,100,37.116
1715671178.281084,2527107.000,20540,1,T1,1,100,37.050
1715671178.414216,2527234.000,20558,1,T1,1,100,37.199
1715671178.547348,2527361.000,20574,1,T1,1,100,37.192
1715671178.680480,2527488.000,20611,1,T1,1,100,37.190
1715671178.815708,2527617.000,20628,1,T1,1,100,37.188
1715671178.947792,2527743.000,20644,1,T1,1,100,37.223
1715671179.081972,2527871.000,20662,1,T1,1,100,37.203
1715671179.215103,2527998.000,20696,1,T1,1,100,37.230
1715671179.346139,2528123.000,20712,1,T1,1,100,37.170
1715671179.477174,2528248.000,20730,1,T1,1,100,37.109
1715671179.610306,2528375.000,20748,1,T1,1,100,37.118
1715671179.743437,2528502.000,20780,1,T1,1,100,37.122
1715671179.878666,2528631.000,20797,1,T1,1,100,37.159
1715671180.010749,2528757.000,20816,1,T1,1,100,37.104
1715671180.143881,2528884.000,20834,1,T1,1,100,37.116
1715671180.277013,2529011.000,20865,1,T1,1,100,37.121
1715671180.409096,2529137.000,20885,1,T1,1,100,37.230
1715671180.540132,2529262.000,20904,1,T1,1,100,37.277
1715671180.674312,2529390.000,20920,1,T1,1,100,37.226
1715671180.807443,2529517.000,20938,1,T1,1,100,37.169
1715671180.940575,2529644.000,20969,1,T1,1,100,37.179
1715671181.075804,2529773.000,20986,1,T1,1,100,37.184
1715671181.208935,2529900.000,21006,1,T1,1,100,37.186
1715671181.343116,2530028.000,21038,1,T1,1,100,37.116
1715671181.476247,2530155.000,21054,1,T1,1,100,37.121
1715671181.608331,2530281.000,21073,1,T1,1,100,37.123
1715671181.741462,2530408.000,21093,1,T1,1,100,37.124
1715671181.874594,2530535.000,21124,1,T1,1,100,37.018
1715671182.007726,2530662.000,21142,1,T1,1,100,36.972
1715671182.142955,2530791.000,21158,1,T1,1,100,37.165
1715671182.275038,2530917.000,21175,1,T1,1,100,37.072
1715671182.409218,2531045.000,21207,1,T1,1,100,37.102
1715671182.542350,2531172.000,21226,1,T1,1,100,37.080
1715671182.673385,2531297.000,21243,1,T1,1,100,37.105
1715671182.804420,2531422.000,21264,1,T1,1,100,37.152
1715671182.937552,2531549.000,21295,1,T1,1,100,37.137
1715671183.071732,2531677.000,21317,2,T1,1,100,37.024
1715671183.205912,2531805.000,21317,2,T1,1,100,37.152
1715671183.337996,2531931.000,21333,1,T1,1,100,37.208
1715671183.471128,2532058.000,21351,1,T1,1,100,37.125
1715671183.604259,2532185.000,21382,1,T1,1,100,37.090
1715671183.736343,2532311.000,21404,1,T1,1,100,37.110
1715671183.867378,2532436.000,21421,1,T1,1,100,37.118
1715671184.001558,2532564.000,21437,1,T1,1,100,37.016
1715671184.134690,2532691.000,21469,1,T1,1,100,37.113
1715671184.267822,2532818.000,21486,1,T1,1,100,37.120
1715671184.403050,2532947.000,21506,1,T1,1,100,37.158
1715671184.536182,2533074.000,21523,1,T1,1,100,37.139
1715671184.670362,2533202.000,21555,1,T1,1,100,37.096
1715671184.803494,2533329.000,21573,1,T1,1,100,37.148
1715671184.935577,2533455.000,21590,1,T1,1,100,37.099
1715671185.067661,2533581.000,21610,1,T1,1,100,37.114
1715671185.200793,2533708.000,21627,1,T1,1,100,37.085
1715671185.333924,2533835.000,21659,1,T1,1,100,37.143
1715671185.469153,2533964.000,21675,1,T1,1,100,37.133
1715671185.601236,2534090.000,21692,1,T1,1,100,37.128
1715671185.735416,2534218.000,21727,1,T1,1,100,37.162
1715671185.868548,2534345.000,21745,1,T1,1,100,37.106
1715671185.999583,2534470.000,21762,1,T1,1,100,37.152
1715671186.130619,2534595.000,21779,1,T1,1,100,37.101
1715671186.263750,2534722.000,21810,1,T1,1,100,37.221
1715671186.396882,2534849.000,21831,1,T1,1,100,37.096
1715671186.532110,2534978.000,21847,1,T1,1,100,37.077
1715671186.664194,2535104.000,21864,1,T1,1,100,37.175
1715671186.797326,2535231.000,21896,1,T1,1,100,37.147
1715671186.931506,2535359.000,21917,1,T1,1,100,37.205
1715671187.063589,2535485.000,21935,1,T1,1,100,37.231
1715671187.194625,2535610.000,21951,1,T1,1,100,37.242
1715671187.328805,2535738.000,21983,1,T1,1,100,37.211
1715671187.461936,2535865.000,22000,1,T1,1,100,37.162
1715671187.595068,2535992.000,22019,1,T1,1,100,37.106
1715671187.730297,2536121.000,22037,1,T1,1,100,37.081
1715671187.863428,2536248.000,22070,1,T1,1,100,37.071
1715671187.997608,2536376.000,22086,1,T1,1,100,37.101
1715671188.130740,2536503.000,22106,1,T1,1,100,37.186
1715671188.262824,2536629.000,22125,1,T1,1,100,37.187
1715671188.395432,2536755.500,22161,2,T1,1,100,37.187
1715671188.528039,2536882.000,22161,2,T1,1,100,37.116
1715671188.661171,2537009.000,22177,1,T1,1,100,37.228
1715671188.796399,2537138.000,22195,1,T1,1,100,37.169
1715671188.928483,2537264.000,22215,1,T1,1,100,37.144
1715671189.062663,2537392.000,22234,1,T1,1,100,37.240
1715671189.195795,2537519.000,22251,1,T1,1,100,37.175
1715671189.326830,2537644.000,22267,1,T1,1,100,37.253
1715671189.457865,2537769.000,22285,1,T1,1,100,37.216
1715671189.590997,2537896.000,22301,1,T1,1,100,37.200
1715671189.724129,2538023.000,22333,1,T1,1,100,37.228
1715671189.859357,2538152.000,22350,1,T1,1,100,37.170
1715671189.992489,2538279.000,22366,1,T1,1,100,37.109
1715671190.125621,2538406.000,22403,1,T1,1,100,37.118
1715671190.259801,2538534.000,22420,1,T1,1,100,37.193
1715671190.391884,2538660.000,22437,1,T1,1,100,37.154
1715671190.522919,2538785.000,22454,1,T1,1,100,37.138
1715671190.657099,2538913.000,22486,1,T1,1,100,37.095
1715671190.789183,2539039.000,22505,1,T1,1,100,37.112
1715671190.922315,2539166.000,22522,1,T1,1,100,37.119
1715671191.057543,2539295.000,22539,1,T1,1,100,37.123
1715671191.190675,2539422.000,22572,1,T1,1,100,37.159
1715671191.324855,2539550.000,22589,1,T1,1,100,37.140
1715671191.457987,2539677.000,22609,1,T1,1,100,37.202
1715671191.590070,2539803.000,22626,1,T1,1,100,37.265
1715671191.722154,2539929.000,22642,1,T1,1,100,37.186
1715671191.855286,2540056.000,22674,1,T1,1,100,37.222
1715671191.988417,2540183.000,22694,1,T1,1,100,37.202
1715671192.123646,2540312.000,22711,1,T1,1,100,37.123
1715671192.255729,2540438.000,22730,1,T1,1,100,37.266
1715671192.389909,2540566.000,22762,1,T1,1,100,37.257
1715671192.523041,2540693.000,22778,1,T1,1,100,37.324
1715671192.654076,2540818.000,22795,1,T1,1,100,37.282
1715671192.785112,2540943.000,22817,1,T1,1,100,37.264
1715671192.918243,2541070.000,22848,1,T1,1,100,37.256
1715671193.051375,2541197.000,22866,1,T1,1,100,37.146
1715671193.186604,2541326.000,22882,1,T1,1,100,37.205
1715671193.319735,2541453.000,22899,1,T1,1,100,37.231
1715671193.452867,2541580.000,22936,1,T1,1,100,37.206
1715671193.588095,2541709.000,22952,1,T1,1,100,37.160
1715671193.720179,2541835.000,22970,1,T1,1,100,37.211
1715671193.851214,2541960.000,22993,1,T1,1,100,37.233
1715671193.985394,2542088.000,23010,1,T1,1,100,37.207
1715671194.117478,2542214.000,23030,1,T1,1,100,37.161
1715671194.250610,2542341.000,23061,1,T1,1,100,37.105
1715671194.385838,2542470.000,23079,1,T1,1,100,37.152
1715671194.518970,2542597.000,23095,1,T1,1,100,37.101
1715671194.653150,2542725.000,23114,1,T1,1,100,37.150
1715671194.786282,2542852.000,23149,1,T1,1,100,37.171
1715671194.918365,2542978.000,23165,1,T1,1,100,37.251
1715671195.049400,2543103.000,23183,1,T1,1,100,37.215
1715671195.182532,2543230.000,23199,1,T1,1,100,37.235
1715671195.315664,2543357.000,23234,1,T1,1,100,37.137
1715671195.450892,2543486.000,23251,1,T1,1,100,37.095
1715671195.582976,2543612.000,23267,1,T1,1,100,37.218
1715671195.717156,2543740.000,23286,1,T1,1,100,37.201
1715671195.850288,2543867.000,23321,1,T1,1,100,37.193
1715671195.982371,2543993.000,23337,1,T1,1,100,37.084
1715671196.113406,2544118.000,23355,1,T1,1,100,37.178
1715671196.246538,2544245.000,23371,1,T1,1,100,37.148
1715671196.379670,2544372.000,23403,1,T1,1,100,37.099
1715671196.514898,2544501.000,23420,1,T1,1,100,37.078
1715671196.646982,2544627.000,23439,1,T1,1,100,37.140
1715671196.780114,2544754.000,23459,1,T1,1,100,37.061
1715671196.916390,2544884.000,23490,1,T1,1,100,37.168
1715671197.048474,2545010.000,23507,1,T1,1,100,37.179
1715671197.179509,2545135.000,23524,1,T1,1,100,37.219
1715671197.312641,2545262.000,23543,1,T1,1,100,37.237
1715671197.444724,2545388.000,23575,1,T1,1,100,37.244
1715671197.577856,2545515.000,23592,1,T1,1,100,37.248
1715671197.713084,2545644.000,23609,1,T1,1,100,37.178
1715671197.846216,2545771.000,23630,1,T1,1,100,37.112
1715671197.980396,2545899.000,23665,1,T1,1,100,37.120
1715671198.113528,2546026.000,23681,1,T1,1,100,37.194
1715671198.245612,2546152.000,23698,1,T1,1,100,37.190
1715671198.375599,2546276.000,23714,1,T1,1,100,37.153
1715671198.509779,2546404.000,23749,1,T1,1,100,37.102
1715671198.642910,2546531.000,23766,1,T1,1,100,37.115
1715671198.778139,2546660.000,23785,1,T1,1,100,37.262
1715671198.910222,2546786.000,23816,1,T1,1,100,37.184
1715671199.044402,2546914.000,23834,1,T1,1,100,37.115
1715671199.178582,2547042.000,23858,1,T1,1,100,37.121
1715671199.310666,2547168.000,23875,1,T1,1,100,37.159
1715671199.441701,2547293.000,23892,1,T1,1,100,37.175
1715671199.574833,2547420.000,23909,1,T1,1,100,37.076
1715671199.706917,2547546.000,23944,1,T1,1,100,37.210
1715671199.842145,2547675.000,23962,1,T1,1,100,37.162
1715671199.974228,2547801.000,23979,1,T1,1,100,37.105
1715671200.107360,2547928.000,23996,1,T1,1,100,37.187
1715671200.243637,2548058.000,24027,1,T1,1,100,37.152
1715671200.375720,2548184.000,24045,1,T1,1,100,37.208
1715671200.506756,2548309.000,24064,1,T1,1,100,37.125
1715671200.638839,2548435.000,24081,1,T1,1,100,37.231
1715671200.770923,2548561.000,24098,1,T1,1,100,37.242
1715671200.904054,2548688.000,24129,1,T1,1,100,37.176
1715671201.039283,2548817.000,24147,1,T1,1,100,37.147
1715671201.172415,2548944.000,24163,1,T1,1,100,37.134
1715671201.306595,2549072.000,24198,1,T1,1,100,37.023
1715671201.439726,2549199.000,24215,1,T1,1,100,37.010
1715671201.571810,2549325.000,24231,1,T1,1,100,37.075
1715671201.701797,2549449.000,24249,1,T1,1,100,37.174
1715671201.835977,2549577.000,24265,1,T1,1,100,37.217
1715671201.969109,2549704.000,24297,1,T1,1,100,37.236
1715671202.104337,2549833.000,24315,1,T1,1,100,37.138
1715671202.236421,2549959.000,24336,1,T1,1,100,37.130
1715671202.370601,2550087.000,24354,1,T1,1,100,37.198
1715671202.505829,2550216.000,24370,1,T1,1,100,37.192
1715671202.637913,2550342.000,24404,1,T1,1,100,37.190
1715671202.768948,2550467.000,24423,1,T1,1,100,37.224
1715671202.902080,2550594.000,24439,1,T1,1,100,37.168
1715671203.033115,2550719.000,24457,1,T1,1,100,37.073
1715671203.168343,2550848.000,24491,1,T1,1,100,37.031
1715671203.300427,2550974.000,24507,1,T1,1,100,37.120
1715671203.433558,2551101.000,24525,1,T1,1,100,37.158
1715671203.569835,2551231.000,24544,1,T1,1,100,37.104
1715671203.701919,2551357.000,24562,1,T1,1,100,37.187
1715671203.832954,2551482.000,24595,1,T1,1,100,37.294
1715671203.963989,2551607.000,24611,1,T1,1,100,37.233
1715671204.096072,2551733.000,24629,1,T1,1,100,37.172
1715671204.229204,2551860.000,24645,1,T1,1,100,37.145
1715671204.364433,2551989.000,24680,1,T1,1,100,37.169
1715671204.497565,2552116.000,24704,1,T1,1,100,37.215
1715671204.631745,2552244.000,24720,1,T1,1,100,37.022
1715671204.764876,2552371.000,24738,1,T1,1,100,37.222
1715671204.896960,2552497.000,24757,1,T1,1,100,37.203
1715671205.026947,2552621.000,24789,1,T1,1,100,37.194
1715671205.161127,2552749.000,24806,1,T1,1,100,37.226
1715671205.294259,2552876.000,24822,1,T1,1,100,37.169
1715671205.429487,2553005.000,24842,1,T1,1,100,37.215
1715671205.561570,2553131.000,24876,1,T1,1,100,37.164
1715671205.695750,2553259.000,24893,1,T1,1,100,37.142
1715671205.829931,2553387.000,24910,1,T1,1,100,37.061
1715671205.962014,2553513.000,24926,1,T1,1,100,37.097
1715671206.093049,2553638.000,24944,1,T1,1,100,37.149
1715671206.226181,2553765.000,24978,1,T1,1,100,37.029
1715671206.357216,2553890.000,24995,1,T1,1,100,37.012
1715671206.492445,2554019.000,25012,1,T1,1,100,37.147
1715671206.624528,2554145.000,25030,1,T1,1,100,37.241
1715671206.757660,2554272.000,25062,1,T1,1,100,37.211
1715671206.893937,2554402.000,25082,1,T1,1,100,37.162
1715671207.026020,2554528.000,25099,1,T1,1,100,37.176
1715671207.157055,2554653.000,25116,1,T1,1,100,37.254
1715671207.288091,2554778.000,25150,1,T1,1,100,37.181
1715671207.420174,2554904.000,25169,1,T1,1,100,37.255
1715671207.553306,2555031.000,25186,1,T1,1,100,37.323
1715671207.688534,2555160.000,25203,1,T1,1,100,37.282
1715671207.821666,2555287.000,25236,1,T1,1,100,37.264
1715671207.955846,2555415.000,25253,1,T1,1,100,37.185
1715671208.088978,2555542.000,25270,1,T1,1,100,37.151
1715671208.222110,2555669.000,25294,1,T1,1,100,37.243
1715671208.352097,2555793.000,25328,1,T1,1,100,37.211
1715671208.486277,2555921.000,25344,1,T1,1,100,37.091
1715671208.619409,2556048.000,25361,1,T1,1,100,37.146
1715671208.754637,2556177.000,25381,1,T1,1,100,37.063
1715671208.886720,2556303.000,25412,1,T1,1,100,37.169
1715671209.020900,2556431.000,25432,1,T1,1,100,37.215
1715671209.156129,2556560.000,25448,1,T1,1,100,37.199
1715671209.288212,2556686.000,25465,1,T1,1,100,37.122
1715671209.419248,2556811.000,25499,1,T1,1,100,37.195
1715671209.552379,2556938.000,25518,1,T1,1,100,37.261
1715671209.683415,2557063.000,25536,1,T1,1,100,37.149
1715671209.818643,2557192.000,25552,1,T1,1,100,37.135
1715671209.950727,2557318.000,25574,1,T1,1,100,37.094
1715671210.083858,2557445.000,25594,1,T1,1,100,37.182
1715671210.220135,2557575.000,25625,1,T1,1,100,37.150
1715671210.352218,2557701.000,25643,1,T1,1,100,37.136
1715671210.483254,2557826.000,25659,1,T1,1,100,37.201
1715671210.614289,2557951.000,25676,1,T1,1,100,37.229
1715671210.746372,2558077.000,25711,1,T1,1,100,37.170
1715671210.879504,2558204.000,25727,1,T1,1,100,37.144
1715671211.014733,2558333.000,25745,1,T1,1,100,37.204
1715671211.147864,2558460.000,25761,1,T1,1,100,37.195
1715671211.282044,2558588.000,25796,1,T1,1,100,37.191
1715671211.415176,2558715.000,25813,1,T1,1,100,37.153
1715671211.548308,2558842.000,25831,1,T1,1,100,37.208
1715671211.678295,2558966.000,25849,1,T1,1,100,37.232
1715671211.812475,2559094.000,25880,1,T1,1,100,37.171
1715671211.945607,2559221.000,25899,1,T1,1,100,37.145
1715671212.080835,2559350.000,25917,1,T1,1,100,37.205
1715671212.212919,2559476.000,25933,1,T1,1,100,37.124
1715671212.347099,2559604.000,25965,1,T1,1,100,37.160
1715671212.482327,2559733.000,25982,1,T1,1,100,37.247
1715671212.614411,2559859.000,26001,1,T1,1,100,37.178
1715671212.745446,2559984.000,26021,1,T1,1,100,37.183
1715671212.877529,2560110.000,26052,1,T1,1,100,37.257
1715671213.008565,2560235.000,26071,1,T1,1,100,37.253
1715671213.143793,2560364.000,26088,1,T1,1,100,37.216
1715671213.275877,2560490.000,26104,1,T1,1,100,37.235
1715671213.409008,2560617.000,26139,1,T1,1,100,37.208
1715671213.545285,2560747.000,26156,1,T1,1,100,37.196
1715671213.677368,2560873.000,26173,1,T1,1,100,37.156
1715671213.808404,2560998.000,26190,1,T1,1,100,37.209
1715671213.939439,2561123.000,26225,1,T1,1,100,37.232
1715671214.071522,2561249.000,26241,1,T1,1,100,37.136
1715671214.204654,2561376.000,26258,1,T1,1,100,37.094
1715671214.339883,2561505.000,26275,1,T1,1,100,37.147
1715671214.473014,2561632.000,26306,1,T1,1,100,37.170
1715671214.607194,2561760.000,26323,1,T1,1,100,37.144
1715671214.740326,2561887.000,26340,1,T1,1,100,37.133
1715671214.874506,2562015.000,26357,1,T1,1,100,37.200
1715671215.004493,2562139.000,26395,1,T1,1,100,37.157
1715671215.138673,2562267.000,26411,1,T1,1,100,37.104
1715671215.271805,2562394.000,26433,1,T1,1,100,37.116
1715671215.407033,2562523.000,26450,1,T1,1,100,37.156
1715671215.539117,2562649.000,26467,1,T1,1,100,37.139
1715671215.673297,2562777.000,26499,1,T1,1,100,37.202
1715671215.809574,2562907.000,26515,1,T1,1,100,37.265
1715671215.941657,2563033.000,26537,1,T1,1,100,37.256
1715671216.072692,2563158.000,26554,1,T1,1,100,37.217
1715671216.204776,2563284.000,26585,1,T1,1,100,37.165
1715671216.335811,2563409.000,26604,1,T1,1,100,37.213
1715671216.471040,2563538.000,26620,1,T1,1,100,37.234
1715671216.603123,2563664.000,26637,1,T1,1,100,37.279
1715671216.736255,2563791.000,26673,1,T1,1,100,37.227
1715671216.872531,2563921.000,26689,1,T1,1,100,37.134
1715671217.004615,2564047.000,26707,1,T1,1,100,37.271
1715671217.135650,2564172.000,26726,1,T1,1,100,37.223
1715671217.266685,2564297.000,26758,1,T1,1,100,37.203
1715671217.398769,2564423.000,26775,1,T1,1,100,37.159
1715671217.531901,2564550.000,26793,1,T1,1,100,37.175
1715671217.667129,2564679.000,26811,1,T1,1,100,37.111
1715671217.800261,2564806.000,26847,1,T1,1,100,37.190
1715671217.934441,2564934.000,26863,1,T1,1,100,37.118
1715671218.068621,2565062.000,26881,1,T1,1,100,37.122
1715671218.202801,2565190.000,26897,1,T1,1,100,37.124
1715671218.332788,2565314.000,26931,1,T1,1,100,37.195
1715671218.466968,2565442.000,26948,1,T1,1,100,37.226
1715671218.599051,2565568.000,26967,1,T1,1,100,37.169
1715671218.734280,2565697.000,26985,1,T1,1,100,37.179
1715671218.866364,2565823.000,27016,1,T1,1,100,37.219
1715671219.000544,2565951.000,27036,1,T1,1,100,37.166
1715671219.136820,2566081.000,27053,1,T1,1,100,37.178
1715671219.268904,2566207.000,27069,1,T1,1,100,37.113
1715671219.399939,2566332.000,27089,1,T1,1,100,37.120
1715671219.530974,2566457.000,27120,1,T1,1,100,37.158
1715671219.662009,2566582.000,27137,1,T1,1,100,37.246
1715671219.797238,2566711.000,27157,1,T1,1,100,37.177
1715671219.929321,2566837.000,27173,1,T1,1,100,37.183
1715671220.062453,2566964.000,27205,1,T1,1,100,37.150
1715671220.198730,2567094.000,27222,1,T1,1,100,37.242
1715671220.330813,2567220.000,27242,1,T1,1,100,37.247
1715671220.461848,2567345.000,27261,1,T1,1,100,37.178
1715671220.592884,2567470.000,27277,1,T1,1,100,37.219
1715671220.724967,2567596.000,27300,1,T1,1,100,37.130
1715671220.858099,2567723.000,27331,1,T1,1,100,37.163
1715671220.993327,2567852.000,27348,1,T1,1,100,37.212
1715671221.126459,2567979.000,27368,1,T1,1,100,37.234
1715671221.260639,2568107.000,27384,1,T1,1,100,37.172
1715671221.394819,2568235.000,27416,1,T1,1,100,37.216
1715671221.528999,2568363.000,27438,1,T1,1,100,37.164
1715671221.658986,2568487.000,27455,1,T1,1,100,37.178
1715671221.793166,2568615.000,27472,1,T1,1,100,37.112
1715671221.924201,2568740.000,27488,1,T1,1,100,37.297
1715671222.059430,2568869.000,27520,1,T1,1,100,37.270
1715671222.191513,2568995.000,27537,1,T1,1,100,37.294
1715671222.325693,2569123.000,27557,1,T1,1,100,37.234
1715671222.461970,2569253.000,27574,1,T1,1,100,37.172
1715671222.594054,2569379.000,27608,1,T1,1,100,37.216
1715671222.725089,2569504.000,27626,1,T1,1,100,37.235
1715671222.856124,2569629.000,27646,1,T1,1,100,37.279
1715671222.987159,2569754.000,27663,1,T1,1,100,37.227
1715671223.122388,2569883.000,27694,1,T1,1,100,37.169
1715671223.254471,2570009.000,27711,1,T1,1,100,37.180
1715671223.387603,2570136.000,27728,1,T1,1,100,37.184
1715671223.523880,2570266.000,27745,1,T1,1,100,37.186
1715671223.655963,2570392.000,27782,1,T1,1,100,37.151
1715671223.788047,2570518.000,27798,1,T1,1,100,37.207
1715671223.919082,2570643.000,27815,1,T1,1,100,37.302
1715671224.051165,2570769.000,27832,1,T1,1,100,37.237
1715671224.183249,2570895.000,27866,1,T1,1,100,37.138
1715671224.318477,2571024.000,27884,1,T1,1,100,37.166
1715671224.451609,2571151.000,27900,1,T1,1,100,37.214
1715671224.585789,2571279.000,27917,1,T1,1,100,37.199
1715671224.721017,2571408.000,27951,1,T1,1,100,37.263
1715671224.855197,2571536.000,27967,1,T1,1,100,37.220
1715671224.985184,2571660.000,27988,1,T1,1,100,37.237
1715671225.118316,2571787.000,28004,1,T1,1,100,37.280
1715671225.249352,2571912.000,28036,1,T1,1,100,37.263
1715671225.383532,2572040.000,28053,1,T1,1,100,37.185
1715671225.516663,2572167.000,28072,1,T1,1,100,37.293
1715671225.650843,2572295.000,28090,1,T1,1,100,37.268
1715671225.787120,2572425.000,28123,1,T1,1,100,37.293
1715671225.919204,2572551.000,28139,1,T1,1,100,37.269
1715671226.051287,2572677.000,28162,1,T1,1,100,37.294
1715671226.182322,2572802.000,28181,1,T1,1,100,37.304
1715671226.313358,2572927.000,28199,1,T1,1,100,37.238
1715671226.448586,2573056.000,28215,1,T1,1,100,37.280
1715671226.580669,2573182.000,28232,1,T1,1,100,37.228
1715671226.713801,2573309.000,28267,1,T1,1,100,37.276
1715671226.850078,2573439.000,28285,1,T1,1,100,37.155
1715671226.982161,2573565.000,28303,1,T1,1,100,37.173
1715671227.115293,2573692.000,28334,1,T1,1,100,37.217
1715671227.246328,2573817.000,28351,1,T1,1,100,37.236
1715671227.378412,2573943.000,28368,1,T1,1,100,37.102
1715671227.510495,2574069.000,28387,1,T1,1,100,37.115
1715671227.645724,2574198.000,28421,1,T1,1,100,37.121
1715671227.778856,2574325.000,28438,1,T1,1,100,37.230
1715671227.913036,2574453.000,28456,1,T1,1,100,37.206
1715671228.048264,2574582.000,28477,1,T1,1,100,37.160
1715671228.182444,2574710.000,28493,1,T1,1,100,37.246
1715671228.312431,2574834.000,28525,1,T1,1,100,37.284
1715671228.445563,2574961.000,28542,1,T1,1,100,37.194
1715671228.576598,2575086.000,28558,1,T1,1,100,37.190
1715671228.710778,2575214.000,28579,1,T1,1,100,37.224
1715671228.843910,2575341.000,28610,1,T1,1,100,37.203
1715671228.978090,2575469.000,28627,1,T1,1,100,37.123
1715671229.114367,2575599.000,28646,1,T1,1,100,37.160
1715671229.246450,2575725.000,28662,1,T1,1,100,37.282
1715671229.378534,2575851.000,28697,1,T1,1,100,37.228
1715671229.509569,2575976.000,28714,1,T1,1,100,37.241
1715671229.640604,2576101.000,28731,1,T1,1,100,37.246
1715671229.775832,2576230.000,28748,1,T1,1,100,37.177
1715671229.907916,2576356.000,28780,1,T1,1,100,37.325
1715671230.041048,2576483.000,28796,1,T1,1,100,37.247
1715671230.177324,2576613.000,28815,1,T1,1,100,37.178
1715671230.309408,2576739.000,28831,1,T1,1,100,37.219
1715671230.442540,2576866.000,28863,1,T1,1,100,37.272
1715671230.573575,2576991.000,28887,1,T1,1,100,37.295
1715671230.705658,2577117.000,28903,1,T1,1,100,37.199
1715671230.836694,2577242.000,28920,1,T1,1,100,37.192
1715671230.971922,2577371.000,28937,1,T1,1,100,37.190
1715671231.105054,2577498.000,28968,1,T1,1,100,37.153
1715671231.239234,2577626.000,28987,1,T1,1,100,37.102
1715671231.374462,2577755.000,29007,1,T1,1,100,37.115
1715671231.508642,2577883.000,29029,1,T1,1,100,37.085
1715671231.638629,2578007.000,29046,1,T1,1,100,37.179
1715671231.770713,2578133.000,29063,1,T1,1,100,37.219
1715671231.901748,2578258.000,29098,1,T1,1,100,37.272
1715671232.035928,2578386.000,29114,1,T1,1,100,37.295
1715671232.169060,2578513.000,29131,1,T1,1,100,37.234
1715671232.303240,2578641.000,29148,1,T1,1,100,37.243
1715671232.439517,2578771.000,29181,1,T1,1,100,37.212
1715671232.571600,2578897.000,29202,1,T1,1,100,37.269
1715671232.704732,2579024.000,29220,1,T1,1,100,37.258
1715671232.835767,2579149.000,29237,1,T1,1,100,37.183
1715671232.966802,2579274.000,29269,1,T1,1,100,37.150
1715671233.102031,2579403.000,29288,1,T1,1,100,37.278
1715671233.234114,2579529.000,29305,1,T1,1,100,37.191
1715671233.367246,2579656.000,29322,1,T1,1,100,37.260
1715671233.503523,2579786.000,29355,1,T1,1,100,37.183
1715671233.636654,2579913.000,29373,1,T1,1,100,37.257
1715671233.769786,2580040.000,29389,1,T1,1,100,37.182
1715671233.900821,2580165.000,29409,1,T1,1,100,37.221
1715671234.032905,2580291.000,29441,1,T1,1,100,37.166
1715671234.162892,2580415.000,29457,1,T1,1,100,37.072
1715671234.298120,2580544.000,29475,1,T1,1,100,37.138
1715671234.431252,2580671.000,29491,1,T1,1,100,37.130
1715671234.565432,2580799.000,29525,1,T1,1,100,37.163
1715671234.700660,2580928.000,29542,1,T1,1,100,37.141
1715671234.834841,2581056.000,29558,1,T1,1,100,37.203
1715671234.964828,2581180.000,29576,1,T1,1,100,37.194
1715671235.096911,2581306.000,29610,1,T1,1,100,37.226
1715671235.227946,2581431.000,29627,1,T1,1,100,37.240
1715671235.362126,2581559.000,29644,1,T1,1,100,37.210
1715671235.495258,2581686.000,29660,1,T1,1,100,37.268
1715671235.629438,2581814.000,29680,1,T1,1,100,37.293
1715671235.765715,2581944.000,29714,1,T1,1,100,37.198
1715671235.897798,2582070.000,29730,1,T1,1,100,37.227
1715671236.031978,2582198.000,29748,1,T1,1,100,37.382
1715671236.163013,2582323.000,29764,1,T1,1,100,37.378
1715671236.294049,2582448.000,29799,1,T1,1,100,37.234
1715671236.428229,2582576.000,29816,1,T1,1,100,37.172
1715671236.560312,2582702.000,29832,1,T1,1,100,37.252
1715671236.693444,2582829.000,29852,1,T1,1,100,37.286
1715671236.829721,2582959.000,29888,1,T1,1,100,37.195
1715671236.963901,2583087.000,29908,1,T1,1,100,37.120
1715671237.097033,2583214.000,29925,1,T1,1,100,37.300
1715671237.228068,2583339.000,29941,1,T1,1,100,37.201
1715671237.359103,2583464.000,29973,1,T1,1,100,37.229
1715671237.489090,2583588.000,29990,1,T1,1,100,37.205
1715671237.624318,2583717.000,30007,1,T1,1,100,37.231
1715671237.757450,2583844.000,30029,1,T1,1,100,37.242
1715671237.891630,2583972.000,30063,1,T1,1,100,37.246
1715671238.026859,2584101.000,30079,1,T1,1,100,37.178
1715671238.161039,2584229.000,30096,1,T1,1,100,37.183
1715671238.292074,2584354.000,30116,1,T1,1,100,37.292
1715671238.424157,2584480.000,30133,1,T1,1,100,37.375
1715671238.555193,2584605.000,30165,1,T1,1,100,37.233
1715671238.689373,2584733.000,30181,1,T1,1,100,37.314
1715671238.822505,2584860.000,30198,1,T1,1,100,37.242
1715671238.956685,2584988.000,30216,1,T1,1,100,37.282
1715671239.092961,2585118.000,30251,1,T1,1,100,37.193
1715671239.225045,2585244.000,30268,1,T1,1,100,37.225
1715671239.360273,2585373.000,30285,1,T1,1,100,37.204
1715671239.491308,2585498.000,30316,1,T1,1,100,37.230
1715671239.622344,2585623.000,30337,1,T1,1,100,37.135
1715671239.755475,2585750.000,30353,1,T1,1,100,37.129
1715671239.888607,2585877.000,30370,1,T1,1,100,37.127
1715671240.021739,2586004.000,30404,1,T1,1,100,37.197
1715671240.158015,2586134.000,30420,1,T1,1,100,37.227
1715671240.292196,2586262.000,30438,1,T1,1,100,37.169
1715671240.425328,2586389.000,30457,1,T1,1,100,37.109
1715671240.556363,2586514.000,30489,1,T1,1,100,37.189
1715671240.687398,2586639.000,30506,1,T1,1,100,37.259
1715671240.817385,2586763.000,30525,1,T1,1,100,37.183
1715671240.952613,2586892.000,30543,1,T1,1,100,37.150
1715671241.085745,2587019.000,30576,1,T1,1,100,37.242
1715671241.219925,2587147.000,30592,1,T1,1,100,37.247
1715671241.355154,2587276.000,30610,1,T1,1,100,37.213
1715671241.489334,2587404.000,30626,1,T1,1,100,37.234
1715671241.621417,2587530.000,30661,1,T1,1,100,37.243
1715671241.753500,2587656.000,30678,1,T1,1,100,37.247
1715671241.884536,2587781.000,30694,1,T1,1,100,37.178
1715671242.018716,2587909.000,30712,1,T1,1,100,37.148
1715671242.151848,2588036.000,30754,2,T1,1,100,37.170
1715671242.284979,2588163.000,30754,2,T1,1,100,37.251
1715671242.421256,2588293.000,30770,1,T1,1,100,37.109
1715671242.553339,2588419.000,30787,1,T1,1,100,37.082
1715671242.688568,2588548.000,30821,1,T1,1,100,37.107
1715671242.819603,2588673.000,30837,1,T1,1,100,37.188
1715671242.950638,2588798.000,30858,1,T1,1,100,37.152
1715671243.082722,2588924.000,30874,1,T1,1,100,37.066
1715671243.215854,2589051.000,30908,1,T1,1,100,37.206
1715671243.348985,2589178.000,30928,1,T1,1,100,37.337
1715671243.485262,2589308.000,30944,1,T1,1,100,37.252
1715671243.619442,2589436.000,30962,1,T1,1,100,37.180
1715671243.752574,2589563.000,30993,1,T1,1,100,37.220
1715671243.884657,2589689.000,31010,1,T1,1,100,37.237
1715671244.016741,2589815.000,31027,1,T1,1,100,37.173
1715671244.146728,2589939.000,31046,1,T1,1,100,37.217
1715671244.281956,2590068.000,31080,1,T1,1,100,37.200
1715671244.415088,2590195.000,31097,1,T1,1,100,37.228
1715671244.549268,2590323.000,31113,1,T1,1,100,37.170
1715671244.684497,2590452.000,31134,1,T1,1,100,37.286
1715671244.818677,2590580.000,31165,1,T1,1,100,37.266
1715671244.952857,2590708.000,31182,1,T1,1,100,37.292
1715671245.084940,2590834.000,31199,1,T1,1,100,37.197
1715671245.215976,2590959.000,31215,1,T1,1,100,37.263
1715671245.348059,2591085.000,31249,1,T1,1,100,37.220
1715671245.480142,2591211.000,31266,1,T1,1,100,37.272
1715671245.614322,2591339.000,31286,1,T1,1,100,37.189
1715671245.749551,2591468.000,31303,1,T1,1,100,37.188
1715671245.881634,2591594.000,31338,1,T1,1,100,37.188
1715671246.016863,2591723.000,31354,1,T1,1,100,37.188
1715671246.147898,2591848.000,31371,1,T1,1,100,37.188
1715671246.278933,2591973.000,31388,1,T1,1,100,37.258
1715671246.411017,2592099.000,31407,1,T1,1,100,37.360
1715671246.543100,2592225.000,31439,1,T1,1,100,37.227
1715671246.676232,2592352.000,31458,1,T1,1,100,37.240
1715671246.812509,2592482.000,31475,1,T1,1,100,37.175
1715671246.946689,2592610.000,31492,1,T1,1,100,37.217
1715671247.079820,2592737.000,31523,1,T1,1,100,37.236
1715671247.212952,2592864.000,31540,1,T1,1,100,37.244
1715671247.345036,2592990.000,31557,1,T1,1,100,37.283
1715671247.475023,2593114.000,31574,1,T1,1,100,37.193
1715671247.610251,2593243.000,31597,1,T1,1,100,37.155
1715671247.742335,2593369.000,31615,1,T1,1,100,37.244
1715671247.876515,2593497.000,31638,1,T1,1,100,37.141
1715671248.011743,2593626.000,31654,1,T1,1,100,37.132
1715671248.145923,2593754.000,31671,1,T1,1,100,37.270
1715671248.280103,2593882.000,31688,1,T1,1,100,37.259
1715671248.412187,2594008.000,31721,1,T1,1,100,37.289
1715671248.543222,2594133.000,31739,1,T1,1,100,37.267
1715671248.674257,2594258.000,31755,1,T1,1,100,37.222
1715671248.806341,2594384.000,31772,1,T1,1,100,37.202
1715671248.940521,2594512.000,31804,1,T1,1,100,37.194
1715671249.074701,2594640.000,31820,1,T1,1,100,37.190
1715671249.207833,2594767.000,31840,1,T1,1,100,37.224
1715671249.343061,2594896.000,31857,1,T1,1,100,37.345
1715671249.474096,2595021.000,31874,1,T1,1,100,37.362
1715671249.606180,2595147.000,31908,1,T1,1,100,37.334
1715671249.738263,2595273.000,31924,1,T1,1,100,37.215
1715671249.870347,2595399.000,31941,1,T1,1,100,37.200
1715671250.003479,2595526.000,31958,1,T1,1,100,37.157
1715671250.139755,2595656.000,31989,1,T1,1,100,37.210
1715671250.273935,2595784.000,32007,1,T1,1,100,37.197
1715671250.407067,2595911.000,32023,1,T1,1,100,37.263
1715671250.541247,2596039.000,32040,1,T1,1,100,37.220
1715671250.673331,2596165.000,32080,1,T1,1,100,37.237
1715671250.803318,2596289.000,32096,1,T1,1,100,37.173
1715671250.937498,2596417.000,32114,1,T1,1,100,37.288
1715671251.069581,2596543.000,32130,1,T1,1,100,37.302
1715671251.203761,2596671.000,32165,1,T1,1,100,37.379
1715671251.338465,2596799.500,32182,2,T1,1,100,37.270
1715671251.473170,2596928.000,32182,2,T1,1,100,37.259
1715671251.607350,2597056.000,32199,1,T1,1,100,37.218
1715671251.739433,2597182.000,32218,1,T1,1,100,37.130
1715671251.870468,2597307.000,32253,1,T1,1,100,37.163
1715671252.001504,2597432.000,32269,1,T1,1,100,37.212
1715671252.133587,2597558.000,32286,1,T1,1,100,37.269
1715671252.267767,2597686.000,32303,1,T1,1,100,37.187
1715671252.401947,2597814.000,32334,1,T1,1,100,37.187
1715671252.535079,2597941.000,32354,1,T1,1,100,37.187
1715671252.670307,2598070.000,32373,1,T1,1,100,37.258
1715671252.803439,2598197.000,32392,1,T1,1,100,37.325
1715671252.935523,2598323.000,32427,2,T1,1,100,37.282
1715671253.067606,2598449.000,32427,2,T1,1,100,37.229
1715671253.199690,2598575.000,32447,1,T1,1,100,37.241
1715671253.331773,2598701.000,32464,1,T1,1,100,37.281
1715671253.468050,2598831.000,32480,1,T1,1,100,37.264
1715671253.602230,2598959.000,32497,1,T1,1,100,37.185
1715671253.735362,2599086.000,32534,1,T1,1,100,37.186
1715671253.869542,2599214.000,32550,1,T1,1,100,37.222
1715671254.001625,2599340.000,32568,1,T1,1,100,37.203
1715671254.131612,2599464.000,32584,1,T1,1,100,37.194
1715671254.263696,2599590.000,32616,1,T1,1,100,37.190
1715671254.395779,2599716.000,32636,1,T1,1,100,37.153
1715671254.529959,2599844.000,32652,1,T1,1,100,37.137
1715671254.665188,2599973.000,32670,1,T1,1,100,37.166
1715671254.799368,2600101.000,32703,1,T1,1,100,37.143
1715671254.933548,2600229.000,32720,1,T1,1,100,37.168
1715671255.065631,2600355.000,32737,1,T1,1,100,37.144
1715671255.198763,2600482.000,32753,1,T1,1,100,37.204
1715671255.329798,2600607.000,32785,1,T1,1,100,37.159
1715671255.461882,2600733.000,32802,1,T1,1,100,37.140
1715671255.596062,2600861.000,32819,1,T1,1,100,37.202
1715671255.730242,2600989.000,32839,1,T1,1,100,37.265
1715671255.863374,2601116.000,32873,1,T1,1,100,37.150
1715671255.998602,2601245.000,32889,1,T1,1,100,37.242
1715671256.131734,2601372.000,32906,1,T1,1,100,37.282
1715671256.263818,2601498.000,32922,1,T1,1,100,37.158
1715671256.395901,2601624.000,32957,1,T1,1,100,37.139
1715671256.526936,2601749.000,32974,1,T1,1,100,37.202
1715671256.657972,2601874.000,32991,1,T1,1,100,37.194
1715671256.794248,2602004.000,33008,1,T1,1,100,37.261
1715671256.928428,2602132.000,33042,1,T1,1,100,37.219
1715671257.061560,2602259.000,33058,1,T1,1,100,37.166
1715671257.195740,2602387.000,33075,1,T1,1,100,37.214
1715671257.327824,2602513.000,33095,1,T1,1,100,37.163
1715671257.459907,2602639.000,33126,1,T1,1,100,37.177
1715671257.591991,2602765.000,33147,1,T1,1,100,37.254
1715671257.724074,2602891.000,33165,1,T1,1,100,37.145
1715671257.858254,2603019.000,33182,1,T1,1,100,37.134
1715671257.992434,2603147.000,33216,1,T1,1,100,37.200
1715671258.126614,2603275.000,33232,1,T1,1,100,37.157
1715671258.260794,2603403.000,33253,1,T1,1,100,37.139
1715671258.394450,2603530.500,33277,2,T1,1,100,37.167
1715671258.528106,2603658.000,33277,2,T1,1,100,37.214
1715671258.659142,2603783.000,33294,1,T1,1,100,37.270
1715671258.791225,2603909.000,33314,1,T1,1,100,37.294
1715671258.923309,2604035.000,33331,1,T1,1,100,37.198
1715671259.057489,2604163.000,33348,1,T1,1,100,37.228
1715671259.190620,2604290.000,33382,1,T1,1,100,37.205
1715671259.325849,2604419.000,33398,1,T1,1,100,37.195
1715671259.458981,2604546.000,33415,1,T1,1,100,37.155
1715671259.591064,2604672.000,33435,1,T1,1,100,37.138
1715671259.724196,2604799.000,33466,1,T1,1,100,37.131
1715671259.855231,2604924.000,33484,1,T1,1,100,37.163
1715671259.986266,2605049.000,33500,1,T1,1,100,37.212
1715671260.122543,2605179.000,33520,1,T1,1,100,37.269
1715671260.256723,2605307.000,33554,1,T1,1,100,37.294
1715671260.389855,2605434.000,33570,1,T1,1,100,37.198
1715671260.524035,2605562.000,33587,1,T1,1,100,37.157
1715671260.657167,2605689.000,33604,1,T1,1,100,37.210
1715671260.790298,2605816.000,33635,1,T1,1,100,37.197
1715671260.922382,2605942.000,33656,1,T1,1,100,37.085
1715671261.054466,2606068.000,33672,1,T1,1,100,36.895
1715671261.186549,2606194.000,33691,1,T1,1,100,37.096
1715671261.320729,2606322.000,33723,1,T1,1,100,37.184
1715671261.454909,2606450.000,33742,1,T1,1,100,37.257
1715671261.589089,2606578.000,33760,1,T1,1,100,37.253
1715671261.723269,2606706.000,33776,1,T1,1,100,37.287
1715671261.856401,2606833.000,33808,1,T1,1,100,37.195
1715671261.987436,2606958.000,33825,1,T1,1,100,37.191
1715671262.118472,2607083.000,33844,1,T1,1,100,37.295
1715671262.250555,2607209.000,33861,1,T1,1,100,37.234
1715671262.384735,2607337.000,33895,1,T1,1,100,37.172
1715671262.517867,2607464.000,33911,1,T1,1,100,37.252
1715671262.653095,2607593.000,33931,1,T1,1,100,37.144
1715671262.786227,2607720.000,33950,1,T1,1,100,37.204
1715671262.918311,2607846.000,33982,1,T1,1,100,37.301
1715671263.052491,2607974.000,33999,1,T1,1,100,37.272
1715671263.183526,2608099.000,34015,1,T1,1,100,37.189
1715671263.314561,2608224.000,34033,1,T1,1,100,37.223
1715671263.450838,2608354.000,34069,1,T1,1,100,37.168
1715671263.583970,2608481.000,34086,1,T1,1,100,37.143
1715671263.717626,2608608.500,34108,2,T1,1,100,37.239
1715671263.851281,2608736.000,34108,2,T1,1,100,37.316
1715671263.984413,2608863.000,34129,1,T1,1,100,37.279
1715671264.117545,2608990.000,34145,1,T1,1,100,37.298
1715671264.249629,2609116.000,34177,1,T1,1,100,37.164
1715671264.381712,2609242.000,34196,1,T1,1,100,37.177
1715671264.512747,2609367.000,34212,1,T1,1,100,37.148
1715671264.646927,2609495.000,34233,1,T1,1,100,37.206
1715671264.781107,2609623.000,34249,1,T1,1,100,37.231
1715671264.915287,2609751.000,34281,1,T1,1,100,37.242
1715671265.049468,2609879.000,34298,1,T1,1,100,37.246
1715671265.182599,2610006.000,34314,1,T1,1,100,37.319
1715671265.314683,2610132.000,34332,1,T1,1,100,37.315
1715671265.446766,2610258.000,34368,1,T1,1,100,37.207
1715671265.578850,2610384.000,34385,1,T1,1,100,37.196
1715671265.713030,2610512.000,34402,1,T1,1,100,37.227
1715671265.846162,2610639.000,34418,1,T1,1,100,37.240
1715671265.981390,2610768.000,34438,1,T1,1,100,37.210
1715671266.114522,2610895.000,34470,1,T1,1,100,37.162
1715671266.247654,2611022.000,34487,1,T1,1,100,37.212
1715671266.382882,2611151.000,34504,1,T1,1,100,37.127
1715671266.513917,2611276.000,34538,1,T1,1,100,37.126
1715671266.644953,2611401.000,34557,1,T1,1,100,37.161
1715671266.779133,2611529.000,34574,1,T1,1,100,37.247
1715671266.912264,2611656.000,34591,1,T1,1,100,37.249
1715671267.045396,2611783.000,34608,1,T1,1,100,37.285
1715671267.179576,2611911.000,34640,1,T1,1,100,37.230
1715671267.312708,2612038.000,34659,1,T1,1,100,37.206
1715671267.445840,2612165.000,34676,1,T1,1,100,37.266
1715671267.577923,2612291.000,34695,1,T1,1,100,37.257
1715671267.710007,2612417.000,34728,1,T1,1,100,37.147
1715671267.841042,2612542.000,34745,1,T1,1,100,37.205
1715671267.975222,2612670.000,34762,1,T1,1,100,37.266
1715671268.109402,2612798.000,34779,1,T1,1,100,37.292
1715671268.243582,2612926.000,34811,1,T1,1,100,37.268
1715671268.377762,2613054.000,34827,1,T1,1,100,37.258
1715671268.510894,2613181.000,34844,1,T1,1,100,37.289
1715671268.644026,2613308.000,34867,1,T1,1,100,37.196
1715671268.776109,2613434.000,34900,1,T1,1,100,37.156
1715671268.908193,2613560.000,34918,1,T1,1,100,37.209
1715671269.042373,2613688.000,34934,1,T1,1,100,37.374
1715671269.174457,2613814.000,34960,1,T1,1,100,37.197
1715671269.308637,2613942.000,34976,2,T1,1,100,37.156
1715671269.442817,2614070.000,34976,2,T1,1,100,37.174
1715671269.575948,2614197.000,35011,1,T1,1,100,37.288
1715671269.711177,2614326.000,35028,1,T1,1,100,37.337
1715671269.843260,2614452.000,35047,1,T1,1,100,37.181
1715671269.974296,2614577.000,35065,1,T1,1,100,37.149
1715671270.108476,2614705.000,35096,1,T1,1,100,37.277
1715671270.241607,2614832.000,35113,1,T1,1,100,37.262
1715671270.374739,2614959.000,35133,1,T1,1,100,37.113
1715671270.508919,2615087.000,35149,1,T1,1,100,37.297
1715671270.642051,2615214.000,35181,1,T1,1,100,37.200
1715671270.775183,2615341.000,35200,1,T1,1,100,37.335
1715671270.907266,2615467.000,35217,1,T1,1,100,37.322
1715671271.039350,2615593.000,35234,1,T1,1,100,37.175
1715671271.170385,2615718.000,35269,1,T1,1,100,37.182
1715671271.304565,2615846.000,35285,1,T1,1,100,37.291
1715671271.438745,2615974.000,35302,1,T1,1,100,37.197
1715671271.572925,2616102.000,35319,1,T1,1,100,37.192
1715671271.707105,2616230.000,35353,1,T1,1,100,37.225
1715671271.840237,2616357.000,35372,1,T1,1,100,37.310
1715671271.974417,2616485.000,35389,1,T1,1,100,37.240
1715671272.106501,2616611.000,35406,1,T1,1,100,37.246
1715671272.238584,2616737.000,35438,1,T1,1,100,37.248
1715671272.372764,2616865.000,35457,1,T1,1,100,37.214
1715671272.503800,2616990.000,35474,1,T1,1,100,37.270
1715671272.639028,2617119.000,35493,1,T1,1,100,37.223
1715671272.772160,2617246.000,35524,1,T1,1,100,37.132
1715671272.905292,2617373.000,35547,1,T1,1,100,37.199
1715671273.040520,2617502.000,35563,1,T1,1,100,37.122
1715671273.171555,2617627.000,35580,1,T1,1,100,37.124
1715671273.302590,2617752.000,35612,1,T1,1,100,37.160
1715671273.435722,2617879.000,35628,1,T1,1,100,37.211
1715671273.568854,2618006.000,35646,1,T1,1,100,37.269
1715671273.701986,2618133.000,35665,1,T1,1,100,37.223
1715671273.836166,2618261.000,35697,1,T1,1,100,37.238
1715671273.969298,2618388.000,35716,1,T1,1,100,37.209
1715671274.102429,2618515.000,35732,1,T1,1,100,37.197
1715671274.234513,2618641.000,35753,1,T1,1,100,37.192
1715671274.367645,2618768.000,35769,1,T1,1,100,37.260
1715671274.498680,2618893.000,35786,1,T1,1,100,37.254
1715671274.632860,2619021.000,35808,1,T1,1,100,37.287
1715671274.767040,2619149.000,35824,1,T1,1,100,37.302
1715671274.901220,2619277.000,35842,1,T1,1,100,37.343
1715671275.035400,2619405.000,35863,1,T1,1,100,37.361
1715671275.168532,2619532.000,35895,1,T1,1,100,37.369
1715671275.302712,2619660.000,35912,1,T1,1,100,37.408
1715671275.434796,2619786.000,35928,1,T1,1,100,37.247
1715671275.566879,2619912.000,35946,1,T1,1,100,37.249
1715671275.700011,2620039.000,35977,1,T1,1,100,37.320
1715671275.831046,2620164.000,35993,1,T1,1,100,37.280
1715671275.966274,2620293.000,36011,1,T1,1,100,37.263
1715671276.100455,2620421.000,36029,1,T1,1,100,37.185
1715671276.233586,2620548.000,36061,1,T1,1,100,37.293
1715671276.368815,2620677.000,36078,1,T1,1,100,37.268
1715671276.499850,2620802.000,36094,1,T1,1,100,37.258
1715671276.630885,2620927.000,36112,1,T1,1,100,37.253
1715671276.764017,2621054.000,36146,1,T1,1,100,37.251
1715671276.897149,2621181.000,36166,1,T1,1,100,37.322
1715671277.030281,2621308.000,36185,1,T1,1,100,37.316
1715671277.164461,2621436.000,36201,1,T1,1,100,37.243
1715671277.297592,2621563.000,36233,1,T1,1,100,37.283
1715671277.430724,2621690.000,36250,1,T1,1,100,37.158
1715671277.563856,2621817.000,36267,1,T1,1,100,37.281
1715671277.696988,2621944.000,36289,1,T1,1,100,37.370
1715671277.828023,2622069.000,36321,1,T1,1,100,37.231
1715671277.962203,2622197.000,36337,1,T1,1,100,37.242
1715671278.095335,2622324.000,36356,1,T1,1,100,37.282
1715671278.229515,2622452.000,36391,1,T1,1,100,37.193
1715671278.363695,2622580.000,36407,1,T1,1,100,37.225
1715671278.496827,2622707.000,36424,1,T1,1,100,37.239
1715671278.631007,2622835.000,36441,1,T1,1,100,37.210
1715671278.763090,2622961.000,36475,1,T1,1,100,37.162
1715671278.895174,2623087.000,36493,1,T1,1,100,37.141
1715671279.027257,2623213.000,36509,1,T1,1,100,37.203
1715671279.158293,2623338.000,36528,1,T1,1,100,37.230
1715671279.293521,2623467.000,36560,1,T1,1,100,37.206
1715671279.426653,2623594.000,36579,1,T1,1,100,37.160
1715671279.560833,2623722.000,36597,1,T1,1,100,37.211
1715671279.696061,2623851.000,36613,1,T1,1,100,37.269
1715671279.827096,2623976.000,36630,1,T1,1,100,37.294
1715671279.959180,2624102.000,36652,1,T1,1,100,37.233
1715671280.092312,2624229.000,36668,1,T1,1,100,37.207
1715671280.225444,2624356.000,36691,1,T1,1,100,37.302
1715671280.358575,2624483.000,36707,1,T1,1,100,37.202
1715671280.492755,2624611.000,36739,1,T1,1,100,37.265
1715671280.625887,2624738.000,36756,1,T1,1,100,37.221
1715671280.759019,2624865.000,36775,1,T1,1,100,37.237
1715671280.894247,2624994.000,36793,1,T1,1,100,37.245
1715671281.027379,2625121.000,36824,1,T1,1,100,37.248
1715671281.158414,2625246.000,36842,1,T1,1,100,37.355
1715671281.292594,2625374.000,36860,1,T1,1,100,37.331
1715671281.424678,2625500.000,36879,1,T1,1,100,37.250
1715671281.558858,2625628.000,36911,1,T1,1,100,37.143
1715671281.693038,2625756.000,36928,1,T1,1,100,37.168
1715671281.826170,2625883.000,36944,1,T1,1,100,37.179
1715671281.960350,2626011.000,36962,1,T1,1,100,37.219
1715671282.092433,2626137.000,36996,1,T1,1,100,37.201
1715671282.224517,2626263.000,37013,1,T1,1,100,37.229
1715671282.356601,2626389.000,37032,1,T1,1,100,37.241
1715671282.487636,2626514.000,37048,1,T1,1,100,37.317
1715671282.621816,2626642.000,37086,2,T1,1,100,37.244
1715671282.755996,2626770.000,37086,2,T1,1,100,37.318
1715671282.890176,2626898.000,37103,1,T1,1,100,37.244
1715671283.025404,2627027.000,37120,1,T1,1,100,37.247
1715671283.157488,2627153.000,37136,1,T1,1,100,37.249
1715671283.290620,2627280.000,37154,1,T1,1,100,37.179
1715671283.423751,2627407.000,37187,1,T1,1,100,37.219
1715671283.556883,2627534.000,37204,1,T1,1,100,37.343
1715671283.690015,2627661.000,37221,1,T1,1,100,37.290
1715671283.824195,2627789.000,37237,1,T1,1,100,37.267
1715671283.957327,2627916.000,37272,1,T1,1,100,37.222
1715671284.090459,2628043.000,37289,1,T1,1,100,37.238
1715671284.225687,2628172.000,37306,1,T1,1,100,37.174
1715671284.358819,2628299.000,37325,1,T1,1,100,37.253
1715671284.489854,2628424.000,37360,1,T1,1,100,37.322
1715671284.621938,2628550.000,37376,1,T1,1,100,37.281
1715671284.754021,2628676.000,37393,1,T1,1,100,37.334
1715671284.888201,2628804.000,37410,1,T1,1,100,37.287
1715671285.022381,2628932.000,37441,1,T1,1,100,37.195
1715671285.155513,2629059.000,37458,1,T1,1,100,37.262
1715671285.288645,2629186.000,37484,2,T1,1,100,37.255
1715671285.421777,2629313.000,37484,2,T1,1,100,37.252
1715671285.554908,2629440.000,37503,1,T1,1,100,37.251
1715671285.686992,2629566.000,37520,1,T1,1,100,37.215
1715671285.818027,2629691.000,37536,1,T1,1,100,37.199
1715671285.952207,2629819.000,37571,1,T1,1,100,37.193
1715671286.085339,2629946.000,37588,1,T1,1,100,37.190
1715671286.219519,2630074.000,37605,1,T1,1,100,37.153
1715671286.354747,2630203.000,37622,1,T1,1,100,37.279
1715671286.487879,2630330.000,37659,1,T1,1,100,37.298
1715671286.621011,2630457.000,37675,1,T1,1,100,37.271
1715671286.754143,2630584.000,37692,1,T1,1,100,37.188
1715671286.887275,2630711.000,37709,1,T1,1,100,37.188
1715671287.018310,2630836.000,37740,1,T1,1,100,37.294
1715671287.152490,2630964.000,37761,1,T1,1,100,37.234
1715671287.285622,2631091.000,37777,1,T1,1,100,37.243
1715671287.418753,2631218.000,37794,1,T1,1,100,37.176
1715671287.553982,2631347.000,37830,1,T1,1,100,37.253
1715671287.687114,2631474.000,37846,1,T1,1,100,37.251
1715671287.818149,2631599.000,37863,1,T1,1,100,37.357
1715671287.951281,2631726.000,37883,1,T1,1,100,37.261
1715671288.083364,2631852.000,37914,1,T1,1,100,37.290
1715671288.217544,2631980.000,37932,1,T1,1,100,37.161
1715671288.351724,2632108.000,37948,1,T1,1,100,37.141
1715671288.484856,2632235.000,37968,1,T1,1,100,37.132
1715671288.619036,2632363.000,38002,1,T1,1,100,37.270
1715671288.752168,2632490.000,38018,1,T1,1,100,37.259
1715671288.886348,2632618.000,38036,1,T1,1,100,37.254
1715671289.018431,2632744.000,38052,1,T1,1,100,37.252
1715671289.149467,2632869.000,38087,1,T1,1,100,37.357
1715671289.282598,2632996.000,38104,1,T1,1,100,37.296
1715671289.415730,2633123.000,38120,1,T1,1,100,37.341
1715671289.549910,2633251.000,38140,1,T1,1,100,37.254
1715671289.685139,2633380.000,38174,1,T1,1,100,37.252
1715671289.817222,2633506.000,38190,1,T1,1,100,37.215
1715671289.950354,2633633.000,38208,1,T1,1,100,37.200
1715671290.083486,2633760.000,38224,1,T1,1,100,37.157
1715671290.214521,2633885.000,38256,1,T1,1,100,37.245
1715671290.345556,2634010.000,38273,1,T1,1,100,37.283
1715671290.479736,2634138.000,38292,1,T1,1,100,37.194
1715671290.612868,2634265.000,38312,1,T1,1,100,37.226
1715671290.746000,2634392.000,38334,1,T1,1,100,37.275
1715671290.881228,2634521.000,38351,1,T1,1,100,37.190
1715671291.014360,2634648.000,38368,1,T1,1,100,37.118
1715671291.147492,2634775.000,38384,1,T1,1,100,37.157
1715671291.280624,2634902.000,38402,1,T1,1,100,37.174
1715671291.412707,2635028.000,38433,1,T1,1,100,37.146
1715671291.545839,2635155.000,38450,1,T1,1,100,37.205
1715671291.680019,2635283.000,38472,1,T1,1,100,37.195
1715671291.813151,2635410.000,38504,1,T1,1,100,37.155
1715671291.947331,2635538.000,38520,1,T1,1,100,37.209
1715671292.080463,2635665.000,38537,1,T1,1,100,37.197
1715671292.214643,2635793.000,38554,1,T1,1,100,37.121
1715671292.346726,2635919.000,38574,1,T1,1,100,37.123
1715671292.477762,2636044.000,38606,1,T1,1,100,37.195
1715671292.608797,2636169.000,38626,1,T1,1,100,37.191
1715671292.741929,2636296.000,38643,1,T1,1,100,37.224
1715671292.876109,2636424.000,38659,1,T1,1,100,37.310
1715671293.011337,2636553.000,38694,1,T1,1,100,37.311
1715671293.143420,2636679.000,38711,1,T1,1,100,37.277
1715671293.276552,2636806.000,38728,1,T1,1,100,37.191
1715671293.410732,2636934.000,38745,1,T1,1,100,37.331
1715671293.542816,2637060.000,38780,1,T1,1,100,37.179
1715671293.673851,2637185.000,38798,1,T1,1,100,37.148
1715671293.808031,2637313.000,38815,1,T1,1,100,37.170
1715671293.941163,2637440.000,38832,1,T1,1,100,37.145
1715671294.074295,2637567.000,38863,1,T1,1,100,37.275
1715671294.209523,2637696.000,38881,1,T1,1,100,37.296
1715671294.342655,2637823.000,38897,1,T1,1,100,37.199
1715671294.476835,2637951.000,38932,1,T1,1,100,37.157
1715671294.609967,2638078.000,38949,1,T1,1,100,37.210
1715671294.742050,2638204.000,38967,1,T1,1,100,37.304
1715671294.873085,2638329.000,38985,1,T1,1,100,37.238
1715671295.007266,2638457.000,39016,1,T1,1,100,37.245
1715671295.140397,2638584.000,39033,1,T1,1,100,37.283
1715671295.274577,2638712.000,39050,1,T1,1,100,37.300
1715671295.407709,2638839.000,39066,1,T1,1,100,37.236
1715671295.541889,2638967.000,39101,1,T1,1,100,37.209
1715671295.673973,2639093.000,39118,1,T1,1,100,37.338
1715671295.806056,2639219.000,39136,1,T1,1,100,37.182
1715671295.937092,2639344.000,39154,1,T1,1,100,37.221
1715671296.070223,2639471.000,39177,1,T1,1,100,37.131
1715671296.204928,2639599.500,39194,2,T1,1,100,37.163
1715671296.339632,2639728.000,39194,2,T1,1,100,37.035
1715671296.472764,2639855.000,39226,1,T1,1,100,37.263
1715671296.605895,2639982.000,39243,1,T1,1,100,37.327
1715671296.742172,2640112.000,39261,1,T1,1,100,37.141
1715671296.874255,2640238.000,39282,1,T1,1,100,37.203
1715671297.005291,2640363.000,39298,1,T1,1,100,37.230
1715671297.138422,2640490.000,39330,1,T1,1,100,37.348
1715671297.270506,2640616.000,39347,1,T1,1,100,37.257
1715671297.403638,2640743.000,39366,1,T1,1,100,37.359
1715671297.538866,2640872.000,39384,1,T1,1,100,37.333
1715671297.671998,2640999.000,39417,1,T1,1,100,37.321
1715671297.806178,2641127.000,39433,1,T1,1,100,37.316
1715671297.939310,2641254.000,39453,1,T1,1,100,37.279
1715671298.071393,2641380.000,39469,1,T1,1,100,37.191
1715671298.201380,2641504.000,39504,1,T1,1,100,37.225
1715671298.335560,2641632.000,39521,1,T1,1,100,37.204
1715671298.468692,2641759.000,39537,1,T1,1,100,37.230
1715671298.602872,2641887.000,39555,1,T1,1,100,37.241
1715671298.736004,2642014.000,39589,1,T1,1,100,37.317
1715671298.870184,2642142.000,39608,1,T1,1,100,37.208
1715671299.003316,2642269.000,39625,1,T1,1,100,37.267
1715671299.136448,2642396.000,39641,1,T1,1,100,37.293
1715671299.267483,2642521.000,39673,1,T1,1,100,37.375
1715671299.400615,2642648.000,39693,1,T1,1,100,37.340
1715671299.533746,2642775.000,39710,1,T1,1,100,37.289
1715671299.668975,2642904.000,39727,1,T1,1,100,37.267
1715671299.801058,2643030.000,39759,1,T1,1,100,37.293
1715671299.934190,2643157.000,39780,1,T1,1,100,37.233
1715671300.070467,2643287.000,39797,1,T1,1,100,37.136
1715671300.202550,2643413.000,39814,1,T1,1,100,37.201
1715671300.333586,2643538.000,39845,1,T1,1,100,37.300
1715671300.464621,2643663.000,39862,1,T1,1,100,37.201
1715671300.596704,2643789.000,39879,1,T1,1,100,37.229
1715671300.729836,2643916.000,39899,1,T1,1,100,37.276
1715671300.865064,2644045.000,39915,1,T1,1,100,37.226
1715671300.998196,2644172.000,39949,1,T1,1,100,37.310
1715671301.132376,2644300.000,39966,1,T1,1,100,37.347
1715671301.265508,2644427.000,39986,1,T1,1,100,37.327
1715671301.397068,2644552.500,40009,2,T1,1,100,37.248
1715671301.528627,2644678.000,40009,2,T1,1,100,37.356
1715671301.662807,2644806.000,40025,1,T1,1,100,37.296
1715671301.795939,2644933.000,40042,1,T1,1,100,37.305
1715671301.930119,2645061.000,40077,1,T1,1,100,37.274
1715671302.063251,2645188.000,40095,1,T1,1,100,37.331
1715671302.197431,2645316.000,40113,1,T1,1,100,37.285
1715671302.331611,2645444.000,40129,1,T1,1,100,37.194
1715671302.464742,2645571.000,40164,1,T1,1,100,37.226
1715671302.595778,2645696.000,40183,1,T1,1,100,37.204
1715671302.727861,2645822.000,40199,1,T1,1,100,37.230
1715671302.860993,2645949.000,40217,1,T1,1,100,37.206
1715671302.996221,2646078.000,40248,1,T1,1,100,37.125
1715671303.127257,2646203.000,40266,1,T1,1,100,37.267
1715671303.261437,2646331.000,40284,1,T1,1,100,37.293
1715671303.397713,2646461.000,40303,1,T1,1,100,37.339
1715671303.529797,2646587.000,40335,1,T1,1,100,37.253
1715671303.660832,2646712.000,40352,1,T1,1,100,37.251
1715671303.791867,2646837.000,40368,1,T1,1,100,37.286
1715671303.923951,2646963.000,40389,1,T1,1,100,37.337
1715671304.057083,2647090.000,40420,1,T1,1,100,37.287
1715671304.192311,2647219.000,40439,1,T1,1,100,37.195
1715671304.325443,2647346.000,40456,1,T1,1,100,37.262
1715671304.459623,2647474.000,40472,1,T1,1,100,37.326
1715671304.593803,2647602.000,40507,1,T1,1,100,37.247
1715671304.727983,2647730.000,40524,1,T1,1,100,37.320
1715671304.857970,2647854.000,40541,1,T1,1,100,37.316
1715671304.992150,2647982.000,40558,1,T1,1,100,37.243
1715671305.123185,2648107.000,40574,1,T1,1,100,37.318
1715671305.257365,2648235.000,40608,1,T1,1,100,37.208
1715671305.390497,2648362.000,40625,1,T1,1,100,37.303
1715671305.524677,2648490.000,40642,1,T1,1,100,37.308
1715671305.658857,2648618.000,40673,1,T1,1,100,37.275
1715671305.791989,2648745.000,40691,1,T1,1,100,37.296
1715671305.923024,2648870.000,40710,1,T1,1,100,37.270
1715671306.053011,2648994.000,40727,1,T1,1,100,37.259
1715671306.186143,2649121.000,40761,1,T1,1,100,37.289
1715671306.321371,2649250.000,40777,1,T1,1,100,37.161
1715671306.452407,2649375.000,40797,1,T1,1,100,37.353
1715671306.586587,2649503.000,40814,1,T1,1,100,37.295
1715671306.722863,2649633.000,40831,1,T1,1,100,37.340
1715671306.854947,2649759.000,40854,1,T1,1,100,37.360
1715671306.987030,2649885.000,40870,1,T1,1,100,37.404
1715671307.118066,2650010.000,40890,1,T1,1,100,37.317
1715671307.250149,2650136.000,40909,1,T1,1,100,37.350
1715671307.382233,2650262.000,40940,1,T1,1,100,37.293
1715671307.517461,2650391.000,40960,1,T1,1,100,37.233
1715671307.650593,2650518.000,40976,1,T1,1,100,37.278
1715671307.784773,2650646.000,40996,1,T1,1,100,37.191
1715671307.920001,2650775.000,41028,1,T1,1,100,37.331
1715671308.054181,2650903.000,41044,1,T1,1,100,37.250
1715671308.184168,2651027.000,41062,1,T1,1,100,37.285
1715671308.317300,2651154.000,41080,1,T1,1,100,37.230
1715671308.448335,2651279.000,41100,1,T1,1,100,37.241
1715671308.582515,2651407.000,41132,1,T1,1,100,37.353
1715671308.715647,2651534.000,41148,1,T1,1,100,37.365
1715671308.849827,2651662.000,41166,1,T1,1,100,37.406
1715671308.984007,2651790.000,41182,1,T1,1,100,37.318
1715671309.117139,2651917.000,41217,1,T1,1,100,37.315
1715671309.250271,2652044.000,41234,1,T1,1,100,37.278
1715671309.380258,2652168.000,41252,1,T1,1,100,37.298
1715671309.513390,2652295.000,41270,1,T1,1,100,37.235
1715671309.648618,2652424.000,41304,1,T1,1,100,37.279
1715671309.779653,2652549.000,41320,1,T1,1,100,37.263
1715671309.913833,2652677.000,41338,1,T1,1,100,37.326
1715671310.050110,2652807.000,41354,1,T1,1,100,37.318
1715671310.183242,2652934.000,41389,1,T1,1,100,37.244
1715671310.316373,2653061.000,41406,1,T1,1,100,37.283
1715671310.447409,2653186.000,41424,1,T1,1,100,37.264
1715671310.579492,2653312.000,41442,1,T1,1,100,37.292
1715671310.709479,2653436.000,41473,1,T1,1,100,37.268
1715671310.844707,2653565.000,41490,1,T1,1,100,37.293
1715671310.977839,2653692.000,41510,1,T1,1,100,37.340
1715671311.112019,2653820.000,41526,1,T1,1,100,37.395
1715671311.247248,2653949.000,41560,1,T1,1,100,37.242
1715671311.381428,2654077.000,41577,1,T1,1,100,37.211
1715671311.511415,2654201.000,41594,1,T1,1,100,37.340
1715671311.643498,2654327.000,41614,1,T1,1,100,37.289
1715671311.774534,2654452.000,41646,1,T1,1,100,37.302
1715671311.908714,2654580.000,41662,1,T1,1,100,37.166
1715671312.041845,2654707.000,41679,1,T1,1,100,37.285
1715671312.176025,2654835.000,41699,1,T1,1,100,37.300
1715671312.310205,2654963.000,41719,1,T1,1,100,37.378
1715671312.443337,2655090.000,41738,1,T1,1,100,37.235
1715671312.577517,2655218.000,41757,1,T1,1,100,37.243
1715671312.707504,2655342.000,41776,1,T1,1,100,37.247
1715671312.840636,2655469.000,41794,1,T1,1,100,37.320
1715671312.974816,2655597.000,41810,1,T1,1,100,37.316
1715671313.105851,2655722.000,41827,1,T1,1,100,37.278
1715671313.240031,2655850.000,41859,1,T1,1,100,37.333
1715671313.376308,2655980.000,41877,1,T1,1,100,37.286
1715671313.510488,2656108.000,41895,1,T1,1,100,37.266
1715671313.643620,2656235.000,41929,1,T1,1,100,37.186
1715671313.774655,2656360.000,41947,2,T1,1,100,37.187
1715671313.905690,2656485.000,41947,2,T1,1,100,37.223
1715671314.035677,2656609.000,41966,1,T1,1,100,37.167
1715671314.170906,2656738.000,41984,1,T1,1,100,37.250
1715671314.304037,2656865.000,42002,1,T1,1,100,37.321
1715671314.438217,2656993.000,42019,1,T1,1,100,37.352
1715671314.573446,2657122.000,42051,1,T1,1,100,37.365
1715671314.707626,2657250.000,42070,1,T1,1,100,37.371
1715671314.839710,2657376.000,42088,1,T1,1,100,37.373
1715671314.971793,2657502.000,42104,1,T1,1,100,37.374
1715671315.102828,2657627.000,42121,1,T1,1,100,37.339
1715671315.237008,2657755.000,42156,1,T1,1,100,37.218
1715671315.370140,2657882.000,42174,1,T1,1,100,37.236
1715671315.504320,2658010.000,42192,1,T1,1,100,37.315
1715671315.638500,2658138.000,42208,1,T1,1,100,37.349
1715671315.771632,2658265.000,42240,1,T1,1,100,37.364
1715671315.906860,2658394.000,42257,1,T1,1,100,37.370
1715671316.036847,2658518.000,42273,1,T1,1,100,37.267
1715671316.169979,2658645.000,42294,1,T1,1,100,37.257
1715671316.302063,2658771.000,42327,1,T1,1,100,37.289
1715671316.433098,2658896.000,42343,1,T1,1,100,37.231
1715671316.567278,2659024.000,42361,1,T1,1,100,37.242
1715671316.703555,2659154.000,42380,1,T1,1,100,37.353
1715671316.837735,2659282.000,42412,1,T1,1,100,37.295
1715671316.970866,2659409.000,42429,1,T1,1,100,37.234
1715671317.101902,2659534.000,42445,1,T1,1,100,37.349
1715671317.233985,2659660.000,42463,1,T1,1,100,37.328
1715671317.363972,2659784.000,42481,1,T1,1,100,37.284
1715671317.498152,2659912.000,42524,2,T1,1,100,37.194
1715671317.632332,2660040.000,42524,2,T1,1,100,37.297
1715671317.766512,2660168.000,42540,1,T1,1,100,37.270
1715671317.901741,2660297.000,42558,1,T1,1,100,37.294
1715671318.035921,2660425.000,42592,1,T1,1,100,37.269
1715671318.169053,2660552.000,42609,1,T1,1,100,37.294
1715671318.301136,2660678.000,42626,1,T1,1,100,37.304
1715671318.432171,2660803.000,42644,1,T1,1,100,37.238
1715671318.565303,2660930.000,42676,1,T1,1,100,37.351
1715671318.697387,2661056.000,42696,1,T1,1,100,37.187
1715671318.831567,2661184.000,42713,1,T1,1,100,37.294
1715671318.965747,2661312.000,42730,1,T1,1,100,37.340
1715671319.098879,2661439.000,42762,1,T1,1,100,37.324
1715671319.234107,2661568.000,42781,1,T1,1,100,37.211
1715671319.364094,2661692.000,42800,1,T1,1,100,37.269
1715671319.496177,2661818.000,42817,1,T1,1,100,37.294
1715671319.628261,2661944.000,42848,1,T1,1,100,37.340
1715671319.759296,2662069.000,42866,1,T1,1,100,37.289
1715671319.893476,2662197.000,42885,1,T1,1,100,37.302
1715671320.029753,2662327.000,42902,1,T1,1,100,37.344
1715671320.163933,2662455.000,42934,1,T1,1,100,37.220
1715671320.297065,2662582.000,42950,1,T1,1,100,37.237
1715671320.429148,2662708.000,42972,1,T1,1,100,37.315
1715671320.561232,2662834.000,42989,1,T1,1,100,37.349
1715671320.691219,2662958.000,43020,1,T1,1,100,37.257
1715671320.826447,2663087.000,43038,1,T1,1,100,37.253
1715671320.959579,2663214.000,43054,1,T1,1,100,37.180
1715671321.093759,2663342.000,43071,1,T1,1,100,37.291
1715671321.228987,2663471.000,43106,1,T1,1,100,37.232
1715671321.363167,2663599.000,43122,1,T1,1,100,37.242
1715671321.497347,2663727.000,43142,1,T1,1,100,37.318
1715671321.629431,2663853.000,43158,1,T1,1,100,37.315
1715671321.760466,2663978.000,43193,1,T1,1,100,37.313
1715671321.892550,2664104.000,43210,1,T1,1,100,37.242
1715671322.024633,2664230.000,43226,1,T1,1,100,37.282
1715671322.158813,2664358.000,43244,1,T1,1,100,37.299
1715671322.292993,2664486.000,43275,1,T1,1,100,37.307
1715671322.426125,2664613.000,43291,1,T1,1,100,37.239
1715671322.561353,2664742.000,43316,1,T1,1,100,37.174
1715671322.691340,2664866.000,43332,1,T1,1,100,37.217
1715671322.823424,2664992.000,43370,2,T1,1,100,37.307
1715671322.955507,2665118.000,43370,2,T1,1,100,37.345
1715671323.086543,2665243.000,43390,1,T1,1,100,37.433
1715671323.220723,2665371.000,43407,1,T1,1,100,37.365
1715671323.356999,2665501.000,43423,1,T1,1,100,37.264
1715671323.491179,2665629.000,43443,1,T1,1,100,37.292
1715671323.624311,2665756.000,43474,1,T1,1,100,37.339
1715671323.757443,2665883.000,43493,1,T1,1,100,37.324
1715671323.889526,2666009.000,43511,1,T1,1,100,37.282
1715671324.019513,2666133.000,43527,1,T1,1,100,37.264
1715671324.154742,2666262.000,43559,1,T1,1,100,37.221
1715671324.286825,2666388.000,43579,1,T1,1,100,37.308
1715671324.421005,2666516.000,43595,1,T1,1,100,37.311
1715671324.556234,2666645.000,43615,1,T1,1,100,37.418
1715671324.690414,2666773.000,43646,1,T1,1,100,37.429
1715671324.824594,2666901.000,43663,1,T1,1,100,37.398
1715671324.956677,2667027.000,43680,1,T1,1,100,37.385
1715671325.087713,2667152.000,43696,1,T1,1,100,37.308
1715671325.218748,2667277.000,43731,1,T1,1,100,37.275
1715671325.350831,2667403.000,43748,1,T1,1,100,37.225
1715671325.485011,2667531.000,43765,1,T1,1,100,37.381
1715671325.619191,2667659.000,43782,1,T1,1,100,37.413
1715671325.752323,2667786.000,43816,1,T1,1,100,37.427
1715671325.887552,2667915.000,43832,1,T1,1,100,37.362
1715671326.017539,2668039.000,43849,1,T1,1,100,37.369
1715671326.150670,2668166.000,43866,1,T1,1,100,37.408
1715671326.282754,2668292.000,43903,1,T1,1,100,37.283
1715671326.414837,2668418.000,43921,1,T1,1,100,37.229
1715671326.549017,2668546.000,43939,1,T1,1,100,37.276
1715671326.685294,2668676.000,43956,1,T1,1,100,37.332
1715671326.819474,2668804.000,43973,1,T1,1,100,37.286
1715671326.952606,2668931.000,44007,1,T1,1,100,37.265
1715671327.086786,2669059.000,44024,1,T1,1,100,37.328
1715671327.218869,2669185.000,44041,1,T1,1,100,37.425
1715671327.348856,2669309.000,44058,1,T1,1,100,37.290
1715671327.483037,2669437.000,44092,1,T1,1,100,37.338
1715671327.615120,2669563.000,44113,1,T1,1,100,37.288
1715671327.749300,2669691.000,44130,1,T1,1,100,37.302
1715671327.884528,2669820.000,44147,1,T1,1,100,37.308
1715671328.018708,2669948.000,44178,1,T1,1,100,37.311
1715671328.152889,2670076.000,44196,1,T1,1,100,37.276
1715671328.284972,2670202.000,44220,1,T1,1,100,37.297
1715671328.416007,2670327.000,44238,1,T1,1,100,37.199
1715671328.547043,2670452.000,44256,1,T1,1,100,37.193
1715671328.679126,2670578.000,44273,1,T1,1,100,37.332
1715671328.813306,2670706.000,44290,1,T1,1,100,37.285
1715671328.947486,2670834.000,44307,1,T1,1,100,37.265
1715671329.080618,2670961.000,44326,1,T1,1,100,37.292
1715671329.215847,2671090.000,44358,1,T1,1,100,37.268
1715671329.346882,2671215.000,44375,1,T1,1,100,37.293
1715671329.480013,2671342.000,44392,1,T1,1,100,37.340
1715671329.612097,2671468.000,44428,1,T1,1,100,37.324
1715671329.743132,2671593.000,44446,1,T1,1,100,37.211
1715671329.876264,2671720.000,44462,1,T1,1,100,37.269
1715671330.012541,2671850.000,44479,1,T1,1,100,37.329
1715671330.145672,2671977.000,44511,1,T1,1,100,37.391
1715671330.278804,2672104.000,44530,1,T1,1,100,37.417
1715671330.412984,2672232.000,44547,1,T1,1,100,37.393
1715671330.545068,2672358.000,44564,1,T1,1,100,37.418
1715671330.675055,2672482.000,44600,1,T1,1,100,37.287
1715671330.808187,2672609.000,44618,1,T1,1,100,37.337
1715671330.940270,2672735.000,44634,1,T1,1,100,37.359
1715671331.074450,2672863.000,44651,1,T1,1,100,37.332
1715671331.209678,2672992.000,44668,1,T1,1,100,37.357
1715671331.343858,2673120.000,44699,1,T1,1,100,37.402
1715671331.478039,2673248.000,44720,1,T1,1,100,37.351
1715671331.610122,2673374.000,44736,1,T1,1,100,37.258
1715671331.742206,2673500.000,44770,1,T1,1,100,37.360
1715671331.873241,2673625.000,44787,1,T1,1,100,37.298
1715671332.005324,2673751.000,44806,1,T1,1,100,37.306
1715671332.139504,2673879.000,44824,1,T1,1,100,37.345
1715671332.273685,2674007.000,44855,1,T1,1,100,37.327
1715671332.406816,2674134.000,44872,1,T1,1,100,37.283
1715671332.542045,2674263.000,44891,1,T1,1,100,37.300
1715671332.674128,2674389.000,44909,1,T1,1,100,37.342
1715671332.807260,2674516.000,44930,1,T1,1,100,37.325
1715671332.939343,2674642.000,44961,1,T1,1,100,37.354
1715671333.070379,2674767.000,44977,1,T1,1,100,37.366
1715671333.202462,2674893.000,44995,1,T1,1,100,37.442
1715671333.338739,2675023.000,45011,1,T1,1,100,37.368
1715671333.471871,2675150.000,45046,1,T1,1,100,37.301
1715671333.605527,2675277.500,45070,2,T1,1,100,37.308
1715671333.739182,2675405.000,45070,2,T1,1,100,37.381
1715671333.871266,2675531.000,45087,1,T1,1,100,37.342
1715671334.001253,2675655.000,45118,1,T1,1,100,37.254
1715671334.133337,2675781.000,45139,1,T1,1,100,37.181
1715671334.265420,2675907.000,45155,1,T1,1,100,37.327
1715671334.399600,2676035.000,45172,1,T1,1,100,37.319
1715671334.534828,2676164.000,45204,1,T1,1,100,37.386
1715671334.669008,2676292.000,45225,1,T1,1,100,37.309
1715671334.803189,2676420.000,45243,1,T1,1,100,37.346
1715671334.935272,2676546.000,45259,1,T1,1,100,37.292
1715671335.068404,2676673.000,45291,1,T1,1,100,37.304
1715671335.199439,2676798.000,45308,1,T1,1,100,37.309
1715671335.331523,2676924.000,45327,1,T1,1,100,37.204
1715671335.465703,2677052.000,45345,1,T1,1,100,37.372
1715671335.599883,2677180.000,45361,1,T1,1,100,37.409
1715671335.733015,2677307.000,45380,1,T1,1,100,37.319
1715671335.868243,2677436.000,45415,1,T1,1,100,37.209
1715671336.001375,2677563.000,45431,1,T1,1,100,37.303
1715671336.134506,2677690.000,45449,1,T1,1,100,37.415
1715671336.266590,2677816.000,45465,1,T1,1,100,37.428
1715671336.396577,2677940.000,45497,1,T1,1,100,37.398
1715671336.528661,2678066.000,45514,1,T1,1,100,37.385
1715671336.664937,2678196.000,45532,1,T1,1,100,37.344
1715671336.797021,2678322.000,45552,1,T1,1,100,37.255
1715671336.931201,2678450.000,45584,1,T1,1,100,37.359
1715671337.065381,2678578.000,45600,1,T1,1,100,37.332
1715671337.197464,2678704.000,45621,1,T1,1,100,37.286
1715671337.328500,2678829.000,45637,1,T1,1,100,37.336
1715671337.460583,2678955.000,45671,1,T1,1,100,37.252
1715671337.592666,2679081.000,45688,1,T1,1,100,37.251
1715671337.726846,2679209.000,45706,1,T1,1,100,37.286
1715671337.862075,2679338.000,45724,1,T1,1,100,37.372
1715671337.996255,2679466.000,45758,1,T1,1,100,37.303
1715671338.130435,2679594.000,45775,1,T1,1,100,37.415
1715671338.263567,2679721.000,45792,1,T1,1,100,37.321
1715671338.396699,2679848.000,45808,1,T1,1,100,37.352
1715671338.527734,2679973.000,45843,1,T1,1,100,37.365
1715671338.659817,2680099.000,45862,1,T1,1,100,37.371
1715671338.792949,2680226.000,45879,1,T1,1,100,37.373
1715671338.927129,2680354.000,45896,1,T1,1,100,37.303
1715671339.060261,2680481.000,45917,1,T1,1,100,37.273
1715671339.195489,2680610.000,45935,1,T1,1,100,37.260
1715671339.328621,2680737.000,45954,1,T1,1,100,37.254
1715671339.461753,2680864.000,45986,1,T1,1,100,37.252
1715671339.593837,2680990.000,46005,1,T1,1,100,37.322
1715671339.723824,2681114.000,46021,1,T1,1,100,37.246
1715671339.855907,2681240.000,46042,1,T1,1,100,37.177
1715671339.992184,2681370.000,46058,1,T1,1,100,37.289
1715671340.124267,2681496.000,46090,1,T1,1,100,37.267
1715671340.258447,2681624.000,46107,1,T1,1,100,37.257
1715671340.392627,2681752.000,46123,1,T1,1,100,37.253
1715671340.524711,2681878.000,46144,1,T1,1,100,37.322
1715671340.656794,2682004.000,46177,1,T1,1,100,37.352
1715671340.788878,2682130.000,46194,1,T1,1,100,37.330
1715671340.920961,2682256.000,46211,1,T1,1,100,37.391
1715671341.055141,2682384.000,46230,1,T1,1,100,37.346
1715671341.189322,2682512.000,46262,1,T1,1,100,37.327
1715671341.323502,2682640.000,46279,1,T1,1,100,37.283
1715671341.457682,2682768.000,46296,1,T1,1,100,37.264
1715671341.591862,2682896.000,46313,1,T1,1,100,37.292
1715671341.724993,2683023.000,46347,1,T1,1,100,37.339
1715671341.856029,2683148.000,46366,1,T1,1,100,37.288
1715671341.988112,2683274.000,46383,1,T1,1,100,37.267
1715671342.120196,2683400.000,46400,1,T1,1,100,37.257
1715671342.254376,2683528.000,46431,1,T1,1,100,37.289
1715671342.387508,2683655.000,46451,1,T1,1,100,37.196
1715671342.522736,2683784.000,46470,1,T1,1,100,37.262
1715671342.655868,2683911.000,46489,1,T1,1,100,37.397
1715671342.789000,2684038.000,46521,1,T1,1,100,37.385
1715671342.922131,2684165.000,46537,1,T1,1,100,37.379
1715671343.052118,2684289.000,46554,1,T1,1,100,37.306
1715671343.184202,2684415.000,46574,1,T1,1,100,37.381
1715671343.320478,2684545.000,46605,1,T1,1,100,37.377
1715671343.452562,2684671.000,46623,1,T1,1,100,37.376
1715671343.586742,2684799.000,46639,1,T1,1,100,37.340
1715671343.720922,2684927.000,46673,1,T1,1,100,37.360
1715671343.854054,2685054.000,46693,1,T1,1,100,37.333
1715671343.987186,2685181.000,46709,1,T1,1,100,37.286
1715671344.119269,2685307.000,46727,1,T1,1,100,37.336
1715671344.251353,2685433.000,46743,1,T1,1,100,37.323
1715671344.384485,2685560.000,46764,1,T1,1,100,37.317
1715671344.518665,2685688.000,46785,2,T1,1,100,37.350
1715671344.652845,2685816.000,46785,2,T1,1,100,37.258
1715671344.787025,2685944.000,46822,2,T1,1,100,37.289
1715671344.921205,2686072.000,46822,2,T1,1,100,37.302
1715671345.053288,2686198.000,46839,2,T1,1,100,37.344
1715671345.185372,2686324.000,46839,2,T1,1,100,37.290
1715671345.316407,2686449.000,46871,1,T1,1,100,37.338
1715671345.448490,2686575.000,46889,1,T1,1,100,37.395
1715671345.582671,2686703.000,46907,1,T1,1,100,37.383
1715671345.715802,2686830.000,46927,1,T1,1,100,37.308
1715671345.851031,2686959.000,46944,1,T1,1,100,37.275
1715671345.984163,2687086.000,46975,1,T1,1,100,37.296
1715671346.117294,2687213.000,46993,1,T1,1,100,37.270
1715671346.251474,2687341.000,47012,1,T1,1,100,37.294
1715671346.381461,2687465.000,47029,1,T1,1,100,37.305
1715671346.513545,2687591.000,47061,1,T1,1,100,37.274
1715671346.649822,2687721.000,47079,1,T1,1,100,37.367
1715671346.781905,2687847.000,47097,1,T1,1,100,37.371
1715671346.916085,2687975.000,47113,1,T1,1,100,37.338
1715671347.050265,2688103.000,47130,1,T1,1,100,37.288
1715671347.183397,2688230.000,47165,1,T1,1,100,37.373
1715671347.316529,2688357.000,47181,1,T1,1,100,37.374
1715671347.448612,2688483.000,47199,1,T1,1,100,37.233
1715671347.580696,2688609.000,47217,1,T1,1,100,37.278
1715671347.711731,2688734.000,47236,1,T1,1,100,37.368
1715671347.845911,2688862.000,47268,1,T1,1,100,37.337
1715671347.980091,2688990.000,47284,1,T1,1,100,37.288
1715671348.114271,2689118.000,47302,1,T1,1,100,37.337
1715671348.248451,2689246.000,47318,1,T1,1,100,37.323
1715671348.381583,2689373.000,47353,1,T1,1,100,37.353
1715671348.512618,2689498.000,47370,1,T1,1,100,37.401
1715671348.644702,2689624.000,47388,1,T1,1,100,37.386
1715671348.776785,2689750.000,47405,1,T1,1,100,37.451
1715671348.910441,2689877.500,47440,2,T1,1,100,37.443
1715671349.044097,2690005.000,47440,2,T1,1,100,37.369
1715671349.179326,2690134.000,47457,1,T1,1,100,37.302
1715671349.312457,2690261.000,47488,1,T1,1,100,37.379
1715671349.445589,2690388.000,47506,1,T1,1,100,37.377
1715671349.580817,2690517.000,47525,1,T1,1,100,37.447
1715671349.712377,2690642.500,47550,2,T1,1,100,37.406
1715671349.843936,2690768.000,47550,2,T1,1,100,37.353
1715671349.980213,2690898.000,47567,1,T1,1,100,37.330
1715671350.111248,2691023.000,47603,1,T1,1,100,37.285
1715671350.245428,2691151.000,47619,1,T1,1,100,37.194
1715671350.379608,2691279.000,47636,1,T1,1,100,37.297
1715671350.512740,2691406.000,47668,1,T1,1,100,37.341
1715671350.645872,2691533.000,47686,1,T1,1,100,37.538
1715671350.777955,2691659.000,47704,1,T1,1,100,37.410
1715671350.910039,2691785.000,47723,1,T1,1,100,37.319
1715671351.041074,2691910.000,47740,1,T1,1,100,37.315
1715671351.175254,2692038.000,47757,1,T1,1,100,37.456
1715671351.309434,2692166.000,47774,1,T1,1,100,37.374
1715671351.443614,2692294.000,47809,1,T1,1,100,37.375
1715671351.577794,2692422.000,47825,1,T1,1,100,37.339
1715671351.710926,2692549.000,47844,1,T1,1,100,37.324
1715671351.843010,2692675.000,47861,1,T1,1,100,37.353
1715671351.975093,2692801.000,47892,1,T1,1,100,37.330
1715671352.107177,2692927.000,47913,1,T1,1,100,37.249
1715671352.241357,2693055.000,47929,1,T1,1,100,37.321
1715671352.374489,2693182.000,47946,1,T1,1,100,37.316
1715671352.509717,2693311.000,47980,1,T1,1,100,37.243
1715671352.642849,2693438.000,47999,1,T1,1,100,37.247
1715671352.777029,2693566.000,48019,1,T1,1,100,37.355
1715671352.912257,2693695.000,48035,1,T1,1,100,37.402
1715671353.043292,2693820.000,48052,1,T1,1,100,37.387
1715671353.175376,2693946.000,48069,1,T1,1,100,37.380
1715671353.310604,2694075.000,48103,1,T1,1,100,37.342
1715671353.441639,2694200.000,48121,1,T1,1,100,37.290
1715671353.575819,2694328.000,48137,1,T1,1,100,37.409
1715671353.710000,2694456.000,48156,1,T1,1,100,37.425
1715671353.843131,2694583.000,48173,1,T1,1,100,37.432
1715671353.976263,2694710.000,48207,1,T1,1,100,37.506
1715671354.108347,2694836.000,48225,1,T1,1,100,37.290
1715671354.240430,2694962.000,48241,1,T1,1,100,37.338
1715671354.371465,2695087.000,48258,1,T1,1,100,37.324
1715671354.505646,2695215.000,48275,1,T1,1,100,37.353
1715671354.639826,2695343.000,48311,1,T1,1,100,37.365
1715671354.774006,2695471.000,48329,1,T1,1,100,37.406
1715671354.908186,2695599.000,48345,1,T1,1,100,37.389
1715671355.040968,2695725.667,48386,3,T1,1,100,37.416
1715671355.173750,2695852.333,48386,3,T1,1,100,37.322
1715671355.306533,2695979.000,48386,3,T1,1,100,37.281
1715671355.438616,2696105.000,48403,1,T1,1,100,37.299
1715671355.572796,2696233.000,48420,1,T1,1,100,37.342
1715671355.703832,2696358.000,48438,1,T1,1,100,37.396
1715671355.839060,2696487.000,48456,1,T1,1,100,37.455
1715671355.972192,2696614.000,48472,1,T1,1,100,37.410
1715671356.106372,2696742.000,48504,1,T1,1,100,37.319
1715671356.241600,2696871.000,48524,1,T1,1,100,37.351
1715671356.371587,2696995.000,48540,1,T1,1,100,37.294
1715671356.503671,2697121.000,48561,1,T1,1,100,37.269
1715671356.636802,2697248.000,48577,1,T1,1,100,37.258
1715671356.767838,2697373.000,48596,1,T1,1,100,37.289
1715671356.902018,2697501.000,48628,1,T1,1,100,37.373
1715671357.036198,2697629.000,48644,1,T1,1,100,37.339
1715671357.169330,2697756.000,48665,1,T1,1,100,37.288
1715671357.302461,2697883.000,48681,1,T1,1,100,37.302
1715671357.434545,2698009.000,48699,1,T1,1,100,37.308
1715671357.567677,2698136.000,48717,1,T1,1,100,37.417
1715671357.698712,2698261.000,48737,1,T1,1,100,37.429
1715671357.832892,2698389.000,48756,1,T1,1,100,37.469
1715671357.967072,2698517.000,48787,1,T1,1,100,37.522
1715671358.101252,2698645.000,48805,1,T1,1,100,37.545
1715671358.235432,2698773.000,48821,1,T1,1,100,37.378
1715671358.368564,2698900.000,48838,1,T1,1,100,37.341
1715671358.502744,2699028.000,48873,1,T1,1,100,37.289
1715671358.634828,2699154.000,48889,1,T1,1,100,37.338
1715671358.766911,2699280.000,48907,1,T1,1,100,37.323
1715671358.900043,2699407.000,48925,1,T1,1,100,37.282
1715671359.031078,2699532.000,48957,1,T1,1,100,37.335
1715671359.165258,2699660.000,48978,3,T1,1,100,37.322
1715671359.299438,2699788.000,48978,3,T1,1,100,37.388
1715671359.433618,2699916.000,48978,3,T1,1,100,37.451
1715671359.567100,2700043.333,49001,3,T1,1,100,37.479
1715671359.700581,2700170.667,49001,3,T1,1,100,37.349
1715671359.834062,2700298.000,49001,3,T1,1,100,37.293
1715671359.965621,2700423.500,49019,2,T1,1,100,37.339
1715671360.097181,2700549.000,49019,2,T1,1,100,37.395
1715671360.230837,2700676.500,49035,2,T1,1,100,37.348
1715671360.364493,2700804.000,49035,2,T1,1,100,37.293
1715671360.498673,2700932.000,49056,1,T1,1,100,37.304
1715671360.631804,2701059.000,49078,1,T1,1,100,37.309
1715671360.764936,2701186.000,49095,1,T1,1,100,37.346
1715671360.898068,2701313.000,49114,1,T1,1,100,37.363
1715671361.029103,2701438.000,49134,1,T1,1,100,37.370
1715671361.163283,2701566.000,49151,1,T1,1,100,37.373
1715671361.296415,2701693.000,49167,1,T1,1,100,37.374
1715671361.430595,2701821.000,49199,1,T1,1,100,37.339
1715671361.564775,2701949.000,49216,1,T1,1,100,37.359
1715671361.697907,2702076.000,49235,1,T1,1,100,37.333
1715671361.832087,2702204.000,49253,1,T1,1,100,37.392
1715671361.964171,2702330.000,49286,1,T1,1,100,37.347
1715671362.096254,2702456.000,49303,1,T1,1,100,37.257
1715671362.228338,2702582.000,49320,1,T1,1,100,37.359
1715671362.359373,2702707.000,49339,1,T1,1,100,37.333
1715671362.494601,2702836.000,49373,1,T1,1,100,37.321
1715671362.627733,2702963.000,49390,1,T1,1,100,37.387
1715671362.761913,2703091.000,49407,1,T1,1,100,37.345
1715671362.897141,2703220.000,49426,1,T1,1,100,37.291
1715671363.027128,2703344.000,49461,1,T1,1,100,37.339
1715671363.160260,2703471.000,49477,1,T1,1,100,37.466
1715671363.293392,2703598.000,49494,1,T1,1,100,37.379
1715671363.424427,2703723.000,49511,1,T1,1,100,37.306
1715671363.558607,2703851.000,49542,1,T1,1,100,37.345
1715671363.692787,2703979.000,49562,1,T1,1,100,37.362
1715671363.825919,2704106.000,49579,1,T1,1,100,37.405
1715671363.960099,2704234.000,49598,1,T1,1,100,37.459
1715671364.094279,2704362.000,49630,1,T1,1,100,37.411
1715671364.227411,2704489.000,49646,1,T1,1,100,37.426
1715671364.358446,2704614.000,49663,1,T1,1,100,37.397
1715671364.492626,2704742.000,49680,1,T1,1,100,37.278
1715671364.624710,2704868.000,49711,1,T1,1,100,37.369
1715671364.758890,2704996.000,49729,1,T1,1,100,37.408
1715671364.893070,2705124.000,49745,1,T1,1,100,37.389
1715671365.026202,2705251.000,49767,1,T1,1,100,37.417
1715671365.160382,2705379.000,49799,1,T1,1,100,37.428
1715671365.292465,2705505.000,49815,1,T1,1,100,37.292
1715671365.424549,2705631.000,49833,1,T1,1,100,37.268
1715671365.556633,2705757.000,49852,1,T1,1,100,37.329
1715671365.687668,2705882.000,49884,1,T1,1,100,37.426
1715671365.822896,2706011.000,49901,1,T1,1,100,37.397
1715671365.956552,2706138.500,49926,2,T1,1,100,37.420
1715671366.090208,2706266.000,49926,2,T1,1,100,37.359
1715671366.225436,2706395.000,49945,1,T1,1,100,37.368
1715671366.355423,2706519.000,49962,1,T1,1,100,37.266
1715671366.489603,2706647.000,49994,1,T1,1,100,37.363
1715671366.622735,2706774.000,50010,1,T1,1,100,37.476
1715671366.753770,2706899.000,50031,1,T1,1,100,37.454
1715671366.886902,2707026.000,50047,1,T1,1,100,37.338
1715671367.021082,2707154.000,50081,1,T1,1,100,37.324
1715671367.154214,2707281.000,50098,1,T1,1,100,37.353
1715671367.288394,2707409.000,50114,1,T1,1,100,37.401
1715671367.423622,2707538.000,50132,1,T1,1,100,37.386
1715671367.556754,2707665.000,50168,1,T1,1,100,37.344
1715671367.687789,2707790.000,50184,1,T1,1,100,37.362
1715671367.820921,2707917.000,50202,1,T1,1,100,37.369
1715671367.953005,2708043.000,50218,1,T1,1,100,37.443
1715671368.087185,2708171.000,50252,1,T1,1,100,37.369
1715671368.221365,2708299.000,50269,1,T1,1,100,37.372
1715671368.354497,2708426.000,50285,1,T1,1,100,37.409
1715671368.488677,2708554.000,50303,1,T1,1,100,37.425
1715671368.620760,2708680.000,50334,1,T1,1,100,37.361
1715671368.752844,2708806.000,50357,1,T1,1,100,37.405
1715671368.884927,2708932.000,50374,1,T1,1,100,37.352
1715671369.015963,2709057.000,50392,1,T1,1,100,37.365
1715671369.151191,2709186.000,50410,1,T1,1,100,37.371
1715671369.284323,2709313.000,50444,1,T1,1,100,37.373
1715671369.418503,2709441.000,50461,1,T1,1,100,37.268
1715671369.553731,2709570.000,50478,1,T1,1,100,37.364
1715671369.685815,2709696.000,50494,1,T1,1,100,37.299
1715671369.819995,2709824.000,50512,1,T1,1,100,37.307
1715671369.953126,2709951.000,50543,1,T1,1,100,37.345
1715671370.084162,2710076.000,50565,1,T1,1,100,37.327
1715671370.216245,2710202.000,50582,1,T1,1,100,37.354
1715671370.350425,2710330.000,50598,1,T1,1,100,37.331
1715671370.483557,2710457.000,50630,1,T1,1,100,37.391
1715671370.617737,2710585.000,50647,1,T1,1,100,37.347
1715671370.752965,2710714.000,50667,1,T1,1,100,37.292
1715671370.886097,2710841.000,50684,1,T1,1,100,37.233
1715671371.017133,2710966.000,50716,1,T1,1,100,37.349
1715671371.149216,2711092.000,50734,1,T1,1,100,37.470
1715671371.281300,2711218.000,50751,1,T1,1,100,37.558
1715671371.415480,2711346.000,50775,1,T1,1,100,37.383
1715671371.549660,2711474.000,50791,1,T1,1,100,37.449
1715671371.682791,2711601.000,50809,1,T1,1,100,37.336
1715671371.816972,2711729.000,50825,1,T1,1,100,37.500
1715671371.949055,2711855.000,50842,1,T1,1,100,37.429
1715671372.082187,2711982.000,50860,1,T1,1,100,37.469
1715671372.214270,2712108.000,50892,1,T1,1,100,37.451
1715671372.345306,2712233.000,50909,1,T1,1,100,37.443
1715671372.480534,2712362.000,50928,1,T1,1,100,37.298
1715671372.613666,2712489.000,50948,1,T1,1,100,37.200
1715671372.747846,2712617.000,50980,1,T1,1,100,37.299
1715671372.883074,2712746.000,50996,1,T1,1,100,37.342
1715671373.014109,2712871.000,51015,1,T1,1,100,37.325
1715671373.148289,2712999.000,51035,1,T1,1,100,37.424
1715671373.281421,2713126.000,51066,1,T1,1,100,37.467
1715671373.412457,2713251.000,51084,1,T1,1,100,37.415
1715671373.544540,2713377.000,51100,1,T1,1,100,37.428
1715671373.678720,2713505.000,51117,1,T1,1,100,37.398
1715671373.811852,2713632.000,51136,1,T1,1,100,37.314
1715671373.946032,2713760.000,51170,1,T1,1,100,37.349
1715671374.080212,2713888.000,51188,1,T1,1,100,37.434
1715671374.213344,2714015.000,51204,1,T1,1,100,37.436
1715671374.344379,2714140.000,51221,1,T1,1,100,37.472
1715671374.476463,2714266.000,51256,1,T1,1,100,37.382
1715671374.608546,2714392.000,51272,1,T1,1,100,37.342
1715671374.742726,2714520.000,51292,1,T1,1,100,37.396
1715671374.876906,2714648.000,51308,1,T1,1,100,37.420
1715671375.010038,2714775.000,51340,1,T1,1,100,37.359
1715671375.144218,2714903.000,51357,1,T1,1,100,37.368
1715671375.276302,2715029.000,51376,1,T1,1,100,37.443
1715671375.410482,2715157.000,51393,1,T1,1,100,37.369
1715671375.542565,2715283.000,51427,1,T1,1,100,37.337
1715671375.673600,2715408.000,51447,1,T1,1,100,37.359
1715671375.807781,2715536.000,51464,1,T1,1,100,37.332
1715671375.940912,2715663.000,51480,1,T1,1,100,37.357
1715671376.075092,2715791.000,51498,1,T1,1,100,37.473
1715671376.210321,2715920.000,51531,1,T1,1,100,37.453
1715671376.341356,2716045.000,51547,1,T1,1,100,37.409
1715671376.475536,2716173.000,51565,1,T1,1,100,37.496
1715671376.608668,2716300.000,51584,1,T1,1,100,37.392
1715671376.739703,2716425.000,51622,2,T1,1,100,37.382
1715671376.870738,2716550.000,51622,2,T1,1,100,37.414
1715671377.004918,2716678.000,51641,1,T1,1,100,37.356
1715671377.138050,2716805.000,51659,1,T1,1,100,37.402
1715671377.272230,2716933.000,51675,1,T1,1,100,37.422
1715671377.406410,2717061.000,51711,1,T1,1,100,37.466
1715671377.539542,2717188.000,51728,1,T1,1,100,37.485
1715671377.671626,2717314.000,51746,2,T1,1,100,37.458
1715671377.803709,2717440.000,51746,2,T1,1,100,37.376
1715671377.935793,2717566.000,51765,1,T1,1,100,37.340
1715671378.069973,2717694.000,51783,1,T1,1,100,37.324
1715671378.204153,2717822.000,51799,1,T1,1,100,37.459
1715671378.337285,2717949.000,51831,1,T1,1,100,37.553
1715671378.471465,2718077.000,51848,1,T1,1,100,37.452
1715671378.604596,2718204.000,51866,1,T1,1,100,37.337
1715671378.738776,2718332.000,51887,1,T1,1,100,37.394
1715671378.870860,2718458.000,51918,1,T1,1,100,37.312
1715671379.001895,2718583.000,51937,1,T1,1,100,37.348
1715671379.135027,2718710.000,51955,1,T1,1,100,37.470
1715671379.268159,2718837.000,51971,1,T1,1,100,37.380
1715671379.402339,2718965.000,52003,1,T1,1,100,37.342
1715671379.537567,2719094.000,52025,1,T1,1,100,37.325
1715671379.668602,2719219.000,52042,1,T1,1,100,37.318
1715671379.802783,2719347.000,52059,1,T1,1,100,37.315
1715671379.935914,2719474.000,52075,1,T1,1,100,37.349
1715671380.065901,2719598.000,52093,1,T1,1,100,37.364
1715671380.196936,2719723.000,52109,1,T1,1,100,37.335
1715671380.331116,2719851.000,52144,1,T1,1,100,37.358
1715671380.464248,2719978.000,52161,1,T1,1,100,37.297
1715671380.598428,2720106.000,52179,1,T1,1,100,37.447
1715671380.732609,2720234.000,52197,1,T1,1,100,37.477
1715671380.865740,2720361.000,52213,1,T1,1,100,37.384
1715671380.998872,2720488.000,52248,1,T1,1,100,37.272
1715671381.132004,2720615.000,52265,1,T1,1,100,37.402
1715671381.264087,2720741.000,52281,1,T1,1,100,37.457
1715671381.397219,2720868.000,52298,1,T1,1,100,37.482
1715671381.531399,2720996.000,52333,1,T1,1,100,37.421
1715671381.664531,2721123.000,52349,1,T1,1,100,37.430
1715671381.798711,2721251.000,52369,1,T1,1,100,37.364
1715671381.931843,2721378.000,52385,1,T1,1,100,37.370
1715671382.066023,2721506.000,52403,1,T1,1,100,37.302
1715671382.198107,2721632.000,52428,1,T1,1,100,37.272
1715671382.329142,2721757.000,52445,1,T1,1,100,37.295
1715671382.460177,2721882.000,52464,1,T1,1,100,37.305
1715671382.593309,2722009.000,52480,1,T1,1,100,37.380
1715671382.727489,2722137.000,52498,1,T1,1,100,37.413
1715671382.862717,2722266.000,52516,1,T1,1,100,37.356
1715671382.993752,2722391.000,52551,1,T1,1,100,37.473
1715671383.127933,2722519.000,52568,1,T1,1,100,37.488
1715671383.261064,2722646.000,52584,1,T1,1,100,37.389
1715671383.392099,2722771.000,52602,1,T1,1,100,37.416
1715671383.523135,2722896.000,52621,1,T1,1,100,37.464
1715671383.657315,2723024.000,52653,1,T1,1,100,37.449
1715671383.790447,2723151.000,52670,1,T1,1,100,37.372
1715671383.924627,2723279.000,52688,1,T1,1,100,37.409
1715671384.058807,2723407.000,52706,1,T1,1,100,37.425
1715671384.191938,2723534.000,52725,1,T1,1,100,37.361
1715671384.326118,2723662.000,52757,1,T1,1,100,37.440
1715671384.459250,2723789.000,52774,1,T1,1,100,37.368
1715671384.591334,2723915.000,52790,1,T1,1,100,37.443
1715671384.723417,2724041.000,52811,1,T1,1,100,37.440
1715671384.857597,2724169.000,52827,1,T1,1,100,37.438
1715671384.990729,2724296.000,52861,1,T1,1,100,37.438
1715671385.124909,2724424.000,52878,1,T1,1,100,37.438
1715671385.258041,2724551.000,52894,1,T1,1,100,37.473
1715671385.392221,2724679.000,52912,1,T1,1,100,37.417
1715671385.524305,2724805.000,52946,1,T1,1,100,37.393
1715671385.655340,2724930.000,52962,1,T1,1,100,37.418
1715671385.786375,2725055.000,52980,1,T1,1,100,37.571
1715671385.919507,2725182.000,52998,1,T1,1,100,37.531
1715671386.053687,2725310.000,53016,1,T1,1,100,37.549
1715671386.188915,2725439.000,53032,1,T1,1,100,37.450
1715671386.320999,2725565.000,53064,1,T1,1,100,37.478
1715671386.455179,2725693.000,53081,1,T1,1,100,37.455
1715671386.589359,2725821.000,53097,1,T1,1,100,37.552
1715671386.720394,2725946.000,53115,1,T1,1,100,37.487
1715671386.851429,2726071.000,53149,1,T1,1,100,37.494
1715671386.985610,2726199.000,53167,1,T1,1,100,37.285
1715671387.117693,2726325.000,53185,1,T1,1,100,37.442
1715671387.251873,2726453.000,53201,1,T1,1,100,37.475
1715671387.386053,2726581.000,53238,1,T1,1,100,37.418
1715671387.519709,2726708.500,53258,2,T1,1,100,37.429
1715671387.653365,2726836.000,53258,2,T1,1,100,37.469
1715671387.786497,2726963.000,53275,1,T1,1,100,37.380
1715671387.918056,2727088.500,53310,2,T1,1,100,37.448
1715671388.049616,2727214.000,53310,2,T1,1,100,37.371
1715671388.183796,2727342.000,53329,1,T1,1,100,37.480
1715671388.316927,2727469.000,53345,1,T1,1,100,37.385
1715671388.451108,2727597.000,53377,1,T1,1,100,37.308
1715671388.584239,2727724.000,53397,1,T1,1,100,37.417
1715671388.718419,2727852.000,53414,1,T1,1,100,37.358
1715671388.850503,2727978.000,53445,1,T1,1,100,37.474
1715671388.982586,2728104.000,53463,1,T1,1,100,37.453
1715671389.113622,2728229.000,53481,1,T1,1,100,37.480
1715671389.246753,2728356.000,53501,1,T1,1,100,37.420
1715671389.380934,2728484.000,53518,1,T1,1,100,37.395
1715671389.516162,2728613.000,53549,1,T1,1,100,37.348
1715671389.647197,2728738.000,53566,1,T1,1,100,37.257
1715671389.781377,2728866.000,53583,1,T1,1,100,37.359
1715671389.916605,2728995.000,53603,1,T1,1,100,37.368
1715671390.047641,2729120.000,53620,1,T1,1,100,37.372
1715671390.178676,2729245.000,53637,1,T1,1,100,37.445
1715671390.312856,2729373.000,53655,1,T1,1,100,37.405
1715671390.444940,2729499.000,53687,1,T1,1,100,37.388
1715671390.579120,2729627.000,53707,1,T1,1,100,37.416
1715671390.713300,2729755.000,53724,1,T1,1,100,37.357
1715671390.845383,2729881.000,53741,1,T1,1,100,37.438
1715671390.980612,2730010.000,53773,1,T1,1,100,37.473
1715671391.113743,2730137.000,53792,1,T1,1,100,37.524
1715671391.245827,2730263.000,53809,1,T1,1,100,37.439
1715671391.376862,2730388.000,53828,1,T1,1,100,37.403
1715671391.511042,2730516.000,53845,1,T1,1,100,37.423
1715671391.644174,2730643.000,53877,1,T1,1,100,37.431
1715671391.778354,2730771.000,53893,1,T1,1,100,37.364
1715671391.911486,2730898.000,53913,1,T1,1,100,37.370
1715671392.044618,2731025.000,53931,3,T1,1,100,37.515
1715671392.177749,2731152.000,53931,3,T1,1,100,37.471
1715671392.310881,2731279.000,53931,3,T1,1,100,37.452
1715671392.444013,2731406.000,53957,3,T1,1,100,37.515
1715671392.577145,2731533.000,53957,3,T1,1,100,37.471
1715671392.710277,2731660.000,53957,3,T1,1,100,37.416
1715671392.844457,2731788.000,53980,3,T1,1,100,37.393
1715671392.978637,2731916.000,53980,3,T1,1,100,37.454
1715671393.112817,2732044.000,53980,3,T1,1,100,37.409
1715671393.242804,2732168.000,53999,1,T1,1,100,37.496
1715671393.373839,2732293.000,54017,1,T1,1,100,37.427
1715671393.504874,2732418.000,54035,1,T1,1,100,37.398
1715671393.639054,2732546.000,54052,1,T1,1,100,37.385
1715671393.771138,2732672.000,54072,1,T1,1,100,37.486
1715671393.905318,2732800.000,54089,1,T1,1,100,37.423
1715671394.039498,2732928.000,54121,1,T1,1,100,37.396
1715671394.171582,2733054.000,54137,1,T1,1,100,37.455
1715671394.306810,2733183.000,54154,1,T1,1,100,37.410
1715671394.439942,2733310.000,54171,1,T1,1,100,37.461
1715671394.572025,2733436.000,54207,1,T1,1,100,37.519
1715671394.703060,2733561.000,54225,1,T1,1,100,37.402
1715671394.837240,2733689.000,54241,1,T1,1,100,37.387
1715671394.970372,2733816.000,54258,1,T1,1,100,37.345
1715671395.104552,2733944.000,54277,1,T1,1,100,37.433
1715671395.237684,2734071.000,54308,1,T1,1,100,37.400
1715671395.371864,2734199.000,54326,1,T1,1,100,37.350
1715671395.503948,2734325.000,54342,1,T1,1,100,37.364
1715671395.636031,2734451.000,54361,1,T1,1,100,37.441
1715671395.767066,2734576.000,54396,1,T1,1,100,37.439
1715671395.900198,2734703.000,54412,1,T1,1,100,37.474
1715671396.034378,2734831.000,54430,1,T1,1,100,37.418
1715671396.169607,2734960.000,54446,1,T1,1,100,37.429
1715671396.300642,2735085.000,54481,1,T1,1,100,37.434
1715671396.434822,2735213.000,54498,1,T1,1,100,37.436
1715671396.571099,2735343.000,54514,1,T1,1,100,37.401
1715671396.702134,2735468.000,54531,1,T1,1,100,37.457
1715671396.833169,2735593.000,54565,1,T1,1,100,37.304
1715671396.966301,2735720.000,54585,1,T1,1,100,37.380
1715671397.098384,2735846.000,54602,1,T1,1,100,37.342
1715671397.232564,2735974.000,54618,1,T1,1,100,37.467
1715671397.366745,2736102.000,54652,1,T1,1,100,37.450
1715671397.498828,2736228.000,54672,1,T1,1,100,37.408
1715671397.634056,2736357.000,54688,1,T1,1,100,37.460
1715671397.767188,2736484.000,54708,1,T1,1,100,37.412
1715671397.899272,2736610.000,54739,1,T1,1,100,37.462
1715671398.029259,2736734.000,54756,1,T1,1,100,37.377
1715671398.163439,2736862.000,54773,1,T1,1,100,37.376
1715671398.296571,2736989.000,54789,1,T1,1,100,37.482
1715671398.430751,2737117.000,54815,1,T1,1,100,37.457
1715671398.563882,2737244.000,54831,1,T1,1,100,37.375
1715671398.698062,2737372.000,54849,1,T1,1,100,37.339
1715671398.831194,2737499.000,54870,1,T1,1,100,37.466
1715671398.964326,2737626.000,54887,1,T1,1,100,37.379
1715671399.095361,2737751.000,54904,1,T1,1,100,37.448
1715671399.228493,2737878.000,54935,1,T1,1,100,37.477
1715671399.361625,2738005.000,54953,1,T1,1,100,37.384
1715671399.496853,2738134.000,54969,1,T1,1,100,37.379
1715671399.627888,2738259.000,54989,1,T1,1,100,37.412
1715671399.762069,2738387.000,55021,1,T1,1,100,37.427
1715671399.898345,2738517.000,55037,1,T1,1,100,37.433
1715671400.029380,2738642.000,55057,1,T1,1,100,37.435
1715671400.160416,2738767.000,55091,1,T1,1,100,37.472
1715671400.291451,2738892.000,55108,1,T1,1,100,37.488
1715671400.423534,2739018.000,55125,1,T1,1,100,37.424
1715671400.557714,2739146.000,55141,1,T1,1,100,37.396
1715671400.691895,2739274.000,55158,1,T1,1,100,37.349
1715671400.823978,2739400.000,55190,1,T1,1,100,37.470
1715671400.959206,2739529.000,55209,1,T1,1,100,37.416
1715671401.092338,2739656.000,55229,1,T1,1,100,37.357
1715671401.225470,2739783.000,55245,1,T1,1,100,37.403
1715671401.355457,2739907.000,55280,1,T1,1,100,37.458
1715671401.489637,2740035.000,55297,1,T1,1,100,37.482
1715671401.622769,2740162.000,55313,1,T1,1,100,37.421
1715671401.756949,2740290.000,55331,1,T1,1,100,37.430
1715671401.890081,2740417.000,55362,1,T1,1,100,37.470
1715671402.024261,2740545.000,55381,1,T1,1,100,37.452
1715671402.158441,2740673.000,55401,1,T1,1,100,37.373
1715671402.291573,2740800.000,55417,1,T1,1,100,37.339
1715671402.422608,2740925.000,55451,1,T1,1,100,37.430
1715671402.554691,2741051.000,55468,1,T1,1,100,37.470
1715671402.687823,2741178.000,55485,1,T1,1,100,37.416
1715671402.823051,2741307.000,55502,1,T1,1,100,37.499
1715671402.955135,2741433.000,55534,1,T1,1,100,37.429
1715671403.089315,2741561.000,55550,1,T1,1,100,37.398
1715671403.225592,2741691.000,55569,1,T1,1,100,37.421
1715671403.356627,2741816.000,55586,1,T1,1,100,37.430
1715671403.487662,2741941.000,55617,1,T1,1,100,37.363
1715671403.618697,2742066.000,55634,1,T1,1,100,37.299
1715671403.751829,2742193.000,55660,2,T1,1,100,37.307
1715671403.884961,2742320.000,55660,2,T1,1,100,37.345
1715671404.019141,2742448.000,55678,1,T1,1,100,37.398
1715671404.151224,2742574.000,55699,1,T1,1,100,37.385
1715671404.286453,2742703.000,55715,1,T1,1,100,37.450
1715671404.419585,2742830.000,55733,1,T1,1,100,37.514
1715671404.553765,2742958.000,55764,1,T1,1,100,37.471
1715671404.683752,2743082.000,55784,1,T1,1,100,37.452
1715671404.817932,2743210.000,55801,1,T1,1,100,37.479
1715671404.950015,2743336.000,55817,1,T1,1,100,37.420
1715671405.084195,2743464.000,55849,1,T1,1,100,37.536
1715671405.217327,2743591.000,55868,1,T1,1,100,37.587
1715671405.351507,2743719.000,55888,1,T1,1,100,37.467
1715671405.485687,2743847.000,55905,1,T1,1,100,37.415
1715671405.618819,2743974.000,55937,1,T1,1,100,37.428
1715671405.749854,2744099.000,55953,1,T1,1,100,37.575
1715671405.880889,2744224.000,55970,1,T1,1,100,37.497
1715671406.014021,2744351.000,55990,1,T1,1,100,37.392
1715671406.149250,2744480.000,56021,1,T1,1,100,37.489
1715671406.280285,2744605.000,56040,1,T1,1,100,37.566
1715671406.414465,2744733.000,56057,1,T1,1,100,37.387
1715671406.550742,2744863.000,56074,1,T1,1,100,37.380
1715671406.681777,2744988.000,56109,1,T1,1,100,37.342
1715671406.813860,2745114.000,56125,1,T1,1,100,37.325
1715671406.944896,2745239.000,56142,1,T1,1,100,37.424
1715671407.076979,2745365.000,56159,1,T1,1,100,37.432
1715671407.211159,2745493.000,56190,1,T1,1,100,37.470
1715671407.345339,2745621.000,56211,1,T1,1,100,37.452
1715671407.477423,2745747.000,56231,1,T1,1,100,37.479
1715671407.612651,2745876.000,56248,1,T1,1,100,37.420
1715671407.746831,2746004.000,56280,1,T1,1,100,37.359
1715671407.881011,2746132.000,56299,1,T1,1,100,37.545
1715671408.010998,2746256.000,56317,1,T1,1,100,37.484
1715671408.145178,2746384.000,56333,1,T1,1,100,37.422
1715671408.276213,2746509.000,56365,1,T1,1,100,37.431
1715671408.410393,2746637.000,56382,1,T1,1,100,37.435
1715671408.543525,2746764.000,56400,1,T1,1,100,37.472
1715671408.677705,2746892.000,56435,1,T1,1,100,37.417
1715671408.811885,2747020.000,56452,1,T1,1,100,37.499
1715671408.945017,2747147.000,56468,1,T1,1,100,37.535
1715671409.076052,2747272.000,56486,1,T1,1,100,37.444
1715671409.206039,2747396.000,56509,1,T1,1,100,37.405
1715671409.339171,2747523.000,56526,1,T1,1,100,37.494
1715671409.474400,2747652.000,56545,1,T1,1,100,37.391
1715671409.605435,2747777.000,56562,1,T1,1,100,37.276
1715671409.739615,2747905.000,56579,1,T1,1,100,37.332
1715671409.875891,2748035.000,56598,1,T1,1,100,37.356
1715671410.006927,2748160.000,56630,1,T1,1,100,37.367
1715671410.140059,2748287.000,56647,1,T1,1,100,37.478
1715671410.271094,2748412.000,56663,1,T1,1,100,37.490
1715671410.403177,2748538.000,56681,1,T1,1,100,37.496
1715671410.537357,2748666.000,56703,1,T1,1,100,37.427
1715671410.671537,2748794.000,56720,1,T1,1,100,37.398
1715671410.803621,2748920.000,56737,1,T1,1,100,37.456
1715671410.938849,2749049.000,56753,1,T1,1,100,37.410
1715671411.074078,2749178.000,56771,1,T1,1,100,37.461
1715671411.208258,2749306.000,56805,1,T1,1,100,37.519
1715671411.338245,2749430.000,56822,1,T1,1,100,37.437
1715671411.471376,2749557.000,56839,1,T1,1,100,37.508
1715671411.602412,2749682.000,56855,1,T1,1,100,37.504
1715671411.736592,2749810.000,56892,1,T1,1,100,37.502
1715671411.869724,2749937.000,56909,1,T1,1,100,37.501
1715671412.003904,2750065.000,56926,1,T1,1,100,37.465
1715671412.138084,2750193.000,56943,1,T1,1,100,37.449
1715671412.271215,2750320.000,56975,1,T1,1,100,37.443
1715671412.403299,2750446.000,56996,1,T1,1,100,37.404
1715671412.533286,2750570.000,57013,1,T1,1,100,37.494
1715671412.666418,2750697.000,57030,1,T1,1,100,37.391
1715671412.801646,2750826.000,57049,1,T1,1,100,37.311
1715671412.932681,2750951.000,57081,1,T1,1,100,37.418
1715671413.066861,2751079.000,57097,1,T1,1,100,37.394
1715671413.203138,2751209.000,57114,1,T1,1,100,37.383
1715671413.334173,2751334.000,57146,1,T1,1,100,37.272
1715671413.468353,2751462.000,57162,1,T1,1,100,37.437
1715671413.599389,2751587.000,57179,1,T1,1,100,37.473
1715671413.731472,2751713.000,57201,1,T1,1,100,37.488
1715671413.864604,2751840.000,57218,1,T1,1,100,37.353
1715671413.998784,2751968.000,57250,1,T1,1,100,37.330
1715671414.130867,2752094.000,57266,1,T1,1,100,37.356
1715671414.266096,2752223.000,57286,1,T1,1,100,37.402
1715671414.401324,2752352.000,57318,1,T1,1,100,37.387
1715671414.533408,2752478.000,57340,2,T1,1,100,37.522
1715671414.665491,2752604.000,57340,2,T1,1,100,37.509
1715671414.797575,2752730.000,57359,1,T1,1,100,37.433
1715671414.928610,2752855.000,57378,1,T1,1,100,37.507
1715671415.062790,2752983.000,57410,1,T1,1,100,37.609
1715671415.195922,2753110.000,57427,1,T1,1,100,37.476
1715671415.330102,2753238.000,57444,1,T1,1,100,37.454
1715671415.464282,2753366.000,57464,1,T1,1,100,37.374
1715671415.597414,2753493.000,57480,1,T1,1,100,37.445
1715671415.730546,2753620.000,57512,1,T1,1,100,37.512
1715671415.860533,2753744.000,57531,1,T1,1,100,37.399
1715671415.993664,2753871.000,57548,1,T1,1,100,37.421
1715671416.128893,2754000.000,57565,1,T1,1,100,37.395
1715671416.260976,2754126.000,57600,1,T1,1,100,37.313
1715671416.395156,2754254.000,57616,1,T1,1,100,37.313
1715671416.531433,2754384.000,57633,1,T1,1,100,37.419
1715671416.663516,2754510.000,57650,1,T1,1,100,37.359
1715671416.797696,2754638.000,57684,1,T1,1,100,37.439
1715671416.928732,2754763.000,57703,1,T1,1,100,37.438
1715671417.060815,2754889.000,57720,1,T1,1,100,37.367
1715671417.192899,2755015.000,57737,1,T1,1,100,37.371
1715671417.327079,2755143.000,57771,1,T1,1,100,37.373
1715671417.459162,2755269.000,57787,1,T1,1,100,37.445
1715671417.594391,2755398.000,57807,1,T1,1,100,37.370
1715671417.729619,2755527.000,57824,1,T1,1,100,37.337
1715671417.863799,2755655.000,57857,1,T1,1,100,37.323
1715671417.993786,2755779.000,57875,1,T1,1,100,37.459
1715671418.125870,2755905.000,57894,1,T1,1,100,37.447
1715671418.256905,2756030.000,57911,1,T1,1,100,37.477
1715671418.391085,2756158.000,57943,1,T1,1,100,37.455
1715671418.524217,2756285.000,57959,1,T1,1,100,37.409
1715671418.658397,2756413.000,57977,1,T1,1,100,37.461
1715671418.792577,2756541.000,57996,1,T1,1,100,37.448
1715671418.925709,2756668.000,58013,1,T1,1,100,37.442
1715671419.059889,2756796.000,58047,1,T1,1,100,37.404
1715671419.189876,2756920.000,58063,1,T1,1,100,37.388
1715671419.323007,2757047.000,58081,1,T1,1,100,37.416
1715671419.458236,2757176.000,58100,1,T1,1,100,37.570
1715671419.589271,2757301.000,58117,1,T1,1,100,37.566
1715671419.723451,2757429.000,58149,1,T1,1,100,37.528
1715671419.859728,2757559.000,58165,1,T1,1,100,37.441
1715671419.991811,2757685.000,58190,1,T1,1,100,37.439
1715671420.125991,2757813.000,58209,1,T1,1,100,37.438
1715671420.257026,2757938.000,58227,1,T1,1,100,37.402
1715671420.389110,2758064.000,58243,1,T1,1,100,37.422
1715671420.521194,2758190.000,58260,1,T1,1,100,37.431
1715671420.655374,2758318.000,58276,1,T1,1,100,37.399
1715671420.787457,2758444.000,58311,1,T1,1,100,37.421
1715671420.922685,2758573.000,58328,1,T1,1,100,37.395
1715671421.057914,2758702.000,58347,1,T1,1,100,37.490
1715671421.192094,2758830.000,58378,1,T1,1,100,37.496
1715671421.322081,2758954.000,58396,1,T1,1,100,37.498
1715671421.454164,2759080.000,58415,1,T1,1,100,37.428
1715671421.585200,2759205.000,58432,1,T1,1,100,37.469
1715671421.719380,2759333.000,58464,1,T1,1,100,37.451
1715671421.852511,2759460.000,58480,1,T1,1,100,37.479
1715671421.986691,2759588.000,58498,1,T1,1,100,37.491
1715671422.120872,2759716.000,58516,1,T1,1,100,37.496
1715671422.254003,2759843.000,58548,1,T1,1,100,37.392
1715671422.388183,2759971.000,58567,1,T1,1,100,37.418
1715671422.518170,2760095.000,58583,1,T1,1,100,37.464
1715671422.651302,2760222.000,58604,1,T1,1,100,37.485
1715671422.785482,2760350.000,58623,1,T1,1,100,37.458
1715671422.917566,2760476.000,58655,1,T1,1,100,37.482
1715671423.051746,2760604.000,58674,1,T1,1,100,37.492
1715671423.188022,2760734.000,58690,1,T1,1,100,37.497
1715671423.320106,2760860.000,58707,1,T1,1,100,37.392
1715671423.454286,2760988.000,58742,1,T1,1,100,37.418
1715671423.585321,2761113.000,58759,1,T1,1,100,37.394
1715671423.716357,2761238.000,58776,1,T1,1,100,37.383
1715671423.848440,2761364.000,58792,1,T1,1,100,37.378
1715671423.982620,2761492.000,58829,1,T1,1,100,37.483
1715671424.114704,2761618.000,58846,1,T1,1,100,37.457
1715671424.249932,2761747.000,58862,1,T1,1,100,37.411
1715671424.385160,2761876.000,58880,1,T1,1,100,37.497
1715671424.518292,2762003.000,58914,1,T1,1,100,37.463
1715671424.650376,2762129.000,58931,1,T1,1,100,37.520
1715671424.782459,2762255.000,58948,1,T1,1,100,37.438
1715671424.913494,2762380.000,58964,1,T1,1,100,37.438
1715671425.047674,2762508.000,58996,1,T1,1,100,37.402
1715671425.180806,2762635.000,59015,1,T1,1,100,37.422
1715671425.314986,2762763.000,59039,2,T1,1,100,37.466
1715671425.449166,2762891.000,59039,2,T1,1,100,37.450
1715671425.582298,2763018.000,59072,1,T1,1,100,37.478
1715671425.717526,2763147.000,59088,1,T1,1,100,37.455
1715671425.847513,2763271.000,59105,1,T1,1,100,37.445
1715671425.980645,2763398.000,59125,1,T1,1,100,37.512
1715671426.114825,2763526.000,59156,1,T1,1,100,37.505
1715671426.246909,2763652.000,59176,1,T1,1,100,37.502
1715671426.381089,2763780.000,59192,1,T1,1,100,37.395
1715671426.517365,2763910.000,59212,1,T1,1,100,37.313
1715671426.649449,2764036.000,59244,1,T1,1,100,37.348
1715671426.783629,2764164.000,59260,1,T1,1,100,37.363
1715671426.914664,2764289.000,59277,1,T1,1,100,37.405
1715671427.045700,2764414.000,59294,1,T1,1,100,37.424
1715671427.177783,2764540.000,59328,1,T1,1,100,37.431
1715671427.311963,2764668.000,59350,1,T1,1,100,37.470
1715671427.444047,2764794.000,59366,1,T1,1,100,37.523
1715671427.579275,2764923.000,59383,1,T1,1,100,37.474
1715671427.714503,2765052.000,59418,1,T1,1,100,37.453
1715671427.847635,2765179.000,59434,1,T1,1,100,37.409
1715671427.979719,2765305.000,59452,1,T1,1,100,37.425
1715671428.111802,2765431.000,59468,1,T1,1,100,37.503
1715671428.242837,2765556.000,59503,1,T1,1,100,37.466
1715671428.377017,2765684.000,59522,1,T1,1,100,37.450
1715671428.510149,2765811.000,59538,1,T1,1,100,37.514
1715671428.644329,2765939.000,59556,1,T1,1,100,37.541
1715671428.778509,2766067.000,59587,1,T1,1,100,37.482
1715671428.911641,2766194.000,59604,1,T1,1,100,37.492
1715671429.046870,2766323.000,59621,1,T1,1,100,37.497
1715671429.176857,2766447.000,59640,1,T1,1,100,37.463
1715671429.309988,2766574.000,59674,1,T1,1,100,37.413
1715671429.444168,2766702.000,59691,1,T1,1,100,37.427
1715671429.575204,2766827.000,59707,1,T1,1,100,37.397
1715671429.709384,2766955.000,59728,1,T1,1,100,37.527
1715671429.845660,2767085.000,59744,1,T1,1,100,37.547
1715671429.977744,2767211.000,59776,1,T1,1,100,37.449
1715671430.111924,2767339.000,59793,1,T1,1,100,37.407
1715671430.242959,2767464.000,59809,1,T1,1,100,37.566
1715671430.373994,2767589.000,59827,1,T1,1,100,37.493
1715671430.506078,2767715.000,59863,1,T1,1,100,37.426
1715671430.639210,2767842.000,59886,2,T1,1,100,37.504
1715671430.772341,2767969.000,59886,2,T1,1,100,37.502
1715671430.907570,2768098.000,59902,1,T1,1,100,37.430
1715671431.042798,2768227.000,59923,1,T1,1,100,37.399
1715671431.175930,2768354.000,59954,1,T1,1,100,37.421
1715671431.308013,2768480.000,59971,1,T1,1,100,37.430
1715671431.440097,2768606.000,59988,1,T1,1,100,37.470
1715671431.571132,2768731.000,60006,1,T1,1,100,37.451
1715671431.705312,2768859.000,60041,1,T1,1,100,37.373
1715671431.838444,2768986.000,60058,1,T1,1,100,37.409
1715671431.972624,2769114.000,60075,1,T1,1,100,37.425
1715671432.106804,2769242.000,60092,1,T1,1,100,37.539
1715671432.239936,2769369.000,60124,1,T1,1,100,37.375
1715671432.375164,2769498.000,60145,1,T1,1,100,37.446
1715671432.505151,2769622.000,60164,1,T1,1,100,37.477
1715671432.638283,2769749.000,60181,1,T1,1,100,37.490
1715671432.772463,2769877.000,60212,1,T1,1,100,37.389
1715671432.904547,2770003.000,60232,1,T1,1,100,37.346
1715671433.038727,2770131.000,60249,1,T1,1,100,37.433
1715671433.175003,2770261.000,60266,1,T1,1,100,37.400
1715671433.307087,2770387.000,60298,1,T1,1,100,37.386
1715671433.441267,2770515.000,60317,1,T1,1,100,37.344
1715671433.572302,2770640.000,60336,1,T1,1,100,37.397
1715671433.703337,2770765.000,60353,1,T1,1,100,37.420
1715671433.835421,2770891.000,60370,1,T1,1,100,37.359
1715671433.969601,2771019.000,60402,1,T1,1,100,37.404
1715671434.101685,2771145.000,60418,1,T1,1,100,37.458
1715671434.236913,2771274.000,60438,1,T1,1,100,37.517
1715671434.372141,2771403.000,60455,1,T1,1,100,37.401
1715671434.505273,2771530.000,60486,1,T1,1,100,37.422
1715671434.637357,2771656.000,60504,1,T1,1,100,37.431
1715671434.769440,2771782.000,60522,1,T1,1,100,37.505
1715671434.900475,2771907.000,60542,1,T1,1,100,37.467
1715671435.034655,2772035.000,60574,1,T1,1,100,37.379
1715671435.167787,2772162.000,60590,1,T1,1,100,37.412
1715671435.301967,2772290.000,60608,1,T1,1,100,37.356
1715671435.436147,2772418.000,60624,1,T1,1,100,37.402
1715671435.569279,2772545.000,60659,1,T1,1,100,37.493
1715671435.704507,2772674.000,60678,1,T1,1,100,37.426
1715671435.834494,2772798.000,60694,1,T1,1,100,37.468
1715671435.967626,2772925.000,60712,1,T1,1,100,37.344
1715671436.101806,2773053.000,60735,1,T1,1,100,37.397
1715671436.232841,2773178.000,60752,1,T1,1,100,37.562
1715671436.367022,2773306.000,60769,1,T1,1,100,37.491
1715671436.503298,2773436.000,60785,1,T1,1,100,37.496
1715671436.635382,2773562.000,60803,1,T1,1,100,37.463
1715671436.769562,2773690.000,60821,1,T1,1,100,37.484
1715671436.900597,2773815.000,60856,1,T1,1,100,37.458
1715671437.031632,2773940.000,60873,1,T1,1,100,37.482
1715671437.163716,2774066.000,60889,1,T1,1,100,37.492
1715671437.297896,2774194.000,60906,1,T1,1,100,37.461
1715671437.429979,2774320.000,60943,1,T1,1,100,37.412
1715671437.565208,2774449.000,60959,1,T1,1,100,37.462
1715671437.700436,2774578.000,60977,1,T1,1,100,37.448
1715671437.833568,2774705.000,61008,1,T1,1,100,37.407
1715671437.965651,2774831.000,61027,1,T1,1,100,37.460
1715671438.097735,2774957.000,61047,1,T1,1,100,37.447
1715671438.228770,2775082.000,61063,1,T1,1,100,37.477
1715671438.362950,2775210.000,61095,1,T1,1,100,37.526
1715671438.496082,2775337.000,61112,1,T1,1,100,37.582
1715671438.630262,2775465.000,61129,1,T1,1,100,37.571
1715671438.764442,2775593.000,61146,1,T1,1,100,37.602
1715671438.897574,2775720.000,61178,1,T1,1,100,37.473
1715671439.032802,2775849.000,61196,1,T1,1,100,37.524
1715671439.162789,2775973.000,61213,1,T1,1,100,37.404
1715671439.295921,2776100.000,61230,1,T1,1,100,37.494
1715671439.430101,2776228.000,61264,1,T1,1,100,37.533
1715671439.561136,2776353.000,61282,1,T1,1,100,37.550
1715671439.695316,2776481.000,61298,1,T1,1,100,37.486
1715671439.831593,2776611.000,61315,1,T1,1,100,37.494
1715671439.963676,2776737.000,61350,1,T1,1,100,37.497
1715671440.097857,2776865.000,61368,1,T1,1,100,37.428
1715671440.228892,2776990.000,61385,1,T1,1,100,37.469
1715671440.359927,2777115.000,61402,1,T1,1,100,37.487
1715671440.492011,2777241.000,61433,1,T1,1,100,37.494
1715671440.626191,2777369.000,61454,1,T1,1,100,37.462
1715671440.758274,2777495.000,61470,1,T1,1,100,37.519
1715671440.893502,2777624.000,61487,1,T1,1,100,37.579
1715671441.028731,2777753.000,61504,1,T1,1,100,37.463
1715671441.161863,2777880.000,61537,1,T1,1,100,37.449
1715671441.293946,2778006.000,61558,1,T1,1,100,37.513
1715671441.425505,2778131.500,61580,2,T1,1,100,37.470
1715671441.557065,2778257.000,61580,2,T1,1,100,37.523
1715671441.691245,2778385.000,61597,1,T1,1,100,37.474
1715671441.824377,2778512.000,61629,1,T1,1,100,37.524
1715671441.958557,2778640.000,61650,1,T1,1,100,37.581
1715671442.092737,2778768.000,61666,1,T1,1,100,37.464
1715671442.225869,2778895.000,61685,1,T1,1,100,37.591
1715671442.358476,2779021.500,61719,2,T1,1,100,37.539
1715671442.491084,2779148.000,61719,2,T1,1,100,37.375
1715671442.624216,2779275.000,61739,1,T1,1,100,37.411
1715671442.757348,2779402.000,61770,1,T1,1,100,37.426
1715671442.888383,2779527.000,61788,1,T1,1,100,37.397
1715671443.022563,2779655.000,61804,1,T1,1,100,37.562
1715671443.158839,2779785.000,61821,1,T1,1,100,37.527
1715671443.290923,2779911.000,61842,1,T1,1,100,37.547
1715671443.425103,2780039.000,61874,1,T1,1,100,37.556
1715671443.556138,2780164.000,61891,1,T1,1,100,37.524
1715671443.686125,2780288.000,61908,1,T1,1,100,37.440
1715671443.818209,2780414.000,61928,1,T1,1,100,37.474
1715671443.952389,2780542.000,61960,1,T1,1,100,37.453
1715671444.084472,2780668.000,61976,1,T1,1,100,37.551
1715671444.219701,2780797.000,61993,1,T1,1,100,37.522
1715671444.354929,2780926.000,62012,1,T1,1,100,37.509
1715671444.488061,2781053.000,62046,1,T1,1,100,37.540
1715671444.621193,2781180.000,62064,1,T1,1,100,37.517
1715671444.753276,2781306.000,62080,1,T1,1,100,37.543
1715671444.884311,2781431.000,62097,1,T1,1,100,37.448
1715671445.018492,2781559.000,62132,1,T1,1,100,37.406
1715671445.150575,2781685.000,62150,1,T1,1,100,37.424
1715671445.284755,2781813.000,62168,1,T1,1,100,37.503
1715671445.418935,2781941.000,62199,1,T1,1,100,37.466
1715671445.552067,2782068.000,62216,1,T1,1,100,37.450
1715671445.687295,2782197.000,62233,1,T1,1,100,37.407
1715671445.817282,2782321.000,62252,1,T1,1,100,37.424
1715671445.950414,2782448.000,62284,1,T1,1,100,37.467
1715671446.082498,2782574.000,62301,1,T1,1,100,37.521
1715671446.213533,2782699.000,62319,1,T1,1,100,37.438
1715671446.347713,2782827.000,62337,1,T1,1,100,37.473
1715671446.483989,2782957.000,62368,1,T1,1,100,37.418
1715671446.616073,2783083.000,62385,1,T1,1,100,37.464
1715671446.748681,2783209.500,62405,2,T1,1,100,37.414
1715671446.881288,2783336.000,62405,2,T1,1,100,37.427
1715671447.012323,2783461.000,62423,1,T1,1,100,37.468
1715671447.144407,2783587.000,62458,1,T1,1,100,37.451
1715671447.278587,2783715.000,62477,1,T1,1,100,37.514
1715671447.410671,2783841.000,62496,1,T1,1,100,37.506
1715671447.545899,2783970.000,62512,1,T1,1,100,37.503
1715671447.681127,2784099.000,62547,1,T1,1,100,37.466
1715671447.814259,2784226.000,62564,1,T1,1,100,37.592
1715671447.948439,2784354.000,62581,1,T1,1,100,37.433
1715671448.080523,2784480.000,62612,1,T1,1,100,37.471
1715671448.211558,2784605.000,62632,1,T1,1,100,37.523
1715671448.344690,2784732.000,62651,1,T1,1,100,37.581
1715671448.476773,2784858.000,62668,1,T1,1,100,37.429
1715671448.610953,2784986.000,62700,1,T1,1,100,37.434
1715671448.745133,2785114.000,62716,1,T1,1,100,37.400
1715671448.878265,2785241.000,62733,1,T1,1,100,37.563
1715671449.013494,2785370.000,62753,1,T1,1,100,37.492
1715671449.143481,2785494.000,62784,1,T1,1,100,37.532
1715671449.275564,2785620.000,62804,1,T1,1,100,37.443
1715671449.407647,2785746.000,62820,1,T1,1,100,37.475
1715671449.538683,2785871.000,62837,1,T1,1,100,37.454
1715671449.672863,2785999.000,62854,1,T1,1,100,37.586
1715671449.809139,2786129.000,62888,1,T1,1,100,37.537
1715671449.941223,2786255.000,62906,1,T1,1,100,37.481
1715671450.075403,2786383.000,62922,1,T1,1,100,37.456
1715671450.207486,2786509.000,62939,1,T1,1,100,37.587
1715671450.338522,2786634.000,62976,1,T1,1,100,37.396
1715671450.470605,2786760.000,62992,1,T1,1,100,37.420
1715671450.604785,2786888.000,63010,1,T1,1,100,37.394
1715671450.735821,2787013.000,63026,1,T1,1,100,37.490
1715671450.871049,2787142.000,63058,1,T1,1,100,37.531
1715671451.006277,2787271.000,63075,1,T1,1,100,37.513
1715671451.139409,2787398.000,63094,1,T1,1,100,37.435
1715671451.273589,2787526.000,63112,1,T1,1,100,37.507
1715671451.405673,2787652.000,63145,1,T1,1,100,37.503
1715671451.536708,2787777.000,63162,1,T1,1,100,37.572
1715671451.669840,2787904.000,63182,1,T1,1,100,37.567
1715671451.801923,2788030.000,63198,1,T1,1,100,37.458
1715671451.936103,2788158.000,63215,1,T1,1,100,37.375
1715671452.069759,2788285.500,63252,2,T1,1,100,37.269
1715671452.203415,2788413.000,63252,2,T1,1,100,37.329
1715671452.338644,2788542.000,63275,1,T1,1,100,37.532
1715671452.468630,2788666.000,63293,1,T1,1,100,37.443
1715671452.600714,2788792.000,63311,1,T1,1,100,37.475
1715671452.732797,2788918.000,63327,1,T1,1,100,37.454
1715671452.863833,2789043.000,63362,1,T1,1,100,37.516
1715671452.998013,2789171.000,63379,1,T1,1,100,37.578
1715671453.134289,2789301.000,63395,1,T1,1,100,37.498
1715671453.266373,2789427.000,63413,1,T1,1,100,37.464
1715671453.400553,2789555.000,63444,1,T1,1,100,37.484
1715671453.533685,2789682.000,63462,1,T1,1,100,37.316
1715671453.664720,2789807.000,63483,1,T1,1,100,37.420
1715671453.796803,2789933.000,63499,1,T1,1,100,37.395
1715671453.930984,2790061.000,63531,1,T1,1,100,37.525
1715671454.062019,2790186.000,63548,1,T1,1,100,37.440
1715671454.197247,2790315.000,63564,1,T1,1,100,37.580
1715671454.332475,2790444.000,63585,1,T1,1,100,37.570
1715671454.465607,2790571.000,63618,1,T1,1,100,37.495
1715671454.599787,2790699.000,63635,1,T1,1,100,37.533
1715671454.731871,2790825.000,63652,1,T1,1,100,37.443
1715671454.862906,2790950.000,63687,1,T1,1,100,37.369
1715671454.994990,2791076.000,63703,1,T1,1,100,37.514
1715671455.127073,2791202.000,63720,1,T1,1,100,37.613
1715671455.261253,2791330.000,63737,1,T1,1,100,37.584
1715671455.395433,2791458.000,63754,1,T1,1,100,37.465
1715671455.528565,2791585.000,63791,1,T1,1,100,37.379
1715671455.663793,2791714.000,63807,1,T1,1,100,37.483
1715671455.793780,2791838.000,63824,1,T1,1,100,37.528
1715671455.926912,2791965.000,63841,1,T1,1,100,37.583
1715671456.058996,2792091.000,63872,1,T1,1,100,37.536
1715671456.190031,2792216.000,63892,1,T1,1,100,37.445
1715671456.324211,2792344.000,63909,1,T1,1,100,37.512
1715671456.460488,2792474.000,63926,1,T1,1,100,37.505
1715671456.592571,2792600.000,63958,1,T1,1,100,37.502
1715671456.726751,2792728.000,63979,1,T1,1,100,37.607
1715671456.860931,2792856.000,63996,1,T1,1,100,37.546
1715671456.991966,2792981.000,64013,1,T1,1,100,37.485
1715671457.124050,2793107.000,64044,1,T1,1,100,37.422
1715671457.258230,2793235.000,64062,1,T1,1,100,37.466
1715671457.388217,2793359.000,64080,1,T1,1,100,37.450
1715671457.523445,2793488.000,64106,2,T1,1,100,37.549
1715671457.658674,2793617.000,64106,2,T1,1,100,37.521
1715671457.791806,2793744.000,64124,1,T1,1,100,37.509
1715671457.925986,2793872.000,64142,1,T1,1,100,37.469
1715671458.058069,2793998.000,64161,1,T1,1,100,37.486
1715671458.189104,2794123.000,64193,1,T1,1,100,37.352
1715671458.321188,2794249.000,64210,1,T1,1,100,37.365
1715671458.453271,2794375.000,64226,1,T1,1,100,37.406
1715671458.587451,2794503.000,64244,1,T1,1,100,37.495
1715671458.721632,2794631.000,64278,1,T1,1,100,37.498
1715671458.854763,2794758.000,64296,1,T1,1,100,37.464
1715671458.989992,2794887.000,64314,1,T1,1,100,37.626
1715671459.119979,2795011.000,64330,1,T1,1,100,37.625
1715671459.253110,2795138.000,64362,1,T1,1,100,37.554
1715671459.385194,2795264.000,64382,1,T1,1,100,37.559
1715671459.516229,2795389.000,64398,1,T1,1,100,37.526
1715671459.650409,2795517.000,64416,1,T1,1,100,37.440
1715671459.786686,2795647.000,64447,1,T1,1,100,37.439
1715671459.918769,2795773.000,64464,1,T1,1,100,37.367
1715671460.052949,2795901.000,64483,1,T1,1,100,37.478
1715671460.187129,2796029.000,64502,1,T1,1,100,37.455
1715671460.318165,2796154.000,64534,1,T1,1,100,37.622
1715671460.450248,2796280.000,64551,1,T1,1,100,37.411
1715671460.583380,2796407.000,64571,1,T1,1,100,37.426
1715671460.713367,2796531.000,64588,1,T1,1,100,37.397
1715671460.848595,2796660.000,64622,1,T1,1,100,37.597
1715671460.983824,2796789.000,64638,1,T1,1,100,37.578
1715671461.116956,2796916.000,64655,1,T1,1,100,37.534
1715671461.251136,2797044.000,64672,1,T1,1,100,37.444
1715671461.383219,2797170.000,64692,1,T1,1,100,37.405
1715671461.513206,2797294.000,64724,1,T1,1,100,37.423
1715671461.645289,2797420.000,64740,1,T1,1,100,37.467
1715671461.778421,2797547.000,64757,1,T1,1,100,37.486
1715671461.912601,2797675.000,64777,1,T1,1,100,37.565
1715671462.046782,2797803.000,64810,1,T1,1,100,37.563
1715671462.179913,2797930.000,64827,1,T1,1,100,37.492
1715671462.315142,2798059.000,64846,1,T1,1,100,37.497
1715671462.446177,2798184.000,64863,1,T1,1,100,37.499
1715671462.579309,2798311.000,64898,1,T1,1,100,37.606
1715671462.711392,2798437.000,64914,1,T1,1,100,37.510
1715671462.844524,2798564.000,64937,2,T1,1,100,37.504
1715671462.977656,2798691.000,64937,2,T1,1,100,37.466
1715671463.113932,2798821.000,64955,1,T1,1,100,37.556
1715671463.246016,2798947.000,64990,1,T1,1,100,37.489
1715671463.380196,2799075.000,65007,1,T1,1,100,37.531
1715671463.514376,2799203.000,65023,1,T1,1,100,37.513
1715671463.645411,2799328.000,65041,1,T1,1,100,37.470
1715671463.777495,2799454.000,65072,1,T1,1,100,37.523
1715671463.910627,2799581.000,65092,1,T1,1,100,37.510
1715671464.040613,2799705.000,65109,1,T1,1,100,37.575
1715671464.175842,2799834.000,65125,1,T1,1,100,37.426
1715671464.311070,2799963.000,65159,1,T1,1,100,37.468
1715671464.444202,2800090.000,65179,1,T1,1,100,37.486
1715671464.578382,2800218.000,65196,1,T1,1,100,37.459
1715671464.710466,2800344.000,65213,1,T1,1,100,37.411
1715671464.840452,2800468.000,65229,1,T1,1,100,37.391
1715671464.972536,2800594.000,65261,1,T1,1,100,37.417
1715671465.105668,2800721.000,65278,1,T1,1,100,37.500
1715671465.239848,2800849.000,65296,1,T1,1,100,37.535
1715671465.374028,2800977.000,65315,1,T1,1,100,37.586
1715671465.507160,2801104.000,65349,1,T1,1,100,37.608
1715671465.642388,2801233.000,65365,1,T1,1,100,37.547
1715671465.773423,2801358.000,65382,1,T1,1,100,37.627
1715671465.906555,2801485.000,65401,1,T1,1,100,37.590
1715671466.038639,2801611.000,65433,1,T1,1,100,37.610
1715671466.169674,2801736.000,65450,1,T1,1,100,37.477
1715671466.302806,2801863.000,65469,1,T1,1,100,37.490
1715671466.439082,2801993.000,65486,1,T1,1,100,37.460
1715671466.571166,2802119.000,65521,1,T1,1,100,37.447
1715671466.705346,2802247.000,1,1,T1,1,100,37.548
1715671466.839526,2802375.000,18,1,T1,1,100,37.556
1715671466.970561,2802500.000,35,1,T1,1,100,37.631
1715671467.102645,2802626.000,66,1,T1,1,100,37.486
1715671467.234728,2802752.000,86,1,T1,1,100,37.494
1715671467.364715,2802876.000,102,1,T1,1,100,37.462
1715671467.499943,2803005.000,121,1,T1,1,100,37.590
1715671467.635172,2803134.000,153,1,T1,1,100,37.574
1715671467.768304,2803261.000,172,1,T1,1,100,37.532
1715671467.902484,2803389.000,192,1,T1,1,100,37.514
1715671468.034567,2803515.000,208,1,T1,1,100,37.541
1715671468.164554,2803639.000,243,1,T1,1,100,37.518
1715671468.296638,2803765.000,260,1,T1,1,100,37.508
1715671468.429770,2803892.000,279,1,T1,1,100,37.503
1715671468.563950,2804020.000,297,1,T1,1,100,37.466
1715671468.698130,2804148.000,328,1,T1,1,100,37.485
1715671468.831261,2804275.000,345,1,T1,1,100,37.458
1715671468.966490,2804404.000,367,1,T1,1,100,37.588
1715671469.097525,2804529.000,383,1,T1,1,100,37.574
1715671469.230657,2804656.000,417,1,T1,1,100,37.532
1715671469.362740,2804782.000,434,1,T1,1,100,37.585
1715671469.493776,2804907.000,450,1,T1,1,100,37.501
1715671469.626907,2805034.000,471,1,T1,1,100,37.536
1715671469.763184,2805164.000,502,1,T1,1,100,37.480
1715671469.895267,2805290.000,519,1,T1,1,100,37.456
1715671470.029448,2805418.000,536,1,T1,1,100,37.587
1715671470.163628,2805546.000,552,1,T1,1,100,37.573
1715671470.294663,2805671.000,587,1,T1,1,100,37.603
1715671470.426746,2805797.000,604,1,T1,1,100,37.403
1715671470.558830,2805923.000,623,1,T1,1,100,37.493
1715671470.688817,2806047.000,640,1,T1,1,100,37.568
1715671470.824045,2806176.000,675,1,T1,1,100,37.529
1715671470.959274,2806305.000,691,1,T1,1,100,37.513
1715671471.092405,2806432.000,708,1,T1,1,100,37.541
1715671471.226585,2806560.000,725,1,T1,1,100,37.482
1715671471.358669,2806686.000,756,1,T1,1,100,37.599
1715671471.489704,2806811.000,777,1,T1,1,100,37.578
1715671471.621788,2806937.000,795,1,T1,1,100,37.463
1715671471.754920,2807064.000,812,1,T1,1,100,37.590
1715671471.889100,2807192.000,829,1,T1,1,100,37.575
1715671472.023280,2807320.000,860,1,T1,1,100,37.639
1715671472.156411,2807447.000,880,1,T1,1,100,37.631
1715671472.291640,2807576.000,899,1,T1,1,100,37.592
1715671472.423723,2807702.000,916,1,T1,1,100,37.504
1715671472.556855,2807829.000,948,1,T1,1,100,37.573
1715671472.688939,2807955.000,964,1,T1,1,100,37.496
1715671472.819974,2808080.000,981,1,T1,1,100,37.498
1715671472.952057,2808206.000,1003,1,T1,1,100,37.535
1715671473.088334,2808336.000,1034,1,T1,1,100,37.586
1715671473.220417,2808462.000,1052,1,T1,1,100,37.644
1715671473.354598,2808590.000,1068,1,T1,1,100,37.527
1715671473.488778,2808718.000,1085,1,T1,1,100,37.547
1715671473.619813,2808843.000,1109,1,T1,1,100,37.520
1715671473.751896,2808969.000,1141,1,T1,1,100,37.615
1715671473.883980,2809095.000,1159,1,T1,1,100,37.514
1715671474.013967,2809219.000,1175,1,T1,1,100,37.471
1715671474.149195,2809348.000,1192,1,T1,1,100,37.416
1715671474.283375,2809476.000,1227,2,T1,1,100,37.535
1715671474.417555,2809604.000,1227,2,T1,1,100,37.444
1715671474.551735,2809732.000,1244,1,T1,1,100,37.476
1715671474.683819,2809858.000,1261,1,T1,1,100,37.525
1715671474.815902,2809984.000,1296,1,T1,1,100,37.617
1715671474.947986,2810110.000,1312,1,T1,1,100,37.444
1715671475.081118,2810237.000,1329,1,T1,1,100,37.476
1715671475.215298,2810365.000,1346,1,T1,1,100,37.490
1715671475.349478,2810493.000,1377,1,T1,1,100,37.566
1715671475.482610,2810620.000,1397,1,T1,1,100,37.458
1715671475.617838,2810749.000,1414,1,T1,1,100,37.446
1715671475.750970,2810876.000,1431,1,T1,1,100,37.512
1715671475.884102,2811003.000,1463,1,T1,1,100,37.541
1715671476.016185,2811129.000,1482,1,T1,1,100,37.553
1715671476.147220,2811254.000,1499,1,T1,1,100,37.523
1715671476.279304,2811380.000,1516,1,T1,1,100,37.404
1715671476.415581,2811510.000,1547,1,T1,1,100,37.387
1715671476.547664,2811636.000,1565,1,T1,1,100,37.416
1715671476.681844,2811764.000,1581,1,T1,1,100,37.570
1715671476.816024,2811892.000,1601,1,T1,1,100,37.566
1715671476.947059,2812017.000,1633,1,T1,1,100,37.493
1715671477.079143,2812143.000,1649,1,T1,1,100,37.497
1715671477.211226,2812269.000,1670,1,T1,1,100,37.463
1715671477.341213,2812393.000,1688,1,T1,1,100,37.484
1715671477.476442,2812522.000,1722,1,T1,1,100,37.493
1715671477.611670,2812651.000,1739,1,T1,1,100,37.568
1715671477.744802,2812778.000,1755,1,T1,1,100,37.565
1715671477.878982,2812906.000,1773,1,T1,1,100,37.528
1715671478.011065,2813032.000,1804,1,T1,1,100,37.512
1715671478.143149,2813158.000,1825,1,T1,1,100,37.612
1715671478.275232,2813284.000,1843,1,T1,1,100,37.513
1715671478.408364,2813411.000,1859,1,T1,1,100,37.612
1715671478.542544,2813539.000,1894,1,T1,1,100,37.513
1715671478.676724,2813667.000,1911,1,T1,1,100,37.470
1715671478.809856,2813794.000,1927,1,T1,1,100,37.593
1715671478.945085,2813923.000,1952,1,T1,1,100,37.470
1715671479.078216,2814050.000,1968,1,T1,1,100,37.558
1715671479.211348,2814177.000,2000,1,T1,1,100,37.490
1715671479.343431,2814303.000,2020,1,T1,1,100,37.531
1715671479.473418,2814427.000,2036,1,T1,1,100,37.513
1715671479.605502,2814553.000,2054,1,T1,1,100,37.577
1715671479.741779,2814683.000,2085,1,T1,1,100,37.569
1715671479.873862,2814809.000,2107,1,T1,1,100,37.494
1715671480.008042,2814937.000,2124,1,T1,1,100,37.533
1715671480.142222,2815065.000,2140,1,T1,1,100,37.443
1715671480.273257,2815190.000,2172,1,T1,1,100,37.440
1715671480.405341,2815316.000,2189,1,T1,1,100,37.439
1715671480.537425,2815442.000,2206,1,T1,1,100,37.403
1715671480.667412,2815566.000,2226,1,T1,1,100,37.422
1715671480.802640,2815695.000,2260,1,T1,1,100,37.573
1715671480.937868,2815824.000,2276,1,T1,1,100,37.461
1715671481.071000,2815951.000,2293,1,T1,1,100,37.483
1715671481.205180,2816079.000,2313,1,T1,1,100,37.564
1715671481.337264,2816205.000,2344,1,T1,1,100,37.563
1715671481.469347,2816331.000,2361,1,T1,1,100,37.634
1715671481.601431,2816457.000,2380,1,T1,1,100,37.593
1715671481.734562,2816584.000,2397,1,T1,1,100,37.540
1715671481.867694,2816711.000,2417,1,T1,1,100,37.517
1715671482.001874,2816839.000,2448,1,T1,1,100,37.543
1715671482.135006,2816966.000,2465,1,T1,1,100,37.554
1715671482.270234,2817095.000,2484,1,T1,1,100,37.523
1715671482.403366,2817222.000,2504,1,T1,1,100,37.546
1715671482.536498,2817349.000,2523,1,T1,1,100,37.449
1715671482.668581,2817475.000,2554,1,T1,1,100,37.513
1715671482.798568,2817599.000,2571,1,T1,1,100,37.470
1715671482.930652,2817725.000,2588,1,T1,1,100,37.523
1715671483.066929,2817855.000,2605,1,T1,1,100,37.474
1715671483.199012,2817981.000,2640,1,T1,1,100,37.383
1715671483.333192,2818109.000,2658,1,T1,1,100,37.485
1715671483.467372,2818237.000,2675,1,T1,1,100,37.564
1715671483.598408,2818362.000,2692,1,T1,1,100,37.528
1715671483.730491,2818488.000,2726,1,T1,1,100,37.512
1715671483.862575,2818614.000,2744,1,T1,1,100,37.541
1715671483.992562,2818738.000,2760,1,T1,1,100,37.553
1715671484.127790,2818867.000,2777,1,T1,1,100,37.487
1715671484.263018,2818996.000,2816,1,T1,1,100,37.459
1715671484.396150,2819123.000,2835,1,T1,1,100,37.411
1715671484.530330,2819251.000,2853,1,T1,1,100,37.568
1715671484.663462,2819378.000,2869,1,T1,1,100,37.529
1715671484.795545,2819504.000,2886,1,T1,1,100,37.442
1715671484.927629,2819630.000,2906,1,T1,1,100,37.439
1715671485.060761,2819757.000,2939,1,T1,1,100,37.509
1715671485.192844,2819883.000,2957,1,T1,1,100,37.398
1715671485.328073,2820012.000,2973,1,T1,1,100,37.527
1715671485.461204,2820139.000,2990,1,T1,1,100,37.476
1715671485.596433,2820268.000,3022,1,T1,1,100,37.383
1715671485.729564,2820395.000,3041,1,T1,1,100,37.379
1715671485.862696,2820522.000,3059,1,T1,1,100,37.447
1715671485.994780,2820648.000,3075,1,T1,1,100,37.513
1715671486.124767,2820772.000,3109,1,T1,1,100,37.506
1715671486.256850,2820898.000,3129,1,T1,1,100,37.538
1715671486.393127,2821028.000,3145,1,T1,1,100,37.516
1715671486.525210,2821154.000,3162,1,T1,1,100,37.401
1715671486.659390,2821282.000,3194,1,T1,1,100,37.422
1715671486.793571,2821410.000,3210,1,T1,1,100,37.431
1715671486.924606,2821535.000,3230,1,T1,1,100,37.470
1715671487.056689,2821661.000,3249,1,T1,1,100,37.452
1715671487.188773,2821787.000,3283,1,T1,1,100,37.550
1715671487.318760,2821911.000,3300,1,T1,1,100,37.415
1715671487.453988,2822040.000,3316,1,T1,1,100,37.499
1715671487.589216,2822169.000,3351,1,T1,1,100,37.535
1715671487.722348,2822296.000,3368,1,T1,1,100,37.515
1715671487.856528,2822424.000,3385,1,T1,1,100,37.577
1715671487.989660,2822551.000,3404,1,T1,1,100,37.534
1715671488.121744,2822677.000,3436,1,T1,1,100,37.479
1715671488.253827,2822803.000,3455,1,T1,1,100,37.491
1715671488.386959,2822930.000,3472,1,T1,1,100,37.461
1715671488.517994,2823055.000,3489,1,T1,1,100,37.518
1715671488.653223,2823184.000,3520,1,T1,1,100,37.508
1715671488.786354,2823311.000,3543,1,T1,1,100,37.433
1715671488.921583,2823440.000,3559,1,T1,1,100,37.542
1715671489.054714,2823567.000,3576,1,T1,1,100,37.483
1715671489.187846,2823694.000,3593,1,T1,1,100,37.599
1715671489.319930,2823820.000,3624,1,T1,1,100,37.507
1715671489.449917,2823944.000,3642,1,T1,1,100,37.468
1715671489.582000,2824070.000,3661,1,T1,1,100,37.557
1715671489.718277,2824200.000,3683,1,T1,1,100,37.525
1715671489.850360,2824326.000,3702,1,T1,1,100,37.475
1715671489.984540,2824454.000,3719,1,T1,1,100,37.454
1715671490.118721,2824582.000,3738,1,T1,1,100,37.374
1715671490.249756,2824707.000,3770,1,T1,1,100,37.374
1715671490.382888,2824834.000,3787,1,T1,1,100,37.339
1715671490.514971,2824960.000,3804,1,T1,1,100,37.466
1715671490.644958,2825084.000,3821,1,T1,1,100,37.556
1715671490.780186,2825213.000,3856,1,T1,1,100,37.489
1715671490.914366,2825341.000,3874,1,T1,1,100,37.531
1715671491.047498,2825468.000,3891,1,T1,1,100,37.513
1715671491.181678,2825596.000,3908,1,T1,1,100,37.577
1715671491.315858,2825724.000,3939,1,T1,1,100,37.569
1715671491.447942,2825850.000,3960,1,T1,1,100,37.494
1715671491.580025,2825976.000,3976,1,T1,1,100,37.462
1715671491.713157,2826103.000,3993,1,T1,1,100,37.519
1715671491.843144,2826227.000,4011,1,T1,1,100,37.544
1715671491.978372,2826356.000,4043,1,T1,1,100,37.590
1715671492.111504,2826483.000,4060,1,T1,1,100,37.645
1715671492.246732,2826612.000,4079,1,T1,1,100,37.634
1715671492.379864,2826739.000,4110,1,T1,1,100,37.593
1715671492.512996,2826866.000,4128,1,T1,1,100,37.611
1715671492.645080,2826992.000,4144,1,T1,1,100,37.513
1715671492.775067,2827116.000,4167,1,T1,1,100,37.435
1715671492.907150,2827242.000,4186,1,T1,1,100,37.472
1715671493.043427,2827372.000,4217,1,T1,1,100,37.488
1715671493.175510,2827498.000,4235,1,T1,1,100,37.495
1715671493.309690,2827626.000,4251,1,T1,1,100,37.462
1715671493.443870,2827754.000,4271,1,T1,1,100,37.413
1715671493.574906,2827879.000,4303,1,T1,1,100,37.427
1715671493.709086,2828007.000,4319,1,T1,1,100,37.504
1715671493.841169,2828133.000,4339,1,T1,1,100,37.360
1715671493.971156,2828257.000,4358,1,T1,1,100,37.475
1715671494.105336,2828385.000,4375,1,T1,1,100,37.489
1715671494.239516,2828513.000,4407,1,T1,1,100,37.495
1715671494.372648,2828640.000,4423,1,T1,1,100,37.533
1715671494.506828,2828768.000,4441,1,T1,1,100,37.585
1715671494.641008,2828896.000,4457,1,T1,1,100,37.537
1715671494.773092,2829022.000,4494,1,T1,1,100,37.551
1715671494.905175,2829148.000,4511,1,T1,1,100,37.487
1715671495.037259,2829274.000,4532,1,T1,1,100,37.494
1715671495.167246,2829398.000,4550,1,T1,1,100,37.391
1715671495.302474,2829527.000,4569,1,T1,1,100,37.453
1715671495.435606,2829654.000,4586,1,T1,1,100,37.373
1715671495.570834,2829783.000,4618,1,T1,1,100,37.374
1715671495.703966,2829910.000,4634,1,T1,1,100,37.410
1715671495.837098,2830037.000,4654,1,T1,1,100,37.603
1715671495.970230,2830164.000,4688,1,T1,1,100,37.545
1715671496.100217,2830288.000,4705,1,T1,1,100,37.448
1715671496.232300,2830414.000,4722,1,T1,1,100,37.478
1715671496.368577,2830544.000,4738,1,T1,1,100,37.384
1715671496.500660,2830670.000,4770,1,T1,1,100,37.450
1715671496.634840,2830798.000,4787,1,T1,1,100,37.514
1715671496.769020,2830926.000,4803,1,T1,1,100,37.470
1715671496.901104,2831052.000,4826,1,T1,1,100,37.487
1715671497.035284,2831180.000,4857,1,T1,1,100,37.459
1715671497.167367,2831306.000,4879,1,T1,1,100,37.340
1715671497.297354,2831430.000,4898,1,T1,1,100,37.325
1715671497.430486,2831557.000,4914,1,T1,1,100,37.424
1715671497.564666,2831685.000,4932,1,T1,1,100,37.432
1715671497.697798,2831812.000,4966,1,T1,1,100,37.577
1715671497.831978,2831940.000,4983,1,T1,1,100,37.533
1715671497.966158,2832068.000,5000,1,T1,1,100,37.514
1715671498.098242,2832194.000,5016,1,T1,1,100,37.613
1715671498.230325,2832320.000,5048,1,T1,1,100,37.513
1715671498.362409,2832446.000,5065,1,T1,1,100,37.506
1715671498.492396,2832570.000,5087,1,T1,1,100,37.538
1715671498.627624,2832699.000,5104,1,T1,1,100,37.587
1715671498.760756,2832826.000,5136,1,T1,1,100,37.467
1715671498.895984,2832955.000,5152,1,T1,1,100,37.521
1715671499.029116,2833082.000,5169,1,T1,1,100,37.545
1715671499.162248,2833209.000,5191,1,T1,1,100,37.484
1715671499.296428,2833337.000,5222,1,T1,1,100,37.528
1715671499.426415,2833461.000,5239,1,T1,1,100,37.477
1715671499.558498,2833587.000,5256,1,T1,1,100,37.490
1715671499.694775,2833717.000,5273,1,T1,1,100,37.496
1715671499.826859,2833843.000,5292,1,T1,1,100,37.463
1715671499.961039,2833971.000,5324,1,T1,1,100,37.590
1715671500.095219,2834099.000,5341,1,T1,1,100,37.574
1715671500.228350,2834226.000,5358,1,T1,1,100,37.497
1715671500.362530,2834354.000,5394,1,T1,1,100,37.534
1715671500.494614,2834480.000,5412,1,T1,1,100,37.479
1715671500.624601,2834604.000,5428,1,T1,1,100,37.456
1715671500.757733,2834731.000,5445,1,T1,1,100,37.481
1715671500.891913,2834859.000,5462,1,T1,1,100,37.492
1715671501.025045,2834986.000,5495,1,T1,1,100,37.461
1715671501.159225,2835114.000,5513,1,T1,1,100,37.412
1715671501.293405,2835242.000,5529,1,T1,1,100,37.568
1715671501.425488,2835368.000,5564,1,T1,1,100,37.565
1715671501.557572,2835494.000,5581,1,T1,1,100,37.493
1715671501.689655,2835620.000,5597,1,T1,1,100,37.532
1715671501.819642,2835744.000,5618,1,T1,1,100,37.514
1715671501.954870,2835873.000,5634,1,T1,1,100,37.364
1715671502.089051,2836001.000,5666,1,T1,1,100,37.441
1715671502.224279,2836130.000,5685,1,T1,1,100,37.404
1715671502.357411,2836257.000,5706,1,T1,1,100,37.494
1715671502.490543,2836384.000,5724,1,T1,1,100,37.462
1715671502.624723,2836512.000,5755,1,T1,1,100,37.590
1715671502.754709,2836636.000,5771,1,T1,1,100,37.610
1715671502.886793,2836762.000,5789,1,T1,1,100,37.548
1715671503.023070,2836892.000,5808,1,T1,1,100,37.379
1715671503.154105,2837017.000,5842,1,T1,1,100,37.554
1715671503.288285,2837145.000,5859,1,T1,1,100,37.523
1715671503.422465,2837273.000,5875,1,T1,1,100,37.475
1715671503.555597,2837400.000,5893,1,T1,1,100,37.524
1715671503.689777,2837528.000,5924,1,T1,1,100,37.475
1715671503.821861,2837654.000,5944,1,T1,1,100,37.418
1715671503.951848,2837778.000,5961,1,T1,1,100,37.394
1715671504.083931,2837904.000,5977,1,T1,1,100,37.525
1715671504.218111,2838032.000,6014,1,T1,1,100,37.511
1715671504.351243,2838159.000,6031,1,T1,1,100,37.505
1715671504.485423,2838287.000,6048,1,T1,1,100,37.360
1715671504.619603,2838415.000,6065,1,T1,1,100,37.475
1715671504.751687,2838541.000,6097,1,T1,1,100,37.418
1715671504.883770,2838667.000,6118,1,T1,1,100,37.500
1715671505.015853,2838793.000,6135,1,T1,1,100,37.429
1715671505.145840,2838917.000,6152,1,T1,1,100,37.505
1715671505.281069,2839046.000,6183,1,T1,1,100,37.467
1715671505.415249,2839174.000,6203,1,T1,1,100,37.450
1715671505.550477,2839303.000,6220,1,T1,1,100,37.549
1715671505.683609,2839430.000,6239,1,T1,1,100,37.486
1715671505.816741,2839557.000,6276,1,T1,1,100,37.565
1715671505.951969,2839686.000,6292,1,T1,1,100,37.528
1715671506.083004,2839811.000,6309,1,T1,1,100,37.512
1715671506.215088,2839937.000,6326,1,T1,1,100,37.541
1715671506.348220,2840064.000,6361,2,T1,1,100,37.589
1715671506.481351,2840191.000,6361,2,T1,1,100,37.503
1715671506.615531,2840319.000,6380,1,T1,1,100,37.430
1715671506.749187,2840446.500,6415,2,T1,1,100,37.470
1715671506.882843,2840574.000,6415,2,T1,1,100,37.451
1715671507.017024,2840702.000,6447,1,T1,1,100,37.514
1715671507.149107,2840828.000,6464,1,T1,1,100,37.471
1715671507.279094,2840952.000,6483,1,T1,1,100,37.523
1715671507.411177,2841078.000,6501,1,T1,1,100,37.510
1715671507.545357,2841206.000,6536,1,T1,1,100,37.611
1715671507.678489,2841333.000,6553,1,T1,1,100,37.477
1715671507.812670,2841461.000,6570,1,T1,1,100,37.455
1715671507.946850,2841589.000,6587,1,T1,1,100,37.551
1715671508.078933,2841715.000,6619,1,T1,1,100,37.345
1715671508.212065,2841842.000,6640,1,T1,1,100,37.397
1715671508.344148,2841968.000,6657,1,T1,1,100,37.491
1715671508.474135,2842092.000,6674,1,T1,1,100,37.532
1715671508.609364,2842221.000,6705,1,T1,1,100,37.620
1715671508.742495,2842348.000,6726,1,T1,1,100,37.623
1715671508.877724,2842477.000,6742,1,T1,1,100,37.518
1715671509.010855,2842604.000,6761,1,T1,1,100,37.437
1715671509.145036,2842732.000,6778,1,T1,1,100,37.366
1715671509.280264,2842861.000,6812,1,T1,1,100,37.407
1715671509.410251,2842985.000,6830,1,T1,1,100,37.353
1715671509.542334,2843111.000,6846,1,T1,1,100,37.401
1715671509.677563,2843240.000,6863,1,T1,1,100,37.457
1715671509.808598,2843365.000,6897,1,T1,1,100,37.552
1715671509.942778,2843493.000,6913,1,T1,1,100,37.381
1715671510.076958,2843621.000,6931,1,T1,1,100,37.448
1715671510.210090,2843748.000,6950,1,T1,1,100,37.407
1715671510.344270,2843876.000,6981,1,T1,1,100,37.460
1715671510.476354,2844002.000,6999,1,T1,1,100,37.447
1715671510.606340,2844126.000,7018,1,T1,1,100,37.442
1715671510.738424,2844252.000,7037,1,T1,1,100,37.439
1715671510.872604,2844380.000,7054,1,T1,1,100,37.403
1715671511.005736,2844507.000,7085,1,T1,1,100,37.387
1715671511.139916,2844635.000,7108,1,T1,1,100,37.416
1715671511.274096,2844763.000,7124,1,T1,1,100,37.464
1715671511.406179,2844889.000,7144,1,T1,1,100,37.520
1715671511.539311,2845016.000,7163,1,T1,1,100,37.438
1715671511.671395,2845142.000,7194,1,T1,1,100,37.473
1715671511.801382,2845266.000,7212,1,T1,1,100,37.524
1715671511.936610,2845395.000,7231,1,T1,1,100,37.617
1715671512.069742,2845522.000,7263,1,T1,1,100,37.550
1715671512.204970,2845651.000,7284,1,T1,1,100,37.415
1715671512.338102,2845778.000,7300,1,T1,1,100,37.393
1715671512.472282,2845906.000,7318,1,T1,1,100,37.347
1715671512.607511,2846035.000,7352,1,T1,1,100,37.434
1715671512.738546,2846160.000,7368,1,T1,1,100,37.507
1715671512.870629,2846286.000,7386,1,T1,1,100,37.538
1715671513.004809,2846414.000,7402,1,T1,1,100,37.588
1715671513.135844,2846539.000,7419,1,T1,1,100,37.467
1715671513.270025,2846667.000,7454,1,T1,1,100,37.521
1715671513.404205,2846795.000,7470,1,T1,1,100,37.545
1715671513.537336,2846922.000,7488,1,T1,1,100,37.519
1715671513.671516,2847050.000,7519,1,T1,1,100,37.544
1715671513.803600,2847176.000,7536,1,T1,1,100,37.590
1715671513.934635,2847301.000,7553,1,T1,1,100,37.503
1715671514.066719,2847427.000,7569,1,T1,1,100,37.466
1715671514.200899,2847555.000,7601,1,T1,1,100,37.450
1715671514.334031,2847682.000,7618,1,T1,1,100,37.407
1715671514.468211,2847810.000,7637,1,T1,1,100,37.389
1715671514.602391,2847938.000,7654,1,T1,1,100,37.381
1715671514.734474,2848064.000,7686,1,T1,1,100,37.449
1715671514.868654,2848192.000,7708,1,T1,1,100,37.478
1715671515.000738,2848318.000,7725,1,T1,1,100,37.561
1715671515.130725,2848442.000,7742,1,T1,1,100,37.527
1715671515.265953,2848571.000,7762,1,T1,1,100,37.618
1715671515.399085,2848698.000,7796,1,T1,1,100,37.480
1715671515.533265,2848826.000,7812,1,T1,1,100,37.562
1715671515.666397,2848953.000,7829,1,T1,1,100,37.562
1715671515.800577,2849081.000,7849,1,T1,1,100,37.562
1715671515.935805,2849210.000,7882,1,T1,1,100,37.562
1715671516.065792,2849334.000,7900,1,T1,1,100,37.456
1715671516.197876,2849460.000,7916,1,T1,1,100,37.410
1715671516.332056,2849588.000,7933,1,T1,1,100,37.567
1715671516.463091,2849713.000,7949,1,T1,1,100,37.529
1715671516.597271,2849841.000,7991,1,T1,1,100,37.477
1715671516.731451,2849969.000,8008,1,T1,1,100,37.455
1715671516.864583,2850096.000,8025,1,T1,1,100,37.480
1715671516.998763,2850224.000,8042,1,T1,1,100,37.492
1715671517.130847,2850350.000,8079,1,T1,1,100,37.461
1715671517.261882,2850475.000,8095,1,T1,1,100,37.483
1715671517.393965,2850601.000,8112,1,T1,1,100,37.457
1715671517.528145,2850729.000,8129,1,T1,1,100,37.411
1715671517.661277,2850856.000,8160,1,T1,1,100,37.461
1715671517.795457,2850984.000,8181,1,T1,1,100,37.483
1715671517.929637,2851112.000,8197,1,T1,1,100,37.457
1715671518.061721,2851238.000,8216,1,T1,1,100,37.482
1715671518.195901,2851366.000,8248,1,T1,1,100,37.598
1715671518.327984,2851492.000,8267,1,T1,1,100,37.578
1715671518.457971,2851616.000,8285,1,T1,1,100,37.498
1715671518.593200,2851745.000,8301,1,T1,1,100,37.570
1715671518.726331,2851872.000,8335,1,T1,1,100,37.459
1715671518.860512,2852000.000,8352,1,T1,1,100,37.447
1715671518.993643,2852127.000,8368,1,T1,1,100,37.513
1715671519.127823,2852255.000,8389,1,T1,1,100,37.470
1715671519.263052,2852384.000,8420,1,T1,1,100,37.416
1715671519.393039,2852508.000,8438,1,T1,1,100,37.393
1715671519.525122,2852634.000,8456,1,T1,1,100,37.418
1715671519.659302,2852762.000,8475,1,T1,1,100,37.535
1715671519.790338,2852887.000,8509,1,T1,1,100,37.622
1715671519.924518,2853015.000,8526,1,T1,1,100,37.553
1715671520.058698,2853143.000,8542,1,T1,1,100,37.416
1715671520.191829,2853270.000,8560,1,T1,1,100,37.428
1715671520.326010,2853398.000,8594,1,T1,1,100,37.504
1715671520.458093,2853524.000,8611,1,T1,1,100,37.466
1715671520.589128,2853649.000,8628,1,T1,1,100,37.450
1715671520.721212,2853775.000,8644,1,T1,1,100,37.514
1715671520.855392,2853903.000,8679,1,T1,1,100,37.435
1715671520.988524,2854030.000,8696,1,T1,1,100,37.507
1715671521.122704,2854158.000,8713,1,T1,1,100,37.397
1715671521.256884,2854286.000,8730,1,T1,1,100,37.384
1715671521.388967,2854412.000,8762,1,T1,1,100,37.521
1715671521.523147,2854540.000,8778,1,T1,1,100,37.438
1715671521.655231,2854666.000,8795,1,T1,1,100,37.438
1715671521.785218,2854790.000,8815,1,T1,1,100,37.473
1715671521.920446,2854919.000,8837,1,T1,1,100,37.417
1715671522.052530,2855045.000,8853,1,T1,1,100,37.500
1715671522.186710,2855173.000,8892,1,T1,1,100,37.429
1715671522.319842,2855300.000,8909,1,T1,1,100,37.398
1715671522.454022,2855428.000,8926,1,T1,1,100,37.385
1715671522.589250,2855557.000,8943,1,T1,1,100,37.415
1715671522.719237,2855681.000,8975,1,T1,1,100,37.392
1715671522.851321,2855807.000,8991,1,T1,1,100,37.418
1715671522.985501,2855935.000,9011,1,T1,1,100,37.500
1715671523.116536,2856060.000,9027,1,T1,1,100,37.571
1715671523.250716,2856188.000,9059,1,T1,1,100,37.495
1715671523.384896,2856316.000,9076,1,T1,1,100,37.462
1715671523.518028,2856443.000,9096,1,T1,1,100,37.448
1715671523.652208,2856571.000,9115,1,T1,1,100,37.442
1715671523.784291,2856697.000,9147,1,T1,1,100,37.475
1715671523.915327,2856822.000,9163,1,T1,1,100,37.454
1715671524.047410,2856948.000,9180,1,T1,1,100,37.374
1715671524.181590,2857076.000,9200,1,T1,1,100,37.374
1715671524.314722,2857203.000,9231,1,T1,1,100,37.410
1715671524.448902,2857331.000,9249,1,T1,1,100,37.390
1715671524.583082,2857459.000,9267,1,T1,1,100,37.417
1715671524.715166,2857585.000,9284,1,T1,1,100,37.429
1715671524.849346,2857713.000,9319,1,T1,1,100,37.398
1715671524.981429,2857839.000,9335,1,T1,1,100,37.350
1715671525.111416,2857963.000,9353,1,T1,1,100,37.399
1715671525.246644,2858092.000,9369,1,T1,1,100,37.457
1715671525.378728,2858218.000,9404,1,T1,1,100,37.446
1715671525.512908,2858346.000,9421,1,T1,1,100,37.477
1715671525.646040,2858473.000,9437,1,T1,1,100,37.490
1715671525.780220,2858601.000,9454,1,T1,1,100,37.567
1715671525.915448,2858730.000,9486,1,T1,1,100,37.493
1715671526.045435,2858854.000,9502,1,T1,1,100,37.497
1715671526.177519,2858980.000,9523,1,T1,1,100,37.534
1715671526.310651,2859107.000,9539,1,T1,1,100,37.444
1715671526.441686,2859232.000,9571,1,T1,1,100,37.511
1715671526.575866,2859360.000,9588,1,T1,1,100,37.505
1715671526.710046,2859488.000,9607,1,T1,1,100,37.467
1715671526.843178,2859615.000,9625,1,T1,1,100,37.556
1715671526.977358,2859743.000,9656,1,T1,1,100,37.524
1715671527.109441,2859869.000,9675,1,T1,1,100,37.511
1715671527.241525,2859995.000,9700,1,T1,1,100,37.505
1715671527.373608,2860121.000,9716,1,T1,1,100,37.467
1715671527.507788,2860249.000,9734,1,T1,1,100,37.415
1715671527.640920,2860376.000,9767,1,T1,1,100,37.463
1715671527.775100,2860504.000,9784,1,T1,1,100,37.484
1715671527.909280,2860632.000,9801,1,T1,1,100,37.493
1715671528.041364,2860758.000,9820,1,T1,1,100,37.603
1715671528.176592,2860887.000,9852,1,T1,1,100,37.545
1715671528.308676,2861013.000,9869,1,T1,1,100,37.484
1715671528.438663,2861137.000,9886,1,T1,1,100,37.599
1715671528.572843,2861265.000,9903,1,T1,1,100,37.472
1715671528.704926,2861391.000,9938,1,T1,1,100,37.523
1715671528.839106,2861519.000,9954,1,T1,1,100,37.546
1715671528.972238,2861646.000,9971,1,T1,1,100,37.520
1715671529.106418,2861774.000,9988,1,T1,1,100,37.473
1715671529.241647,2861903.000,10019,1,T1,1,100,37.524
1715671529.371634,2862027.000,10040,1,T1,1,100,37.439
1715671529.503717,2862153.000,10056,1,T1,1,100,37.367
1715671529.636849,2862280.000,10073,1,T1,1,100,37.372
1715671529.767884,2862405.000,10090,1,T1,1,100,37.480
1715671529.902064,2862533.000,10124,1,T1,1,100,37.491
1715671530.036244,2862661.000,10141,1,T1,1,100,37.390
1715671530.169376,2862788.000,10158,1,T1,1,100,37.417
1715671530.303556,2862916.000,10175,1,T1,1,100,37.393
1715671530.436688,2863043.000,10207,1,T1,1,100,37.383
1715671530.568771,2863169.000,10226,1,T1,1,100,37.414
1715671530.700855,2863295.000,10243,1,T1,1,100,37.463
1715671530.835035,2863423.000,10260,1,T1,1,100,37.484
1715671530.968167,2863550.000,10291,1,T1,1,100,37.458
1715671531.102347,2863678.000,10312,1,T1,1,100,37.446
1715671531.236527,2863806.000,10328,1,T1,1,100,37.441
1715671531.369659,2863933.000,10345,1,T1,1,100,37.581
1715671531.504887,2864062.000,10377,1,T1,1,100,37.535
1715671531.636971,2864188.000,10393,1,T1,1,100,37.480
1715671531.766958,2864312.000,10411,1,T1,1,100,37.491
1715671531.901138,2864440.000,10430,1,T1,1,100,37.390
1715671532.033221,2864566.000,10462,1,T1,1,100,37.488
1715671532.167401,2864694.000,10481,1,T1,1,100,37.424
1715671532.300533,2864821.000,10497,1,T1,1,100,37.396
1715671532.434713,2864949.000,10515,1,T1,1,100,37.349
1715671532.569941,2865078.000,10554,1,T1,1,100,37.470
1715671532.699928,2865202.000,10571,1,T1,1,100,37.452
1715671532.832012,2865328.000,10588,1,T1,1,100,37.514
1715671532.965143,2865455.000,10604,1,T1,1,100,37.400
1715671533.096179,2865580.000,10622,1,T1,1,100,37.528
1715671533.230359,2865708.000,10656,1,T1,1,100,37.441
1715671533.364539,2865836.000,10672,1,T1,1,100,37.404
1715671533.497671,2865963.000,10690,1,T1,1,100,37.352
1715671533.631851,2866091.000,10706,1,T1,1,100,37.365
1715671533.764982,2866218.000,10741,1,T1,1,100,37.442
1715671533.897066,2866344.000,10758,1,T1,1,100,37.510
1715671534.029150,2866470.000,10774,1,T1,1,100,37.433
1715671534.163330,2866598.000,10792,1,T1,1,100,37.400
1715671534.295413,2866724.000,10823,1,T1,1,100,37.350
1715671534.429593,2866852.000,10843,1,T1,1,100,37.471
1715671534.563773,2866980.000,10862,1,T1,1,100,37.523
1715671534.696905,2867107.000,10878,1,T1,1,100,37.545
1715671534.832134,2867236.000,10910,1,T1,1,100,37.520
1715671534.964217,2867362.000,10927,1,T1,1,100,37.473
1715671535.094204,2867486.000,10944,1,T1,1,100,37.524
1715671535.227336,2867613.000,10961,1,T1,1,100,37.510
1715671535.359419,2867739.000,10993,1,T1,1,100,37.469
1715671535.493599,2867867.000,11009,1,T1,1,100,37.451
1715671535.626731,2867994.000,11028,1,T1,1,100,37.372
1715671535.760911,2868122.000,11048,1,T1,1,100,37.445
1715671535.896140,2868251.000,11079,1,T1,1,100,37.476
1715671536.027175,2868376.000,11096,1,T1,1,100,37.454
1715671536.160306,2868503.000,11113,1,T1,1,100,37.480
1715671536.293438,2868630.000,11133,1,T1,1,100,37.491
1715671536.424474,2868755.000,11165,1,T1,1,100,37.603
1715671536.558654,2868883.000,11183,1,T1,1,100,37.580
1715671536.692834,2869011.000,11200,1,T1,1,100,37.535
1715671536.825965,2869138.000,11217,1,T1,1,100,37.515
1715671536.960145,2869266.000,11251,1,T1,1,100,37.506
1715671537.094326,2869394.000,11269,1,T1,1,100,37.503
1715671537.226409,2869520.000,11287,1,T1,1,100,37.430
1715671537.358493,2869646.000,11306,1,T1,1,100,37.328
1715671537.492673,2869774.000,11338,1,T1,1,100,37.461
1715671537.623708,2869899.000,11357,1,T1,1,100,37.448
1715671537.757888,2870027.000,11375,1,T1,1,100,37.513
1715671537.892068,2870155.000,11391,1,T1,1,100,37.435
1715671538.025200,2870282.000,11413,1,T1,1,100,37.401
1715671538.158856,2870409.500,11448,2,T1,1,100,37.422
1715671538.292512,2870537.000,11448,2,T1,1,100,37.431
1715671538.422499,2870661.000,11467,1,T1,1,100,37.435
1715671538.555630,2870788.000,11484,1,T1,1,100,37.472
1715671538.687714,2870914.000,11516,1,T1,1,100,37.594
1715671538.821894,2871042.000,11535,1,T1,1,100,37.505
1715671538.955026,2871169.000,11552,1,T1,1,100,37.431
1715671539.089206,2871297.000,11569,1,T1,1,100,37.506
1715671539.223386,2871425.000,11600,1,T1,1,100,37.432
1715671539.354421,2871550.000,11619,1,T1,1,100,37.435
1715671539.488601,2871678.000,11636,1,T1,1,100,37.436
1715671539.621733,2871805.000,11656,1,T1,1,100,37.437
1715671539.752768,2871930.000,11688,1,T1,1,100,37.402
1715671539.886948,2872058.000,11704,1,T1,1,100,37.458
1715671540.021128,2872186.000,11721,1,T1,1,100,37.517
1715671540.154260,2872313.000,11741,1,T1,1,100,37.401
1715671540.288440,2872441.000,11774,1,T1,1,100,37.422
1715671540.422621,2872569.000,11792,1,T1,1,100,37.537
1715671540.554704,2872695.000,11808,1,T1,1,100,37.374
1715671540.686787,2872821.000,11825,1,T1,1,100,37.375
1715671540.819919,2872948.000,11860,1,T1,1,100,37.517
1715671540.950954,2873073.000,11876,1,T1,1,100,37.472
1715671541.085135,2873201.000,11894,1,T1,1,100,37.452
1715671541.219315,2873329.000,11910,1,T1,1,100,37.373
1715671541.352446,2873456.000,11944,1,T1,1,100,37.374
1715671541.487675,2873585.000,11964,1,T1,1,100,37.516
1715671541.619758,2873711.000,11980,1,T1,1,100,37.401
1715671541.750793,2873836.000,11998,1,T1,1,100,37.457
1715671541.883925,2873963.000,12014,1,T1,1,100,37.446
1715671542.016009,2874089.000,12046,1,T1,1,100,37.583
1715671542.150189,2874217.000,12068,1,T1,1,100,37.465
1715671542.283321,2874344.000,12084,1,T1,1,100,37.520
1715671542.417501,2874472.000,12118,1,T1,1,100,37.438
1715671542.551681,2874600.000,12138,1,T1,1,100,37.509
1715671542.683764,2874726.000,12154,1,T1,1,100,37.468
1715671542.817945,2874854.000,12172,1,T1,1,100,37.486
1715671542.951076,2874981.000,12203,1,T1,1,100,37.494
1715671543.082111,2875106.000,12220,1,T1,1,100,37.427
1715671543.215243,2875233.000,12239,1,T1,1,100,37.433
1715671543.349423,2875361.000,12260,1,T1,1,100,37.435
1715671543.482555,2875488.000,12281,1,T1,1,100,37.437
1715671543.616735,2875616.000,12297,1,T1,1,100,37.437
1715671543.750915,2875744.000,12329,1,T1,1,100,37.437
1715671543.882999,2875870.000,12346,1,T1,1,100,37.508
1715671544.015082,2875996.000,12362,1,T1,1,100,37.468
1715671544.148214,2876123.000,12385,1,T1,1,100,37.415
1715671544.279249,2876248.000,12416,1,T1,1,100,37.463
1715671544.413429,2876376.000,12433,1,T1,1,100,37.484
1715671544.547609,2876504.000,12450,1,T1,1,100,37.422
1715671544.680741,2876631.000,12469,1,T1,1,100,37.431
1715671544.815969,2876760.000,12501,1,T1,1,100,37.506
1715671544.948053,2876886.000,12520,1,T1,1,100,37.431
1715671545.079088,2877011.000,12537,1,T1,1,100,37.470
1715671545.212220,2877138.000,12554,1,T1,1,100,37.523
1715671545.344304,2877264.000,12589,1,T1,1,100,37.510
1715671545.478484,2877392.000,12605,1,T1,1,100,37.469
1715671545.611615,2877519.000,12622,1,T1,1,100,37.451
1715671545.745795,2877647.000,12639,1,T1,1,100,37.372
1715671545.879976,2877775.000,12672,1,T1,1,100,37.338
1715671546.012059,2877901.000,12693,1,T1,1,100,37.359
1715671546.146239,2878029.000,12709,1,T1,1,100,37.333
1715671546.279371,2878156.000,12726,1,T1,1,100,37.250
1715671546.410406,2878281.000,12742,1,T1,1,100,37.392
1715671546.543538,2878408.000,12777,1,T1,1,100,37.453
1715671546.677718,2878536.000,12794,1,T1,1,100,37.409
1715671546.810850,2878663.000,12811,1,T1,1,100,37.390
1715671546.945030,2878791.000,12842,1,T1,1,100,37.523
1715671547.079210,2878919.000,12864,1,T1,1,100,37.439
1715671547.211293,2879045.000,12880,1,T1,1,100,37.403
1715671547.343377,2879171.000,12900,1,T1,1,100,37.458
1715671547.476509,2879298.000,12932,1,T1,1,100,37.659
1715671547.607544,2879423.000,12948,1,T1,1,100,37.462
1715671547.741724,2879551.000,12966,1,T1,1,100,37.484
1715671547.875904,2879679.000,12985,1,T1,1,100,37.422
1715671548.009036,2879806.000,13019,1,T1,1,100,37.395
1715671548.144264,2879935.000,13036,1,T1,1,100,37.455
1715671548.276348,2880061.000,13052,1,T1,1,100,37.480
1715671548.407383,2880186.000,13070,1,T1,1,100,37.456
1715671548.540515,2880313.000,13101,1,T1,1,100,37.446
1715671548.672598,2880439.000,13126,1,T1,1,100,37.512
1715671548.806778,2880567.000,13145,1,T1,1,100,37.505
1715671548.939910,2880694.000,13161,1,T1,1,100,37.467
1715671549.074090,2880822.000,13179,1,T1,1,100,37.450
1715671549.208271,2880950.000,13195,1,T1,1,100,37.443
1715671549.340354,2881076.000,13227,1,T1,1,100,37.440
1715671549.474534,2881204.000,13244,1,T1,1,100,37.403
1715671549.607666,2881331.000,13260,1,T1,1,100,37.423
1715671549.738701,2881456.000,13278,1,T1,1,100,37.431
1715671549.871833,2881583.000,13311,1,T1,1,100,37.470
1715671550.006013,2881711.000,13331,1,T1,1,100,37.452
1715671550.139145,2881838.000,13348,1,T1,1,100,37.444
1715671550.273325,2881966.000,13364,1,T1,1,100,37.440
1715671550.407505,2882094.000,13384,1,T1,1,100,37.474
1715671550.539588,2882220.000,13416,1,T1,1,100,37.347
1715671550.671672,2882346.000,13434,1,T1,1,100,37.327
1715671550.804804,2882473.000,13452,1,T1,1,100,37.390
1715671550.935839,2882598.000,13468,1,T1,1,100,37.311
1715671551.070019,2882726.000,13503,1,T1,1,100,37.347
1715671551.204199,2882854.000,13520,1,T1,1,100,37.469
1715671551.337331,2882981.000,13536,1,T1,1,100,37.451
1715671551.472559,2883110.000,13554,1,T1,1,100,37.514
1715671551.604643,2883236.000,13587,1,T1,1,100,37.471
1715671551.735678,2883361.000,13607,1,T1,1,100,37.452
1715671551.868810,2883488.000,13624,1,T1,1,100,37.444
1715671552.000893,2883614.000,13640,1,T1,1,100,37.440
1715671552.135073,2883742.000,13674,1,T1,1,100,37.439
1715671552.268205,2883869.000,13691,1,T1,1,100,37.367
1715671552.402385,2883997.000,13708,1,T1,1,100,37.407
1715671552.536565,2884125.000,13730,1,T1,1,100,37.495
1715671552.668649,2884251.000,13762,1,T1,1,100,37.498
1715671552.802829,2884379.000,13778,1,T1,1,100,37.428
1715671552.935961,2884506.000,13798,1,T1,1,100,37.575
1715671553.066996,2884631.000,13815,1,T1,1,100,37.568
1715671553.199079,2884757.000,13832,1,T1,1,100,37.459
1715671553.333259,2884885.000,13866,1,T1,1,100,37.376
1715671553.466391,2885012.000,13882,1,T1,1,100,37.375
1715671553.600571,2885140.000,13899,1,T1,1,100,37.446
1715671553.734751,2885268.000,13916,1,T1,1,100,37.477
1715671553.866835,2885394.000,13950,1,T1,1,100,37.454
1715671553.998918,2885520.000,13973,1,T1,1,100,37.374
1715671554.131002,2885646.000,13989,1,T1,1,100,37.375
1715671554.262037,2885771.000,14011,1,T1,1,100,37.446
1715671554.396217,2885899.000,14028,1,T1,1,100,37.370
1715671554.530397,2886027.000,14059,1,T1,1,100,37.408
1715671554.663529,2886154.000,14077,1,T1,1,100,37.460
1715671554.798757,2886283.000,14093,1,T1,1,100,37.447
1715671554.930841,2886409.000,14110,1,T1,1,100,37.406
1715671555.062924,2886535.000,14145,1,T1,1,100,37.389
1715671555.196056,2886662.000,14161,1,T1,1,100,37.345
1715671555.328140,2886788.000,14178,1,T1,1,100,37.327
1715671555.462320,2886916.000,14197,1,T1,1,100,37.354
1715671555.595452,2887043.000,14231,1,T1,1,100,37.366
1715671555.729632,2887171.000,14249,1,T1,1,100,37.336
1715671555.863812,2887299.000,14265,1,T1,1,100,37.464
1715671555.995895,2887425.000,14282,1,T1,1,100,37.449
1715671556.130075,2887553.000,14314,1,T1,1,100,37.407
1715671556.263207,2887680.000,14333,1,T1,1,100,37.460
1715671556.394242,2887805.000,14351,1,T1,1,100,37.412
1715671556.526326,2887931.000,14367,1,T1,1,100,37.497
1715671556.660506,2888059.000,14399,1,T1,1,100,37.463
1715671556.793638,2888186.000,14416,1,T1,1,100,37.484
1715671556.927818,2888314.000,14435,1,T1,1,100,37.422
1715671557.061998,2888442.000,14453,1,T1,1,100,37.466
1715671557.194081,2888568.000,14486,1,T1,1,100,37.415
1715671557.326165,2888694.000,14503,1,T1,1,100,37.569
1715671557.458248,2888820.000,14520,1,T1,1,100,37.565
1715671557.589284,2888945.000,14539,1,T1,1,100,37.457
1715671557.723464,2889073.000,14573,1,T1,1,100,37.446
1715671557.857644,2889201.000,14590,1,T1,1,100,37.441
1715671557.990776,2889328.000,14606,1,T1,1,100,37.404
1715671558.126004,2889457.000,14624,1,T1,1,100,37.352
1715671558.258087,2889583.000,14658,1,T1,1,100,37.365
1715671558.390171,2889709.000,14675,1,T1,1,100,37.406
1715671558.523303,2889836.000,14692,1,T1,1,100,37.353
1715671558.655386,2889962.000,14708,1,T1,1,100,37.365
1715671558.789566,2890090.000,14740,1,T1,1,100,37.442
1715671558.922698,2890217.000,14757,1,T1,1,100,37.404
1715671559.056878,2890345.000,14777,1,T1,1,100,37.352
1715671559.191058,2890473.000,14794,1,T1,1,100,37.330
1715671559.324190,2890600.000,14826,1,T1,1,100,37.284
1715671559.458370,2890728.000,14850,1,T1,1,100,37.371
1715671559.591502,2890855.000,14867,1,T1,1,100,37.409
1715671559.722537,2890980.000,14884,1,T1,1,100,37.390
1715671559.854621,2891106.000,14901,1,T1,1,100,37.452
1715671559.988801,2891234.000,14933,1,T1,1,100,37.373
1715671560.121933,2891361.000,14952,1,T1,1,100,37.339
1715671560.256113,2891489.000,14971,1,T1,1,100,37.395
1715671560.390293,2891617.000,14988,1,T1,1,100,37.313
1715671560.522376,2891743.000,15019,1,T1,1,100,37.454
1715671560.654460,2891869.000,15040,1,T1,1,100,37.480
1715671560.786543,2891995.000,15056,1,T1,1,100,37.491
1715671560.917578,2892120.000,15073,1,T1,1,100,37.496
1715671561.051759,2892248.000,15090,1,T1,1,100,37.498
1715671561.185939,2892376.000,15123,1,T1,1,100,37.393
1715671561.319070,2892503.000,15140,1,T1,1,100,37.418
1715671561.454299,2892632.000,15160,1,T1,1,100,37.429
1715671561.586382,2892758.000,15177,1,T1,1,100,37.505
1715671561.718466,2892884.000,15209,1,T1,1,100,37.467
1715671561.851598,2893011.000,15225,1,T1,1,100,37.450
1715671561.983681,2893137.000,15244,1,T1,1,100,37.443
1715671562.117861,2893265.000,15266,1,T1,1,100,37.369
1715671562.250993,2893392.000,15297,1,T1,1,100,37.337
1715671562.385173,2893520.000,15315,1,T1,1,100,37.394
1715671562.519353,2893648.000,15331,1,T1,1,100,37.419
1715671562.652485,2893775.000,15348,1,T1,1,100,37.394
1715671562.786665,2893903.000,15385,1,T1,1,100,37.348
1715671562.919797,2894030.000,15401,1,T1,1,100,37.328
1715671563.050832,2894155.000,15419,1,T1,1,100,37.355
1715671563.181867,2894280.000,15435,1,T1,1,100,37.402
1715671563.316047,2894408.000,15470,1,T1,1,100,37.351
1715671563.449179,2894535.000,15487,1,T1,1,100,37.365
1715671563.583359,2894663.000,15503,1,T1,1,100,37.406
1715671563.717539,2894791.000,15521,1,T1,1,100,37.388
1715671563.849623,2894917.000,15539,1,T1,1,100,37.487
1715671563.981706,2895043.000,15574,1,T1,1,100,37.459
1715671564.114838,2895170.000,15591,1,T1,1,100,37.340
1715671564.245873,2895295.000,15607,1,T1,1,100,37.431
1715671564.380053,2895423.000,15624,1,T1,1,100,37.470
1715671564.514233,2895551.000,15659,1,T1,1,100,37.452
1715671564.647365,2895678.000,15675,1,T1,1,100,37.408
1715671564.782593,2895807.000,15693,1,T1,1,100,37.425
1715671564.914677,2895933.000,15714,1,T1,1,100,37.432
1715671565.047809,2896060.000,15748,1,T1,1,100,37.471
1715671565.180941,2896187.000,15765,1,T1,1,100,37.487
1715671565.313024,2896313.000,15784,1,T1,1,100,37.459
1715671565.446156,2896440.000,15802,1,T1,1,100,37.411
1715671565.579288,2896567.000,15833,1,T1,1,100,37.426
1715671565.713468,2896695.000,15850,1,T1,1,100,37.397
1715671565.847648,2896823.000,15870,1,T1,1,100,37.420
1715671565.980780,2896950.000,15888,1,T1,1,100,37.394
1715671566.114960,2897078.000,15920,1,T1,1,100,37.419
1715671566.248091,2897205.000,15937,1,T1,1,100,37.394
1715671566.378078,2897329.000,15954,1,T1,1,100,37.383
1715671566.509114,2897454.000,15971,1,T1,1,100,37.449
1715671566.643294,2897582.000,16006,1,T1,1,100,37.407
1715671566.776426,2897709.000,16022,1,T1,1,100,37.460
1715671566.910606,2897837.000,16041,1,T1,1,100,37.483
1715671567.044786,2897965.000,16058,1,T1,1,100,37.457
1715671567.176869,2898091.000,16094,1,T1,1,100,37.446
1715671567.310001,2898218.000,16111,1,T1,1,100,37.406
1715671567.443133,2898345.000,16128,1,T1,1,100,37.459
1715671567.574168,2898470.000,16145,1,T1,1,100,37.482
1715671567.708348,2898598.000,16177,1,T1,1,100,37.528
1715671567.842528,2898726.000,16198,1,T1,1,100,37.441
1715671567.975660,2898853.000,16215,1,T1,1,100,37.368
1715671568.110888,2898982.000,16232,1,T1,1,100,37.443
1715671568.244020,2899109.000,16249,1,T1,1,100,37.404
1715671568.377152,2899236.000,16281,1,T1,1,100,37.388
1715671568.510284,2899363.000,16300,1,T1,1,100,37.381
1715671568.642367,2899489.000,16317,1,T1,1,100,37.519
1715671568.774451,2899615.000,16334,1,T1,1,100,37.508
1715671568.907583,2899742.000,16367,1,T1,1,100,37.433
1715671569.041763,2899870.000,16385,1,T1,1,100,37.400
1715671569.175943,2899998.000,16401,1,T1,1,100,37.386
1715671569.310123,2900126.000,16421,1,T1,1,100,37.380
1715671569.444303,2900254.000,16453,1,T1,1,100,37.377
1715671569.577435,2900381.000,16469,1,T1,1,100,37.447
1715671569.707946,2900505.500,16490,2,T1,1,100,37.371
1715671569.838457,2900630.000,16490,2,T1,1,100,37.409
1715671569.972637,2900758.000,16508,1,T1,1,100,37.354
1715671570.105769,2900885.000,16540,1,T1,1,100,37.366
1715671570.239949,2901013.000,16562,1,T1,1,100,37.407
1715671570.374129,2901141.000,16582,1,T1,1,100,37.389
1715671570.506212,2901267.000,16599,1,T1,1,100,37.381
1715671570.640392,2901395.000,16615,1,T1,1,100,37.413
1715671570.773524,2901522.000,16649,1,T1,1,100,37.356
1715671570.904559,2901647.000,16666,1,T1,1,100,37.402
1715671571.037691,2901774.000,16686,1,T1,1,100,37.422
1715671571.171871,2901902.000,16703,1,T1,1,100,37.502
1715671571.305003,2902029.000,16735,1,T1,1,100,37.394
1715671571.440231,2902158.000,16751,1,T1,1,100,37.419
1715671571.573363,2902285.000,16768,1,T1,1,100,37.288
1715671571.706495,2902412.000,16784,1,T1,1,100,37.373
1715671571.839627,2902539.000,16819,1,T1,1,100,37.409
1715671571.971710,2902665.000,16838,1,T1,1,100,37.496
1715671572.102746,2902790.000,16857,1,T1,1,100,37.463
1715671572.235877,2902917.000,16874,1,T1,1,100,37.449
1715671572.370057,2903045.000,16909,1,T1,1,100,37.442
1715671572.504237,2903173.000,16925,1,T1,1,100,37.475
1715671572.637369,2903300.000,16942,1,T1,1,100,37.596
1715671572.771549,2903428.000,16974,1,T1,1,100,37.400
1715671572.904681,2903555.000,16993,1,T1,1,100,37.457
1715671573.035716,2903680.000,17011,1,T1,1,100,37.446
1715671573.166752,2903805.000,17027,1,T1,1,100,37.441
1715671573.300932,2903933.000,17044,1,T1,1,100,37.404
1715671573.434063,2904060.000,17076,1,T1,1,100,37.423
1715671573.568244,2904188.000,17095,1,T1,1,100,37.396
1715671573.702424,2904316.000,17115,1,T1,1,100,37.490
1715671573.834507,2904442.000,17131,1,T1,1,100,37.425
1715671573.969735,2904571.000,17163,1,T1,1,100,37.397
1715671574.102867,2904698.000,17180,1,T1,1,100,37.455
1715671574.233902,2904823.000,17199,1,T1,1,100,37.587
1715671574.367034,2904950.000,17217,1,T1,1,100,37.467
1715671574.501214,2905078.000,17250,1,T1,1,100,37.521
1715671574.634346,2905205.000,17266,1,T1,1,100,37.509
1715671574.769574,2905334.000,17284,1,T1,1,100,37.504
1715671574.902706,2905461.000,17303,1,T1,1,100,37.431
1715671575.035838,2905588.000,17335,1,T1,1,100,37.364
1715671575.168970,2905715.000,17352,1,T1,1,100,37.441
1715671575.301053,2905841.000,17368,1,T1,1,100,37.333
1715671575.432089,2905966.000,17386,1,T1,1,100,37.321
1715671575.565220,2906093.000,17425,1,T1,1,100,37.423
1715671575.699400,2906221.000,17444,1,T1,1,100,37.431
1715671575.833580,2906349.000,17461,1,T1,1,100,37.399
1715671575.967761,2906477.000,17477,1,T1,1,100,37.385
1715671576.101941,2906605.000,17512,1,T1,1,100,37.415
1715671576.234024,2906731.000,17529,1,T1,1,100,37.357
1715671576.366108,2906857.000,17546,1,T1,1,100,37.438
1715671576.497143,2906982.000,17563,1,T1,1,100,37.438
1715671576.631323,2907110.000,17595,1,T1,1,100,37.260
1715671576.764455,2907237.000,17611,1,T1,1,100,37.325
1715671576.898635,2907365.000,17633,1,T1,1,100,37.318
1715671577.032815,2907493.000,17650,1,T1,1,100,37.421
1715671577.164898,2907619.000,17683,1,T1,1,100,37.360
1715671577.300127,2907748.000,17700,1,T1,1,100,37.368
1715671577.433259,2907875.000,17720,1,T1,1,100,37.337
1715671577.564294,2908000.000,17737,1,T1,1,100,37.429
1715671577.696377,2908126.000,17769,1,T1,1,100,37.292
1715671577.830557,2908254.000,17785,1,T1,1,100,37.339
1715671577.963689,2908381.000,17804,1,T1,1,100,37.324
1715671578.098917,2908510.000,17824,1,T1,1,100,37.459
1715671578.232049,2908637.000,17855,1,T1,1,100,37.341
1715671578.365181,2908764.000,17873,1,T1,1,100,37.396
1715671578.498313,2908891.000,17889,1,T1,1,100,37.455
1715671578.629348,2909016.000,17906,1,T1,1,100,37.339
1715671578.760383,2909141.000,17943,1,T1,1,100,37.324
1715671578.893515,2909268.000,17959,1,T1,1,100,37.317
1715671579.027695,2909396.000,17977,1,T1,1,100,37.350
1715671579.161875,2909524.000,17993,1,T1,1,100,37.400
1715671579.295007,2909651.000,18025,1,T1,1,100,37.386
1715671579.429187,2909779.000,18045,1,T1,1,100,37.415
1715671579.562319,2909906.000,18061,1,T1,1,100,37.463
1715671579.694402,2910032.000,18079,1,T1,1,100,37.484
1715671579.825438,2910157.000,18110,1,T1,1,100,37.564
1715671579.959618,2910285.000,18126,1,T1,1,100,37.492
1715671580.092750,2910412.000,18147,1,T1,1,100,37.390
1715671580.226930,2910540.000,18163,1,T1,1,100,37.382
1715671580.361110,2910668.000,18195,1,T1,1,100,37.307
1715671580.493193,2910794.000,18212,1,T1,1,100,37.346
1715671580.628422,2910923.000,18228,1,T1,1,100,37.398
1715671580.761553,2911050.000,18249,1,T1,1,100,37.349
1715671580.892589,2911175.000,18280,1,T1,1,100,37.328
1715671581.024672,2911301.000,18302,1,T1,1,100,37.355
1715671581.158328,2911428.500,18324,2,T1,1,100,37.366
1715671581.291984,2911556.000,18324,2,T1,1,100,37.513
1715671581.427212,2911685.000,18356,1,T1,1,100,37.541
1715671581.560344,2911812.000,18372,1,T1,1,100,37.482
1715671581.693476,2911939.000,18392,1,T1,1,100,37.421
1715671581.826608,2912066.000,18408,1,T1,1,100,37.289
1715671581.958691,2912192.000,18426,1,T1,1,100,37.373
1715671582.089726,2912317.000,18460,1,T1,1,100,37.481
1715671582.222858,2912444.000,18476,1,T1,1,100,37.350
1715671582.357038,2912572.000,18494,1,T1,1,100,37.364
1715671582.491218,2912700.000,18510,1,T1,1,100,37.335
1715671582.625398,2912828.000,18542,1,T1,1,100,37.358
1715671582.759578,2912956.000,18559,1,T1,1,100,37.474
1715671582.893759,2913084.000,18580,1,T1,1,100,37.453
1715671583.025842,2913210.000,18597,1,T1,1,100,37.409
1715671583.156877,2913335.000,18634,1,T1,1,100,37.390
1715671583.291057,2913463.000,18650,1,T1,1,100,37.417
1715671583.423141,2913589.000,18668,1,T1,1,100,37.322
1715671583.557321,2913717.000,18684,1,T1,1,100,37.388
1715671583.691501,2913845.000,18716,1,T1,1,100,37.380
1715671583.823585,2913971.000,18736,1,T1,1,100,37.413
1715671583.958813,2914100.000,18752,1,T1,1,100,37.462
1715671584.091945,2914227.000,18772,1,T1,1,100,37.413
1715671584.222980,2914352.000,18803,1,T1,1,100,37.391
1715671584.354015,2914477.000,18820,1,T1,1,100,37.382
1715671584.488195,2914605.000,18837,1,T1,1,100,37.343
1715671584.621327,2914732.000,18856,1,T1,1,100,37.326
1715671584.756556,2914861.000,18888,1,T1,1,100,37.389
1715671584.889687,2914988.000,18905,1,T1,1,100,37.417
1715671585.022819,2915115.000,18922,1,T1,1,100,37.393
1715671585.155951,2915242.000,18956,1,T1,1,100,37.276
1715671585.288034,2915368.000,18974,1,T1,1,100,37.368
1715671585.419070,2915493.000,18990,1,T1,1,100,37.478
1715671585.552201,2915620.000,19007,1,T1,1,100,37.455
1715671585.686381,2915748.000,19039,1,T1,1,100,37.445
1715671585.820561,2915876.000,19058,1,T1,1,100,37.370
1715671585.953693,2916003.000,19075,1,T1,1,100,37.373
1715671586.087873,2916131.000,19092,1,T1,1,100,37.339
1715671586.222054,2916259.000,19123,1,T1,1,100,37.288
1715671586.354137,2916385.000,19149,1,T1,1,100,37.302
1715671586.485172,2916510.000,19165,1,T1,1,100,37.308
1715671586.618304,2916637.000,19183,1,T1,1,100,37.311
1715671586.750387,2916763.000,19199,1,T1,1,100,37.312
1715671586.884567,2916891.000,19216,1,T1,1,100,37.312
1715671587.018748,2917019.000,19253,1,T1,1,100,37.454
1715671587.150831,2917145.000,19269,1,T1,1,100,37.409
1715671587.286059,2917274.000,19286,1,T1,1,100,37.354
1715671587.419191,2917401.000,19303,1,T1,1,100,37.402
1715671587.550226,2917526.000,19334,1,T1,1,100,37.457
1715671587.681262,2917651.000,19355,1,T1,1,100,37.375
1715671587.815442,2917779.000,19371,1,T1,1,100,37.375
1715671587.948574,2917906.000,19388,1,T1,1,100,37.410
1715671588.083802,2918035.000,19422,1,T1,1,100,37.461
1715671588.216934,2918162.000,19438,1,T1,1,100,37.448
1715671588.350065,2918289.000,19459,1,T1,1,100,37.406
1715671588.483197,2918416.000,19475,1,T1,1,100,37.389
1715671588.616329,2918543.000,19492,1,T1,1,100,37.381
1715671588.747364,2918668.000,19526,1,T1,1,100,37.448
1715671588.880496,2918795.000,19545,1,T1,1,100,37.407
1715671589.014676,2918923.000,19563,1,T1,1,100,37.424
1715671589.148856,2919051.000,19579,1,T1,1,100,37.538
1715671589.281988,2919178.000,19611,1,T1,1,100,37.481
1715671589.416168,2919306.000,19628,1,T1,1,100,37.492
1715671589.551397,2919435.000,19644,1,T1,1,100,37.426
1715671589.683480,2919561.000,19679,1,T1,1,100,37.397
1715671589.814515,2919686.000,19696,1,T1,1,100,37.349
1715671589.947647,2919813.000,19712,1,T1,1,100,37.364
1715671590.079731,2919939.000,19730,1,T1,1,100,37.370
1715671590.213911,2920067.000,19764,1,T1,1,100,37.408
1715671590.348091,2920195.000,19781,1,T1,1,100,37.425
1715671590.480174,2920321.000,19798,1,T1,1,100,37.468
1715671590.615402,2920450.000,19814,1,T1,1,100,37.344
1715671590.748534,2920577.000,19846,1,T1,1,100,37.362
1715671590.879570,2920702.000,19866,1,T1,1,100,37.369
1715671591.010605,2920827.000,19883,1,T1,1,100,37.302
1715671591.144785,2920955.000,19900,1,T1,1,100,37.343
1715671591.277917,2921082.000,19916,1,T1,1,100,37.432
1715671591.413145,2921211.000,19934,1,T1,1,100,37.471
1715671591.546277,2921338.000,19968,1,T1,1,100,37.381
1715671591.679409,2921465.000,19987,1,T1,1,100,37.378
1715671591.812540,2921592.000,20009,1,T1,1,100,37.376
1715671591.945672,2921719.000,20025,1,T1,1,100,37.375
1715671592.076707,2921844.000,20045,1,T1,1,100,37.446
1715671592.209839,2921971.000,20064,1,T1,1,100,37.441
1715671592.342971,2922098.000,20081,1,T1,1,100,37.368
1715671592.477151,2922226.000,20113,1,T1,1,100,37.337
1715671592.610283,2922353.000,20129,1,T1,1,100,37.358
1715671592.744463,2922481.000,20147,1,T1,1,100,37.439
1715671592.879691,2922610.000,20166,1,T1,1,100,37.473
1715671593.011775,2922736.000,20198,1,T1,1,100,37.418
1715671593.142810,2922861.000,20215,1,T1,1,100,37.393
1715671593.274894,2922987.000,20231,1,T1,1,100,37.418
1715671593.406977,2923113.000,20249,1,T1,1,100,37.394
1715671593.541157,2923241.000,20283,1,T1,1,100,37.490
1715671593.675337,2923369.000,20300,1,T1,1,100,37.460
1715671593.807421,2923495.000,20317,1,T1,1,100,37.341
1715671593.942649,2923624.000,20349,1,T1,1,100,37.325
1715671594.075781,2923751.000,20368,1,T1,1,100,37.389
1715671594.206816,2923876.000,20385,1,T1,1,100,37.452
1715671594.337851,2924001.000,20402,1,T1,1,100,37.408
1715671594.472031,2924129.000,20419,1,T1,1,100,37.318
1715671594.605163,2924256.000,20451,1,T1,1,100,37.351
1715671594.740391,2924385.000,20467,1,T1,1,100,37.294
1715671594.873523,2924512.000,20487,1,T1,1,100,37.340
1715671595.006655,2924639.000,20519,1,T1,1,100,37.324
1715671595.140835,2924767.000,20535,1,T1,1,100,37.424
1715671595.273967,2924894.000,20552,1,T1,1,100,37.396
1715671595.405002,2925019.000,20572,1,T1,1,100,37.384
1715671595.538134,2925146.000,20603,1,T1,1,100,37.414
1715671595.671266,2925273.000,20623,1,T1,1,100,37.392
1715671595.805446,2925401.000,20639,1,T1,1,100,37.382
1715671595.939626,2925529.000,20656,1,T1,1,100,37.343
1715671596.073806,2925657.000,20688,1,T1,1,100,37.326
1715671596.209034,2925786.000,20707,1,T1,1,100,37.425
1715671596.341118,2925912.000,20725,1,T1,1,100,37.326
1715671596.472153,2926037.000,20741,1,T1,1,100,37.389
1715671596.604237,2926163.000,20773,1,T1,1,100,37.346
1715671596.736320,2926289.000,20793,1,T1,1,100,37.398
1715671596.870500,2926417.000,20809,1,T1,1,100,37.420
1715671597.004680,2926545.000,20827,1,T1,1,100,37.253
1715671597.136764,2926671.000,20865,1,T1,1,100,37.358
1715671597.271992,2926800.000,20883,1,T1,1,100,37.403
1715671597.405124,2926927.000,20901,1,T1,1,100,37.423
1715671597.536159,2927052.000,20917,1,T1,1,100,37.396
1715671597.667194,2927177.000,20949,1,T1,1,100,37.348
1715671597.801374,2927305.000,20966,1,T1,1,100,37.399
1715671597.934506,2927432.000,20988,1,T1,1,100,37.385
1715671598.069735,2927561.000,21006,1,T1,1,100,37.450
1715671598.202866,2927688.000,21037,1,T1,1,100,37.408
1715671598.335998,2927815.000,21056,1,T1,1,100,37.425
1715671598.470178,2927943.000,21073,1,T1,1,100,37.326
1715671598.603310,2928070.000,21089,1,T1,1,100,37.283
1715671598.734345,2928195.000,21124,1,T1,1,100,37.300
1715671598.867477,2928322.000,21141,1,T1,1,100,37.307
1715671598.999561,2928448.000,21158,1,T1,1,100,37.239
1715671599.133741,2928576.000,21177,1,T1,1,100,37.281
1715671599.266872,2928703.000,21212,1,T1,1,100,37.334
1715671599.401052,2928831.000,21228,1,T1,1,100,37.251
1715671599.536281,2928960.000,21245,1,T1,1,100,37.392
1715671599.668365,2929086.000,21262,1,T1,1,100,37.382
1715671599.799400,2929211.000,21293,1,T1,1,100,37.414
1715671599.930435,2929336.000,21313,1,T1,1,100,37.392
1715671600.062518,2929462.000,21330,1,T1,1,100,37.276
1715671600.196698,2929590.000,21347,1,T1,1,100,37.368
1715671600.330878,2929718.000,21379,1,T1,1,100,37.336
1715671600.462962,2929844.000,21395,1,T1,1,100,37.429
1715671600.598190,2929973.000,21415,1,T1,1,100,37.434
1715671600.731322,2930100.000,21432,1,T1,1,100,37.365
1715671600.863406,2930226.000,21465,1,T1,1,100,37.371
1715671600.996013,2930352.500,21483,2,T1,1,100,37.373
1715671601.128621,2930479.000,21483,2,T1,1,100,37.410
1715671601.261753,2930606.000,21502,1,T1,1,100,37.390
1715671601.396981,2930735.000,21534,1,T1,1,100,37.381
1715671601.530113,2930862.000,21551,1,T1,1,100,37.378
1715671601.663245,2930989.000,21568,1,T1,1,100,37.376
1715671601.798473,2931118.000,21585,1,T1,1,100,37.340
1715671601.931605,2931245.000,21620,1,T1,1,100,37.324
1715671602.062640,2931370.000,21640,1,T1,1,100,37.389
1715671602.194724,2931496.000,21657,1,T1,1,100,37.310
1715671602.326807,2931622.000,21673,1,T1,1,100,37.311
1715671602.460987,2931750.000,21708,1,T1,1,100,37.277
1715671602.594643,2931877.500,21733,2,T1,1,100,37.226
1715671602.728299,2932005.000,21733,2,T1,1,100,37.240
1715671602.863528,2932134.000,21749,1,T1,1,100,37.281
1715671602.995611,2932260.000,21767,1,T1,1,100,37.334
1715671603.126646,2932385.000,21801,1,T1,1,100,37.322
1715671603.256633,2932509.000,21818,1,T1,1,100,37.352
1715671603.389765,2932636.000,21835,1,T1,1,100,37.365
1715671603.523945,2932764.000,21851,1,T1,1,100,37.371
1715671603.658125,2932892.000,21885,1,T1,1,100,37.373
1715671603.790209,2933018.000,21905,1,T1,1,100,37.445
1715671603.925437,2933147.000,21921,1,T1,1,100,37.370
1715671604.058569,2933274.000,21939,1,T1,1,100,37.302
1715671604.191700,2933401.000,21970,1,T1,1,100,37.414
1715671604.322736,2933526.000,21992,1,T1,1,100,37.427
1715671604.456916,2933654.000,22009,1,T1,1,100,37.362
1715671604.590048,2933781.000,22025,1,T1,1,100,37.334
1715671604.725276,2933910.000,22057,1,T1,1,100,37.251
1715671604.858408,2934037.000,22074,1,T1,1,100,37.392
1715671604.991539,2934164.000,22094,1,T1,1,100,37.418
1715671605.126768,2934293.000,22111,1,T1,1,100,37.358
1715671605.259900,2934420.000,22127,1,T1,1,100,37.332
1715671605.390935,2934545.000,22159,1,T1,1,100,37.392
1715671605.523018,2934671.000,22178,1,T1,1,100,37.276
1715671605.655102,2934797.000,22198,1,T1,1,100,37.297
1715671605.789282,2934925.000,22215,1,T1,1,100,37.306
1715671605.922414,2935052.000,22247,1,T1,1,100,37.345
1715671606.056594,2935180.000,22263,1,T1,1,100,37.362
1715671606.191822,2935309.000,22280,1,T1,1,100,37.405
1715671606.323906,2935435.000,22296,1,T1,1,100,37.459
1715671606.454941,2935560.000,22333,1,T1,1,100,37.411
1715671606.584928,2935684.000,22350,1,T1,1,100,37.497
1715671606.718060,2935811.000,22367,1,T1,1,100,37.392
1715671606.852240,2935939.000,22384,1,T1,1,100,37.205
1715671606.986420,2936067.000,22418,1,T1,1,100,37.231
1715671607.118503,2936193.000,22434,1,T1,1,100,37.383
1715671607.253732,2936322.000,22453,1,T1,1,100,37.272
1715671607.386863,2936449.000,22485,1,T1,1,100,37.401
1715671607.519995,2936576.000,22501,1,T1,1,100,37.493
1715671607.651031,2936701.000,22522,1,T1,1,100,37.391
1715671607.785211,2936829.000,22538,1,T1,1,100,37.311
1715671607.917294,2936955.000,22555,1,T1,1,100,37.383
1715671608.052522,2937084.000,22577,1,T1,1,100,37.449
1715671608.185654,2937211.000,22597,1,T1,1,100,37.372
1715671608.318786,2937338.000,22614,1,T1,1,100,37.232
1715671608.454014,2937467.000,22647,1,T1,1,100,37.313
1715671608.587146,2937594.000,22664,1,T1,1,100,37.348
1715671608.718181,2937719.000,22681,1,T1,1,100,37.399
1715671608.849217,2937844.000,22698,1,T1,1,100,37.314
1715671608.981300,2937970.000,22733,1,T1,1,100,37.384
1715671609.115480,2938098.000,22751,1,T1,1,100,37.344
1715671609.248612,2938225.000,22768,1,T1,1,100,37.503
1715671609.382792,2938353.000,22785,1,T1,1,100,37.324
1715671609.518020,2938482.000,22819,1,T1,1,100,37.211
1715671609.650104,2938608.000,22837,1,T1,1,100,37.233
1715671609.782187,2938734.000,22853,1,T1,1,100,37.278
1715671609.912174,2938858.000,22870,1,T1,1,100,37.369
1715671610.045306,2938985.000,22889,1,T1,1,100,37.266
1715671610.179486,2939113.000,22923,1,T1,1,100,37.328
1715671610.313666,2939241.000,22941,1,T1,1,100,37.390
1715671610.445750,2939367.000,22957,1,T1,1,100,37.311
1715671610.580978,2939496.000,22989,1,T1,1,100,37.241
1715671610.715158,2939624.000,23009,1,T1,1,100,37.388
1715671610.848290,2939751.000,23025,1,T1,1,100,37.345
1715671610.979325,2939876.000,23043,1,T1,1,100,37.256
1715671611.113505,2940004.000,23076,1,T1,1,100,37.323
1715671611.244541,2940129.000,23093,1,T1,1,100,37.282
1715671611.379769,2940258.000,23110,1,T1,1,100,37.228
1715671611.512901,2940385.000,23129,1,T1,1,100,37.418
1715671611.646033,2940512.000,23147,1,T1,1,100,37.429
1715671611.781261,2940641.000,23180,1,T1,1,100,37.327
1715671611.914393,2940768.000,23197,1,T1,1,100,37.319
1715671612.045428,2940893.000,23216,1,T1,1,100,37.386
1715671612.176463,2941018.000,23235,1,T1,1,100,37.380
1715671612.308547,2941144.000,23267,1,T1,1,100,37.377
1715671612.442727,2941272.000,23284,1,T1,1,100,37.376
1715671612.576907,2941400.000,23302,1,T1,1,100,37.411
1715671612.711087,2941528.000,23320,1,T1,1,100,37.355
1715671612.846315,2941657.000,23354,1,T1,1,100,37.402
1715671612.978399,2941783.000,23371,1,T1,1,100,37.422
1715671613.111531,2941910.000,23388,1,T1,1,100,37.395
1715671613.241518,2942034.000,23404,1,T1,1,100,37.384
1715671613.374649,2942161.000,23430,1,T1,1,100,37.379
1715671613.508829,2942289.000,23446,1,T1,1,100,37.341
1715671613.643009,2942417.000,23463,1,T1,1,100,37.360
1715671613.775093,2942543.000,23497,1,T1,1,100,37.298
1715671613.910321,2942672.000,23513,1,T1,1,100,37.271
1715671614.045550,2942801.000,23531,1,T1,1,100,37.365
1715671614.178681,2942928.000,23562,1,T1,1,100,37.406
1715671614.309717,2943053.000,23579,1,T1,1,100,37.424
1715671614.443897,2943181.000,23598,1,T1,1,100,37.432
1715671614.574932,2943306.000,23614,1,T1,1,100,37.400
1715671614.710160,2943435.000,23638,1,T1,1,100,37.386
1715671614.843292,2943562.000,23654,1,T1,1,100,37.380
1715671614.976424,2943689.000,23686,1,T1,1,100,37.306
1715671615.111652,2943818.000,23703,1,T1,1,100,37.345
1715671615.244784,2943945.000,23721,1,T1,1,100,37.362
1715671615.375819,2944070.000,23739,1,T1,1,100,37.405
1715671615.506855,2944195.000,23773,1,T1,1,100,37.423
1715671615.638938,2944321.000,23790,1,T1,1,100,37.396
1715671615.773118,2944449.000,23807,1,T1,1,100,37.420
1715671615.906250,2944576.000,23839,1,T1,1,100,37.394
1715671616.040430,2944704.000,23858,1,T1,1,100,37.383
1715671616.175658,2944833.000,23875,1,T1,1,100,37.379
1715671616.307742,2944959.000,23892,1,T1,1,100,37.377
1715671616.441922,2945087.000,23925,1,T1,1,100,37.482
1715671616.571909,2945211.000,23946,1,T1,1,100,37.421
1715671616.705041,2945338.000,23962,1,T1,1,100,37.324
1715671616.838172,2945465.000,23979,1,T1,1,100,37.318
1715671616.972353,2945593.000,23995,1,T1,1,100,37.386
1715671617.104436,2945719.000,24032,1,T1,1,100,37.380
1715671617.239664,2945848.000,24051,1,T1,1,100,37.306
1715671617.374893,2945977.000,24068,1,T1,1,100,37.310
1715671617.508024,2946104.000,24099,1,T1,1,100,37.382
1715671617.639060,2946229.000,24117,1,T1,1,100,37.343
1715671617.771143,2946355.000,24133,1,T1,1,100,37.396
1715671617.902179,2946480.000,24150,1,T1,1,100,37.420
1715671618.037407,2946609.000,24187,1,T1,1,100,37.359
1715671618.170539,2946736.000,24203,1,T1,1,100,37.333
1715671618.303670,2946863.000,24221,1,T1,1,100,37.321
1715671618.438899,2946992.000,24237,1,T1,1,100,37.352
1715671618.572031,2947119.000,24272,1,T1,1,100,37.294
1715671618.704114,2947245.000,24294,1,T1,1,100,37.198
1715671618.835149,2947370.000,24310,1,T1,1,100,37.369
1715671618.967233,2947496.000,24328,1,T1,1,100,37.337
1715671619.101413,2947624.000,24344,1,T1,1,100,37.465
1715671619.234545,2947751.000,24361,1,T1,1,100,37.378
1715671619.368725,2947879.000,24396,1,T1,1,100,37.412
1715671619.503953,2948008.000,24412,1,T1,1,100,37.426
1715671619.637085,2948135.000,24430,1,T1,1,100,37.397
1715671619.771265,2948263.000,24464,1,T1,1,100,37.349
1715671619.901252,2948387.000,24483,1,T1,1,100,37.435
1715671620.034384,2948514.000,24500,1,T1,1,100,37.401
1715671620.166467,2948640.000,24516,1,T1,1,100,37.422
1715671620.300647,2948768.000,24548,1,T1,1,100,37.360
1715671620.432731,2948894.000,24568,1,T1,1,100,37.439
1715671620.567959,2949023.000,24584,1,T1,1,100,37.332
1715671620.703187,2949152.000,24604,1,T1,1,100,37.427
1715671620.836319,2949279.000,24635,1,T1,1,100,37.433
1715671620.967355,2949404.000,24652,1,T1,1,100,37.400
1715671621.099438,2949530.000,24669,1,T1,1,100,37.350
1715671621.230473,2949655.000,24685,1,T1,1,100,37.258
1715671621.365702,2949784.000,24717,1,T1,1,100,37.289
1715671621.498833,2949911.000,24734,1,T1,1,100,37.373
1715671621.631965,2950038.000,24751,1,T1,1,100,37.374
1715671621.767194,2950167.000,24771,1,T1,1,100,37.410
1715671621.900325,2950294.000,24787,1,T1,1,100,37.390
1715671622.033457,2950421.000,24821,1,T1,1,100,37.452
1715671622.164492,2950546.000,24838,1,T1,1,100,37.338
1715671622.296576,2950672.000,24855,1,T1,1,100,37.323
1715671622.429708,2950799.000,24875,1,T1,1,100,37.317
1715671622.562840,2950926.000,24907,1,T1,1,100,37.279
1715671622.697020,2951054.000,24925,1,T1,1,100,37.404
1715671622.832248,2951183.000,24942,1,T1,1,100,37.317
1715671622.965380,2951310.000,24958,1,T1,1,100,37.350
1715671623.099560,2951438.000,24993,1,T1,1,100,37.293
1715671623.229547,2951562.000,25010,1,T1,1,100,37.340
1715671623.361630,2951688.000,25027,1,T1,1,100,37.360
1715671623.492666,2951813.000,25044,1,T1,1,100,37.368
1715671623.626846,2951941.000,25079,1,T1,1,100,37.408
1715671623.758929,2952067.000,25095,1,T1,1,100,37.425
1715671623.894157,2952196.000,25112,1,T1,1,100,37.432
1715671624.029386,2952325.000,25151,1,T1,1,100,37.364
1715671624.162518,2952452.000,25167,1,T1,1,100,37.335
1715671624.294601,2952578.000,25188,1,T1,1,100,37.287
1715671624.426685,2952704.000,25204,1,T1,1,100,37.266
1715671624.557720,2952829.000,25221,1,T1,1,100,37.363
1715671624.692948,2952958.000,25238,1,T1,1,100,37.476
1715671624.826080,2953085.000,25269,1,T1,1,100,37.454
1715671624.959212,2953212.000,25290,1,T1,1,100,37.445
1715671625.094440,2953341.000,25308,1,T1,1,100,37.334
1715671625.228620,2953469.000,25340,1,T1,1,100,37.286
1715671625.362800,2953597.000,25357,1,T1,1,100,37.337
1715671625.493835,2953722.000,25373,1,T1,1,100,37.323
1715671625.625919,2953848.000,25391,1,T1,1,100,37.317
1715671625.758003,2953974.000,25425,1,T1,1,100,37.350
1715671625.891134,2954101.000,25442,1,T1,1,100,37.400
1715671626.025314,2954229.000,25459,1,T1,1,100,37.421
1715671626.160543,2954358.000,25477,1,T1,1,100,37.359
1715671626.293674,2954485.000,25498,1,T1,1,100,37.368
1715671626.427855,2954613.000,25529,1,T1,1,100,37.372
1715671626.557842,2954737.000,25546,1,T1,1,100,37.374
1715671626.689925,2954863.000,25563,1,T1,1,100,37.339
1715671626.820960,2954988.000,25579,1,T1,1,100,37.324
1715671626.955140,2955116.000,25599,1,T1,1,100,37.353
1715671627.087224,2955242.000,25633,1,T1,1,100,37.224
1715671627.222452,2955371.000,25649,1,T1,1,100,37.274
1715671627.357681,2955500.000,25667,1,T1,1,100,37.296
1715671627.490812,2955627.000,25701,1,T1,1,100,37.305
1715671627.623944,2955754.000,25718,1,T1,1,100,37.380
1715671627.756028,2955880.000,25735,1,T1,1,100,37.306
1715671627.887063,2956005.000,25751,1,T1,1,100,37.274
1715671628.022291,2956134.000,25785,1,T1,1,100,37.296
1715671628.155423,2956261.000,25805,1,T1,1,100,37.341
1715671628.288555,2956388.000,25822,1,T1,1,100,37.396
1715671628.423783,2956517.000,25839,1,T1,1,100,37.419
1715671628.557963,2956645.000,25855,1,T1,1,100,37.430
1715671628.692143,2956773.000,25889,1,T1,1,100,37.399
1715671628.823179,2956898.000,25906,1,T1,1,100,37.279
1715671628.955262,2957024.000,25923,1,T1,1,100,37.262
1715671629.087346,2957150.000,25940,1,T1,1,100,37.362
1715671629.220477,2957277.000,25972,1,T1,1,100,37.334
1715671629.354657,2957405.000,25988,1,T1,1,100,37.180
1715671629.489886,2957534.000,26013,1,T1,1,100,37.326
1715671629.623018,2957661.000,26030,1,T1,1,100,37.354
1715671629.757198,2957789.000,26049,1,T1,1,100,37.437
1715671629.887185,2957913.000,26065,1,T1,1,100,37.402
1715671630.019268,2958039.000,26086,1,T1,1,100,37.351
1715671630.150303,2958164.000,26102,1,T1,1,100,37.329
1715671630.284483,2958292.000,26134,1,T1,1,100,37.355
1715671630.416567,2958418.000,26151,1,T1,1,100,37.402
1715671630.551795,2958547.000,26167,1,T1,1,100,37.387
1715671630.687024,2958676.000,26185,1,T1,1,100,37.345
1715671630.820155,2958803.000,26206,1,T1,1,100,37.397
1715671630.953287,2958930.000,26238,1,T1,1,100,37.385
1715671631.085371,2959056.000,26255,1,T1,1,100,37.415
1715671631.216406,2959181.000,26271,1,T1,1,100,37.321
1715671631.351634,2959310.000,26292,1,T1,1,100,37.423
1715671631.484766,2959437.000,26325,1,T1,1,100,37.325
1715671631.617898,2959564.000,26342,1,T1,1,100,37.353
1715671631.753126,2959693.000,26359,1,T1,1,100,37.401
1715671631.887306,2959821.000,26391,2,T1,1,100,37.280
1715671632.021487,2959949.000,26391,2,T1,1,100,37.227
1715671632.152522,2960074.000,26412,1,T1,1,100,37.240
1715671632.284605,2960200.000,26430,1,T1,1,100,37.246
1715671632.415640,2960325.000,26446,1,T1,1,100,37.319
1715671632.548772,2960452.000,26478,1,T1,1,100,37.351
1715671632.682952,2960580.000,26497,1,T1,1,100,37.294
1715671632.818181,2960709.000,26513,1,T1,1,100,37.233
1715671632.951312,2960836.000,26545,1,T1,1,100,37.243
1715671633.085492,2960964.000,26562,1,T1,1,100,37.282
1715671633.215479,2961088.000,26581,1,T1,1,100,37.335
1715671633.347563,2961214.000,26599,1,T1,1,100,37.322
1715671633.478598,2961339.000,26615,1,T1,1,100,37.317
1715671633.612778,2961467.000,26649,1,T1,1,100,37.385
1715671633.744862,2961593.000,26669,1,T1,1,100,37.309
1715671633.880090,2961722.000,26685,1,T1,1,100,37.240
1715671634.015318,2961851.000,26703,1,T1,1,100,37.317
1715671634.148450,2961978.000,26734,1,T1,1,100,37.279
1715671634.282630,2962106.000,26751,1,T1,1,100,37.298
1715671634.414714,2962232.000,26768,1,T1,1,100,37.271
1715671634.545749,2962357.000,26786,1,T1,1,100,37.259
1715671634.680977,2962486.000,26821,1,T1,1,100,37.360
1715671634.814109,2962613.000,26843,1,T1,1,100,37.262
1715671634.947241,2962740.000,26860,1,T1,1,100,37.362
1715671635.082469,2962869.000,26877,1,T1,1,100,37.405
1715671635.216650,2962997.000,26896,1,T1,1,100,37.352
1715671635.350830,2963125.000,26928,1,T1,1,100,37.330
1715671635.481865,2963250.000,26945,1,T1,1,100,37.320
1715671635.613948,2963376.000,26964,1,T1,1,100,37.351
1715671635.744983,2963501.000,26981,1,T1,1,100,37.223
1715671635.878115,2963628.000,27016,1,T1,1,100,37.309
1715671636.012295,2963756.000,27032,1,T1,1,100,37.347
1715671636.147524,2963885.000,27049,1,T1,1,100,37.363
1715671636.280655,2964012.000,27066,1,T1,1,100,37.405
1715671636.414835,2964140.000,27086,1,T1,1,100,37.353
1715671636.544822,2964264.000,27102,1,T1,1,100,37.330
1715671636.676906,2964390.000,27136,1,T1,1,100,37.214
1715671636.807941,2964515.000,27153,1,T1,1,100,37.341
1715671636.941073,2964642.000,27170,1,T1,1,100,37.325
1715671637.074205,2964769.000,27189,1,T1,1,100,37.353
1715671637.209433,2964898.000,27224,1,T1,1,100,37.436
1715671637.344661,2965027.000,27242,1,T1,1,100,37.366
1715671637.477793,2965154.000,27259,1,T1,1,100,37.300
1715671637.611973,2965282.000,27275,1,T1,1,100,37.378
1715671637.744057,2965408.000,27310,1,T1,1,100,37.341
1715671637.875092,2965533.000,27327,1,T1,1,100,37.289
1715671638.010320,2965662.000,27344,1,T1,1,100,37.373
1715671638.143452,2965789.000,27361,1,T1,1,100,37.268
1715671638.276584,2965916.000,27393,1,T1,1,100,37.293
1715671638.411812,2966045.000,27412,1,T1,1,100,37.375
1715671638.545993,2966173.000,27431,1,T1,1,100,37.233
1715671638.680173,2966301.000,27463,1,T1,1,100,37.278
1715671638.811208,2966426.000,27479,1,T1,1,100,37.298
1715671638.943291,2966552.000,27500,1,T1,1,100,37.342
1715671639.074327,2966677.000,27516,1,T1,1,100,37.290
1715671639.207458,2966804.000,27548,1,T1,1,100,37.338
1715671639.341638,2966932.000,27565,1,T1,1,100,37.359
1715671639.476867,2967061.000,27581,1,T1,1,100,37.333
1715671639.609998,2967188.000,27599,1,T1,1,100,37.357
1715671639.744179,2967316.000,27633,1,T1,1,100,37.296
1715671639.874166,2967440.000,27650,1,T1,1,100,37.376
1715671640.006249,2967566.000,27667,1,T1,1,100,37.376
1715671640.137284,2967691.000,27683,1,T1,1,100,37.375
1715671640.270416,2967818.000,27706,1,T1,1,100,37.304
1715671640.403548,2967945.000,27742,1,T1,1,100,37.380
1715671640.538776,2968074.000,27758,1,T1,1,100,37.342
1715671640.674005,2968203.000,27776,1,T1,1,100,37.325
1715671640.807136,2968330.000,27792,1,T1,1,100,37.318
1715671640.941316,2968458.000,27824,1,T1,1,100,37.279
1715671641.073400,2968584.000,27844,1,T1,1,100,37.334
1715671641.204435,2968709.000,27860,1,T1,1,100,37.251
1715671641.338615,2968837.000,27878,1,T1,1,100,37.321
1715671641.471747,2968964.000,27914,1,T1,1,100,37.352
1715671641.604879,2969091.000,27931,1,T1,1,100,37.329
1715671641.740107,2969220.000,27948,1,T1,1,100,37.391
1715671641.874287,2969348.000,27964,1,T1,1,100,37.382
1715671642.008467,2969476.000,27998,1,T1,1,100,37.342
1715671642.139503,2969601.000,28015,1,T1,1,100,37.255
1715671642.270538,2969726.000,28034,1,T1,1,100,37.252
1715671642.401573,2969851.000,28054,1,T1,1,100,37.322
1715671642.534705,2969978.000,28086,1,T1,1,100,37.281
1715671642.668885,2970106.000,28102,1,T1,1,100,37.370
1715671642.804113,2970235.000,28122,1,T1,1,100,37.373
1715671642.937245,2970362.000,28139,1,T1,1,100,37.197
1715671643.071425,2970490.000,28172,1,T1,1,100,37.262
1715671643.202460,2970615.000,28190,1,T1,1,100,37.397
1715671643.334544,2970741.000,28206,1,T1,1,100,37.420
1715671643.465579,2970866.000,28223,1,T1,1,100,37.430
1715671643.598711,2970993.000,28243,1,T1,1,100,37.363
1715671643.732891,2971121.000,28274,1,T1,1,100,37.405
1715671643.868119,2971250.000,28292,1,T1,1,100,37.353
1715671644.003348,2971379.000,28308,1,T1,1,100,37.224
1715671644.136479,2971506.000,28325,1,T1,1,100,37.309
1715671644.270659,2971634.000,28362,1,T1,1,100,37.382
1715671644.402743,2971760.000,28378,1,T1,1,100,37.378
1715671644.533778,2971885.000,28395,1,T1,1,100,37.341
1715671644.667958,2972013.000,28412,1,T1,1,100,37.289
1715671644.801090,2972140.000,28446,1,T1,1,100,37.232
1715671644.934222,2972267.000,28464,1,T1,1,100,37.242
1715671645.069450,2972396.000,28482,1,T1,1,100,37.353
1715671645.203630,2972524.000,28499,1,T1,1,100,37.295
1715671645.337811,2972652.000,28531,1,T1,1,100,37.198
1715671645.468846,2972777.000,28550,1,T1,1,100,37.263
1715671645.599881,2972902.000,28571,2,T1,1,100,37.291
1715671645.730916,2973027.000,28571,2,T1,1,100,37.303
1715671645.864048,2973154.000,28587,1,T1,1,100,37.344
1715671645.998228,2973282.000,28621,1,T1,1,100,37.326
1715671646.133456,2973411.000,28641,1,T1,1,100,37.354
1715671646.266588,2973538.000,28658,1,T1,1,100,37.330
1715671646.400768,2973666.000,28675,1,T1,1,100,37.356
1715671646.532852,2973792.000,28707,1,T1,1,100,37.331
1715671646.664935,2973918.000,28726,1,T1,1,100,37.392
1715671646.795970,2974043.000,28743,1,T1,1,100,37.311
1715671646.929102,2974170.000,28760,1,T1,1,100,37.241
1715671647.062234,2974297.000,28793,1,T1,1,100,37.246
1715671647.197462,2974426.000,28812,1,T1,1,100,37.355
1715671647.332691,2974555.000,28829,1,T1,1,100,37.366
1715671647.465822,2974682.000,28846,1,T1,1,100,37.407
1715671647.600003,2974810.000,28881,1,T1,1,100,37.460
1715671647.732086,2974936.000,28897,1,T1,1,100,37.412
1715671647.863121,2975061.000,28914,1,T1,1,100,37.391
1715671647.996253,2975188.000,28933,1,T1,1,100,37.382
1715671648.129385,2975315.000,28967,1,T1,1,100,37.413
1715671648.262517,2975442.000,28985,1,T1,1,100,37.392
1715671648.397745,2975571.000,29001,1,T1,1,100,37.347
1715671648.531925,2975699.000,29018,1,T1,1,100,37.363
1715671648.666105,2975827.000,29050,1,T1,1,100,37.370
1715671648.797140,2975952.000,29069,1,T1,1,100,37.373
1715671648.929224,2976078.000,29087,1,T1,1,100,37.303
1715671649.060259,2976203.000,29103,1,T1,1,100,37.379
1715671649.193391,2976330.000,29137,1,T1,1,100,37.377
1715671649.327571,2976458.000,29157,1,T1,1,100,37.376
1715671649.462800,2976587.000,29173,1,T1,1,100,37.411
1715671649.595931,2976714.000,29191,1,T1,1,100,37.355
1715671649.730111,2976842.000,29222,1,T1,1,100,37.295
1715671649.863243,2976969.000,29238,1,T1,1,100,37.341
1715671649.995327,2977095.000,29256,1,T1,1,100,37.325
1715671650.126362,2977220.000,29275,1,T1,1,100,37.247
1715671650.259494,2977347.000,29309,1,T1,1,100,37.249
1715671650.391577,2977473.000,29326,1,T1,1,100,37.285
1715671650.526805,2977602.000,29342,1,T1,1,100,37.194
1715671650.662034,2977731.000,29374,1,T1,1,100,37.190
1715671650.795166,2977858.000,29391,1,T1,1,100,37.224
1715671650.929346,2977986.000,29414,1,T1,1,100,37.310
1715671651.061429,2978112.000,29433,1,T1,1,100,37.382
1715671651.192464,2978237.000,29449,1,T1,1,100,37.236
1715671651.324548,2978363.000,29467,1,T1,1,100,37.280
1715671651.457680,2978490.000,29501,1,T1,1,100,37.298
1715671651.590811,2978617.000,29518,1,T1,1,100,37.342
1715671651.726040,2978746.000,29535,1,T1,1,100,37.325
1715671651.860220,2978874.000,29572,1,T1,1,100,37.353
1715671651.994400,2979002.000,29590,1,T1,1,100,37.366
1715671652.125435,2979127.000,29607,1,T1,1,100,37.406
1715671652.258567,2979254.000,29624,1,T1,1,100,37.353
1715671652.389602,2979379.000,29655,1,T1,1,100,37.366
1715671652.522734,2979506.000,29676,1,T1,1,100,37.335
1715671652.656914,2979634.000,29692,1,T1,1,100,37.358
1715671652.792143,2979763.000,29709,1,T1,1,100,37.403
1715671652.925274,2979890.000,29741,1,T1,1,100,37.245
1715671653.059454,2980018.000,29762,1,T1,1,100,37.283
1715671653.192586,2980145.000,29780,1,T1,1,100,37.194
1715671653.324670,2980271.000,29796,1,T1,1,100,37.332
1715671653.455705,2980396.000,29813,1,T1,1,100,37.321
1715671653.587788,2980522.000,29845,1,T1,1,100,37.352
1715671653.719872,2980648.000,29861,1,T1,1,100,37.365
1715671653.855100,2980777.000,29881,1,T1,1,100,37.371
1715671653.990329,2980906.000,29898,1,T1,1,100,37.231
1715671654.123461,2981033.000,29915,1,T1,1,100,37.313
1715671654.257641,2981161.000,29949,1,T1,1,100,37.348
1715671654.389724,2981287.000,29965,1,T1,1,100,37.292
1715671654.519711,2981411.000,29985,1,T1,1,100,37.162
1715671654.651794,2981537.000,30002,1,T1,1,100,37.247
1715671654.784926,2981664.000,30033,1,T1,1,100,37.320
1715671654.918058,2981791.000,30051,1,T1,1,100,37.245
1715671655.053286,2981920.000,30067,1,T1,1,100,37.248
1715671655.187466,2982048.000,30089,1,T1,1,100,37.249
1715671655.321646,2982176.000,30121,1,T1,1,100,37.250
1715671655.454778,2982303.000,30137,1,T1,1,100,37.356
1715671655.587910,2982430.000,30155,1,T1,1,100,37.438
1715671655.718945,2982555.000,30171,1,T1,1,100,37.296
1715671655.852077,2982682.000,30204,1,T1,1,100,37.376
1715671655.985209,2982809.000,30223,1,T1,1,100,37.411
1715671656.120437,2982938.000,30239,1,T1,1,100,37.355
1715671656.253569,2983065.000,30256,1,T1,1,100,37.437
1715671656.387749,2983193.000,30298,1,T1,1,100,37.437
1715671656.520881,2983320.000,30315,1,T1,1,100,37.437
1715671656.652965,2983446.000,30332,1,T1,1,100,37.437
1715671656.784000,2983571.000,30348,1,T1,1,100,37.367
1715671656.915035,2983696.000,30365,1,T1,1,100,37.300
1715671657.047118,2983822.000,30402,1,T1,1,100,37.272
1715671657.182347,2983951.000,30418,1,T1,1,100,37.295
1715671657.317575,2984080.000,30436,1,T1,1,100,37.340
1715671657.450707,2984207.000,30469,1,T1,1,100,37.360
1715671657.584887,2984335.000,30486,1,T1,1,100,37.262
1715671657.716970,2984461.000,30506,1,T1,1,100,37.291
1715671657.848006,2984586.000,30522,1,T1,1,100,37.197
1715671657.980089,2984712.000,30540,1,T1,1,100,37.369
1715671658.113221,2984839.000,30571,1,T1,1,100,37.266
1715671658.246353,2984966.000,30588,1,T1,1,100,37.328
1715671658.381581,2985095.000,30608,1,T1,1,100,37.355
1715671658.515761,2985223.000,30642,1,T1,1,100,37.224
1715671658.649941,2985351.000,30658,1,T1,1,100,37.310
1715671658.783073,2985478.000,30675,1,T1,1,100,37.347
1715671658.916205,2985605.000,30692,1,T1,1,100,37.398
1715671659.047240,2985730.000,30726,1,T1,1,100,37.350
1715671659.180372,2985857.000,30744,1,T1,1,100,37.329
1715671659.312455,2985983.000,30760,1,T1,1,100,37.284
1715671659.447684,2986112.000,30777,1,T1,1,100,37.371
1715671659.580816,2986239.000,30814,1,T1,1,100,37.444
1715671659.714996,2986367.000,30830,1,T1,1,100,37.334
1715671659.848128,2986494.000,30847,1,T1,1,100,37.393
1715671659.980211,2986620.000,30864,1,T1,1,100,37.347
1715671660.111246,2986745.000,30895,1,T1,1,100,37.363
1715671660.242281,2986870.000,30913,1,T1,1,100,37.441
1715671660.374365,2986996.000,30932,1,T1,1,100,37.262
1715671660.509593,2987125.000,30949,1,T1,1,100,37.326
1715671660.643773,2987253.000,30983,1,T1,1,100,37.318
1715671660.777953,2987381.000,31002,1,T1,1,100,37.350
1715671660.912133,2987509.000,31020,1,T1,1,100,37.258
1715671661.044217,2987635.000,31036,1,T1,1,100,37.324
1715671661.175252,2987760.000,31053,1,T1,1,100,37.211
1715671661.307336,2987886.000,31085,1,T1,1,100,37.269
1715671661.440468,2988013.000,31101,1,T1,1,100,37.329
1715671661.573599,2988140.000,31122,1,T1,1,100,37.284
1715671661.708828,2988269.000,31145,1,T1,1,100,37.265
1715671661.843008,2988397.000,31162,1,T1,1,100,37.256
1715671661.977188,2988525.000,31196,1,T1,1,100,37.253
1715671662.110320,2988652.000,31212,1,T1,1,100,37.358
1715671662.243451,2988779.000,31230,1,T1,1,100,37.367
1715671662.374487,2988904.000,31246,1,T1,1,100,37.407
1715671662.507618,2989031.000,31278,1,T1,1,100,37.353
1715671662.639702,2989157.000,31295,1,T1,1,100,37.295
1715671662.773882,2989285.000,31318,2,T1,1,100,37.340
1715671662.908062,2989413.000,31318,2,T1,1,100,37.325
1715671663.042242,2989541.000,31334,1,T1,1,100,37.389
1715671663.175374,2989668.000,31366,1,T1,1,100,37.381
1715671663.307457,2989794.000,31383,1,T1,1,100,37.413
1715671663.438493,2989919.000,31402,1,T1,1,100,37.321
1715671663.569528,2990044.000,31420,1,T1,1,100,37.316
1715671663.701612,2990170.000,31436,1,T1,1,100,37.279
1715671663.836840,2990299.000,31468,1,T1,1,100,37.298
1715671663.971020,2990427.000,31487,1,T1,1,100,37.342
1715671664.105200,2990555.000,31503,1,T1,1,100,37.290
1715671664.239380,2990683.000,31538,1,T1,1,100,37.267
1715671664.371464,2990809.000,31555,1,T1,1,100,37.328
1715671664.503547,2990935.000,31571,1,T1,1,100,37.284
1715671664.635631,2991061.000,31589,1,T1,1,100,37.300
1715671664.768762,2991188.000,31625,1,T1,1,100,37.343
1715671664.901894,2991315.000,31642,1,T1,1,100,37.361
1715671665.037122,2991444.000,31659,1,T1,1,100,37.369
1715671665.171303,2991572.000,31675,1,T1,1,100,37.337
1715671665.305483,2991700.000,31707,1,T1,1,100,37.323
1715671665.438614,2991827.000,31727,1,T1,1,100,37.353
1715671665.571746,2991954.000,31744,1,T1,1,100,37.401
1715671665.702781,2992079.000,31761,1,T1,1,100,37.351
1715671665.835913,2992206.000,31795,1,T1,1,100,37.400
1715671665.967997,2992332.000,31814,1,T1,1,100,37.315
1715671666.103225,2992461.000,31831,1,T1,1,100,37.455
1715671666.236357,2992588.000,31848,1,T1,1,100,37.339
1715671666.370537,2992716.000,31879,1,T1,1,100,37.324
1715671666.503669,2992843.000,31896,1,T1,1,100,37.317
1715671666.635752,2992969.000,31913,1,T1,1,100,37.244
1715671666.767836,2993095.000,31933,1,T1,1,100,37.283
1715671666.898871,2993220.000,31969,1,T1,1,100,37.229
1715671667.030955,2993346.000,31990,1,T1,1,100,37.170
1715671667.166183,2993475.000,32007,1,T1,1,100,37.215
1715671667.300363,2993603.000,32024,1,T1,1,100,37.270
1715671667.434543,2993731.000,32058,1,T1,1,100,37.365
1715671667.568723,2993859.000,32076,1,T1,1,100,37.300
1715671667.701855,2993986.000,32092,1,T1,1,100,37.165
1715671667.833938,2994112.000,32109,1,T1,1,100,37.284
1715671667.966022,2994238.000,32141,1,T1,1,100,37.229
1715671668.099154,2994365.000,32160,1,T1,1,100,37.277
1715671668.230189,2994490.000,32180,1,T1,1,100,37.261
1715671668.365417,2994619.000,32196,1,T1,1,100,37.290
1715671668.499597,2994747.000,32231,1,T1,1,100,37.303
1715671668.633777,2994875.000,32248,1,T1,1,100,37.415
1715671668.766909,2995002.000,32264,1,T1,1,100,37.392
1715671668.900041,2995129.000,32284,1,T1,1,100,37.382
1715671669.031076,2995254.000,32300,1,T1,1,100,37.236
1715671669.162112,2995379.000,32332,1,T1,1,100,37.209
1715671669.294195,2995505.000,32352,1,T1,1,100,37.338
1715671669.429423,2995634.000,32368,1,T1,1,100,37.395
1715671669.562555,2995761.000,32386,1,T1,1,100,37.348
1715671669.696735,2995889.000,32417,1,T1,1,100,37.292
1715671669.829867,2996016.000,32436,1,T1,1,100,37.304
1715671669.961951,2996142.000,32456,1,T1,1,100,37.380
1715671670.095082,2996269.000,32472,1,T1,1,100,37.306
1715671670.226118,2996394.000,32504,1,T1,1,100,37.345
1715671670.358201,2996520.000,32521,1,T1,1,100,37.327
1715671670.493429,2996649.000,32540,1,T1,1,100,37.319
1715671670.627609,2996777.000,32558,1,T1,1,100,37.315
1715671670.761790,2996905.000,32589,1,T1,1,100,37.349
1715671670.895970,2997033.000,32606,1,T1,1,100,37.364
1715671671.030150,2997161.000,32623,1,T1,1,100,37.335
1715671671.162233,2997287.000,32639,1,T1,1,100,37.393
1715671671.294317,2997413.000,32673,1,T1,1,100,37.241
1715671671.427449,2997540.000,32690,1,T1,1,100,37.317
1715671671.557436,2997664.000,32707,1,T1,1,100,37.314
1715671671.692664,2997793.000,32724,1,T1,1,100,37.278
1715671671.826844,2997921.000,32758,1,T1,1,100,37.262
1715671671.961024,2998049.000,32779,1,T1,1,100,37.397
1715671672.094156,2998176.000,32796,1,T1,1,100,37.455
1715671672.227288,2998303.000,32828,1,T1,1,100,37.374
1715671672.358323,2998428.000,32857,2,T1,1,100,37.339
1715671672.489358,2998553.000,32857,2,T1,1,100,37.182
1715671672.621442,2998679.000,32873,1,T1,1,100,37.363
1715671672.756670,2998808.000,32890,1,T1,1,100,37.299
1715671672.889802,2998935.000,32907,1,T1,1,100,37.342
1715671673.023982,2999063.000,32926,1,T1,1,100,37.432
1715671673.157114,2999190.000,32945,1,T1,1,100,37.293
1715671673.289197,2999316.000,32977,1,T1,1,100,37.304
1715671673.423377,2999444.000,32994,1,T1,1,100,37.309
1715671673.554412,2999569.000,33011,1,T1,1,100,37.346
1715671673.686496,2999695.000,33028,1,T1,1,100,37.363
1715671673.820676,2999823.000,33063,1,T1,1,100,37.405
1715671673.954856,2999951.000,33079,1,T1,1,100,37.459
1715671674.089036,3000079.000,33096,1,T1,1,100,37.376
1715671674.223216,3000207.000,33113,1,T1,1,100,37.340
1715671674.357396,3000335.000,33149,1,T1,1,100,37.360
1715671674.489480,3000461.000,33167,1,T1,1,100,37.368
1715671674.621563,3000587.000,33183,1,T1,1,100,37.443
1715671674.753647,3000713.000,33200,1,T1,1,100,37.334
1715671674.883634,3000837.000,33216,1,T1,1,100,37.357
1715671675.018862,3000966.000,33248,1,T1,1,100,37.296
1715671675.153042,3001094.000,33267,1,T1,1,100,37.306
1715671675.287222,3001222.000,33287,1,T1,1,100,37.416
1715671675.420354,3001349.000,33304,1,T1,1,100,37.322
1715671675.553486,3001476.000,33336,1,T1,1,100,37.387
1715671675.685569,3001602.000,33355,1,T1,1,100,37.309
1715671675.816605,3001727.000,33372,1,T1,1,100,37.311
1715671675.948688,3001853.000,33389,1,T1,1,100,37.170
1715671676.083916,3001982.000,33420,1,T1,1,100,37.428
1715671676.217048,3002109.000,33443,1,T1,1,100,37.327
1715671676.351228,3002237.000,33459,1,T1,1,100,37.319
1715671676.484360,3002364.000,33476,1,T1,1,100,37.315
1715671676.617492,3002491.000,33508,1,T1,1,100,37.314
1715671676.751672,3002619.000,33524,1,T1,1,100,37.384
1715671676.882707,3002744.000,33542,1,T1,1,100,37.343
1715671677.014791,3002870.000,33563,1,T1,1,100,37.326
1715671677.148971,3002998.000,33597,1,T1,1,100,37.354
1715671677.283151,3003126.000,33614,1,T1,1,100,37.330
1715671677.417331,3003254.000,33630,1,T1,1,100,37.356
1715671677.551511,3003382.000,33648,1,T1,1,100,37.296
1715671677.685691,3003510.000,33682,1,T1,1,100,37.376
1715671677.817775,3003636.000,33704,2,T1,1,100,37.340
1715671677.949858,3003762.000,33704,2,T1,1,100,37.395
1715671678.081942,3003888.000,33736,1,T1,1,100,37.348
1715671678.211929,3004012.000,33754,1,T1,1,100,37.293
1715671678.347157,3004141.000,33775,1,T1,1,100,37.339
1715671678.481337,3004269.000,33792,1,T1,1,100,37.360
1715671678.615517,3004397.000,33824,1,T1,1,100,37.297
1715671678.748649,3004524.000,33843,1,T1,1,100,37.377
1715671678.881781,3004651.000,33861,1,T1,1,100,37.376
1715671679.013864,3004777.000,33877,1,T1,1,100,37.304
1715671679.144899,3004902.000,33911,1,T1,1,100,37.274
1715671679.276983,3005028.000,33928,1,T1,1,100,37.296
1715671679.412211,3005157.000,33944,1,T1,1,100,37.305
1715671679.545343,3005284.000,33962,1,T1,1,100,37.309
1715671679.679523,3005412.000,33993,1,T1,1,100,37.347
1715671679.812655,3005539.000,34009,1,T1,1,100,37.327
1715671679.945787,3005666.000,34030,1,T1,1,100,37.283
1715671680.079967,3005794.000,34046,1,T1,1,100,37.335
1715671680.211002,3005919.000,34078,1,T1,1,100,37.322
1715671680.343086,3006045.000,34097,1,T1,1,100,37.281
1715671680.476217,3006172.000,34113,1,T1,1,100,37.193
1715671680.610397,3006300.000,34131,1,T1,1,100,37.261
1715671680.744577,3006428.000,34162,1,T1,1,100,37.255
1715671680.878757,3006556.000,34182,1,T1,1,100,37.358
1715671681.012938,3006684.000,34199,1,T1,1,100,37.403
1715671681.145021,3006810.000,34215,1,T1,1,100,37.352
1715671681.277105,3006936.000,34247,1,T1,1,100,37.329
1715671681.409188,3007062.000,34267,1,T1,1,100,37.284
1715671681.539175,3007186.000,34286,1,T1,1,100,37.194
1715671681.674403,3007315.000,34303,1,T1,1,100,37.261
1715671681.808583,3007443.000,34335,1,T1,1,100,37.255
1715671681.942764,3007571.000,34353,1,T1,1,100,37.252
1715671682.075895,3007698.000,34370,1,T1,1,100,37.322
1715671682.209027,3007825.000,34391,1,T1,1,100,37.352
1715671682.341111,3007951.000,34423,1,T1,1,100,37.294
1715671682.472146,3008076.000,34440,1,T1,1,100,37.234
1715671682.604229,3008202.000,34457,1,T1,1,100,37.314
1715671682.739458,3008331.000,34477,1,T1,1,100,37.313
1715671682.872590,3008458.000,34511,1,T1,1,100,37.348
1715671683.006770,3008586.000,34527,1,T1,1,100,37.292
1715671683.139901,3008713.000,34544,1,T1,1,100,37.375
1715671683.273033,3008840.000,34567,1,T1,1,100,37.269
1715671683.407213,3008968.000,34586,1,T1,1,100,37.223
1715671683.538249,3009093.000,34604,1,T1,1,100,37.238
1715671683.670332,3009219.000,34620,1,T1,1,100,37.316
1715671683.803464,3009346.000,34637,1,T1,1,100,37.314
1715671683.937644,3009474.000,34654,1,T1,1,100,37.242
1715671684.071824,3009602.000,34685,1,T1,1,100,37.318
1715671684.206004,3009730.000,34706,1,T1,1,100,37.315
1715671684.340184,3009858.000,34722,1,T1,1,100,37.420
1715671684.472268,3009984.000,34741,1,T1,1,100,37.394
1715671684.604351,3010110.000,34758,1,T1,1,100,37.348
1715671684.736435,3010236.000,34792,1,T1,1,100,37.363
1715671684.866421,3010360.000,34812,1,T1,1,100,37.405
1715671685.001650,3010489.000,34828,1,T1,1,100,37.353
1715671685.135830,3010617.000,34845,1,T1,1,100,37.330
1715671685.270010,3010745.000,34880,1,T1,1,100,37.285
1715671685.403142,3010872.000,34896,1,T1,1,100,37.229
1715671685.536274,3010999.000,34914,1,T1,1,100,37.241
1715671685.669405,3011126.000,34930,1,T1,1,100,37.282
1715671685.800441,3011251.000,34962,1,T1,1,100,37.370
1715671685.932524,3011377.000,34984,1,T1,1,100,37.373
1715671686.067753,3011506.000,35000,1,T1,1,100,37.374
1715671686.199836,3011632.000,35018,1,T1,1,100,37.410
1715671686.334016,3011760.000,35034,1,T1,1,100,37.355
1715671686.467148,3011887.000,35066,1,T1,1,100,37.224
1715671686.600280,3012014.000,35086,1,T1,1,100,37.310
1715671686.734460,3012142.000,35102,1,T1,1,100,37.311
1715671686.865495,3012267.000,35120,1,T1,1,100,37.383
1715671686.997578,3012393.000,35153,1,T1,1,100,37.343
1715671687.129662,3012519.000,35169,1,T1,1,100,37.326
1715671687.263842,3012647.000,35192,1,T1,1,100,37.283
1715671687.398022,3012775.000,35208,1,T1,1,100,37.371
1715671687.532202,3012903.000,35240,1,T1,1,100,37.196
1715671687.666382,3013031.000,35257,1,T1,1,100,37.227
1715671687.798466,3013157.000,35276,1,T1,1,100,37.311
1715671687.930549,3013283.000,35294,1,T1,1,100,37.312
1715671688.062633,3013409.000,35327,1,T1,1,100,37.419
1715671688.192620,3013533.000,35344,1,T1,1,100,37.323
1715671688.327848,3013662.000,35361,1,T1,1,100,37.282
1715671688.462028,3013790.000,35377,1,T1,1,100,37.299
1715671688.595684,3013917.500,35413,2,T1,1,100,37.307
1715671688.729340,3014045.000,35413,2,T1,1,100,37.345
1715671688.862472,3014172.000,35433,1,T1,1,100,37.362
1715671688.996652,3014300.000,35450,1,T1,1,100,37.440
1715671689.127687,3014425.000,35471,1,T1,1,100,37.403
1715671689.259771,3014551.000,35489,1,T1,1,100,37.387
1715671689.394999,3014680.000,35520,1,T1,1,100,37.380
1715671689.527082,3014806.000,35537,1,T1,1,100,37.306
1715671689.661263,3014934.000,35554,1,T1,1,100,37.310
1715671689.794394,3015061.000,35570,1,T1,1,100,37.418
1715671689.927526,3015188.000,35590,1,T1,1,100,37.429
1715671690.061706,3015316.000,35622,1,T1,1,100,37.398
1715671690.192741,3015441.000,35639,1,T1,1,100,37.279
1715671690.324825,3015567.000,35656,1,T1,1,100,37.404
1715671690.456908,3015693.000,35674,1,T1,1,100,37.423
1715671690.591089,3015821.000,35706,1,T1,1,100,37.325
1715671690.725269,3015949.000,35726,1,T1,1,100,37.282
1715671690.859449,3016077.000,35743,1,T1,1,100,37.335
1715671690.993629,3016205.000,35776,1,T1,1,100,37.322
1715671691.125712,3016331.000,35793,1,T1,1,100,37.352
1715671691.257796,3016457.000,35813,1,T1,1,100,37.330
1715671691.389879,3016583.000,35830,1,T1,1,100,37.391
1715671691.519866,3016707.000,35862,1,T1,1,100,37.382
1715671691.655095,3016836.000,35881,1,T1,1,100,37.378
1715671691.789275,3016964.000,35898,1,T1,1,100,37.270
1715671691.923455,3017092.000,35917,1,T1,1,100,37.259
1715671692.056587,3017219.000,35934,1,T1,1,100,37.289
1715671692.190767,3017347.000,35966,1,T1,1,100,37.373
1715671692.324947,3017475.000,35982,1,T1,1,100,37.410
1715671692.455982,3017600.000,36002,1,T1,1,100,37.355
1715671692.588065,3017726.000,36019,1,T1,1,100,37.473
1715671692.722245,3017854.000,36050,1,T1,1,100,37.382
1715671692.854329,3017980.000,36068,1,T1,1,100,37.378
1715671692.988509,3018108.000,36087,1,T1,1,100,37.412
1715671693.121641,3018235.000,36104,1,T1,1,100,37.249
1715671693.254773,3018362.000,36136,1,T1,1,100,37.214
1715671693.388953,3018490.000,36152,1,T1,1,100,37.270
1715671693.519988,3018615.000,36170,1,T1,1,100,37.294
1715671693.651023,3018740.000,36186,1,T1,1,100,37.269
1715671693.784155,3018867.000,36224,2,T1,1,100,37.223
1715671693.917287,3018994.000,36224,2,T1,1,100,37.309
1715671694.051467,3019122.000,36249,2,T1,1,100,37.311
1715671694.185647,3019250.000,36249,2,T1,1,100,37.347
1715671694.318779,3019377.000,36270,2,T1,1,100,37.257
1715671694.451910,3019504.000,36270,2,T1,1,100,37.430
1715671694.585042,3019631.000,36302,1,T1,1,100,37.328
1715671694.717126,3019757.000,36319,1,T1,1,100,37.248
1715671694.847113,3019881.000,36336,1,T1,1,100,37.320
1715671694.982341,3020010.000,36356,1,T1,1,100,37.351
1715671695.115473,3020137.000,36372,1,T1,1,100,37.436
1715671695.249653,3020265.000,36390,1,T1,1,100,37.295
1715671695.382785,3020392.000,36421,1,T1,1,100,37.305
1715671695.516965,3020520.000,36443,1,T1,1,100,37.345
1715671695.651145,3020648.000,36462,1,T1,1,100,37.255
1715671695.782180,3020773.000,36478,1,T1,1,100,37.323
1715671695.914264,3020899.000,36510,1,T1,1,100,37.282
1715671696.047395,3021026.000,36527,1,T1,1,100,37.335
1715671696.179479,3021152.000,36544,1,T1,1,100,37.428
1715671696.313659,3021280.000,36564,1,T1,1,100,37.327
1715671696.446791,3021407.000,36582,1,T1,1,100,37.354
1715671696.579923,3021534.000,36614,1,T1,1,100,37.331
1715671696.714103,3021662.000,36631,1,T1,1,100,37.391
1715671696.845138,3021787.000,36651,1,T1,1,100,37.453
1715671696.977221,3021913.000,36670,1,T1,1,100,37.409
1715671697.109305,3022039.000,36702,1,T1,1,100,37.390
1715671697.243485,3022167.000,36718,1,T1,1,100,37.417
1715671697.377665,3022295.000,36737,1,T1,1,100,37.251
1715671697.511845,3022423.000,36754,1,T1,1,100,37.251
1715671697.644977,3022550.000,36788,1,T1,1,100,37.215
1715671697.778109,3022677.000,36805,1,T1,1,100,37.235
1715671697.912289,3022805.000,36822,1,T1,1,100,37.243
1715671698.044372,3022931.000,36839,1,T1,1,100,37.389
1715671698.174359,3023055.000,36874,1,T1,1,100,37.310
1715671698.309588,3023184.000,36890,1,T1,1,100,37.311
1715671698.441671,3023310.000,36907,1,T1,1,100,37.418
1715671698.575851,3023438.000,36924,1,T1,1,100,37.394
1715671698.708983,3023565.000,36957,1,T1,1,100,37.383
1715671698.843163,3023693.000,36980,1,T1,1,100,37.343
1715671698.977343,3023821.000,36996,1,T1,1,100,37.290
1715671699.108378,3023946.000,37013,1,T1,1,100,37.303
1715671699.240462,3024072.000,37045,1,T1,1,100,37.237
1715671699.372545,3024198.000,37064,1,T1,1,100,37.280
1715671699.504629,3024324.000,37087,1,T1,1,100,37.369
1715671699.638809,3024452.000,37103,1,T1,1,100,37.337
1715671699.771941,3024579.000,37121,1,T1,1,100,37.430
1715671699.905073,3024706.000,37137,1,T1,1,100,37.363
1715671700.039253,3024834.000,37154,1,T1,1,100,37.334
1715671700.170288,3024959.000,37189,1,T1,1,100,37.393
1715671700.303420,3025086.000,37205,1,T1,1,100,37.418
1715671700.435503,3025212.000,37222,1,T1,1,100,37.252
1715671700.569683,3025340.000,37241,1,T1,1,100,37.286
1715671700.703863,3025468.000,37275,1,T1,1,100,37.301
1715671700.838043,3025596.000,37293,1,T1,1,100,37.414
1715671700.971175,3025723.000,37309,1,T1,1,100,37.392
1715671701.104307,3025850.000,37326,1,T1,1,100,37.418
1715671701.239535,3025979.000,37358,1,T1,1,100,37.393
1715671701.371619,3026105.000,37374,1,T1,1,100,37.312
1715671701.501606,3026229.000,37395,1,T1,1,100,37.312
1715671701.635786,3026357.000,37411,1,T1,1,100,37.383
1715671701.767869,3026483.000,37443,1,T1,1,100,37.343
1715671701.902050,3026611.000,37467,1,T1,1,100,37.326
1715671702.035181,3026738.000,37485,1,T1,1,100,37.389
1715671702.169361,3026866.000,37503,1,T1,1,100,37.346
1715671702.303541,3026994.000,37534,1,T1,1,100,37.362
1715671702.434577,3027119.000,37551,1,T1,1,100,37.334
1715671702.566660,3027245.000,37568,1,T1,1,100,37.428
1715671702.698744,3027371.000,37589,1,T1,1,100,37.363
1715671702.830827,3027497.000,37621,1,T1,1,100,37.441
1715671702.965007,3027625.000,37638,1,T1,1,100,37.474
1715671703.098139,3027752.000,37654,1,T1,1,100,37.418
1715671703.231271,3027879.000,37672,1,T1,1,100,37.358
1715671703.365451,3028007.000,37706,1,T1,1,100,37.332
1715671703.497535,3028133.000,37723,1,T1,1,100,37.321
1715671703.630666,3028260.000,37742,1,T1,1,100,37.352
1715671703.762750,3028386.000,37758,1,T1,1,100,37.329
1715671703.896930,3028514.000,37793,1,T1,1,100,37.462
1715671704.030062,3028641.000,37810,1,T1,1,100,37.412
1715671704.164242,3028769.000,37827,1,T1,1,100,37.320
1715671704.297374,3028896.000,37844,1,T1,1,100,37.245
1715671704.430505,3029023.000,37876,1,T1,1,100,37.390
1715671704.565734,3029152.000,37895,1,T1,1,100,37.310
1715671704.697817,3029278.000,37912,1,T1,1,100,37.347
1715671704.827804,3029402.000,37929,1,T1,1,100,37.292
1715671704.960936,3029529.000,37946,1,T1,1,100,37.304
1715671705.093019,3029655.000,37964,1,T1,1,100,37.380
1715671705.227200,3029783.000,37985,1,T1,1,100,37.377
1715671705.360331,3029910.000,38016,1,T1,1,100,37.305
1715671705.494511,3030038.000,38033,1,T1,1,100,37.416
1715671705.628691,3030166.000,38052,1,T1,1,100,37.286
1715671705.759727,3030291.000,38068,1,T1,1,100,37.266
1715671705.892859,3030418.000,38103,1,T1,1,100,37.328
1715671706.024942,3030544.000,38120,1,T1,1,100,37.390
1715671706.157025,3030670.000,38137,1,T1,1,100,37.417
1715671706.291205,3030798.000,38154,1,T1,1,100,37.358
1715671706.424337,3030925.000,38189,1,T1,1,100,37.438
1715671706.557469,3031052.000,38205,1,T1,1,100,37.367
1715671706.691649,3031180.000,38222,1,T1,1,100,37.372
1715671706.824781,3031307.000,38241,1,T1,1,100,37.374
1715671706.957913,3031434.000,38274,1,T1,1,100,37.410
1715671707.089996,3031560.000,38294,1,T1,1,100,37.355
1715671707.224176,3031688.000,38311,1,T1,1,100,37.366
1715671707.356260,3031814.000,38328,1,T1,1,100,37.336
1715671707.490440,3031942.000,38360,1,T1,1,100,37.358
1715671707.623572,3032069.000,38376,1,T1,1,100,37.332
1715671707.756704,3032196.000,38396,1,T1,1,100,37.356
1715671707.891932,3032325.000,38413,1,T1,1,100,37.296
1715671708.024015,3032451.000,38446,1,T1,1,100,37.341
1715671708.154002,3032575.000,38464,1,T1,1,100,37.325
1715671708.287134,3032702.000,38480,1,T1,1,100,37.282
1715671708.419218,3032828.000,38500,1,T1,1,100,37.335
1715671708.553398,3032956.000,38532,1,T1,1,100,37.322
1715671708.686529,3033083.000,38548,1,T1,1,100,37.352
1715671708.820709,3033211.000,38566,1,T1,1,100,37.330
1715671708.954890,3033339.000,38584,1,T1,1,100,37.249
1715671709.086973,3033465.000,38619,1,T1,1,100,37.356
1715671709.221153,3033593.000,38636,1,T1,1,100,37.331
1715671709.353237,3033719.000,38652,1,T1,1,100,37.321
1715671709.485320,3033845.000,38670,1,T1,1,100,37.387
1715671709.618452,3033972.000,38701,1,T1,1,100,37.416
1715671709.751584,3034099.000,38717,1,T1,1,100,37.357
1715671709.884716,3034226.000,38737,1,T1,1,100,37.332
1715671710.018896,3034354.000,38753,1,T1,1,100,37.250
1715671710.152027,3034481.000,38785,1,T1,1,100,37.250
1715671710.284635,3034607.500,38810,2,T1,1,100,37.356
1715671710.417243,3034734.000,38810,2,T1,1,100,37.367
1715671710.549326,3034860.000,38827,1,T1,1,100,37.372
1715671710.681410,3034986.000,38844,1,T1,1,100,37.267
1715671710.815590,3035114.000,38861,1,T1,1,100,37.293
1715671710.948722,3035241.000,38895,1,T1,1,100,37.304
1715671711.081853,3035368.000,38913,1,T1,1,100,37.380
1715671711.217082,3035497.000,38929,1,T1,1,100,37.377
1715671711.349165,3035623.000,38946,1,T1,1,100,37.305
1715671711.481249,3035749.000,38980,1,T1,1,100,37.274
1715671711.614381,3035876.000,38999,1,T1,1,100,37.225
1715671711.746464,3036002.000,39017,1,T1,1,100,37.168
1715671711.880644,3036130.000,39035,1,T1,1,100,37.250
1715671712.013776,3036257.000,39052,1,T1,1,100,37.250
1715671712.147956,3036385.000,39089,1,T1,1,100,37.321
1715671712.282136,3036513.000,39105,1,T1,1,100,37.352
1715671712.416316,3036641.000,39122,1,T1,1,100,37.294
1715671712.550496,3036769.000,39139,1,T1,1,100,37.340
1715671712.682580,3036895.000,39170,1,T1,1,100,37.253
1715671712.814663,3037021.000,39188,1,T1,1,100,37.322
1715671712.945698,3037146.000,39207,1,T1,1,100,37.246
1715671713.078830,3037273.000,39224,1,T1,1,100,37.248
1715671713.211962,3037400.000,39243,1,T1,1,100,37.249
1715671713.346142,3037528.000,39274,1,T1,1,100,37.250
1715671713.479274,3037655.000,39292,1,T1,1,100,37.285
1715671713.612406,3037782.000,39311,1,T1,1,100,37.372
1715671713.744489,3037908.000,39343,1,T1,1,100,37.338
1715671713.876573,3038034.000,39360,1,T1,1,100,37.324
1715671714.008656,3038160.000,39376,1,T1,1,100,37.282
1715671714.142836,3038288.000,39394,1,T1,1,100,37.299
1715671714.275968,3038415.000,39410,1,T1,1,100,37.307
1715671714.409100,3038542.000,39445,1,T1,1,100,37.381
1715671714.544328,3038671.000,39464,1,T1,1,100,37.342
1715671714.676412,3038797.000,39480,1,T1,1,100,37.432
1715671714.809544,3038924.000,39515,1,T1,1,100,37.329
1715671714.942675,3039051.000,39532,1,T1,1,100,37.355
1715671715.074759,3039177.000,39548,1,T1,1,100,37.437
1715671715.207891,3039304.000,39566,1,T1,1,100,37.366
1715671715.341022,3039431.000,39582,1,T1,1,100,37.371
1715671715.475203,3039559.000,39616,1,T1,1,100,37.338
1715671715.609383,3039687.000,39633,1,T1,1,100,37.394
1715671715.742514,3039814.000,39653,1,T1,1,100,37.454
1715671715.876694,3039942.000,39670,1,T1,1,100,37.409
1715671716.008778,3040068.000,39689,1,T1,1,100,37.354
1715671716.139813,3040193.000,39707,1,T1,1,100,37.402
1715671716.270849,3040318.000,39723,1,T1,1,100,37.351
1715671716.403980,3040445.000,39757,1,T1,1,100,37.365
1715671716.537112,3040572.000,39774,1,T1,1,100,37.335
1715671716.671292,3040700.000,39790,1,T1,1,100,37.429
1715671716.804424,3040827.000,39811,1,T1,1,100,37.327
1715671716.937556,3040954.000,39829,1,T1,1,100,37.390
1715671717.070688,3041081.000,39861,1,T1,1,100,37.346
1715671717.202771,3041207.000,39878,1,T1,1,100,37.327
1715671717.334855,3041333.000,39897,1,T1,1,100,37.425
1715671717.469035,3041461.000,39931,1,T1,1,100,37.326
1715671717.602166,3041588.000,39948,1,T1,1,100,37.354
1715671717.735298,3041715.000,39964,1,T1,1,100,37.401
1715671717.870527,3041844.000,39982,1,T1,1,100,37.351
1715671718.002610,3041970.000,40016,1,T1,1,100,37.294
1715671718.136790,3042098.000,40033,1,T1,1,100,37.269
1715671718.269922,3042225.000,40050,1,T1,1,100,37.329
1715671718.402005,3042351.000,40068,1,T1,1,100,37.320
1715671718.534089,3042477.000,40089,1,T1,1,100,37.316
1715671718.667221,3042604.000,40120,1,T1,1,100,37.278
1715671718.801401,3042732.000,40137,1,T1,1,100,37.333
1715671718.935581,3042860.000,40154,1,T1,1,100,37.428
1715671719.068713,3042987.000,40170,1,T1,1,100,37.362
1715671719.202893,3043115.000,40202,1,T1,1,100,37.511
1715671719.334976,3043241.000,40222,1,T1,1,100,37.399
1715671719.466012,3043366.000,40241,1,T1,1,100,37.421
1715671719.597047,3043491.000,40258,1,T1,1,100,37.359
1715671719.730179,3043618.000,40290,1,T1,1,100,37.226
1715671719.863310,3043745.000,40306,1,T1,1,100,37.275
1715671719.997490,3043873.000,40326,1,T1,1,100,37.261
1715671720.130622,3044000.000,40343,1,T1,1,100,37.361
1715671720.263754,3044127.000,40374,1,T1,1,100,37.404
1715671720.397934,3044255.000,40391,1,T1,1,100,37.423
1715671720.530018,3044381.000,40408,1,T1,1,100,37.360
1715671720.662101,3044507.000,40427,1,T1,1,100,37.369
1715671720.796281,3044635.000,40462,1,T1,1,100,37.337
1715671720.929413,3044762.000,40478,1,T1,1,100,37.323
1715671721.063593,3044890.000,40503,2,T1,1,100,37.388
1715671721.197773,3045018.000,40503,2,T1,1,100,37.487
1715671721.329857,3045144.000,40520,1,T1,1,100,37.388
1715671721.464037,3045272.000,40540,1,T1,1,100,37.345
1715671721.597168,3045399.000,40556,1,T1,1,100,37.362
1715671721.729252,3045525.000,40573,1,T1,1,100,37.369
1715671721.860287,3045650.000,40612,1,T1,1,100,37.302
1715671721.993419,3045777.000,40628,1,T1,1,100,37.308
1715671722.127599,3045905.000,40646,1,T1,1,100,37.310
1715671722.261779,3046033.000,40662,1,T1,1,100,37.312
1715671722.394911,3046160.000,40697,1,T1,1,100,37.241
1715671722.529091,3046288.000,40716,1,T1,1,100,37.388
1715671722.661175,3046414.000,40732,1,T1,1,100,37.345
1715671722.793258,3046540.000,40750,1,T1,1,100,37.256
1715671722.924293,3046665.000,40781,1,T1,1,100,37.323
1715671723.057425,3046792.000,40798,1,T1,1,100,37.353
1715671723.190557,3046919.000,40818,1,T1,1,100,37.330
1715671723.324737,3047047.000,40834,1,T1,1,100,37.320
1715671723.457869,3047174.000,40866,1,T1,1,100,37.351
1715671723.591001,3047301.000,40883,1,T1,1,100,37.436
1715671723.726229,3047430.000,40901,1,T1,1,100,37.401
1715671723.858312,3047556.000,40922,1,T1,1,100,37.245
1715671723.990396,3047682.000,40953,1,T1,1,100,37.354
1715671724.123528,3047809.000,40970,1,T1,1,100,37.401
1715671724.256660,3047936.000,40987,1,T1,1,100,37.315
1715671724.389791,3048063.000,41003,1,T1,1,100,37.314
1715671724.525020,3048192.000,41024,1,T1,1,100,37.384
1715671724.657103,3048318.000,41055,1,T1,1,100,37.450
1715671724.790759,3048445.500,41073,2,T1,1,100,37.514
1715671724.924415,3048573.000,41073,2,T1,1,100,37.329
1715671725.056499,3048699.000,41094,1,T1,1,100,37.319
1715671725.187534,3048824.000,41112,1,T1,1,100,37.386
1715671725.320666,3048951.000,41128,1,T1,1,100,37.451
1715671725.454846,3049079.000,41160,1,T1,1,100,37.372
1715671725.589026,3049207.000,41177,1,T1,1,100,37.409
1715671725.722157,3049334.000,41196,1,T1,1,100,37.425
1715671725.856338,3049462.000,41214,1,T1,1,100,37.397
1715671725.988421,3049588.000,41247,1,T1,1,100,37.384
1715671726.120505,3049714.000,41264,1,T1,1,100,37.379
1715671726.251540,3049839.000,41281,1,T1,1,100,37.448
1715671726.384671,3049966.000,41297,1,T1,1,100,37.442
1715671726.517803,3050093.000,41320,1,T1,1,100,37.262
1715671726.651983,3050221.000,41336,1,T1,1,100,37.220
1715671726.785115,3050348.000,41354,1,T1,1,100,37.308
1715671726.918247,3050475.000,41372,1,T1,1,100,37.310
1715671727.053475,3050604.000,41395,1,T1,1,100,37.312
1715671727.185559,3050730.000,41411,1,T1,1,100,37.383
1715671727.317642,3050856.000,41428,1,T1,1,100,37.343
1715671727.449726,3050982.000,41445,1,T1,1,100,37.432
1715671727.582858,3051109.000,41465,1,T1,1,100,37.364
1715671727.715989,3051236.000,41497,1,T1,1,100,37.406
1715671727.851218,3051365.000,41513,1,T1,1,100,37.388
1715671727.983301,3051491.000,41530,1,T1,1,100,37.274
1715671728.117481,3051619.000,41547,1,T1,1,100,37.331
1715671728.250613,3051746.000,41578,1,T1,1,100,37.392
1715671728.381649,3051871.000,41599,1,T1,1,100,37.382
1715671728.512684,3051996.000,41617,1,T1,1,100,37.343
1715671728.645815,3052123.000,41634,1,T1,1,100,37.326
1715671728.779995,3052251.000,41666,1,T1,1,100,37.389
1715671728.913651,3052378.500,41686,2,T1,1,100,37.346
1715671729.047307,3052506.000,41686,2,T1,1,100,37.398
1715671729.181488,3052634.000,41703,1,T1,1,100,37.314
1715671729.314619,3052761.000,41722,1,T1,1,100,37.349
1715671729.446703,3052887.000,41754,1,T1,1,100,37.293
1715671729.577738,3053012.000,41773,1,T1,1,100,37.268
1715671729.710870,3053139.000,41790,1,T1,1,100,37.364
1715671729.844002,3053266.000,41807,1,T1,1,100,37.335
1715671729.978182,3053394.000,41838,1,T1,1,100,37.393
1715671730.111313,3053521.000,41856,1,T1,1,100,37.418
1715671730.245493,3053649.000,41875,1,T1,1,100,37.323
1715671730.380722,3053778.000,41894,1,T1,1,100,37.317
1715671730.512805,3053904.000,41926,1,T1,1,100,37.244
1715671730.644889,3054030.000,41942,1,T1,1,100,37.318
1715671730.775924,3054155.000,41960,1,T1,1,100,37.350
1715671730.909056,3054282.000,41976,1,T1,1,100,37.435
1715671731.043236,3054410.000,42011,2,T1,1,100,37.330
1715671731.177416,3054538.000,42011,2,T1,1,100,37.356
1715671731.309500,3054664.000,42028,1,T1,1,100,37.331
1715671731.443680,3054792.000,42065,1,T1,1,100,37.391
1715671731.576811,3054919.000,42081,1,T1,1,100,37.311
1715671731.708895,3055045.000,42098,1,T1,1,100,37.383
1715671731.839930,3055170.000,42121,1,T1,1,100,37.378
1715671731.973062,3055297.000,42139,1,T1,1,100,37.483
1715671732.107242,3055425.000,42157,1,T1,1,100,37.493
1715671732.241422,3055553.000,42176,1,T1,1,100,37.390
1715671732.374554,3055680.000,42193,1,T1,1,100,37.311
1715671732.508734,3055808.000,42212,1,T1,1,100,37.276
1715671732.642914,3055936.000,42243,1,T1,1,100,37.332
1715671732.774997,3056062.000,42264,1,T1,1,100,37.321
1715671732.906033,3056187.000,42280,1,T1,1,100,37.281
1715671733.039165,3056314.000,42297,1,T1,1,100,37.334
1715671733.172296,3056441.000,42313,1,T1,1,100,37.251
1715671733.306476,3056569.000,42330,1,T1,1,100,37.286
1715671733.439608,3056696.000,42367,1,T1,1,100,37.336
1715671733.573788,3056824.000,42383,1,T1,1,100,37.323
1715671733.709017,3056953.000,42400,1,T1,1,100,37.317
1715671733.841100,3057079.000,42417,1,T1,1,100,37.350
1715671733.973184,3057205.000,42451,1,T1,1,100,37.471
1715671734.104219,3057330.000,42469,1,T1,1,100,37.345
1715671734.237351,3057457.000,42485,1,T1,1,100,37.291
1715671734.370482,3057584.000,42502,1,T1,1,100,37.303
1715671734.505711,3057713.000,42534,1,T1,1,100,37.415
1715671734.637794,3057839.000,42552,1,T1,1,100,37.428
1715671734.771974,3057967.000,42573,1,T1,1,100,37.398
1715671734.905106,3058094.000,42589,1,T1,1,100,37.314
1715671735.036666,3058219.500,42621,2,T1,1,100,37.349
1715671735.168225,3058345.000,42621,2,T1,1,100,37.364
1715671735.301357,3058472.000,42641,1,T1,1,100,37.406
1715671735.435537,3058600.000,42673,1,T1,1,100,37.317
1715671735.569717,3058728.000,42689,1,T1,1,100,37.385
1715671735.702849,3058855.000,42706,1,T1,1,100,37.344
1715671735.837029,3058983.000,42740,1,T1,1,100,37.291
1715671735.971209,3059111.000,42759,1,T1,1,100,37.339
1715671736.103292,3059237.000,42777,1,T1,1,100,37.288
1715671736.234328,3059362.000,42793,1,T1,1,100,37.302
1715671736.367459,3059489.000,42810,1,T1,1,100,37.308
1715671736.500591,3059616.000,42845,1,T1,1,100,37.275
1715671736.634771,3059744.000,42863,1,T1,1,100,37.332
1715671736.767903,3059871.000,42881,1,T1,1,100,37.285
1715671736.902083,3059999.000,42899,1,T1,1,100,37.265
1715671737.037312,3060128.000,42931,1,T1,1,100,37.363
1715671737.169045,3060253.667,42957,3,T1,1,100,37.370
1715671737.300780,3060379.333,42957,3,T1,1,100,37.373
1715671737.432514,3060505.000,42957,3,T1,1,100,37.374
1715671737.565645,3060632.000,42973,1,T1,1,100,37.304
1715671737.698777,3060759.000,42990,1,T1,1,100,37.309
1715671737.834006,3060888.000,43025,1,T1,1,100,37.275
1715671737.966089,3061014.000,43043,1,T1,1,100,37.261
1715671738.100269,3061142.000,43061,1,T1,1,100,37.255
1715671738.233401,3061269.000,43077,1,T1,1,100,37.288
1715671738.365484,3061395.000,43109,1,T1,1,100,37.408
1715671738.496520,3061520.000,43126,1,T1,1,100,37.389
1715671738.629652,3061647.000,43145,1,T1,1,100,37.310
1715671738.763832,3061775.000,43163,1,T1,1,100,37.312
1715671738.898012,3061903.000,43196,1,T1,1,100,37.383
1715671739.031143,3062030.000,43212,1,T1,1,100,37.414
1715671739.165323,3062158.000,43230,1,T1,1,100,37.321
1715671739.299504,3062286.000,43249,1,T1,1,100,37.387
1715671739.431238,3062411.667,43282,3,T1,1,100,37.380
1715671739.562972,3062537.333,43282,3,T1,1,100,37.306
1715671739.694706,3062663.000,43282,3,T1,1,100,37.203
1715671739.828537,3062790.667,43306,3,T1,1,100,37.301
1715671739.962367,3062918.333,43306,3,T1,1,100,37.378
1715671740.096198,3063046.000,43306,3,T1,1,100,37.341
1715671740.230378,3063174.000,43327,3,T1,1,100,37.396
1715671740.364558,3063302.000,43327,3,T1,1,100,37.349
1715671740.498738,3063430.000,43327,3,T1,1,100,37.364
1715671740.628725,3063554.000,43343,1,T1,1,100,37.228
1715671740.759760,3063679.000,43361,1,T1,1,100,37.241
1715671740.892892,3063806.000,43377,1,T1,1,100,37.423
1715671741.026024,3063933.000,43409,1,T1,1,100,37.396
1715671741.161252,3064062.000,43429,1,T1,1,100,37.561
1715671741.293336,3064188.000,43447,1,T1,1,100,37.385
1715671741.427516,3064316.000,43465,1,T1,1,100,37.379
1715671741.560647,3064443.000,43496,1,T1,1,100,37.306
1715671741.693779,3064570.000,43512,1,T1,1,100,37.345
1715671741.824815,3064695.000,43532,1,T1,1,100,37.327
1715671741.957946,3064822.000,43548,1,T1,1,100,37.354
1715671742.092126,3064950.000,43585,1,T1,1,100,37.366
1715671742.226306,3065078.000,43602,1,T1,1,100,37.300
1715671742.360487,3065206.000,43618,1,T1,1,100,37.449
1715671742.494667,3065334.000,43636,1,T1,1,100,37.442
1715671742.628323,3065461.500,43676,2,T1,1,100,37.404
1715671742.761979,3065589.000,43676,2,T1,1,100,37.246
1715671742.893014,3065714.000,43692,1,T1,1,100,37.284
1715671743.025097,3065840.000,43712,1,T1,1,100,37.300
1715671743.158229,3065967.000,43746,1,T1,1,100,37.343
1715671743.292409,3066095.000,43762,1,T1,1,100,37.326
1715671743.425541,3066222.000,43780,1,T1,1,100,37.318
1715671743.559721,3066350.000,43811,1,T1,1,100,37.350
1715671743.694949,3066479.000,43831,1,T1,1,100,37.329
1715671743.827033,3066605.000,43848,1,T1,1,100,37.320
1715671743.959116,3066731.000,43864,1,T1,1,100,37.386
1715671744.090152,3066856.000,43882,1,T1,1,100,37.415
1715671744.223283,3066983.000,43913,1,T1,1,100,37.357
1715671744.356415,3067110.000,43931,1,T1,1,100,37.332
1715671744.491643,3067239.000,43949,1,T1,1,100,37.356
1715671744.623727,3067365.000,43965,1,T1,1,100,37.261
1715671744.757907,3067493.000,43997,1,T1,1,100,37.325
1715671744.891039,3067620.000,44014,1,T1,1,100,37.354
1715671745.024171,3067747.000,44033,1,T1,1,100,37.295
1715671745.155206,3067872.000,44051,1,T1,1,100,37.376
1715671745.288338,3067999.000,44084,1,T1,1,100,37.375
1715671745.421469,3068126.000,44101,1,T1,1,100,37.304
1715671745.555650,3068254.000,44121,1,T1,1,100,37.309
1715671745.688781,3068381.000,44137,1,T1,1,100,37.346
1715671745.822961,3068509.000,44169,1,T1,1,100,37.256
1715671745.958190,3068638.000,44186,1,T1,1,100,37.395
1715671746.090273,3068764.000,44203,1,T1,1,100,37.313
1715671746.221308,3068889.000,44222,1,T1,1,100,37.383
1715671746.352344,3069014.000,44257,1,T1,1,100,37.343
1715671746.485476,3069141.000,44273,1,T1,1,100,37.290
1715671746.619656,3069269.000,44290,1,T1,1,100,37.409
1715671746.752787,3069396.000,44307,1,T1,1,100,37.319
1715671746.886967,3069524.000,44343,1,T1,1,100,37.315
1715671747.022196,3069653.000,44360,1,T1,1,100,37.314
1715671747.154279,3069779.000,44377,1,T1,1,100,37.384
1715671747.286363,3069905.000,44394,1,T1,1,100,37.379
1715671747.417398,3070030.000,44426,1,T1,1,100,37.270
1715671747.550530,3070157.000,44442,1,T1,1,100,37.294
1715671747.683662,3070284.000,44459,1,T1,1,100,37.305
1715671747.818890,3070413.000,44476,1,T1,1,100,37.380
1715671747.950974,3070539.000,44513,1,T1,1,100,37.377
1715671748.085154,3070667.000,44538,2,T1,1,100,37.305
1715671748.219334,3070795.000,44538,2,T1,1,100,37.380
1715671748.352465,3070922.000,44555,1,T1,1,100,37.271
1715671748.483501,3071047.000,44572,1,T1,1,100,37.401
1715671748.616632,3071174.000,44588,1,T1,1,100,37.351
1715671748.749764,3071301.000,44606,1,T1,1,100,37.364
1715671748.883944,3071429.000,44642,1,T1,1,100,37.335
1715671749.017076,3071556.000,44659,1,T1,1,100,37.358
1715671749.151256,3071684.000,44676,1,T1,1,100,37.438
1715671749.286485,3071813.000,44695,1,T1,1,100,37.296
1715671749.418568,3071939.000,44713,1,T1,1,100,37.376
1715671749.549603,3072064.000,44744,1,T1,1,100,37.411
1715671749.680639,3072189.000,44760,1,T1,1,100,37.426
1715671749.813770,3072316.000,44778,1,T1,1,100,37.397
1715671749.947950,3072444.000,44796,1,T1,1,100,37.314
1715671750.081082,3072571.000,44831,1,T1,1,100,37.313
1715671750.215262,3072699.000,44848,1,T1,1,100,37.313
1715671750.350491,3072828.000,44864,1,T1,1,100,37.206
1715671750.482574,3072954.000,44882,1,T1,1,100,37.337
1715671750.614658,3073080.000,44916,1,T1,1,100,37.288
1715671750.745693,3073205.000,44933,1,T1,1,100,37.302
1715671750.878825,3073332.000,44950,1,T1,1,100,37.308
1715671751.011956,3073459.000,44966,1,T1,1,100,37.240
1715671751.147185,3073588.000,44984,1,T1,1,100,37.281
1715671751.279268,3073714.000,45017,1,T1,1,100,37.370
1715671751.413448,3073842.000,45037,1,T1,1,100,37.373
1715671751.547628,3073970.000,45054,1,T1,1,100,37.374
1715671751.680760,3074097.000,45070,1,T1,1,100,37.445
1715671751.811795,3074222.000,45104,1,T1,1,100,37.476
1715671751.944927,3074349.000,45124,1,T1,1,100,37.313
1715671752.077011,3074475.000,45141,1,T1,1,100,37.383
1715671752.211191,3074603.000,45160,1,T1,1,100,37.308
1715671752.344323,3074730.000,45192,1,T1,1,100,37.381
1715671752.478503,3074858.000,45208,1,T1,1,100,37.271
1715671752.613731,3074987.000,45225,1,T1,1,100,37.330
1715671752.745815,3075113.000,45260,1,T1,1,100,37.356
1715671752.876850,3075238.000,45276,1,T1,1,100,37.402
1715671753.006837,3075362.000,45293,1,T1,1,100,37.351
1715671753.139969,3075489.000,45310,1,T1,1,100,37.329
1715671753.274149,3075617.000,45327,1,T1,1,100,37.320
1715671753.407280,3075744.000,45362,1,T1,1,100,37.387
1715671753.541985,3075872.500,45386,2,T1,1,100,37.415
1715671753.676689,3076001.000,45386,2,T1,1,100,37.322
1715671753.808772,3076127.000,45403,1,T1,1,100,37.352
1715671753.941904,3076254.000,45437,1,T1,1,100,37.294
1715671754.072939,3076379.000,45455,1,T1,1,100,37.305
1715671754.206071,3076506.000,45471,1,T1,1,100,37.274
1715671754.339203,3076633.000,45488,1,T1,1,100,37.367
1715671754.474431,3076762.000,45520,1,T1,1,100,37.336
1715671754.606515,3076888.000,45539,1,T1,1,100,37.394
1715671754.740695,3077016.000,45557,1,T1,1,100,37.454
1715671754.875923,3077145.000,45575,1,T1,1,100,37.409
1715671755.008007,3077271.000,45607,1,T1,1,100,37.390
1715671755.140090,3077397.000,45626,1,T1,1,100,37.346
1715671755.273222,3077524.000,45642,1,T1,1,100,37.327
1715671755.405306,3077650.000,45663,1,T1,1,100,37.319
1715671755.539486,3077778.000,45694,1,T1,1,100,37.386
1715671755.672617,3077905.000,45710,1,T1,1,100,37.451
1715671755.806798,3078033.000,45728,1,T1,1,100,37.408
1715671755.942026,3078162.000,45747,1,T1,1,100,37.389
1715671756.074109,3078288.000,45781,1,T1,1,100,37.381
1715671756.205145,3078413.000,45798,1,T1,1,100,37.236
1715671756.335132,3078537.000,45814,1,T1,1,100,37.244
1715671756.468263,3078664.000,45832,1,T1,1,100,37.141
1715671756.602443,3078792.000,45866,1,T1,1,100,37.238
1715671756.735575,3078919.000,45883,1,T1,1,100,37.245
1715671756.869755,3079047.000,45902,1,T1,1,100,37.319
1715671757.004984,3079176.000,45918,1,T1,1,100,37.280
1715671757.137067,3079302.000,45950,1,T1,1,100,37.334
1715671757.270199,3079429.000,45970,1,T1,1,100,37.357
1715671757.401234,3079554.000,45987,1,T1,1,100,37.367
1715671757.534366,3079681.000,46004,1,T1,1,100,37.372
1715671757.667498,3079808.000,46038,1,T1,1,100,37.409
1715671757.802726,3079937.000,46057,1,T1,1,100,37.390
1715671757.935858,3080064.000,46075,2,T1,1,100,37.381
1715671758.068990,3080191.000,46075,2,T1,1,100,37.307
1715671758.204218,3080320.000,46091,1,T1,1,100,37.204
1715671758.336302,3080446.000,46110,1,T1,1,100,37.230
1715671758.468385,3080572.000,46130,1,T1,1,100,37.348
1715671758.600469,3080698.000,46147,1,T1,1,100,37.399
1715671758.732552,3080824.000,46179,1,T1,1,100,37.350
1715671758.866732,3080952.000,46195,1,T1,1,100,37.364
1715671758.999864,3081079.000,46214,1,T1,1,100,37.583
1715671759.134044,3081207.000,46233,1,T1,1,100,37.500
1715671759.269272,3081336.000,46250,1,T1,1,100,37.465
1715671759.401356,3081462.000,46267,1,T1,1,100,37.449
1715671759.532391,3081587.000,46284,1,T1,1,100,37.407
1715671759.662378,3081711.000,46303,1,T1,1,100,37.389
1715671759.795510,3081838.000,46335,1,T1,1,100,37.381
1715671759.929690,3081966.000,46352,1,T1,1,100,37.342
1715671760.062822,3082093.000,46371,1,T1,1,100,37.361
1715671760.197002,3082221.000,46388,1,T1,1,100,37.404
1715671760.332230,3082350.000,46404,1,T1,1,100,37.423
1715671760.464314,3082476.000,46425,1,T1,1,100,37.396
1715671760.598494,3082604.000,46441,1,T1,1,100,37.349
1715671760.729529,3082729.000,46473,1,T1,1,100,37.293
1715671760.862661,3082856.000,46492,1,T1,1,100,37.339
1715671760.994744,3082982.000,46511,1,T1,1,100,37.289
1715671761.129973,3083111.000,46529,1,T1,1,100,37.338
1715671761.262056,3083237.000,46560,1,T1,1,100,37.252
1715671761.396236,3083365.000,46577,1,T1,1,100,37.287
1715671761.532513,3083495.000,46594,1,T1,1,100,37.372
1715671761.664596,3083621.000,46610,1,T1,1,100,37.409
1715671761.795632,3083746.000,46647,1,T1,1,100,37.354
1715671761.927715,3083872.000,46664,2,T1,1,100,37.331
1715671762.059799,3083998.000,46664,2,T1,1,100,37.356
1715671762.193979,3084126.000,46700,1,T1,1,100,37.331
1715671762.328159,3084254.000,46717,1,T1,1,100,37.356
1715671762.462339,3084382.000,46734,1,T1,1,100,37.402
1715671762.597567,3084511.000,46750,1,T1,1,100,37.422
1715671762.729651,3084637.000,46767,1,T1,1,100,37.360
1715671762.860686,3084762.000,46801,1,T1,1,100,37.404
1715671762.990673,3084886.000,46820,1,T1,1,100,37.388
1715671763.123805,3085013.000,46838,1,T1,1,100,37.380
1715671763.257985,3085141.000,46854,1,T1,1,100,37.342
1715671763.391117,3085268.000,46886,1,T1,1,100,37.325
1715671763.525297,3085396.000,46903,1,T1,1,100,37.389
1715671763.660525,3085525.000,46924,1,T1,1,100,37.416
1715671763.792608,3085651.000,46942,1,T1,1,100,37.393
1715671763.925216,3085777.500,46974,2,T1,1,100,37.418
1715671764.057824,3085904.000,46974,2,T1,1,100,37.394
1715671764.190956,3086031.000,46990,1,T1,1,100,37.277
1715671764.324611,3086158.500,47030,2,T1,1,100,37.262
1715671764.458267,3086286.000,47030,2,T1,1,100,37.184
1715671764.590351,3086412.000,47049,1,T1,1,100,37.292
1715671764.724531,3086540.000,47066,1,T1,1,100,37.339
1715671764.860808,3086670.000,47086,1,T1,1,100,37.324
1715671764.992891,3086796.000,47118,1,T1,1,100,37.318
1715671765.123926,3086921.000,47134,1,T1,1,100,37.315
1715671765.254962,3087046.000,47151,1,T1,1,100,37.313
1715671765.387045,3087172.000,47168,1,T1,1,100,37.348
1715671765.521225,3087300.000,47202,1,T1,1,100,37.328
1715671765.654357,3087427.000,47219,1,T1,1,100,37.390
1715671765.788537,3087555.000,47236,1,T1,1,100,37.346
1715671765.923765,3087684.000,47253,1,T1,1,100,37.327
1715671766.055849,3087810.000,47288,2,T1,1,100,37.354
1715671766.187932,3087936.000,47288,2,T1,1,100,37.401
1715671766.317919,3088060.000,47304,1,T1,1,100,37.386
1715671766.451051,3088187.000,47322,1,T1,1,100,37.238
1715671766.585231,3088315.000,47338,1,T1,1,100,37.351
1715671766.718363,3088442.000,47374,1,T1,1,100,37.365
1715671766.852543,3088570.000,47394,1,T1,1,100,37.406
1715671766.987772,3088699.000,47410,1,T1,1,100,37.459
1715671767.120903,3088826.000,47428,1,T1,1,100,37.447
1715671767.255083,3088954.000,47459,1,T1,1,100,37.477
1715671767.386119,3089079.000,47476,1,T1,1,100,37.490
1715671767.519250,3089206.000,47493,1,T1,1,100,37.354
1715671767.651334,3089332.000,47511,1,T1,1,100,37.472
1715671767.786562,3089461.000,47543,1,T1,1,100,37.453
1715671767.918646,3089587.000,47560,1,T1,1,100,37.409
1715671768.052826,3089715.000,47577,1,T1,1,100,37.354
1715671768.189102,3089845.000,47597,1,T1,1,100,37.330
1715671768.321186,3089971.000,47614,1,T1,1,100,37.285
1715671768.452221,3090096.000,47631,1,T1,1,100,37.442
1715671768.583256,3090221.000,47647,1,T1,1,100,37.475
1715671768.715340,3090347.000,47667,1,T1,1,100,37.347
1715671768.849520,3090475.000,47701,1,T1,1,100,37.363
1715671768.982652,3090602.000,47717,1,T1,1,100,37.334
1715671769.116832,3090730.000,47735,1,T1,1,100,37.322
1715671769.252060,3090859.000,47751,1,T1,1,100,37.388
1715671769.384144,3090985.000,47786,1,T1,1,100,37.345
1715671769.516227,3091111.000,47803,1,T1,1,100,37.362
1715671769.646214,3091235.000,47819,1,T1,1,100,37.405
1715671769.779346,3091362.000,47842,1,T1,1,100,37.317
1715671769.913526,3091490.000,47861,1,T1,1,100,37.492
1715671770.046658,3091617.000,47879,1,T1,1,100,37.426
1715671770.180838,3091745.000,47895,1,T1,1,100,37.326
1715671770.316066,3091874.000,47913,1,T1,1,100,37.354
1715671770.449198,3092001.000,47929,1,T1,1,100,37.401
1715671770.583378,3092129.000,47946,1,T1,1,100,37.422
1715671770.714413,3092254.000,47968,1,T1,1,100,37.395
1715671770.847545,3092381.000,47999,1,T1,1,100,37.419
1715671770.979629,3092507.000,48016,1,T1,1,100,37.288
1715671771.114857,3092636.000,48033,1,T1,1,100,37.337
1715671771.246941,3092762.000,48053,1,T1,1,100,37.394
1715671771.381121,3092890.000,48085,1,T1,1,100,37.419
1715671771.517397,3093020.000,48101,1,T1,1,100,37.429
1715671771.649481,3093146.000,48118,1,T1,1,100,37.399
1715671771.780516,3093271.000,48137,1,T1,1,100,37.385
1715671771.911551,3093396.000,48173,1,T1,1,100,37.344
1715671772.043635,3093522.000,48191,1,T1,1,100,37.397
1715671772.177815,3093650.000,48209,3,T1,1,100,37.491
1715671772.311995,3093778.000,48209,3,T1,1,100,37.390
1715671772.446175,3093906.000,48209,3,T1,1,100,37.381
1715671772.580006,3094033.667,48230,3,T1,1,100,37.342
1715671772.713836,3094161.333,48230,3,T1,1,100,37.325
1715671772.847667,3094289.000,48230,3,T1,1,100,37.389
1715671772.978702,3094414.000,48250,2,T1,1,100,37.381
1715671773.109737,3094539.000,48250,2,T1,1,100,37.342
1715671773.243917,3094667.000,48266,1,T1,1,100,37.396
1715671773.377049,3094794.000,48284,1,T1,1,100,37.491
1715671773.511229,3094922.000,48300,1,T1,1,100,37.319
1715671773.646458,3095051.000,48320,1,T1,1,100,37.386
1715671773.780638,3095179.000,48337,1,T1,1,100,37.309
1715671773.914818,3095307.000,48373,1,T1,1,100,37.275
1715671774.045853,3095432.000,48391,1,T1,1,100,37.403
1715671774.178985,3095559.000,48407,1,T1,1,100,37.352
1715671774.310020,3095684.000,48424,1,T1,1,100,37.400
1715671774.445248,3095813.000,48459,1,T1,1,100,37.351
1715671774.577332,3095939.000,48475,1,T1,1,100,37.293
1715671774.711512,3096067.000,48493,1,T1,1,100,37.340
1715671774.847789,3096197.000,48509,1,T1,1,100,37.360
1715671774.979872,3096323.000,48546,1,T1,1,100,37.404
1715671775.110907,3096448.000,48564,2,T1,1,100,37.317
1715671775.241943,3096573.000,48564,2,T1,1,100,37.314
1715671775.374026,3096699.000,48581,1,T1,1,100,37.349
1715671775.508206,3096827.000,48612,1,T1,1,100,37.364
1715671775.642386,3096955.000,48630,1,T1,1,100,37.335
1715671775.776566,3097083.000,48646,1,T1,1,100,37.358
1715671775.911795,3097212.000,48666,1,T1,1,100,37.297
1715671776.043878,3097338.000,48698,1,T1,1,100,37.377
1715671776.177010,3097465.000,48714,1,T1,1,100,37.411
1715671776.306997,3097589.000,48731,1,T1,1,100,37.391
1715671776.440129,3097716.000,48753,1,T1,1,100,37.204
1715671776.573261,3097843.000,48784,1,T1,1,100,37.301
1715671776.706392,3097970.000,48804,1,T1,1,100,37.343
1715671776.840572,3098098.000,48820,1,T1,1,100,37.397
1715671776.975801,3098227.000,48837,1,T1,1,100,37.313
1715671777.109981,3098355.000,48874,1,T1,1,100,37.384
1715671777.244161,3098483.000,48890,1,T1,1,100,37.414
1715671777.375196,3098608.000,48908,1,T1,1,100,37.357
1715671777.507280,3098734.000,48924,1,T1,1,100,37.438
1715671777.638315,3098859.000,48959,1,T1,1,100,37.438
1715671777.773543,3098988.000,48976,1,T1,1,100,37.367
1715671777.905627,3099114.000,48992,1,T1,1,100,37.442
1715671778.039807,3099242.000,49010,1,T1,1,100,37.298
1715671778.176084,3099372.000,49043,1,T1,1,100,37.306
1715671778.308167,3099498.000,49059,1,T1,1,100,37.274
1715671778.440250,3099624.000,49077,1,T1,1,100,37.367
1715671778.571286,3099749.000,49093,1,T1,1,100,37.371
1715671778.703369,3099875.000,49125,1,T1,1,100,37.338
1715671778.837549,3100003.000,49142,1,T1,1,100,37.359
1715671778.970681,3100130.000,49164,1,T1,1,100,37.333
1715671779.104861,3100258.000,49182,1,T1,1,100,37.428
1715671779.240089,3100387.000,49213,1,T1,1,100,37.327
1715671779.372173,3100513.000,49230,1,T1,1,100,37.319
1715671779.506353,3100641.000,49249,1,T1,1,100,37.422
1715671779.636340,3100765.000,49265,1,T1,1,100,37.431
1715671779.769472,3100892.000,49300,1,T1,1,100,37.257
1715671779.901555,3101018.000,49317,1,T1,1,100,37.289
1715671780.034687,3101145.000,49334,1,T1,1,100,37.267
1715671780.168867,3101273.000,49351,1,T1,1,100,37.364
1715671780.304096,3101402.000,49388,1,T1,1,100,37.299
1715671780.438276,3101530.000,49404,1,T1,1,100,37.342
1715671780.570883,3101656.500,49426,2,T1,1,100,37.290
1715671780.703491,3101783.000,49426,2,T1,1,100,37.374
1715671780.834526,3101908.000,49459,1,T1,1,100,37.339
1715671780.965561,3102033.000,49479,1,T1,1,100,37.430
1715671781.100790,3102162.000,49496,1,T1,1,100,37.505
1715671781.232873,3102288.000,49512,1,T1,1,100,37.467
1715671781.367053,3102416.000,49531,1,T1,1,100,37.379
1715671781.503330,3102546.000,49566,1,T1,1,100,37.341
1715671781.635413,3102672.000,49582,1,T1,1,100,37.360
1715671781.768545,3102799.000,49602,1,T1,1,100,37.404
1715671781.899580,3102924.000,49618,1,T1,1,100,37.423
1715671782.031664,3103050.000,49650,1,T1,1,100,37.325
1715671782.165844,3103178.000,49667,1,T1,1,100,37.460
1715671782.298976,3103305.000,49686,1,T1,1,100,37.412
1715671782.433156,3103433.000,49704,1,T1,1,100,37.391
1715671782.568384,3103562.000,49735,1,T1,1,100,37.382
1715671782.701516,3103689.000,49754,1,T1,1,100,37.449
1715671782.835696,3103817.000,49771,1,T1,1,100,37.478
1715671782.965683,3103941.000,49790,1,T1,1,100,37.349
1715671783.098815,3104068.000,49808,1,T1,1,100,37.328
1715671783.230898,3104194.000,49842,1,T1,1,100,37.319
1715671783.364030,3104321.000,49859,1,T1,1,100,37.315
1715671783.498210,3104449.000,49878,1,T1,1,100,37.314
1715671783.633439,3104578.000,49910,1,T1,1,100,37.419
1715671783.767619,3104706.000,49926,1,T1,1,100,37.323
1715671783.901799,3104834.000,49943,1,T1,1,100,37.353
1715671784.032834,3104959.000,49960,1,T1,1,100,37.365
1715671784.163869,3105084.000,49977,1,T1,1,100,37.442
1715671784.294904,3105209.000,50009,1,T1,1,100,37.368
1715671784.430133,3105338.000,50025,1,T1,1,100,37.372
1715671784.562216,3105464.000,50044,1,T1,1,100,37.267
1715671784.696396,3105592.000,50060,1,T1,1,100,37.399
1715671784.832673,3105722.000,50092,1,T1,1,100,37.386
1715671784.964756,3105848.000,50109,1,T1,1,100,37.380
1715671785.098937,3105976.000,50126,1,T1,1,100,37.306
1715671785.229972,3106101.000,50157,1,T1,1,100,37.381
1715671785.361007,3106226.000,50175,1,T1,1,100,37.342
1715671785.496235,3106355.000,50191,1,T1,1,100,37.396
1715671785.629367,3106482.000,50208,1,T1,1,100,37.455
1715671785.763547,3106610.000,50227,1,T1,1,100,37.303
1715671785.897727,3106738.000,50265,2,T1,1,100,37.309
1715671786.031908,3106866.000,50265,2,T1,1,100,37.382
1715671786.166088,3106994.000,50281,1,T1,1,100,37.272
1715671786.296074,3107118.000,50313,1,T1,1,100,37.330
1715671786.429206,3107245.000,50330,1,T1,1,100,37.356
1715671786.560241,3107370.000,50346,1,T1,1,100,37.260
1715671786.693373,3107497.000,50364,1,T1,1,100,37.361
1715671786.827553,3107625.000,50397,1,T1,1,100,37.404
1715671786.962782,3107754.000,50413,1,T1,1,100,37.388
1715671787.096962,3107882.000,50431,1,T1,1,100,37.380
1715671787.231142,3108010.000,50447,1,T1,1,100,37.306
1715671787.362177,3108135.000,50481,1,T1,1,100,37.381
1715671787.493212,3108260.000,50498,1,T1,1,100,37.307
1715671787.624248,3108385.000,50514,1,T1,1,100,37.239
1715671787.759476,3108514.000,50532,1,T1,1,100,37.281
1715671787.891559,3108640.000,50563,1,T1,1,100,37.263
1715671788.025739,3108768.000,50580,1,T1,1,100,37.362
1715671788.162016,3108898.000,50597,1,T1,1,100,37.369
1715671788.294100,3109024.000,50613,1,T1,1,100,37.337
1715671788.428280,3109152.000,50645,1,T1,1,100,37.323
1715671788.559315,3109277.000,50662,1,T1,1,100,37.388
1715671788.690350,3109402.000,50679,1,T1,1,100,37.487
1715671788.824530,3109530.000,50696,1,T1,1,100,37.423
1715671788.957662,3109657.000,50728,1,T1,1,100,37.290
1715671789.091842,3109785.000,50744,1,T1,1,100,37.374
1715671789.227071,3109914.000,50761,1,T1,1,100,37.374
1715671789.360202,3110041.000,50778,1,T1,1,100,37.375
1715671789.494382,3110169.000,50809,1,T1,1,100,37.304
1715671789.624369,3110293.000,50826,1,T1,1,100,37.415
1715671789.756453,3110419.000,50843,1,T1,1,100,37.463
1715671789.887488,3110544.000,50860,1,T1,1,100,37.484
1715671790.020620,3110671.000,50892,1,T1,1,100,37.422
1715671790.154800,3110799.000,50910,1,T1,1,100,37.395
1715671790.290028,3110928.000,50927,1,T1,1,100,37.455
1715671790.424208,3111056.000,50944,1,T1,1,100,37.374
1715671790.558388,3111184.000,50975,1,T1,1,100,37.375
1715671790.690472,3111310.000,50993,1,T1,1,100,37.410
1715671790.821507,3111435.000,51009,1,T1,1,100,37.461
1715671790.952542,3111560.000,51027,1,T1,1,100,37.448
1715671791.087771,3111689.000,51043,1,T1,1,100,37.442
1715671791.219854,3111815.000,51062,1,T1,1,100,37.404
1715671791.354034,3111943.000,51082,1,T1,1,100,37.423
1715671791.490311,3112073.000,51099,1,T1,1,100,37.325
1715671791.622394,3112199.000,51115,1,T1,1,100,37.353
1715671791.757623,3112328.000,51149,1,T1,1,100,37.366
1715671791.888658,3112453.000,51166,1,T1,1,100,37.406
1715671792.019693,3112578.000,51183,1,T1,1,100,37.389
1715671792.152825,3112705.000,51202,1,T1,1,100,37.416
1715671792.285957,3112832.000,51234,1,T1,1,100,37.322
1715671792.420137,3112960.000,51250,1,T1,1,100,37.352
1715671792.555365,3113089.000,51267,1,T1,1,100,37.365
1715671792.688497,3113216.000,51283,1,T1,1,100,37.477
1715671792.822677,3113344.000,51317,1,T1,1,100,37.348
1715671792.952664,3113468.000,51334,1,T1,1,100,37.328
1715671793.084748,3113594.000,51351,1,T1,1,100,37.319
1715671793.215783,3113719.000,51368,1,T1,1,100,37.315
1715671793.348915,3113846.000,51400,1,T1,1,100,37.349
1715671793.483095,3113974.000,51416,1,T1,1,100,37.328
1715671793.618323,3114103.000,51433,1,T1,1,100,37.319
1715671793.752503,3114231.000,51450,1,T1,1,100,37.315
1715671793.886683,3114359.000,51481,1,T1,1,100,37.278
1715671794.019815,3114486.000,51499,1,T1,1,100,37.333
1715671794.150850,3114611.000,51515,1,T1,1,100,37.428
1715671794.281885,3114736.000,51532,1,T1,1,100,37.362
1715671794.417114,3114865.000,51566,1,T1,1,100,37.334
1715671794.548149,3114990.000,51582,1,T1,1,100,37.322
1715671794.682329,3115118.000,51600,1,T1,1,100,37.387
1715671794.818606,3115248.000,51631,1,T1,1,100,37.451
1715671794.950689,3115374.000,51650,1,T1,1,100,37.302
1715671795.085917,3115503.000,51667,1,T1,1,100,37.343
1715671795.216953,3115628.000,51683,1,T1,1,100,37.432
1715671795.347988,3115753.000,51717,1,T1,1,100,37.400
1715671795.480072,3115879.000,51734,1,T1,1,100,37.315
1715671795.612155,3116005.000,51750,1,T1,1,100,37.313
1715671795.746335,3116133.000,51768,1,T1,1,100,37.348
1715671795.881563,3116262.000,51784,1,T1,1,100,37.363
1715671796.014695,3116389.000,51818,1,T1,1,100,37.370
1715671796.148875,3116517.000,51835,1,T1,1,100,37.444
1715671796.278862,3116641.000,51851,1,T1,1,100,37.511
1715671796.410946,3116767.000,51869,1,T1,1,100,37.434
1715671796.541981,3116892.000,51900,1,T1,1,100,37.436
1715671796.675637,3117019.500,51923,2,T1,1,100,37.366
1715671796.809293,3117147.000,51923,2,T1,1,100,37.407
1715671796.944521,3117276.000,51941,1,T1,1,100,37.318
1715671797.078701,3117404.000,51961,1,T1,1,100,37.350
1715671797.212881,3117532.000,51992,1,T1,1,100,37.400
1715671797.347061,3117660.000,52009,1,T1,1,100,37.386
1715671797.478097,3117785.000,52026,1,T1,1,100,37.344
1715671797.609132,3117910.000,52042,1,T1,1,100,37.326
1715671797.743312,3118038.000,52074,1,T1,1,100,37.354
1715671797.874347,3118163.000,52091,1,T1,1,100,37.259
1715671798.008527,3118291.000,52110,1,T1,1,100,37.360
1715671798.144804,3118421.000,52127,1,T1,1,100,37.333
1715671798.276887,3118547.000,52159,1,T1,1,100,37.321
1715671798.412116,3118676.000,52175,1,T1,1,100,37.281
1715671798.543151,3118801.000,52192,1,T1,1,100,37.334
1715671798.673138,3118925.000,52209,1,T1,1,100,37.357
1715671798.805222,3119051.000,52240,1,T1,1,100,37.403
1715671798.937305,3119177.000,52257,1,T1,1,100,37.316
1715671799.071485,3119305.000,52274,1,T1,1,100,37.350
1715671799.206713,3119434.000,52291,1,T1,1,100,37.364
1715671799.339845,3119561.000,52325,1,T1,1,100,37.335
1715671799.474025,3119689.000,52341,1,T1,1,100,37.358
1715671799.605061,3119814.000,52358,1,T1,1,100,37.403
1715671799.737144,3119940.000,52375,1,T1,1,100,37.423
1715671799.868179,3120065.000,52406,1,T1,1,100,37.289
1715671800.001311,3120192.000,52424,1,T1,1,100,37.338
1715671800.134443,3120319.000,52440,1,T1,1,100,37.394
1715671800.269671,3120448.000,52457,1,T1,1,100,37.348
1715671800.403851,3120576.000,52489,1,T1,1,100,37.363
1715671800.538031,3120704.000,52505,1,T1,1,100,37.370
1715671800.672211,3120832.000,52523,1,T1,1,100,37.373
1715671800.803247,3120957.000,52541,1,T1,1,100,37.339
1715671800.934282,3121082.000,52573,1,T1,1,100,37.324
1715671801.067414,3121209.000,52590,1,T1,1,100,37.424
1715671801.198449,3121334.000,52606,1,T1,1,100,37.361
1715671801.332629,3121462.000,52623,1,T1,1,100,37.227
1715671801.468906,3121592.000,52655,1,T1,1,100,37.275
1715671801.600989,3121718.000,52671,1,T1,1,100,37.226
1715671801.736217,3121847.000,52691,1,T1,1,100,37.346
1715671801.867253,3121972.000,52707,1,T1,1,100,37.398
1715671801.998812,3122097.500,52745,2,T1,1,100,37.420
1715671802.130372,3122223.000,52745,2,T1,1,100,37.288
1715671802.262455,3122349.000,52761,1,T1,1,100,37.337
1715671802.396635,3122477.000,52779,1,T1,1,100,37.394
1715671802.531863,3122606.000,52795,1,T1,1,100,37.348
1715671802.664995,3122733.000,52827,1,T1,1,100,37.399
1715671802.799175,3122861.000,52844,1,T1,1,100,37.350
1715671802.931259,3122987.000,52860,1,T1,1,100,37.400
1715671803.063342,3123113.000,52894,1,T1,1,100,37.457
1715671803.194377,3123238.000,52911,1,T1,1,100,37.268
1715671803.327509,3123365.000,52928,1,T1,1,100,37.364
1715671803.460641,3123492.000,52945,1,T1,1,100,37.370
1715671803.595870,3123621.000,52977,1,T1,1,100,37.408
1715671803.730050,3123749.000,52993,1,T1,1,100,37.319
1715671803.864230,3123877.000,53010,1,T1,1,100,37.351
1715671803.998410,3124005.000,53027,1,T1,1,100,37.329
1715671804.129445,3124130.000,53058,1,T1,1,100,37.426
1715671804.260480,3124255.000,53075,1,T1,1,100,37.362
1715671804.393612,3124382.000,53092,1,T1,1,100,37.263
1715671804.524647,3124507.000,53109,1,T1,1,100,37.433
1715671804.658827,3124635.000,53141,1,T1,1,100,37.258
1715671804.795104,3124765.000,53157,1,T1,1,100,37.289
1715671804.927187,3124891.000,53174,1,T1,1,100,37.373
1715671805.062416,3125020.000,53191,1,T1,1,100,37.374
1715671805.193451,3125145.000,53222,1,T1,1,100,37.410
1715671805.325534,3125271.000,53240,1,T1,1,100,37.426
1715671805.457618,3125397.000,53256,1,T1,1,100,37.468
1715671805.589701,3125523.000,53273,1,T1,1,100,37.451
1715671805.723881,3125651.000,53305,1,T1,1,100,37.408
1715671805.859110,3125780.000,53321,1,T1,1,100,37.389
1715671805.992242,3125907.000,53339,1,T1,1,100,37.417
1715671806.126422,3126035.000,53355,1,T1,1,100,37.358
1715671806.259554,3126162.000,53387,1,T1,1,100,37.332
1715671806.391637,3126288.000,53404,1,T1,1,100,37.356
1715671806.522672,3126413.000,53420,1,T1,1,100,37.331
1715671806.655804,3126540.000,53438,1,T1,1,100,37.321
1715671806.787888,3126666.000,53471,1,T1,1,100,37.422
1715671806.923116,3126795.000,53487,1,T1,1,100,37.431
1715671807.057296,3126923.000,53505,1,T1,1,100,37.364
1715671807.191476,3127051.000,53521,1,T1,1,100,37.335
1715671807.325656,3127179.000,53553,1,T1,1,100,37.358
1715671807.456692,3127304.000,53575,2,T1,1,100,37.297
1715671807.587727,3127429.000,53575,2,T1,1,100,37.341
1715671807.719810,3127555.000,53592,1,T1,1,100,37.254
1715671807.850845,3127680.000,53609,1,T1,1,100,37.323
1715671807.985025,3127808.000,53641,1,T1,1,100,37.317
1715671808.121302,3127938.000,53657,1,T1,1,100,37.279
1715671808.253386,3128064.000,53676,1,T1,1,100,37.369
1715671808.388614,3128193.000,53708,1,T1,1,100,37.443
1715671808.519649,3128318.000,53724,1,T1,1,100,37.369
1715671808.651733,3128444.000,53742,1,T1,1,100,37.302
1715671808.783816,3128570.000,53758,1,T1,1,100,37.379
1715671808.915900,3128696.000,53790,1,T1,1,100,37.412
1715671809.050080,3128824.000,53807,1,T1,1,100,37.391
1715671809.185308,3128953.000,53823,1,T1,1,100,37.382
1715671809.318440,3129080.000,53841,1,T1,1,100,37.307
1715671809.452620,3129208.000,53872,1,T1,1,100,37.381
1715671809.585752,3129335.000,53888,1,T1,1,100,37.307
1715671809.717835,3129461.000,53906,1,T1,1,100,37.310
1715671809.848871,3129586.000,53922,1,T1,1,100,37.347
1715671809.980954,3129712.000,53954,1,T1,1,100,37.327
1715671810.113038,3129838.000,53971,1,T1,1,100,37.390
1715671810.248266,3129967.000,53989,1,T1,1,100,37.488
1715671810.382446,3130095.000,54007,1,T1,1,100,37.424
1715671810.516626,3130223.000,54038,1,T1,1,100,37.325
1715671810.650806,3130351.000,54055,1,T1,1,100,37.353
1715671810.781841,3130476.000,54072,1,T1,1,100,37.330
1715671810.912877,3130601.000,54088,1,T1,1,100,37.356
1715671811.044960,3130727.000,54120,1,T1,1,100,37.402
1715671811.175995,3130852.000,54137,1,T1,1,100,37.422
1715671811.310175,3130980.000,54156,1,T1,1,100,37.360
1715671811.446452,3131110.000,54173,1,T1,1,100,37.298
1715671811.578536,3131236.000,54205,1,T1,1,100,37.306
1715671811.713764,3131365.000,54223,1,T1,1,100,37.310
1715671811.846896,3131492.000,54240,1,T1,1,100,37.418
1715671811.978979,3131618.000,54257,1,T1,1,100,37.429
1715671812.111063,3131744.000,54288,1,T1,1,100,37.398
1715671812.243146,3131870.000,54305,1,T1,1,100,37.385
1715671812.376278,3131997.000,54322,1,T1,1,100,37.415
1715671812.511506,3132126.000,54339,1,T1,1,100,37.463
1715671812.644638,3132253.000,54371,1,T1,1,100,37.378
1715671812.778294,3132380.500,54393,2,T1,1,100,37.305
1715671812.911950,3132508.000,54393,2,T1,1,100,37.274
1715671813.044034,3132634.000,54410,1,T1,1,100,37.260
1715671813.175069,3132759.000,54427,1,T1,1,100,37.361
1715671813.306104,3132884.000,54443,1,T1,1,100,37.369
1715671813.438188,3133010.000,54475,1,T1,1,100,37.301
1715671813.573416,3133139.000,54494,1,T1,1,100,37.414
1715671813.707596,3133267.000,54511,1,T1,1,100,37.427
1715671813.841776,3133395.000,54528,1,T1,1,100,37.327
1715671813.975956,3133523.000,54560,1,T1,1,100,37.212
1715671814.106991,3133648.000,54576,1,T1,1,100,37.340
1715671814.239075,3133774.000,54593,1,T1,1,100,37.431
1715671814.371158,3133900.000,54610,1,T1,1,100,37.364
1715671814.502193,3134025.000,54641,1,T1,1,100,37.335
1715671814.636374,3134153.000,54659,1,T1,1,100,37.358
1715671814.772650,3134283.000,54677,1,T1,1,100,37.367
1715671814.904734,3134409.000,54694,1,T1,1,100,37.372
1715671815.039962,3134538.000,54726,1,T1,1,100,37.338
1715671815.173094,3134665.000,54742,1,T1,1,100,37.288
1715671815.305177,3134791.000,54760,1,T1,1,100,37.408
1715671815.437261,3134917.000,54776,1,T1,1,100,37.319
1715671815.570393,3135044.000,54808,1,T1,1,100,37.209
1715671815.701428,3135169.000,54825,1,T1,1,100,37.303
1715671815.837705,3135299.000,54841,1,T1,1,100,37.308
1715671815.970836,3135426.000,54858,1,T1,1,100,37.311
1715671816.105016,3135554.000,54890,1,T1,1,100,37.383
1715671816.238148,3135681.000,54906,1,T1,1,100,37.378
1715671816.370232,3135807.000,54924,1,T1,1,100,37.341
1715671816.501267,3135932.000,54940,1,T1,1,100,37.431
1715671816.632302,3136057.000,54974,1,T1,1,100,37.364
1715671816.764386,3136183.000,54991,1,T1,1,100,37.370
1715671816.899614,3136312.000,55007,1,T1,1,100,37.267
1715671817.033794,3136440.000,55025,1,T1,1,100,37.328
1715671817.167974,3136568.000,55058,1,T1,1,100,37.355
1715671817.302154,3136696.000,55075,1,T1,1,100,37.366
1715671817.433190,3136821.000,55092,1,T1,1,100,37.407
1715671817.566321,3136948.000,55124,1,T1,1,100,37.424
1715671817.698405,3137074.000,55140,1,T1,1,100,37.396
1715671817.829440,3137199.000,55157,1,T1,1,100,37.349
1715671817.962572,3137326.000,55174,1,T1,1,100,37.328
1715671818.098849,3137456.000,55191,1,T1,1,100,37.355
1715671818.230932,3137582.000,55214,1,T1,1,100,37.331
1715671818.366160,3137711.000,55232,1,T1,1,100,37.356
1715671818.499292,3137838.000,55249,1,T1,1,100,37.367
1715671818.631376,3137964.000,55266,1,T1,1,100,37.301
1715671818.763459,3138090.000,55297,1,T1,1,100,37.307
1715671818.894495,3138215.000,55315,1,T1,1,100,37.310
1715671819.025530,3138340.000,55331,1,T1,1,100,37.312
1715671819.161806,3138470.000,55348,1,T1,1,100,37.277
1715671819.294938,3138597.000,55380,1,T1,1,100,37.297
1715671819.429118,3138725.000,55396,1,T1,1,100,37.412
1715671819.562250,3138852.000,55413,1,T1,1,100,37.320
1715671819.694334,3138978.000,55430,1,T1,1,100,37.387
1715671819.826417,3139104.000,55461,1,T1,1,100,37.238
1715671819.957452,3139229.000,55479,1,T1,1,100,37.280
1715671820.089536,3139355.000,55495,1,T1,1,100,37.405
1715671820.224764,3139484.000,55512,1,T1,1,100,37.459
1715671820.358944,3139612.000,55544,1,T1,1,100,37.340
1715671820.493124,3139740.000,55560,1,T1,1,100,37.325
1715671820.627304,3139868.000,55578,1,T1,1,100,37.389
1715671820.759388,3139994.000,55596,1,T1,1,100,37.416
1715671820.892519,3140121.000,55628,1,T1,1,100,37.357
1715671821.024603,3140247.000,55645,1,T1,1,100,37.332
1715671821.155638,3140372.000,55661,1,T1,1,100,37.427
1715671821.287722,3140498.000,55679,1,T1,1,100,37.362
1715671821.423998,3140628.000,55710,1,T1,1,100,37.369
1715671821.556082,3140754.000,55727,1,T1,1,100,37.373
1715671821.691310,3140883.000,55746,1,T1,1,100,37.374
1715671821.824442,3141010.000,55762,1,T1,1,100,37.375
1715671821.956526,3141136.000,55796,1,T1,1,100,37.339
1715671822.088609,3141262.000,55813,1,T1,1,100,37.324
1715671822.219644,3141387.000,55829,1,T1,1,100,37.282
1715671822.350680,3141512.000,55847,1,T1,1,100,37.335
1715671822.486956,3141642.000,55863,1,T1,1,100,37.287
1715671822.620088,3141769.000,55895,1,T1,1,100,37.230
1715671822.754268,3141897.000,55912,1,T1,1,100,37.419
1715671822.887400,3142024.000,55928,1,T1,1,100,37.359
1715671823.019483,3142150.000,55946,1,T1,1,100,37.368
1715671823.153663,3142278.000,55977,1,T1,1,100,37.372
1715671823.284699,3142403.000,55994,1,T1,1,100,37.303
1715671823.416782,3142529.000,56011,1,T1,1,100,37.273
1715671823.552011,3142658.000,56034,1,T1,1,100,37.295
1715671823.686191,3142786.000,56050,1,T1,1,100,37.270
1715671823.820371,3142914.000,56067,1,T1,1,100,37.258
1715671823.954551,3143042.000,56084,1,T1,1,100,37.289
1715671824.087682,3143169.000,56101,1,T1,1,100,37.373
1715671824.220814,3143296.000,56119,1,T1,1,100,37.374
1715671824.352898,3143422.000,56151,1,T1,1,100,37.375
1715671824.483933,3143547.000,56168,2,T1,1,100,37.304
1715671824.614968,3143672.000,56168,2,T1,1,100,37.415
1715671824.751245,3143802.000,56201,1,T1,1,100,37.392
1715671824.883328,3143928.000,56217,1,T1,1,100,37.383
1715671825.018557,3144057.000,56235,1,T1,1,100,37.307
1715671825.151689,3144184.000,56251,1,T1,1,100,37.275
1715671825.283772,3144310.000,56283,1,T1,1,100,37.403
1715671825.415856,3144436.000,56300,1,T1,1,100,37.351
1715671825.546891,3144561.000,56316,1,T1,1,100,37.258
1715671825.677926,3144686.000,56334,1,T1,1,100,37.325
1715671825.814203,3144816.000,56367,1,T1,1,100,37.318
1715671825.947335,3144943.000,56384,1,T1,1,100,37.350
1715671826.081515,3145071.000,56401,1,T1,1,100,37.329
1715671826.214646,3145198.000,56417,1,T1,1,100,37.320
1715671826.346730,3145324.000,56449,1,T1,1,100,37.351
1715671826.480910,3145452.000,56466,1,T1,1,100,37.400
1715671826.611945,3145577.000,56483,1,T1,1,100,37.386
1715671826.744029,3145703.000,56502,1,T1,1,100,37.344
1715671826.878209,3145831.000,56534,1,T1,1,100,37.291
1715671827.012389,3145959.000,56550,1,T1,1,100,37.303
1715671827.146569,3146087.000,56567,1,T1,1,100,37.273
1715671827.280749,3146215.000,56584,1,T1,1,100,37.189
1715671827.413881,3146342.000,56617,1,T1,1,100,37.224
1715671827.547013,3146469.000,56634,1,T1,1,100,37.380
1715671827.679096,3146595.000,56651,1,T1,1,100,37.342
1715671827.809083,3146719.000,56670,1,T1,1,100,37.325
1715671827.940118,3146844.000,56702,1,T1,1,100,37.353
1715671828.076395,3146974.000,56718,1,T1,1,100,37.259
1715671828.208478,3147100.000,56735,1,T1,1,100,37.254
1715671828.343707,3147229.000,56752,1,T1,1,100,37.216
1715671828.476839,3147356.000,56783,1,T1,1,100,37.271
1715671828.608922,3147482.000,56801,1,T1,1,100,37.330
1715671828.742054,3147609.000,56817,1,T1,1,100,37.356
1715671828.873089,3147734.000,56834,1,T1,1,100,37.331
1715671829.004124,3147859.000,56857,1,T1,1,100,37.250
1715671829.140401,3147989.000,56873,1,T1,1,100,37.321
1715671829.274581,3148117.000,56891,1,T1,1,100,37.316
1715671829.408761,3148245.000,56907,1,T1,1,100,37.314
1715671829.541893,3148372.000,56939,1,T1,1,100,37.278
1715671829.675025,3148499.000,56956,1,T1,1,100,37.297
1715671829.809205,3148627.000,56972,1,T1,1,100,37.306
1715671829.940240,3148752.000,56990,1,T1,1,100,37.381
1715671830.072324,3148878.000,57006,1,T1,1,100,37.342
1715671830.205455,3149005.000,57038,1,T1,1,100,37.290
1715671830.339635,3149133.000,57055,1,T1,1,100,37.338
1715671830.473815,3149261.000,57071,1,T1,1,100,37.359
1715671830.607996,3149389.000,57103,1,T1,1,100,37.297
1715671830.741127,3149516.000,57120,1,T1,1,100,37.341
1715671830.874259,3149643.000,57136,1,T1,1,100,37.325
1715671831.006343,3149769.000,57156,1,T1,1,100,37.247
1715671831.136330,3149893.000,57187,1,T1,1,100,37.355
1715671831.267365,3150018.000,57204,1,T1,1,100,37.331
1715671831.403641,3150148.000,57221,1,T1,1,100,37.391
1715671831.535725,3150274.000,57237,1,T1,1,100,37.205
1715671831.670953,3150403.000,57271,1,T1,1,100,37.160
1715671831.804085,3150530.000,57288,1,T1,1,100,37.388
1715671831.936169,3150656.000,57305,1,T1,1,100,37.345
1715671832.070349,3150784.000,57322,1,T1,1,100,37.256
1715671832.201384,3150909.000,57354,1,T1,1,100,37.252
1715671832.332419,3151034.000,57370,1,T1,1,100,37.251
1715671832.468696,3151164.000,57387,1,T1,1,100,37.357
1715671832.601828,3151291.000,57404,1,T1,1,100,37.367
1715671832.736008,3151419.000,57435,1,T1,1,100,37.336
1715671832.869139,3151546.000,57452,1,T1,1,100,37.287
1715671833.002271,3151673.000,57469,1,T1,1,100,37.302
1715671833.136451,3151801.000,57486,1,T1,1,100,37.379
1715671833.267487,3151926.000,57518,1,T1,1,100,37.377
1715671833.399570,3152052.000,57536,1,T1,1,100,37.340
1715671833.531654,3152178.000,57553,1,T1,1,100,37.289
1715671833.665834,3152306.000,57570,1,T1,1,100,37.409
1715671833.800014,3152434.000,57601,1,T1,1,100,37.283
1715671833.934194,3152562.000,57619,1,T1,1,100,37.264
1715671834.067326,3152689.000,57635,1,T1,1,100,37.398
1715671834.200457,3152816.000,57652,1,T1,1,100,37.350
1715671834.332541,3152942.000,57676,1,T1,1,100,37.258
1715671834.463576,3153067.000,57692,1,T1,1,100,37.182
1715671834.594611,3153192.000,57710,1,T1,1,100,37.256
1715671834.730888,3153322.000,57726,1,T1,1,100,37.217
1715671834.862972,3153448.000,57743,1,T1,1,100,37.271
1715671834.998200,3153577.000,57775,1,T1,1,100,37.295
1715671835.131332,3153704.000,57791,1,T1,1,100,37.305
1715671835.263415,3153830.000,57809,1,T1,1,100,37.274
1715671835.398643,3153959.000,57840,1,T1,1,100,37.296
1715671835.529679,3154084.000,57857,1,T1,1,100,37.305
1715671835.660714,3154209.000,57874,1,T1,1,100,37.345
1715671835.795942,3154338.000,57892,1,T1,1,100,37.326
1715671835.929074,3154465.000,57909,1,T1,1,100,37.212
1715671836.063254,3154593.000,57941,1,T1,1,100,37.198
1715671836.196386,3154720.000,57957,1,T1,1,100,37.228
1715671836.329518,3154847.000,57975,1,T1,1,100,37.382
1715671836.463698,3154975.000,57991,1,T1,1,100,37.343
1715671836.594733,3155100.000,58025,1,T1,1,100,37.361
1715671836.725768,3155225.000,58042,1,T1,1,100,37.404
1715671836.857852,3155351.000,58058,1,T1,1,100,37.459
1715671836.992032,3155479.000,58076,1,T1,1,100,37.376
1715671837.126212,3155607.000,58109,1,T1,1,100,37.375
1715671837.260392,3155735.000,58126,1,T1,1,100,37.340
1715671837.393524,3155862.000,58143,1,T1,1,100,37.253
1715671837.526656,3155989.000,58175,1,T1,1,100,37.181
1715671837.659787,3156116.000,58191,1,T1,1,100,37.362
1715671837.790823,3156241.000,58210,1,T1,1,100,37.298
1715671837.921858,3156366.000,58227,1,T1,1,100,37.306
1715671838.058135,3156496.000,58258,1,T1,1,100,37.416
1715671838.190218,3156622.000,58275,1,T1,1,100,37.357
1715671838.325446,3156751.000,58292,1,T1,1,100,37.332
1715671838.458578,3156878.000,58309,1,T1,1,100,37.179
1715671838.591710,3157005.000,58341,1,T1,1,100,37.184
1715671838.726938,3157134.000,58357,1,T1,1,100,37.186
1715671838.857974,3157259.000,58374,1,T1,1,100,37.329
1715671838.989009,3157384.000,58393,1,T1,1,100,37.355
1715671839.123189,3157512.000,58424,1,T1,1,100,37.331
1715671839.256321,3157639.000,58442,1,T1,1,100,37.356
1715671839.390501,3157767.000,58458,1,T1,1,100,37.296
1715671839.523633,3157894.000,58475,1,T1,1,100,37.305
1715671839.657288,3158021.500,58512,2,T1,1,100,37.345
1715671839.790944,3158149.000,58512,2,T1,1,100,37.326
1715671839.921980,3158274.000,58529,1,T1,1,100,37.354
1715671840.054063,3158400.000,58546,1,T1,1,100,37.330
1715671840.186146,3158526.000,58578,1,T1,1,100,37.285
1715671840.320327,3158654.000,58594,1,T1,1,100,37.265
1715671840.454507,3158782.000,58611,1,T1,1,100,37.186
1715671840.588687,3158910.000,58643,1,T1,1,100,37.222
1715671840.721819,3159037.000,58659,1,T1,1,100,37.238
1715671840.854950,3159164.000,58678,1,T1,1,100,37.280
1715671840.989130,3159292.000,58695,1,T1,1,100,37.299
1715671841.120166,3159417.000,58712,1,T1,1,100,37.413
1715671841.251201,3159542.000,58744,1,T1,1,100,37.498
1715671841.387478,3159672.000,58760,1,T1,1,100,37.393
1715671841.518513,3159797.000,58777,1,T1,1,100,37.418
1715671841.653741,3159926.000,58811,1,T1,1,100,37.252
1715671841.786873,3160053.000,58827,1,T1,1,100,37.357
1715671841.920005,3160180.000,58845,1,T1,1,100,37.296
1715671842.055233,3160309.000,58861,1,T1,1,100,37.341
1715671842.186268,3160434.000,58893,1,T1,1,100,37.360
1715671842.317303,3160559.000,58910,1,T1,1,100,37.333
1715671842.450435,3160686.000,58926,1,T1,1,100,37.251
1715671842.583567,3160813.000,58944,1,T1,1,100,37.286
1715671842.716699,3160940.000,58977,1,T1,1,100,37.336
1715671842.850879,3161068.000,58994,1,T1,1,100,37.287
1715671842.984011,3161195.000,59011,1,T1,1,100,37.302
1715671843.118191,3161323.000,59027,1,T1,1,100,37.343
1715671843.249226,3161448.000,59059,1,T1,1,100,37.361
1715671843.382358,3161575.000,59076,1,T1,1,100,37.369
1715671843.514441,3161701.000,59092,1,T1,1,100,37.266
1715671843.648622,3161829.000,59110,1,T1,1,100,37.186
1715671843.782802,3161957.000,59141,1,T1,1,100,37.187
1715671843.916982,3162085.000,59158,1,T1,1,100,37.294
1715671844.050113,3162212.000,59177,1,T1,1,100,37.233
1715671844.183245,3162339.000,59193,1,T1,1,100,37.385
1715671844.318474,3162468.000,59225,1,T1,1,100,37.344
1715671844.449509,3162593.000,59242,1,T1,1,100,37.291
1715671844.580544,3162718.000,59259,1,T1,1,100,37.232
1715671844.715772,3162847.000,59276,1,T1,1,100,37.420
1715671844.846807,3162972.000,59308,1,T1,1,100,37.359
1715671844.982036,3163101.000,59326,1,T1,1,100,37.262
1715671845.115168,3163228.000,59344,1,T1,1,100,37.184
1715671845.248300,3163355.000,59361,1,T1,1,100,37.292
1715671845.383528,3163484.000,59378,1,T1,1,100,37.304
1715671845.514563,3163609.000,59394,1,T1,1,100,37.344
1715671845.645598,3163734.000,59412,1,T1,1,100,37.362
1715671845.778730,3163861.000,59443,1,T1,1,100,37.334
1715671845.911862,3163988.000,59460,1,T1,1,100,37.251
1715671846.044994,3164115.000,59477,1,T1,1,100,37.179
1715671846.179174,3164243.000,59493,1,T1,1,100,37.326
1715671846.312306,3164370.000,59525,1,T1,1,100,37.212
1715671846.446486,3164498.000,59542,1,T1,1,100,37.340
1715671846.578569,3164624.000,59559,1,T1,1,100,37.289
1715671846.711701,3164751.000,59578,1,T1,1,100,37.267
1715671846.843785,3164877.000,59612,1,T1,1,100,37.293
1715671846.977965,3165005.000,59628,1,T1,1,100,37.375
1715671847.111096,3165132.000,59645,1,T1,1,100,37.339
1715671847.245276,3165260.000,59661,1,T1,1,100,37.395
1715671847.378408,3165387.000,59695,1,T1,1,100,37.277
1715671847.511540,3165514.000,59712,1,T1,1,100,37.226
1715671847.646768,3165643.000,59729,1,T1,1,100,37.346
1715671847.777804,3165768.000,59762,1,T1,1,100,37.292
1715671847.908839,3165893.000,59780,1,T1,1,100,37.303
1715671848.043019,3166021.000,59796,1,T1,1,100,37.344
1715671848.174054,3166146.000,59813,1,T1,1,100,37.362
1715671848.309283,3166275.000,59845,1,T1,1,100,37.298
1715671848.442414,3166402.000,59861,1,T1,1,100,37.235
1715671848.575546,3166529.000,59879,1,T1,1,100,37.279
1715671848.710774,3166658.000,59895,1,T1,1,100,37.334
1715671848.841810,3166783.000,59927,1,T1,1,100,37.251
1715671848.973893,3166909.000,59944,1,T1,1,100,37.250
1715671849.107025,3167036.000,59960,1,T1,1,100,37.321
1715671849.240157,3167163.000,59978,1,T1,1,100,37.387
1715671849.373288,3167290.000,60011,1,T1,1,100,37.416
1715671849.507468,3167418.000,60027,1,T1,1,100,37.393
1715671849.640600,3167545.000,60045,1,T1,1,100,37.383
1715671849.774781,3167673.000,60061,1,T1,1,100,37.414
1715671849.907912,3167800.000,60093,1,T1,1,100,37.392
1715671850.041044,3167927.000,60110,1,T1,1,100,37.382
1715671850.173128,3168053.000,60126,1,T1,1,100,37.343
1715671850.307308,3168181.000,60144,1,T1,1,100,37.326
1715671850.440439,3168308.000,60179,2,T1,1,100,37.247
1715671850.573571,3168435.000,60179,2,T1,1,100,37.320
1715671850.706703,3168562.000,60195,1,T1,1,100,37.316
1715671850.839835,3168689.000,60227,1,T1,1,100,37.349
1715671850.975063,3168818.000,60244,1,T1,1,100,37.328
1715671851.106098,3168943.000,60260,1,T1,1,100,37.284
1715671851.237134,3169068.000,60278,1,T1,1,100,37.265
1715671851.370265,3169195.000,60309,1,T1,1,100,37.256
1715671851.501301,3169320.000,60327,1,T1,1,100,37.288
1715671851.636529,3169449.000,60347,1,T1,1,100,37.337
1715671851.769661,3169576.000,60363,1,T1,1,100,37.323
1715671851.902792,3169703.000,60395,1,T1,1,100,37.211
1715671852.038021,3169832.000,60412,1,T1,1,100,37.304
1715671852.170105,3169958.000,60428,1,T1,1,100,37.309
1715671852.303236,3170085.000,60446,1,T1,1,100,37.382
1715671852.436368,3170212.000,60479,1,T1,1,100,37.413
1715671852.569500,3170339.000,60496,1,T1,1,100,37.463
1715671852.702631,3170466.000,60513,1,T1,1,100,37.448
1715671852.836812,3170594.000,60529,1,T1,1,100,37.336
1715671852.969944,3170721.000,60561,1,T1,1,100,37.287
1715671853.104124,3170849.000,60578,1,T1,1,100,37.337
1715671853.237255,3170976.000,60595,1,T1,1,100,37.288
1715671853.370387,3171103.000,60612,1,T1,1,100,37.231
1715671853.502471,3171229.000,60646,1,T1,1,100,37.277
1715671853.635602,3171356.000,60662,1,T1,1,100,37.297
1715671853.767686,3171482.000,60679,1,T1,1,100,37.306
1715671853.901866,3171610.000,60695,1,T1,1,100,37.239
1715671854.034998,3171737.000,60727,1,T1,1,100,37.316
1715671854.168130,3171864.000,60744,1,T1,1,100,37.385
1715671854.303358,3171993.000,60761,1,T1,1,100,37.379
1715671854.434393,3172118.000,60780,1,T1,1,100,37.341
1715671854.567525,3172245.000,60812,1,T1,1,100,37.360
1715671854.700657,3172372.000,60828,1,T1,1,100,37.333
1715671854.831692,3172497.000,60845,1,T1,1,100,37.251
1715671854.966920,3172626.000,60862,1,T1,1,100,37.179
1715671855.100052,3172753.000,60893,1,T1,1,100,37.290
1715671855.233184,3172880.000,60911,1,T1,1,100,37.197
1715671855.368412,3173009.000,60929,1,T1,1,100,37.227
1715671855.501544,3173136.000,60946,1,T1,1,100,37.275
1715671855.634676,3173263.000,60978,1,T1,1,100,37.367
1715671855.767808,3173390.000,60994,1,T1,1,100,37.443
1715671855.900939,3173517.000,61017,1,T1,1,100,37.475
1715671856.033023,3173643.000,61033,1,T1,1,100,37.383
1715671856.167203,3173771.000,61051,1,T1,1,100,37.307
1715671856.300335,3173898.000,61067,1,T1,1,100,37.204
1715671856.434515,3174026.000,61084,1,T1,1,100,37.230
1715671856.567647,3174153.000,61102,1,T1,1,100,37.312
1715671856.700778,3174280.000,61136,1,T1,1,100,37.241
1715671856.832862,3174406.000,61153,1,T1,1,100,37.317
1715671856.964946,3174532.000,61170,1,T1,1,100,37.244
1715671857.097029,3174658.000,61187,1,T1,1,100,37.389
1715671857.231209,3174786.000,61219,1,T1,1,100,37.310
1715671857.364341,3174913.000,61235,1,T1,1,100,37.347
1715671857.497473,3175040.000,61254,1,T1,1,100,37.327
1715671857.632701,3175169.000,61286,1,T1,1,100,37.390
1715671857.763736,3175294.000,61302,1,T1,1,100,37.311
1715671857.897916,3175422.000,61320,1,T1,1,100,37.312
1715671858.030000,3175548.000,61337,2,T1,1,100,37.348
1715671858.162083,3175674.000,61337,2,T1,1,100,37.292
1715671858.296263,3175802.000,61370,1,T1,1,100,37.375
1715671858.429395,3175929.000,61386,1,T1,1,100,37.446
1715671858.562527,3176056.000,61406,1,T1,1,100,37.335
1715671858.697755,3176185.000,61422,1,T1,1,100,37.393
1715671858.829839,3176311.000,61439,1,T1,1,100,37.454
1715671858.962971,3176438.000,61471,1,T1,1,100,37.303
1715671859.096102,3176565.000,61487,1,T1,1,100,37.166
1715671859.228186,3176691.000,61505,1,T1,1,100,37.249
1715671859.359221,3176816.000,61521,1,T1,1,100,37.285
1715671859.493401,3176944.000,61555,1,T1,1,100,37.230
1715671859.626533,3177071.000,61572,1,T1,1,100,37.312
1715671859.760713,3177199.000,61588,1,T1,1,100,37.383
1715671859.893845,3177326.000,61606,1,T1,1,100,37.343
1715671860.026977,3177453.000,61637,1,T1,1,100,37.290
1715671860.160109,3177580.000,61653,1,T1,1,100,37.303
1715671860.292192,3177706.000,61671,1,T1,1,100,37.344
1715671860.424276,3177832.000,61687,1,T1,1,100,37.326
1715671860.558456,3177960.000,61719,1,T1,1,100,37.283
1715671860.691587,3178087.000,61738,1,T1,1,100,37.371
1715671860.824719,3178214.000,61754,1,T1,1,100,37.409
1715671860.959948,3178343.000,61772,1,T1,1,100,37.354
1715671861.092031,3178469.000,61803,1,T1,1,100,37.330
1715671861.225687,3178596.500,61826,2,T1,1,100,37.462
1715671861.359343,3178724.000,61826,2,T1,1,100,37.342
1715671861.490378,3178849.000,61842,1,T1,1,100,37.467
1715671861.623510,3178976.000,61860,1,T1,1,100,37.379
1715671861.756642,3179103.000,61893,1,T1,1,100,37.341
1715671861.889774,3179230.000,61912,1,T1,1,100,37.290
1715671862.025002,3179359.000,61929,1,T1,1,100,37.409
1715671862.157085,3179485.000,61961,1,T1,1,100,37.425
1715671862.290217,3179612.000,61977,1,T1,1,100,37.361
1715671862.423349,3179739.000,61994,1,T1,1,100,37.440
1715671862.555433,3179865.000,62011,1,T1,1,100,37.368
1715671862.686468,3179990.000,62044,1,T1,1,100,37.372
1715671862.820648,3180118.000,62062,1,T1,1,100,37.480
1715671862.953779,3180245.000,62078,1,T1,1,100,37.279
1715671863.087960,3180373.000,62095,1,T1,1,100,37.262
1715671863.221092,3180500.000,62127,1,T1,1,100,37.362
1715671863.354223,3180627.000,62143,1,T1,1,100,37.334
1715671863.487355,3180754.000,62162,1,T1,1,100,37.322
1715671863.619438,3180880.000,62179,1,T1,1,100,37.210
1715671863.751522,3181006.000,62210,1,T1,1,100,37.233
1715671863.885702,3181134.000,62228,1,T1,1,100,37.278
1715671864.018834,3181261.000,62244,1,T1,1,100,37.227
1715671864.151966,3181388.000,62261,1,T1,1,100,37.275
1715671864.287194,3181517.000,62293,1,T1,1,100,37.367
1715671864.419278,3181643.000,62309,1,T1,1,100,37.372
1715671864.553458,3181771.000,62327,1,T1,1,100,37.303
1715671864.686589,3181898.000,62345,1,T1,1,100,37.450
1715671864.817625,3182023.000,62377,1,T1,1,100,37.478
1715671864.949708,3182149.000,62394,1,T1,1,100,37.313
1715671865.082840,3182276.000,62410,1,T1,1,100,37.348
1715671865.215972,3182403.000,62428,1,T1,1,100,37.363
1715671865.351200,3182532.000,62459,1,T1,1,100,37.299
1715671865.483284,3182658.000,62475,1,T1,1,100,37.378
1715671865.616416,3182785.000,62493,1,T1,1,100,37.412
1715671865.749547,3182912.000,62511,1,T1,1,100,37.355
1715671865.880582,3183037.000,62543,1,T1,1,100,37.402
1715671866.011618,3183162.000,62560,1,T1,1,100,37.458
1715671866.145798,3183290.000,62576,1,T1,1,100,37.446
1715671866.278929,3183417.000,62594,1,T1,1,100,37.335
1715671866.413110,3183545.000,62627,1,T1,1,100,37.287
1715671866.546241,3183672.000,62648,2,T1,1,100,37.337
1715671866.679373,3183799.000,62648,2,T1,1,100,37.252
1715671866.813553,3183927.000,62666,1,T1,1,100,37.251
1715671866.945637,3184053.000,62684,1,T1,1,100,37.357
1715671867.077720,3184179.000,62700,1,T1,1,100,37.332
1715671867.210852,3184306.000,62732,1,T1,1,100,37.356
1715671867.343984,3184433.000,62749,1,T1,1,100,37.296
1715671867.477116,3184560.000,62765,1,T1,1,100,37.270
1715671867.612344,3184689.000,62783,1,T1,1,100,37.259
1715671867.744427,3184815.000,62814,1,T1,1,100,37.254
1715671867.878608,3184943.000,62831,1,T1,1,100,37.252
1715671868.011739,3185070.000,62848,1,T1,1,100,37.251
1715671868.142775,3185195.000,62864,1,T1,1,100,37.321
1715671868.273810,3185320.000,62896,1,T1,1,100,37.281
1715671868.406942,3185447.000,62913,1,T1,1,100,37.192
1715671868.540073,3185574.000,62930,1,T1,1,100,37.331
1715671868.675302,3185703.000,62947,1,T1,1,100,37.356
1715671868.807385,3185829.000,62979,1,T1,1,100,37.331
1715671868.940517,3185956.000,62995,1,T1,1,100,37.321
1715671869.073649,3186083.000,63012,1,T1,1,100,37.387
1715671869.205732,3186209.000,63029,1,T1,1,100,37.380
1715671869.336768,3186334.000,63062,1,T1,1,100,37.342
1715671869.470948,3186462.000,63079,1,T1,1,100,37.254
1715671869.604079,3186589.000,63096,1,T1,1,100,37.323
1715671869.738260,3186717.000,63113,1,T1,1,100,37.388
1715671869.871391,3186844.000,63145,1,T1,1,100,37.416
1715671870.004523,3186971.000,63161,1,T1,1,100,37.322
1715671870.139751,3187100.000,63178,1,T1,1,100,37.352
1715671870.271835,3187226.000,63195,1,T1,1,100,37.365
1715671870.403919,3187352.000,63226,1,T1,1,100,37.442
1715671870.537050,3187479.000,63244,1,T1,1,100,37.368
1715671870.670182,3187606.000,63260,1,T1,1,100,37.301
1715671870.803314,3187733.000,63277,1,T1,1,100,37.308
1715671870.938542,3187862.000,63309,1,T1,1,100,37.346
1715671871.070626,3187988.000,63325,1,T1,1,100,37.362
1715671871.204806,3188116.000,63343,1,T1,1,100,37.370
1715671871.337938,3188243.000,63359,1,T1,1,100,37.337
1715671871.468973,3188368.000,63391,1,T1,1,100,37.252
1715671871.600008,3188493.000,63412,1,T1,1,100,37.322
1715671871.733140,3188620.000,63428,1,T1,1,100,37.387
1715671871.866272,3188747.000,63445,1,T1,1,100,37.309
1715671872.001500,3188876.000,63468,1,T1,1,100,37.311
1715671872.133584,3189002.000,63485,1,T1,1,100,37.347
1715671872.266715,3189129.000,63504,1,T1,1,100,37.328
1715671872.400895,3189257.000,63520,1,T1,1,100,37.248
1715671872.532979,3189383.000,63538,1,T1,1,100,37.285
1715671872.664014,3189508.000,63554,1,T1,1,100,37.336
1715671872.798194,3189636.000,63586,1,T1,1,100,37.323
1715671872.931326,3189763.000,63603,1,T1,1,100,37.317
1715671873.064458,3189890.000,63619,1,T1,1,100,37.385
1715671873.199686,3190019.000,63636,1,T1,1,100,37.415
1715671873.333866,3190147.000,63670,1,T1,1,100,37.286
1715671873.469095,3190276.000,63686,1,T1,1,100,37.301
1715671873.601178,3190402.000,63704,1,T1,1,100,37.378
1715671873.733262,3190528.000,63720,1,T1,1,100,37.306
1715671873.865345,3190654.000,63752,1,T1,1,100,37.416
1715671873.998477,3190781.000,63769,1,T1,1,100,37.322
1715671874.131609,3190908.000,63785,1,T1,1,100,37.317
1715671874.266837,3191037.000,63819,1,T1,1,100,37.350
1715671874.398921,3191163.000,63836,1,T1,1,100,37.506
1715671874.533101,3191291.000,63853,1,T1,1,100,37.432
1715671874.666232,3191418.000,63870,1,T1,1,100,37.364
1715671874.797268,3191543.000,63902,1,T1,1,100,37.335
1715671874.928303,3191668.000,63918,1,T1,1,100,37.358
1715671875.061435,3191795.000,63935,1,T1,1,100,37.367
1715671875.194566,3191922.000,63952,1,T1,1,100,37.407
1715671875.329795,3192051.000,63983,1,T1,1,100,37.353
1715671875.462927,3192178.000,64001,1,T1,1,100,37.437
1715671875.596058,3192305.000,64019,1,T1,1,100,37.366
1715671875.730238,3192433.000,64036,1,T1,1,100,37.336
1715671875.862322,3192559.000,64068,1,T1,1,100,37.252
1715671875.993357,3192684.000,64084,1,T1,1,100,37.215
1715671876.127537,3192812.000,64101,1,T1,1,100,37.306
1715671876.258573,3192937.000,64118,1,T1,1,100,37.310
1715671876.391704,3193064.000,64149,1,T1,1,100,37.382
1715671876.526933,3193193.000,64167,1,T1,1,100,37.343
1715671876.661113,3193321.000,64185,1,T1,1,100,37.467
1715671876.796341,3193450.000,64202,1,T1,1,100,37.380
1715671876.928425,3193576.000,64234,1,T1,1,100,37.341
1715671877.060508,3193702.000,64250,1,T1,1,100,37.361
1715671877.192592,3193828.000,64270,1,T1,1,100,37.298
1715671877.325723,3193955.000,64292,1,T1,1,100,37.483
1715671877.458855,3194082.000,64309,1,T1,1,100,37.422
1715671877.594084,3194211.000,64326,1,T1,1,100,37.431
1715671877.726167,3194337.000,64342,1,T1,1,100,37.364
1715671877.860347,3194465.000,64360,1,T1,1,100,37.335
1715671877.993479,3194592.000,64376,1,T1,1,100,37.358
1715671878.124514,3194717.000,64410,1,T1,1,100,37.332
1715671878.255549,3194842.000,64427,1,T1,1,100,37.215
1715671878.388681,3194969.000,64443,1,T1,1,100,37.376
1715671878.521813,3195096.000,64461,1,T1,1,100,37.340
1715671878.657041,3195225.000,64492,1,T1,1,100,37.395
1715671878.789125,3195351.000,64508,1,T1,1,100,37.348
1715671878.922257,3195478.000,64526,1,T1,1,100,37.363
1715671879.056437,3195606.000,64542,1,T1,1,100,37.335
1715671879.188520,3195732.000,64574,1,T1,1,100,37.322
1715671879.319556,3195857.000,64591,1,T1,1,100,37.281
1715671879.453736,3195985.000,64609,1,T1,1,100,37.263
1715671879.585819,3196111.000,64627,1,T1,1,100,37.291
1715671879.718951,3196238.000,64658,1,T1,1,100,37.339
1715671879.854179,3196367.000,64675,1,T1,1,100,37.395
1715671879.988359,3196495.000,64692,1,T1,1,100,37.313
1715671880.123588,3196624.000,64710,1,T1,1,100,37.206
1715671880.255671,3196750.000,64742,1,T1,1,100,37.196
1715671880.387755,3196876.000,64759,1,T1,1,100,37.297
1715671880.518790,3197001.000,64776,1,T1,1,100,37.377
1715671880.651922,3197128.000,64793,1,T1,1,100,37.376
1715671880.785053,3197255.000,64827,1,T1,1,100,37.304
1715671880.920282,3197384.000,64843,1,T1,1,100,37.415
1715671881.052365,3197510.000,64860,1,T1,1,100,37.392
1715671881.186545,3197638.000,64877,1,T1,1,100,37.347
1715671881.319677,3197765.000,64908,1,T1,1,100,37.327
1715671881.450712,3197890.000,64925,1,T1,1,100,37.319
1715671881.581748,3198015.000,64944,1,T1,1,100,37.280
1715671881.714880,3198142.000,64963,1,T1,1,100,37.298
1715671881.848011,3198269.000,64995,1,T1,1,100,37.200
1715671881.983240,3198398.000,65011,1,T1,1,100,37.335
1715671882.115323,3198524.000,65028,1,T1,1,100,37.393
1715671882.248455,3198651.000,65045,1,T1,1,100,37.418
1715671882.382635,3198779.000,65076,1,T1,1,100,37.429
1715671882.514719,3198905.000,65094,1,T1,1,100,37.328
1715671882.647326,3199031.500,65116,2,T1,1,100,37.354
1715671882.779934,3199158.000,65116,2,T1,1,100,37.366
1715671882.912017,3199284.000,65133,1,T1,1,100,37.336
1715671883.045149,3199411.000,65150,1,T1,1,100,37.323
1715671883.180377,3199540.000,65182,1,T1,1,100,37.423
1715671883.314558,3199668.000,65198,1,T1,1,100,37.254
1715671883.449786,3199797.000,65215,1,T1,1,100,37.252
1715671883.581869,3199923.000,65247,1,T1,1,100,37.286
1715671883.713953,3200049.000,65263,1,T1,1,100,37.301
1715671883.844988,3200174.000,65281,1,T1,1,100,37.343
1715671883.978120,3200301.000,65297,1,T1,1,100,37.255
1715671884.111252,3200428.000,65331,1,T1,1,100,37.288
1715671884.246480,3200557.000,65348,1,T1,1,100,37.373
1715671884.378564,3200683.000,65364,1,T1,1,100,37.339
1715671884.512744,3200811.000,65382,1,T1,1,100,37.288
1715671884.645875,3200938.000,65400,1,T1,1,100,37.408
1715671884.776911,3201063.000,65432,1,T1,1,100,37.389
1715671884.907946,3201188.000,65449,1,T1,1,100,37.381
1715671885.041078,3201315.000,65465,1,T1,1,100,37.378
1715671885.174209,3201442.000,65482,1,T1,1,100,37.376
1715671885.309438,3201571.000,65514,1,T1,1,100,37.376
1715671885.441521,3201697.000,65530,1,T1,1,100,37.411
1715671885.574653,3201824.000,12,1,T1,1,100,37.426
1715671885.709882,3201953.000,43,1,T1,1,100,37.362
1715671885.841965,3202079.000,60,1,T1,1,100,37.369
1715671885.973000,3202204.000,79,1,T1,1,100,37.302
1715671886.106132,3202331.000,95,1,T1,1,100,37.308
1715671886.238215,3202457.000,127,1,T1,1,100,37.310
1715671886.371347,3202584.000,144,1,T1,1,100,37.276
1715671886.506576,3202713.000,163,1,T1,1,100,37.332
1715671886.639707,3202840.000,182,1,T1,1,100,37.356
1715671886.774936,3202969.000,214,1,T1,1,100,37.332
1715671886.907019,3203095.000,230,1,T1,1,100,37.356
1715671887.039103,3203221.000,247,1,T1,1,100,37.367
1715671887.170138,3203346.000,264,1,T1,1,100,37.336
1715671887.303270,3203473.000,298,1,T1,1,100,37.287
1715671887.436402,3203600.000,315,1,T1,1,100,37.372
1715671887.571630,3203729.000,332,1,T1,1,100,37.338
1715671887.703713,3203855.000,349,1,T1,1,100,37.359
1715671887.837893,3203983.000,381,1,T1,1,100,37.404
1715671887.971025,3204110.000,404,1,T1,1,100,37.387
1715671888.103109,3204236.000,422,1,T1,1,100,37.416
1715671888.234144,3204361.000,438,1,T1,1,100,37.393
1715671888.367276,3204488.000,455,1,T1,1,100,37.276
1715671888.499359,3204614.000,487,1,T1,1,100,37.403
1715671888.634588,3204743.000,506,1,T1,1,100,37.352
1715671888.766671,3204869.000,523,1,T1,1,100,37.365
1715671888.899803,3204996.000,540,1,T1,1,100,37.371
1715671889.036080,3205126.000,571,1,T1,1,100,37.302
1715671889.168163,3205252.000,592,1,T1,1,100,37.344
1715671889.299198,3205377.000,608,1,T1,1,100,37.361
1715671889.431282,3205503.000,625,1,T1,1,100,37.227
1715671889.563365,3205629.000,657,1,T1,1,100,37.276
1715671889.696497,3205756.000,673,1,T1,1,100,37.332
1715671889.831726,3205885.000,691,1,T1,1,100,37.285
1715671889.964857,3206012.000,710,1,T1,1,100,37.265
1715671890.100086,3206141.000,742,1,T1,1,100,37.257
1715671890.232169,3206267.000,759,1,T1,1,100,37.288
1715671890.364253,3206393.000,775,1,T1,1,100,37.267
1715671890.495288,3206518.000,796,1,T1,1,100,37.328
1715671890.628420,3206645.000,827,1,T1,1,100,37.213
1715671890.761552,3206772.000,844,1,T1,1,100,37.269
1715671890.896780,3206901.000,861,1,T1,1,100,37.294
1715671891.028863,3207027.000,879,1,T1,1,100,37.304
1715671891.163043,3207155.000,914,1,T1,1,100,37.415
1715671891.297224,3207283.000,931,1,T1,1,100,37.428
1715671891.428783,3207408.500,949,2,T1,1,100,37.433
1715671891.560342,3207534.000,949,2,T1,1,100,37.471
1715671891.693474,3207661.000,982,1,T1,1,100,37.346
1715671891.824509,3207786.000,999,1,T1,1,100,37.362
1715671891.959738,3207915.000,1016,1,T1,1,100,37.299
1715671892.091821,3208041.000,1034,1,T1,1,100,37.306
1715671892.224953,3208168.000,1066,1,T1,1,100,37.345
1715671892.361230,3208298.000,1083,1,T1,1,100,37.327
1715671892.493313,3208424.000,1100,1,T1,1,100,37.390
1715671892.624348,3208549.000,1117,1,T1,1,100,37.381
1715671892.755383,3208674.000,1149,1,T1,1,100,37.378
1715671892.887467,3208800.000,1170,1,T1,1,100,37.305
1715671893.020599,3208927.000,1187,1,T1,1,100,37.416
1715671893.155827,3209056.000,1207,1,T1,1,100,37.357
1715671893.288959,3209183.000,1224,1,T1,1,100,37.438
1715671893.424187,3209312.000,1245,1,T1,1,100,37.331
1715671893.556271,3209438.000,1263,1,T1,1,100,37.285
1715671893.689403,3209565.000,1294,1,T1,1,100,37.301
1715671893.820438,3209690.000,1314,1,T1,1,100,37.378
1715671893.953570,3209817.000,1331,1,T1,1,100,37.376
1715671894.086702,3209944.000,1347,1,T1,1,100,37.234
1715671894.221930,3210073.000,1381,1,T1,1,100,37.243
1715671894.354013,3210199.000,1401,1,T1,1,100,37.247
1715671894.488194,3210327.000,1418,1,T1,1,100,37.284
1715671894.623422,3210456.000,1435,1,T1,1,100,37.265
1715671894.755505,3210582.000,1467,1,T1,1,100,37.292
1715671894.886541,3210707.000,1483,1,T1,1,100,37.339
1715671895.019672,3210834.000,1503,1,T1,1,100,37.359
1715671895.150707,3210959.000,1520,1,T1,1,100,37.333
1715671895.285936,3211088.000,1539,1,T1,1,100,37.250
1715671895.418020,3211214.000,1571,1,T1,1,100,37.286
1715671895.551151,3211341.000,1590,1,T1,1,100,37.301
1715671895.687428,3211471.000,1607,1,T1,1,100,37.307
1715671895.819511,3211597.000,1623,1,T1,1,100,37.239
1715671895.950547,3211722.000,1657,1,T1,1,100,37.316
1715671896.081582,3211847.000,1674,1,T1,1,100,37.279
1715671896.213665,3211973.000,1691,1,T1,1,100,37.227
1715671896.346797,3212100.000,1711,1,T1,1,100,37.169
1715671896.482025,3212229.000,1745,1,T1,1,100,37.357
1715671896.615157,3212356.000,1761,1,T1,1,100,37.332
1715671896.750386,3212485.000,1778,1,T1,1,100,37.392
1715671896.882469,3212611.000,1798,1,T1,1,100,37.347
1715671897.015601,3212738.000,1829,1,T1,1,100,37.434
1715671897.146636,3212863.000,1847,1,T1,1,100,37.436
1715671897.279768,3212990.000,1865,1,T1,1,100,37.508
1715671897.412900,3213117.000,1882,1,T1,1,100,37.468
1715671897.548128,3213246.000,1914,1,T1,1,100,37.380
1715671897.680212,3213372.000,1930,1,T1,1,100,37.342
1715671897.814392,3213500.000,1951,1,T1,1,100,37.467
1715671897.949620,3213629.000,1967,1,T1,1,100,37.379
1715671898.081704,3213755.000,1984,1,T1,1,100,37.306
1715671898.212739,3213880.000,2016,1,T1,1,100,37.310
1715671898.344822,3214006.000,2034,1,T1,1,100,37.347
1715671898.475857,3214131.000,2052,1,T1,1,100,37.327
1715671898.611086,3214260.000,2068,1,T1,1,100,37.319
1715671898.744218,3214387.000,2105,2,T1,1,100,37.351
1715671898.877349,3214514.000,2105,2,T1,1,100,37.364
1715671899.013626,3214644.000,2122,1,T1,1,100,37.335
1715671899.145710,3214770.000,2157,1,T1,1,100,37.393
1715671899.276745,3214895.000,2173,1,T1,1,100,37.418
1715671899.407780,3215020.000,2190,1,T1,1,100,37.358
1715671899.539864,3215146.000,2207,1,T1,1,100,37.261
1715671899.672995,3215273.000,2243,1,T1,1,100,37.290
1715671899.808224,3215402.000,2261,1,T1,1,100,37.303
1715671899.941355,3215529.000,2277,1,T1,1,100,37.379
1715671900.075536,3215657.000,2294,1,T1,1,100,37.483
1715671900.208667,3215784.000,2326,1,T1,1,100,37.422
1715671900.341799,3215911.000,2345,1,T1,1,100,37.395
1715671900.472834,3216036.000,2365,1,T1,1,100,37.490
1715671900.605966,3216163.000,2381,1,T1,1,100,37.318
1715671900.739098,3216290.000,2413,1,T1,1,100,37.280
1715671900.874326,3216419.000,2430,1,T1,1,100,37.263
1715671901.006410,3216545.000,2449,1,T1,1,100,37.397
1715671901.140590,3216673.000,2467,1,T1,1,100,37.385
1715671901.275818,3216802.000,2498,1,T1,1,100,37.308
1715671901.407902,3216928.000,2514,1,T1,1,100,37.240
1715671901.538937,3217053.000,2536,1,T1,1,100,37.352
1715671901.671021,3217179.000,2555,1,T1,1,100,37.365
1715671901.802056,3217304.000,2587,1,T1,1,100,37.335
1715671901.937284,3217433.000,2604,1,T1,1,100,37.358
1715671902.070416,3217560.000,2620,1,T1,1,100,37.403
1715671902.203548,3217687.000,2641,1,T1,1,100,37.352
1715671902.339824,3217817.000,2672,1,T1,1,100,37.400
1715671902.471908,3217943.000,2691,1,T1,1,100,37.315
1715671902.602943,3218068.000,2708,1,T1,1,100,37.314
1715671902.733978,3218193.000,2724,1,T1,1,100,37.348
1715671902.866062,3218319.000,2759,1,T1,1,100,37.364
1715671902.999194,3218446.000,2776,1,T1,1,100,37.299
1715671903.134422,3218575.000,2793,1,T1,1,100,37.307
1715671903.267554,3218702.000,2810,1,T1,1,100,37.345
1715671903.401734,3218830.000,2826,1,T1,1,100,37.362
1715671903.534866,3218957.000,2858,1,T1,1,100,37.334
1715671903.669046,3219085.000,2877,1,T1,1,100,37.357
1715671903.800081,3219210.000,2894,1,T1,1,100,37.403
1715671903.933213,3219337.000,2925,1,T1,1,100,37.422
1715671904.066869,3219464.500,2948,2,T1,1,100,37.325
1715671904.200525,3219592.000,2948,2,T1,1,100,37.353
1715671904.332608,3219718.000,2968,1,T1,1,100,37.436
1715671904.466788,3219846.000,2985,1,T1,1,100,37.260
1715671904.603065,3219976.000,3018,1,T1,1,100,37.290
1715671904.735148,3220102.000,3039,1,T1,1,100,37.303
1715671904.866184,3220227.000,3055,1,T1,1,100,37.344
1715671904.997219,3220352.000,3072,1,T1,1,100,37.291
1715671905.128254,3220477.000,3089,1,T1,1,100,37.374
1715671905.263482,3220606.000,3120,1,T1,1,100,37.339
1715671905.396614,3220733.000,3138,1,T1,1,100,37.324
1715671905.529746,3220860.000,3154,1,T1,1,100,37.247
1715671905.666023,3220990.000,3174,1,T1,1,100,37.249
1715671905.798106,3221116.000,3208,1,T1,1,100,37.320
1715671905.929141,3221241.000,3224,1,T1,1,100,37.316
1715671906.060177,3221366.000,3244,1,T1,1,100,37.314
1715671906.192260,3221492.000,3261,1,T1,1,100,37.313
1715671906.325392,3221619.000,3292,1,T1,1,100,37.384
1715671906.460620,3221748.000,3310,1,T1,1,100,37.450
1715671906.593752,3221875.000,3328,1,T1,1,100,37.478
1715671906.727932,3222003.000,3347,1,T1,1,100,37.420
1715671906.862112,3222131.000,3367,1,T1,1,100,37.430
1715671906.996292,3222259.000,3398,1,T1,1,100,37.363
1715671907.127327,3222384.000,3416,1,T1,1,100,37.370
1715671907.260459,3222511.000,3432,1,T1,1,100,37.302
1715671907.391495,3222636.000,3452,1,T1,1,100,37.343
1715671907.526723,3222765.000,3486,1,T1,1,100,37.397
1715671907.658806,3222891.000,3502,1,T1,1,100,37.349
1715671907.792986,3223019.000,3520,1,T1,1,100,37.222
1715671907.929263,3223149.000,3551,1,T1,1,100,37.238
1715671908.061347,3223275.000,3570,1,T1,1,100,37.387
1715671908.192382,3223400.000,3588,1,T1,1,100,37.274
1715671908.323417,3223525.000,3604,1,T1,1,100,37.402
1715671908.454452,3223650.000,3636,1,T1,1,100,37.351
1715671908.589681,3223779.000,3656,1,T1,1,100,37.329
1715671908.721764,3223905.000,3674,1,T1,1,100,37.249
1715671908.854896,3224032.000,3692,1,T1,1,100,37.285
1715671908.991173,3224162.000,3723,1,T1,1,100,37.265
1715671909.123256,3224288.000,3740,1,T1,1,100,37.327
1715671909.255340,3224414.000,3760,1,T1,1,100,37.248
1715671909.386375,3224539.000,3776,1,T1,1,100,37.285
1715671909.518458,3224665.000,3799,1,T1,1,100,37.371
1715671909.650542,3224791.000,3830,1,T1,1,100,37.373
1715671909.785770,3224920.000,3850,1,T1,1,100,37.268
1715671909.918902,3225047.000,3869,1,T1,1,100,37.364
1715671910.053082,3225175.000,3885,1,T1,1,100,37.228
1715671910.188310,3225304.000,3917,1,T1,1,100,37.276
1715671910.322490,3225432.000,3934,1,T1,1,100,37.368
1715671910.453526,3225557.000,3951,1,T1,1,100,37.443
1715671910.585609,3225683.000,3968,1,T1,1,100,37.369
1715671910.716644,3225808.000,4005,1,T1,1,100,37.301
1715671910.851873,3225937.000,4021,1,T1,1,100,37.308
1715671910.983956,3226063.000,4038,1,T1,1,100,37.204
1715671911.118136,3226191.000,4055,1,T1,1,100,37.336
1715671911.254413,3226321.000,4089,1,T1,1,100,37.287
1715671911.386497,3226447.000,4106,1,T1,1,100,37.337
1715671911.518580,3226573.000,4125,1,T1,1,100,37.288
1715671911.649615,3226698.000,4142,1,T1,1,100,37.337
1715671911.780650,3226823.000,4174,1,T1,1,100,37.323
1715671911.915879,3226952.000,4195,1,T1,1,100,37.388
1715671912.047962,3227078.000,4212,1,T1,1,100,37.274
1715671912.181094,3227205.000,4229,1,T1,1,100,37.331
1715671912.317371,3227335.000,4260,1,T1,1,100,37.356
1715671912.449454,3227461.000,4281,1,T1,1,100,37.402
1715671912.582586,3227588.000,4297,1,T1,1,100,37.387
1715671912.713621,3227713.000,4314,1,T1,1,100,37.380
1715671912.845705,3227839.000,4346,1,T1,1,100,37.448
1715671912.977788,3227965.000,4364,1,T1,1,100,37.336
1715671913.113017,3228094.000,4382,1,T1,1,100,37.358
1715671913.246148,3228221.000,4401,1,T1,1,100,37.368
1715671913.380328,3228349.000,4433,1,T1,1,100,37.301
1715671913.515557,3228478.000,4450,1,T1,1,100,37.414
1715671913.649737,3228606.000,4466,1,T1,1,100,37.392
1715671913.780772,3228731.000,4484,1,T1,1,100,37.418
1715671913.912856,3228857.000,4520,1,T1,1,100,37.323
1715671914.043891,3228982.000,4536,1,T1,1,100,37.246
1715671914.179119,3229111.000,4554,1,T1,1,100,37.213
1715671914.311203,3229237.000,4570,1,T1,1,100,37.305
1715671914.445383,3229365.000,4605,1,T1,1,100,37.345
1715671914.581660,3229495.000,4622,1,T1,1,100,37.362
1715671914.713743,3229621.000,4638,1,T1,1,100,37.369
1715671914.845827,3229747.000,4661,1,T1,1,100,37.373
1715671914.976862,3229872.000,4677,1,T1,1,100,37.374
1715671915.107897,3229997.000,4711,1,T1,1,100,37.410
1715671915.243125,3230126.000,4728,1,T1,1,100,37.319
1715671915.376257,3230253.000,4744,1,T1,1,100,37.280
1715671915.509389,3230380.000,4762,1,T1,1,100,37.405
1715671915.645666,3230510.000,4793,1,T1,1,100,37.317
1715671915.778797,3230637.000,4813,1,T1,1,100,37.279
1715671915.911929,3230764.000,4830,1,T1,1,100,37.333
1715671916.042964,3230889.000,4848,1,T1,1,100,37.392
1715671916.175048,3231015.000,4866,1,T1,1,100,37.312
1715671916.306083,3231140.000,4900,1,T1,1,100,37.383
1715671916.441311,3231269.000,4917,1,T1,1,100,37.343
1715671916.574443,3231396.000,4936,1,T1,1,100,37.361
1715671916.708623,3231524.000,4952,1,T1,1,100,37.369
1715671916.843852,3231653.000,4986,1,T1,1,100,37.337
1715671916.978032,3231781.000,5003,1,T1,1,100,37.252
1715671917.109067,3231906.000,5020,1,T1,1,100,37.322
1715671917.240102,3232031.000,5051,1,T1,1,100,37.352
1715671917.371137,3232156.000,5069,1,T1,1,100,37.330
1715671917.506366,3232285.000,5088,1,T1,1,100,37.426
1715671917.638449,3232411.000,5108,1,T1,1,100,37.468
1715671917.772629,3232539.000,5126,1,T1,1,100,37.380
1715671917.908906,3232669.000,5158,1,T1,1,100,37.413
1715671918.040990,3232795.000,5175,1,T1,1,100,37.356
1715671918.174121,3232922.000,5192,1,T1,1,100,37.402
1715671918.305156,3233047.000,5226,1,T1,1,100,37.351
1715671918.436192,3233172.000,5244,1,T1,1,100,37.329
1715671918.571420,3233301.000,5260,1,T1,1,100,37.249
1715671918.703504,3233427.000,5277,1,T1,1,100,37.320
1715671918.836635,3233554.000,5296,1,T1,1,100,37.316
1715671918.972912,3233684.000,5327,1,T1,1,100,37.279
1715671919.107092,3233812.000,5345,1,T1,1,100,37.298
1715671919.240224,3233939.000,5361,1,T1,1,100,37.342
1715671919.371259,3234064.000,5378,1,T1,1,100,37.325
1715671919.503343,3234190.000,5410,1,T1,1,100,37.353
1715671919.633330,3234314.000,5429,1,T1,1,100,37.366
1715671919.768558,3234443.000,5447,1,T1,1,100,37.406
1715671919.901690,3234570.000,5463,1,T1,1,100,37.353
1715671920.035870,3234698.000,5497,1,T1,1,100,37.366
1715671920.171098,3234827.000,5522,1,T1,1,100,37.371
1715671920.305278,3234955.000,5538,1,T1,1,100,37.302
1715671920.436313,3235080.000,5556,1,T1,1,100,37.308
1715671920.567349,3235205.000,5572,1,T1,1,100,37.240
1715671920.698384,3235330.000,5604,1,T1,1,100,37.246
1715671920.833612,3235459.000,5621,1,T1,1,100,37.284
1715671920.965696,3235585.000,5642,1,T1,1,100,37.300
1715671921.099876,3235713.000,5660,1,T1,1,100,37.378
1715671921.236152,3235843.000,5691,1,T1,1,100,37.412
1715671921.368236,3235969.000,5710,1,T1,1,100,37.320
1715671921.502416,3236097.000,5730,1,T1,1,100,37.280
1715671921.633451,3236222.000,5746,1,T1,1,100,37.263
1715671921.764487,3236347.000,5778,1,T1,1,100,37.220
1715671921.898667,3236475.000,5797,1,T1,1,100,37.379
1715671922.030750,3236601.000,5813,1,T1,1,100,37.341
1715671922.163882,3236728.000,5831,1,T1,1,100,37.396
1715671922.300159,3236858.000,5850,1,T1,1,100,37.278
1715671922.434339,3236986.000,5882,1,T1,1,100,37.333
1715671922.567471,3237113.000,5899,1,T1,1,100,37.321
1715671922.698506,3237238.000,5918,1,T1,1,100,37.352
1715671922.829541,3237363.000,5936,1,T1,1,100,37.400
1715671922.959528,3237487.000,5967,1,T1,1,100,37.386
1715671923.094756,3237616.000,5986,1,T1,1,100,37.344
1715671923.227888,3237743.000,6003,1,T1,1,100,37.433
1715671923.362068,3237871.000,6019,1,T1,1,100,37.400
1715671923.497296,3238000.000,6054,1,T1,1,100,37.279
1715671923.631476,3238128.000,6071,1,T1,1,100,37.369
1715671923.763560,3238254.000,6088,1,T1,1,100,37.372
1715671923.894595,3238379.000,6105,1,T1,1,100,37.268
1715671924.025630,3238504.000,6124,1,T1,1,100,37.258
1715671924.160859,3238633.000,6141,1,T1,1,100,37.324
1715671924.292942,3238759.000,6157,1,T1,1,100,37.459
1715671924.427122,3238887.000,6191,1,T1,1,100,37.447
1715671924.563399,3239017.000,6208,1,T1,1,100,37.442
1715671924.695482,3239143.000,6224,1,T1,1,100,37.475
1715671924.830711,3239272.000,6245,1,T1,1,100,37.418
1715671924.961746,3239397.000,6278,1,T1,1,100,37.394
1715671925.092781,3239522.000,6295,1,T1,1,100,37.348
1715671925.225913,3239649.000,6312,1,T1,1,100,37.292
1715671925.359045,3239776.000,6328,1,T1,1,100,37.375
1715671925.492177,3239903.000,6346,1,T1,1,100,37.339
1715671925.628453,3240033.000,6382,1,T1,1,100,37.360
1715671925.762634,3240161.000,6399,1,T1,1,100,37.297
1715671925.895765,3240288.000,6416,1,T1,1,100,37.271
1715671926.026800,3240413.000,6432,1,T1,1,100,37.330
1715671926.157836,3240538.000,6453,1,T1,1,100,37.320
1715671926.287823,3240662.000,6486,1,T1,1,100,37.351
1715671926.423051,3240791.000,6503,1,T1,1,100,37.365
1715671926.556183,3240918.000,6522,1,T1,1,100,37.371
1715671926.690363,3241046.000,6538,1,T1,1,100,37.302
1715671926.825591,3241175.000,6573,1,T1,1,100,37.343
1715671926.959771,3241303.000,6590,1,T1,1,100,37.290
1715671927.092903,3241430.000,6607,1,T1,1,100,37.303
1715671927.223938,3241555.000,6626,1,T1,1,100,37.344
1715671927.354974,3241680.000,6661,1,T1,1,100,37.362
1715671927.490202,3241809.000,6677,1,T1,1,100,37.298
1715671927.621237,3241934.000,6694,1,T1,1,100,37.377
1715671927.755417,3242062.000,6711,1,T1,1,100,37.305
1715671927.891694,3242192.000,6742,1,T1,1,100,37.238
1715671928.023777,3242318.000,6761,1,T1,1,100,37.280
1715671928.159006,3242447.000,6778,1,T1,1,100,37.405
1715671928.290041,3242572.000,6795,1,T1,1,100,37.246
1715671928.421076,3242697.000,6827,1,T1,1,100,37.426
1715671928.553160,3242823.000,6843,1,T1,1,100,37.361
1715671928.686291,3242950.000,6860,1,T1,1,100,37.263
1715671928.819423,3243077.000,6880,1,T1,1,100,37.397
1715671928.955700,3243207.000,6911,1,T1,1,100,37.349
1715671929.089880,3243335.000,6929,1,T1,1,100,37.328
1715671929.223012,3243462.000,6947,1,T1,1,100,37.355
1715671929.354047,3243587.000,6979,1,T1,1,100,37.437
1715671929.486130,3243713.000,6996,1,T1,1,100,37.437
1715671929.616117,3243837.000,7012,1,T1,1,100,37.296
1715671929.751346,3243966.000,7030,1,T1,1,100,37.341
1715671929.884478,3244093.000,7049,1,T1,1,100,37.431
1715671930.018658,3244221.000,7081,1,T1,1,100,37.364
1715671930.153886,3244350.000,7098,1,T1,1,100,37.264
1715671930.288066,3244478.000,7116,1,T1,1,100,37.327
1715671930.421198,3244605.000,7134,1,T1,1,100,37.283
1715671930.553281,3244731.000,7168,1,T1,1,100,37.442
1715671930.684317,3244856.000,7184,1,T1,1,100,37.368
1715671930.819545,3244985.000,7202,1,T1,1,100,37.266
1715671930.950580,3245110.000,7223,1,T1,1,100,37.292
1715671931.084760,3245238.000,7241,1,T1,1,100,37.375
1715671931.221037,3245368.000,7260,1,T1,1,100,37.410
1715671931.353120,3245494.000,7279,1,T1,1,100,37.390
1715671931.488349,3245623.000,7313,1,T1,1,100,37.275
1715671931.619384,3245748.000,7329,1,T1,1,100,37.296
1715671931.750419,3245873.000,7350,1,T1,1,100,37.235
1715671931.882503,3245999.000,7366,1,T1,1,100,37.314
1715671932.015635,3246126.000,7398,1,T1,1,100,37.278
1715671932.148766,3246253.000,7415,1,T1,1,100,37.404
1715671932.285043,3246383.000,7431,1,T1,1,100,37.423
1715671932.419223,3246511.000,7449,1,T1,1,100,37.360
1715671932.552355,3246638.000,7485,1,T1,1,100,37.404
1715671932.683390,3246763.000,7501,1,T1,1,100,37.388
1715671932.815474,3246889.000,7519,1,T1,1,100,37.380
1715671932.945461,3247013.000,7535,1,T1,1,100,37.448
1715671933.080689,3247142.000,7567,1,T1,1,100,37.407
1715671933.213821,3247269.000,7586,1,T1,1,100,37.353
1715671933.348001,3247397.000,7602,1,T1,1,100,37.330
1715671933.483229,3247526.000,7620,1,T1,1,100,37.320
1715671933.617409,3247654.000,7651,1,T1,1,100,37.280
1715671933.750541,3247781.000,7671,1,T1,1,100,37.192
1715671933.882624,3247907.000,7688,1,T1,1,100,37.367
1715671934.013660,3248032.000,7704,1,T1,1,100,37.230
1715671934.147840,3248160.000,7741,1,T1,1,100,37.383
1715671934.278875,3248285.000,7758,1,T1,1,100,37.308
1715671934.413055,3248413.000,7775,1,T1,1,100,37.346
1715671934.549332,3248543.000,7792,1,T1,1,100,37.291
1715671934.681415,3248669.000,7824,1,T1,1,100,37.339
1715671934.816643,3248798.000,7840,1,T1,1,100,37.395
1715671934.947679,3248923.000,7857,1,T1,1,100,37.348
1715671935.077666,3249047.000,7877,1,T1,1,100,37.328
1715671935.209749,3249173.000,7894,1,T1,1,100,37.355
1715671935.341833,3249299.000,7928,1,T1,1,100,37.366
1715671935.474965,3249426.000,7944,1,T1,1,100,37.265
1715671935.611241,3249556.000,7961,1,T1,1,100,37.292
1715671935.745421,3249684.000,7993,1,T1,1,100,37.268
1715671935.878553,3249811.000,8009,1,T1,1,100,37.222
1715671936.010637,3249937.000,8026,1,T1,1,100,37.274
1715671936.142720,3250063.000,8046,1,T1,1,100,37.260
1715671936.272707,3250187.000,8073,1,T1,1,100,37.290
1715671936.407935,3250316.000,8092,1,T1,1,100,37.338
1715671936.541067,3250443.000,8109,1,T1,1,100,37.324
1715671936.675247,3250571.000,8125,1,T1,1,100,37.317
1715671936.810476,3250700.000,8146,1,T1,1,100,37.350
1715671936.944656,3250828.000,8162,1,T1,1,100,37.293
1715671937.078836,3250956.000,8196,1,T1,1,100,37.375
1715671937.210919,3251082.000,8213,1,T1,1,100,37.304
1715671937.341954,3251207.000,8229,1,T1,1,100,37.309
1715671937.475086,3251334.000,8247,1,T1,1,100,37.275
1715671937.606122,3251459.000,8281,1,T1,1,100,37.261
1715671937.740302,3251587.000,8298,1,T1,1,100,37.432
1715671937.876578,3251717.000,8315,1,T1,1,100,37.400
1715671938.008662,3251843.000,8331,1,T1,1,100,37.279
1715671938.143890,3251972.000,8351,1,T1,1,100,37.263
1715671938.274925,3252097.000,8382,1,T1,1,100,37.220
1715671938.405961,3252222.000,8399,1,T1,1,100,37.308
1715671938.538044,3252348.000,8416,1,T1,1,100,37.346
1715671938.670128,3252474.000,8432,1,T1,1,100,37.327
1715671938.803259,3252601.000,8464,1,T1,1,100,37.354
1715671938.939536,3252731.000,8484,1,T1,1,100,37.224
1715671939.073716,3252859.000,8501,1,T1,1,100,37.274
1715671939.206848,3252986.000,8520,1,T1,1,100,37.367
1715671939.339980,3253113.000,8552,1,T1,1,100,37.301
1715671939.472063,3253239.000,8568,1,T1,1,100,37.343
1715671939.602050,3253363.000,8585,1,T1,1,100,37.219
1715671939.737278,3253492.000,8602,1,T1,1,100,37.272
1715671939.870410,3253619.000,8633,1,T1,1,100,37.330
1715671940.004590,3253747.000,8652,1,T1,1,100,37.356
1715671940.139819,3253876.000,8672,1,T1,1,100,37.402
1715671940.273999,3254004.000,8689,1,T1,1,100,37.387
1715671940.408179,3254132.000,8721,1,T1,1,100,37.380
1715671940.540262,3254258.000,8737,1,T1,1,100,37.342
1715671940.671298,3254383.000,8754,1,T1,1,100,37.361
1715671940.804429,3254510.000,8774,1,T1,1,100,37.369
1715671940.935465,3254635.000,8807,1,T1,1,100,37.337
1715671941.069645,3254763.000,8825,1,T1,1,100,37.394
1715671941.205921,3254893.000,8841,1,T1,1,100,37.206
1715671941.338005,3255019.000,8858,1,T1,1,100,37.160
1715671941.473233,3255148.000,8895,1,T1,1,100,37.211
1715671941.604268,3255273.000,8916,1,T1,1,100,37.375
1715671941.735304,3255398.000,8934,1,T1,1,100,37.481
1715671941.867387,3255524.000,8950,1,T1,1,100,37.421
1715671941.999471,3255650.000,8967,1,T1,1,100,37.359
1715671942.132602,3255777.000,8987,1,T1,1,100,37.368
1715671942.268879,3255907.000,9020,1,T1,1,100,37.337
1715671942.403059,3256035.000,9038,1,T1,1,100,37.252
1715671942.536191,3256162.000,9054,1,T1,1,100,37.393
1715671942.669323,3256289.000,9071,1,T1,1,100,37.205
1715671942.801406,3256415.000,9106,1,T1,1,100,37.266
1715671942.931393,3256539.000,9122,1,T1,1,100,37.434
1715671943.066622,3256668.000,9142,1,T1,1,100,37.401
1715671943.199753,3256795.000,9158,1,T1,1,100,37.386
1715671943.333933,3256923.000,9193,1,T1,1,100,37.415
1715671943.469162,3257052.000,9210,1,T1,1,100,37.428
1715671943.603342,3257180.000,9226,1,T1,1,100,37.398
1715671943.737522,3257308.000,9244,1,T1,1,100,37.279
1715671943.869606,3257434.000,9277,1,T1,1,100,37.369
1715671944.000641,3257559.000,9293,1,T1,1,100,37.266
1715671944.133772,3257686.000,9314,1,T1,1,100,37.257
1715671944.264808,3257811.000,9330,1,T1,1,100,37.218
1715671944.398988,3257939.000,9362,1,T1,1,100,37.342
1715671944.535264,3258069.000,9379,1,T1,1,100,37.290
1715671944.667348,3258195.000,9398,1,T1,1,100,37.303
1715671944.802576,3258324.000,9416,1,T1,1,100,37.415
1715671944.933611,3258449.000,9447,1,T1,1,100,37.392
1715671945.064647,3258574.000,9464,1,T1,1,100,37.347
1715671945.196730,3258700.000,9483,1,T1,1,100,37.363
1715671945.329862,3258827.000,9499,1,T1,1,100,37.441
1715671945.462994,3258954.000,9534,1,T1,1,100,37.368
1715671945.599270,3259084.000,9551,1,T1,1,100,37.266
1715671945.733450,3259212.000,9568,1,T1,1,100,37.399
1715671945.866582,3259339.000,9585,1,T1,1,100,37.421
1715671945.999714,3259466.000,9622,1,T1,1,100,37.359
1715671946.131798,3259592.000,9638,1,T1,1,100,37.404
1715671946.261785,3259716.000,9655,1,T1,1,100,37.281
1715671946.397013,3259845.000,9672,1,T1,1,100,37.370
1715671946.530145,3259972.000,9705,1,T1,1,100,37.266
1715671946.664325,3260100.000,9725,1,T1,1,100,37.363
1715671946.799553,3260229.000,9742,1,T1,1,100,37.370
1715671946.933733,3260357.000,9759,1,T1,1,100,37.408
1715671947.067913,3260485.000,9783,1,T1,1,100,37.389
1715671947.199997,3260611.000,9803,1,T1,1,100,37.381
1715671947.331032,3260736.000,9819,1,T1,1,100,37.413
1715671947.464164,3260863.000,9837,1,T1,1,100,37.285
1715671947.595199,3260988.000,9868,1,T1,1,100,37.301
1715671947.729379,3261116.000,9885,1,T1,1,100,37.343
1715671947.865656,3261246.000,9902,1,T1,1,100,37.361
1715671947.997739,3261372.000,9918,1,T1,1,100,37.298
1715671948.132968,3261501.000,9953,1,T1,1,100,37.342
1715671948.264003,3261626.000,9972,1,T1,1,100,37.573
1715671948.395038,3261751.000,9989,1,T1,1,100,37.425
1715671948.527122,3261877.000,10009,1,T1,1,100,37.397
1715671948.659205,3262003.000,10041,1,T1,1,100,37.420
1715671948.792337,3262130.000,10057,1,T1,1,100,37.430
1715671948.928613,3262260.000,10074,1,T1,1,100,37.399
1715671949.062793,3262388.000,10091,1,T1,1,100,37.385
1715671949.195925,3262515.000,10127,1,T1,1,100,37.273
1715671949.329057,3262642.000,10144,1,T1,1,100,37.295
1715671949.461141,3262768.000,10161,1,T1,1,100,37.270
1715671949.591128,3262892.000,10178,1,T1,1,100,37.365
1715671949.726356,3263021.000,10210,1,T1,1,100,37.371
1715671949.859488,3263148.000,10226,1,T1,1,100,37.373
1715671949.993668,3263276.000,10243,1,T1,1,100,37.445
1715671950.128896,3263405.000,10260,1,T1,1,100,37.405
1715671950.263076,3263533.000,10293,1,T1,1,100,37.388
1715671950.397256,3263661.000,10311,1,T1,1,100,37.416
1715671950.529340,3263787.000,10330,1,T1,1,100,37.428
1715671950.660375,3263912.000,10347,1,T1,1,100,37.363
1715671950.793507,3264039.000,10379,1,T1,1,100,37.299
1715671950.924542,3264164.000,10395,1,T1,1,100,37.413
1715671951.058722,3264292.000,10416,1,T1,1,100,37.427
1715671951.194999,3264422.000,10432,1,T1,1,100,37.327
1715671951.327082,3264548.000,10451,1,T1,1,100,37.389
1715671951.462311,3264677.000,10468,1,T1,1,100,37.417
1715671951.593346,3264802.000,10501,1,T1,1,100,37.393
1715671951.724381,3264927.000,10522,1,T1,1,100,37.383
1715671951.856465,3265053.000,10538,1,T1,1,100,37.378
1715671951.988548,3265179.000,10555,1,T1,1,100,37.376
1715671952.121680,3265306.000,10587,1,T1,1,100,37.411
1715671952.257957,3265436.000,10603,1,T1,1,100,37.284
1715671952.392137,3265564.000,10629,1,T1,1,100,37.229
1715671952.525269,3265691.000,10645,1,T1,1,100,37.135
1715671952.658400,3265818.000,10679,1,T1,1,100,37.165
1715671952.790484,3265944.000,10696,1,T1,1,100,37.319
1715671952.920471,3266068.000,10712,1,T1,1,100,37.245
1715671953.055699,3266197.000,10730,1,T1,1,100,37.283
1715671953.188831,3266324.000,10764,1,T1,1,100,37.371
1715671953.323011,3266452.000,10780,1,T1,1,100,37.373
1715671953.458239,3266581.000,10798,1,T1,1,100,37.339
1715671953.592419,3266709.000,10814,1,T1,1,100,37.359
1715671953.726599,3266837.000,10846,1,T1,1,100,37.404
1715671953.858683,3266963.000,10863,1,T1,1,100,37.352
1715671953.989718,3267088.000,10879,1,T1,1,100,37.330
1715671954.122850,3267215.000,10897,1,T1,1,100,37.462
1715671954.253885,3267340.000,10928,1,T1,1,100,37.342
1715671954.388065,3267468.000,10945,1,T1,1,100,37.325
1715671954.524342,3267598.000,10965,1,T1,1,100,37.318
1715671954.656425,3267724.000,10981,1,T1,1,100,37.350
1715671954.791654,3267853.000,11013,1,T1,1,100,37.435
1715671954.922689,3267978.000,11033,1,T1,1,100,37.259
1715671955.053724,3268103.000,11050,1,T1,1,100,37.289
1715671955.185808,3268229.000,11067,1,T1,1,100,37.303
1715671955.317891,3268355.000,11099,1,T1,1,100,37.415
1715671955.451023,3268482.000,11115,1,T1,1,100,37.357
1715671955.587300,3268612.000,11132,1,T1,1,100,37.332
1715671955.721480,3268740.000,11154,1,T1,1,100,37.285
1715671955.854612,3268867.000,11171,1,T1,1,100,37.265
1715671955.987743,3268994.000,11187,1,T1,1,100,37.221
1715671956.119827,3269120.000,11210,1,T1,1,100,37.308
1715671956.249814,3269244.000,11226,1,T1,1,100,37.204
1715671956.385042,3269373.000,11260,1,T1,1,100,37.266
1715671956.518174,3269500.000,11277,1,T1,1,100,37.399
1715671956.652354,3269628.000,11293,1,T1,1,100,37.456
1715671956.787582,3269757.000,11328,1,T1,1,100,37.410
1715671956.921762,3269885.000,11345,1,T1,1,100,37.426
1715671957.055943,3270013.000,11362,1,T1,1,100,37.361
1715671957.188026,3270139.000,11379,1,T1,1,100,37.440
1715671957.319061,3270264.000,11395,1,T1,1,100,37.439
1715671957.450097,3270389.000,11432,1,T1,1,100,37.332
1715671957.582180,3270515.000,11449,1,T1,1,100,37.356
1715671957.716360,3270643.000,11466,1,T1,1,100,37.473
1715671957.852637,3270773.000,11488,1,T1,1,100,37.382
1715671957.984720,3270899.000,11504,1,T1,1,100,37.484
1715671958.119949,3271028.000,11539,1,T1,1,100,37.387
1715671958.250984,3271153.000,11558,1,T1,1,100,37.451
1715671958.383067,3271279.000,11575,1,T1,1,100,37.302
1715671958.515151,3271405.000,11592,1,T1,1,100,37.201
1715671958.647234,3271531.000,11624,1,T1,1,100,37.300
1715671958.780366,3271658.000,11643,1,T1,1,100,37.342
1715671958.916643,3271788.000,11660,1,T1,1,100,37.290
1715671959.050823,3271916.000,11677,1,T1,1,100,37.338
1715671959.183955,3272043.000,11710,1,T1,1,100,37.359
1715671959.318135,3272171.000,11727,1,T1,1,100,37.262
1715671959.450218,3272297.000,11744,1,T1,1,100,37.397
1715671959.580205,3272421.000,11764,1,T1,1,100,37.349
1715671959.715434,3272550.000,11796,1,T1,1,100,37.328
1715671959.847517,3272676.000,11812,1,T1,1,100,37.213
1715671959.981697,3272804.000,11829,1,T1,1,100,37.305
1715671960.116925,3272933.000,11851,1,T1,1,100,37.416
1715671960.251106,3273061.000,11868,1,T1,1,100,37.357
1715671960.385286,3273189.000,11900,1,T1,1,100,37.332
1715671960.517369,3273315.000,11916,1,T1,1,100,37.321
1715671960.648404,3273440.000,11933,1,T1,1,100,37.316
1715671960.779440,3273565.000,11950,1,T1,1,100,37.314
1715671960.911523,3273691.000,11981,1,T1,1,100,37.278
1715671961.045703,3273819.000,11999,1,T1,1,100,37.333
1715671961.181980,3273949.000,12018,1,T1,1,100,37.321
1715671961.314063,3274075.000,12035,1,T1,1,100,37.316
1715671961.449292,3274204.000,12069,1,T1,1,100,37.279
1715671961.580327,3274329.000,12085,1,T1,1,100,37.333
1715671961.712410,3274455.000,12103,1,T1,1,100,37.357
1715671961.844494,3274581.000,12119,1,T1,1,100,37.403
1715671961.977626,3274708.000,12154,1,T1,1,100,37.245
1715671962.110758,3274835.000,12171,1,T1,1,100,37.354
1715671962.247034,3274965.000,12187,1,T1,1,100,37.366
1715671962.381214,3275093.000,12205,1,T1,1,100,37.371
1715671962.514346,3275220.000,12238,1,T1,1,100,37.338
1715671962.648526,3275348.000,12258,1,T1,1,100,37.359
1715671962.780610,3275474.000,12275,1,T1,1,100,37.297
1715671962.910597,3275598.000,12291,1,T1,1,100,37.270
1715671963.044777,3275726.000,12323,1,T1,1,100,37.294
1715671963.176860,3275852.000,12345,1,T1,1,100,37.269
1715671963.311040,3275980.000,12363,1,T1,1,100,37.329
1715671963.446269,3276109.000,12384,1,T1,1,100,37.320
1715671963.580449,3276237.000,12400,1,T1,1,100,37.387
1715671963.714629,3276365.000,12432,1,T1,1,100,37.380
1715671963.846712,3276491.000,12449,1,T1,1,100,37.413
1715671963.977747,3276616.000,12465,1,T1,1,100,37.427
1715671964.108783,3276741.000,12483,1,T1,1,100,37.433
1715671964.240866,3276867.000,12514,1,T1,1,100,37.365
1715671964.375046,3276995.000,12531,1,T1,1,100,37.370
1715671964.511323,3277125.000,12548,1,T1,1,100,37.373
1715671964.643406,3277251.000,12567,1,T1,1,100,37.374
1715671964.778635,3277380.000,12599,1,T1,1,100,37.304
1715671964.910718,3277506.000,12618,1,T1,1,100,37.309
1715671965.042802,3277632.000,12635,1,T1,1,100,37.311
1715671965.174885,3277758.000,12655,1,T1,1,100,37.312
1715671965.306969,3277884.000,12687,1,T1,1,100,37.312
1715671965.440101,3278011.000,12703,1,T1,1,100,37.419
1715671965.576377,3278141.000,12720,1,T1,1,100,37.323
1715671965.710557,3278269.000,12754,1,T1,1,100,37.388
1715671965.843689,3278396.000,12770,1,T1,1,100,37.345
1715671965.977869,3278524.000,12790,1,T1,1,100,37.433
1715671966.109953,3278650.000,12807,1,T1,1,100,37.400
1715671966.239940,3278774.000,12838,1,T1,1,100,37.315
1715671966.374120,3278902.000,12858,1,T1,1,100,37.349
1715671966.506203,3279028.000,12877,1,T1,1,100,37.293
1715671966.640383,3279156.000,12894,1,T1,1,100,37.233
1715671966.775612,3279285.000,12913,1,T1,1,100,37.243
1715671966.909792,3279413.000,12944,1,T1,1,100,37.318
1715671967.043972,3279541.000,12962,1,T1,1,100,37.421
1715671967.176055,3279667.000,12981,1,T1,1,100,37.430
1715671967.307091,3279792.000,12998,1,T1,1,100,37.364
1715671967.438126,3279917.000,13030,1,T1,1,100,37.335
1715671967.570209,3280043.000,13046,1,T1,1,100,37.393
1715671967.704389,3280171.000,13064,1,T1,1,100,37.276
1715671967.840666,3280301.000,13080,1,T1,1,100,37.368
1715671967.972749,3280427.000,13114,1,T1,1,100,37.301
1715671968.107978,3280556.000,13131,1,T1,1,100,37.343
1715671968.240061,3280682.000,13147,1,T1,1,100,37.361
1715671968.372145,3280808.000,13164,1,T1,1,100,37.298
1715671968.504228,3280934.000,13204,1,T1,1,100,37.200
1715671968.636312,3281060.000,13223,1,T1,1,100,37.193
1715671968.768395,3281186.000,13240,1,T1,1,100,37.367
1715671968.904672,3281316.000,13256,1,T1,1,100,37.372
1715671969.038852,3281444.000,13274,1,T1,1,100,37.409
1715671969.171984,3281571.000,13290,1,T1,1,100,37.390
1715671969.306164,3281699.000,13322,1,T1,1,100,37.381
1715671969.438247,3281825.000,13339,1,T1,1,100,37.413
1715671969.568234,3281949.000,13355,1,T1,1,100,37.356
1715671969.701366,3282076.000,13372,1,T1,1,100,37.331
1715671969.833450,3282202.000,13409,1,T1,1,100,37.356
1715671969.967630,3282330.000,13425,1,T1,1,100,37.402
1715671970.102858,3282459.000,13443,1,T1,1,100,37.387
1715671970.237038,3282587.000,13459,1,T1,1,100,37.345
1715671970.371218,3282715.000,13491,1,T1,1,100,37.326
1715671970.503302,3282841.000,13508,1,T1,1,100,37.248
1715671970.635385,3282967.000,13524,1,T1,1,100,37.214
1715671970.766421,3283092.000,13544,1,T1,1,100,37.270
1715671970.898504,3283218.000,13575,1,T1,1,100,37.400
1715671971.032684,3283346.000,13595,1,T1,1,100,37.351
1715671971.168961,3283476.000,13612,1,T1,1,100,37.364
1715671971.301044,3283602.000,13628,1,T1,1,100,37.406
1715671971.436273,3283731.000,13662,1,T1,1,100,37.317
1715671971.569404,3283858.000,13682,1,T1,1,100,37.315
1715671971.701488,3283984.000,13701,1,T1,1,100,37.420
1715671971.833571,3284110.000,13718,1,T1,1,100,37.323
1715671971.965655,3284236.000,13750,1,T1,1,100,37.282
1715671972.097739,3284362.000,13766,1,T1,1,100,37.370
1715671972.234015,3284492.000,13783,1,T1,1,100,37.444
1715671972.368195,3284620.000,13818,1,T1,1,100,37.405
1715671972.501327,3284747.000,13834,1,T1,1,100,37.388
1715671972.635507,3284875.000,13851,1,T1,1,100,37.558
1715671972.767591,3285001.000,13870,1,T1,1,100,37.490
1715671972.897578,3285125.000,13904,1,T1,1,100,37.425
1715671973.029661,3285251.000,13922,1,T1,1,100,37.361
1715671973.161745,3285377.000,13938,1,T1,1,100,37.369
1715671973.295925,3285505.000,13955,1,T1,1,100,37.337
1715671973.431153,3285634.000,13987,1,T1,1,100,37.359
1715671973.565333,3285762.000,14006,1,T1,1,100,37.332
1715671973.699513,3285890.000,14024,1,T1,1,100,37.286
1715671973.831597,3286016.000,14040,1,T1,1,100,37.372
1715671973.964728,3286143.000,14064,1,T1,1,100,37.445
1715671974.095764,3286268.000,14099,1,T1,1,100,37.370
1715671974.227847,3286394.000,14115,1,T1,1,100,37.266
1715671974.362027,3286522.000,14133,1,T1,1,100,37.257
1715671974.497256,3286651.000,14149,1,T1,1,100,37.324
1715671974.629339,3286777.000,14181,1,T1,1,100,37.317
1715671974.764567,3286906.000,14200,1,T1,1,100,37.350
1715671974.897699,3287033.000,14219,1,T1,1,100,37.364
1715671975.029783,3287159.000,14237,1,T1,1,100,37.370
1715671975.161866,3287285.000,14268,1,T1,1,100,37.302
1715671975.293950,3287411.000,14284,1,T1,1,100,37.343
1715671975.424985,3287536.000,14302,1,T1,1,100,37.397
1715671975.561262,3287666.000,14321,1,T1,1,100,37.349
1715671975.695442,3287794.000,14353,1,T1,1,100,37.364
1715671975.828573,3287921.000,14372,1,T1,1,100,37.335
1715671975.962754,3288049.000,14388,1,T1,1,100,37.358
1715671976.094837,3288175.000,14406,1,T1,1,100,37.332
1715671976.224824,3288299.000,14440,1,T1,1,100,37.215
1715671976.356908,3288425.000,14457,1,T1,1,100,37.270
1715671976.488991,3288551.000,14476,1,T1,1,100,37.259
1715671976.623171,3288679.000,14495,1,T1,1,100,37.289
1715671976.758399,3288808.000,14527,1,T1,1,100,37.232
1715671976.892580,3288936.000,14544,1,T1,1,100,37.207
1715671977.026760,3289064.000,14563,1,T1,1,100,37.302
1715671977.158843,3289190.000,14580,1,T1,1,100,37.237
1715671977.291975,3289317.000,14612,1,T1,1,100,37.315
1715671977.423010,3289442.000,14631,1,T1,1,100,37.385
1715671977.555094,3289568.000,14648,1,T1,1,100,37.273
1715671977.689274,3289696.000,14664,1,T1,1,100,37.402
1715671977.824502,3289825.000,14696,1,T1,1,100,37.351
1715671977.956586,3289951.000,14715,1,T1,1,100,37.329
1715671978.091814,3290080.000,14735,1,T1,1,100,37.320
1715671978.224946,3290207.000,14752,1,T1,1,100,37.387
1715671978.357029,3290333.000,14784,1,T1,1,100,37.345
1715671978.489113,3290459.000,14800,1,T1,1,100,37.362
1715671978.620148,3290584.000,14817,1,T1,1,100,37.476
1715671978.751183,3290709.000,14837,1,T1,1,100,37.419
1715671978.887460,3290839.000,14854,1,T1,1,100,37.323
1715671979.021640,3290967.000,14886,1,T1,1,100,37.459
1715671979.154772,3291094.000,14904,1,T1,1,100,37.518
1715671979.288952,3291222.000,14930,1,T1,1,100,37.472
1715671979.421035,3291348.000,14946,1,T1,1,100,37.382
1715671979.552071,3291473.000,14963,1,T1,1,100,37.307
1715671979.684154,3291599.000,14980,1,T1,1,100,37.310
1715671979.816237,3291725.000,14997,1,T1,1,100,37.418
1715671979.950418,3291853.000,15015,1,T1,1,100,37.323
1715671980.085646,3291982.000,15050,1,T1,1,100,37.317
1715671980.219826,3292110.000,15067,1,T1,1,100,37.350
1715671980.354006,3292238.000,15084,1,T1,1,100,37.400
1715671980.487138,3292365.000,15118,1,T1,1,100,37.386
1715671980.620270,3292492.000,15136,1,T1,1,100,37.415
1715671980.751305,3292617.000,15152,1,T1,1,100,37.463
1715671980.883389,3292743.000,15169,1,T1,1,100,37.413
1715671981.017569,3292871.000,15186,1,T1,1,100,37.356
1715671981.151749,3292999.000,15219,1,T1,1,100,37.473
1715671981.284880,3293126.000,15239,1,T1,1,100,37.382
1715671981.420109,3293255.000,15258,1,T1,1,100,37.413
1715671981.553241,3293382.000,15275,1,T1,1,100,37.392
1715671981.685324,3293508.000,15307,1,T1,1,100,37.382
1715671981.817408,3293634.000,15326,1,T1,1,100,37.307
1715671981.948443,3293759.000,15343,1,T1,1,100,37.452
1715671982.079478,3293884.000,15362,1,T1,1,100,37.408
1715671982.215755,3294014.000,15393,1,T1,1,100,37.354
1715671982.349935,3294142.000,15411,1,T1,1,100,37.508
1715671982.483067,3294269.000,15427,1,T1,1,100,37.362
1715671982.617247,3294397.000,15462,1,T1,1,100,37.334
1715671982.749330,3294523.000,15479,1,T1,1,100,37.393
1715671982.880365,3294648.000,15495,1,T1,1,100,37.347
1715671983.012449,3294774.000,15513,1,T1,1,100,37.327
1715671983.144532,3294900.000,15532,1,T1,1,100,37.390
1715671983.278713,3295028.000,15566,1,T1,1,100,37.311
1715671983.413941,3295157.000,15583,1,T1,1,100,37.205
1715671983.548121,3295285.000,15599,1,T1,1,100,37.337
1715671983.682301,3295413.000,15631,1,T1,1,100,37.359
1715671983.815433,3295540.000,15651,1,T1,1,100,37.297
1715671983.948565,3295667.000,15667,1,T1,1,100,37.270
1715671984.079600,3295792.000,15685,1,T1,1,100,37.188
1715671984.211683,3295918.000,15703,1,T1,1,100,37.329
1715671984.344815,3296045.000,15738,1,T1,1,100,37.391
1715671984.478995,3296173.000,15755,1,T1,1,100,37.382
1715671984.612127,3296300.000,15777,1,T1,1,100,37.342
1715671984.747355,3296429.000,15794,1,T1,1,100,37.467
1715671984.880487,3296556.000,15810,1,T1,1,100,37.415
1715671985.012571,3296682.000,15828,1,T1,1,100,37.321
1715671985.144654,3296808.000,15847,1,T1,1,100,37.281
1715671985.275689,3296933.000,15881,1,T1,1,100,37.334
1715671985.406724,3297058.000,15898,1,T1,1,100,37.251
1715671985.543001,3297188.000,15914,1,T1,1,100,37.321
1715671985.677181,3297316.000,15932,1,T1,1,100,37.423
1715671985.810313,3297443.000,15966,1,T1,1,100,37.289
1715671985.944493,3297571.000,15983,1,T1,1,100,37.302
1715671986.076577,3297697.000,16000,1,T1,1,100,37.344
1715671986.208660,3297823.000,16016,1,T1,1,100,37.361
1715671986.340744,3297949.000,16035,1,T1,1,100,37.334
1715671986.472827,3298075.000,16072,1,T1,1,100,37.286
1715671986.607007,3298203.000,16088,1,T1,1,100,37.337
1715671986.742236,3298332.000,16106,1,T1,1,100,37.358
1715671986.876416,3298460.000,16140,1,T1,1,100,37.368
1715671987.010596,3298588.000,16157,1,T1,1,100,37.336
1715671987.144252,3298715.500,16174,2,T1,1,100,37.323
1715671987.277908,3298843.000,16174,2,T1,1,100,37.423
1715671987.408943,3298968.000,16193,1,T1,1,100,37.396
1715671987.541026,3299094.000,16224,1,T1,1,100,37.313
1715671987.674158,3299221.000,16242,1,T1,1,100,37.313
1715671987.808338,3299349.000,16258,1,T1,1,100,37.419
1715671987.941470,3299476.000,16278,1,T1,1,100,37.359
1715671988.076698,3299605.000,16310,1,T1,1,100,37.368
1715671988.209830,3299732.000,16326,1,T1,1,100,37.336
1715671988.341914,3299858.000,16346,1,T1,1,100,37.394
1715671988.473997,3299984.000,16365,1,T1,1,100,37.383
1715671988.605032,3300109.000,16382,1,T1,1,100,37.237
1715671988.736068,3300234.000,16414,1,T1,1,100,37.244
1715671988.872344,3300364.000,16430,1,T1,1,100,37.318
1715671989.006524,3300492.000,16448,1,T1,1,100,37.315
1715671989.139656,3300619.000,16467,1,T1,1,100,37.278
1715671989.273836,3300747.000,16499,1,T1,1,100,37.333
1715671989.405920,3300873.000,16518,1,T1,1,100,37.534
1715671989.539052,3301000.000,16534,1,T1,1,100,37.337
1715671989.671135,3301126.000,16552,1,T1,1,100,37.323
1715671989.803219,3301252.000,16586,1,T1,1,100,37.317
1715671989.937399,3301380.000,16608,1,T1,1,100,37.315
1715671990.071579,3301508.000,16625,1,T1,1,100,37.313
1715671990.205759,3301636.000,16641,1,T1,1,100,37.348
1715671990.339939,3301764.000,16659,1,T1,1,100,37.470
1715671990.474119,3301892.000,16695,1,T1,1,100,37.451
1715671990.607251,3302019.000,16711,1,T1,1,100,37.444
1715671990.738286,3302144.000,16729,1,T1,1,100,37.369
1715671990.870369,3302270.000,16745,1,T1,1,100,37.372
1715671991.002453,3302396.000,16777,1,T1,1,100,37.374
1715671991.136633,3302524.000,16794,1,T1,1,100,37.481
1715671991.269765,3302651.000,16810,1,T1,1,100,37.385
1715671991.404993,3302780.000,16830,1,T1,1,100,37.309
1715671991.538125,3302907.000,16863,1,T1,1,100,37.346
1715671991.670208,3303033.000,16883,1,T1,1,100,37.363
1715671991.803340,3303160.000,16900,1,T1,1,100,37.441
1715671991.934376,3303285.000,16916,1,T1,1,100,37.403
1715671992.065411,3303410.000,16948,1,T1,1,100,37.423
1715671992.201687,3303540.000,16968,1,T1,1,100,37.396
1715671992.335867,3303668.000,16985,1,T1,1,100,37.455
1715671992.468999,3303795.000,17002,1,T1,1,100,37.410
1715671992.603179,3303923.000,17036,1,T1,1,100,37.425
1715671992.736311,3304050.000,17052,1,T1,1,100,37.397
1715671992.869443,3304177.000,17069,1,T1,1,100,37.384
1715671993.001526,3304303.000,17086,1,T1,1,100,37.379
1715671993.133610,3304429.000,17117,1,T1,1,100,37.306
1715671993.266742,3304556.000,17138,1,T1,1,100,37.451
1715671993.400922,3304684.000,17154,1,T1,1,100,37.373
1715671993.535102,3304812.000,17171,1,T1,1,100,37.303
1715671993.669282,3304940.000,17205,1,T1,1,100,37.415
1715671993.803462,3305068.000,17221,1,T1,1,100,37.357
1715671993.936594,3305195.000,17238,1,T1,1,100,37.438
1715671994.067629,3305320.000,17255,1,T1,1,100,37.473
1715671994.198664,3305445.000,17289,1,T1,1,100,37.453
1715671994.330748,3305571.000,17307,1,T1,1,100,37.409
1715671994.464928,3305699.000,17323,1,T1,1,100,37.390
1715671994.598060,3305826.000,17340,1,T1,1,100,37.381
1715671994.733288,3305955.000,17377,1,T1,1,100,37.307
1715671994.866420,3306082.000,17393,1,T1,1,100,37.381
1715671994.998503,3306208.000,17411,1,T1,1,100,37.236
1715671995.131635,3306335.000,17427,1,T1,1,100,37.244
1715671995.262670,3306460.000,17464,2,T1,1,100,37.389
1715671995.393705,3306585.000,17464,2,T1,1,100,37.417
1715671995.529982,3306715.000,17484,1,T1,1,100,37.464
1715671995.664162,3306843.000,17501,1,T1,1,100,37.343
1715671995.797294,3306970.000,17520,1,T1,1,100,37.396
1715671995.931474,3307098.000,17552,1,T1,1,100,37.420
1715671996.064606,3307225.000,17568,1,T1,1,100,37.359
1715671996.197738,3307352.000,17585,1,T1,1,100,37.368
1715671996.329821,3307478.000,17602,1,T1,1,100,37.372
1715671996.461905,3307604.000,17621,1,T1,1,100,37.338
1715671996.593988,3307730.000,17653,1,T1,1,100,37.288
1715671996.728168,3307858.000,17669,1,T1,1,100,37.302
1715671996.862348,3307986.000,17691,1,T1,1,100,37.166
1715671996.996528,3308114.000,17708,1,T1,1,100,37.214
1715671997.130708,3308242.000,17739,1,T1,1,100,37.305
1715671997.263840,3308369.000,17756,1,T1,1,100,37.416
1715671997.394876,3308494.000,17776,1,T1,1,100,37.393
1715671997.525911,3308619.000,17793,1,T1,1,100,37.489
1715671997.657994,3308745.000,17825,1,T1,1,100,37.353
1715671997.792174,3308873.000,17841,1,T1,1,100,37.330
1715671997.925306,3309000.000,17860,1,T1,1,100,37.285
1715671998.060534,3309129.000,17877,1,T1,1,100,37.265
1715671998.193666,3309256.000,17911,1,T1,1,100,37.221
1715671998.325750,3309382.000,17929,1,T1,1,100,37.202
1715671998.459930,3309510.000,17945,1,T1,1,100,37.442
1715671998.590965,3309635.000,17962,1,T1,1,100,37.333
1715671998.722000,3309760.000,17997,1,T1,1,100,37.286
1715671998.858277,3309890.000,18013,1,T1,1,100,37.266
1715671998.991409,3310017.000,18033,1,T1,1,100,37.257
1715671999.124541,3310144.000,18064,1,T1,1,100,37.217
1715671999.258721,3310272.000,18081,1,T1,1,100,37.342
1715671999.391852,3310399.000,18098,1,T1,1,100,37.432
1715671999.524984,3310526.000,18114,1,T1,1,100,37.364
1715671999.657068,3310652.000,18146,1,T1,1,100,37.370
1715671999.789151,3310778.000,18163,1,T1,1,100,37.373
1715671999.920186,3310903.000,18179,1,T1,1,100,37.303
1715672000.054366,3311031.000,18197,1,T1,1,100,37.273
1715672000.188547,3311159.000,18221,1,T1,1,100,37.295
1715672000.322727,3311287.000,18238,1,T1,1,100,37.341
1715672000.456907,3311415.000,18270,1,T1,1,100,37.360
1715672000.590039,3311542.000,18286,1,T1,1,100,37.404
1715672000.721074,3311667.000,18312,1,T1,1,100,37.246
1715672000.853157,3311793.000,18328,1,T1,1,100,37.213
1715672000.985241,3311919.000,18346,1,T1,1,100,37.269
1715672001.119421,3312047.000,18362,1,T1,1,100,37.400
1715672001.252553,3312174.000,18384,1,T1,1,100,37.280
1715672001.387781,3312303.000,18418,1,T1,1,100,37.298
1715672001.520913,3312430.000,18434,1,T1,1,100,37.413
1715672001.652996,3312556.000,18452,1,T1,1,100,37.320
1715672001.788225,3312685.000,18483,1,T1,1,100,37.387
1715672001.919260,3312810.000,18500,1,T1,1,100,37.380
1715672002.050295,3312935.000,18520,1,T1,1,100,37.235
1715672002.185524,3313064.000,18536,1,T1,1,100,37.315
1715672002.318655,3313191.000,18556,1,T1,1,100,37.384
1715672002.451787,3313318.000,18587,1,T1,1,100,37.379
1715672002.585967,3313446.000,18606,1,T1,1,100,37.306
1715672002.719099,3313573.000,18624,1,T1,1,100,37.310
1715672002.852231,3313700.000,18640,1,T1,1,100,37.311
1715672002.984314,3313826.000,18672,1,T1,1,100,37.347
1715672003.116398,3313952.000,18689,1,T1,1,100,37.363
1715672003.247433,3314077.000,18705,1,T1,1,100,37.370
1715672003.381613,3314205.000,18728,1,T1,1,100,37.408
1715672003.515793,3314333.000,18759,1,T1,1,100,37.318
1715672003.649973,3314461.000,18776,1,T1,1,100,37.280
1715672003.784153,3314589.000,18793,1,T1,1,100,37.263
1715672003.917285,3314716.000,18812,1,T1,1,100,37.291
1715672004.049369,3314842.000,18844,1,T1,1,100,37.268
1715672004.181452,3314968.000,18861,1,T1,1,100,37.293
1715672004.313535,3315094.000,18878,1,T1,1,100,37.340
1715672004.447716,3315222.000,18897,1,T1,1,100,37.431
1715672004.580848,3315349.000,18932,1,T1,1,100,37.399
1715672004.716076,3315478.000,18948,1,T1,1,100,37.350
1715672004.849208,3315605.000,18965,1,T1,1,100,37.364
1715672004.982339,3315732.000,18982,1,T1,1,100,37.406
1715672005.117568,3315861.000,19016,1,T1,1,100,37.353
1715672005.248603,3315986.000,19034,1,T1,1,100,37.330
1715672005.379638,3316111.000,19050,1,T1,1,100,37.320
1715672005.514867,3316240.000,19069,1,T1,1,100,37.422
1715672005.647998,3316367.000,19101,1,T1,1,100,37.395
1715672005.781130,3316494.000,19117,1,T1,1,100,37.384
1715672005.915310,3316622.000,19137,1,T1,1,100,37.272
1715672006.048442,3316749.000,19156,1,T1,1,100,37.366
1715672006.181050,3316875.500,19173,2,T1,1,100,37.407
1715672006.313657,3317002.000,19173,2,T1,1,100,37.460
1715672006.445741,3317128.000,19212,1,T1,1,100,37.376
1715672006.576776,3317253.000,19230,1,T1,1,100,37.340
1715672006.710956,3317381.000,19246,1,T1,1,100,37.289
1715672006.845136,3317509.000,19263,1,T1,1,100,37.231
1715672006.979316,3317637.000,19295,1,T1,1,100,37.313
1715672007.113496,3317765.000,19314,1,T1,1,100,37.313
1715672007.246628,3317892.000,19331,1,T1,1,100,37.383
1715672007.378712,3318018.000,19348,1,T1,1,100,37.414
1715672007.510795,3318144.000,19365,1,T1,1,100,37.321
1715672007.642879,3318270.000,19402,1,T1,1,100,37.281
1715672007.777059,3318398.000,19418,1,T1,1,100,37.334
1715672007.909142,3318524.000,19435,1,T1,1,100,37.357
1715672008.044371,3318653.000,19467,1,T1,1,100,37.296
1715672008.178551,3318781.000,19483,1,T1,1,100,37.306
1715672008.311682,3318908.000,19501,1,T1,1,100,37.309
1715672008.446911,3319037.000,19520,1,T1,1,100,37.311
1715672008.577946,3319162.000,19554,1,T1,1,100,37.206
1715672008.708981,3319287.000,19571,1,T1,1,100,37.266
1715672008.843161,3319415.000,19587,1,T1,1,100,37.292
1715672008.976293,3319542.000,19605,1,T1,1,100,37.233
1715672009.109425,3319669.000,19636,1,T1,1,100,37.314
1715672009.243605,3319797.000,19653,1,T1,1,100,37.348
1715672009.376737,3319924.000,19670,1,T1,1,100,37.363
1715672009.509869,3320051.000,19686,1,T1,1,100,37.335
1715672009.641952,3320177.000,19723,1,T1,1,100,37.322
1715672009.774035,3320303.000,19740,1,T1,1,100,37.423
1715672009.905071,3320428.000,19756,1,T1,1,100,37.360
1715672010.039251,3320556.000,19774,1,T1,1,100,37.298
1715672010.173431,3320684.000,19805,1,T1,1,100,37.377
1715672010.307611,3320812.000,19822,1,T1,1,100,37.305
1715672010.441791,3320940.000,19839,1,T1,1,100,37.345
1715672010.574923,3321067.000,19855,1,T1,1,100,37.256
1715672010.708055,3321194.000,19889,1,T1,1,100,37.252
1715672010.840138,3321320.000,19906,1,T1,1,100,37.251
1715672010.972222,3321446.000,19926,1,T1,1,100,37.321
1715672011.106402,3321574.000,19943,1,T1,1,100,37.316
1715672011.237437,3321699.000,19975,1,T1,1,100,37.314
1715672011.372665,3321828.000,20001,1,T1,1,100,37.242
1715672011.506845,3321956.000,20018,1,T1,1,100,37.247
1715672011.639977,3322083.000,20035,1,T1,1,100,37.319
1715672011.775206,3322212.000,20054,1,T1,1,100,37.316
1715672011.906241,3322337.000,20070,1,T1,1,100,37.349
1715672012.037276,3322462.000,20102,1,T1,1,100,37.328
1715672012.170408,3322589.000,20119,1,T1,1,100,37.284
1715672012.303540,3322716.000,20139,1,T1,1,100,37.300
1715672012.436671,3322843.000,20156,1,T1,1,100,37.378
1715672012.570852,3322971.000,20190,1,T1,1,100,37.376
1715672012.703983,3323098.000,20206,1,T1,1,100,37.411
1715672012.837115,3323225.000,20223,1,T1,1,100,37.462
1715672012.969198,3323351.000,20240,1,T1,1,100,37.448
1715672013.102330,3323478.000,20271,1,T1,1,100,37.477
1715672013.233366,3323603.000,20292,1,T1,1,100,37.348
1715672013.367546,3323731.000,20308,1,T1,1,100,37.399
1715672013.501726,3323859.000,20325,1,T1,1,100,37.421
1715672013.635906,3323987.000,20360,1,T1,1,100,37.395
1715672013.770086,3324115.000,20378,1,T1,1,100,37.384
1715672013.903218,3324242.000,20395,1,T1,1,100,37.379
1715672014.037398,3324370.000,20412,1,T1,1,100,37.270
1715672014.169481,3324496.000,20446,1,T1,1,100,37.330
1715672014.301565,3324622.000,20464,1,T1,1,100,37.355
1715672014.434697,3324749.000,20480,1,T1,1,100,37.367
1715672014.565732,3324874.000,20497,1,T1,1,100,37.442
1715672014.699912,3325002.000,20534,2,T1,1,100,37.369
1715672014.834092,3325130.000,20534,2,T1,1,100,37.372
1715672014.968272,3325258.000,20567,1,T1,1,100,37.409
1715672015.103500,3325387.000,20583,1,T1,1,100,37.319
1715672015.235584,3325513.000,20600,1,T1,1,100,37.351
1715672015.366619,3325638.000,20617,1,T1,1,100,37.329
1715672015.499751,3325765.000,20648,1,T1,1,100,37.320
1715672015.632883,3325892.000,20666,1,T1,1,100,37.280
1715672015.766015,3326019.000,20684,1,T1,1,100,37.369
1715672015.900195,3326147.000,20701,1,T1,1,100,37.302
1715672016.033326,3326274.000,20736,1,T1,1,100,37.343
1715672016.166458,3326401.000,20752,1,T1,1,100,37.361
1715672016.299590,3326528.000,20770,1,T1,1,100,37.298
1715672016.432722,3326655.000,20788,1,T1,1,100,37.306
1715672016.563757,3326780.000,20823,1,T1,1,100,37.381
1715672016.697937,3326908.000,20845,1,T1,1,100,37.377
1715672016.832117,3327036.000,20863,1,T1,1,100,37.376
1715672016.966297,3327164.000,20881,1,T1,1,100,37.375
1715672017.100477,3327292.000,20897,1,T1,1,100,37.446
1715672017.233609,3327419.000,20914,1,T1,1,100,37.370
1715672017.367789,3327547.000,20946,1,T1,1,100,37.408
1715672017.499873,3327673.000,20965,1,T1,1,100,37.425
1715672017.631956,3327799.000,20983,1,T1,1,100,37.255
1715672017.765088,3327926.000,20999,1,T1,1,100,37.323
1715672017.896123,3328051.000,21020,1,T1,1,100,37.317
1715672018.031352,3328180.000,21052,1,T1,1,100,37.314
1715672018.165007,3328307.500,21070,2,T1,1,100,37.349
1715672018.298663,3328435.000,21070,2,T1,1,100,37.399
1715672018.433892,3328564.000,21086,1,T1,1,100,37.385
1715672018.564927,3328689.000,21118,1,T1,1,100,37.450
1715672018.697011,3328815.000,21138,1,T1,1,100,37.337
1715672018.830142,3328942.000,21154,1,T1,1,100,37.358
1715672018.963274,3329069.000,21174,1,T1,1,100,37.332
1715672019.096406,3329196.000,21205,1,T1,1,100,37.427
1715672019.230586,3329324.000,21222,1,T1,1,100,37.362
1715672019.363718,3329451.000,21240,1,T1,1,100,37.369
1715672019.496850,3329578.000,21258,1,T1,1,100,37.408
1715672019.631030,3329706.000,21275,1,T1,1,100,37.389
1715672019.764161,3329833.000,21307,1,T1,1,100,37.310
1715672019.895197,3329958.000,21323,1,T1,1,100,37.382
1715672020.029377,3330086.000,21346,1,T1,1,100,37.343
1715672020.162508,3330213.000,21362,1,T1,1,100,37.326
1715672020.296689,3330341.000,21394,1,T1,1,100,37.389
1715672020.430869,3330469.000,21411,1,T1,1,100,37.452
1715672020.564000,3330596.000,21430,1,T1,1,100,37.479
1715672020.698180,3330724.000,21462,1,T1,1,100,37.314
1715672020.830264,3330850.000,21479,1,T1,1,100,37.313
1715672020.962348,3330976.000,21496,1,T1,1,100,37.313
1715672021.094431,3331102.000,21515,1,T1,1,100,37.348
1715672021.225466,3331227.000,21550,1,T1,1,100,37.541
1715672021.360695,3331356.000,21568,1,T1,1,100,37.553
1715672021.493826,3331483.000,21585,1,T1,1,100,37.452
1715672021.628006,3331611.000,21602,1,T1,1,100,37.302
1715672021.763235,3331740.000,21636,1,T1,1,100,37.379
1715672021.894270,3331865.000,21654,1,T1,1,100,37.377
1715672022.027402,3331992.000,21672,1,T1,1,100,37.340
1715672022.160534,3332119.000,21694,1,T1,1,100,37.360
1715672022.293665,3332246.000,21711,1,T1,1,100,37.404
1715672022.426797,3332373.000,21742,1,T1,1,100,37.423
1715672022.560977,3332501.000,21763,1,T1,1,100,37.360
1715672022.694109,3332628.000,21779,1,T1,1,100,37.333
1715672022.827241,3332755.000,21796,1,T1,1,100,37.321
1715672022.962469,3332884.000,21828,1,T1,1,100,37.316
1715672023.095601,3333011.000,21846,1,T1,1,100,37.350
1715672023.226636,3333136.000,21863,1,T1,1,100,37.293
1715672023.360816,3333264.000,21880,1,T1,1,100,37.233
1715672023.492900,3333390.000,21911,1,T1,1,100,37.314
1715672023.627080,3333518.000,21929,1,T1,1,100,37.278
1715672023.761260,3333646.000,21948,1,T1,1,100,37.297
1715672023.894392,3333773.000,21965,1,T1,1,100,37.270
1715672024.028572,3333901.000,21999,1,T1,1,100,37.365
1715672024.160655,3334027.000,22015,1,T1,1,100,37.264
1715672024.292739,3334153.000,22036,1,T1,1,100,37.363
1715672024.424822,3334279.000,22052,1,T1,1,100,37.405
1715672024.555858,3334404.000,22084,1,T1,1,100,37.459
1715672024.691086,3334533.000,22101,1,T1,1,100,37.376
1715672024.824218,3334660.000,22117,1,T1,1,100,37.446
1715672024.958398,3334788.000,22137,1,T1,1,100,37.477
1715672025.093626,3334917.000,22171,1,T1,1,100,37.419
1715672025.224661,3335042.000,22188,1,T1,1,100,37.323
1715672025.357793,3335169.000,22205,1,T1,1,100,37.317
1715672025.490925,3335296.000,22221,1,T1,1,100,37.314
1715672025.624057,3335423.000,22253,1,T1,1,100,37.384
1715672025.757189,3335550.000,22273,1,T1,1,100,37.308
1715672025.891369,3335678.000,22291,1,T1,1,100,37.275
1715672026.024500,3335805.000,22309,1,T1,1,100,37.296
1715672026.157632,3335932.000,22340,1,T1,1,100,37.447
1715672026.292861,3336061.000,22357,1,T1,1,100,37.406
1715672026.425992,3336188.000,22379,1,T1,1,100,37.424
1715672026.557028,3336313.000,22395,1,T1,1,100,37.396
1715672026.690159,3336440.000,22429,1,T1,1,100,37.384
1715672026.822243,3336566.000,22446,1,T1,1,100,37.308
1715672026.956423,3336694.000,22466,1,T1,1,100,37.311
1715672027.090603,3336822.000,22483,1,T1,1,100,37.241
1715672027.223735,3336949.000,22515,1,T1,1,100,37.317
1715672027.357915,3337077.000,22531,1,T1,1,100,37.421
1715672027.489998,3337203.000,22553,1,T1,1,100,37.430
1715672027.622082,3337329.000,22570,1,T1,1,100,37.399
1715672027.754165,3337455.000,22606,1,T1,1,100,37.421
1715672027.885201,3337580.000,22624,1,T1,1,100,37.324
1715672028.020429,3337709.000,22640,1,T1,1,100,37.247
1715672028.153561,3337836.000,22657,1,T1,1,100,37.319
1715672028.287741,3337964.000,22689,1,T1,1,100,37.351
1715672028.422969,3338093.000,22705,1,T1,1,100,37.400
1715672028.555053,3338219.000,22722,1,T1,1,100,37.279
1715672028.688184,3338346.000,22739,1,T1,1,100,37.298
1715672028.821316,3338473.000,22772,1,T1,1,100,37.413
1715672028.954448,3338600.000,22790,1,T1,1,100,37.427
1715672029.087580,3338727.000,22809,1,T1,1,100,37.433
1715672029.221760,3338855.000,22826,1,T1,1,100,37.294
1715672029.354892,3338982.000,22858,1,T1,1,100,37.198
1715672029.488024,3339109.000,22877,1,T1,1,100,37.298
1715672029.623252,3339238.000,22895,1,T1,1,100,37.271
1715672029.756384,3339365.000,22911,1,T1,1,100,37.295
1715672029.887419,3339490.000,22945,1,T1,1,100,37.305
1715672030.019502,3339616.000,22962,1,T1,1,100,37.345
1715672030.151586,3339742.000,22978,1,T1,1,100,37.397
1715672030.285766,3339870.000,22999,1,T1,1,100,37.420
1715672030.419946,3339998.000,23015,1,T1,1,100,37.501
1715672030.553078,3340125.000,23047,1,T1,1,100,37.394
1715672030.687258,3340253.000,23064,1,T1,1,100,37.419
1715672030.819341,3340379.000,23083,1,T1,1,100,37.429
1715672030.952473,3340506.000,23101,1,T1,1,100,37.399
1715672031.084557,3340632.000,23134,1,T1,1,100,37.314
1715672031.215592,3340757.000,23150,1,T1,1,100,37.349
1715672031.350820,3340886.000,23170,1,T1,1,100,37.257
1715672031.483952,3341013.000,23186,1,T1,1,100,37.289
1715672031.618132,3341141.000,23221,1,T1,1,100,37.302
1715672031.753361,3341270.000,23238,1,T1,1,100,37.343
1715672031.885444,3341396.000,23254,1,T1,1,100,37.290
1715672032.018576,3341523.000,23274,1,T1,1,100,37.374
1715672032.151708,3341650.000,23308,1,T1,1,100,37.304
1715672032.284839,3341777.000,23325,1,T1,1,100,37.344
1715672032.416923,3341903.000,23342,1,T1,1,100,37.397
1715672032.551103,3342031.000,23358,1,T1,1,100,37.349
1715672032.684235,3342158.000,23390,1,T1,1,100,37.328
1715672032.817367,3342285.000,23417,1,T1,1,100,37.390
1715672032.952595,3342414.000,23434,1,T1,1,100,37.311
1715672033.085727,3342541.000,23451,1,T1,1,100,37.383
1715672033.216762,3342666.000,23467,1,T1,1,100,37.307
1715672033.348845,3342792.000,23502,1,T1,1,100,37.381
1715672033.480929,3342918.000,23519,1,T1,1,100,37.307
1715672033.615109,3343046.000,23536,1,T1,1,100,37.345
1715672033.749289,3343174.000,23553,1,T1,1,100,37.362
1715672033.882421,3343301.000,23585,1,T1,1,100,37.405
1715672034.016601,3343429.000,23603,1,T1,1,100,37.494
1715672034.148685,3343555.000,23623,1,T1,1,100,37.356
1715672034.281816,3343682.000,23640,1,T1,1,100,37.367
1715672034.413900,3343808.000,23671,1,T1,1,100,37.300
1715672034.544935,3343933.000,23688,1,T1,1,100,37.236
1715672034.680163,3344062.000,23705,1,T1,1,100,37.315
1715672034.813295,3344189.000,23722,1,T1,1,100,37.314
1715672034.947475,3344317.000,23754,1,T1,1,100,37.384
1715672035.082704,3344446.000,23772,1,T1,1,100,37.521
1715672035.214787,3344572.000,23789,1,T1,1,100,37.367
1715672035.347919,3344699.000,23809,1,T1,1,100,37.336
1715672035.481051,3344826.000,23840,1,T1,1,100,37.394
1715672035.614182,3344953.000,23858,1,T1,1,100,37.383
1715672035.745218,3345078.000,23874,1,T1,1,100,37.414
1715672035.879398,3345206.000,23891,1,T1,1,100,37.356
1715672036.012530,3345333.000,23926,1,T1,1,100,37.331
1715672036.145661,3345460.000,23942,1,T1,1,100,37.321
1715672036.280890,3345589.000,23962,1,T1,1,100,37.352
1715672036.414021,3345716.000,23980,1,T1,1,100,37.294
1715672036.545057,3345841.000,24012,1,T1,1,100,37.304
1715672036.677140,3345967.000,24032,1,T1,1,100,37.344
1715672036.809224,3346093.000,24048,1,T1,1,100,37.326
1715672036.943404,3346221.000,24066,1,T1,1,100,37.283
1715672037.077584,3346349.000,24097,1,T1,1,100,37.371
1715672037.210716,3346476.000,24113,1,T1,1,100,37.267
1715672037.344896,3346604.000,24133,1,T1,1,100,37.328
1715672037.476979,3346730.000,24149,1,T1,1,100,37.213
1715672037.611160,3346858.000,24181,1,T1,1,100,37.234
1715672037.743243,3346984.000,24198,1,T1,1,100,37.314
1715672037.874278,3347109.000,24214,1,T1,1,100,37.313
1715672038.008458,3347237.000,24235,1,T1,1,100,37.277
1715672038.141590,3347364.000,24271,1,T1,1,100,37.333
1715672038.275770,3347492.000,24290,1,T1,1,100,37.215
1715672038.410999,3347621.000,24307,1,T1,1,100,37.270
1715672038.542034,3347746.000,24326,1,T1,1,100,37.330
1715672038.676214,3347874.000,24344,1,T1,1,100,37.284
1715672038.809345,3348001.000,24375,1,T1,1,100,37.407
1715672038.942477,3348128.000,24392,1,T1,1,100,37.389
1715672039.073513,3348253.000,24409,1,T1,1,100,37.416
1715672039.207693,3348381.000,24428,1,T1,1,100,37.322
1715672039.340824,3348508.000,24462,1,T1,1,100,37.352
1715672039.473956,3348635.000,24479,1,T1,1,100,37.436
1715672039.609185,3348764.000,24496,1,T1,1,100,37.330
1715672039.742316,3348891.000,24516,1,T1,1,100,37.391
1715672039.873352,3349016.000,24548,1,T1,1,100,37.382
1715672040.006483,3349143.000,24564,1,T1,1,100,37.236
1715672040.138567,3349269.000,24581,1,T1,1,100,37.138
1715672040.272747,3349397.000,24598,1,T1,1,100,37.343
1715672040.406927,3349525.000,24631,1,T1,1,100,37.361
1715672040.540059,3349652.000,24649,1,T1,1,100,37.263
1715672040.674239,3349780.000,24668,1,T1,1,100,37.291
1715672040.806322,3349906.000,24685,1,T1,1,100,37.268
1715672040.940503,3350034.000,24701,1,T1,1,100,37.293
1715672041.072586,3350160.000,24733,1,T1,1,100,37.269
1715672041.203621,3350285.000,24750,1,T1,1,100,37.258
1715672041.337801,3350413.000,24769,1,T1,1,100,37.360
1715672041.470933,3350540.000,24788,1,T1,1,100,37.368
1715672041.605113,3350668.000,24820,1,T1,1,100,37.372
1715672041.740342,3350797.000,24836,1,T1,1,100,37.338
1715672041.871377,3350922.000,24856,1,T1,1,100,37.359
1715672042.005557,3351050.000,24873,1,T1,1,100,37.333
1715672042.138689,3351177.000,24904,1,T1,1,100,37.392
1715672042.271821,3351304.000,24922,1,T1,1,100,37.347
1715672042.402856,3351429.000,24941,1,T1,1,100,37.327
1715672042.537036,3351557.000,24975,1,T1,1,100,37.283
1715672042.670167,3351684.000,24992,1,T1,1,100,37.300
1715672042.803299,3351811.000,25008,1,T1,1,100,37.378
1715672042.938528,3351940.000,25026,1,T1,1,100,37.447
1715672043.071660,3352067.000,25060,1,T1,1,100,37.300
1715672043.202695,3352192.000,25077,1,T1,1,100,37.378
1715672043.335826,3352319.000,25094,1,T1,1,100,37.376
1715672043.467910,3352445.000,25112,1,T1,1,100,37.305
1715672043.602090,3352573.000,25133,1,T1,1,100,37.345
1715672043.736270,3352701.000,25149,1,T1,1,100,37.255
1715672043.869402,3352828.000,25170,1,T1,1,100,37.288
1715672044.003582,3352956.000,25186,1,T1,1,100,37.337
1715672044.135665,3353082.000,25203,1,T1,1,100,37.323
1715672044.269846,3353210.000,25240,1,T1,1,100,37.211
1715672044.401929,3353336.000,25256,1,T1,1,100,37.268
1715672044.532964,3353461.000,25273,1,T1,1,100,37.223
1715672044.666096,3353588.000,25290,1,T1,1,100,37.274
1715672044.799228,3353715.000,25324,1,T1,1,100,37.260
1715672044.933408,3353843.000,25342,1,T1,1,100,37.325
1715672045.068636,3353972.000,25358,1,T1,1,100,37.354
1715672045.199672,3354097.000,25377,1,T1,1,100,37.330
1715672045.333852,3354225.000,25409,1,T1,1,100,37.356
1715672045.466984,3354352.000,25425,1,T1,1,100,37.402
1715672045.599067,3354478.000,25446,1,T1,1,100,37.493
1715672045.730102,3354603.000,25462,1,T1,1,100,37.497
1715672045.864282,3354731.000,25479,1,T1,1,100,37.428
1715672045.997414,3354858.000,25511,1,T1,1,100,37.327
1715672046.130546,3354985.000,25529,1,T1,1,100,37.319
1715672046.265774,3355114.000,25547,1,T1,1,100,37.315
1715672046.398906,3355241.000,25565,1,T1,1,100,37.385
1715672046.530989,3355367.000,25597,1,T1,1,100,37.450
1715672046.664121,3355494.000,25614,1,T1,1,100,37.478
1715672046.796205,3355620.000,25630,1,T1,1,100,37.384
1715672046.930385,3355748.000,25647,1,T1,1,100,37.273
1715672047.064565,3355876.000,25682,1,T1,1,100,37.260
1715672047.197697,3356003.000,25700,1,T1,1,100,37.290
1715672047.331877,3356131.000,25718,1,T1,1,100,37.374
1715672047.465008,3356258.000,25749,1,T1,1,100,37.445
1715672047.599189,3356386.000,25769,1,T1,1,100,37.370
1715672047.731272,3356512.000,25786,1,T1,1,100,37.337
1715672047.862307,3356637.000,25802,1,T1,1,100,37.323
1715672047.995439,3356764.000,25820,1,T1,1,100,37.388
1715672048.128571,3356891.000,25856,1,T1,1,100,37.345
1715672048.262751,3357019.000,25873,1,T1,1,100,37.327
1715672048.397979,3357148.000,25890,1,T1,1,100,37.425
1715672048.529015,3357273.000,25906,1,T1,1,100,37.397
1715672048.663195,3357401.000,25924,1,T1,1,100,37.313
1715672048.796327,3357528.000,25955,1,T1,1,100,37.348
1715672048.928410,3357654.000,25977,1,T1,1,100,37.399
1715672049.059445,3357779.000,25994,1,T1,1,100,37.350
1715672049.193625,3357907.000,26012,1,T1,1,100,37.364
1715672049.326757,3358034.000,26030,1,T1,1,100,37.299
1715672049.460937,3358162.000,26065,2,T1,1,100,37.307
1715672049.595117,3358290.000,26065,2,T1,1,100,37.310
1715672049.728249,3358417.000,26081,1,T1,1,100,37.311
1715672049.860332,3358543.000,26098,1,T1,1,100,37.277
1715672049.993464,3358670.000,26115,1,T1,1,100,37.368
1715672050.125548,3358796.000,26132,1,T1,1,100,37.336
1715672050.259728,3358924.000,26167,1,T1,1,100,37.429
1715672050.393908,3359052.000,26185,1,T1,1,100,37.434
1715672050.527040,3359179.000,26202,1,T1,1,100,37.471
1715672050.661220,3359307.000,26234,1,T1,1,100,37.452
1715672050.794352,3359434.000,26250,1,T1,1,100,37.302
1715672050.928532,3359562.000,26271,1,T1,1,100,37.237
1715672051.060615,3359688.000,26287,1,T1,1,100,37.351
1715672051.191650,3359813.000,26304,1,T1,1,100,37.471
1715672051.323734,3359939.000,26341,1,T1,1,100,37.346
1715672051.456866,3360066.000,26359,1,T1,1,100,37.433
1715672051.591046,3360194.000,26377,1,T1,1,100,37.365
1715672051.726274,3360323.000,26393,1,T1,1,100,37.371
1715672051.857310,3360448.000,26410,1,T1,1,100,37.479
1715672051.991490,3360576.000,26442,1,T1,1,100,37.349
1715672052.124621,3360703.000,26461,1,T1,1,100,37.293
1715672052.256705,3360829.000,26479,1,T1,1,100,37.375
1715672052.387740,3360954.000,26510,1,T1,1,100,37.410
1715672052.521920,3361082.000,26529,1,T1,1,100,37.355
1715672052.655052,3361209.000,26549,1,T1,1,100,37.331
1715672052.788184,3361336.000,26565,1,T1,1,100,37.391
1715672052.923412,3361465.000,26582,1,T1,1,100,37.382
1715672053.056544,3361592.000,26614,1,T1,1,100,37.272
1715672053.188627,3361718.000,26630,1,T1,1,100,37.330
1715672053.321759,3361845.000,26648,1,T1,1,100,37.214
1715672053.453843,3361971.000,26667,1,T1,1,100,37.270
1715672053.588023,3362099.000,26701,1,T1,1,100,37.259
1715672053.722203,3362227.000,26718,1,T1,1,100,37.289
1715672053.855335,3362354.000,26734,1,T1,1,100,37.267
1715672053.989515,3362482.000,26766,1,T1,1,100,37.328
1715672054.122647,3362609.000,26783,1,T1,1,100,37.355
1715672054.256827,3362737.000,26800,1,T1,1,100,37.366
1715672054.388910,3362863.000,26822,1,T1,1,100,37.300
1715672054.519945,3362988.000,26838,1,T1,1,100,37.343
1715672054.652029,3363114.000,26859,1,T1,1,100,37.326
1715672054.785161,3363241.000,26877,1,T1,1,100,37.283
1715672054.919341,3363369.000,26909,1,T1,1,100,37.371
1715672055.054569,3363498.000,26926,1,T1,1,100,37.267
1715672055.185604,3363623.000,26945,1,T1,1,100,37.328
1715672055.319784,3363751.000,26963,1,T1,1,100,37.284
1715672055.452916,3363878.000,26994,1,T1,1,100,37.265
1715672055.583951,3364003.000,27013,1,T1,1,100,37.327
1715672055.714987,3364128.000,27030,1,T1,1,100,37.319
1715672055.849167,3364256.000,27046,1,T1,1,100,37.280
1715672055.982298,3364383.000,27081,1,T1,1,100,37.298
1715672056.115430,3364510.000,27098,1,T1,1,100,37.306
1715672056.250659,3364639.000,27115,1,T1,1,100,37.274
1715672056.383790,3364766.000,27134,1,T1,1,100,37.331
1715672056.515874,3364892.000,27166,1,T1,1,100,37.356
1715672056.649006,3365019.000,27184,1,T1,1,100,37.331
1715672056.781089,3365145.000,27201,1,T1,1,100,37.321
1715672056.915269,3365273.000,27218,1,T1,1,100,37.351
1715672057.049449,3365401.000,27249,1,T1,1,100,37.329
1715672057.182581,3365528.000,27273,1,T1,1,100,37.355
1715672057.316761,3365656.000,27289,1,T1,1,100,37.366
1715672057.449893,3365783.000,27306,1,T1,1,100,37.300
1715672057.584073,3365911.000,27323,1,T1,1,100,37.307
1715672057.716156,3366037.000,27359,1,T1,1,100,37.346
1715672057.847192,3366162.000,27377,1,T1,1,100,37.362
1715672057.979275,3366288.000,27393,1,T1,1,100,37.370
1715672058.112407,3366415.000,27410,1,T1,1,100,37.337
1715672058.246587,3366543.000,27442,1,T1,1,100,37.252
1715672058.381815,3366672.000,27458,1,T1,1,100,37.393
1715672058.512851,3366797.000,27478,1,T1,1,100,37.383
1715672058.647031,3366925.000,27497,1,T1,1,100,37.307
1715672058.780163,3367052.000,27514,1,T1,1,100,37.346
1715672058.911198,3367177.000,27546,1,T1,1,100,37.362
1715672059.042233,3367302.000,27565,1,T1,1,100,37.440
1715672059.176413,3367430.000,27582,1,T1,1,100,37.368
1715672059.309545,3367557.000,27599,1,T1,1,100,37.407
1715672059.442677,3367684.000,27630,1,T1,1,100,37.318
1715672059.577905,3367813.000,27648,1,T1,1,100,37.315
1715672059.711037,3367940.000,27674,1,T1,1,100,37.314
1715672059.844169,3368067.000,27692,1,T1,1,100,37.348
1715672059.977300,3368194.000,27708,1,T1,1,100,37.434
1715672060.109384,3368320.000,27725,1,T1,1,100,37.330
1715672060.243564,3368448.000,27742,1,T1,1,100,37.426
1715672060.377744,3368576.000,27762,1,T1,1,100,37.326
1715672060.510876,3368703.000,27794,1,T1,1,100,37.212
1715672060.645056,3368831.000,27810,1,T1,1,100,37.234
1715672060.778188,3368958.000,27829,1,T1,1,100,37.278
1715672060.912368,3369086.000,27861,1,T1,1,100,37.262
1715672061.044451,3369212.000,27880,1,T1,1,100,37.255
1715672061.175487,3369337.000,27897,1,T1,1,100,37.359
1715672061.307570,3369463.000,27916,1,T1,1,100,37.368
1715672061.440702,3369590.000,27933,1,T1,1,100,37.230
1715672061.574882,3369718.000,27965,1,T1,1,100,37.312
1715672061.710110,3369847.000,27981,1,T1,1,100,37.348
1715672061.841146,3369972.000,28000,1,T1,1,100,37.292
1715672061.975326,3370100.000,28017,1,T1,1,100,37.304
1715672062.108457,3370227.000,28048,1,T1,1,100,37.273
1715672062.239493,3370352.000,28066,1,T1,1,100,37.366
1715672062.370528,3370477.000,28085,1,T1,1,100,37.407
1715672062.504708,3370605.000,28102,1,T1,1,100,37.353
1715672062.637840,3370732.000,28134,1,T1,1,100,37.401
1715672062.770972,3370859.000,28150,1,T1,1,100,37.315
1715672062.906200,3370988.000,28170,1,T1,1,100,37.278
1715672063.039332,3371115.000,28189,1,T1,1,100,37.369
1715672063.172463,3371242.000,28221,1,T1,1,100,37.301
1715672063.305595,3371369.000,28238,1,T1,1,100,37.379
1715672063.437679,3371495.000,28254,1,T1,1,100,37.341
1715672063.570811,3371622.000,28272,1,T1,1,100,37.289
1715672063.704991,3371750.000,28306,1,T1,1,100,37.409
1715672063.838122,3371877.000,28322,1,T1,1,100,37.319
1715672063.972302,3372005.000,28342,1,T1,1,100,37.351
1715672064.105434,3372132.000,28358,1,T1,1,100,37.435
1715672064.239614,3372260.000,28393,1,T1,1,100,37.472
1715672064.371698,3372386.000,28410,1,T1,1,100,37.382
1715672064.502733,3372511.000,28426,1,T1,1,100,37.413
1715672064.633768,3372636.000,28444,1,T1,1,100,37.427
1715672064.766900,3372763.000,28475,1,T1,1,100,37.398
1715672064.901080,3372891.000,28495,1,T1,1,100,37.349
1715672065.036309,3373020.000,28512,1,T1,1,100,37.364
1715672065.167344,3373145.000,28535,1,T1,1,100,37.406
1715672065.301524,3373273.000,28567,1,T1,1,100,37.388
1715672065.434656,3373400.000,28587,1,T1,1,100,37.345
1715672065.566739,3373526.000,28604,1,T1,1,100,37.327
1715672065.697774,3373651.000,28621,1,T1,1,100,37.390
1715672065.831954,3373779.000,28653,1,T1,1,100,37.310
1715672065.965086,3373906.000,28669,1,T1,1,100,37.382
1715672066.098218,3374033.000,28686,1,T1,1,100,37.343
1715672066.233446,3374162.000,28708,1,T1,1,100,37.326
1715672066.366578,3374289.000,28727,1,T1,1,100,37.318
1715672066.500758,3374417.000,28759,1,T1,1,100,37.350
1715672066.633890,3374544.000,28775,1,T1,1,100,37.258
1715672066.765974,3374670.000,28792,1,T1,1,100,37.253
1715672066.899105,3374797.000,28811,1,T1,1,100,37.216
1715672067.033285,3374925.000,28843,1,T1,1,100,37.271
1715672067.166417,3375052.000,28860,1,T1,1,100,37.330
1715672067.300597,3375180.000,28877,1,T1,1,100,37.320
1715672067.433729,3375307.000,28913,1,T1,1,100,37.387
1715672067.567909,3375435.000,28931,1,T1,1,100,37.345
1715672067.699993,3375561.000,28947,1,T1,1,100,37.362
1715672067.831028,3375686.000,28964,1,T1,1,100,37.334
1715672067.962063,3375811.000,28996,1,T1,1,100,37.357
1715672068.095195,3375938.000,29015,1,T1,1,100,37.261
1715672068.229375,3376066.000,29033,1,T1,1,100,37.290
1715672068.364603,3376195.000,29049,1,T1,1,100,37.267
1715672068.495639,3376320.000,29083,1,T1,1,100,37.364
1715672068.629819,3376448.000,29100,1,T1,1,100,37.370
1715672068.763999,3376576.000,29116,1,T1,1,100,37.408
1715672068.896082,3376702.000,29134,1,T1,1,100,37.389
1715672069.027117,3376827.000,29168,1,T1,1,100,37.346
1715672069.161298,3376955.000,29185,1,T1,1,100,37.291
1715672069.294429,3377082.000,29202,1,T1,1,100,37.268
1715672069.427561,3377209.000,29218,1,T1,1,100,37.293
1715672069.562789,3377338.000,29252,1,T1,1,100,37.304
1715672069.695921,3377465.000,29269,1,T1,1,100,37.451
1715672069.830101,3377593.000,29285,1,T1,1,100,37.301
1715672069.963233,3377720.000,29303,1,T1,1,100,37.272
1715672070.095317,3377846.000,29337,1,T1,1,100,37.401
1715672070.226352,3377971.000,29354,1,T1,1,100,37.422
1715672070.360532,3378099.000,29371,1,T1,1,100,37.324
1715672070.493664,3378226.000,29392,1,T1,1,100,37.282
1715672070.627844,3378354.000,29410,1,T1,1,100,37.406
1715672070.760976,3378481.000,29431,1,T1,1,100,37.424
1715672070.895156,3378609.000,29463,1,T1,1,100,37.219
1715672071.027239,3378735.000,29480,1,T1,1,100,37.343
1715672071.159323,3378861.000,29496,1,T1,1,100,37.397
1715672071.290358,3378986.000,29514,1,T1,1,100,37.420
1715672071.423490,3379113.000,29550,1,T1,1,100,37.465
1715672071.557670,3379241.000,29567,1,T1,1,100,37.414
1715672071.692898,3379370.000,29584,1,T1,1,100,37.356
1715672071.824982,3379496.000,29602,1,T1,1,100,37.402
1715672071.959162,3379624.000,29637,1,T1,1,100,37.316
1715672072.094390,3379753.000,29654,1,T1,1,100,37.314
1715672072.225425,3379878.000,29671,1,T1,1,100,37.349
1715672072.357509,3380004.000,29702,1,T1,1,100,37.399
1715672072.491689,3380132.000,29720,1,T1,1,100,37.314
1715672072.623772,3380258.000,29739,1,T1,1,100,37.313
1715672072.756904,3380385.000,29756,1,T1,1,100,37.242
1715672072.892133,3380514.000,29788,1,T1,1,100,37.353
1715672073.025264,3380641.000,29804,1,T1,1,100,37.330
1715672073.159444,3380769.000,29824,1,T1,1,100,37.320
1715672073.292576,3380896.000,29843,1,T1,1,100,37.422
1715672073.424660,3381022.000,29860,1,T1,1,100,37.324
1715672073.555695,3381147.000,29892,1,T1,1,100,37.318
1715672073.689875,3381275.000,29908,1,T1,1,100,37.386
1715672073.823007,3381402.000,29925,1,T1,1,100,37.309
1715672073.957187,3381530.000,29942,1,T1,1,100,37.275
1715672074.090319,3381657.000,29978,1,T1,1,100,37.367
1715672074.224499,3381785.000,29996,1,T1,1,100,37.336
1715672074.356582,3381911.000,30012,1,T1,1,100,37.287
1715672074.489714,3382038.000,30029,1,T1,1,100,37.337
1715672074.620749,3382163.000,30064,1,T1,1,100,37.359
1715672074.753881,3382290.000,30080,1,T1,1,100,37.226
1715672074.888061,3382418.000,30100,1,T1,1,100,37.240
1715672075.023289,3382547.000,30116,1,T1,1,100,37.352
1715672075.154325,3382672.000,30151,1,T1,1,100,37.365
1715672075.288505,3382800.000,30168,1,T1,1,100,37.406
1715672075.424782,3382930.000,30184,1,T1,1,100,37.388
1715672075.555817,3383055.000,30202,1,T1,1,100,37.274
1715672075.687900,3383181.000,30233,1,T1,1,100,37.296
1715672075.821032,3383308.000,30254,1,T1,1,100,37.305
1715672075.953115,3383434.000,30274,1,T1,1,100,37.345
1715672076.086247,3383561.000,30290,1,T1,1,100,37.291
1715672076.221476,3383690.000,30324,1,T1,1,100,37.410
1715672076.354607,3383817.000,30341,1,T1,1,100,37.425
1715672076.488787,3383945.000,30360,1,T1,1,100,37.255
1715672076.621919,3384072.000,30378,1,T1,1,100,37.252
1715672076.754003,3384198.000,30409,1,T1,1,100,37.251
1715672076.883990,3384322.000,30426,1,T1,1,100,37.357
1715672077.018170,3384450.000,30445,1,T1,1,100,37.225
1715672077.151302,3384577.000,30464,1,T1,1,100,37.239
1715672077.285482,3384705.000,30496,1,T1,1,100,37.387
1715672077.418613,3384832.000,30513,1,T1,1,100,37.416
1715672077.552794,3384960.000,30530,1,T1,1,100,37.393
1715672077.685925,3385087.000,30547,1,T1,1,100,37.347
1715672077.819057,3385214.000,30584,1,T1,1,100,37.363
1715672077.950092,3385339.000,30600,1,T1,1,100,37.299
1715672078.083224,3385466.000,30617,1,T1,1,100,37.342
1715672078.217404,3385594.000,30634,1,T1,1,100,37.325
1715672078.352633,3385723.000,30668,1,T1,1,100,37.283
1715672078.483668,3385848.000,30686,1,T1,1,100,37.335
1715672078.617848,3385976.000,30702,1,T1,1,100,37.429
1715672078.754125,3386106.000,30721,1,T1,1,100,37.398
1715672078.885160,3386231.000,30753,1,T1,1,100,37.385
1715672079.016195,3386356.000,30770,1,T1,1,100,37.344
1715672079.148278,3386482.000,30789,1,T1,1,100,37.362
1715672079.280362,3386608.000,30806,1,T1,1,100,37.263
1715672079.413494,3386735.000,30837,1,T1,1,100,37.220
1715672079.548722,3386864.000,30858,1,T1,1,100,37.414
1715672079.681854,3386991.000,30876,1,T1,1,100,37.321
1715672079.816034,3387119.000,30893,1,T1,1,100,37.281
1715672079.949166,3387246.000,30910,1,T1,1,100,37.334
1715672080.081249,3387372.000,30941,1,T1,1,100,37.322
1715672080.211236,3387496.000,30959,1,T1,1,100,37.317
1715672080.345416,3387624.000,30978,1,T1,1,100,37.385
1715672080.478548,3387751.000,30995,1,T1,1,100,37.379
1715672080.612728,3387879.000,31027,1,T1,1,100,37.341
1715672080.745860,3388006.000,31043,1,T1,1,100,37.360
1715672080.880040,3388134.000,31063,1,T1,1,100,37.298
1715672081.014220,3388262.000,31079,1,T1,1,100,37.413
1715672081.147352,3388389.000,31102,1,T1,1,100,37.356
1715672081.278387,3388514.000,31120,1,T1,1,100,37.402
1715672081.411519,3388641.000,31137,1,T1,1,100,37.316
1715672081.544651,3388768.000,31154,1,T1,1,100,37.314
1715672081.679879,3388897.000,31190,1,T1,1,100,37.349
1715672081.810914,3389022.000,31207,1,T1,1,100,37.399
1715672081.945094,3389150.000,31224,1,T1,1,100,37.314
1715672082.081371,3389280.000,31241,1,T1,1,100,37.278
1715672082.212406,3389405.000,31276,1,T1,1,100,37.262
1715672082.343441,3389530.000,31292,1,T1,1,100,37.255
1715672082.474477,3389655.000,31309,1,T1,1,100,37.323
1715672082.606560,3389781.000,31326,1,T1,1,100,37.317
1715672082.739692,3389908.000,31359,1,T1,1,100,37.279
1715672082.874920,3390037.000,31380,1,T1,1,100,37.369
1715672083.008052,3390164.000,31396,1,T1,1,100,37.372
1715672083.142232,3390292.000,31413,1,T1,1,100,37.338
1715672083.275364,3390419.000,31445,1,T1,1,100,37.359
1715672083.408496,3390546.000,31462,1,T1,1,100,37.368
1715672083.538483,3390670.000,31480,1,T1,1,100,37.407
1715672083.672663,3390798.000,31496,1,T1,1,100,37.354
1715672083.805795,3390925.000,31530,1,T1,1,100,37.401
1715672083.939975,3391053.000,31547,1,T1,1,100,37.351
1715672084.073107,3391180.000,31563,1,T1,1,100,37.365
1715672084.207287,3391308.000,31580,1,T1,1,100,37.300
1715672084.341467,3391436.000,31617,1,T1,1,100,37.307
1715672084.474598,3391563.000,31633,1,T1,1,100,37.310
1715672084.605634,3391688.000,31651,1,T1,1,100,37.276
1715672084.737717,3391814.000,31670,1,T1,1,100,37.297
1715672084.870849,3391941.000,31702,1,T1,1,100,37.306
1715672085.006077,3392070.000,31721,1,T1,1,100,37.345
1715672085.137113,3392195.000,31737,1,T1,1,100,37.220
1715672085.271293,3392323.000,31755,1,T1,1,100,37.273
1715672085.407569,3392453.000,31789,1,T1,1,100,37.331
1715672085.538604,3392578.000,31806,1,T1,1,100,37.320
1715672085.670688,3392704.000,31823,1,T1,1,100,37.422
1715672085.801723,3392829.000,31839,1,T1,1,100,37.360
1715672085.933807,3392955.000,31876,1,T1,1,100,37.262
1715672086.066939,3393082.000,31893,1,T1,1,100,37.255
1715672086.202167,3393211.000,31910,1,T1,1,100,37.323
1715672086.335299,3393338.000,31929,1,T1,1,100,37.353
1715672086.469479,3393466.000,31966,1,T1,1,100,37.294
1715672086.603659,3393594.000,31982,1,T1,1,100,37.305
1715672086.737839,3393722.000,32002,1,T1,1,100,37.274
1715672086.867826,3393846.000,32021,1,T1,1,100,37.331
1715672087.002006,3393974.000,32038,1,T1,1,100,37.321
1715672087.134089,3394100.000,32054,1,T1,1,100,37.210
1715672087.268270,3394228.000,32086,1,T1,1,100,37.268
1715672087.401401,3394355.000,32103,1,T1,1,100,37.222
1715672087.535581,3394483.000,32120,1,T1,1,100,37.273
1715672087.669761,3394611.000,32153,1,T1,1,100,37.154
1715672087.802893,3394738.000,32171,1,T1,1,100,37.244
1715672087.933928,3394863.000,32187,1,T1,1,100,37.318
1715672088.063915,3394987.000,32207,1,T1,1,100,37.280
1715672088.197047,3395114.000,32223,1,T1,1,100,37.511
1715672088.332276,3395243.000,32255,1,T1,1,100,37.469
1715672088.463311,3395368.000,32272,1,T1,1,100,37.451
1715672088.597491,3395496.000,32292,1,T1,1,100,37.408
1715672088.733768,3395626.000,32323,1,T1,1,100,37.389
1715672088.864803,3395751.000,32343,1,T1,1,100,37.204
1715672088.997935,3395878.000,32359,1,T1,1,100,37.230
1715672089.128970,3396003.000,32376,1,T1,1,100,37.277
1715672089.261053,3396129.000,32393,1,T1,1,100,37.262
1715672089.394185,3396256.000,32427,1,T1,1,100,37.397
1715672089.529413,3396385.000,32445,1,T1,1,100,37.420
1715672089.662545,3396512.000,32461,1,T1,1,100,37.430
1715672089.796725,3396640.000,32478,1,T1,1,100,37.363
1715672089.931954,3396769.000,32515,1,T1,1,100,37.334
1715672090.066134,3396897.000,32531,1,T1,1,100,37.357
1715672090.196121,3397021.000,32549,1,T1,1,100,37.261
1715672090.330301,3397149.000,32565,1,T1,1,100,37.255
1715672090.461336,3397274.000,32597,1,T1,1,100,37.323
1715672090.595516,3397402.000,32619,1,T1,1,100,37.317
1715672090.728648,3397529.000,32635,1,T1,1,100,37.279
1715672090.862828,3397657.000,32652,1,T1,1,100,37.263
1715672090.997008,3397785.000,32684,1,T1,1,100,37.291
1715672091.130140,3397912.000,32700,1,T1,1,100,37.339
1715672091.261175,3398037.000,32723,1,T1,1,100,37.395
1715672091.391162,3398161.000,32739,1,T1,1,100,37.348
1715672091.524294,3398288.000,32771,1,T1,1,100,37.292
1715672091.659522,3398417.000,32790,1,T1,1,100,37.304
1715672091.790557,3398542.000,32806,1,T1,1,100,37.309
1715672091.925786,3398671.000,32830,2,T1,1,100,37.275
1715672092.061014,3398800.000,32830,2,T1,1,100,37.332
1715672092.192049,3398925.000,32847,1,T1,1,100,37.321
1715672092.325181,3399052.000,32881,1,T1,1,100,37.352
1715672092.456216,3399177.000,32899,1,T1,1,100,37.365
1715672092.588300,3399303.000,32917,1,T1,1,100,37.371
1715672092.721431,3399430.000,32934,1,T1,1,100,37.338
1715672092.856660,3399559.000,32951,1,T1,1,100,37.323
1715672092.989792,3399686.000,32982,1,T1,1,100,37.282
1715672093.123972,3399814.000,33002,1,T1,1,100,37.264
1715672093.259200,3399943.000,33019,1,T1,1,100,37.398
1715672093.393380,3400071.000,33036,1,T1,1,100,37.385
1715672093.523367,3400195.000,33068,1,T1,1,100,37.344
1715672093.657547,3400323.000,33084,1,T1,1,100,37.326
1715672093.788583,3400448.000,33103,1,T1,1,100,37.283
1715672093.922763,3400576.000,33120,1,T1,1,100,37.300
1715672094.055894,3400703.000,33151,1,T1,1,100,37.165
1715672094.190074,3400831.000,33169,1,T1,1,100,37.284
1715672094.324255,3400959.000,33185,1,T1,1,100,37.300
1715672094.457386,3401086.000,33202,1,T1,1,100,37.378
1715672094.588422,3401211.000,33237,1,T1,1,100,37.341
1715672094.718409,3401335.000,33253,1,T1,1,100,37.396
1715672094.851540,3401462.000,33273,1,T1,1,100,37.313
1715672094.986769,3401591.000,33289,1,T1,1,100,37.384
1715672095.117804,3401716.000,33321,1,T1,1,100,37.414
1715672095.251984,3401844.000,33338,1,T1,1,100,37.392
1715672095.388261,3401974.000,33354,1,T1,1,100,37.347
1715672095.519296,3402099.000,33386,1,T1,1,100,37.434
1715672095.652428,3402226.000,33403,1,T1,1,100,37.436
1715672095.783463,3402351.000,33422,1,T1,1,100,37.366
1715672095.915546,3402477.000,33442,1,T1,1,100,37.300
1715672096.048678,3402604.000,33458,1,T1,1,100,37.272
1715672096.183907,3402733.000,33492,1,T1,1,100,37.259
1715672096.317038,3402860.000,33509,1,T1,1,100,37.325
1715672096.451218,3402988.000,33525,1,T1,1,100,37.389
1715672096.586447,3403117.000,33557,1,T1,1,100,37.310
1715672096.720627,3403245.000,33574,1,T1,1,100,37.382
1715672096.850614,3403369.000,33591,1,T1,1,100,37.307
1715672096.984794,3403497.000,33613,1,T1,1,100,37.310
1715672097.115829,3403622.000,33645,1,T1,1,100,37.489
1715672097.249485,3403749.500,33666,2,T1,1,100,37.389
1715672097.383141,3403877.000,33666,2,T1,1,100,37.346
1715672097.517321,3404005.000,33684,1,T1,1,100,37.256
1715672097.651501,3404133.000,33703,1,T1,1,100,37.217
1715672097.784633,3404260.000,33735,1,T1,1,100,37.271
1715672097.915668,3404385.000,33752,1,T1,1,100,37.295
1715672098.045655,3404509.000,33770,1,T1,1,100,37.340
1715672098.178787,3404636.000,33788,1,T1,1,100,37.360
1715672098.314015,3404765.000,33822,1,T1,1,100,37.368
1715672098.445050,3404890.000,33838,1,T1,1,100,37.372
1715672098.579231,3405018.000,33856,1,T1,1,100,37.338
1715672098.715507,3405148.000,33872,1,T1,1,100,37.324
1715672098.846542,3405273.000,33907,1,T1,1,100,37.388
1715672098.979674,3405400.000,33924,1,T1,1,100,37.416
1715672099.110709,3405525.000,33940,1,T1,1,100,37.357
1715672099.243841,3405652.000,33960,1,T1,1,100,37.332
1715672099.376973,3405779.000,33991,1,T1,1,100,37.285
1715672099.512201,3405908.000,34008,1,T1,1,100,37.372
1715672099.645333,3406035.000,34028,1,T1,1,100,37.444
1715672099.779513,3406163.000,34044,1,T1,1,100,37.405
1715672099.913693,3406291.000,34076,1,T1,1,100,37.353
1715672100.047873,3406419.000,34093,1,T1,1,100,37.223
1715672100.177860,3406543.000,34112,1,T1,1,100,37.168
1715672100.312040,3406671.000,34146,1,T1,1,100,37.250
1715672100.443075,3406796.000,34164,1,T1,1,100,37.427
1715672100.577256,3406924.000,34180,1,T1,1,100,37.362
1715672100.710387,3407051.000,34197,1,T1,1,100,37.228
1715672100.844568,3407179.000,34232,1,T1,1,100,37.276
1715672100.978748,3407307.000,34248,1,T1,1,100,37.297
1715672101.111879,3407434.000,34265,1,T1,1,100,37.377
1715672101.242915,3407559.000,34286,1,T1,1,100,37.376
1715672101.372901,3407683.000,34306,1,T1,1,100,37.482
1715672101.506033,3407810.000,34338,1,T1,1,100,37.421
1715672101.641262,3407939.000,34354,1,T1,1,100,37.395
1715672101.772297,3408064.000,34371,1,T1,1,100,37.419
1715672101.906477,3408192.000,34388,1,T1,1,100,37.359
1715672102.042754,3408322.000,34419,1,T1,1,100,37.226
1715672102.173789,3408447.000,34440,1,T1,1,100,37.240
1715672102.305872,3408573.000,34458,1,T1,1,100,37.139
1715672102.436908,3408698.000,34475,1,T1,1,100,37.379
1715672102.568991,3408824.000,34507,1,T1,1,100,37.412
1715672102.703695,3408952.500,34529,2,T1,1,100,37.285
1715672102.838399,3409081.000,34529,2,T1,1,100,37.194
1715672102.971531,3409208.000,34546,1,T1,1,100,37.368
1715672103.105711,3409336.000,34578,1,T1,1,100,37.336
1715672103.239892,3409464.000,34596,1,T1,1,100,37.358
1715672103.374072,3409592.000,34616,1,T1,1,100,37.297
1715672103.504058,3409716.000,34633,1,T1,1,100,37.341
1715672103.638238,3409844.000,34650,1,T1,1,100,37.219
1715672103.769274,3409969.000,34682,1,T1,1,100,37.272
1715672103.903454,3410097.000,34698,1,T1,1,100,37.366
1715672104.036586,3410224.000,34718,1,T1,1,100,37.406
1715672104.170766,3410352.000,34734,1,T1,1,100,37.318
1715672104.304946,3410480.000,34768,1,T1,1,100,37.208
1715672104.438078,3410607.000,34785,1,T1,1,100,37.267
1715672104.569113,3410732.000,34802,1,T1,1,100,37.293
1715672104.700148,3410857.000,34819,1,T1,1,100,37.304
1715672104.833280,3410984.000,34854,1,T1,1,100,37.380
1715672104.968508,3411113.000,34870,1,T1,1,100,37.448
1715672105.099543,3411238.000,34887,1,T1,1,100,37.371
1715672105.233723,3411366.000,34904,1,T1,1,100,37.338
1715672105.370000,3411496.000,34940,1,T1,1,100,37.288
1715672105.501035,3411621.000,34958,1,T1,1,100,37.337
1715672105.633119,3411747.000,34974,1,T1,1,100,37.252
1715672105.764154,3411872.000,34991,1,T1,1,100,37.393
1715672105.896238,3411998.000,35023,1,T1,1,100,37.312
1715672106.030418,3412126.000,35042,1,T1,1,100,37.383
1715672106.165646,3412255.000,35060,1,T1,1,100,37.379
1715672106.298778,3412382.000,35078,1,T1,1,100,37.412
1715672106.432958,3412510.000,35112,1,T1,1,100,37.320
1715672106.567138,3412638.000,35129,1,T1,1,100,37.280
1715672106.701318,3412766.000,35148,1,T1,1,100,37.228
1715672106.831305,3412890.000,35166,1,T1,1,100,37.311
1715672106.965485,3413018.000,35197,1,T1,1,100,37.312
1715672107.097569,3413144.000,35213,1,T1,1,100,37.312
1715672107.231749,3413272.000,35231,1,T1,1,100,37.277
1715672107.364880,3413399.000,35250,1,T1,1,100,37.333
1715672107.499060,3413527.000,35284,1,T1,1,100,37.321
1715672107.633241,3413655.000,35301,1,T1,1,100,37.316
1715672107.766372,3413782.000,35317,1,T1,1,100,37.350
1715672107.897408,3413907.000,35335,1,T1,1,100,37.329
1715672108.029491,3414033.000,35375,2,T1,1,100,37.390
1715672108.161575,3414159.000,35375,2,T1,1,100,37.346
1715672108.296803,3414288.000,35392,1,T1,1,100,37.256
1715672108.427838,3414413.000,35408,1,T1,1,100,37.253
1715672108.562018,3414541.000,35443,1,T1,1,100,37.428
1715672108.698295,3414671.000,35462,1,T1,1,100,37.363
1715672108.829330,3414796.000,35479,1,T1,1,100,37.299
1715672108.961414,3414922.000,35496,1,T1,1,100,37.342
1715672109.092449,3415047.000,35531,1,T1,1,100,37.361
1715672109.224532,3415173.000,35547,1,T1,1,100,37.333
1715672109.358712,3415301.000,35564,1,T1,1,100,37.357
1715672109.493941,3415430.000,35581,1,T1,1,100,37.367
1715672109.627073,3415557.000,35614,1,T1,1,100,37.372
1715672109.761253,3415685.000,35631,1,T1,1,100,37.232
1715672109.895433,3415813.000,35648,1,T1,1,100,37.348
1715672110.029613,3415941.000,35668,1,T1,1,100,37.328
1715672110.159600,3416065.000,35700,1,T1,1,100,37.355
1715672110.293780,3416193.000,35716,1,T1,1,100,37.331
1715672110.425863,3416319.000,35733,1,T1,1,100,37.391
1715672110.560043,3416447.000,35753,1,T1,1,100,37.453
1715672110.693175,3416574.000,35784,1,T1,1,100,37.338
1715672110.827355,3416702.000,35804,1,T1,1,100,37.217
1715672110.961535,3416830.000,35820,1,T1,1,100,37.236
1715672111.094667,3416957.000,35837,1,T1,1,100,37.279
1715672111.225702,3417082.000,35874,1,T1,1,100,37.334
1715672111.356738,3417207.000,35890,1,T1,1,100,37.393
1715672111.489869,3417334.000,35908,1,T1,1,100,37.312
1715672111.625098,3417463.000,35924,1,T1,1,100,37.383
1715672111.756133,3417588.000,35941,1,T1,1,100,37.378
1715672111.890313,3417716.000,35975,1,T1,1,100,37.377
1715672112.023969,3417843.500,35993,2,T1,1,100,37.411
1715672112.157625,3417971.000,35993,2,T1,1,100,37.320
1715672112.289708,3418097.000,36009,1,T1,1,100,37.209
1715672112.420744,3418222.000,36026,1,T1,1,100,37.161
1715672112.552827,3418348.000,36061,1,T1,1,100,37.212
1715672112.687007,3418476.000,36077,1,T1,1,100,37.375
1715672112.821187,3418604.000,36095,1,T1,1,100,37.375
1715672112.954319,3418731.000,36113,1,T1,1,100,37.411
1715672113.088499,3418859.000,36148,1,T1,1,100,37.426
1715672113.222679,3418987.000,36165,1,T1,1,100,37.326
1715672113.356859,3419115.000,36181,1,T1,1,100,37.212
1715672113.486846,3419239.000,36204,1,T1,1,100,37.234
1715672113.621026,3419367.000,36220,1,T1,1,100,37.243
1715672113.752062,3419492.000,36240,1,T1,1,100,37.318
1715672113.886242,3419620.000,36257,1,T1,1,100,37.350
1715672114.019373,3419747.000,36274,1,T1,1,100,37.400
1715672114.153553,3419875.000,36292,1,T1,1,100,37.315
1715672114.287734,3420003.000,36309,1,T1,1,100,37.243
1715672114.420865,3420130.000,36344,1,T1,1,100,37.176
1715672114.551901,3420255.000,36360,1,T1,1,100,37.253
1715672114.681888,3420379.000,36377,1,T1,1,100,37.251
1715672114.815019,3420506.000,36394,1,T1,1,100,37.322
1715672114.950248,3420635.000,36428,1,T1,1,100,37.316
1715672115.081283,3420760.000,36448,1,T1,1,100,37.279
1715672115.215463,3420888.000,36464,1,T1,1,100,37.298
1715672115.351740,3421018.000,36481,1,T1,1,100,37.271
1715672115.482775,3421143.000,36513,1,T1,1,100,37.259
1715672115.615907,3421270.000,36529,1,T1,1,100,37.254
1715672115.746942,3421395.000,36546,1,T1,1,100,37.323
1715672115.879025,3421521.000,36565,1,T1,1,100,37.317
1715672116.013206,3421649.000,36582,1,T1,1,100,37.314
1715672116.146861,3421776.500,36616,2,T1,1,100,37.349
1715672116.280517,3421904.000,36616,2,T1,1,100,37.399
1715672116.414697,3422032.000,36648,1,T1,1,100,37.456
1715672116.549926,3422161.000,36664,1,T1,1,100,37.233
1715672116.684106,3422289.000,36684,1,T1,1,100,37.172
1715672116.814093,3422413.000,36701,1,T1,1,100,37.287
1715672116.948273,3422541.000,36721,1,T1,1,100,37.231
1715672117.079308,3422666.000,36753,1,T1,1,100,37.313
1715672117.213488,3422794.000,36769,1,T1,1,100,37.277
1715672117.346620,3422921.000,36786,1,T1,1,100,37.404
1715672117.480800,3423049.000,36803,1,T1,1,100,37.352
1715672117.614980,3423177.000,36837,1,T1,1,100,37.330
1715672117.748112,3423304.000,36854,1,T1,1,100,37.355
1715672117.879147,3423429.000,36871,1,T1,1,100,37.260
1715672118.009134,3423553.000,36888,1,T1,1,100,37.290
1715672118.142266,3423680.000,36908,1,T1,1,100,37.232
1715672118.277494,3423809.000,36925,1,T1,1,100,37.313
1715672118.408530,3423934.000,36941,1,T1,1,100,37.348
1715672118.542710,3424062.000,36959,1,T1,1,100,37.399
1715672118.678986,3424192.000,36975,1,T1,1,100,37.385
1715672118.811070,3424318.000,37016,2,T1,1,100,37.309
1715672118.943153,3424444.000,37016,2,T1,1,100,37.346
1715672119.074188,3424569.000,37033,1,T1,1,100,37.363
1715672119.206272,3424695.000,37050,1,T1,1,100,37.334
1715672119.340452,3424823.000,37066,1,T1,1,100,37.322
1715672119.474632,3424951.000,37083,1,T1,1,100,37.210
1715672119.607764,3425078.000,37115,1,T1,1,100,37.268
1715672119.741944,3425206.000,37131,1,T1,1,100,37.329
1715672119.877172,3425335.000,37149,1,T1,1,100,37.284
1715672120.011352,3425463.000,37180,1,T1,1,100,37.265
1715672120.141339,3425587.000,37200,1,T1,1,100,37.292
1715672120.273423,3425713.000,37217,2,T1,1,100,37.268
1715672120.405506,3425839.000,37217,2,T1,1,100,37.258
1715672120.539686,3425967.000,37250,1,T1,1,100,37.253
1715672120.672818,3426094.000,37269,1,T1,1,100,37.393
1715672120.806998,3426222.000,37287,1,T1,1,100,37.383
1715672120.941178,3426350.000,37303,1,T1,1,100,37.343
1715672121.074310,3426477.000,37335,1,T1,1,100,37.361
1715672121.206394,3426603.000,37354,1,T1,1,100,37.404
1715672121.336381,3426727.000,37370,1,T1,1,100,37.423
1715672121.469512,3426854.000,37390,1,T1,1,100,37.396
1715672121.604741,3426983.000,37424,1,T1,1,100,37.384
1715672121.735776,3427108.000,37440,1,T1,1,100,37.343
1715672121.869956,3427236.000,37458,1,T1,1,100,37.397
1715672122.006233,3427366.000,37477,1,T1,1,100,37.420
1715672122.137268,3427491.000,37509,1,T1,1,100,37.359
1715672122.269876,3427617.500,37526,2,T1,1,100,37.333
1715672122.402483,3427744.000,37526,2,T1,1,100,37.357
1715672122.534567,3427870.000,37543,1,T1,1,100,37.367
1715672122.668747,3427998.000,37577,1,T1,1,100,37.407
1715672122.802927,3428126.000,37595,1,T1,1,100,37.318
1715672122.936059,3428253.000,37611,1,T1,1,100,37.421
1715672123.070239,3428381.000,37628,1,T1,1,100,37.360
1715672123.205467,3428510.000,37662,1,T1,1,100,37.368
1715672123.339647,3428638.000,37678,1,T1,1,100,37.266
1715672123.469634,3428762.000,37696,1,T1,1,100,37.257
1715672123.602766,3428889.000,37712,1,T1,1,100,37.430
1715672123.733801,3429014.000,37744,1,T1,1,100,37.399
1715672123.867981,3429142.000,37761,1,T1,1,100,37.385
1715672124.001113,3429269.000,37780,1,T1,1,100,37.450
1715672124.135293,3429397.000,37797,1,T1,1,100,37.372
1715672124.269473,3429525.000,37821,1,T1,1,100,37.303
1715672124.402081,3429651.500,37839,2,T1,1,100,37.415
1715672124.534688,3429778.000,37839,2,T1,1,100,37.392
1715672124.664675,3429902.000,37858,1,T1,1,100,37.382
1715672124.797807,3430029.000,37875,1,T1,1,100,37.378
1715672124.933036,3430158.000,37907,1,T1,1,100,37.376
1715672125.064071,3430283.000,37923,1,T1,1,100,37.376
1715672125.198251,3430411.000,37941,1,T1,1,100,37.304
1715672125.334527,3430541.000,37975,1,T1,1,100,37.203
1715672125.465563,3430666.000,37994,1,T1,1,100,37.371
1715672125.599743,3430794.000,38011,1,T1,1,100,37.338
1715672125.730778,3430919.000,38027,1,T1,1,100,37.359
1715672125.862862,3431045.000,38059,1,T1,1,100,37.333
1715672125.995993,3431172.000,38076,1,T1,1,100,37.357
1715672126.130173,3431300.000,38093,1,T1,1,100,37.332
1715672126.262257,3431426.000,38115,1,T1,1,100,37.356
1715672126.397485,3431555.000,38147,2,T1,1,100,37.367
1715672126.532714,3431684.000,38147,2,T1,1,100,37.301
1715672126.664797,3431810.000,38170,3,T1,1,100,37.307
1715672126.796881,3431936.000,38170,3,T1,1,100,37.346
1715672126.928964,3432062.000,38170,3,T1,1,100,37.291
1715672127.062445,3432189.333,38191,3,T1,1,100,37.303
1715672127.195927,3432316.667,38191,3,T1,1,100,37.309
1715672127.329408,3432444.000,38191,3,T1,1,100,37.382
1715672127.462540,3432571.000,38208,1,T1,1,100,37.307
1715672127.596720,3432699.000,38225,1,T1,1,100,37.275
1715672127.729851,3432826.000,38244,1,T1,1,100,37.332
1715672127.862983,3432953.000,38264,1,T1,1,100,37.392
1715672127.992970,3433077.000,38280,1,T1,1,100,37.382
1715672128.126102,3433204.000,38297,1,T1,1,100,37.378
1715672128.261330,3433333.000,38329,1,T1,1,100,37.341
1715672128.392366,3433458.000,38345,1,T1,1,100,37.325
1715672128.526546,3433586.000,38363,1,T1,1,100,37.389
1715672128.662822,3433716.000,38394,1,T1,1,100,37.310
1715672128.794906,3433842.000,38413,1,T1,1,100,37.347
1715672128.929086,3433970.000,38430,1,T1,1,100,37.327
1715672129.060121,3434095.000,38446,1,T1,1,100,37.354
1715672129.192205,3434221.000,38481,1,T1,1,100,37.224
1715672129.325336,3434348.000,38498,1,T1,1,100,37.274
1715672129.459517,3434476.000,38515,1,T1,1,100,37.296
1715672129.591600,3434602.000,38535,1,T1,1,100,37.305
1715672129.726828,3434731.000,38555,1,T1,1,100,37.274
1715672129.862057,3434860.000,38574,1,T1,1,100,37.331
1715672129.996237,3434988.000,38590,1,T1,1,100,37.250
1715672130.126224,3435112.000,38607,1,T1,1,100,37.285
1715672130.258307,3435238.000,38639,1,T1,1,100,37.372
1715672130.389343,3435363.000,38659,1,T1,1,100,37.338
1715672130.523523,3435491.000,38676,1,T1,1,100,37.253
1715672130.656654,3435618.000,38692,1,T1,1,100,37.287
1715672130.790834,3435746.000,38724,1,T1,1,100,37.337
1715672130.925014,3435874.000,38746,1,T1,1,100,37.358
1715672131.058146,3436001.000,38762,1,T1,1,100,37.297
1715672131.192326,3436129.000,38782,1,T1,1,100,37.341
1715672131.322313,3436253.000,38813,1,T1,1,100,37.254
1715672131.455445,3436380.000,38830,1,T1,1,100,37.252
1715672131.590673,3436509.000,38847,1,T1,1,100,37.322
1715672131.721709,3436634.000,38866,1,T1,1,100,37.281
1715672131.855889,3436762.000,38900,1,T1,1,100,37.299
1715672131.992165,3436892.000,38917,1,T1,1,100,37.378
1715672132.124249,3437018.000,38934,1,T1,1,100,37.341
1715672132.258429,3437146.000,38954,1,T1,1,100,37.360
1715672132.389464,3437271.000,38986,1,T1,1,100,37.333
1715672132.521548,3437397.000,39002,1,T1,1,100,37.357
1715672132.653631,3437523.000,39019,1,T1,1,100,37.367
1715672132.787811,3437651.000,39036,1,T1,1,100,37.301
1715672132.919895,3437777.000,39069,1,T1,1,100,37.272
1715672133.055123,3437906.000,39089,1,T1,1,100,37.259
1715672133.190351,3438035.000,39106,1,T1,1,100,37.325
1715672133.324532,3438163.000,39123,1,T1,1,100,37.389
1715672133.454519,3438287.000,39155,1,T1,1,100,37.310
1715672133.586602,3438413.000,39171,1,T1,1,100,37.347
1715672133.717637,3438538.000,39188,1,T1,1,100,37.327
1715672133.851817,3438666.000,39205,1,T1,1,100,37.319
1715672133.984949,3438793.000,39238,1,T1,1,100,37.386
1715672134.119129,3438921.000,39256,1,T1,1,100,37.486
1715672134.253309,3439049.000,39275,1,T1,1,100,37.423
1715672134.386441,3439176.000,39292,1,T1,1,100,37.396
1715672134.520621,3439304.000,39324,1,T1,1,100,37.384
1715672134.650608,3439428.000,39340,1,T1,1,100,37.414
1715672134.783740,3439555.000,39359,1,T1,1,100,37.427
1715672134.916348,3439681.500,39383,2,T1,1,100,37.362
1715672135.048955,3439808.000,39383,2,T1,1,100,37.405
1715672135.183135,3439936.000,39416,1,T1,1,100,37.530
1715672135.319412,3440066.000,39432,1,T1,1,100,37.407
1715672135.451495,3440192.000,39450,1,T1,1,100,37.389
1715672135.585675,3440320.000,39469,1,T1,1,100,37.345
1715672135.716711,3440445.000,39501,1,T1,1,100,37.327
1715672135.847746,3440570.000,39518,1,T1,1,100,37.248
1715672135.979830,3440696.000,39534,1,T1,1,100,37.284
1715672136.114010,3440824.000,39554,1,T1,1,100,37.300
1715672136.246093,3440950.000,39587,1,T1,1,100,37.449
1715672136.381321,3441079.000,39604,1,T1,1,100,37.443
1715672136.516550,3441208.000,39621,1,T1,1,100,37.298
1715672136.650730,3441336.000,39637,1,T1,1,100,37.306
1715672136.781765,3441461.000,39672,1,T1,1,100,37.345
1715672136.913849,3441587.000,39689,1,T1,1,100,37.362
1715672137.044884,3441712.000,39707,1,T1,1,100,37.334
1715672137.179064,3441840.000,39725,1,T1,1,100,37.357
1715672137.312196,3441967.000,39759,1,T1,1,100,37.296
1715672137.446376,3442095.000,39776,1,T1,1,100,37.270
1715672137.580556,3442223.000,39793,1,T1,1,100,37.223
1715672137.713688,3442350.000,39809,1,T1,1,100,37.274
1715672137.848916,3442479.000,39841,1,T1,1,100,37.296
1715672137.978903,3442603.000,39858,1,T1,1,100,37.341
1715672138.112035,3442730.000,39878,1,T1,1,100,37.431
1715672138.245167,3442857.000,39897,1,T1,1,100,37.364
1715672138.376202,3442982.000,39929,1,T1,1,100,37.228
1715672138.510382,3443110.000,39945,1,T1,1,100,37.276
1715672138.646658,3443240.000,39962,1,T1,1,100,37.332
1715672138.778742,3443366.000,39979,1,T1,1,100,37.321
1715672138.912922,3443494.000,40010,1,T1,1,100,37.316
1715672139.043957,3443619.000,40027,1,T1,1,100,37.350
1715672139.173944,3443743.000,40046,1,T1,1,100,37.258
1715672139.306028,3443869.000,40063,1,T1,1,100,37.324
1715672139.440208,3443997.000,40085,1,T1,1,100,37.353
1715672139.572291,3444123.000,40117,1,T1,1,100,37.401
1715672139.707520,3444252.000,40134,1,T1,1,100,37.422
1715672139.842748,3444381.000,40151,1,T1,1,100,37.324
1715672139.976928,3444509.000,40171,1,T1,1,100,37.318
1715672140.109012,3444635.000,40205,1,T1,1,100,37.350
1715672140.240571,3444760.500,40225,2,T1,1,100,37.329
1715672140.372130,3444886.000,40225,2,T1,1,100,37.390
1715672140.506310,3445014.000,40243,1,T1,1,100,37.453
1715672140.638394,3445140.000,40274,1,T1,1,100,37.444
1715672140.772574,3445268.000,40294,1,T1,1,100,37.476
1715672140.906754,3445396.000,40311,1,T1,1,100,37.383
1715672141.039886,3445523.000,40327,1,T1,1,100,37.308
1715672141.175114,3445652.000,40363,1,T1,1,100,37.381
1715672141.305101,3445776.000,40380,1,T1,1,100,37.413
1715672141.438233,3445903.000,40400,1,T1,1,100,37.356
1715672141.570316,3446029.000,40417,1,T1,1,100,37.296
1715672141.701352,3446154.000,40433,1,T1,1,100,37.376
1715672141.835532,3446282.000,40465,1,T1,1,100,37.340
1715672141.971808,3446412.000,40485,1,T1,1,100,37.289
1715672142.103892,3446538.000,40504,1,T1,1,100,37.373
1715672142.238072,3446666.000,40521,1,T1,1,100,37.339
1715672142.369107,3446791.000,40553,1,T1,1,100,37.359
1715672142.500142,3446916.000,40569,1,T1,1,100,37.368
1715672142.632226,3447042.000,40586,1,T1,1,100,37.372
1715672142.766406,3447170.000,40603,1,T1,1,100,37.374
1715672142.898489,3447296.000,40634,1,T1,1,100,37.410
1715672143.033718,3447425.000,40651,1,T1,1,100,37.355
1715672143.168946,3447554.000,40670,1,T1,1,100,37.295
1715672143.303126,3447682.000,40690,1,T1,1,100,37.447
1715672143.436258,3447809.000,40722,1,T1,1,100,37.442
1715672143.568341,3447935.000,40738,1,T1,1,100,37.333
1715672143.699377,3448060.000,40755,1,T1,1,100,37.392
1715672143.833557,3448188.000,40775,1,T1,1,100,37.382
1715672143.965640,3448314.000,40806,1,T1,1,100,37.378
1715672144.099820,3448442.000,40824,1,T1,1,100,37.412
1715672144.234000,3448570.000,40842,1,T1,1,100,37.391
1715672144.367132,3448697.000,40859,1,T1,1,100,37.382
1715672144.502361,3448826.000,40891,1,T1,1,100,37.272
1715672144.632348,3448950.000,40910,1,T1,1,100,37.224
1715672144.765479,3449077.000,40928,1,T1,1,100,37.274
1715672144.897563,3449203.000,40944,1,T1,1,100,37.225
1715672145.028598,3449328.000,40962,1,T1,1,100,37.346
1715672145.163826,3449457.000,40983,2,T1,1,100,37.433
1715672145.299055,3449586.000,40983,2,T1,1,100,37.329
1715672145.431138,3449712.000,41000,1,T1,1,100,37.462
1715672145.565318,3449840.000,41032,1,T1,1,100,37.306
1715672145.696354,3449965.000,41054,2,T1,1,100,37.345
1715672145.827389,3450090.000,41054,2,T1,1,100,37.362
1715672145.959472,3450216.000,41074,1,T1,1,100,37.369
1715672146.093652,3450344.000,41090,1,T1,1,100,37.373
1715672146.225736,3450470.000,41126,1,T1,1,100,37.409
1715672146.360964,3450599.000,41146,1,T1,1,100,37.390
1715672146.496193,3450728.000,41163,1,T1,1,100,37.346
1715672146.630373,3450856.000,41180,1,T1,1,100,37.221
1715672146.763505,3450983.000,41212,1,T1,1,100,37.237
1715672146.895588,3451109.000,41228,1,T1,1,100,37.351
1715672147.026623,3451234.000,41246,1,T1,1,100,37.329
1715672147.159755,3451361.000,41265,1,T1,1,100,37.320
1715672147.291839,3451487.000,41284,1,T1,1,100,37.280
1715672147.426019,3451615.000,41301,1,T1,1,100,37.334
1715672147.560199,3451743.000,41318,1,T1,1,100,37.393
1715672147.693331,3451870.000,41353,1,T1,1,100,37.347
1715672147.828559,3451999.000,41369,1,T1,1,100,37.292
1715672147.958546,3452123.000,41386,1,T1,1,100,37.339
1715672148.090629,3452249.000,41403,1,T1,1,100,37.289
1715672148.222713,3452375.000,41436,1,T1,1,100,37.373
1715672148.353748,3452500.000,41453,1,T1,1,100,37.303
1715672148.487928,3452628.000,41470,1,T1,1,100,37.238
1715672148.624205,3452758.000,41487,1,T1,1,100,37.316
1715672148.756288,3452884.000,41522,1,T1,1,100,37.349
1715672148.889420,3453011.000,41542,2,T1,1,100,37.364
1715672149.022552,3453138.000,41542,2,T1,1,100,37.370
1715672149.153587,3453263.000,41559,1,T1,1,100,37.302
1715672149.285671,3453389.000,41576,1,T1,1,100,37.272
1715672149.419851,3453517.000,41594,1,T1,1,100,37.295
1715672149.550886,3453642.000,41626,1,T1,1,100,37.411
1715672149.686114,3453771.000,41643,1,T1,1,100,37.391
1715672149.821343,3453900.000,41663,1,T1,1,100,37.240
1715672149.955523,3454028.000,41694,1,T1,1,100,37.317
1715672150.089703,3454156.000,41712,1,T1,1,100,37.350
1715672150.221786,3454282.000,41728,1,T1,1,100,37.329
1715672150.352822,3454407.000,41747,1,T1,1,100,37.319
1715672150.484905,3454533.000,41779,1,T1,1,100,37.351
1715672150.616989,3454659.000,41798,1,T1,1,100,37.329
1715672150.751169,3454787.000,41816,1,T1,1,100,37.426
1715672150.885349,3454915.000,41832,1,T1,1,100,37.468
1715672151.019529,3455043.000,41858,2,T1,1,100,37.451
1715672151.153709,3455171.000,41858,2,T1,1,100,37.372
1715672151.283696,3455295.000,41876,1,T1,1,100,37.303
1715672151.415779,3455421.000,41896,1,T1,1,100,37.308
1715672151.547863,3455547.000,41915,1,T1,1,100,37.311
1715672151.678898,3455672.000,41932,1,T1,1,100,37.418
1715672151.813078,3455800.000,41949,1,T1,1,100,37.358
1715672151.949355,3455930.000,41980,1,T1,1,100,37.403
1715672152.081438,3456056.000,41998,1,T1,1,100,37.352
1715672152.215618,3456184.000,42014,1,T1,1,100,37.436
1715672152.348750,3456311.000,42034,1,T1,1,100,37.472
1715672152.479785,3456436.000,42068,1,T1,1,100,37.417
1715672152.611869,3456562.000,42084,1,T1,1,100,37.393
1715672152.746049,3456690.000,42102,1,T1,1,100,37.347
1715672152.877084,3456815.000,42118,1,T1,1,100,37.363
1715672153.012313,3456944.000,42150,1,T1,1,100,37.441
1715672153.147017,3457072.500,42167,2,T1,1,100,37.403
1715672153.281721,3457201.000,42167,2,T1,1,100,37.423
1715672153.415901,3457329.000,42199,1,T1,1,100,37.396
1715672153.547985,3457455.000,42220,1,T1,1,100,37.348
1715672153.679020,3457580.000,42237,1,T1,1,100,37.222
1715672153.811103,3457706.000,42254,1,T1,1,100,37.344
1715672153.943187,3457832.000,42271,1,T1,1,100,37.291
1715672154.077367,3457960.000,42303,1,T1,1,100,37.303
1715672154.211547,3458088.000,42319,1,T1,1,100,37.273
1715672154.344679,3458215.000,42336,1,T1,1,100,37.260
1715672154.479907,3458344.000,42368,1,T1,1,100,37.290
1715672154.609894,3458468.000,42386,1,T1,1,100,37.444
1715672154.741977,3458594.000,42404,1,T1,1,100,37.370
1715672154.874061,3458720.000,42423,1,T1,1,100,37.373
1715672155.005096,3458845.000,42440,1,T1,1,100,37.409
1715672155.140325,3458974.000,42472,2,T1,1,100,37.425
1715672155.275553,3459103.000,42472,2,T1,1,100,37.432
1715672155.407636,3459229.000,42489,1,T1,1,100,37.329
1715672155.541817,3459357.000,42525,1,T1,1,100,37.320
1715672155.674948,3459484.000,42542,1,T1,1,100,37.280
1715672155.805984,3459609.000,42559,1,T1,1,100,37.334
1715672155.938067,3459735.000,42576,1,T1,1,100,37.322
1715672156.072247,3459863.000,42613,1,T1,1,100,37.352
1715672156.202234,3459987.000,42629,1,T1,1,100,37.365
1715672156.337462,3460116.000,42646,1,T1,1,100,37.300
1715672156.472691,3460245.000,42668,1,T1,1,100,37.342
1715672156.606871,3460373.000,42690,1,T1,1,100,37.290
1715672156.741051,3460501.000,42707,1,T1,1,100,37.480
1715672156.873135,3460627.000,42724,1,T1,1,100,37.420
1715672157.004170,3460752.000,42740,1,T1,1,100,37.359
1715672157.135729,3460877.500,42772,2,T1,1,100,37.297
1715672157.267288,3461003.000,42772,2,T1,1,100,37.270
1715672157.401469,3461131.000,42807,1,T1,1,100,37.365
1715672157.535649,3461259.000,42824,1,T1,1,100,37.264
1715672157.668780,3461386.000,42840,1,T1,1,100,37.292
1715672157.804009,3461515.000,42860,1,T1,1,100,37.303
1715672157.933996,3461639.000,42894,1,T1,1,100,37.309
1715672158.067127,3461766.000,42911,1,T1,1,100,37.417
1715672158.199211,3461892.000,42928,1,T1,1,100,37.358
1715672158.330246,3462017.000,42944,1,T1,1,100,37.368
1715672158.464426,3462145.000,42976,1,T1,1,100,37.407
1715672158.600703,3462275.000,42993,1,T1,1,100,37.424
1715672158.732786,3462401.000,43015,1,T1,1,100,37.396
1715672158.866966,3462529.000,43032,1,T1,1,100,37.313
1715672159.001147,3462657.000,43064,1,T1,1,100,37.419
1715672159.132706,3462782.500,43081,2,T1,1,100,37.394
1715672159.264265,3462908.000,43081,2,T1,1,100,37.348
1715672159.397397,3463035.000,43100,3,T1,1,100,37.363
1715672159.530529,3463162.000,43100,3,T1,1,100,37.405
1715672159.663661,3463289.000,43100,3,T1,1,100,37.353
1715672159.798540,3463417.667,43123,3,T1,1,100,37.294
1715672159.933419,3463546.333,43123,3,T1,1,100,37.305
1715672160.068298,3463675.000,43123,3,T1,1,100,37.309
1715672160.198284,3463799.000,43139,1,T1,1,100,37.382
1715672160.329320,3463924.000,43157,1,T1,1,100,37.413
1715672160.460355,3464049.000,43176,1,T1,1,100,37.356
1715672160.592438,3464175.000,43193,1,T1,1,100,37.331
1715672160.726619,3464303.000,43209,1,T1,1,100,37.392
1715672160.860799,3464431.000,43243,1,T1,1,100,37.276
1715672160.993930,3464558.000,43260,1,T1,1,100,37.226
1715672161.129159,3464687.000,43279,1,T1,1,100,37.310
1715672161.260194,3464812.000,43299,1,T1,1,100,37.312
1715672161.393326,3464939.000,43315,1,T1,1,100,37.383
1715672161.525409,3465065.000,43347,1,T1,1,100,37.378
1715672161.656445,3465190.000,43364,1,T1,1,100,37.483
1715672161.791673,3465319.000,43392,2,T1,1,100,37.457
1715672161.926901,3465448.000,43392,2,T1,1,100,37.411
1715672162.058985,3465574.000,43408,1,T1,1,100,37.284
1715672162.193165,3465702.000,43441,1,T1,1,100,37.371
1715672162.327345,3465830.000,43458,1,T1,1,100,37.302
1715672162.458380,3465955.000,43475,1,T1,1,100,37.273
1715672162.590464,3466081.000,43495,1,T1,1,100,37.366
1715672162.723595,3466208.000,43529,1,T1,1,100,37.371
1715672162.853582,3466332.000,43545,1,T1,1,100,37.373
1715672162.988811,3466461.000,43562,1,T1,1,100,37.445
1715672163.124039,3466590.000,43582,1,T1,1,100,37.441
1715672163.257171,3466717.000,43613,1,T1,1,100,37.403
1715672163.391351,3466845.000,43631,1,T1,1,100,37.281
1715672163.523434,3466971.000,43647,1,T1,1,100,37.405
1715672163.654470,3467096.000,43664,1,T1,1,100,37.317
1715672163.785505,3467221.000,43699,1,T1,1,100,37.315
1715672163.917588,3467347.000,43717,1,T1,1,100,37.384
1715672164.051769,3467475.000,43735,1,T1,1,100,37.485
1715672164.185949,3467603.000,43751,1,T1,1,100,37.352
1715672164.319080,3467730.000,43786,1,T1,1,100,37.330
1715672164.454309,3467859.000,43803,1,T1,1,100,37.391
1715672164.585344,3467984.000,43819,1,T1,1,100,37.275
1715672164.718476,3468111.000,43838,1,T1,1,100,37.403
1715672164.850559,3468237.000,43870,1,T1,1,100,37.352
1715672164.981594,3468362.000,43886,1,T1,1,100,37.329
1715672165.114726,3468489.000,43904,1,T1,1,100,37.355
1715672165.251003,3468619.000,43923,1,T1,1,100,37.366
1715672165.383086,3468745.000,43955,1,T1,1,100,37.300
1715672165.517267,3468873.000,43972,1,T1,1,100,37.307
1715672165.651447,3469001.000,43991,1,T1,1,100,37.310
1715672165.782482,3469126.000,44011,1,T1,1,100,37.382
1715672165.914565,3469252.000,44042,1,T1,1,100,37.378
1715672166.046649,3469378.000,44059,1,T1,1,100,37.412
1715672166.176636,3469502.000,44078,1,T1,1,100,37.355
1715672166.311864,3469631.000,44094,1,T1,1,100,37.331
1715672166.447093,3469760.000,44129,1,T1,1,100,37.356
1715672166.580224,3469887.000,44146,1,T1,1,100,37.296
1715672166.714404,3470015.000,44163,1,T1,1,100,37.376
1715672166.846488,3470141.000,44182,1,T1,1,100,37.376
1715672166.978571,3470267.000,44217,1,T1,1,100,37.411
1715672167.110131,3470392.500,44238,2,T1,1,100,37.355
1715672167.241690,3470518.000,44238,2,T1,1,100,37.437
1715672167.375870,3470646.000,44255,1,T1,1,100,37.402
1715672167.510050,3470774.000,44272,1,T1,1,100,37.351
1715672167.643182,3470901.000,44290,1,T1,1,100,37.436
1715672167.778410,3471030.000,44325,1,T1,1,100,37.366
1715672167.910494,3471156.000,44342,1,T1,1,100,37.477
1715672168.043626,3471283.000,44359,1,T1,1,100,37.384
1715672168.175709,3471409.000,44376,1,T1,1,100,37.308
1715672168.306744,3471534.000,44408,1,T1,1,100,37.381
1715672168.439876,3471661.000,44424,1,T1,1,100,37.378
1715672168.576153,3471791.000,44441,1,T1,1,100,37.412
1715672168.708236,3471917.000,44460,1,T1,1,100,37.355
1715672168.842416,3472045.000,44491,1,T1,1,100,37.367
1715672168.976597,3472173.000,44511,1,T1,1,100,37.336
1715672169.107632,3472298.000,44528,1,T1,1,100,37.358
1715672169.239715,3472424.000,44545,1,T1,1,100,37.368
1715672169.371799,3472550.000,44577,1,T1,1,100,37.301
1715672169.501786,3472674.000,44596,1,T1,1,100,37.307
1715672169.637014,3472803.000,44613,1,T1,1,100,37.346
1715672169.772242,3472932.000,44632,1,T1,1,100,37.327
1715672169.905374,3473059.000,44663,1,T1,1,100,37.283
1715672170.039554,3473187.000,44681,1,T1,1,100,37.371
1715672170.171638,3473313.000,44697,1,T1,1,100,37.302
1715672170.303721,3473439.000,44717,1,T1,1,100,37.273
1715672170.434757,3473564.000,44749,1,T1,1,100,37.295
1715672170.566840,3473690.000,44765,1,T1,1,100,37.340
1715672170.701020,3473818.000,44785,1,T1,1,100,37.325
1715672170.835200,3473946.000,44804,1,T1,1,100,37.389
1715672170.968332,3474073.000,44836,1,T1,1,100,37.275
1715672171.103560,3474202.000,44855,1,T1,1,100,37.367
1715672171.236692,3474329.000,44871,1,T1,1,100,37.336
1715672171.369824,3474456.000,44888,1,T1,1,100,37.429
1715672171.501907,3474582.000,44923,1,T1,1,100,37.292
1715672171.633991,3474708.000,44942,1,T1,1,100,37.268
1715672171.766074,3474834.000,44959,1,T1,1,100,37.329
1715672171.902351,3474964.000,44975,1,T1,1,100,37.390
1715672172.034435,3475090.000,45010,1,T1,1,100,37.346
1715672172.168615,3475218.000,45027,1,T1,1,100,37.433
1715672172.302795,3475346.000,45043,1,T1,1,100,37.471
1715672172.433830,3475471.000,45061,1,T1,1,100,37.310
1715672172.565913,3475597.000,45083,1,T1,1,100,37.241
1715672172.697997,3475723.000,45101,1,T1,1,100,37.246
1715672172.827984,3475847.000,45122,1,T1,1,100,37.319
1715672172.963212,3475976.000,45139,1,T1,1,100,37.351
1715672173.098441,3476105.000,45171,1,T1,1,100,37.400
1715672173.231572,3476232.000,45187,1,T1,1,100,37.421
1715672173.365752,3476360.000,45205,1,T1,1,100,37.395
1715672173.497836,3476486.000,45224,1,T1,1,100,37.384
1715672173.630968,3476613.000,45256,1,T1,1,100,37.414
1715672173.762003,3476738.000,45273,1,T1,1,100,37.286
1715672173.894087,3476864.000,45291,1,T1,1,100,37.265
1715672174.028267,3476992.000,45308,1,T1,1,100,37.363
1715672174.162447,3477120.000,45343,1,T1,1,100,37.441
1715672174.295578,3477247.000,45359,1,T1,1,100,37.439
1715672174.430807,3477376.000,45377,1,T1,1,100,37.403
1715672174.563939,3477503.000,45393,1,T1,1,100,37.352
1715672174.697070,3477630.000,45428,1,T1,1,100,37.365
1715672174.829154,3477756.000,45445,1,T1,1,100,37.406
1715672174.959141,3477880.000,45461,1,T1,1,100,37.424
1715672175.091224,3478006.000,45481,1,T1,1,100,37.361
1715672175.227501,3478136.000,45512,1,T1,1,100,37.298
1715672175.359585,3478262.000,45529,1,T1,1,100,37.306
1715672175.493765,3478390.000,45549,1,T1,1,100,37.310
1715672175.627945,3478518.000,45565,1,T1,1,100,37.382
1715672175.758980,3478643.000,45597,1,T1,1,100,37.272
1715672175.891063,3478769.000,45614,1,T1,1,100,37.330
1715672176.023147,3478895.000,45631,1,T1,1,100,37.249
1715672176.153134,3479019.000,45652,1,T1,1,100,37.356
1715672176.288362,3479148.000,45684,1,T1,1,100,37.367
1715672176.423591,3479277.000,45700,1,T1,1,100,37.371
1715672176.556722,3479404.000,45717,1,T1,1,100,37.373
1715672176.690902,3479532.000,45733,1,T1,1,100,37.339
1715672176.825083,3479660.000,45768,1,T1,1,100,37.395
1715672176.958214,3479787.000,45786,1,T1,1,100,37.348
1715672177.089250,3479912.000,45804,1,T1,1,100,37.399
1715672177.221333,3480038.000,45821,1,T1,1,100,37.421
1715672177.354465,3480165.000,45853,1,T1,1,100,37.288
1715672177.488645,3480293.000,45869,1,T1,1,100,37.338
1715672177.621777,3480420.000,45886,1,T1,1,100,37.323
1715672177.757005,3480549.000,45904,1,T1,1,100,37.282
1715672177.890137,3480676.000,45930,2,T1,1,100,37.299
1715672178.023269,3480803.000,45930,2,T1,1,100,37.378
1715672178.155352,3480929.000,45948,1,T1,1,100,37.305
1715672178.285339,3481053.000,45966,1,T1,1,100,37.238
1715672178.417423,3481179.000,45982,1,T1,1,100,37.280
1715672178.553699,3481309.000,46002,1,T1,1,100,37.440
1715672178.685783,3481435.000,46019,1,T1,1,100,37.368
1715672178.819963,3481563.000,46050,1,T1,1,100,37.266
1715672178.954143,3481691.000,46068,1,T1,1,100,37.257
1715672179.085178,3481816.000,46084,1,T1,1,100,37.324
1715672179.219358,3481944.000,46101,1,T1,1,100,37.246
1715672179.351442,3482070.000,46138,1,T1,1,100,37.284
1715672179.481429,3482194.000,46154,1,T1,1,100,37.336
1715672179.616657,3482323.000,46171,1,T1,1,100,37.429
1715672179.750837,3482451.000,46188,1,T1,1,100,37.469
1715672179.883969,3482578.000,46222,1,T1,1,100,37.309
1715672180.018149,3482706.000,46240,1,T1,1,100,37.311
1715672180.152329,3482834.000,46256,1,T1,1,100,37.347
1715672180.285461,3482961.000,46275,1,T1,1,100,37.434
1715672180.416496,3483086.000,46307,1,T1,1,100,37.365
1715672180.548579,3483212.000,46326,1,T1,1,100,37.335
1715672180.680663,3483338.000,46344,1,T1,1,100,37.322
1715672180.814843,3483466.000,46360,1,T1,1,100,37.388
1715672180.947975,3483593.000,46392,1,T1,1,100,37.310
1715672181.083203,3483722.000,46411,1,T1,1,100,37.453
1715672181.216335,3483849.000,46429,1,T1,1,100,37.409
1715672181.349467,3483976.000,46447,1,T1,1,100,37.354
1715672181.482599,3484103.000,46478,1,T1,1,100,37.331
1715672181.612586,3484227.000,46495,1,T1,1,100,37.356
1715672181.744669,3484353.000,46512,1,T1,1,100,37.331
1715672181.880946,3484483.000,46531,1,T1,1,100,37.392
1715672182.013029,3484609.000,46563,1,T1,1,100,37.382
1715672182.147209,3484737.000,46580,1,T1,1,100,37.307
1715672182.281389,3484865.000,46599,1,T1,1,100,37.417
1715672182.413473,3484991.000,46619,1,T1,1,100,37.428
1715672182.547653,3485119.000,46650,1,T1,1,100,37.363
1715672182.679737,3485245.000,46667,1,T1,1,100,37.370
1715672182.809723,3485369.000,46684,1,T1,1,100,37.302
1715672182.943903,3485497.000,46700,1,T1,1,100,37.343
1715672183.078084,3485625.000,46735,1,T1,1,100,37.326
1715672183.211215,3485752.000,46752,1,T1,1,100,37.354
1715672183.345396,3485880.000,46774,1,T1,1,100,37.472
1715672183.479576,3486008.000,46791,1,T1,1,100,37.452
1715672183.612707,3486135.000,46808,1,T1,1,100,37.373
1715672183.743742,3486260.000,46825,1,T1,1,100,37.303
1715672183.874778,3486385.000,46841,1,T1,1,100,37.344
1715672184.006861,3486511.000,46859,1,T1,1,100,37.432
1715672184.141041,3486639.000,46890,1,T1,1,100,37.364
1715672184.274173,3486766.000,46906,1,T1,1,100,37.335
1715672184.409401,3486895.000,46929,1,T1,1,100,37.322
1715672184.542533,3487022.000,46945,1,T1,1,100,37.317
1715672184.675665,3487149.000,46977,1,T1,1,100,37.385
1715672184.808797,3487276.000,46994,1,T1,1,100,37.344
1715672184.938784,3487400.000,47013,1,T1,1,100,37.397
1715672185.070867,3487526.000,47031,1,T1,1,100,37.349
1715672185.207144,3487656.000,47062,1,T1,1,100,37.399
1715672185.339227,3487782.000,47079,1,T1,1,100,37.385
1715672185.473408,3487910.000,47098,1,T1,1,100,37.273
1715672185.607588,3488038.000,47133,1,T1,1,100,37.331
1715672185.740720,3488165.000,47149,1,T1,1,100,37.356
1715672185.874900,3488293.000,47166,1,T1,1,100,37.367
1715672186.006983,3488419.000,47183,1,T1,1,100,37.265
1715672186.136970,3488543.000,47202,1,T1,1,100,37.221
1715672186.270102,3488670.000,47237,1,T1,1,100,37.273
1715672186.404282,3488798.000,47253,1,T1,1,100,37.260
1715672186.537414,3488925.000,47272,1,T1,1,100,37.290
1715672186.671594,3489053.000,47304,1,T1,1,100,37.338
1715672186.805774,3489181.000,47320,1,T1,1,100,37.359
1715672186.937857,3489307.000,47337,1,T1,1,100,37.404
1715672187.069941,3489433.000,47357,1,T1,1,100,37.387
1715672187.202024,3489559.000,47388,1,T1,1,100,37.309
1715672187.334108,3489685.000,47406,1,T1,1,100,37.347
1715672187.468288,3489813.000,47424,1,T1,1,100,37.363
1715672187.601420,3489940.000,47441,1,T1,1,100,37.441
1715672187.736648,3490069.000,47476,1,T1,1,100,37.332
1715672187.869780,3490196.000,47492,1,T1,1,100,37.357
1715672188.002912,3490323.000,47510,1,T1,1,100,37.438
1715672188.138140,3490452.000,47526,1,T1,1,100,37.367
1715672188.268127,3490576.000,47561,1,T1,1,100,37.371
1715672188.400210,3490702.000,47578,1,T1,1,100,37.303
1715672188.536487,3490832.000,47596,1,T1,1,100,37.344
1715672188.667522,3490957.000,47614,1,T1,1,100,37.361
1715672188.801702,3491085.000,47634,1,T1,1,100,37.405
1715672188.935882,3491213.000,47650,1,T1,1,100,37.352
1715672189.069014,3491340.000,47668,1,T1,1,100,37.330
1715672189.203194,3491468.000,47684,1,T1,1,100,37.426
1715672189.335278,3491594.000,47716,1,T1,1,100,37.433
1715672189.465265,3491718.000,47736,1,T1,1,100,37.435
1715672189.597348,3491844.000,47754,1,T1,1,100,37.366
1715672189.731528,3491972.000,47772,1,T1,1,100,37.442
1715672189.864660,3492099.000,47803,1,T1,1,100,37.368
1715672189.998840,3492227.000,47820,1,T1,1,100,37.266
1715672190.133020,3492355.000,47837,1,T1,1,100,37.328
1715672190.265104,3492481.000,47853,1,T1,1,100,37.355
1715672190.397187,3492607.000,47885,1,T1,1,100,37.366
1715672190.529271,3492733.000,47902,1,T1,1,100,37.371
1715672190.661354,3492859.000,47921,1,T1,1,100,37.409
1715672190.795534,3492987.000,47938,1,T1,1,100,37.354
1715672190.928666,3493114.000,47973,1,T1,1,100,37.295
1715672191.063895,3493243.000,47991,1,T1,1,100,37.376
1715672191.197026,3493370.000,48008,1,T1,1,100,37.340
1715672191.331206,3493498.000,48028,1,T1,1,100,37.395
1715672191.466435,3493627.000,48059,1,T1,1,100,37.313
1715672191.596422,3493751.000,48076,1,T1,1,100,37.277
1715672191.728505,3493877.000,48093,1,T1,1,100,37.297
1715672191.863734,3494006.000,48112,1,T1,1,100,37.377
1715672191.994769,3494131.000,48144,1,T1,1,100,37.411
1715672192.128949,3494259.000,48163,1,T1,1,100,37.462
1715672192.263129,3494387.000,48180,1,T1,1,100,37.412
1715672192.396261,3494514.000,48197,1,T1,1,100,37.391
1715672192.530441,3494642.000,48228,1,T1,1,100,37.382
1715672192.662524,3494768.000,48249,1,T1,1,100,37.378
1715672192.792511,3494892.000,48267,1,T1,1,100,37.376
1715672192.924595,3495018.000,48284,1,T1,1,100,37.376
1715672193.058775,3495146.000,48316,1,T1,1,100,37.375
1715672193.191907,3495273.000,48332,1,T1,1,100,37.411
1715672193.326087,3495401.000,48350,1,T1,1,100,37.426
1715672193.460267,3495529.000,48366,1,T1,1,100,37.539
1715672193.592350,3495655.000,48401,1,T1,1,100,37.375
1715672193.725482,3495782.000,48418,1,T1,1,100,37.304
1715672193.857566,3495908.000,48436,1,T1,1,100,37.309
1715672193.989649,3496034.000,48457,1,T1,1,100,37.346
1715672194.123829,3496162.000,48477,1,T1,1,100,37.398
1715672194.255913,3496288.000,48494,1,T1,1,100,37.314
1715672194.391141,3496417.000,48511,1,T1,1,100,37.313
1715672194.524273,3496544.000,48527,1,T1,1,100,37.277
1715672194.658453,3496672.000,48545,1,T1,1,100,37.333
1715672194.793681,3496801.000,48579,1,T1,1,100,37.357
1715672194.923668,3496925.000,48597,1,T1,1,100,37.403
1715672195.055752,3497051.000,48615,1,T1,1,100,37.422
1715672195.189932,3497179.000,48631,1,T1,1,100,37.431
1715672195.320967,3497304.000,48666,1,T1,1,100,37.435
1715672195.455147,3497432.000,48683,1,T1,1,100,37.401
1715672195.589327,3497560.000,48699,1,T1,1,100,37.422
1715672195.722459,3497687.000,48717,1,T1,1,100,37.360
1715672195.856639,3497815.000,48748,1,T1,1,100,37.297
1715672195.988723,3497941.000,48770,1,T1,1,100,37.341
1715672196.120806,3498067.000,48789,1,T1,1,100,37.396
1715672196.252890,3498193.000,48805,1,T1,1,100,37.349
1715672196.387070,3498321.000,48840,1,T1,1,100,37.434
1715672196.520201,3498448.000,48857,1,T1,1,100,37.330
1715672196.654382,3498576.000,48874,1,T1,1,100,37.391
1715672196.788562,3498704.000,48891,1,T1,1,100,37.453
1715672196.920645,3498830.000,48923,1,T1,1,100,37.373
1715672197.055873,3498959.000,48939,1,T1,1,100,37.445
1715672197.187957,3499085.000,48958,1,T1,1,100,37.370
1715672197.320040,3499211.000,48978,1,T1,1,100,37.302
1715672197.453172,3499338.000,49009,1,T1,1,100,37.343
1715672197.584208,3499463.000,49027,1,T1,1,100,37.326
1715672197.719436,3499592.000,49043,1,T1,1,100,37.318
1715672197.852568,3499719.000,49063,1,T1,1,100,37.315
1715672197.986748,3499847.000,49095,1,T1,1,100,37.278
1715672198.121976,3499976.000,49111,1,T1,1,100,37.439
1715672198.253011,3500101.000,49130,1,T1,1,100,37.297
1715672198.385095,3500227.000,49147,1,T1,1,100,37.376
1715672198.518227,3500354.000,49181,1,T1,1,100,37.376
1715672198.649262,3500479.000,49199,1,T1,1,100,37.482
1715672198.783442,3500607.000,49215,1,T1,1,100,37.421
1715672198.917622,3500735.000,49232,1,T1,1,100,37.253
1715672199.050754,3500862.000,49267,1,T1,1,100,37.322
1715672199.184934,3500990.000,49283,1,T1,1,100,37.246
1715672199.318066,3501117.000,49303,1,T1,1,100,37.319
1715672199.450149,3501243.000,49325,2,T1,1,100,37.315
1715672199.582233,3501369.000,49325,2,T1,1,100,37.314
1715672199.716413,3501497.000,49358,1,T1,1,100,37.242
1715672199.848496,3501623.000,49377,1,T1,1,100,37.282
1715672199.982676,3501751.000,49395,1,T1,1,100,37.193
1715672200.116856,3501879.000,49411,1,T1,1,100,37.332
1715672200.249988,3502006.000,49443,1,T1,1,100,37.463
1715672200.385216,3502135.000,49465,1,T1,1,100,37.448
1715672200.517300,3502261.000,49481,1,T1,1,100,37.442
1715672200.649384,3502387.000,49499,1,T1,1,100,37.404
1715672200.781467,3502513.000,49530,1,T1,1,100,37.317
1715672200.912502,3502638.000,49546,1,T1,1,100,37.314
1715672201.047731,3502767.000,49569,1,T1,1,100,37.278
1715672201.180862,3502894.000,49585,1,T1,1,100,37.333
1715672201.315042,3503022.000,49617,1,T1,1,100,37.357
1715672201.450271,3503151.000,49636,1,T1,1,100,37.332
1715672201.580258,3503275.000,49655,1,T1,1,100,37.427
1715672201.713390,3503402.000,49673,1,T1,1,100,37.433
1715672201.846521,3503529.000,49704,1,T1,1,100,37.294
1715672201.977557,3503654.000,49721,1,T1,1,100,37.446
1715672202.111737,3503782.000,49738,1,T1,1,100,37.477
1715672202.245917,3503910.000,49754,1,T1,1,100,37.419
1715672202.379049,3504037.000,49791,1,T1,1,100,37.394
1715672202.513229,3504165.000,49808,1,T1,1,100,37.419
1715672202.647409,3504293.000,49825,1,T1,1,100,37.500
1715672202.779492,3504419.000,49842,1,T1,1,100,37.429
1715672202.911576,3504545.000,49861,1,T1,1,100,37.469
1715672203.045756,3504673.000,49893,1,T1,1,100,37.451
1715672203.176791,3504798.000,49910,1,T1,1,100,37.443
1715672203.310971,3504926.000,49927,1,T1,1,100,37.334
1715672203.445151,3505054.000,49944,1,T1,1,100,37.464
1715672203.578283,3505181.000,49978,1,T1,1,100,37.342
1715672203.713511,3505310.000,49997,1,T1,1,100,37.325
1715672203.845595,3505436.000,50014,1,T1,1,100,37.283
1715672203.977678,3505562.000,50030,1,T1,1,100,37.300
1715672204.109762,3505688.000,50062,1,T1,1,100,37.342
1715672204.240797,3505813.000,50079,1,T1,1,100,37.325
1715672204.376025,3505942.000,50099,1,T1,1,100,37.318
1715672204.509157,3506069.000,50116,1,T1,1,100,37.350
1715672204.643337,3506197.000,50150,1,T1,1,100,37.329
1715672204.775945,3506323.500,50172,2,T1,1,100,37.391
1715672204.908553,3506450.000,50172,2,T1,1,100,37.346
1715672205.041684,3506577.000,50192,1,T1,1,100,37.221
1715672205.174816,3506704.000,50209,1,T1,1,100,37.273
1715672205.305851,3506829.000,50226,1,T1,1,100,37.437
1715672205.440032,3506957.000,50243,1,T1,1,100,37.296
1715672205.574212,3507085.000,50277,1,T1,1,100,37.305
1715672205.707343,3507212.000,50293,1,T1,1,100,37.345
1715672205.841523,3507340.000,50310,1,T1,1,100,37.362
1715672205.975703,3507468.000,50327,1,T1,1,100,37.369
1715672206.107787,3507594.000,50360,1,T1,1,100,37.337
1715672206.239871,3507720.000,50381,1,T1,1,100,37.394
1715672206.374051,3507848.000,50397,1,T1,1,100,37.348
1715672206.505086,3507973.000,50414,1,T1,1,100,37.363
1715672206.639266,3508101.000,50430,1,T1,1,100,37.228
1715672206.773446,3508229.000,50467,1,T1,1,100,37.241
1715672206.906578,3508356.000,50484,1,T1,1,100,37.352
1715672207.041806,3508485.000,50501,1,T1,1,100,37.294
1715672207.173890,3508611.000,50532,1,T1,1,100,37.163
1715672207.305973,3508737.000,50550,1,T1,1,100,37.319
1715672207.438057,3508863.000,50566,1,T1,1,100,37.315
1715672207.569092,3508988.000,50586,1,T1,1,100,37.385
1715672207.704320,3509117.000,50620,1,T1,1,100,37.450
1715672207.837452,3509244.000,50636,1,T1,1,100,37.301
1715672207.971632,3509372.000,50654,1,T1,1,100,37.237
1715672208.106860,3509501.000,50673,1,T1,1,100,37.351
1715672208.236847,3509625.000,50690,1,T1,1,100,37.400
1715672208.371027,3509753.000,50722,1,T1,1,100,37.421
1715672208.504159,3509880.000,50738,1,T1,1,100,37.253
1715672208.635195,3510005.000,50756,1,T1,1,100,37.251
1715672208.769375,3510133.000,50777,1,T1,1,100,37.215
1715672208.903555,3510261.000,50809,1,T1,1,100,37.306
1715672209.036686,3510388.000,50826,1,T1,1,100,37.274
1715672209.170866,3510516.000,50842,1,T1,1,100,37.402
1715672209.305047,3510644.000,50863,1,T1,1,100,37.387
1715672209.437130,3510770.000,50894,1,T1,1,100,37.345
1715672209.569214,3510896.000,50911,1,T1,1,100,37.255
1715672209.703394,3511024.000,50928,1,T1,1,100,37.394
1715672209.834429,3511149.000,50947,1,T1,1,100,37.348
1715672209.968609,3511277.000,50964,1,T1,1,100,37.363
1715672210.102789,3511405.000,50984,1,T1,1,100,37.441
1715672210.235921,3511532.000,51006,1,T1,1,100,37.333
1715672210.371149,3511661.000,51023,1,T1,1,100,37.321
1715672210.503233,3511787.000,51039,1,T1,1,100,37.387
1715672210.635316,3511913.000,51057,1,T1,1,100,37.345
1715672210.767400,3512039.000,51073,1,T1,1,100,37.397
1715672210.898435,3512164.000,51092,1,T1,1,100,37.527
1715672211.033663,3512293.000,51111,1,T1,1,100,37.405
1715672211.166795,3512420.000,51145,1,T1,1,100,37.423
1715672211.300975,3512548.000,51166,1,T1,1,100,37.467
1715672211.436203,3512677.000,51182,1,T1,1,100,37.415
1715672211.567239,3512802.000,51199,1,T1,1,100,37.463
1715672211.701419,3512930.000,51231,1,T1,1,100,37.271
1715672211.834551,3513057.000,51250,1,T1,1,100,37.295
1715672211.965586,3513182.000,51270,1,T1,1,100,37.518
1715672212.098718,3513309.000,51286,1,T1,1,100,37.437
1715672212.232898,3513437.000,51318,1,T1,1,100,37.402
1715672212.366030,3513564.000,51335,1,T1,1,100,37.387
1715672212.500210,3513692.000,51351,1,T1,1,100,37.415
1715672212.634390,3513820.000,51386,1,T1,1,100,37.393
1715672212.766473,3513946.000,51403,1,T1,1,100,37.453
1715672212.898557,3514072.000,51419,1,T1,1,100,37.409
1715672213.031688,3514199.000,51439,1,T1,1,100,37.354
1715672213.162724,3514324.000,51455,1,T1,1,100,37.437
1715672213.296904,3514452.000,51490,1,T1,1,100,37.366
1715672213.431084,3514580.000,51507,1,T1,1,100,37.407
1715672213.564216,3514707.000,51523,1,T1,1,100,37.353
1715672213.699444,3514836.000,51541,1,T1,1,100,37.366
1715672213.831527,3514962.000,51575,1,T1,1,100,37.300
1715672213.963611,3515088.000,51592,1,T1,1,100,37.307
1715672214.095695,3515214.000,51611,1,T1,1,100,37.239
1715672214.226730,3515339.000,51627,1,T1,1,100,37.316
1715672214.361958,3515468.000,51645,1,T1,1,100,37.385
1715672214.495090,3515595.000,51679,1,T1,1,100,37.308
1715672214.629270,3515723.000,51696,1,T1,1,100,37.417
1715672214.764498,3515852.000,51713,1,T1,1,100,37.429
1715672214.896582,3515978.000,51729,1,T1,1,100,37.398
1715672215.030762,3516106.000,51761,1,T1,1,100,37.385
1715672215.163894,3516233.000,51783,1,T1,1,100,37.308
1715672215.294929,3516358.000,51800,1,T1,1,100,37.382
1715672215.427012,3516484.000,51817,1,T1,1,100,37.378
1715672215.560668,3516611.500,51852,2,T1,1,100,37.305
1715672215.694324,3516739.000,51852,2,T1,1,100,37.380
1715672215.828504,3516867.000,51870,1,T1,1,100,37.377
1715672215.962684,3516995.000,51887,1,T1,1,100,37.270
1715672216.094768,3517121.000,51921,1,T1,1,100,37.294
1715672216.226851,3517247.000,51937,1,T1,1,100,37.340
1715672216.358935,3517373.000,51957,1,T1,1,100,37.360
1715672216.489970,3517498.000,51973,1,T1,1,100,37.368
1715672216.624150,3517626.000,52008,1,T1,1,100,37.337
1715672216.758330,3517754.000,52025,1,T1,1,100,37.465
1715672216.891462,3517881.000,52041,1,T1,1,100,37.343
1715672217.026690,3518010.000,52073,1,T1,1,100,37.432
1715672217.158774,3518136.000,52090,1,T1,1,100,37.364
1715672217.291906,3518263.000,52107,1,T1,1,100,37.406
1715672217.423989,3518389.000,52126,1,T1,1,100,37.424
1715672217.555025,3518514.000,52158,1,T1,1,100,37.290
1715672217.690253,3518643.000,52174,1,T1,1,100,37.303
1715672217.823385,3518770.000,52194,1,T1,1,100,37.273
1715672217.957565,3518898.000,52211,1,T1,1,100,37.331
1715672218.092793,3519027.000,52228,1,T1,1,100,37.356
1715672218.223828,3519152.000,52260,1,T1,1,100,37.296
1715672218.358008,3519280.000,52278,1,T1,1,100,37.199
1715672218.491140,3519407.000,52295,1,T1,1,100,37.370
1715672218.622175,3519532.000,52312,1,T1,1,100,37.479
1715672218.754259,3519658.000,52343,1,T1,1,100,37.385
1715672218.888439,3519786.000,52363,1,T1,1,100,37.308
1715672219.021571,3519913.000,52380,1,T1,1,100,37.417
1715672219.155751,3520041.000,52400,1,T1,1,100,37.393
1715672219.289931,3520169.000,52432,1,T1,1,100,37.312
1715672219.422014,3520295.000,52450,1,T1,1,100,37.419
1715672219.554098,3520421.000,52467,1,T1,1,100,37.500
1715672219.687230,3520548.000,52487,1,T1,1,100,37.358
1715672219.818265,3520673.000,52518,1,T1,1,100,37.332
1715672219.952445,3520801.000,52536,1,T1,1,100,37.321
1715672220.086625,3520929.000,52552,1,T1,1,100,37.316
1715672220.219757,3521056.000,52569,1,T1,1,100,37.279
1715672220.354985,3521185.000,52604,1,T1,1,100,37.333
1715672220.487069,3521311.000,52620,1,T1,1,100,37.357
1715672220.620201,3521438.000,52640,1,T1,1,100,37.403
1715672220.753332,3521565.000,52656,1,T1,1,100,37.387
1715672220.884368,3521690.000,52676,1,T1,1,100,37.274
1715672221.017499,3521817.000,52697,1,T1,1,100,37.367
1715672221.150631,3521944.000,52716,1,T1,1,100,37.336
1715672221.284811,3522072.000,52733,1,T1,1,100,37.358
1715672221.420040,3522201.000,52750,1,T1,1,100,37.332
1715672221.551075,3522326.000,52784,1,T1,1,100,37.321
1715672221.685255,3522454.000,52803,1,T1,1,100,37.352
1715672221.818387,3522581.000,52820,1,T1,1,100,37.471
1715672221.948374,3522705.000,52837,1,T1,1,100,37.417
1715672222.079409,3522830.000,52871,1,T1,1,100,37.428
1715672222.213589,3522958.000,52889,1,T1,1,100,37.398
1715672222.346721,3523085.000,52905,1,T1,1,100,37.456
1715672222.480901,3523213.000,52924,1,T1,1,100,37.481
1715672222.615081,3523341.000,52956,1,T1,1,100,37.456
1715672222.747164,3523467.000,52972,1,T1,1,100,37.446
1715672222.880296,3523594.000,52989,1,T1,1,100,37.299
1715672223.013428,3523721.000,53006,1,T1,1,100,37.307
1715672223.144463,3523846.000,53039,1,T1,1,100,37.345
1715672223.278643,3523974.000,53057,1,T1,1,100,37.291
1715672223.412823,3524102.000,53073,1,T1,1,100,37.303
1715672223.545955,3524229.000,53096,1,T1,1,100,37.131
1715672223.681184,3524358.000,53113,1,T1,1,100,37.340
1715672223.814315,3524485.000,53144,1,T1,1,100,37.360
1715672223.947447,3524612.000,53162,1,T1,1,100,37.333
1715672224.080579,3524739.000,53178,1,T1,1,100,37.321
1715672224.211614,3524864.000,53195,1,T1,1,100,37.316
1715672224.343698,3524990.000,53215,1,T1,1,100,37.350
1715672224.476830,3525117.000,53248,1,T1,1,100,37.364
1715672224.611010,3525245.000,53266,1,T1,1,100,37.370
1715672224.746238,3525374.000,53284,1,T1,1,100,37.444
1715672224.877273,3525499.000,53304,1,T1,1,100,37.369
1715672225.011453,3525627.000,53336,1,T1,1,100,37.373
1715672225.144585,3525754.000,53352,1,T1,1,100,37.338
1715672225.274572,3525878.000,53370,1,T1,1,100,37.395
1715672225.405607,3526003.000,53386,1,T1,1,100,37.454
1715672225.539787,3526131.000,53421,1,T1,1,100,37.445
1715672225.672919,3526258.000,53438,1,T1,1,100,37.441
1715672225.807099,3526386.000,53456,1,T1,1,100,37.332
1715672225.941279,3526514.000,53474,1,T1,1,100,37.357
1715672226.073363,3526640.000,53510,1,T1,1,100,37.438
1715672226.208591,3526769.000,53526,1,T1,1,100,37.331
1715672226.340675,3526895.000,53547,2,T1,1,100,37.427
1715672226.472758,3527021.000,53547,2,T1,1,100,37.468
1715672226.605890,3527148.000,53582,1,T1,1,100,37.486
1715672226.740070,3527276.000,53598,1,T1,1,100,37.459
1715672226.873202,3527403.000,53615,1,T1,1,100,37.482
1715672227.008430,3527532.000,53635,1,T1,1,100,37.421
1715672227.141562,3527659.000,53666,1,T1,1,100,37.289
1715672227.274694,3527786.000,53686,1,T1,1,100,37.338
1715672227.407825,3527913.000,53705,1,T1,1,100,37.323
1715672227.538861,3528038.000,53722,1,T1,1,100,37.424
1715672227.669896,3528163.000,53739,1,T1,1,100,37.538
1715672227.803028,3528290.000,53770,1,T1,1,100,37.304
1715672227.937208,3528418.000,53788,1,T1,1,100,37.202
1715672228.072436,3528547.000,53807,1,T1,1,100,37.300
1715672228.203471,3528672.000,53826,1,T1,1,100,37.378
1715672228.337651,3528800.000,53858,1,T1,1,100,37.376
1715672228.470783,3528927.000,53874,1,T1,1,100,37.376
1715672228.601819,3529052.000,53897,1,T1,1,100,37.340
1715672228.732854,3529177.000,53913,1,T1,1,100,37.324
1715672228.867034,3529305.000,53945,1,T1,1,100,37.353
1715672229.000165,3529432.000,53962,1,T1,1,100,37.259
1715672229.134346,3529560.000,53980,1,T1,1,100,37.289
1715672229.268526,3529688.000,53998,1,T1,1,100,37.267
1715672229.400609,3529814.000,54032,1,T1,1,100,37.399
1715672229.535838,3529943.000,54048,1,T1,1,100,37.315
1715672229.668969,3530070.000,54066,1,T1,1,100,37.278
1715672229.800004,3530195.000,54082,1,T1,1,100,37.333
1715672229.932088,3530321.000,54117,1,T1,1,100,37.321
1715672230.066268,3530449.000,54134,1,T1,1,100,37.352
1715672230.199400,3530576.000,54150,1,T1,1,100,37.400
1715672230.334628,3530705.000,54168,1,T1,1,100,37.386
1715672230.467760,3530832.000,54199,1,T1,1,100,37.344
1715672230.600892,3530959.000,54216,1,T1,1,100,37.255
1715672230.734024,3531086.000,54238,1,T1,1,100,37.323
1715672230.865059,3531211.000,54254,1,T1,1,100,37.353
1715672230.996094,3531336.000,54272,1,T1,1,100,37.294
1715672231.129226,3531463.000,54310,1,T1,1,100,37.269
1715672231.263406,3531591.000,54327,1,T1,1,100,37.294
1715672231.398634,3531720.000,54344,1,T1,1,100,37.269
1715672231.529670,3531845.000,54360,1,T1,1,100,37.365
1715672231.663850,3531973.000,54394,2,T1,1,100,37.300
1715672231.798030,3532101.000,54394,2,T1,1,100,37.271
1715672231.929065,3532226.000,54412,1,T1,1,100,37.330
1715672232.060100,3532351.000,54447,1,T1,1,100,37.391
1715672232.194280,3532479.000,54464,1,T1,1,100,37.382
1715672232.326364,3532605.000,54481,1,T1,1,100,37.413
1715672232.460544,3532733.000,54498,1,T1,1,100,37.250
1715672232.594724,3532861.000,54533,1,T1,1,100,37.321
1715672232.726807,3532987.000,54549,1,T1,1,100,37.316
1715672232.862036,3533116.000,54566,1,T1,1,100,37.243
1715672232.995167,3533243.000,54598,1,T1,1,100,37.282
1715672233.126203,3533368.000,54614,1,T1,1,100,37.335
1715672233.257238,3533493.000,54635,1,T1,1,100,37.322
1715672233.391418,3533621.000,54651,1,T1,1,100,37.352
1715672233.524550,3533748.000,54683,1,T1,1,100,37.436
1715672233.659778,3533877.000,54700,1,T1,1,100,37.366
1715672233.792910,3534004.000,54719,1,T1,1,100,37.300
1715672233.926042,3534131.000,54737,1,T1,1,100,37.307
1715672234.059174,3534258.000,54755,1,T1,1,100,37.346
1715672234.191257,3534384.000,54787,1,T1,1,100,37.291
1715672234.322292,3534509.000,54804,1,T1,1,100,37.303
1715672234.455424,3534636.000,54820,1,T1,1,100,37.309
1715672234.589604,3534764.000,54840,1,T1,1,100,37.382
1715672234.724833,3534893.000,54872,1,T1,1,100,37.272
1715672234.855868,3535018.000,54888,1,T1,1,100,37.330
1715672234.990048,3535146.000,54906,1,T1,1,100,37.249
1715672235.125276,3535275.000,54940,1,T1,1,100,37.250
1715672235.256311,3535400.000,54959,1,T1,1,100,37.179
1715672235.387347,3535525.000,54976,1,T1,1,100,37.290
1715672235.521527,3535653.000,54992,1,T1,1,100,37.303
1715672235.653610,3535779.000,55024,1,T1,1,100,37.379
1715672235.787790,3535907.000,55044,1,T1,1,100,37.341
1715672235.921970,3536035.000,55061,1,T1,1,100,37.360
1715672236.054054,3536161.000,55080,1,T1,1,100,37.333
1715672236.189282,3536290.000,55112,1,T1,1,100,37.428
1715672236.322414,3536417.000,55131,1,T1,1,100,37.433
1715672236.453449,3536542.000,55148,1,T1,1,100,37.329
1715672236.584485,3536667.000,55165,1,T1,1,100,37.391
1715672236.718665,3536795.000,55182,1,T1,1,100,37.240
1715672236.851796,3536922.000,55214,1,T1,1,100,37.317
1715672236.987025,3537051.000,55233,1,T1,1,100,37.350
1715672237.120157,3537178.000,55255,2,T1,1,100,37.400
1715672237.253288,3537305.000,55255,2,T1,1,100,37.386
1715672237.386420,3537432.000,55288,1,T1,1,100,37.309
1715672237.518504,3537558.000,55306,1,T1,1,100,37.346
1715672237.649539,3537683.000,55327,1,T1,1,100,37.433
1715672237.782671,3537810.000,55343,1,T1,1,100,37.365
1715672237.916851,3537938.000,55375,1,T1,1,100,37.300
1715672238.052079,3538067.000,55392,1,T1,1,100,37.201
1715672238.183114,3538192.000,55408,1,T1,1,100,37.300
1715672238.317294,3538320.000,55426,1,T1,1,100,37.413
1715672238.453571,3538450.000,55459,1,T1,1,100,37.392
1715672238.584606,3538575.000,55479,1,T1,1,100,37.276
1715672238.715641,3538700.000,55496,1,T1,1,100,37.368
1715672238.848773,3538827.000,55512,1,T1,1,100,37.336
1715672238.980857,3538953.000,55547,1,T1,1,100,37.287
1715672239.115037,3539081.000,55564,1,T1,1,100,37.408
1715672239.249217,3539209.000,55581,1,T1,1,100,37.425
1715672239.381300,3539335.000,55598,1,T1,1,100,37.397
1715672239.516529,3539464.000,55616,1,T1,1,100,37.349
1715672239.649661,3539591.000,55648,1,T1,1,100,37.293
1715672239.780696,3539716.000,55668,1,T1,1,100,37.339
1715672239.911731,3539841.000,55685,1,T1,1,100,37.324
1715672240.045911,3539969.000,55702,1,T1,1,100,37.353
1715672240.179043,3540096.000,55734,1,T1,1,100,37.295
1715672240.314271,3540225.000,55753,1,T1,1,100,37.269
1715672240.447403,3540352.000,55770,1,T1,1,100,37.294
1715672240.580535,3540479.000,55804,1,T1,1,100,37.269
1715672240.714715,3540607.000,55820,1,T1,1,100,37.187
1715672240.847847,3540734.000,55837,1,T1,1,100,37.294
1715672240.978882,3540859.000,55856,1,T1,1,100,37.269
1715672241.112014,3540986.000,55876,1,T1,1,100,37.294
1715672241.246194,3541114.000,55908,1,T1,1,100,37.304
1715672241.381422,3541243.000,55924,1,T1,1,100,37.344
1715672241.512457,3541368.000,55941,1,T1,1,100,37.362
1715672241.646637,3541496.000,55973,1,T1,1,100,37.298
1715672241.780293,3541623.500,55991,2,T1,1,100,37.235
1715672241.913949,3541751.000,55991,2,T1,1,100,37.244
1715672242.044985,3541876.000,56024,1,T1,1,100,37.389
1715672242.177068,3542002.000,56041,1,T1,1,100,37.310
1715672242.309152,3542128.000,56061,1,T1,1,100,37.382
1715672242.443332,3542256.000,56078,1,T1,1,100,37.272
1715672242.577512,3542384.000,56098,1,T1,1,100,37.330
1715672242.709595,3542510.000,56117,1,T1,1,100,37.285
1715672242.844824,3542639.000,56136,1,T1,1,100,37.265
1715672242.977955,3542766.000,56154,1,T1,1,100,37.292
1715672243.108991,3542891.000,56185,1,T1,1,100,37.304
1715672243.240026,3543016.000,56202,1,T1,1,100,37.273
1715672243.374206,3543144.000,56219,1,T1,1,100,37.260
1715672243.507338,3543271.000,56235,1,T1,1,100,37.183
1715672243.642566,3543400.000,56270,1,T1,1,100,37.328
1715672243.775698,3543527.000,56287,1,T1,1,100,37.284
1715672243.908830,3543654.000,56306,1,T1,1,100,37.300
1715672244.043010,3543782.000,56337,1,T1,1,100,37.343
1715672244.176142,3543909.000,56355,1,T1,1,100,37.325
1715672244.307177,3544034.000,56371,1,T1,1,100,37.318
1715672244.440309,3544161.000,56388,1,T1,1,100,37.279
1715672244.573440,3544288.000,56420,1,T1,1,100,37.227
1715672244.708669,3544417.000,56436,1,T1,1,100,37.276
1715672244.839704,3544542.000,56453,1,T1,1,100,37.297
1715672244.973884,3544670.000,56473,1,T1,1,100,37.306
1715672245.110161,3544800.000,56506,1,T1,1,100,37.203
1715672245.241196,3544925.000,56524,1,T1,1,100,37.265
1715672245.372231,3545050.000,56540,1,T1,1,100,37.221
1715672245.503266,3545175.000,56557,1,T1,1,100,37.308
1715672245.635350,3545301.000,56589,1,T1,1,100,37.311
1715672245.769530,3545429.000,56605,1,T1,1,100,37.347
1715672245.903710,3545557.000,56623,1,T1,1,100,37.292
1715672246.035794,3545683.000,56643,1,T1,1,100,37.339
1715672246.171022,3545812.000,56678,1,T1,1,100,37.324
1715672246.304154,3545939.000,56695,1,T1,1,100,37.317
1715672246.436237,3546065.000,56711,1,T1,1,100,37.244
1715672246.567272,3546190.000,56729,1,T1,1,100,37.318
1715672246.701452,3546318.000,56760,1,T1,1,100,37.315
1715672246.834584,3546445.000,56780,1,T1,1,100,37.278
1715672246.969813,3546574.000,56797,1,T1,1,100,37.439
1715672247.102944,3546701.000,56813,1,T1,1,100,37.403
1715672247.236076,3546828.000,56847,1,T1,1,100,37.281
1715672247.371305,3546957.000,56864,1,T1,1,100,37.299
1715672247.504436,3547084.000,56883,1,T1,1,100,37.200
1715672247.635472,3547209.000,56901,1,T1,1,100,37.299
1715672247.768603,3547336.000,56932,1,T1,1,100,37.307
1715672247.902783,3547464.000,56958,2,T1,1,100,37.275
1715672248.036963,3547592.000,56958,2,T1,1,100,37.225
1715672248.167999,3547717.000,56974,1,T1,1,100,37.381
1715672248.302179,3547845.000,56992,1,T1,1,100,37.378
1715672248.438455,3547975.000,57025,1,T1,1,100,37.305
1715672248.569491,3548100.000,57042,1,T1,1,100,37.238
1715672248.700526,3548225.000,57062,1,T1,1,100,37.280
1715672248.831561,3548350.000,57078,1,T1,1,100,37.334
1715672248.963645,3548476.000,57110,1,T1,1,100,37.393
1715672249.097825,3548604.000,57127,1,T1,1,100,37.347
1715672249.232005,3548732.000,57147,1,T1,1,100,37.328
1715672249.364088,3548858.000,57180,1,T1,1,100,37.390
1715672249.499317,3548987.000,57198,1,T1,1,100,37.240
1715672249.632448,3549114.000,57214,1,T1,1,100,37.246
1715672249.764532,3549240.000,57231,1,T1,1,100,37.284
1715672249.895567,3549365.000,57263,1,T1,1,100,37.158
1715672250.029747,3549493.000,57282,1,T1,1,100,37.246
1715672250.162879,3549620.000,57299,1,T1,1,100,37.142
1715672250.298107,3549749.000,57316,1,T1,1,100,37.274
1715672250.431239,3549876.000,57333,1,T1,1,100,37.367
1715672250.564371,3550003.000,57353,1,T1,1,100,37.265
1715672250.699599,3550132.000,57386,1,T1,1,100,37.257
1715672250.832731,3550259.000,57403,1,T1,1,100,37.324
1715672250.963766,3550384.000,57422,1,T1,1,100,37.317
1715672251.096898,3550511.000,57439,1,T1,1,100,37.350
1715672251.230030,3550638.000,57471,1,T1,1,100,37.293
1715672251.365258,3550767.000,57490,1,T1,1,100,37.304
1715672251.496294,3550892.000,57507,1,T1,1,100,37.344
1715672251.630474,3551020.000,57526,1,T1,1,100,37.326
1715672251.766750,3551150.000,57557,1,T1,1,100,37.283
1715672251.897785,3551275.000,57575,1,T1,1,100,37.264
1715672252.028821,3551400.000,57591,1,T1,1,100,37.292
1715672252.159856,3551525.000,57608,1,T1,1,100,37.197
1715672252.291939,3551651.000,57640,1,T1,1,100,37.369
1715672252.426120,3551779.000,57656,1,T1,1,100,37.231
1715672252.560300,3551907.000,57674,1,T1,1,100,37.206
1715672252.692383,3552033.000,57693,1,T1,1,100,37.302
1715672252.827611,3552162.000,57727,1,T1,1,100,37.308
1715672252.960743,3552289.000,57744,1,T1,1,100,37.275
1715672253.092827,3552415.000,57760,1,T1,1,100,37.261
1715672253.223862,3552540.000,57780,1,T1,1,100,37.361
1715672253.358042,3552668.000,57802,1,T1,1,100,37.298
1715672253.491174,3552795.000,57818,1,T1,1,100,37.377
1715672253.626402,3552924.000,57836,1,T1,1,100,37.376
1715672253.759534,3553051.000,57870,1,T1,1,100,37.340
1715672253.892666,3553178.000,57889,1,T1,1,100,37.218
1715672254.027894,3553307.000,57906,1,T1,1,100,37.236
1715672254.161026,3553434.000,57922,1,T1,1,100,37.244
1715672254.292061,3553559.000,57940,1,T1,1,100,37.354
1715672254.425193,3553686.000,57974,1,T1,1,100,37.295
1715672254.558325,3553813.000,57991,1,T1,1,100,37.305
1715672254.693553,3553942.000,58008,1,T1,1,100,37.274
1715672254.824588,3554067.000,58024,1,T1,1,100,37.331
1715672254.958768,3554195.000,58058,1,T1,1,100,37.214
1715672255.095045,3554325.000,58075,1,T1,1,100,37.270
1715672255.226080,3554450.000,58095,1,T1,1,100,37.365
1715672255.357116,3554575.000,58112,1,T1,1,100,37.371
1715672255.488151,3554700.000,58144,1,T1,1,100,37.302
1715672255.620234,3554826.000,58160,1,T1,1,100,37.308
1715672255.754414,3554954.000,58180,1,T1,1,100,37.311
1715672255.888594,3555082.000,58197,1,T1,1,100,37.347
1715672256.020678,3555208.000,58232,1,T1,1,100,37.327
1715672256.155906,3555337.000,58249,1,T1,1,100,37.213
1715672256.289038,3555464.000,58266,1,T1,1,100,37.269
1715672256.421122,3555590.000,58283,1,T1,1,100,37.294
1715672256.552157,3555715.000,58318,1,T1,1,100,37.340
1715672256.686337,3555843.000,58334,1,T1,1,100,37.360
1715672256.819469,3555970.000,58351,1,T1,1,100,37.333
1715672256.954697,3556099.000,58368,1,T1,1,100,37.286
1715672257.087829,3556226.000,58402,1,T1,1,100,37.407
1715672257.220961,3556353.000,58422,1,T1,1,100,37.354
1715672257.356189,3556482.000,58438,1,T1,1,100,37.366
1715672257.489321,3556609.000,58470,1,T1,1,100,37.265
1715672257.620356,3556734.000,58487,1,T1,1,100,37.292
1715672257.753488,3556861.000,58506,1,T1,1,100,37.304
1715672257.886620,3556988.000,58524,1,T1,1,100,37.273
1715672258.021848,3557117.000,58540,1,T1,1,100,37.225
1715672258.152883,3557242.000,58572,1,T1,1,100,37.168
1715672258.287063,3557370.000,58592,1,T1,1,100,37.179
1715672258.423340,3557500.000,58610,1,T1,1,100,37.326
1715672258.554375,3557625.000,58627,1,T1,1,100,37.354
1715672258.685410,3557750.000,58647,1,T1,1,100,37.330
1715672258.816446,3557875.000,58663,1,T1,1,100,37.285
1715672258.948529,3558001.000,58684,1,T1,1,100,37.230
1715672259.082709,3558129.000,58700,1,T1,1,100,37.241
1715672259.216889,3558257.000,58732,1,T1,1,100,37.317
1715672259.348973,3558383.000,58749,1,T1,1,100,37.314
1715672259.484201,3558512.000,58767,1,T1,1,100,37.278
1715672259.617333,3558639.000,58785,1,T1,1,100,37.262
1715672259.749416,3558765.000,58816,1,T1,1,100,37.326
1715672259.880452,3558890.000,58833,1,T1,1,100,37.283
1715672260.014632,3559018.000,58850,1,T1,1,100,37.264
1715672260.147763,3559145.000,58866,1,T1,1,100,37.363
1715672260.282992,3559274.000,58901,1,T1,1,100,37.263
1715672260.416124,3559401.000,58918,1,T1,1,100,37.291
1715672260.549255,3559528.000,58935,1,T1,1,100,37.339
1715672260.684484,3559657.000,58954,1,T1,1,100,37.359
1715672260.817616,3559784.000,58986,1,T1,1,100,37.404
1715672260.948651,3559909.000,59004,1,T1,1,100,37.494
1715672261.080734,3560035.000,59021,1,T1,1,100,37.320
1715672261.212818,3560161.000,59038,1,T1,1,100,37.280
1715672261.348046,3560290.000,59069,1,T1,1,100,37.263
1715672261.479081,3560415.000,59086,1,T1,1,100,37.291
1715672261.613261,3560543.000,59103,1,T1,1,100,37.268
1715672261.749538,3560673.000,59125,1,T1,1,100,37.222
1715672261.880573,3560798.000,59157,1,T1,1,100,37.203
1715672262.011609,3560923.000,59173,1,T1,1,100,37.300
1715672262.142644,3561048.000,59190,1,T1,1,100,37.307
1715672262.274727,3561174.000,59210,1,T1,1,100,37.346
1715672262.408907,3561302.000,59241,1,T1,1,100,37.291
1715672262.543087,3561430.000,59259,1,T1,1,100,37.339
1715672262.675171,3561556.000,59275,1,T1,1,100,37.324
1715672262.810399,3561685.000,59309,1,T1,1,100,37.353
1715672262.943531,3561812.000,59329,1,T1,1,100,37.295
1715672263.076663,3561939.000,59345,1,T1,1,100,37.269
1715672263.207698,3562064.000,59363,1,T1,1,100,37.329
1715672263.341878,3562192.000,59379,1,T1,1,100,37.107
1715672263.473962,3562318.000,59399,1,T1,1,100,37.117
1715672263.609190,3562447.000,59431,1,T1,1,100,37.334
1715672263.742322,3562574.000,59447,1,T1,1,100,37.393
1715672263.875454,3562701.000,59465,1,T1,1,100,37.418
1715672264.010682,3562830.000,59489,1,T1,1,100,37.252
1715672264.142766,3562956.000,59509,2,T1,1,100,37.322
1715672264.274849,3563082.000,59509,2,T1,1,100,37.281
1715672264.405884,3563207.000,59526,1,T1,1,100,37.334
1715672264.537968,3563333.000,59543,1,T1,1,100,37.216
1715672264.673196,3563462.000,59577,1,T1,1,100,37.271
1715672264.804231,3563587.000,59595,1,T1,1,100,37.330
1715672264.938411,3563715.000,59611,1,T1,1,100,37.320
1715672265.074688,3563845.000,59630,1,T1,1,100,37.316
1715672265.205723,3563970.000,59646,1,T1,1,100,37.243
1715672265.337807,3564096.000,59678,1,T1,1,100,37.282
1715672265.468842,3564221.000,59698,1,T1,1,100,37.335
1715672265.600925,3564347.000,59715,1,T1,1,100,37.358
1715672265.735106,3564475.000,59732,1,T1,1,100,37.368
1715672265.869286,3564603.000,59766,1,T1,1,100,37.336
1715672266.001369,3564729.000,59784,1,T1,1,100,37.465
1715672266.136598,3564858.000,59801,1,T1,1,100,37.449
1715672266.271826,3564987.000,59833,1,T1,1,100,37.372
1715672266.404958,3565114.000,59849,1,T1,1,100,37.338
1715672266.535993,3565239.000,59867,1,T1,1,100,37.394
1715672266.670173,3565367.000,59883,1,T1,1,100,37.313
1715672266.801208,3565492.000,59918,1,T1,1,100,37.277
1715672266.936437,3565621.000,59937,1,T1,1,100,37.368
1715672267.069568,3565748.000,59953,1,T1,1,100,37.301
1715672267.202700,3565875.000,59971,1,T1,1,100,37.308
1715672267.337929,3566004.000,59990,1,T1,1,100,37.275
1715672267.471060,3566131.000,60022,1,T1,1,100,37.332
1715672267.602096,3566256.000,60039,1,T1,1,100,37.285
1715672267.733131,3566381.000,60055,1,T1,1,100,37.301
1715672267.865214,3566507.000,60072,1,T1,1,100,37.307
1715672268.000443,3566636.000,60109,1,T1,1,100,37.310
1715672268.131478,3566761.000,60125,1,T1,1,100,37.347
1715672268.265658,3566889.000,60143,1,T1,1,100,37.327
1715672268.401935,3567019.000,60159,1,T1,1,100,37.354
1715672268.532970,3567144.000,60191,1,T1,1,100,37.331
1715672268.666101,3567271.000,60208,1,T1,1,100,37.356
1715672268.797137,3567396.000,60226,1,T1,1,100,37.367
1715672268.929220,3567522.000,60244,1,T1,1,100,37.336
1715672269.063400,3567650.000,60275,1,T1,1,100,37.287
1715672269.197581,3567778.000,60292,1,T1,1,100,37.302
1715672269.331236,3567905.500,60317,2,T1,1,100,37.308
1715672269.464892,3568033.000,60317,2,T1,1,100,37.346
1715672269.600121,3568162.000,60335,1,T1,1,100,37.256
1715672269.733253,3568289.000,60351,1,T1,1,100,37.394
1715672269.864288,3568414.000,60371,1,T1,1,100,37.348
1715672269.997420,3568541.000,60402,1,T1,1,100,37.186
1715672270.128455,3568666.000,60418,1,T1,1,100,37.293
1715672270.263683,3568795.000,60436,1,T1,1,100,37.304
1715672270.396815,3568922.000,60452,1,T1,1,100,37.309
1715672270.529947,3569049.000,60484,1,T1,1,100,37.275
1715672270.665175,3569178.000,60504,1,T1,1,100,37.296
1715672270.798307,3569305.000,60520,1,T1,1,100,37.306
1715672270.929342,3569430.000,60540,1,T1,1,100,37.239
1715672271.060377,3569555.000,60576,1,T1,1,100,37.281
1715672271.192461,3569681.000,60593,1,T1,1,100,37.228
1715672271.327689,3569810.000,60610,1,T1,1,100,37.205
1715672271.458724,3569935.000,60626,1,T1,1,100,37.337
1715672271.592904,3570063.000,60658,1,T1,1,100,37.217
1715672271.729181,3570193.000,60675,1,T1,1,100,37.306
1715672271.860216,3570318.000,60694,1,T1,1,100,37.274
1715672271.994396,3570446.000,60711,1,T1,1,100,37.296
1715672272.125432,3570571.000,60743,1,T1,1,100,37.234
1715672272.257515,3570697.000,60759,1,T1,1,100,37.243
1715672272.390647,3570824.000,60779,1,T1,1,100,37.212
1715672272.524827,3570952.000,60799,1,T1,1,100,37.304
1715672272.656910,3571078.000,60830,1,T1,1,100,37.274
1715672272.792139,3571207.000,60847,1,T1,1,100,37.189
1715672272.927367,3571336.000,60864,1,T1,1,100,37.259
1715672273.060499,3571463.000,60883,1,T1,1,100,37.254
1715672273.191534,3571588.000,60902,1,T1,1,100,37.358
1715672273.323618,3571714.000,60934,1,T1,1,100,37.368
1715672273.454653,3571839.000,60951,1,T1,1,100,37.230
1715672273.589881,3571968.000,60968,1,T1,1,100,37.348
1715672273.723013,3572095.000,60985,1,T1,1,100,37.399
1715672273.856145,3572222.000,61017,1,T1,1,100,37.385
1715672273.991373,3572351.000,61034,1,T1,1,100,37.379
1715672274.124505,3572478.000,61053,1,T1,1,100,37.306
1715672274.256588,3572604.000,61070,1,T1,1,100,37.345
1715672274.387624,3572729.000,61086,1,T1,1,100,37.327
1715672274.519707,3572855.000,61107,1,T1,1,100,37.212
1715672274.652839,3572982.000,61143,2,T1,1,100,37.305
1715672274.785971,3573109.000,61143,2,T1,1,100,37.345
1715672274.920151,3573237.000,61160,1,T1,1,100,37.362
1715672275.056427,3573367.000,61177,1,T1,1,100,37.157
1715672275.188511,3573493.000,61211,1,T1,1,100,37.210
1715672275.322691,3573621.000,61227,1,T1,1,100,37.268
1715672275.453726,3573746.000,61244,1,T1,1,100,37.364
1715672275.585810,3573872.000,61261,1,T1,1,100,37.264
1715672275.717893,3573998.000,61295,1,T1,1,100,37.291
1715672275.852073,3574126.000,61315,1,T1,1,100,37.268
1715672275.984157,3574252.000,61331,1,T1,1,100,37.258
1715672276.119385,3574381.000,61348,1,T1,1,100,37.253
1715672276.254614,3574510.000,61365,1,T1,1,100,37.216
1715672276.387746,3574637.000,61401,1,T1,1,100,37.306
1715672276.518781,3574762.000,61419,1,T1,1,100,37.416
1715672276.650864,3574888.000,61435,1,T1,1,100,37.464
1715672276.781899,3575013.000,61452,1,T1,1,100,37.307
1715672276.917128,3575142.000,61484,1,T1,1,100,37.275
1715672277.050260,3575269.000,61503,1,T1,1,100,37.225
1715672277.183391,3575396.000,61521,1,T1,1,100,37.310
1715672277.318620,3575525.000,61537,1,T1,1,100,37.276
1715672277.451751,3575652.000,61571,1,T1,1,100,37.226
1715672277.584883,3575779.000,61588,1,T1,1,100,37.310
1715672277.715919,3575904.000,61604,1,T1,1,100,37.312
1715672277.848002,3576030.000,61621,1,T1,1,100,37.348
1715672277.981134,3576157.000,61653,1,T1,1,100,37.328
1715672278.114266,3576284.000,61669,1,T1,1,100,37.319
1715672278.248446,3576412.000,61687,1,T1,1,100,37.315
1715672278.384722,3576542.000,61706,1,T1,1,100,37.385
1715672278.516806,3576668.000,61725,1,T1,1,100,37.202
1715672278.650986,3576796.000,61757,1,T1,1,100,37.336
1715672278.782021,3576921.000,61773,1,T1,1,100,37.287
1715672278.913056,3577046.000,61791,1,T1,1,100,37.231
1715672279.045140,3577172.000,61807,1,T1,1,100,37.313
1715672279.179320,3577300.000,61839,1,T1,1,100,37.206
1715672279.311404,3577426.000,61856,1,T1,1,100,37.337
1715672279.446632,3577555.000,61872,1,T1,1,100,37.359
1715672279.581860,3577684.000,61909,1,T1,1,100,37.333
1715672279.714992,3577811.000,61926,1,T1,1,100,37.250
1715672279.848124,3577938.000,61943,1,T1,1,100,37.321
1715672279.980207,3578064.000,61960,1,T1,1,100,37.316
1715672280.111243,3578189.000,61986,1,T1,1,100,37.350
1715672280.246471,3578318.000,62002,1,T1,1,100,37.329
1715672280.379603,3578445.000,62019,1,T1,1,100,37.390
1715672280.512734,3578572.000,62036,1,T1,1,100,37.346
1715672280.647963,3578701.000,62055,1,T1,1,100,37.398
1715672280.782143,3578829.000,62087,1,T1,1,100,37.314
1715672280.916323,3578957.000,62108,1,T1,1,100,37.349
1715672281.047358,3579082.000,62125,1,T1,1,100,37.293
1715672281.179442,3579208.000,62142,1,T1,1,100,37.198
1715672281.311525,3579334.000,62173,1,T1,1,100,37.298
1715672281.444657,3579461.000,62190,1,T1,1,100,37.342
1715672281.578837,3579589.000,62210,1,T1,1,100,37.290
1715672281.715114,3579719.000,62227,1,T1,1,100,37.303
1715672281.847197,3579845.000,62261,1,T1,1,100,37.344
1715672281.981377,3579973.000,62277,1,T1,1,100,37.361
1715672282.112412,3580098.000,62294,1,T1,1,100,37.192
1715672282.242399,3580222.000,62314,1,T1,1,100,37.260
1715672282.374483,3580348.000,62345,1,T1,1,100,37.325
1715672282.508663,3580476.000,62363,1,T1,1,100,37.283
1715672282.640747,3580602.000,62382,1,T1,1,100,37.264
1715672282.775975,3580731.000,62401,1,T1,1,100,37.256
1715672282.911203,3580860.000,62433,1,T1,1,100,37.288
1715672283.044335,3580987.000,62449,1,T1,1,100,37.196
1715672283.178515,3581115.000,62467,1,T1,1,100,37.333
1715672283.310599,3581241.000,62483,1,T1,1,100,37.250
1715672283.441634,3581366.000,62503,1,T1,1,100,37.179
1715672283.576862,3581495.000,62535,1,T1,1,100,37.255
1715672283.709994,3581622.000,62551,1,T1,1,100,37.288
1715672283.843126,3581749.000,62569,1,T1,1,100,37.266
1715672283.978354,3581878.000,62590,1,T1,1,100,37.257
1715672284.112534,3582006.000,62622,1,T1,1,100,37.324
1715672284.246714,3582134.000,62639,1,T1,1,100,37.388
1715672284.377750,3582259.000,62655,1,T1,1,100,37.310
1715672284.509833,3582385.000,62672,1,T1,1,100,37.382
1715672284.640868,3582510.000,62707,1,T1,1,100,37.343
1715672284.774000,3582637.000,62724,1,T1,1,100,37.361
1715672284.908180,3582765.000,62741,1,T1,1,100,37.440
1715672285.044457,3582895.000,62759,1,T1,1,100,37.261
1715672285.176540,3583021.000,62794,1,T1,1,100,37.326
1715672285.310720,3583149.000,62811,1,T1,1,100,37.354
1715672285.441756,3583274.000,62834,2,T1,1,100,37.259
1715672285.572791,3583399.000,62834,2,T1,1,100,37.325
1715672285.704874,3583525.000,62866,1,T1,1,100,37.247
1715672285.839054,3583653.000,62885,1,T1,1,100,37.284
1715672285.971138,3583779.000,62902,1,T1,1,100,37.265
1715672286.106366,3583908.000,62923,1,T1,1,100,37.363
1715672286.241595,3584037.000,62955,1,T1,1,100,37.263
1715672286.374727,3584164.000,62972,1,T1,1,100,37.291
1715672286.508907,3584292.000,62989,1,T1,1,100,37.339
1715672286.640990,3584418.000,63009,1,T1,1,100,37.359
1715672286.772025,3584543.000,63041,1,T1,1,100,37.368
1715672286.906205,3584671.000,63057,1,T1,1,100,37.408
1715672287.039337,3584798.000,63074,1,T1,1,100,37.389
1715672287.172469,3584925.000,63093,1,T1,1,100,37.452
1715672287.307697,3585054.000,63113,1,T1,1,100,37.266
1715672287.441877,3585182.000,63145,1,T1,1,100,37.257
1715672287.576057,3585310.000,63161,1,T1,1,100,37.359
1715672287.707093,3585435.000,63178,1,T1,1,100,37.333
1715672287.838128,3585560.000,63195,1,T1,1,100,37.286
1715672287.969163,3585685.000,63229,1,T1,1,100,37.266
1715672288.102295,3585812.000,63246,1,T1,1,100,37.186
1715672288.236475,3585940.000,63263,1,T1,1,100,37.293
1715672288.372752,3586070.000,63282,1,T1,1,100,37.269
1715672288.504835,3586196.000,63317,1,T1,1,100,37.223
1715672288.639015,3586324.000,63333,1,T1,1,100,37.345
1715672288.771099,3586450.000,63350,1,T1,1,100,37.362
1715672288.902134,3586575.000,63367,1,T1,1,100,37.334
1715672289.034217,3586701.000,63398,1,T1,1,100,37.215
1715672289.168397,3586829.000,63416,1,T1,1,100,37.270
1715672289.300481,3586955.000,63432,1,T1,1,100,37.330
1715672289.435709,3587084.000,63451,1,T1,1,100,37.249
1715672289.570938,3587213.000,63483,1,T1,1,100,37.285
1715672289.704070,3587340.000,63499,1,T1,1,100,37.336
1715672289.838250,3587468.000,63517,1,T1,1,100,37.394
1715672289.970333,3587594.000,63536,1,T1,1,100,37.277
1715672290.101368,3587719.000,63568,1,T1,1,100,37.297
1715672290.235548,3587847.000,63585,1,T1,1,100,37.306
1715672290.368680,3587974.000,63601,1,T1,1,100,37.274
1715672290.501812,3588101.000,63624,1,T1,1,100,37.296
1715672290.637040,3588230.000,63655,1,T1,1,100,37.305
1715672290.771220,3588358.000,63675,2,T1,1,100,37.309
1715672290.905401,3588486.000,63675,2,T1,1,100,37.276
1715672291.036436,3588611.000,63694,1,T1,1,100,37.297
1715672291.167471,3588736.000,63730,1,T1,1,100,37.306
1715672291.298506,3588861.000,63746,1,T1,1,100,37.203
1715672291.431638,3588988.000,63765,1,T1,1,100,37.265
1715672291.565818,3589116.000,63782,1,T1,1,100,37.257
1715672291.702095,3589246.000,63813,1,T1,1,100,37.217
1715672291.834178,3589372.000,63834,1,T1,1,100,37.271
1715672291.968358,3589500.000,63850,1,T1,1,100,37.401
1715672292.101490,3589627.000,63867,1,T1,1,100,37.386
1715672292.232525,3589752.000,63899,1,T1,1,100,37.380
1715672292.364609,3589878.000,63917,1,T1,1,100,37.448
1715672292.498789,3590006.000,63938,1,T1,1,100,37.336
1715672292.628776,3590130.000,63954,1,T1,1,100,37.429
1715672292.764004,3590259.000,63986,1,T1,1,100,37.327
1715672292.899233,3590388.000,64003,1,T1,1,100,37.319
1715672293.032364,3590515.000,64019,1,T1,1,100,37.315
1715672293.166544,3590643.000,64036,1,T1,1,100,37.278
1715672293.298628,3590769.000,64068,1,T1,1,100,37.369
1715672293.429663,3590894.000,64084,1,T1,1,100,37.372
1715672293.561747,3591020.000,64104,1,T1,1,100,37.338
1715672293.694878,3591147.000,64120,1,T1,1,100,37.395
1715672293.828010,3591274.000,64155,1,T1,1,100,37.383
1715672293.963239,3591403.000,64172,1,T1,1,100,37.237
1715672294.097419,3591531.000,64188,1,T1,1,100,37.315
1715672294.231599,3591659.000,64220,1,T1,1,100,37.349
1715672294.362634,3591784.000,64240,1,T1,1,100,37.293
1715672294.495766,3591911.000,64259,1,T1,1,100,37.198
1715672294.626801,3592036.000,64276,1,T1,1,100,37.227
1715672294.759933,3592163.000,64292,1,T1,1,100,37.205
1715672294.894113,3592291.000,64327,1,T1,1,100,37.301
1715672295.030390,3592421.000,64344,1,T1,1,100,37.272
1715672295.162473,3592547.000,64361,1,T1,1,100,37.295
1715672295.296653,3592675.000,64378,1,T1,1,100,37.340
1715672295.430833,3592803.000,64413,1,T1,1,100,37.218
1715672295.561868,3592928.000,64431,1,T1,1,100,37.378
1715672295.693952,3593054.000,64448,1,T1,1,100,37.376
1715672295.827084,3593181.000,64465,1,T1,1,100,37.340
1715672295.957071,3593305.000,64498,1,T1,1,100,37.289
1715672296.092299,3593434.000,64521,2,T1,1,100,37.338
1715672296.227527,3593563.000,64521,2,T1,1,100,37.217
1715672296.360659,3593690.000,64541,1,T1,1,100,37.129
1715672296.494839,3593818.000,64558,1,T1,1,100,37.233
1715672296.626923,3593944.000,64577,1,T1,1,100,37.314
1715672296.756910,3594068.000,64609,1,T1,1,100,37.384
1715672296.888993,3594194.000,64625,1,T1,1,100,37.343
1715672297.022125,3594321.000,64642,1,T1,1,100,37.397
1715672297.155257,3594448.000,64659,1,T1,1,100,37.384
1715672297.290485,3594577.000,64693,1,T1,1,100,37.273
1715672297.424665,3594705.000,64711,1,T1,1,100,37.189
1715672297.558845,3594833.000,64729,1,T1,1,100,37.259
1715672297.691977,3594960.000,64749,1,T1,1,100,37.218
1715672297.825109,3595087.000,64781,1,T1,1,100,37.343
1715672297.956144,3595212.000,64797,1,T1,1,100,37.255
1715672298.089276,3595339.000,64814,1,T1,1,100,37.287
1715672298.222408,3595466.000,64831,1,T1,1,100,37.337
1715672298.357636,3595595.000,64862,1,T1,1,100,37.288
1715672298.490768,3595722.000,64882,1,T1,1,100,37.444
1715672298.624948,3595850.000,64901,1,T1,1,100,37.405
1715672298.759128,3595978.000,64918,1,T1,1,100,37.281
1715672298.890163,3596103.000,64953,1,T1,1,100,37.264
1715672299.022247,3596229.000,64969,1,T1,1,100,37.185
1715672299.154330,3596355.000,64987,1,T1,1,100,37.186
1715672299.284317,3596479.000,65003,1,T1,1,100,37.329
1715672299.419545,3596608.000,65038,1,T1,1,100,37.355
1715672299.554774,3596737.000,65057,1,T1,1,100,37.366
1715672299.687906,3596864.000,65073,1,T1,1,100,37.371
1715672299.822086,3596992.000,65091,1,T1,1,100,37.302
1715672299.954169,3597118.000,65122,1,T1,1,100,37.379
1715672300.085204,3597243.000,65138,1,T1,1,100,37.235
1715672300.217288,3597369.000,65159,1,T1,1,100,37.208
1715672300.350420,3597496.000,65177,1,T1,1,100,37.303
1715672300.483552,3597623.000,65209,1,T1,1,100,37.344
1715672300.618780,3597752.000,65226,1,T1,1,100,37.326
1715672300.752960,3597880.000,65242,1,T1,1,100,37.283
1715672300.887140,3598008.000,65262,1,T1,1,100,37.335
1715672301.020272,3598135.000,65295,1,T1,1,100,37.287
1715672301.153404,3598262.000,65312,1,T1,1,100,37.337
1715672301.284439,3598387.000,65329,1,T1,1,100,37.429
1715672301.418619,3598515.000,65345,1,T1,1,100,37.292
1715672301.550703,3598641.000,65370,1,T1,1,100,37.339
1715672301.685931,3598770.000,65386,1,T1,1,100,37.395
1715672301.819063,3598897.000,65404,1,T1,1,100,37.384
1715672301.953243,3599025.000,65423,1,T1,1,100,37.343
1715672302.087423,3599153.000,65440,1,T1,1,100,37.219
1715672302.218458,3599278.000,65474,1,T1,1,100,37.308
1715672302.350542,3599404.000,65490,1,T1,1,100,37.275
1715672302.482625,3599530.000,65508,1,T1,1,100,37.332
1715672302.612612,3599654.000,65524,1,T1,1,100,37.285
1715672302.747840,3599783.000,20,1,T1,1,100,37.265
1715672302.883069,3599912.000,40,1,T1,1,100,37.363
1715672303.016201,3600039.000,56,1,T1,1,100,37.299
1715672303.150381,3600167.000,90,1,T1,1,100,37.271
1715672303.282464,3600293.000,107,1,T1,1,100,37.330
1715672303.414547,3600419.000,126,1,T1,1,100,37.320
1715672303.546631,3600545.000,144,1,T1,1,100,37.316
1715672303.679763,3600672.000,175,1,T1,1,100,37.243
1715672303.812895,3600799.000,192,1,T1,1,100,37.282
1715672303.948123,3600928.000,209,1,T1,1,100,37.264
1715672304.082303,3601056.000,225,1,T1,1,100,37.292
1715672304.216483,3601184.000,262,1,T1,1,100,37.374
1715672304.349615,3601311.000,279,1,T1,1,100,37.375
1715672304.482747,3601438.000,296,1,T1,1,100,37.339
1715672304.613782,3601563.000,313,1,T1,1,100,37.395
1715672304.746914,3601690.000,348,1,T1,1,100,37.419
1715672304.878997,3601816.000,364,1,T1,1,100,37.288
1715672305.014226,3601945.000,381,1,T1,1,100,37.302
1715672305.147357,3602072.000,398,1,T1,1,100,37.272
1715672305.281538,3602200.000,429,1,T1,1,100,37.295
1715672305.415718,3602328.000,452,1,T1,1,100,37.270
1715672305.546753,3602453.000,468,1,T1,1,100,37.400
1715672305.678836,3602579.000,485,1,T1,1,100,37.315
1715672305.810920,3602705.000,502,1,T1,1,100,37.314
1715672305.940907,3602829.000,524,1,T1,1,100,37.384
1715672306.076135,3602958.000,540,1,T1,1,100,37.379
1715672306.211364,3603087.000,572,1,T1,1,100,37.235
1715672306.344495,3603214.000,591,1,T1,1,100,37.208
1715672306.478675,3603342.000,608,1,T1,1,100,37.338
1715672306.611807,3603469.000,625,1,T1,1,100,37.359
1715672306.743891,3603595.000,657,1,T1,1,100,37.262
1715672306.875974,3603721.000,681,1,T1,1,100,37.326
1715672307.009106,3603848.000,698,1,T1,1,100,37.354
1715672307.141189,3603974.000,715,1,T1,1,100,37.295
1715672307.276418,3604103.000,749,1,T1,1,100,37.305
1715672307.410598,3604231.000,767,1,T1,1,100,37.380
1715672307.544778,3604359.000,785,1,T1,1,100,37.235
1715672307.677910,3604486.000,802,1,T1,1,100,37.173
1715672307.811042,3604613.000,834,1,T1,1,100,37.217
1715672307.942077,3604738.000,850,1,T1,1,100,37.306
1715672308.074160,3604864.000,870,1,T1,1,100,37.310
1715672308.206244,3604990.000,887,1,T1,1,100,37.382
1715672308.341472,3605119.000,918,1,T1,1,100,37.272
1715672308.474604,3605246.000,936,1,T1,1,100,37.189
1715672308.608784,3605374.000,954,1,T1,1,100,37.223
1715672308.742964,3605502.000,971,1,T1,1,100,37.345
1715672308.873999,3605627.000,1003,1,T1,1,100,37.326
1715672309.007131,3605754.000,1019,1,T1,1,100,37.212
1715672309.139215,3605880.000,1037,1,T1,1,100,37.163
1715672309.269202,3606004.000,1056,1,T1,1,100,37.283
1715672309.404430,3606133.000,1088,1,T1,1,100,37.264
1715672309.538610,3606261.000,1107,1,T1,1,100,37.292
1715672309.671742,3606388.000,1123,1,T1,1,100,37.268
1715672309.805922,3606516.000,1141,1,T1,1,100,37.329
1715672309.940102,3606644.000,1175,1,T1,1,100,37.320
1715672310.072186,3606770.000,1191,1,T1,1,100,37.386
1715672310.204269,3606896.000,1209,1,T1,1,100,37.415
1715672310.337401,3607023.000,1225,1,T1,1,100,37.357
1715672310.467388,3607147.000,1242,1,T1,1,100,37.261
1715672310.602616,3607276.000,1279,1,T1,1,100,37.361
1715672310.736796,3607404.000,1295,1,T1,1,100,37.334
1715672310.870976,3607532.000,1315,1,T1,1,100,37.286
1715672311.004108,3607659.000,1346,1,T1,1,100,37.337
1715672311.137240,3607786.000,1363,1,T1,1,100,37.358
1715672311.268275,3607911.000,1380,1,T1,1,100,37.368
1715672311.399310,3608036.000,1396,1,T1,1,100,37.301
1715672311.531394,3608162.000,1414,1,T1,1,100,37.343
1715672311.666622,3608291.000,1445,1,T1,1,100,37.290
1715672311.799754,3608418.000,1464,1,T1,1,100,37.303
1715672311.933934,3608546.000,1484,1,T1,1,100,37.273
1715672312.068114,3608674.000,1516,1,T1,1,100,37.295
1715672312.199149,3608799.000,1537,1,T1,1,100,37.341
1715672312.333329,3608927.000,1554,1,T1,1,100,37.360
1715672312.465413,3609053.000,1571,1,T1,1,100,37.191
1715672312.595400,3609177.000,1588,1,T1,1,100,37.296
1715672312.729580,3609305.000,1622,1,T1,1,100,37.305
1715672312.863760,3609433.000,1638,1,T1,1,100,37.345
1715672312.996892,3609560.000,1655,1,T1,1,100,37.362
1715672313.131072,3609688.000,1675,1,T1,1,100,37.298
1715672313.265252,3609816.000,1706,1,T1,1,100,37.377
1715672313.397335,3609942.000,1724,1,T1,1,100,37.411
1715672313.529419,3610068.000,1740,1,T1,1,100,37.284
1715672313.661502,3610194.000,1757,1,T1,1,100,37.300
1715672313.791489,3610318.000,1792,1,T1,1,100,37.378
1715672313.926718,3610447.000,1810,1,T1,1,100,37.376
1715672314.060898,3610575.000,1827,1,T1,1,100,37.340
1715672314.195078,3610703.000,1844,1,T1,1,100,37.254
1715672314.328210,3610830.000,1875,1,T1,1,100,37.287
1715672314.461341,3610957.000,1893,1,T1,1,100,37.337
1715672314.593425,3611083.000,1912,1,T1,1,100,37.288
1715672314.724460,3611208.000,1929,1,T1,1,100,37.408
1715672314.856544,3611334.000,1946,1,T1,1,100,37.318
1715672314.991772,3611463.000,1979,1,T1,1,100,37.457
1715672315.124904,3611590.000,2000,1,T1,1,100,37.375
1715672315.259084,3611718.000,2016,1,T1,1,100,37.375
1715672315.393264,3611846.000,2033,1,T1,1,100,37.340
1715672315.525347,3611972.000,2065,1,T1,1,100,37.360
1715672315.659528,3612100.000,2081,1,T1,1,100,37.333
1715672315.791611,3612226.000,2099,1,T1,1,100,37.250
1715672315.921598,3612350.000,2120,1,T1,1,100,37.215
1715672316.054730,3612477.000,2154,1,T1,1,100,37.341
1715672316.188910,3612605.000,2171,1,T1,1,100,37.325
1715672316.322042,3612732.000,2187,1,T1,1,100,37.318
1715672316.456222,3612860.000,2204,1,T1,1,100,37.386
1715672316.590402,3612988.000,2239,1,T1,1,100,37.380
1715672316.722485,3613114.000,2255,1,T1,1,100,37.306
1715672316.854569,3613240.000,2273,1,T1,1,100,37.345
1715672316.986652,3613366.000,2289,1,T1,1,100,37.362
1715672317.116639,3613490.000,2310,1,T1,1,100,37.405
1715672317.251868,3613619.000,2343,1,T1,1,100,37.388
1715672317.386048,3613747.000,2359,1,T1,1,100,37.345
1715672317.520228,3613875.000,2377,1,T1,1,100,37.327
1715672317.653360,3614002.000,2402,1,T1,1,100,37.319
1715672317.786491,3614129.000,2419,1,T1,1,100,37.422
1715672317.920671,3614257.000,2436,1,T1,1,100,37.360
1715672318.051707,3614382.000,2454,1,T1,1,100,37.333
1715672318.183790,3614508.000,2472,1,T1,1,100,37.215
1715672318.319019,3614637.000,2503,1,T1,1,100,37.341
1715672318.451102,3614763.000,2520,1,T1,1,100,37.289
1715672318.585282,3614891.000,2540,1,T1,1,100,37.338
1715672318.719462,3615019.000,2556,1,T1,1,100,37.288
1715672318.852594,3615146.000,2588,1,T1,1,100,37.302
1715672318.986774,3615274.000,2608,1,T1,1,100,37.308
1715672319.118858,3615400.000,2627,1,T1,1,100,37.311
1715672319.248845,3615524.000,2644,1,T1,1,100,37.312
1715672319.380928,3615650.000,2676,1,T1,1,100,37.312
1715672319.515108,3615778.000,2692,1,T1,1,100,37.312
1715672319.648240,3615905.000,2709,1,T1,1,100,37.277
1715672319.782420,3616033.000,2729,1,T1,1,100,37.297
1715672319.916600,3616161.000,2760,1,T1,1,100,37.306
1715672320.048684,3616287.000,2779,1,T1,1,100,37.345
1715672320.181815,3616414.000,2796,1,T1,1,100,37.256
1715672320.313899,3616540.000,2813,1,T1,1,100,37.217
1715672320.443886,3616664.000,2845,1,T1,1,100,37.307
1715672320.579114,3616793.000,2861,1,T1,1,100,37.275
1715672320.712246,3616920.000,2878,1,T1,1,100,37.261
1715672320.846426,3617048.000,2897,1,T1,1,100,37.290
1715672320.979558,3617175.000,2931,1,T1,1,100,37.267
1715672321.113738,3617303.000,2949,1,T1,1,100,37.364
1715672321.247918,3617431.000,2967,1,T1,1,100,37.335
1715672321.378953,3617556.000,2984,1,T1,1,100,37.251
1715672321.511037,3617682.000,3016,1,T1,1,100,37.286
1715672321.644169,3617809.000,3032,1,T1,1,100,37.336
1715672321.776252,3617935.000,3050,1,T1,1,100,37.323
1715672321.910432,3618063.000,3066,1,T1,1,100,37.352
1715672322.044612,3618191.000,3098,1,T1,1,100,37.330
1715672322.177744,3618318.000,3115,1,T1,1,100,37.391
1715672322.311924,3618446.000,3136,1,T1,1,100,37.453
1715672322.444008,3618572.000,3153,1,T1,1,100,37.444
1715672322.575043,3618697.000,3185,1,T1,1,100,37.299
1715672322.707126,3618823.000,3201,1,T1,1,100,37.342
1715672322.841306,3618951.000,3222,1,T1,1,100,37.325
1715672322.974438,3619078.000,3241,1,T1,1,100,37.318
1715672323.108618,3619206.000,3273,1,T1,1,100,37.315
1715672323.242798,3619334.000,3290,1,T1,1,100,37.314
1715672323.374882,3619460.000,3308,1,T1,1,100,37.384
1715672323.509062,3619588.000,3326,1,T1,1,100,37.343
1715672323.641145,3619714.000,3360,1,T1,1,100,37.219
1715672323.771132,3619838.000,3377,1,T1,1,100,37.343
1715672323.906361,3619967.000,3394,1,T1,1,100,37.326
1715672324.038444,3620093.000,3410,1,T1,1,100,37.318
1715672324.172624,3620221.000,3431,1,T1,1,100,37.244
1715672324.305756,3620348.000,3462,1,T1,1,100,37.318
1715672324.439936,3620476.000,3479,1,T1,1,100,37.315
1715672324.574116,3620604.000,3498,1,T1,1,100,37.314
1715672324.705151,3620729.000,3514,1,T1,1,100,37.313
1715672324.837235,3620855.000,3549,1,T1,1,100,37.277
1715672324.969318,3620981.000,3566,1,T1,1,100,37.262
1715672325.101402,3621107.000,3583,1,T1,1,100,37.361
1715672325.235582,3621235.000,3600,1,T1,1,100,37.369
1715672325.369762,3621363.000,3635,1,T1,1,100,37.372
1715672325.502894,3621490.000,3651,1,T1,1,100,37.303
1715672325.637074,3621618.000,3670,1,T1,1,100,37.344
1715672325.769157,3621744.000,3687,1,T1,1,100,37.397
1715672325.901241,3621870.000,3720,1,T1,1,100,37.314
1715672326.033324,3621996.000,3737,1,T1,1,100,37.348
1715672326.167505,3622124.000,3757,1,T1,1,100,37.328
1715672326.300636,3622251.000,3774,1,T1,1,100,37.355
1715672326.434816,3622379.000,3790,1,T1,1,100,37.402
1715672326.568996,3622507.000,3824,1,T1,1,100,37.351
1715672326.702128,3622634.000,3841,1,T1,1,100,37.329
1715672326.837357,3622763.000,3861,1,T1,1,100,37.426
1715672326.969440,3622889.000,3878,1,T1,1,100,37.291
1715672327.099427,3623013.000,3910,1,T1,1,100,37.303
1715672327.233607,3623141.000,3926,1,T1,1,100,37.344
1715672327.365691,3623267.000,3946,1,T1,1,100,37.291
1715672327.499871,3623395.000,3963,1,T1,1,100,37.480
1715672327.633003,3623522.000,3996,1,T1,1,100,37.385
1715672327.767183,3623650.000,4014,1,T1,1,100,37.379
1715672327.901363,3623778.000,4030,1,T1,1,100,37.554
1715672328.032398,3623903.000,4050,1,T1,1,100,37.453
1715672328.164481,3624029.000,4082,1,T1,1,100,37.409
1715672328.296565,3624155.000,4103,1,T1,1,100,37.319
1715672328.428648,3624281.000,4121,1,T1,1,100,37.386
1715672328.562829,3624409.000,4137,1,T1,1,100,37.380
1715672328.695960,3624536.000,4157,1,T1,1,100,37.306
1715672328.830140,3624664.000,4176,1,T1,1,100,37.310
1715672328.964320,3624792.000,4207,1,T1,1,100,37.382
1715672329.098500,3624920.000,4225,1,T1,1,100,37.378
1715672329.230584,3625046.000,4241,1,T1,1,100,37.376
1715672329.362668,3625172.000,4276,1,T1,1,100,37.411
1715672329.496848,3625300.000,4293,1,T1,1,100,37.391
1715672329.628931,3625426.000,4309,1,T1,1,100,37.346
1715672329.763111,3625554.000,4329,1,T1,1,100,37.292
1715672329.897291,3625682.000,4345,1,T1,1,100,37.303
1715672330.030423,3625809.000,4380,1,T1,1,100,37.309
1715672330.165652,3625938.000,4397,1,T1,1,100,37.346
1715672330.297735,3626064.000,4413,1,T1,1,100,37.363
1715672330.427722,3626188.000,4431,1,T1,1,100,37.405
1715672330.560854,3626315.000,4462,1,T1,1,100,37.282
1715672330.692937,3626441.000,4478,1,T1,1,100,37.406
1715672330.827117,3626569.000,4498,1,T1,1,100,37.424
1715672330.960249,3626696.000,4516,1,T1,1,100,37.361
1715672331.094429,3626824.000,4548,1,T1,1,100,37.475
1715672331.228609,3626952.000,4568,1,T1,1,100,37.347
1715672331.359644,3627077.000,4584,1,T1,1,100,37.363
1715672331.493824,3627205.000,4602,1,T1,1,100,37.370
1715672331.625908,3627331.000,4633,1,T1,1,100,37.373
1715672331.757992,3627457.000,4650,1,T1,1,100,37.268
1715672331.892172,3627585.000,4667,1,T1,1,100,37.293
1715672332.025303,3627712.000,4685,1,T1,1,100,37.375
1715672332.159483,3627840.000,4717,1,T1,1,100,37.304
1715672332.293664,3627968.000,4734,1,T1,1,100,37.451
1715672332.427844,3628096.000,4751,1,T1,1,100,37.443
1715672332.559927,3628222.000,4771,1,T1,1,100,37.440
1715672332.692011,3628348.000,4787,1,T1,1,100,37.368
1715672332.826191,3628476.000,4819,1,T1,1,100,37.372
1715672332.957226,3628601.000,4836,1,T1,1,100,37.338
1715672333.091406,3628729.000,4856,1,T1,1,100,37.253
1715672333.225586,3628857.000,4889,1,T1,1,100,37.322
1715672333.358718,3628984.000,4907,1,T1,1,100,37.317
1715672333.493946,3629113.000,4923,1,T1,1,100,37.421
1715672333.626030,3629239.000,4940,1,T1,1,100,37.324
1715672333.756017,3629363.000,4961,1,T1,1,100,37.388
1715672333.889148,3629490.000,4996,1,T1,1,100,37.416
1715672334.021232,3629616.000,5013,1,T1,1,100,37.428
1715672334.155412,3629744.000,5030,1,T1,1,100,37.434
1715672334.288544,3629871.000,5066,1,T1,1,100,37.400
1715672334.422724,3629999.000,5084,1,T1,1,100,37.386
1715672334.556904,3630127.000,5100,1,T1,1,100,37.415
1715672334.687939,3630252.000,5117,1,T1,1,100,37.357
1715672334.822119,3630380.000,5134,1,T1,1,100,37.403
1715672334.954203,3630506.000,5165,1,T1,1,100,37.422
1715672335.086286,3630632.000,5186,1,T1,1,100,37.360
1715672335.219418,3630759.000,5202,1,T1,1,100,37.333
1715672335.352550,3630886.000,5236,1,T1,1,100,37.250
1715672335.485682,3631013.000,5253,1,T1,1,100,37.321
1715672335.619862,3631141.000,5272,1,T1,1,100,37.352
1715672335.754042,3631269.000,5290,1,T1,1,100,37.329
1715672335.886125,3631395.000,5323,1,T1,1,100,37.284
1715672336.018209,3631521.000,5340,1,T1,1,100,37.265
1715672336.151341,3631648.000,5359,1,T1,1,100,37.256
1715672336.282376,3631773.000,5375,1,T1,1,100,37.288
1715672336.416556,3631901.000,5410,1,T1,1,100,37.302
1715672336.550736,3632029.000,5427,1,T1,1,100,37.202
1715672336.683868,3632156.000,5443,1,T1,1,100,37.158
1715672336.819096,3632285.000,5461,1,T1,1,100,37.210
1715672336.951180,3632411.000,5495,1,T1,1,100,37.375
1715672337.082215,3632536.000,5512,1,T1,1,100,37.410
1715672337.215347,3632663.000,5531,1,T1,1,100,37.426
1715672337.347430,3632789.000,5547,1,T1,1,100,37.361
1715672337.481610,3632917.000,5579,1,T1,1,100,37.298
1715672337.614742,3633044.000,5596,1,T1,1,100,37.413
1715672337.748922,3633172.000,5613,1,T1,1,100,37.214
1715672337.883102,3633300.000,5630,1,T1,1,100,37.305
1715672338.016234,3633427.000,5651,1,T1,1,100,37.345
1715672338.150414,3633555.000,5669,1,T1,1,100,37.397
1715672338.282498,3633681.000,5686,1,T1,1,100,37.349
1715672338.414581,3633807.000,5703,1,T1,1,100,37.293
1715672338.547713,3633934.000,5720,1,T1,1,100,37.269
1715672338.680845,3634061.000,5752,1,T1,1,100,37.258
1715672338.813977,3634188.000,5768,1,T1,1,100,37.253
1715672338.948157,3634316.000,5785,1,T1,1,100,37.252
1715672339.082337,3634444.000,5810,1,T1,1,100,37.392
1715672339.214420,3634570.000,5827,1,T1,1,100,37.383
1715672339.346504,3634696.000,5861,1,T1,1,100,37.307
1715672339.479635,3634823.000,5880,1,T1,1,100,37.275
1715672339.610671,3634948.000,5897,1,T1,1,100,37.367
1715672339.744851,3635076.000,5914,1,T1,1,100,37.372
1715672339.879031,3635204.000,5945,1,T1,1,100,37.338
1715672340.012163,3635331.000,5962,1,T1,1,100,37.324
1715672340.147391,3635460.000,5979,1,T1,1,100,37.353
1715672340.279474,3635586.000,5999,1,T1,1,100,37.436
1715672340.410510,3635711.000,6033,1,T1,1,100,37.402
1715672340.543642,3635838.000,6049,1,T1,1,100,37.386
1715672340.675725,3635964.000,6066,1,T1,1,100,37.380
1715672340.809905,3636092.000,6083,1,T1,1,100,37.413
1715672340.943037,3636219.000,6116,1,T1,1,100,37.427
1715672341.077217,3636347.000,6134,1,T1,1,100,37.433
1715672341.211397,3636475.000,6150,1,T1,1,100,37.435
1715672341.343481,3636601.000,6182,1,T1,1,100,37.401
1715672341.477661,3636729.000,6201,1,T1,1,100,37.386
1715672341.609744,3636855.000,6220,1,T1,1,100,37.344
1715672341.741828,3636981.000,6238,1,T1,1,100,37.433
1715672341.873911,3637107.000,6254,1,T1,1,100,37.435
1715672342.007043,3637234.000,6286,1,T1,1,100,37.401
1715672342.140175,3637361.000,6306,1,T1,1,100,37.457
1715672342.274355,3637489.000,6322,1,T1,1,100,37.446
1715672342.408535,3637617.000,6340,1,T1,1,100,37.406
1715672342.540618,3637743.000,6373,1,T1,1,100,37.246
1715672342.672702,3637869.000,6389,1,T1,1,100,37.319
1715672342.804785,3637995.000,6410,1,T1,1,100,37.386
1715672342.935821,3638120.000,6426,1,T1,1,100,37.380
1715672343.070001,3638248.000,6458,1,T1,1,100,37.342
1715672343.204181,3638376.000,6475,1,T1,1,100,37.502
1715672343.337313,3638503.000,6494,1,T1,1,100,37.395
1715672343.472541,3638632.000,6512,1,T1,1,100,37.419
1715672343.604625,3638758.000,6545,1,T1,1,100,37.465
1715672343.736708,3638884.000,6562,1,T1,1,100,37.414
1715672343.869840,3639011.000,6579,1,T1,1,100,37.392
1715672344.001923,3639137.000,6595,1,T1,1,100,37.382
1715672344.136103,3639265.000,6616,1,T1,1,100,37.343
1715672344.269235,3639392.000,6647,1,T1,1,100,37.361
1715672344.403415,3639520.000,6669,1,T1,1,100,37.404
1715672344.537595,3639648.000,6686,1,T1,1,100,37.388
1715672344.670727,3639775.000,6705,1,T1,1,100,37.381
1715672344.804907,3639903.000,6739,1,T1,1,100,37.377
1715672344.936991,3640029.000,6756,1,T1,1,100,37.305
1715672345.069074,3640155.000,6773,1,T1,1,100,37.345
1715672345.201158,3640281.000,6790,1,T1,1,100,37.397
1715672345.334290,3640408.000,6825,1,T1,1,100,37.349
1715672345.467421,3640535.000,6841,1,T1,1,100,37.435
1715672345.601601,3640663.000,6858,1,T1,1,100,37.436
1715672345.735781,3640791.000,6875,1,T1,1,100,37.366
1715672345.867865,3640917.000,6910,1,T1,1,100,37.336
1715672345.999949,3641043.000,6927,1,T1,1,100,37.358
1715672346.132032,3641169.000,6944,1,T1,1,100,37.332
1715672346.263067,3641294.000,6961,1,T1,1,100,37.356
1715672346.397247,3641422.000,6993,1,T1,1,100,37.367
1715672346.531427,3641550.000,7009,1,T1,1,100,37.407
1715672346.664559,3641677.000,7029,1,T1,1,100,37.389
1715672346.799788,3641806.000,7046,1,T1,1,100,37.381
1715672346.931871,3641932.000,7079,1,T1,1,100,37.271
1715672347.063955,3642058.000,7097,1,T1,1,100,37.224
1715672347.197086,3642185.000,7113,1,T1,1,100,37.239
1715672347.329170,3642311.000,7130,1,T1,1,100,37.174
1715672347.463350,3642439.000,7162,1,T1,1,100,37.324
1715672347.596482,3642566.000,7178,1,T1,1,100,37.211
1715672347.730662,3642694.000,7196,1,T1,1,100,37.339
1715672347.864842,3642822.000,7212,1,T1,1,100,37.431
1715672347.997974,3642949.000,7249,1,T1,1,100,37.364
1715672348.132154,3643077.000,7266,1,T1,1,100,37.299
1715672348.264237,3643203.000,7282,1,T1,1,100,37.378
1715672348.396321,3643329.000,7299,1,T1,1,100,37.447
1715672348.527356,3643454.000,7334,1,T1,1,100,37.406
1715672348.660488,3643581.000,7350,1,T1,1,100,37.247
1715672348.793619,3643708.000,7368,1,T1,1,100,37.461
1715672348.927800,3643836.000,7384,1,T1,1,100,37.448
1715672349.061980,3643964.000,7416,1,T1,1,100,37.406
1715672349.194063,3644090.000,7435,1,T1,1,100,37.424
1715672349.326147,3644216.000,7454,1,T1,1,100,37.503
1715672349.459279,3644343.000,7472,1,T1,1,100,37.395
1715672349.590314,3644468.000,7503,1,T1,1,100,37.454
1715672349.724494,3644596.000,7520,1,T1,1,100,37.338
1715672349.858674,3644724.000,7542,1,T1,1,100,37.288
1715672349.991806,3644851.000,7561,1,T1,1,100,37.231
1715672350.127034,3644980.000,7593,1,T1,1,100,37.384
1715672350.259118,3645106.000,7610,1,T1,1,100,37.308
1715672350.392249,3645233.000,7629,1,T1,1,100,37.240
1715672350.525381,3645360.000,7646,1,T1,1,100,37.423
1715672350.657465,3645486.000,7681,1,T1,1,100,37.325
1715672350.790596,3645613.000,7699,1,T1,1,100,37.353
1715672350.923728,3645740.000,7716,1,T1,1,100,37.366
1715672351.057908,3645868.000,7732,1,T1,1,100,37.300
1715672351.192088,3645996.000,7767,1,T1,1,100,37.343
1715672351.325220,3646123.000,7784,1,T1,1,100,37.326
1715672351.459400,3646251.000,7803,1,T1,1,100,37.318
1715672351.591484,3646377.000,7820,1,T1,1,100,37.350
1715672351.722519,3646502.000,7852,1,T1,1,100,37.364
1715672351.853554,3646627.000,7871,1,T1,1,100,37.335
1715672351.986686,3646754.000,7888,1,T1,1,100,37.322
1715672352.119818,3646881.000,7905,1,T1,1,100,37.281
1715672352.253998,3647009.000,7936,1,T1,1,100,37.370
1715672352.387130,3647136.000,7954,1,T1,1,100,37.373
1715672352.520261,3647263.000,7973,1,T1,1,100,37.339
1715672352.653393,3647390.000,7992,1,T1,1,100,37.359
1715672352.786525,3647517.000,8024,1,T1,1,100,37.404
1715672352.917560,3647642.000,8040,1,T1,1,100,37.423
1715672353.051740,3647770.000,8058,1,T1,1,100,37.360
1715672353.185920,3647898.000,8074,1,T1,1,100,37.333
1715672353.319052,3648025.000,8109,1,T1,1,100,37.357
1715672353.454281,3648154.000,8126,1,T1,1,100,37.296
1715672353.587412,3648281.000,8142,1,T1,1,100,37.341
1715672353.720544,3648408.000,8159,1,T1,1,100,37.396
1715672353.853676,3648535.000,8196,1,T1,1,100,37.349
1715672353.985759,3648661.000,8212,1,T1,1,100,37.364
1715672354.117843,3648787.000,8230,1,T1,1,100,37.405
1715672354.250975,3648914.000,8246,1,T1,1,100,37.282
1715672354.385155,3649042.000,8281,1,T1,1,100,37.406
1715672354.519335,3649170.000,8298,1,T1,1,100,37.459
1715672354.652467,3649297.000,8314,1,T1,1,100,37.447
1715672354.786647,3649425.000,8348,1,T1,1,100,37.371
1715672354.918730,3649551.000,8368,1,T1,1,100,37.338
1715672355.049765,3649676.000,8385,1,T1,1,100,37.359
1715672355.180801,3649801.000,8407,1,T1,1,100,37.403
1715672355.313932,3649928.000,8423,1,T1,1,100,37.352
1715672355.447064,3650055.000,8441,1,T1,1,100,37.330
1715672355.581244,3650183.000,8472,1,T1,1,100,37.320
1715672355.714376,3650310.000,8492,1,T1,1,100,37.351
1715672355.847508,3650437.000,8511,1,T1,1,100,37.329
1715672355.981688,3650565.000,8545,1,T1,1,100,37.355
1715672356.114820,3650692.000,8561,1,T1,1,100,37.296
1715672356.245855,3650817.000,8578,1,T1,1,100,37.341
1715672356.378987,3650944.000,8598,1,T1,1,100,37.360
1715672356.513167,3651072.000,8615,1,T1,1,100,37.404
1715672356.646299,3651199.000,8647,1,T1,1,100,37.388
1715672356.781527,3651328.000,8663,1,T1,1,100,37.487
1715672356.914659,3651455.000,8683,1,T1,1,100,37.494
1715672357.047791,3651582.000,8700,1,T1,1,100,37.427
1715672357.180923,3651709.000,8733,1,T1,1,100,37.468
1715672357.313006,3651835.000,8751,1,T1,1,100,37.415
1715672357.444041,3651960.000,8770,1,T1,1,100,37.499
1715672357.577173,3652087.000,8787,1,T1,1,100,37.393
1715672357.711353,3652215.000,8819,1,T1,1,100,37.383
1715672357.845533,3652343.000,8835,1,T1,1,100,37.414
1715672357.978665,3652470.000,8852,1,T1,1,100,37.392
1715672358.112845,3652598.000,8869,1,T1,1,100,37.382
1715672358.244928,3652724.000,8905,1,T1,1,100,37.378
1715672358.377012,3652850.000,8923,1,T1,1,100,37.447
1715672358.508047,3652975.000,8939,1,T1,1,100,37.406
1715672358.641179,3653102.000,8956,1,T1,1,100,37.282
1715672358.774311,3653229.000,8988,1,T1,1,100,37.406
1715672358.908491,3653357.000,9004,1,T1,1,100,37.459
1715672359.041623,3653484.000,9022,1,T1,1,100,37.447
1715672359.174754,3653611.000,9038,1,T1,1,100,37.406
1715672359.309983,3653740.000,9072,1,T1,1,100,37.318
1715672359.443115,3653867.000,9089,1,T1,1,100,37.350
1715672359.574150,3653992.000,9108,1,T1,1,100,37.293
1715672359.706233,3654118.000,9126,1,T1,1,100,37.375
1715672359.840413,3654246.000,9157,1,T1,1,100,37.340
1715672359.973545,3654373.000,9173,1,T1,1,100,37.324
1715672360.108773,3654502.000,9191,1,T1,1,100,37.176
1715672360.241905,3654629.000,9207,1,T1,1,100,37.218
1715672360.375037,3654756.000,9241,1,T1,1,100,37.236
1715672360.508169,3654883.000,9263,1,T1,1,100,37.315
1715672360.639204,3655008.000,9279,1,T1,1,100,37.349
1715672360.770239,3655133.000,9299,1,T1,1,100,37.293
1715672360.903371,3655260.000,9318,1,T1,1,100,37.339
1715672361.037551,3655388.000,9350,1,T1,1,100,37.431
1715672361.171731,3655516.000,9367,1,T1,1,100,37.328
1715672361.304863,3655643.000,9383,1,T1,1,100,37.355
1715672361.439043,3655771.000,9404,1,T1,1,100,37.366
1715672361.572175,3655898.000,9437,1,T1,1,100,37.442
1715672361.704258,3656024.000,9454,1,T1,1,100,37.439
1715672361.835294,3656149.000,9471,1,T1,1,100,37.367
1715672361.968426,3656276.000,9487,1,T1,1,100,37.372
1715672362.101557,3656403.000,9522,1,T1,1,100,37.445
1715672362.235737,3656531.000,9539,1,T1,1,100,37.334
1715672362.368869,3656658.000,9556,1,T1,1,100,37.322
1715672362.502001,3656785.000,9573,1,T1,1,100,37.317
1715672362.637229,3656914.000,9607,1,T1,1,100,37.421
1715672362.770361,3657041.000,9623,1,T1,1,100,37.324
1715672362.901396,3657166.000,9640,1,T1,1,100,37.459
1715672363.032432,3657291.000,9656,1,T1,1,100,37.482
1715672363.166612,3657419.000,9688,1,T1,1,100,37.386
1715672363.299743,3657546.000,9705,1,T1,1,100,37.415
1715672363.434972,3657675.000,9722,1,T1,1,100,37.463
1715672363.568104,3657802.000,9758,1,T1,1,100,37.342
1715672363.701235,3657929.000,9776,1,T1,1,100,37.254
1715672363.834367,3658056.000,9792,1,T1,1,100,37.287
1715672363.966451,3658182.000,9812,1,T1,1,100,37.266
1715672364.097486,3658307.000,9829,1,T1,1,100,37.328
1715672364.230618,3658434.000,9860,1,T1,1,100,37.284
1715672364.364798,3658562.000,9878,1,T1,1,100,37.406
1715672364.498978,3658690.000,9894,1,T1,1,100,37.460
1715672364.632110,3658817.000,9911,1,T1,1,100,37.447
1715672364.766290,3658945.000,9948,1,T1,1,100,37.371
1715672364.901518,3659074.000,9964,1,T1,1,100,37.373
1715672365.033602,3659200.000,9982,1,T1,1,100,37.374
1715672365.164637,3659325.000,10013,1,T1,1,100,37.410
1715672365.296720,3659451.000,10030,1,T1,1,100,37.390
1715672365.429852,3659578.000,10047,1,T1,1,100,37.382
1715672365.564032,3659706.000,10063,1,T1,1,100,37.378
1715672365.697164,3659833.000,10097,1,T1,1,100,37.412
1715672365.831868,3659961.500,10123,2,T1,1,100,37.497
1715672365.966572,3660090.000,10123,2,T1,1,100,37.392
1715672366.099704,3660217.000,10140,1,T1,1,100,37.453
1715672366.230739,3660342.000,10156,1,T1,1,100,37.444
1715672366.361775,3660467.000,10174,1,T1,1,100,37.440
1715672366.495955,3660595.000,10190,1,T1,1,100,37.368
1715672366.629086,3660722.000,10210,1,T1,1,100,37.407
1715672366.764315,3660851.000,10244,1,T1,1,100,37.460
1715672366.897447,3660978.000,10260,1,T1,1,100,37.376
1715672367.030578,3661105.000,10278,1,T1,1,100,37.234
1715672367.164758,3661233.000,10294,1,T1,1,100,37.349
1715672367.297890,3661360.000,10326,1,T1,1,100,37.258
1715672367.428926,3661485.000,10346,1,T1,1,100,37.360
1715672367.562057,3661612.000,10362,1,T1,1,100,37.333
1715672367.694141,3661738.000,10383,1,T1,1,100,37.357
1715672367.828321,3661866.000,10401,1,T1,1,100,37.332
1715672367.962501,3661994.000,10418,1,T1,1,100,37.179
1715672368.096681,3662122.000,10450,1,T1,1,100,37.361
1715672368.231910,3662251.000,10466,1,T1,1,100,37.263
1715672368.363993,3662377.000,10484,1,T1,1,100,37.397
1715672368.495028,3662502.000,10500,1,T1,1,100,37.420
1715672368.625015,3662626.000,10535,1,T1,1,100,37.395
1715672368.758147,3662753.000,10552,1,T1,1,100,37.348
1715672368.892327,3662881.000,10570,1,T1,1,100,37.292
1715672369.025459,3663008.000,10588,1,T1,1,100,37.375
1715672369.159639,3663136.000,10622,1,T1,1,100,37.375
1715672369.294867,3663265.000,10638,1,T1,1,100,37.481
1715672369.427999,3663392.000,10656,1,T1,1,100,37.315
1715672369.560082,3663518.000,10672,1,T1,1,100,37.243
1715672369.692690,3663644.500,10710,2,T1,1,100,37.389
1715672369.825298,3663771.000,10710,2,T1,1,100,37.452
1715672369.958430,3663898.000,10727,1,T1,1,100,37.337
1715672370.093658,3664027.000,10744,1,T1,1,100,37.323
1715672370.226790,3664154.000,10760,1,T1,1,100,37.388
1715672370.359921,3664281.000,10781,1,T1,1,100,37.381
1715672370.495150,3664410.000,10797,1,T1,1,100,37.307
1715672370.628282,3664537.000,10829,1,T1,1,100,37.274
1715672370.759317,3664662.000,10848,1,T1,1,100,37.296
1715672370.891400,3664788.000,10864,1,T1,1,100,37.341
1715672371.023484,3664914.000,10882,1,T1,1,100,37.360
1715672371.157664,3665042.000,10918,1,T1,1,100,37.440
1715672371.290796,3665169.000,10940,1,T1,1,100,37.438
1715672371.424976,3665297.000,10957,1,T1,1,100,37.438
1715672371.560204,3665426.000,10973,1,T1,1,100,37.367
1715672371.692288,3665552.000,10994,1,T1,1,100,37.336
1715672371.823323,3665677.000,11025,1,T1,1,100,37.323
1715672371.953310,3665801.000,11041,1,T1,1,100,37.388
1715672372.086442,3665928.000,11059,1,T1,1,100,37.345
1715672372.220622,3666056.000,11075,1,T1,1,100,37.327
1715672372.353754,3666183.000,11097,1,T1,1,100,37.354
1715672372.487934,3666311.000,11129,1,T1,1,100,37.366
1715672372.623162,3666440.000,11145,1,T1,1,100,37.336
1715672372.756294,3666567.000,11163,1,T1,1,100,37.393
1715672372.889426,3666694.000,11194,1,T1,1,100,37.418
1715672373.020461,3666819.000,11214,1,T1,1,100,37.429
1715672373.154641,3666947.000,11231,1,T1,1,100,37.363
1715672373.286724,3667073.000,11247,1,T1,1,100,37.228
1715672373.421953,3667202.000,11267,1,T1,1,100,37.311
1715672373.555084,3667329.000,11298,1,T1,1,100,37.347
1715672373.688216,3667456.000,11318,1,T1,1,100,37.292
1715672373.823445,3667585.000,11335,1,T1,1,100,37.339
1715672373.956576,3667712.000,11351,1,T1,1,100,37.324
1715672374.087612,3667837.000,11386,1,T1,1,100,37.353
1715672374.218647,3667962.000,11403,1,T1,1,100,37.365
1715672374.350730,3668088.000,11420,1,T1,1,100,37.406
1715672374.484910,3668216.000,11437,1,T1,1,100,37.389
1715672374.618042,3668343.000,11471,1,T1,1,100,37.452
1715672374.752222,3668471.000,11487,1,T1,1,100,37.373
1715672374.887451,3668600.000,11504,1,T1,1,100,37.374
1715672375.019534,3668726.000,11524,1,T1,1,100,37.375
1715672375.151618,3668852.000,11555,1,T1,1,100,37.410
1715672375.281605,3668976.000,11573,1,T1,1,100,37.319
1715672375.414737,3669103.000,11589,1,T1,1,100,37.315
1715672375.548917,3669231.000,11606,1,T1,1,100,37.278
1715672375.682048,3669358.000,11642,1,T1,1,100,37.333
1715672375.816228,3669486.000,11658,1,T1,1,100,37.392
1715672375.951457,3669615.000,11675,1,T1,1,100,37.312
1715672376.085637,3669743.000,11692,1,T1,1,100,37.348
1715672376.218769,3669870.000,11712,1,T1,1,100,37.399
1715672376.349804,3669995.000,11744,1,T1,1,100,37.421
1715672376.483984,3670123.000,11760,1,T1,1,100,37.359
1715672376.615019,3670248.000,11777,1,T1,1,100,37.404
1715672376.750247,3670377.000,11804,1,T1,1,100,37.387
1715672376.883379,3670504.000,11835,1,T1,1,100,37.522
1715672377.016511,3670631.000,11853,1,T1,1,100,37.368
1715672377.151739,3670760.000,11869,1,T1,1,100,37.407
1715672377.284871,3670887.000,11886,1,T1,1,100,37.389
1715672377.415906,3671012.000,11921,1,T1,1,100,37.346
1715672377.546942,3671137.000,11937,1,T1,1,100,37.327
1715672377.679025,3671263.000,11957,1,T1,1,100,37.461
1715672377.813205,3671391.000,11973,1,T1,1,100,37.483
1715672377.946337,3671518.000,11990,1,T1,1,100,37.422
1715672378.080517,3671646.000,12010,1,T1,1,100,37.360
1715672378.215745,3671775.000,12041,1,T1,1,100,37.333
1715672378.347829,3671901.000,12059,1,T1,1,100,37.463
1715672378.480961,3672028.000,12075,1,T1,1,100,37.413
1715672378.610948,3672152.000,12092,1,T1,1,100,37.392
1715672378.744080,3672279.000,12126,1,T1,1,100,37.418
1715672378.878260,3672407.000,12145,1,T1,1,100,37.323
1715672379.011391,3672534.000,12163,1,T1,1,100,37.317
1715672379.145571,3672662.000,12194,1,T1,1,100,37.314
1715672379.280800,3672791.000,12214,1,T1,1,100,37.278
1715672379.416028,3672920.000,12231,1,T1,1,100,37.368
1715672379.549160,3673047.000,12247,1,T1,1,100,37.337
1715672379.680195,3673172.000,12267,1,T1,1,100,37.323
1715672379.814375,3673300.000,12298,1,T1,1,100,37.352
1715672379.945410,3673425.000,12315,1,T1,1,100,37.401
1715672380.080639,3673554.000,12332,1,T1,1,100,37.422
1715672380.213771,3673681.000,12351,1,T1,1,100,37.466
1715672380.346902,3673808.000,12383,1,T1,1,100,37.485
1715672380.482131,3673937.000,12400,1,T1,1,100,37.494
1715672380.615263,3674064.000,12418,1,T1,1,100,37.462
1715672380.746298,3674189.000,12441,1,T1,1,100,37.448
1715672380.877333,3674314.000,12472,1,T1,1,100,37.513
1715672381.009417,3674440.000,12489,1,T1,1,100,37.399
1715672381.143597,3674568.000,12506,1,T1,1,100,37.315
1715672381.276728,3674695.000,12522,1,T1,1,100,37.278
1715672381.410908,3674823.000,12543,1,T1,1,100,37.333
1715672381.546137,3674952.000,12576,1,T1,1,100,37.321
1715672381.678221,3675078.000,12593,1,T1,1,100,37.281
1715672381.811352,3675205.000,12610,1,T1,1,100,37.299
1715672381.941339,3675329.000,12629,1,T1,1,100,37.271
1715672382.074471,3675456.000,12652,1,T1,1,100,37.366
1715672382.207603,3675583.000,12668,1,T1,1,100,37.406
1715672382.340734,3675710.000,12700,1,T1,1,100,37.389
1715672382.474915,3675838.000,12719,1,T1,1,100,37.381
1715672382.610143,3675967.000,12735,1,T1,1,100,37.307
1715672382.745371,3676096.000,12756,1,T1,1,100,37.345
1715672382.878503,3676223.000,12787,1,T1,1,100,37.433
1715672383.009538,3676348.000,12804,1,T1,1,100,37.365
1715672383.142670,3676475.000,12823,1,T1,1,100,37.335
1715672383.273705,3676600.000,12842,1,T1,1,100,37.393
1715672383.408934,3676729.000,12874,1,T1,1,100,37.418
1715672383.542065,3676856.000,12891,1,T1,1,100,37.465
1715672383.675197,3676983.000,12908,1,T1,1,100,37.414
1715672383.810426,3677112.000,12925,1,T1,1,100,37.356
1715672383.943558,3677239.000,12960,1,T1,1,100,37.367
1715672384.074593,3677364.000,12978,1,T1,1,100,37.442
1715672384.205628,3677489.000,12995,1,T1,1,100,37.440
1715672384.337711,3677615.000,13012,1,T1,1,100,37.403
1715672384.471891,3677743.000,13046,1,T1,1,100,37.458
1715672384.605023,3677870.000,13063,1,T1,1,100,37.482
1715672384.739203,3677998.000,13080,1,T1,1,100,37.421
1715672384.874432,3678127.000,13097,1,T1,1,100,37.360
1715672385.006515,3678253.000,13129,1,T1,1,100,37.368
1715672385.140695,3678381.000,13145,1,T1,1,100,37.408
1715672385.270682,3678505.000,13167,1,T1,1,100,37.389
1715672385.403814,3678632.000,13184,1,T1,1,100,37.417
1715672385.536946,3678759.000,13215,1,T1,1,100,37.464
1715672385.670078,3678886.000,13233,1,T1,1,100,37.449
1715672385.804258,3679014.000,13254,1,T1,1,100,37.372
1715672385.939486,3679143.000,13271,1,T1,1,100,37.303
1715672386.073666,3679271.000,13303,1,T1,1,100,37.379
1715672386.207846,3679399.000,13321,1,T1,1,100,37.412
1715672386.338881,3679524.000,13339,1,T1,1,100,37.356
1715672386.472013,3679651.000,13355,1,T1,1,100,37.367
1715672386.603048,3679776.000,13390,1,T1,1,100,37.407
1715672386.738277,3679905.000,13407,1,T1,1,100,37.602
1715672386.871408,3680032.000,13423,1,T1,1,100,37.473
1715672387.004540,3680159.000,13440,1,T1,1,100,37.417
1715672387.139769,3680288.000,13475,1,T1,1,100,37.429
1715672387.272901,3680415.000,13493,1,T1,1,100,37.434
1715672387.403936,3680540.000,13516,1,T1,1,100,37.329
1715672387.534971,3680665.000,13532,1,T1,1,100,37.320
1715672387.667054,3680791.000,13550,1,T1,1,100,37.387
1715672387.801234,3680919.000,13566,1,T1,1,100,37.380
1715672387.934366,3681046.000,13601,1,T1,1,100,37.484
1715672388.068546,3681174.000,13618,1,T1,1,100,37.351
1715672388.203775,3681303.000,13634,1,T1,1,100,37.329
1715672388.335858,3681429.000,13671,1,T1,1,100,37.320
1715672388.470038,3681557.000,13688,1,T1,1,100,37.351
1715672388.600025,3681681.000,13704,1,T1,1,100,37.329
1715672388.733157,3681808.000,13722,1,T1,1,100,37.320
1715672388.865241,3681934.000,13753,1,T1,1,100,37.387
1715672388.998372,3682061.000,13773,1,T1,1,100,37.380
1715672389.132552,3682189.000,13790,1,T1,1,100,37.413
1715672389.267781,3682318.000,13806,1,T1,1,100,37.356
1715672389.401961,3682446.000,13840,1,T1,1,100,37.367
1715672389.536141,3682574.000,13860,1,T1,1,100,37.407
1715672389.667176,3682699.000,13877,1,T1,1,100,37.353
1715672389.799260,3682825.000,13894,1,T1,1,100,37.366
1715672389.930295,3682950.000,13910,1,T1,1,100,37.371
1715672390.065523,3683079.000,13942,1,T1,1,100,37.302
1715672390.198655,3683206.000,13959,1,T1,1,100,37.379
1715672390.331787,3683333.000,13976,1,T1,1,100,37.306
1715672390.467015,3683462.000,13998,1,T1,1,100,37.310
1715672390.600147,3683589.000,14030,1,T1,1,100,37.418
1715672390.732230,3683715.000,14048,1,T1,1,100,37.429
1715672390.863266,3683840.000,14065,1,T1,1,100,37.469
1715672390.995349,3683966.000,14084,1,T1,1,100,37.451
1715672391.129529,3684094.000,14116,1,T1,1,100,37.373
1715672391.262661,3684221.000,14133,1,T1,1,100,37.374
1715672391.396841,3684349.000,14150,1,T1,1,100,37.375
1715672391.532069,3684478.000,14183,1,T1,1,100,37.375
1715672391.665201,3684605.000,14201,1,T1,1,100,37.375
1715672391.799381,3684733.000,14220,1,T1,1,100,37.410
1715672391.929368,3684857.000,14237,1,T1,1,100,37.461
1715672392.062500,3684984.000,14269,1,T1,1,100,37.412
1715672392.193535,3685109.000,14288,1,T1,1,100,37.391
1715672392.326667,3685236.000,14306,1,T1,1,100,37.453
1715672392.460847,3685364.000,14324,1,T1,1,100,37.338
1715672392.596076,3685493.000,14356,1,T1,1,100,37.430
1715672392.730256,3685621.000,14378,1,T1,1,100,37.470
1715672392.864436,3685749.000,14397,1,T1,1,100,37.380
1715672392.995471,3685874.000,14415,1,T1,1,100,37.448
1715672393.127554,3686000.000,14431,1,T1,1,100,37.549
1715672393.258590,3686125.000,14448,1,T1,1,100,37.521
1715672393.393818,3686254.000,14485,1,T1,1,100,37.509
1715672393.526950,3686381.000,14501,1,T1,1,100,37.468
1715672393.660082,3686508.000,14519,1,T1,1,100,37.451
1715672393.795310,3686637.000,14535,1,T1,1,100,37.372
1715672393.928442,3686764.000,14567,1,T1,1,100,37.409
1715672394.061574,3686891.000,14584,1,T1,1,100,37.496
1715672394.192609,3687016.000,14602,1,T1,1,100,37.463
1715672394.324692,3687142.000,14622,1,T1,1,100,37.448
1715672394.458872,3687270.000,14654,1,T1,1,100,37.407
1715672394.592004,3687397.000,14670,1,T1,1,100,37.353
1715672394.726184,3687525.000,14688,1,T1,1,100,37.330
1715672394.861413,3687654.000,14704,1,T1,1,100,37.427
1715672394.994545,3687781.000,14736,1,T1,1,100,37.362
1715672395.128725,3687909.000,14755,1,T1,1,100,37.369
1715672395.258711,3688033.000,14771,1,T1,1,100,37.337
1715672395.390795,3688159.000,14806,1,T1,1,100,37.430
1715672395.521830,3688284.000,14823,1,T1,1,100,37.363
1715672395.654962,3688411.000,14840,1,T1,1,100,37.370
1715672395.789142,3688539.000,14859,1,T1,1,100,37.479
1715672395.924371,3688668.000,14891,1,T1,1,100,37.420
1715672396.058551,3688796.000,14912,1,T1,1,100,37.324
1715672396.192731,3688924.000,14929,1,T1,1,100,37.282
1715672396.324814,3689050.000,14946,1,T1,1,100,37.441
1715672396.456897,3689176.000,14977,1,T1,1,100,37.510
1715672396.587933,3689301.000,14995,1,T1,1,100,37.362
1715672396.723161,3689430.000,15014,1,T1,1,100,37.334
1715672396.856293,3689557.000,15031,1,T1,1,100,37.393
1715672396.989425,3689684.000,15048,1,T1,1,100,37.489
1715672397.124653,3689813.000,15081,1,T1,1,100,37.424
1715672397.257785,3689940.000,15098,1,T1,1,100,37.432
1715672397.391965,3690068.000,15118,1,T1,1,100,37.364
1715672397.523000,3690193.000,15135,1,T1,1,100,37.370
1715672397.655084,3690319.000,15167,1,T1,1,100,37.338
1715672397.787167,3690445.000,15183,1,T1,1,100,37.359
1715672397.920299,3690572.000,15200,1,T1,1,100,37.297
1715672398.054479,3690700.000,15217,1,T1,1,100,37.377
1715672398.189708,3690829.000,15244,1,T1,1,100,37.482
1715672398.322839,3690956.000,15276,1,T1,1,100,37.492
1715672398.457019,3691084.000,15292,1,T1,1,100,37.390
1715672398.587006,3691208.000,15309,1,T1,1,100,37.346
1715672398.719090,3691334.000,15326,1,T1,1,100,37.433
1715672398.850125,3691459.000,15357,1,T1,1,100,37.436
1715672398.983257,3691586.000,15375,1,T1,1,100,37.437
1715672399.117437,3691714.000,15391,1,T1,1,100,37.437
1715672399.252665,3691843.000,15408,1,T1,1,100,37.402
1715672399.386845,3691971.000,15442,1,T1,1,100,37.316
1715672399.521025,3692099.000,15458,1,T1,1,100,37.243
1715672399.654157,3692226.000,15476,1,T1,1,100,37.353
1715672399.786241,3692352.000,15492,1,T1,1,100,37.401
1715672399.917276,3692477.000,15527,1,T1,1,100,37.386
1715672400.052504,3692606.000,15544,1,T1,1,100,37.309
1715672400.185636,3692733.000,15560,1,T1,1,100,37.346
1715672400.318768,3692860.000,15580,1,T1,1,100,37.434
1715672400.453996,3692989.000,15611,1,T1,1,100,37.471
1715672400.588176,3693117.000,15630,1,T1,1,100,37.417
1715672400.722356,3693245.000,15650,1,T1,1,100,37.358
1715672400.853392,3693370.000,15666,1,T1,1,100,37.367
1715672400.985475,3693496.000,15683,1,T1,1,100,37.336
1715672401.116510,3693621.000,15702,1,T1,1,100,37.252
1715672401.249642,3693748.000,15719,1,T1,1,100,37.286
1715672401.383822,3693876.000,15738,1,T1,1,100,37.408
1715672401.519051,3694005.000,15769,1,T1,1,100,37.389
1715672401.652182,3694132.000,15787,1,T1,1,100,37.452
1715672401.786362,3694260.000,15803,1,T1,1,100,37.479
1715672401.916349,3694384.000,15820,1,T1,1,100,37.420
1715672402.048433,3694510.000,15855,1,T1,1,100,37.395
1715672402.179468,3694635.000,15871,1,T1,1,100,37.454
1715672402.312600,3694762.000,15889,1,T1,1,100,37.445
1715672402.446780,3694890.000,15910,1,T1,1,100,37.405
1715672402.582008,3695019.000,15942,1,T1,1,100,37.317
1715672402.716188,3695147.000,15959,1,T1,1,100,37.421
1715672402.850368,3695275.000,15975,1,T1,1,100,37.395
1715672402.984549,3695403.000,15993,1,T1,1,100,37.490
1715672403.116632,3695529.000,16024,1,T1,1,100,37.425
1715672403.247667,3695654.000,16045,1,T1,1,100,37.397
1715672403.381847,3695782.000,16063,1,T1,1,100,37.455
1715672403.514979,3695909.000,16084,1,T1,1,100,37.445
1715672403.648111,3696036.000,16102,1,T1,1,100,37.370
1715672403.783339,3696165.000,16133,1,T1,1,100,37.408
1715672403.917519,3696293.000,16149,1,T1,1,100,37.460
1715672404.051699,3696421.000,16167,1,T1,1,100,37.412
1715672404.182735,3696546.000,16183,1,T1,1,100,37.497
1715672404.313770,3696671.000,16215,1,T1,1,100,37.428
1715672404.444805,3696796.000,16234,1,T1,1,100,37.327
1715672404.577937,3696923.000,16253,1,T1,1,100,37.390
1715672404.712117,3697051.000,16271,1,T1,1,100,37.488
1715672404.847345,3697180.000,16302,1,T1,1,100,37.530
1715672404.980477,3697307.000,16319,1,T1,1,100,37.513
1715672405.114657,3697435.000,16336,1,T1,1,100,37.399
1715672405.245692,3697560.000,16355,1,T1,1,100,37.421
1715672405.377776,3697686.000,16387,1,T1,1,100,37.430
1715672405.508811,3697811.000,16406,1,T1,1,100,37.470
1715672405.641943,3697938.000,16423,1,T1,1,100,37.451
1715672405.775075,3698065.000,16445,1,T1,1,100,37.408
1715672405.910303,3698194.000,16477,1,T1,1,100,37.389
1715672406.044483,3698322.000,16493,1,T1,1,100,37.310
1715672406.178663,3698450.000,16510,1,T1,1,100,37.347
1715672406.312843,3698578.000,16527,1,T1,1,100,37.363
1715672406.444927,3698704.000,16560,1,T1,1,100,37.512
1715672406.575962,3698829.000,16578,1,T1,1,100,37.434
1715672406.709094,3698956.000,16594,1,T1,1,100,37.365
1715672406.842226,3699083.000,16611,1,T1,1,100,37.371
1715672406.975358,3699210.000,16646,1,T1,1,100,37.338
1715672407.110586,3699339.000,16662,1,T1,1,100,37.359
1715672407.244766,3699467.000,16679,1,T1,1,100,37.368
1715672407.378946,3699595.000,16696,1,T1,1,100,37.372
1715672407.509981,3699720.000,16732,1,T1,1,100,37.445
1715672407.642065,3699846.000,16750,1,T1,1,100,37.370
1715672407.773100,3699971.000,16766,1,T1,1,100,37.408
1715672407.906232,3700098.000,16783,1,T1,1,100,37.460
1715672408.040412,3700226.000,16815,1,T1,1,100,37.554
1715672408.175640,3700355.000,16831,1,T1,1,100,37.452
1715672408.308772,3700482.000,16849,1,T1,1,100,37.479
1715672408.442952,3700610.000,16868,1,T1,1,100,37.278
1715672408.575036,3700736.000,16902,1,T1,1,100,37.404
1715672408.707119,3700862.000,16919,1,T1,1,100,37.423
1715672408.838154,3700987.000,16940,1,T1,1,100,37.360
1715672408.971286,3701114.000,16961,1,T1,1,100,37.333
1715672409.104418,3701241.000,16977,1,T1,1,100,37.357
1715672409.239646,3701370.000,17009,1,T1,1,100,37.403
1715672409.373826,3701498.000,17026,1,T1,1,100,37.351
1715672409.508006,3701626.000,17044,1,T1,1,100,37.365
1715672409.642186,3701754.000,17062,1,T1,1,100,37.371
1715672409.774270,3701880.000,17093,1,T1,1,100,37.409
1715672409.905305,3702005.000,17112,1,T1,1,100,37.390
1715672410.038437,3702132.000,17130,1,T1,1,100,37.452
1715672410.171569,3702259.000,17146,1,T1,1,100,37.408
1715672410.304701,3702386.000,17178,1,T1,1,100,37.460
1715672410.439929,3702515.000,17195,1,T1,1,100,37.447
1715672410.574109,3702643.000,17211,1,T1,1,100,37.406
1715672410.708289,3702771.000,17234,1,T1,1,100,37.318
1715672410.839324,3702896.000,17267,1,T1,1,100,37.315
1715672410.971408,3703022.000,17284,1,T1,1,100,37.313
1715672411.102443,3703147.000,17304,1,T1,1,100,37.419
1715672411.235575,3703274.000,17320,1,T1,1,100,37.430
1715672411.369755,3703402.000,17352,1,T1,1,100,37.434
1715672411.504983,3703531.000,17369,1,T1,1,100,37.471
1715672411.638115,3703658.000,17386,1,T1,1,100,37.488
1715672411.772295,3703786.000,17405,1,T1,1,100,37.459
1715672411.904379,3703912.000,17437,1,T1,1,100,37.447
1715672412.036462,3704038.000,17453,1,T1,1,100,37.512
1715672412.167497,3704163.000,17470,1,T1,1,100,37.541
1715672412.300629,3704290.000,17487,1,T1,1,100,37.447
1715672412.433761,3704417.000,17521,1,T1,1,100,37.512
1715672412.568989,3704546.000,17540,1,T1,1,100,37.470
1715672412.703169,3704674.000,17557,1,T1,1,100,37.452
1715672412.837349,3704802.000,17574,1,T1,1,100,37.479
1715672412.971529,3704930.000,17609,1,T1,1,100,37.349
1715672413.102565,3705055.000,17625,1,T1,1,100,37.364
1715672413.234648,3705181.000,17642,1,T1,1,100,37.299
1715672413.367780,3705308.000,17659,1,T1,1,100,37.307
1715672413.500912,3705435.000,17676,1,T1,1,100,37.345
1715672413.634044,3705562.000,17695,1,T1,1,100,37.362
1715672413.769272,3705691.000,17729,1,T1,1,100,37.476
1715672413.903452,3705819.000,17746,1,T1,1,100,37.419
1715672414.037632,3705947.000,17763,1,T1,1,100,37.429
1715672414.168667,3706072.000,17799,1,T1,1,100,37.469
1715672414.300751,3706198.000,17817,1,T1,1,100,37.451
1715672414.431786,3706323.000,17833,1,T1,1,100,37.443
1715672414.565966,3706451.000,17850,1,T1,1,100,37.334
1715672414.700146,3706579.000,17869,1,T1,1,100,37.357
1715672414.835375,3706708.000,17903,1,T1,1,100,37.332
1715672414.968506,3706835.000,17921,1,T1,1,100,37.392
1715672415.102686,3706963.000,17937,1,T1,1,100,37.347
1715672415.234770,3707089.000,17954,1,T1,1,100,37.398
1715672415.366853,3707215.000,17986,1,T1,1,100,37.385
1715672415.497889,3707340.000,18002,1,T1,1,100,37.344
1715672415.631021,3707467.000,18020,1,T1,1,100,37.397
1715672415.763104,3707593.000,18040,1,T1,1,100,37.420
1715672415.898332,3707722.000,18072,1,T1,1,100,37.536
1715672416.032512,3707850.000,18089,1,T1,1,100,37.551
1715672416.166692,3707978.000,18105,1,T1,1,100,37.487
1715672416.300873,3708106.000,18140,1,T1,1,100,37.388
1715672416.431908,3708231.000,18157,1,T1,1,100,37.274
1715672416.563991,3708357.000,18173,1,T1,1,100,37.331
1715672416.696075,3708483.000,18193,1,T1,1,100,37.392
1715672416.829206,3708610.000,18227,1,T1,1,100,37.347
1715672416.962338,3708737.000,18244,1,T1,1,100,37.292
1715672417.097567,3708866.000,18261,1,T1,1,100,37.304
1715672417.231747,3708994.000,18277,1,T1,1,100,37.380
1715672417.365927,3709122.000,18309,1,T1,1,100,37.377
1715672417.496962,3709247.000,18326,1,T1,1,100,37.376
1715672417.630094,3709374.000,18345,1,T1,1,100,37.411
1715672417.761129,3709499.000,18362,1,T1,1,100,37.391
1715672417.894785,3709626.500,18400,2,T1,1,100,37.275
1715672418.028441,3709754.000,18400,2,T1,1,100,37.367
1715672418.163669,3709883.000,18417,1,T1,1,100,37.407
1715672418.296801,3710010.000,18449,1,T1,1,100,37.353
1715672418.430981,3710138.000,18467,1,T1,1,100,37.401
1715672418.564113,3710265.000,18484,1,T1,1,100,37.351
1715672418.696197,3710391.000,18501,1,T1,1,100,37.329
1715672418.827232,3710516.000,18535,1,T1,1,100,37.284
1715672418.960364,3710643.000,18553,1,T1,1,100,37.300
1715672419.092447,3710769.000,18569,1,T1,1,100,37.378
1715672419.227675,3710898.000,18586,1,T1,1,100,37.376
1715672419.361856,3711026.000,18623,1,T1,1,100,37.340
1715672419.496036,3711154.000,18639,1,T1,1,100,37.360
1715672419.630216,3711282.000,18662,1,T1,1,100,37.404
1715672419.761251,3711407.000,18678,1,T1,1,100,37.423
1715672419.892286,3711532.000,18695,1,T1,1,100,37.467
1715672420.024369,3711658.000,18715,1,T1,1,100,37.415
1715672420.157501,3711785.000,18734,1,T1,1,100,37.286
1715672420.290633,3711912.000,18766,1,T1,1,100,37.372
1715672420.425862,3712041.000,18782,1,T1,1,100,37.445
1715672420.560042,3712169.000,18799,1,T1,1,100,37.441
1715672420.694222,3712297.000,18818,1,T1,1,100,37.403
1715672420.825257,3712422.000,18849,1,T1,1,100,37.494
1715672420.958389,3712549.000,18869,1,T1,1,100,37.355
1715672421.089424,3712674.000,18885,1,T1,1,100,37.367
1715672421.222556,3712801.000,18902,1,T1,1,100,37.371
1715672421.356736,3712929.000,18937,1,T1,1,100,37.444
1715672421.491964,3713058.000,18953,1,T1,1,100,37.440
1715672421.625096,3713185.000,18971,1,T1,1,100,37.403
1715672421.759276,3713313.000,18987,1,T1,1,100,37.423
1715672421.892408,3713440.000,19019,1,T1,1,100,37.537
1715672422.024491,3713566.000,19038,1,T1,1,100,37.445
1715672422.155527,3713691.000,19054,1,T1,1,100,37.441
1715672422.287610,3713817.000,19072,1,T1,1,100,37.545
1715672422.419693,3713943.000,19103,1,T1,1,100,37.555
1715672422.554922,3714072.000,19119,1,T1,1,100,37.453
1715672422.689102,3714200.000,19137,1,T1,1,100,37.409
1715672422.823282,3714328.000,19154,1,T1,1,100,37.461
1715672422.957462,3714456.000,19188,1,T1,1,100,37.377
1715672423.088497,3714581.000,19205,1,T1,1,100,37.411
1715672423.219532,3714706.000,19221,1,T1,1,100,37.462
1715672423.351616,3714832.000,19239,1,T1,1,100,37.377
1715672423.484748,3714959.000,19270,1,T1,1,100,37.411
1715672423.617880,3715086.000,19292,1,T1,1,100,37.497
1715672423.753108,3715215.000,19309,1,T1,1,100,37.392
1715672423.887288,3715343.000,19325,1,T1,1,100,37.418
1715672424.021468,3715471.000,19346,1,T1,1,100,37.358
1715672424.153552,3715597.000,19379,1,T1,1,100,37.332
1715672424.286684,3715724.000,19396,1,T1,1,100,37.286
1715672424.417719,3715849.000,19413,1,T1,1,100,37.336
1715672424.550851,3715976.000,19429,1,T1,1,100,37.358
1715672424.683982,3716103.000,19461,1,T1,1,100,37.368
1715672424.819211,3716232.000,19478,1,T1,1,100,37.372
1715672424.952343,3716359.000,19495,1,T1,1,100,37.338
1715672425.086523,3716487.000,19519,1,T1,1,100,37.465
1715672425.219654,3716614.000,19554,1,T1,1,100,37.414
1715672425.351738,3716740.000,19570,1,T1,1,100,37.463
1715672425.482773,3716865.000,19587,1,T1,1,100,37.448
1715672425.613808,3716990.000,19604,1,T1,1,100,37.513
1715672425.745892,3717116.000,19626,1,T1,1,100,37.470
1715672425.881120,3717245.000,19660,1,T1,1,100,37.416
1715672426.015300,3717373.000,19676,1,T1,1,100,37.393
1715672426.149480,3717501.000,19693,1,T1,1,100,37.347
1715672426.283660,3717629.000,19710,1,T1,1,100,37.363
1715672426.414696,3717754.000,19744,1,T1,1,100,37.405
1715672426.546779,3717880.000,19761,1,T1,1,100,37.388
1715672426.678863,3718006.000,19778,1,T1,1,100,37.310
1715672426.811994,3718133.000,19795,1,T1,1,100,37.418
1715672426.945126,3718260.000,19832,1,T1,1,100,37.500
1715672427.080354,3718389.000,19848,1,T1,1,100,37.394
1715672427.214535,3718517.000,19865,1,T1,1,100,37.348
1715672427.348715,3718645.000,19882,1,T1,1,100,37.328
1715672427.481847,3718772.000,19913,1,T1,1,100,37.319
1715672427.614978,3718899.000,19931,1,T1,1,100,37.422
1715672427.746013,3719024.000,19950,1,T1,1,100,37.395
1715672427.879145,3719151.000,19969,1,T1,1,100,37.313
1715672428.012277,3719278.000,20001,1,T1,1,100,37.348
1715672428.147506,3719407.000,20017,1,T1,1,100,37.434
1715672428.280637,3719534.000,20038,1,T1,1,100,37.436
1715672428.414817,3719662.000,20054,1,T1,1,100,37.401
1715672428.547949,3719789.000,20086,1,T1,1,100,37.316
1715672428.680033,3719915.000,20103,1,T1,1,100,37.420
1715672428.811068,3720040.000,20121,1,T1,1,100,37.465
1715672428.942103,3720165.000,20138,1,T1,1,100,37.450
1715672429.074187,3720291.000,20173,1,T1,1,100,37.372
1715672429.209415,3720420.000,20189,1,T1,1,100,37.374
1715672429.343595,3720548.000,20207,1,T1,1,100,37.339
1715672429.477775,3720676.000,20223,1,T1,1,100,37.324
1715672429.611955,3720804.000,20258,1,T1,1,100,37.388
1715672429.742990,3720929.000,20277,1,T1,1,100,37.381
1715672429.876122,3721056.000,20293,1,T1,1,100,37.378
1715672430.008206,3721182.000,20311,1,T1,1,100,37.341
1715672430.141337,3721309.000,20342,1,T1,1,100,37.325
1715672430.274469,3721436.000,20359,1,T1,1,100,37.353
1715672430.409698,3721565.000,20384,1,T1,1,100,37.366
1715672430.543878,3721693.000,20400,1,T1,1,100,37.406
1715672430.678058,3721821.000,20420,1,T1,1,100,37.318
1715672430.811190,3721948.000,20456,1,T1,1,100,37.279
1715672430.944321,3722075.000,20473,1,T1,1,100,37.511
1715672431.075356,3722200.000,20490,1,T1,1,100,37.505
1715672431.208488,3722327.000,20506,1,T1,1,100,37.467
1715672431.340572,3722453.000,20538,1,T1,1,100,37.450
1715672431.475800,3722582.000,20555,1,T1,1,100,37.443
1715672431.608932,3722709.000,20575,1,T1,1,100,37.369
1715672431.743112,3722837.000,20594,1,T1,1,100,37.443
1715672431.876244,3722964.000,20626,1,T1,1,100,37.405
1715672432.008327,3723090.000,20646,2,T1,1,100,37.459
1715672432.140411,3723216.000,20646,2,T1,1,100,37.376
1715672432.271446,3723341.000,20663,1,T1,1,100,37.411
1715672432.403530,3723467.000,20680,1,T1,1,100,37.426
1715672432.538758,3723596.000,20696,1,T1,1,100,37.468
1715672432.672938,3723724.000,20730,1,T1,1,100,37.522
1715672432.807118,3723852.000,20747,1,T1,1,100,37.403
1715672432.941298,3723980.000,20767,1,T1,1,100,37.423
1715672433.073382,3724106.000,20784,1,T1,1,100,37.396
1715672433.206514,3724233.000,20816,1,T1,1,100,37.455
1715672433.338597,3724359.000,20832,1,T1,1,100,37.445
1715672433.471729,3724486.000,20852,1,T1,1,100,37.334
1715672433.603812,3724612.000,20871,1,T1,1,100,37.393
1715672433.739041,3724741.000,20902,1,T1,1,100,37.454
1715672433.873221,3724869.000,20919,1,T1,1,100,37.374
1715672434.007401,3724997.000,20936,1,T1,1,100,37.374
1715672434.140533,3725124.000,20953,1,T1,1,100,37.410
1715672434.273664,3725251.000,20973,1,T1,1,100,37.461
1715672434.404700,3725376.000,21006,1,T1,1,100,37.412
1715672434.535735,3725501.000,21024,1,T1,1,100,37.356
1715672434.667818,3725627.000,21040,1,T1,1,100,37.367
1715672434.803047,3725756.000,21057,1,T1,1,100,37.336
1715672434.936179,3725883.000,21092,1,T1,1,100,37.358
1715672435.070359,3726011.000,21108,1,T1,1,100,37.368
1715672435.203490,3726138.000,21125,1,T1,1,100,37.443
1715672435.335574,3726264.000,21142,1,T1,1,100,37.404
1715672435.468706,3726391.000,21178,1,T1,1,100,37.388
1715672435.599741,3726516.000,21196,1,T1,1,100,37.345
1715672435.731824,3726642.000,21214,1,T1,1,100,37.362
1715672435.867053,3726771.000,21236,1,T1,1,100,37.476
1715672436.001233,3726899.000,21253,1,T1,1,100,37.454
1715672436.135413,3727027.000,21284,1,T1,1,100,37.445
1715672436.269593,3727155.000,21302,1,T1,1,100,37.441
1715672436.402725,3727282.000,21320,1,T1,1,100,37.403
1715672436.535857,3727409.000,21337,1,T1,1,100,37.387
1715672436.667940,3727535.000,21369,1,T1,1,100,37.345
1715672436.800024,3727661.000,21388,1,T1,1,100,37.468
1715672436.931059,3727786.000,21406,1,T1,1,100,37.451
1715672437.066287,3727915.000,21422,1,T1,1,100,37.479
1715672437.200467,3728043.000,21454,1,T1,1,100,37.349
1715672437.334647,3728171.000,21473,1,T1,1,100,37.435
1715672437.467779,3728298.000,21492,1,T1,1,100,37.330
1715672437.600911,3728425.000,21510,1,T1,1,100,37.355
1715672437.731946,3728550.000,21541,1,T1,1,100,37.367
1715672437.862981,3728675.000,21557,1,T1,1,100,37.300
1715672437.995065,3728801.000,21575,1,T1,1,100,37.343
1715672438.130293,3728930.000,21594,1,T1,1,100,37.432
1715672438.263425,3729057.000,21626,1,T1,1,100,37.364
1715672438.397605,3729185.000,21645,1,T1,1,100,37.370
1715672438.530737,3729312.000,21664,1,T1,1,100,37.408
1715672438.662820,3729438.000,21682,1,T1,1,100,37.425
1715672438.797001,3729566.000,21713,1,T1,1,100,37.361
1715672438.928036,3729691.000,21730,1,T1,1,100,37.334
1715672439.060119,3729817.000,21747,1,T1,1,100,37.357
1715672439.195348,3729946.000,21763,1,T1,1,100,37.438
1715672439.329528,3730074.000,21800,1,T1,1,100,37.438
1715672439.463708,3730202.000,21817,1,T1,1,100,37.473
1715672439.597888,3730330.000,21834,1,T1,1,100,37.488
1715672439.731020,3730457.000,21851,1,T1,1,100,37.495
1715672439.864151,3730584.000,21883,1,T1,1,100,37.640
1715672439.996235,3730710.000,21899,1,T1,1,100,37.490
1715672440.128319,3730836.000,21916,1,T1,1,100,37.425
1715672440.258305,3730960.000,21933,1,T1,1,100,37.361
1715672440.393534,3731089.000,21966,1,T1,1,100,37.511
1715672440.527714,3731217.000,21983,1,T1,1,100,37.398
1715672440.661894,3731345.000,22005,1,T1,1,100,37.314
1715672440.795026,3731472.000,22022,1,T1,1,100,37.420
1715672440.928158,3731599.000,22054,1,T1,1,100,37.359
1715672441.060241,3731725.000,22070,1,T1,1,100,37.368
1715672441.191276,3731850.000,22092,1,T1,1,100,37.407
1715672441.323360,3731976.000,22109,1,T1,1,100,37.424
1715672441.458588,3732105.000,22128,1,T1,1,100,37.467
1715672441.591720,3732232.000,22160,1,T1,1,100,37.415
1715672441.725900,3732360.000,22176,1,T1,1,100,37.392
1715672441.859032,3732487.000,22193,1,T1,1,100,37.382
1715672441.992163,3732614.000,22213,1,T1,1,100,37.414
1715672442.126344,3732742.000,22244,1,T1,1,100,37.392
1715672442.257379,3732867.000,22262,1,T1,1,100,37.382
1715672442.389462,3732993.000,22278,1,T1,1,100,37.378
1715672442.523643,3733121.000,22300,1,T1,1,100,37.412
1715672442.657823,3733249.000,22332,1,T1,1,100,37.355
1715672442.792003,3733377.000,22348,1,T1,1,100,37.331
1715672442.926183,3733505.000,22366,1,T1,1,100,37.427
1715672443.059314,3733632.000,22397,1,T1,1,100,37.433
1715672443.192446,3733759.000,22414,1,T1,1,100,37.436
1715672443.324530,3733885.000,22431,1,T1,1,100,37.366
1715672443.455565,3734010.000,22452,1,T1,1,100,37.477
1715672443.585552,3734134.000,22470,1,T1,1,100,37.384
1715672443.720780,3734263.000,22486,1,T1,1,100,37.485
1715672443.854960,3734391.000,22518,1,T1,1,100,37.423
1715672443.989141,3734519.000,22535,1,T1,1,100,37.289
1715672444.122272,3734646.000,22551,1,T1,1,100,37.338
1715672444.255404,3734773.000,22568,1,T1,1,100,37.359
1715672444.388536,3734900.000,22603,1,T1,1,100,37.333
1715672444.519571,3735025.000,22619,1,T1,1,100,37.463
1715672444.651654,3735151.000,22639,1,T1,1,100,37.413
1715672444.786883,3735280.000,22655,1,T1,1,100,37.391
1715672444.920015,3735407.000,22687,1,T1,1,100,37.311
1715672445.054195,3735535.000,22707,1,T1,1,100,37.347
1715672445.187326,3735662.000,22723,1,T1,1,100,37.363
1715672445.320458,3735789.000,22741,1,T1,1,100,37.334
1715672445.454638,3735917.000,22772,1,T1,1,100,37.322
1715672445.585674,3736042.000,22789,1,T1,1,100,37.317
1715672445.717757,3736168.000,22813,1,T1,1,100,37.456
1715672445.850889,3736295.000,22829,1,T1,1,100,37.516
1715672445.985069,3736423.000,22861,1,T1,1,100,37.543
1715672446.119249,3736551.000,22878,1,T1,1,100,37.554
1715672446.253429,3736679.000,22895,1,T1,1,100,37.417
1715672446.386561,3736806.000,22912,1,T1,1,100,37.358
1715672446.519693,3736933.000,22949,1,T1,1,100,37.403
1715672446.651776,3737059.000,22967,1,T1,1,100,37.387
1715672446.782811,3737184.000,22984,1,T1,1,100,37.487
1715672446.913847,3737309.000,23001,1,T1,1,100,37.459
1715672447.049075,3737438.000,23035,1,T1,1,100,37.553
1715672447.183255,3737566.000,23054,1,T1,1,100,37.452
1715672447.317435,3737694.000,23071,1,T1,1,100,37.586
1715672447.450567,3737821.000,23088,1,T1,1,100,37.502
1715672447.583699,3737948.000,23123,1,T1,1,100,37.501
1715672447.717879,3738076.000,23139,1,T1,1,100,37.500
1715672447.849962,3738202.000,23157,1,T1,1,100,37.429
1715672447.982046,3738328.000,23173,1,T1,1,100,37.576
1715672448.116226,3738456.000,23190,1,T1,1,100,37.497
1715672448.248309,3738582.000,23222,1,T1,1,100,37.428
1715672448.382489,3738710.000,23241,1,T1,1,100,37.362
1715672448.515621,3738837.000,23258,1,T1,1,100,37.440
1715672448.648753,3738964.000,23275,1,T1,1,100,37.474
1715672448.782933,3739092.000,23306,1,T1,1,100,37.524
1715672448.913968,3739217.000,23327,1,T1,1,100,37.404
1715672449.045004,3739342.000,23343,1,T1,1,100,37.494
1715672449.177087,3739468.000,23360,1,T1,1,100,37.426
1715672449.311267,3739596.000,23392,1,T1,1,100,37.468
1715672449.445447,3739724.000,23408,1,T1,1,100,37.415
1715672449.579627,3739852.000,23429,1,T1,1,100,37.428
1715672449.712759,3739979.000,23447,1,T1,1,100,37.398
1715672449.845891,3740106.000,23464,1,T1,1,100,37.456
1715672449.979023,3740233.000,23496,1,T1,1,100,37.375
1715672450.110058,3740358.000,23512,1,T1,1,100,37.375
1715672450.241093,3740483.000,23530,1,T1,1,100,37.446
1715672450.376322,3740612.000,23546,1,T1,1,100,37.512
1715672450.509453,3740739.000,23578,1,T1,1,100,37.470
1715672450.643633,3740867.000,23597,1,T1,1,100,37.487
1715672450.776765,3740994.000,23613,1,T1,1,100,37.601
1715672450.910945,3741122.000,23633,1,T1,1,100,37.544
1715672451.045125,3741250.000,23667,1,T1,1,100,37.554
1715672451.176161,3741375.000,23683,1,T1,1,100,37.453
1715672451.308244,3741501.000,23701,1,T1,1,100,37.409
1715672451.441376,3741628.000,23717,1,T1,1,100,37.460
1715672451.573459,3741754.000,23752,1,T1,1,100,37.447
1715672451.707639,3741882.000,23769,1,T1,1,100,37.335
1715672451.840771,3742009.000,23785,1,T1,1,100,37.393
1715672451.973903,3742136.000,23808,1,T1,1,100,37.454
1715672452.108083,3742264.000,23826,1,T1,1,100,37.445
1715672452.239118,3742389.000,23861,1,T1,1,100,37.299
1715672452.371202,3742515.000,23878,1,T1,1,100,37.307
1715672452.503285,3742641.000,23894,1,T1,1,100,37.274
1715672452.637465,3742769.000,23912,1,T1,1,100,37.332
1715672452.771646,3742897.000,23946,1,T1,1,100,37.285
1715672452.905826,3743025.000,23963,1,T1,1,100,37.336
1715672453.038957,3743152.000,23980,1,T1,1,100,37.287
1715672453.172089,3743279.000,23996,1,T1,1,100,37.337
1715672453.306269,3743407.000,24030,1,T1,1,100,37.323
1715672453.437304,3743532.000,24047,1,T1,1,100,37.317
1715672453.568340,3743657.000,24067,1,T1,1,100,37.421
1715672453.703568,3743786.000,24084,1,T1,1,100,37.324
1715672453.835652,3743912.000,24116,1,T1,1,100,37.459
1715672453.969832,3744040.000,24135,1,T1,1,100,37.447
1715672454.102963,3744167.000,24152,1,T1,1,100,37.442
1715672454.237144,3744295.000,24169,1,T1,1,100,37.475
1715672454.371324,3744423.000,24202,1,T1,1,100,37.454
1715672454.502359,3744548.000,24220,1,T1,1,100,37.374
1715672454.634442,3744674.000,24236,1,T1,1,100,37.339
1715672454.767574,3744801.000,24256,1,T1,1,100,37.395
1715672454.899658,3744927.000,24288,1,T1,1,100,37.419
1715672455.033838,3745055.000,24304,1,T1,1,100,37.430
1715672455.166970,3745182.000,24321,1,T1,1,100,37.470
1715672455.300101,3745309.000,24343,1,T1,1,100,37.416
1715672455.434281,3745437.000,24360,1,T1,1,100,37.393
1715672455.565317,3745562.000,24394,1,T1,1,100,37.383
1715672455.698448,3745689.000,24410,1,T1,1,100,37.378
1715672455.830532,3745815.000,24427,1,T1,1,100,37.412
1715672455.964712,3745943.000,24444,1,T1,1,100,37.462
1715672456.098892,3746071.000,24478,1,T1,1,100,37.448
1715672456.233072,3746199.000,24496,1,T1,1,100,37.336
1715672456.366204,3746326.000,24514,1,T1,1,100,37.323
1715672456.499336,3746453.000,24531,1,T1,1,100,37.352
1715672456.634564,3746582.000,24563,1,T1,1,100,37.401
1715672456.765599,3746707.000,24579,1,T1,1,100,37.422
1715672456.896635,3746832.000,24597,1,T1,1,100,37.502
1715672457.032911,3746962.000,24613,1,T1,1,100,37.572
1715672457.164995,3747088.000,24645,1,T1,1,100,37.460
1715672457.299175,3747216.000,24672,1,T1,1,100,37.412
1715672457.432307,3747343.000,24688,1,T1,1,100,37.320
1715672457.566487,3747471.000,24706,1,T1,1,100,37.422
1715672457.700667,3747599.000,24722,1,T1,1,100,37.395
1715672457.831702,3747724.000,24739,1,T1,1,100,37.455
1715672457.963785,3747850.000,24774,1,T1,1,100,37.445
1715672458.095869,3747976.000,24790,1,T1,1,100,37.370
1715672458.227952,3748102.000,24808,1,T1,1,100,37.444
1715672458.362133,3748230.000,24841,1,T1,1,100,37.405
1715672458.495264,3748357.000,24858,1,T1,1,100,37.423
1715672458.628396,3748484.000,24878,1,T1,1,100,37.396
1715672458.762576,3748612.000,24894,1,T1,1,100,37.420
1715672458.894660,3748738.000,24926,1,T1,1,100,37.430
1715672459.027792,3748865.000,24943,1,T1,1,100,37.399
1715672459.159875,3748991.000,24962,1,T1,1,100,37.385
1715672459.294055,3749119.000,24980,1,T1,1,100,37.450
1715672459.428235,3749247.000,25013,1,T1,1,100,37.443
1715672459.562415,3749375.000,25030,1,T1,1,100,37.369
1715672459.695547,3749502.000,25047,1,T1,1,100,37.479
1715672459.828679,3749629.000,25063,1,T1,1,100,37.455
1715672459.963907,3749758.000,25095,1,T1,1,100,37.516
1715672460.094942,3749883.000,25112,1,T1,1,100,37.401
1715672460.225978,3750008.000,25132,1,T1,1,100,37.422
1715672460.361206,3750137.000,25149,1,T1,1,100,37.360
1715672460.493289,3750263.000,25186,1,T1,1,100,37.475
1715672460.627470,3750391.000,25204,1,T1,1,100,37.454
1715672460.760601,3750518.000,25221,1,T1,1,100,37.409
1715672460.894781,3750646.000,25238,1,T1,1,100,37.390
1715672461.028961,3750774.000,25269,1,T1,1,100,37.452
1715672461.159997,3750899.000,25289,1,T1,1,100,37.479
1715672461.292080,3751025.000,25306,1,T1,1,100,37.420
1715672461.424164,3751151.000,25323,1,T1,1,100,37.430
1715672461.556247,3751277.000,25360,1,T1,1,100,37.576
1715672461.690427,3751405.000,25376,1,T1,1,100,37.462
1715672461.823559,3751532.000,25393,1,T1,1,100,37.377
1715672461.956691,3751659.000,25410,1,T1,1,100,37.447
1715672462.090871,3751787.000,25427,1,T1,1,100,37.442
1715672462.224003,3751914.000,25459,1,T1,1,100,37.333
1715672462.357135,3752041.000,25478,1,T1,1,100,37.463
1715672462.489218,3752167.000,25495,1,T1,1,100,37.484
1715672462.623398,3752295.000,25514,1,T1,1,100,37.458
1715672462.756530,3752422.000,25536,1,T1,1,100,37.446
1715672462.890710,3752550.000,25571,1,T1,1,100,37.406
1715672463.023842,3752677.000,25588,2,T1,1,100,37.388
1715672463.156974,3752804.000,25588,2,T1,1,100,37.310
1715672463.292202,3752933.000,25605,1,T1,1,100,37.347
1715672463.423237,3753058.000,25622,1,T1,1,100,37.505
1715672463.554272,3753183.000,25656,1,T1,1,100,37.396
1715672463.688452,3753311.000,25675,1,T1,1,100,37.455
1715672463.821584,3753438.000,25692,1,T1,1,100,37.516
1715672463.955764,3753566.000,25709,1,T1,1,100,37.613
1715672464.088896,3753693.000,25740,1,T1,1,100,37.443
1715672464.223076,3753821.000,25758,1,T1,1,100,37.369
1715672464.357256,3753949.000,25774,1,T1,1,100,37.479
1715672464.488292,3754074.000,25791,1,T1,1,100,37.384
1715672464.622472,3754202.000,25825,1,T1,1,100,37.379
1715672464.754555,3754328.000,25841,1,T1,1,100,37.412
1715672464.886639,3754454.000,25859,1,T1,1,100,37.462
1715672465.020819,3754582.000,25878,1,T1,1,100,37.342
1715672465.153950,3754709.000,25910,1,T1,1,100,37.325
1715672465.287082,3754836.000,25927,1,T1,1,100,37.353
1715672465.421262,3754964.000,25943,1,T1,1,100,37.472
1715672465.554394,3755091.000,25961,1,T1,1,100,37.417
1715672465.687526,3755218.000,25999,1,T1,1,100,37.322
1715672465.819609,3755344.000,26015,1,T1,1,100,37.423
1715672465.953789,3755472.000,26033,1,T1,1,100,37.396
1715672466.085873,3755598.000,26049,1,T1,1,100,37.490
1715672466.220053,3755726.000,26081,1,T1,1,100,37.389
1715672466.353185,3755853.000,26101,1,T1,1,100,37.417
1715672466.486317,3755980.000,26117,1,T1,1,100,37.393
1715672466.621545,3756109.000,26135,1,T1,1,100,37.418
1715672466.752580,3756234.000,26171,1,T1,1,100,37.429
1715672466.883615,3756359.000,26188,1,T1,1,100,37.434
1715672467.016747,3756486.000,26205,1,T1,1,100,37.330
1715672467.148831,3756612.000,26221,1,T1,1,100,37.320
1715672467.283011,3756740.000,26253,1,T1,1,100,37.351
1715672467.416143,3756867.000,26270,1,T1,1,100,37.400
1715672467.550323,3756995.000,26287,1,T1,1,100,37.421
1715672467.684503,3757123.000,26307,1,T1,1,100,37.431
1715672467.815538,3757248.000,26341,1,T1,1,100,37.399
1715672467.949718,3757376.000,26357,1,T1,1,100,37.385
1715672468.081802,3757502.000,26382,1,T1,1,100,37.344
1715672468.213885,3757628.000,26399,1,T1,1,100,37.433
1715672468.347017,3757755.000,26416,1,T1,1,100,37.400
1715672468.480149,3757882.000,26432,1,T1,1,100,37.528
1715672468.613281,3758009.000,26450,1,T1,1,100,37.476
1715672468.747461,3758137.000,26481,1,T1,1,100,37.383
1715672468.880592,3758264.000,26503,1,T1,1,100,37.308
1715672469.013724,3758391.000,26520,1,T1,1,100,37.310
1715672469.145808,3758517.000,26536,1,T1,1,100,37.383
1715672469.278939,3758644.000,26568,1,T1,1,100,37.414
1715672469.411023,3758770.000,26585,1,T1,1,100,37.498
1715672469.545203,3758898.000,26602,1,T1,1,100,37.464
1715672469.678335,3759025.000,26619,1,T1,1,100,37.449
1715672469.811467,3759152.000,26651,1,T1,1,100,37.442
1715672469.946695,3759281.000,26669,1,T1,1,100,37.475
1715672470.077730,3759406.000,26689,1,T1,1,100,37.312
1715672470.209814,3759532.000,26706,1,T1,1,100,37.383
1715672470.342946,3759659.000,26723,1,T1,1,100,37.449
1715672470.473981,3759784.000,26755,1,T1,1,100,37.407
1715672470.609209,3759913.000,26773,1,T1,1,100,37.353
1715672470.742341,3760040.000,26793,1,T1,1,100,37.366
1715672470.876521,3760168.000,26810,1,T1,1,100,37.336
1715672471.010701,3760296.000,26843,1,T1,1,100,37.287
1715672471.143833,3760423.000,26860,1,T1,1,100,37.301
1715672471.278013,3760551.000,26877,1,T1,1,100,37.343
1715672471.410096,3760677.000,26894,1,T1,1,100,37.397
1715672471.542180,3760803.000,26929,1,T1,1,100,37.455
1715672471.674263,3760929.000,26945,1,T1,1,100,37.481
1715672471.807395,3761056.000,26962,1,T1,1,100,37.456
1715672471.940527,3761183.000,26979,1,T1,1,100,37.339
1715672472.074707,3761311.000,27012,1,T1,1,100,37.430
1715672472.207839,3761438.000,27030,1,T1,1,100,37.505
1715672472.340971,3761565.000,27046,1,T1,1,100,37.538
1715672472.473054,3761691.000,27063,1,T1,1,100,37.445
1715672472.605138,3761817.000,27098,1,T1,1,100,37.441
1715672472.737221,3761943.000,27114,1,T1,1,100,37.474
1715672472.871401,3762071.000,27132,1,T1,1,100,37.524
1715672473.004533,3762198.000,27148,1,T1,1,100,37.475
1715672473.137665,3762325.000,27180,1,T1,1,100,37.418
1715672473.272893,3762454.000,27199,1,T1,1,100,37.465
1715672473.404977,3762580.000,27218,2,T1,1,100,37.449
1715672473.537060,3762706.000,27218,2,T1,1,100,37.443
1715672473.670192,3762833.000,27234,1,T1,1,100,37.369
1715672473.801227,3762958.000,27266,1,T1,1,100,37.372
1715672473.936456,3763087.000,27283,1,T1,1,100,37.409
1715672474.069587,3763214.000,27302,1,T1,1,100,37.425
1715672474.203768,3763342.000,27320,1,T1,1,100,37.397
1715672474.337948,3763470.000,27353,1,T1,1,100,37.349
1715672474.470031,3763596.000,27369,1,T1,1,100,37.435
1715672474.604211,3763724.000,27390,1,T1,1,100,37.507
1715672474.736295,3763850.000,27406,1,T1,1,100,37.468
1715672474.868378,3763976.000,27438,1,T1,1,100,37.486
1715672475.000462,3764102.000,27455,1,T1,1,100,37.458
1715672475.133594,3764229.000,27471,1,T1,1,100,37.447
1715672475.266725,3764356.000,27489,1,T1,1,100,37.406
1715672475.400905,3764484.000,27525,1,T1,1,100,37.459
1715672475.534037,3764611.000,27542,1,T1,1,100,37.482
1715672475.667169,3764738.000,27561,1,T1,1,100,37.421
1715672475.799253,3764864.000,27577,1,T1,1,100,37.395
1715672475.931336,3764990.000,27612,1,T1,1,100,37.384
1715672476.063419,3765116.000,27629,1,T1,1,100,37.414
1715672476.197599,3765244.000,27646,1,T1,1,100,37.357
1715672476.330731,3765371.000,27663,1,T1,1,100,37.473
1715672476.463863,3765498.000,27679,1,T1,1,100,37.418
1715672476.599092,3765627.000,27716,1,T1,1,100,37.429
1715672476.730127,3765752.000,27733,1,T1,1,100,37.398
1715672476.863258,3765879.000,27750,1,T1,1,100,37.421
1715672476.996390,3766006.000,27767,1,T1,1,100,37.430
1715672477.127425,3766131.000,27802,1,T1,1,100,37.470
1715672477.262654,3766260.000,27818,1,T1,1,100,37.381
1715672477.395786,3766387.000,27835,1,T1,1,100,37.377
1715672477.529966,3766515.000,27869,1,T1,1,100,37.376
1715672477.664146,3766643.000,27885,1,T1,1,100,37.305
1715672477.797278,3766770.000,27902,1,T1,1,100,37.415
1715672477.931458,3766898.000,27922,1,T1,1,100,37.357
1715672478.063541,3767024.000,27953,1,T1,1,100,37.332
1715672478.195625,3767150.000,27971,1,T1,1,100,37.498
1715672478.327708,3767276.000,27987,1,T1,1,100,37.570
1715672478.460840,3767403.000,28004,1,T1,1,100,37.459
1715672478.593972,3767530.000,28036,1,T1,1,100,37.482
1715672478.728152,3767658.000,28059,1,T1,1,100,37.528
1715672478.861284,3767785.000,28077,1,T1,1,100,37.477
1715672478.994416,3767912.000,28093,1,T1,1,100,37.490
1715672479.126499,3768038.000,28113,1,T1,1,100,37.389
1715672479.258582,3768164.000,28130,1,T1,1,100,37.417
1715672479.390666,3768290.000,28161,1,T1,1,100,37.393
1715672479.524846,3768418.000,28179,1,T1,1,100,37.454
1715672479.657978,3768545.000,28195,1,T1,1,100,37.445
1715672479.791110,3768672.000,28212,1,T1,1,100,37.405
1715672479.926338,3768801.000,28246,1,T1,1,100,37.388
1715672480.057373,3768926.000,28262,1,T1,1,100,37.416
1715672480.190505,3769053.000,28280,1,T1,1,100,37.428
1715672480.323637,3769180.000,28296,1,T1,1,100,37.469
1715672480.454672,3769305.000,28331,1,T1,1,100,37.487
1715672480.589900,3769434.000,28350,1,T1,1,100,37.388
1715672480.723032,3769561.000,28366,1,T1,1,100,37.416
1715672480.857212,3769689.000,28389,1,T1,1,100,37.393
1715672480.991392,3769817.000,28420,1,T1,1,100,37.454
1715672481.124524,3769944.000,28436,1,T1,1,100,37.444
1715672481.258704,3770072.000,28454,1,T1,1,100,37.370
1715672481.390788,3770198.000,28470,1,T1,1,100,37.337
1715672481.522871,3770324.000,28502,1,T1,1,100,37.465
1715672481.653906,3770449.000,28519,1,T1,1,100,37.449
1715672481.787038,3770576.000,28535,1,T1,1,100,37.443
1715672481.920170,3770703.000,28553,1,T1,1,100,37.440
1715672482.054350,3770831.000,28589,1,T1,1,100,37.474
1715672482.187482,3770958.000,28609,1,T1,1,100,37.489
1715672482.320614,3771085.000,28626,1,T1,1,100,37.424
1715672482.452697,3771211.000,28642,1,T1,1,100,37.396
1715672482.584781,3771337.000,28660,1,T1,1,100,37.420
1715672482.716864,3771463.000,28691,1,T1,1,100,37.501
1715672482.851044,3771591.000,28710,1,T1,1,100,37.358
1715672482.984176,3771718.000,28730,1,T1,1,100,37.368
1715672483.117308,3771845.000,28746,1,T1,1,100,37.407
1715672483.252536,3771974.000,28778,1,T1,1,100,37.495
1715672483.383571,3772099.000,28795,1,T1,1,100,37.427
1715672483.517751,3772227.000,28815,1,T1,1,100,37.362
1715672483.650883,3772354.000,28832,1,T1,1,100,37.334
1715672483.781919,3772479.000,28866,1,T1,1,100,37.393
1715672483.915050,3772606.000,28882,1,T1,1,100,37.383
1715672484.048182,3772733.000,28899,1,T1,1,100,37.414
1715672484.182362,3772861.000,28921,1,T1,1,100,37.356
1715672484.316542,3772989.000,28955,1,T1,1,100,37.438
1715672484.449674,3773116.000,28973,1,T1,1,100,37.438
1715672484.583854,3773244.000,28991,1,T1,1,100,37.402
1715672484.715938,3773370.000,29008,1,T1,1,100,37.387
1715672484.846973,3773495.000,29027,1,T1,1,100,37.486
1715672484.978008,3773620.000,29059,1,T1,1,100,37.530
1715672485.111140,3773747.000,29076,1,T1,1,100,37.477
1715672485.244272,3773874.000,29093,1,T1,1,100,37.419
1715672485.378452,3774002.000,29126,1,T1,1,100,37.501
1715672485.511584,3774129.000,29149,1,T1,1,100,37.536
1715672485.644715,3774256.000,29165,1,T1,1,100,37.480
1715672485.777847,3774383.000,29182,1,T1,1,100,37.420
1715672485.909931,3774509.000,29214,1,T1,1,100,37.430
1715672486.042014,3774635.000,29233,1,T1,1,100,37.434
1715672486.176194,3774763.000,29253,1,T1,1,100,37.436
1715672486.309326,3774890.000,29269,1,T1,1,100,37.366
1715672486.442458,3775017.000,29301,1,T1,1,100,37.477
1715672486.577686,3775146.000,29318,1,T1,1,100,37.490
1715672486.709770,3775272.000,29334,1,T1,1,100,37.496
1715672486.843950,3775400.000,29352,1,T1,1,100,37.356
1715672486.977082,3775527.000,29386,1,T1,1,100,37.473
1715672487.108117,3775652.000,29402,1,T1,1,100,37.488
1715672487.240200,3775778.000,29420,1,T1,1,100,37.389
1715672487.373332,3775905.000,29439,1,T1,1,100,37.345
1715672487.507512,3776033.000,29456,1,T1,1,100,37.256
1715672487.641692,3776161.000,29490,1,T1,1,100,37.359
1715672487.775872,3776289.000,29506,1,T1,1,100,37.403
1715672487.910052,3776417.000,29524,1,T1,1,100,37.387
1715672488.042136,3776543.000,29558,1,T1,1,100,37.309
1715672488.173171,3776668.000,29575,1,T1,1,100,37.453
1715672488.304206,3776793.000,29592,1,T1,1,100,37.444
1715672488.437338,3776920.000,29608,1,T1,1,100,37.440
1715672488.570470,3777047.000,29626,1,T1,1,100,37.439
1715672488.704650,3777175.000,29644,1,T1,1,100,37.438
1715672488.837782,3777302.000,29679,1,T1,1,100,37.402
1715672488.970914,3777429.000,29696,1,T1,1,100,37.422
1715672489.105094,3777557.000,29712,1,T1,1,100,37.466
1715672489.237177,3777683.000,29730,1,T1,1,100,37.485
1715672489.369261,3777809.000,29764,1,T1,1,100,37.494
1715672489.503441,3777937.000,29786,1,T1,1,100,37.462
1715672489.636573,3778064.000,29805,1,T1,1,100,37.483
1715672489.769704,3778191.000,29821,1,T1,1,100,37.422
1715672489.904933,3778320.000,29839,1,T1,1,100,37.360
1715672490.037016,3778446.000,29870,1,T1,1,100,37.475
1715672490.171196,3778574.000,29887,1,T1,1,100,37.347
1715672490.304328,3778701.000,29904,1,T1,1,100,37.434
1715672490.435363,3778826.000,29920,1,T1,1,100,37.578
1715672490.567447,3778952.000,29954,1,T1,1,100,37.427
1715672490.700579,3779079.000,29974,1,T1,1,100,37.433
1715672490.834759,3779207.000,29993,1,T1,1,100,37.400
1715672490.968939,3779335.000,30010,1,T1,1,100,37.386
1715672491.102071,3779462.000,30042,1,T1,1,100,37.344
1715672491.236251,3779590.000,30061,1,T1,1,100,37.468
1715672491.368334,3779716.000,30078,1,T1,1,100,37.380
1715672491.499369,3779841.000,30094,1,T1,1,100,37.342
1715672491.630404,3779966.000,30126,1,T1,1,100,37.502
1715672491.763536,3780093.000,30143,1,T1,1,100,37.359
1715672491.896668,3780220.000,30162,1,T1,1,100,37.439
1715672492.030848,3780348.000,30182,1,T1,1,100,37.438
1715672492.163980,3780475.000,30214,1,T1,1,100,37.438
1715672492.297112,3780602.000,30230,1,T1,1,100,37.402
1715672492.431292,3780730.000,30247,1,T1,1,100,37.458
1715672492.563375,3780856.000,30264,1,T1,1,100,37.375
1715672492.695459,3780982.000,30295,1,T1,1,100,37.411
1715672492.828591,3781109.000,30315,1,T1,1,100,37.426
1715672492.961722,3781236.000,30331,1,T1,1,100,37.468
1715672493.094854,3781363.000,30363,1,T1,1,100,37.486
1715672493.230083,3781492.000,30383,1,T1,1,100,37.494
1715672493.362166,3781618.000,30399,1,T1,1,100,37.426
1715672493.496346,3781746.000,30417,1,T1,1,100,37.397
1715672493.629478,3781873.000,30448,1,T1,1,100,37.349
1715672493.760513,3781998.000,30465,1,T1,1,100,37.541
1715672493.891548,3782123.000,30485,1,T1,1,100,37.518
1715672494.024680,3782250.000,30503,1,T1,1,100,37.472
1715672494.158860,3782378.000,30536,2,T1,1,100,37.382
1715672494.293041,3782506.000,30536,2,T1,1,100,37.378
1715672494.426172,3782633.000,30553,1,T1,1,100,37.412
1715672494.560352,3782761.000,30573,1,T1,1,100,37.426
1715672494.692436,3782887.000,30589,1,T1,1,100,37.539
1715672494.823995,3783012.500,30626,2,T1,1,100,37.481
1715672494.955554,3783138.000,30626,2,T1,1,100,37.527
1715672495.088686,3783265.000,30643,1,T1,1,100,37.441
1715672495.221818,3783392.000,30680,1,T1,1,100,37.368
1715672495.355998,3783520.000,30696,1,T1,1,100,37.443
1715672495.489130,3783647.000,30714,1,T1,1,100,37.440
1715672495.622262,3783774.000,30732,1,T1,1,100,37.403
1715672495.757490,3783903.000,30767,1,T1,1,100,37.458
1715672495.889574,3784029.000,30784,1,T1,1,100,37.482
1715672496.021657,3784155.000,30800,1,T1,1,100,37.457
1715672496.153741,3784281.000,30818,1,T1,1,100,37.410
1715672496.286872,3784408.000,30836,1,T1,1,100,37.426
1715672496.420004,3784535.000,30856,1,T1,1,100,37.503
1715672496.555233,3784664.000,30873,1,T1,1,100,37.501
1715672496.687316,3784790.000,30904,1,T1,1,100,37.430
1715672496.821496,3784918.000,30922,1,T1,1,100,37.399
1715672496.954628,3785045.000,30938,1,T1,1,100,37.492
1715672497.085663,3785170.000,30955,1,T1,1,100,37.461
1715672497.216698,3785295.000,30990,1,T1,1,100,37.448
1715672497.349830,3785422.000,31008,1,T1,1,100,37.336
1715672497.484010,3785550.000,31026,1,T1,1,100,37.322
1715672497.618190,3785678.000,31042,1,T1,1,100,37.423
1715672497.751322,3785805.000,31062,1,T1,1,100,37.467
1715672497.885502,3785933.000,31094,1,T1,1,100,37.379
1715672498.018634,3786060.000,31110,1,T1,1,100,37.412
1715672498.150717,3786186.000,31128,1,T1,1,100,37.391
1715672498.281753,3786311.000,31147,1,T1,1,100,37.453
1715672498.414885,3786438.000,31167,1,T1,1,100,37.444
1715672498.548016,3786565.000,31183,1,T1,1,100,37.440
1715672498.682196,3786693.000,31200,1,T1,1,100,37.439
1715672498.815328,3786820.000,31216,1,T1,1,100,37.473
1715672498.949508,3786948.000,31251,1,T1,1,100,37.453
1715672499.084737,3787077.000,31268,1,T1,1,100,37.444
1715672499.216820,3787203.000,31285,1,T1,1,100,37.476
1715672499.348904,3787329.000,31316,1,T1,1,100,37.383
1715672499.479939,3787454.000,31336,1,T1,1,100,37.449
1715672499.613071,3787581.000,31355,1,T1,1,100,37.372
1715672499.746202,3787708.000,31372,1,T1,1,100,37.409
1715672499.881431,3787837.000,31389,1,T1,1,100,37.390
1715672500.013514,3787963.000,31420,1,T1,1,100,37.417
1715672500.147694,3788091.000,31438,1,T1,1,100,37.429
1715672500.280826,3788218.000,31460,1,T1,1,100,37.434
1715672500.411861,3788343.000,31477,1,T1,1,100,37.436
1715672500.542897,3788468.000,31496,1,T1,1,100,37.401
1715672500.676028,3788595.000,31514,1,T1,1,100,37.422
1715672500.810209,3788723.000,31532,1,T1,1,100,37.360
1715672500.944389,3788851.000,31551,1,T1,1,100,37.404
1715672501.077520,3788978.000,31583,1,T1,1,100,37.565
1715672501.211700,3789106.000,31600,1,T1,1,100,37.563
1715672501.345881,3789234.000,31616,1,T1,1,100,37.457
1715672501.477964,3789360.000,31634,1,T1,1,100,37.481
1715672501.608999,3789485.000,31665,1,T1,1,100,37.385
1715672501.741083,3789611.000,31683,1,T1,1,100,37.415
1715672501.874215,3789738.000,31701,1,T1,1,100,37.463
1715672502.008395,3789866.000,31717,1,T1,1,100,37.449
1715672502.141526,3789993.000,31752,1,T1,1,100,37.442
1715672502.275707,3790121.000,31769,1,T1,1,100,37.511
1715672502.410935,3790250.000,31786,1,T1,1,100,37.434
1715672502.543018,3790376.000,31803,1,T1,1,100,37.294
1715672502.675102,3790502.000,31819,1,T1,1,100,37.411
1715672502.806137,3790627.000,31856,1,T1,1,100,37.461
1715672502.939269,3790754.000,31873,1,T1,1,100,37.377
1715672503.072401,3790881.000,31889,1,T1,1,100,37.411
1715672503.207629,3791010.000,31907,1,T1,1,100,37.462
1715672503.339713,3791136.000,31938,1,T1,1,100,37.377
1715672503.473893,3791264.000,31955,1,T1,1,100,37.482
1715672503.607024,3791391.000,31972,1,T1,1,100,37.457
1715672503.739108,3791517.000,31988,1,T1,1,100,37.446
1715672503.870143,3791642.000,32023,1,T1,1,100,37.477
1715672504.003275,3791769.000,32042,1,T1,1,100,37.419
1715672504.136407,3791896.000,32062,1,T1,1,100,37.429
1715672504.270587,3792024.000,32079,1,T1,1,100,37.399
1715672504.403719,3792151.000,32095,1,T1,1,100,37.456
1715672504.537899,3792279.000,32112,1,T1,1,100,37.446
1715672504.673127,3792408.000,32143,1,T1,1,100,37.406
1715672504.805211,3792534.000,32163,1,T1,1,100,37.424
1715672504.936246,3792659.000,32180,1,T1,1,100,37.432
1715672505.067281,3792784.000,32198,1,T1,1,100,37.470
1715672505.200413,3792911.000,32230,1,T1,1,100,37.345
1715672505.334593,3793039.000,32250,1,T1,1,100,37.398
1715672505.467725,3793166.000,32267,1,T1,1,100,37.420
1715672505.601905,3793294.000,32286,1,T1,1,100,37.395
1715672505.737133,3793423.000,32307,1,T1,1,100,37.419
1715672505.869217,3793549.000,32339,1,T1,1,100,37.500
1715672506.001300,3793675.000,32356,1,T1,1,100,37.429
1715672506.132335,3793800.000,32378,1,T1,1,100,37.398
1715672506.265467,3793927.000,32395,1,T1,1,100,37.421
1715672506.398599,3794054.000,32411,1,T1,1,100,37.395
1715672506.533827,3794183.000,32428,1,T1,1,100,37.454
1715672506.665911,3794309.000,32447,1,T1,1,100,37.516
1715672506.800091,3794437.000,32479,1,T1,1,100,37.507
1715672506.934271,3794565.000,32496,1,T1,1,100,37.467
1715672507.066355,3794691.000,32512,1,T1,1,100,37.450
1715672507.197390,3794816.000,32532,1,T1,1,100,37.549
1715672507.330522,3794943.000,32566,1,T1,1,100,37.521
1715672507.461557,3795068.000,32583,1,T1,1,100,37.438
1715672507.596785,3795197.000,32600,1,T1,1,100,37.367
1715672507.729917,3795324.000,32616,1,T1,1,100,37.442
1715672507.864097,3795452.000,32648,1,T1,1,100,37.475
1715672507.999325,3795581.000,32665,1,T1,1,100,37.418
1715672508.131409,3795707.000,32682,1,T1,1,100,37.465
1715672508.262444,3795832.000,32701,1,T1,1,100,37.520
1715672508.392431,3795956.000,32733,1,T1,1,100,37.438
1715672508.525912,3796083.333,32754,3,T1,1,100,37.438
1715672508.659393,3796210.667,32754,3,T1,1,100,37.438
1715672508.792875,3796338.000,32754,3,T1,1,100,37.508
1715672508.927404,3796466.333,32773,3,T1,1,100,37.468
1715672509.061934,3796594.667,32773,3,T1,1,100,37.486
1715672509.196463,3796723.000,32773,3,T1,1,100,37.423
1715672509.327498,3796848.000,32795,2,T1,1,100,37.396
1715672509.458534,3796973.000,32795,2,T1,1,100,37.419
1715672509.591665,3797100.000,32811,2,T1,1,100,37.359
1715672509.724797,3797227.000,32811,2,T1,1,100,37.439
1715672509.860025,3797356.000,32847,1,T1,1,100,37.474
1715672509.992109,3797482.000,32864,1,T1,1,100,37.489
1715672510.126289,3797610.000,32881,1,T1,1,100,37.389
1715672510.261518,3797739.000,32898,1,T1,1,100,37.381
1715672510.393601,3797865.000,32933,1,T1,1,100,37.413
1715672510.524636,3797990.000,32953,1,T1,1,100,37.427
1715672510.656720,3798116.000,32970,1,T1,1,100,37.397
1715672510.787755,3798241.000,32987,1,T1,1,100,37.385
1715672510.922983,3798370.000,33018,1,T1,1,100,37.486
1715672511.056639,3798497.500,33041,2,T1,1,100,37.387
1715672511.190295,3798625.000,33041,2,T1,1,100,37.380
1715672511.325524,3798754.000,33060,1,T1,1,100,37.377
1715672511.457607,3798880.000,33078,1,T1,1,100,37.376
1715672511.588642,3799005.000,33111,1,T1,1,100,37.446
1715672511.718629,3799129.000,33127,1,T1,1,100,37.477
1715672511.851761,3799256.000,33145,1,T1,1,100,37.454
1715672511.985941,3799384.000,33161,1,T1,1,100,37.374
1715672512.119073,3799511.000,33193,1,T1,1,100,37.375
1715672512.253253,3799639.000,33210,1,T1,1,100,37.481
1715672512.388481,3799768.000,33226,1,T1,1,100,37.492
1715672512.520565,3799894.000,33247,1,T1,1,100,37.496
1715672512.654745,3800022.000,33280,1,T1,1,100,37.428
1715672512.785780,3800147.000,33297,1,T1,1,100,37.433
1715672512.918912,3800274.000,33314,1,T1,1,100,37.329
1715672513.050995,3800400.000,33330,1,T1,1,100,37.462
1715672513.186224,3800529.000,33362,1,T1,1,100,37.377
1715672513.318307,3800655.000,33379,1,T1,1,100,37.482
1715672513.452487,3800783.000,33396,1,T1,1,100,37.421
1715672513.588764,3800913.000,33427,1,T1,1,100,37.466
1715672513.720847,3801039.000,33447,1,T1,1,100,37.450
1715672513.851883,3801164.000,33466,1,T1,1,100,37.549
1715672513.982918,3801289.000,33483,1,T1,1,100,37.486
1715672514.113953,3801414.000,33515,1,T1,1,100,37.458
1715672514.249182,3801543.000,33534,1,T1,1,100,37.411
1715672514.382313,3801670.000,33551,1,T1,1,100,37.426
1715672514.516493,3801798.000,33568,1,T1,1,100,37.539
1715672514.651722,3801927.000,33585,1,T1,1,100,37.481
1715672514.783805,3802053.000,33619,1,T1,1,100,37.421
1715672514.916937,3802180.000,33635,1,T1,1,100,37.430
1715672515.046924,3802304.000,33652,1,T1,1,100,37.399
1715672515.180056,3802431.000,33672,1,T1,1,100,37.421
1715672515.314236,3802559.000,33703,1,T1,1,100,37.501
1715672515.447368,3802686.000,33721,1,T1,1,100,37.501
1715672515.581548,3802814.000,33739,1,T1,1,100,37.465
1715672515.716776,3802943.000,33771,1,T1,1,100,37.378
1715672515.850956,3803071.000,33790,1,T1,1,100,37.412
1715672515.985136,3803199.000,33806,1,T1,1,100,37.426
1715672516.116171,3803324.000,33824,1,T1,1,100,37.397
1715672516.248255,3803450.000,33858,1,T1,1,100,37.456
1715672516.381387,3803577.000,33881,2,T1,1,100,37.481
1715672516.514518,3803704.000,33881,2,T1,1,100,37.421
1715672516.646602,3803830.000,33897,1,T1,1,100,37.430
1715672516.780782,3803958.000,33915,1,T1,1,100,37.434
1715672516.917059,3804088.000,33933,1,T1,1,100,37.330
1715672517.049142,3804214.000,33965,1,T1,1,100,37.320
1715672517.181226,3804340.000,33982,1,T1,1,100,37.387
1715672517.312261,3804465.000,33998,1,T1,1,100,37.380
1715672517.443296,3804590.000,34016,1,T1,1,100,37.413
1715672517.578525,3804719.000,34047,1,T1,1,100,37.427
1715672517.711656,3804846.000,34066,1,T1,1,100,37.504
1715672517.845836,3804974.000,34084,1,T1,1,100,37.395
1715672517.981065,3805103.000,34102,1,T1,1,100,37.384
1715672518.113148,3805229.000,34134,1,T1,1,100,37.343
1715672518.247329,3805357.000,34154,1,T1,1,100,37.432
1715672518.377315,3805481.000,34170,1,T1,1,100,37.542
1715672518.510447,3805608.000,34188,1,T1,1,100,37.447
1715672518.643579,3805735.000,34219,1,T1,1,100,37.477
1715672518.776711,3805862.000,34236,1,T1,1,100,37.455
1715672518.910891,3805990.000,34256,1,T1,1,100,37.551
1715672519.046119,3806119.000,34274,1,T1,1,100,37.451
1715672519.180299,3806247.000,34306,1,T1,1,100,37.408
1715672519.314479,3806375.000,34323,1,T1,1,100,37.425
1715672519.445514,3806500.000,34343,1,T1,1,100,37.432
1715672519.576550,3806625.000,34360,1,T1,1,100,37.471
1715672519.707585,3806750.000,34392,1,T1,1,100,37.487
1715672519.842813,3806879.000,34408,1,T1,1,100,37.494
1715672519.974897,3807005.000,34427,1,T1,1,100,37.427
1715672520.109077,3807133.000,34444,1,T1,1,100,37.362
1715672520.245353,3807263.000,34478,1,T1,1,100,37.405
1715672520.377437,3807389.000,34495,1,T1,1,100,37.459
1715672520.510569,3807516.000,34514,1,T1,1,100,37.482
1715672520.641604,3807641.000,34531,1,T1,1,100,37.421
1715672520.772639,3807766.000,34563,1,T1,1,100,37.395
1715672520.907868,3807895.000,34579,1,T1,1,100,37.455
1715672521.039951,3808021.000,34598,1,T1,1,100,37.480
1715672521.174131,3808149.000,34615,1,T1,1,100,37.562
1715672521.309360,3808278.000,34646,1,T1,1,100,37.562
1715672521.442492,3808405.000,34667,1,T1,1,100,37.492
1715672521.576672,3808533.000,34683,1,T1,1,100,37.425
1715672521.706658,3808657.000,34700,1,T1,1,100,37.432
1715672521.839790,3808784.000,34723,1,T1,1,100,37.435
1715672521.970825,3808909.000,34742,1,T1,1,100,37.401
1715672522.103957,3809036.000,34760,1,T1,1,100,37.422
1715672522.238137,3809164.000,34778,1,T1,1,100,37.466
1715672522.373366,3809293.000,34795,1,T1,1,100,37.414
1715672522.507546,3809421.000,34827,1,T1,1,100,37.463
1715672522.641726,3809549.000,34843,1,T1,1,100,37.271
1715672522.772761,3809674.000,34861,1,T1,1,100,37.366
1715672522.903796,3809799.000,34880,1,T1,1,100,37.371
1715672523.034832,3809924.000,34912,1,T1,1,100,37.409
1715672523.170060,3810053.000,34929,1,T1,1,100,37.425
1715672523.302143,3810179.000,34950,1,T1,1,100,37.432
1715672523.436323,3810307.000,34968,1,T1,1,100,37.506
1715672523.572600,3810437.000,34984,1,T1,1,100,37.467
1715672523.704684,3810563.000,35016,1,T1,1,100,37.450
1715672523.838864,3810691.000,35033,1,T1,1,100,37.408
1715672523.969899,3810816.000,35049,1,T1,1,100,37.425
1715672524.100934,3810941.000,35066,1,T1,1,100,37.396
1715672524.235114,3811069.000,35098,1,T1,1,100,37.384
1715672524.367198,3811195.000,35116,1,T1,1,100,37.414
1715672524.501378,3811323.000,35134,1,T1,1,100,37.428
1715672524.636606,3811452.000,35153,1,T1,1,100,37.504
1715672524.769738,3811579.000,35185,1,T1,1,100,37.431
1715672524.903918,3811707.000,35202,1,T1,1,100,37.435
1715672525.033905,3811831.000,35218,1,T1,1,100,37.472
1715672525.165988,3811957.000,35236,1,T1,1,100,37.417
1715672525.297024,3812082.000,35270,1,T1,1,100,37.464
1715672525.430156,3812209.000,35289,1,T1,1,100,37.484
1715672525.564336,3812337.000,35308,1,T1,1,100,37.422
1715672525.699564,3812466.000,35324,1,T1,1,100,37.502
1715672525.833744,3812594.000,35359,1,T1,1,100,37.501
1715672525.967924,3812722.000,35376,1,T1,1,100,37.536
1715672526.101056,3812849.000,35393,1,T1,1,100,37.445
1715672526.232091,3812974.000,35410,1,T1,1,100,37.370
1715672526.363126,3813099.000,35444,1,T1,1,100,37.373
1715672526.498355,3813228.000,35460,1,T1,1,100,37.409
1715672526.630438,3813354.000,35480,1,T1,1,100,37.390
1715672526.764618,3813482.000,35497,1,T1,1,100,37.452
1715672526.900895,3813612.000,35528,1,T1,1,100,37.408
1715672527.033677,3813738.667,35549,3,T1,1,100,37.425
1715672527.166460,3813865.333,35549,3,T1,1,100,37.397
1715672527.299242,3813992.000,35549,3,T1,1,100,37.420
1715672527.430277,3814117.000,35566,1,T1,1,100,37.465
1715672527.563409,3814244.000,35585,1,T1,1,100,37.450
1715672527.695493,3814370.000,35601,1,T1,1,100,37.372
1715672527.829673,3814498.000,35633,1,T1,1,100,37.409
1715672527.964901,3814627.000,35653,1,T1,1,100,37.390
1715672528.098033,3814754.000,35670,1,T1,1,100,37.381
1715672528.232213,3814882.000,35687,1,T1,1,100,37.378
1715672528.362200,3815006.000,35719,1,T1,1,100,37.376
1715672528.494283,3815132.000,35738,1,T1,1,100,37.411
1715672528.625319,3815257.000,35757,1,T1,1,100,37.391
1715672528.758450,3815384.000,35774,1,T1,1,100,37.346
1715672528.892630,3815512.000,35805,1,T1,1,100,37.398
1715672529.027859,3815641.000,35822,1,T1,1,100,37.420
1715672529.162039,3815769.000,35842,1,T1,1,100,37.466
1715672529.296219,3815897.000,35859,1,T1,1,100,37.414
1715672529.430399,3816025.000,35876,1,T1,1,100,37.392
1715672529.561434,3816150.000,35893,1,T1,1,100,37.453
1715672529.692469,3816275.000,35911,1,T1,1,100,37.444
1715672529.826649,3816403.000,35943,1,T1,1,100,37.440
1715672529.957685,3816528.000,35960,1,T1,1,100,37.545
1715672530.091865,3816656.000,35977,1,T1,1,100,37.555
1715672530.228141,3816786.000,35994,1,T1,1,100,37.488
1715672530.360225,3816912.000,36029,1,T1,1,100,37.459
1715672530.495453,3817041.000,36047,1,T1,1,100,37.412
1715672530.626488,3817166.000,36064,1,T1,1,100,37.497
1715672530.756475,3817290.000,36083,1,T1,1,100,37.499
1715672530.888559,3817416.000,36114,1,T1,1,100,37.464
1715672531.020643,3817542.000,36132,1,T1,1,100,37.378
1715672531.153774,3817669.000,36148,1,T1,1,100,37.447
1715672531.290051,3817799.000,36165,1,T1,1,100,37.406
1715672531.423183,3817926.000,36182,1,T1,1,100,37.424
1715672531.557363,3818054.000,36199,1,T1,1,100,37.396
1715672531.688398,3818179.000,36217,1,T1,1,100,37.313
1715672531.820482,3818305.000,36252,1,T1,1,100,37.455
1715672531.951517,3818430.000,36269,1,T1,1,100,37.551
1715672532.084649,3818557.000,36286,1,T1,1,100,37.416
1715672532.217780,3818684.000,36303,1,T1,1,100,37.464
1715672532.353009,3818813.000,36322,1,T1,1,100,37.378
1715672532.487189,3818941.000,36361,2,T1,1,100,37.376
1715672532.621369,3819069.000,36361,2,T1,1,100,37.446
1715672532.755549,3819197.000,36379,1,T1,1,100,37.441
1715672532.886584,3819322.000,36395,1,T1,1,100,37.404
1715672533.017619,3819447.000,36430,1,T1,1,100,37.352
1715672533.150751,3819574.000,36447,1,T1,1,100,37.542
1715672533.281786,3819699.000,36463,1,T1,1,100,37.412
1715672533.415967,3819827.000,36483,1,T1,1,100,37.391
1715672533.552243,3819957.000,36499,1,T1,1,100,37.382
1715672533.684327,3820083.000,36516,1,T1,1,100,37.378
1715672533.819555,3820212.000,36548,1,T1,1,100,37.412
1715672533.950590,3820337.000,36564,1,T1,1,100,37.391
1715672534.081625,3820462.000,36582,1,T1,1,100,37.417
1715672534.213709,3820588.000,36600,1,T1,1,100,37.358
1715672534.345792,3820714.000,36633,1,T1,1,100,37.438
1715672534.478924,3820841.000,36650,1,T1,1,100,37.367
1715672534.615201,3820971.000,36668,1,T1,1,100,37.407
1715672534.748333,3821098.000,36686,1,T1,1,100,37.389
1715672534.882513,3821226.000,36720,1,T1,1,100,37.381
1715672535.014596,3821352.000,36739,1,T1,1,100,37.342
1715672535.146680,3821478.000,36756,1,T1,1,100,37.467
1715672535.277715,3821603.000,36772,1,T1,1,100,37.415
1715672535.410847,3821730.000,36790,1,T1,1,100,37.357
1715672535.543978,3821857.000,36811,1,T1,1,100,37.367
1715672535.679207,3821986.000,36828,1,T1,1,100,37.443
1715672535.813387,3822114.000,36845,1,T1,1,100,37.475
1715672535.947567,3822242.000,36878,1,T1,1,100,37.489
1715672536.081747,3822370.000,36896,1,T1,1,100,37.531
1715672536.212782,3822495.000,36912,1,T1,1,100,37.407
1715672536.343817,3822620.000,36929,1,T1,1,100,37.424
1715672536.476949,3822747.000,36961,1,T1,1,100,37.467
1715672536.607985,3822872.000,36977,1,T1,1,100,37.450
1715672536.742165,3823000.000,36995,1,T1,1,100,37.372
1715672536.878441,3823130.000,37016,1,T1,1,100,37.338
1715672537.010525,3823256.000,37048,1,T1,1,100,37.288
1715672537.145753,3823385.000,37065,1,T1,1,100,37.444
1715672537.276788,3823510.000,37081,1,T1,1,100,37.476
1715672537.408872,3823636.000,37102,1,T1,1,100,37.419
1715672537.540955,3823762.000,37118,1,T1,1,100,37.394
1715672537.673039,3823888.000,37136,1,T1,1,100,37.419
1715672537.806171,3824015.000,37154,1,T1,1,100,37.429
1715672537.942447,3824145.000,37176,1,T1,1,100,37.363
1715672538.075579,3824272.000,37193,1,T1,1,100,37.405
1715672538.209759,3824400.000,37213,1,T1,1,100,37.353
1715672538.342891,3824527.000,37229,1,T1,1,100,37.365
1715672538.474975,3824653.000,37261,1,T1,1,100,37.406
1715672538.606010,3824778.000,37280,1,T1,1,100,37.495
1715672538.739141,3824905.000,37297,1,T1,1,100,37.533
1715672538.871225,3825031.000,37317,1,T1,1,100,37.514
1715672539.006454,3825160.000,37349,1,T1,1,100,37.435
1715672539.140634,3825288.000,37365,1,T1,1,100,37.437
1715672539.274814,3825416.000,37382,1,T1,1,100,37.437
1715672539.408994,3825544.000,37403,1,T1,1,100,37.331
1715672539.540029,3825669.000,37419,1,T1,1,100,37.285
1715672539.671064,3825794.000,37437,1,T1,1,100,37.372
1715672539.803148,3825920.000,37453,1,T1,1,100,37.409
1715672539.934183,3826045.000,37473,1,T1,1,100,37.354
1715672540.068363,3826173.000,37489,1,T1,1,100,37.401
1715672540.204639,3826303.000,37521,1,T1,1,100,37.422
1715672540.336723,3826429.000,37538,1,T1,1,100,37.360
1715672540.471951,3826558.000,37557,1,T1,1,100,37.404
1715672540.604035,3826684.000,37576,1,T1,1,100,37.458
1715672540.736118,3826810.000,37611,1,T1,1,100,37.553
1715672540.868202,3826936.000,37627,1,T1,1,100,37.487
1715672541.000285,3827062.000,37644,1,T1,1,100,37.388
1715672541.133417,3827189.000,37663,1,T1,1,100,37.452
1715672541.268121,3827317.500,37699,2,T1,1,100,37.479
1715672541.402826,3827446.000,37699,2,T1,1,100,37.420
1715672541.535958,3827573.000,37717,3,T1,1,100,37.430
1715672541.669089,3827700.000,37717,3,T1,1,100,37.399
1715672541.802221,3827827.000,37717,3,T1,1,100,37.456
1715672541.933955,3827952.667,37738,3,T1,1,100,37.304
1715672542.065689,3828078.333,37738,3,T1,1,100,37.344
1715672542.197423,3828204.000,37738,3,T1,1,100,37.433
1715672542.330555,3828331.000,37755,1,T1,1,100,37.400
1715672542.464735,3828459.000,37772,1,T1,1,100,37.350
1715672542.598915,3828587.000,37788,1,T1,1,100,37.400
1715672542.733095,3828715.000,37806,1,T1,1,100,37.386
1715672542.864130,3828840.000,37822,1,T1,1,100,37.415
1715672542.996214,3828966.000,37856,1,T1,1,100,37.428
1715672543.128298,3829092.000,37873,1,T1,1,100,37.291
1715672543.260905,3829218.500,37899,2,T1,1,100,37.374
1715672543.393513,3829345.000,37899,2,T1,1,100,37.446
1715672543.529789,3829475.000,37917,1,T1,1,100,37.406
1715672543.661873,3829601.000,37934,1,T1,1,100,37.388
1715672543.797101,3829730.000,37951,1,T1,1,100,37.452
1715672543.930233,3829857.000,37985,1,T1,1,100,37.408
1715672544.062317,3829983.000,38003,1,T1,1,100,37.354
1715672544.194400,3830109.000,38019,1,T1,1,100,37.366
1715672544.326484,3830235.000,38036,1,T1,1,100,37.371
1715672544.458567,3830361.000,38068,1,T1,1,100,37.409
1715672544.594844,3830491.000,38087,1,T1,1,100,37.425
1715672544.727976,3830618.000,38105,1,T1,1,100,37.361
1715672544.862156,3830746.000,38121,1,T1,1,100,37.475
1715672544.995287,3830873.000,38153,1,T1,1,100,37.454
1715672545.127371,3830999.000,38173,1,T1,1,100,37.374
1715672545.258406,3831124.000,38189,1,T1,1,100,37.410
1715672545.389441,3831249.000,38206,1,T1,1,100,37.355
1715672545.521525,3831375.000,38242,1,T1,1,100,37.402
1715672545.656753,3831504.000,38258,1,T1,1,100,37.387
1715672545.790933,3831632.000,38276,1,T1,1,100,37.415
1715672545.925113,3831760.000,38310,1,T1,1,100,37.393
1715672546.059294,3831888.000,38327,1,T1,1,100,37.276
1715672546.190329,3832013.000,38344,1,T1,1,100,37.439
1715672546.323461,3832140.000,38360,1,T1,1,100,37.225
1715672546.455544,3832266.000,38395,1,T1,1,100,37.239
1715672546.586579,3832391.000,38412,1,T1,1,100,37.316
1715672546.720759,3832519.000,38429,1,T1,1,100,37.385
1715672546.857036,3832649.000,38446,1,T1,1,100,37.415
1715672546.989120,3832775.000,38478,1,T1,1,100,37.357
1715672547.124348,3832904.000,38497,1,T1,1,100,37.332
1715672547.257480,3833031.000,38516,1,T1,1,100,37.427
1715672547.389563,3833157.000,38533,1,T1,1,100,37.433
1715672547.521647,3833283.000,38564,1,T1,1,100,37.258
1715672547.652682,3833408.000,38585,1,T1,1,100,37.360
1715672547.783717,3833533.000,38601,1,T1,1,100,37.404
1715672547.919994,3833663.000,38618,1,T1,1,100,37.423
1715672548.053126,3833790.000,38634,1,T1,1,100,37.360
1715672548.187306,3833918.000,38670,1,T1,1,100,37.369
1715672548.320437,3834045.000,38687,1,T1,1,100,37.372
1715672548.452521,3834171.000,38704,1,T1,1,100,37.374
1715672548.584080,3834296.500,38744,2,T1,1,100,37.339
1715672548.715640,3834422.000,38744,2,T1,1,100,37.324
1715672548.847723,3834548.000,38763,1,T1,1,100,37.353
1715672548.982952,3834677.000,38779,1,T1,1,100,37.436
1715672549.117132,3834805.000,38800,1,T1,1,100,37.472
1715672549.251312,3834933.000,38831,1,T1,1,100,37.488
1715672549.385492,3835061.000,38848,1,T1,1,100,37.495
1715672549.517575,3835187.000,38865,1,T1,1,100,37.462
1715672549.650707,3835314.000,38899,1,T1,1,100,37.448
1715672549.782791,3835440.000,38918,1,T1,1,100,37.513
1715672549.913826,3835565.000,38935,1,T1,1,100,37.435
1715672550.045909,3835691.000,38952,1,T1,1,100,37.436
1715672550.182186,3835821.000,38969,1,T1,1,100,37.402
1715672550.314270,3835947.000,39001,1,T1,1,100,37.386
1715672550.449498,3836076.000,39019,1,T1,1,100,37.486
1715672550.582630,3836203.000,39036,1,T1,1,100,37.600
1715672550.714713,3836329.000,39054,1,T1,1,100,37.366
1715672550.846797,3836455.000,39086,1,T1,1,100,37.371
1715672550.977832,3836580.000,39106,1,T1,1,100,37.373
1715672551.108867,3836705.000,39123,1,T1,1,100,37.339
1715672551.245144,3836835.000,39140,1,T1,1,100,37.359
1715672551.379324,3836963.000,39172,1,T1,1,100,37.368
1715672551.513504,3837091.000,39190,1,T1,1,100,37.337
1715672551.646636,3837218.000,39210,1,T1,1,100,37.323
1715672551.778719,3837344.000,39242,1,T1,1,100,37.423
1715672551.912899,3837472.000,39258,1,T1,1,100,37.360
1715672552.043935,3837597.000,39276,1,T1,1,100,37.298
1715672552.176018,3837723.000,39292,1,T1,1,100,37.342
1715672552.311246,3837852.000,39327,1,T1,1,100,37.467
1715672552.445426,3837980.000,39346,1,T1,1,100,37.486
1715672552.579607,3838108.000,39362,1,T1,1,100,37.423
1715672552.713787,3838236.000,39380,1,T1,1,100,37.396
1715672552.846918,3838363.000,39411,1,T1,1,100,37.455
1715672552.980050,3838490.000,39427,1,T1,1,100,37.303
1715672553.112134,3838616.000,39445,1,T1,1,100,37.379
1715672553.243169,3838741.000,39461,1,T1,1,100,37.341
1715672553.374204,3838866.000,39495,1,T1,1,100,37.325
1715672553.510481,3838996.000,39512,1,T1,1,100,37.353
1715672553.642564,3839122.000,39528,1,T1,1,100,37.366
1715672553.777793,3839251.000,39546,1,T1,1,100,37.371
1715672553.910400,3839377.500,39591,2,T1,1,100,37.338
1715672554.043008,3839504.000,39591,2,T1,1,100,37.430
1715672554.175092,3839630.000,39608,2,T1,1,100,37.363
1715672554.307175,3839756.000,39608,2,T1,1,100,37.405
1715672554.438210,3839881.000,39640,1,T1,1,100,37.388
1715672554.574487,3840011.000,39656,1,T1,1,100,37.345
1715672554.708667,3840139.000,39674,1,T1,1,100,37.468
1715672554.842847,3840267.000,39690,1,T1,1,100,37.380
1715672554.975979,3840394.000,39727,1,T1,1,100,37.342
1715672555.109111,3840521.000,39744,1,T1,1,100,37.325
1715672555.243291,3840649.000,39760,1,T1,1,100,37.424
1715672555.374326,3840774.000,39778,1,T1,1,100,37.432
1715672555.506409,3840900.000,39811,1,T1,1,100,37.435
1715672555.640589,3841028.000,39827,1,T1,1,100,37.507
1715672555.774770,3841156.000,39845,1,T1,1,100,37.432
1715672555.908950,3841284.000,39863,1,T1,1,100,37.471
1715672556.043130,3841412.000,39895,1,T1,1,100,37.381
1715672556.176261,3841539.000,39915,1,T1,1,100,37.378
1715672556.309393,3841666.000,39931,1,T1,1,100,37.447
1715672556.441477,3841792.000,39949,1,T1,1,100,37.406
1715672556.571464,3841916.000,39982,1,T1,1,100,37.424
1715672556.702499,3842041.000,40002,1,T1,1,100,37.396
1715672556.838776,3842171.000,40019,1,T1,1,100,37.420
1715672556.970859,3842297.000,40035,1,T1,1,100,37.394
1715672557.106087,3842426.000,40067,1,T1,1,100,37.383
1715672557.239219,3842553.000,40084,1,T1,1,100,37.308
1715672557.371303,3842679.000,40101,1,T1,1,100,37.310
1715672557.505483,3842807.000,40120,1,T1,1,100,37.383
1715672557.637566,3842933.000,40155,1,T1,1,100,37.485
1715672557.768601,3843058.000,40171,1,T1,1,100,37.422
1715672557.904878,3843188.000,40188,1,T1,1,100,37.431
1715672558.038010,3843315.000,40205,1,T1,1,100,37.506
1715672558.172190,3843443.000,40236,1,T1,1,100,37.361
1715672558.305322,3843570.000,40256,1,T1,1,100,37.333
1715672558.438454,3843697.000,40272,1,T1,1,100,37.392
1715672558.572634,3843825.000,40292,1,T1,1,100,37.347
1715672558.703669,3843950.000,40309,1,T1,1,100,37.327
1715672558.835752,3844076.000,40343,1,T1,1,100,37.496
1715672558.967836,3844202.000,40360,1,T1,1,100,37.427
1715672559.102016,3844330.000,40377,1,T1,1,100,37.362
1715672559.236196,3844458.000,40399,1,T1,1,100,37.334
1715672559.370376,3844586.000,40422,1,T1,1,100,37.393
1715672559.503508,3844713.000,40438,1,T1,1,100,37.418
1715672559.636640,3844840.000,40456,1,T1,1,100,37.358
1715672559.769772,3844967.000,40472,1,T1,1,100,37.368
1715672559.900807,3845092.000,40489,1,T1,1,100,37.265
1715672560.031842,3845217.000,40510,1,T1,1,100,37.363
1715672560.168119,3845347.000,40528,1,T1,1,100,37.405
1715672560.300202,3845473.000,40545,1,T1,1,100,37.424
1715672560.435431,3845602.000,40564,1,T1,1,100,37.467
1715672560.568562,3845729.000,40584,1,T1,1,100,37.415
1715672560.701694,3845856.000,40616,1,T1,1,100,37.392
1715672560.836922,3845985.000,40632,1,T1,1,100,37.453
1715672560.969006,3846111.000,40649,1,T1,1,100,37.373
1715672561.100041,3846236.000,40666,1,T1,1,100,37.374
1715672561.234221,3846364.000,40699,1,T1,1,100,37.339
1715672561.367353,3846491.000,40720,1,T1,1,100,37.395
1715672561.501533,3846619.000,40736,1,T1,1,100,37.348
1715672561.634665,3846746.000,40753,1,T1,1,100,37.363
1715672561.767797,3846873.000,40788,1,T1,1,100,37.441
1715672561.901977,3847001.000,40804,1,T1,1,100,37.439
1715672562.033012,3847126.000,40822,1,T1,1,100,37.367
1715672562.165096,3847252.000,40840,1,T1,1,100,37.443
1715672562.297179,3847378.000,40872,1,T1,1,100,37.369
1715672562.431359,3847506.000,40889,1,T1,1,100,37.301
1715672562.565539,3847634.000,40908,1,T1,1,100,37.414
1715672562.699719,3847762.000,40926,1,T1,1,100,37.427
1715672562.832851,3847889.000,40957,1,T1,1,100,37.362
1715672562.965983,3848016.000,40973,1,T1,1,100,37.369
1715672563.101211,3848145.000,40994,1,T1,1,100,37.337
1715672563.232246,3848270.000,41012,1,T1,1,100,37.359
1715672563.363282,3848395.000,41044,1,T1,1,100,37.403
1715672563.498510,3848524.000,41061,1,T1,1,100,37.387
1715672563.629545,3848649.000,41077,1,T1,1,100,37.416
1715672563.764774,3848778.000,41095,1,T1,1,100,37.393
1715672563.897905,3848905.000,41129,1,T1,1,100,37.347
1715672564.031037,3849032.000,41146,1,T1,1,100,37.398
1715672564.166265,3849161.000,41165,1,T1,1,100,37.421
1715672564.297301,3849286.000,41181,1,T1,1,100,37.288
1715672564.428336,3849411.000,41216,1,T1,1,100,37.373
1715672564.561468,3849538.000,41233,1,T1,1,100,37.303
1715672564.694600,3849665.000,41256,2,T1,1,100,37.415
1715672564.827731,3849792.000,41256,2,T1,1,100,37.392
1715672564.961911,3849920.000,41272,1,T1,1,100,37.312
1715672565.095043,3850047.000,41309,1,T1,1,100,37.348
1715672565.229223,3850175.000,41326,1,T1,1,100,37.434
1715672565.361307,3850301.000,41343,1,T1,1,100,37.436
1715672565.494439,3850428.000,41362,1,T1,1,100,37.366
1715672565.626522,3850554.000,41394,1,T1,1,100,37.371
1715672565.760702,3850682.000,41410,1,T1,1,100,37.409
1715672565.893834,3850809.000,41427,1,T1,1,100,37.390
1715672566.028014,3850937.000,41444,1,T1,1,100,37.417
1715672566.161146,3851064.000,41477,1,T1,1,100,37.429
1715672566.294278,3851191.000,41494,1,T1,1,100,37.469
1715672566.429506,3851320.000,41514,1,T1,1,100,37.416
1715672566.560541,3851445.000,41531,1,T1,1,100,37.322
1715672566.691576,3851570.000,41563,1,T1,1,100,37.281
1715672566.825757,3851698.000,41579,1,T1,1,100,37.334
1715672566.956792,3851823.000,41599,1,T1,1,100,37.428
1715672567.092020,3851952.000,41618,1,T1,1,100,37.327
1715672567.225152,3852079.000,41649,1,T1,1,100,37.354
1715672567.358284,3852206.000,41667,1,T1,1,100,37.366
1715672567.493512,3852335.000,41683,1,T1,1,100,37.300
1715672567.624547,3852460.000,41700,1,T1,1,100,37.378
1715672567.757679,3852587.000,41735,1,T1,1,100,37.376
1715672567.890811,3852714.000,41751,1,T1,1,100,37.446
1715672568.023943,3852841.000,41771,1,T1,1,100,37.477
1715672568.157074,3852968.000,41787,1,T1,1,100,37.419
1715672568.291255,3853096.000,41822,1,T1,1,100,37.394
1715672568.424386,3853223.000,41839,1,T1,1,100,37.454
1715672568.558566,3853351.000,41855,1,T1,1,100,37.445
1715672568.691698,3853478.000,41887,1,T1,1,100,37.441
1715672568.824830,3853605.000,41904,1,T1,1,100,37.403
1715672568.956913,3853731.000,41920,1,T1,1,100,37.423
1715672569.091094,3853859.000,41943,1,T1,1,100,37.467
1715672569.223177,3853985.000,41974,1,T1,1,100,37.415
1715672569.357357,3854113.000,41991,1,T1,1,100,37.357
1715672569.490489,3854240.000,42008,1,T1,1,100,37.225
1715672569.623621,3854367.000,42027,1,T1,1,100,37.346
1715672569.758849,3854496.000,42059,1,T1,1,100,37.327
1715672569.889884,3854621.000,42076,1,T1,1,100,37.283
1715672570.021968,3854747.000,42093,1,T1,1,100,37.442
1715672570.155100,3854874.000,42113,1,T1,1,100,37.368
1715672570.286135,3854999.000,42133,1,T1,1,100,37.408
1715672570.421363,3855128.000,42152,1,T1,1,100,37.318
1715672570.554495,3855255.000,42168,1,T1,1,100,37.315
1715672570.687627,3855382.000,42186,1,T1,1,100,37.278
1715672570.822855,3855511.000,42220,1,T1,1,100,37.439
1715672570.954939,3855637.000,42237,1,T1,1,100,37.403
1715672571.088070,3855764.000,42256,1,T1,1,100,37.493
1715672571.221202,3855891.000,42272,1,T1,1,100,37.426
1715672571.354334,3856018.000,42289,1,T1,1,100,37.468
1715672571.486418,3856144.000,42321,1,T1,1,100,37.451
1715672571.620598,3856272.000,42340,1,T1,1,100,37.372
1715672571.753729,3856399.000,42358,1,T1,1,100,37.267
1715672571.887909,3856527.000,42389,1,T1,1,100,37.364
1715672572.021041,3856654.000,42406,1,T1,1,100,37.299
1715672572.154173,3856781.000,42425,1,T1,1,100,37.307
1715672572.286257,3856907.000,42441,1,T1,1,100,37.381
1715672572.418340,3857033.000,42473,1,T1,1,100,37.378
1715672572.550424,3857159.000,42491,1,T1,1,100,37.412
1715672572.684604,3857287.000,42508,1,T1,1,100,37.426
1715672572.817735,3857414.000,42525,1,T1,1,100,37.397
1715672572.950867,3857541.000,42546,1,T1,1,100,37.420
1715672573.086096,3857670.000,42580,1,T1,1,100,37.359
1715672573.217131,3857795.000,42597,1,T1,1,100,37.368
1715672573.350263,3857922.000,42614,1,T1,1,100,37.372
1715672573.483394,3858049.000,42634,1,T1,1,100,37.374
1715672573.614430,3858174.000,42666,1,T1,1,100,37.410
1715672573.748610,3858302.000,42682,1,T1,1,100,37.355
1715672573.881742,3858429.000,42699,1,T1,1,100,37.402
1715672574.014873,3858556.000,42716,1,T1,1,100,37.351
1715672574.150102,3858685.000,42750,1,T1,1,100,37.506
1715672574.282185,3858811.000,42768,1,T1,1,100,37.396
1715672574.415317,3858938.000,42786,1,T1,1,100,37.384
1715672574.548449,3859065.000,42803,1,T1,1,100,37.450
1715672574.681581,3859192.000,42838,1,T1,1,100,37.407
1715672574.812616,3859317.000,42854,1,T1,1,100,37.354
1715672574.946796,3859445.000,42871,1,T1,1,100,37.401
1715672575.079928,3859572.000,42888,1,T1,1,100,37.386
1715672575.214108,3859700.000,42921,1,T1,1,100,37.344
1715672575.347239,3859827.000,42941,1,T1,1,100,37.433
1715672575.480371,3859954.000,42966,2,T1,1,100,37.365
1715672575.613503,3860081.000,42966,2,T1,1,100,37.441
1715672575.745587,3860207.000,42983,1,T1,1,100,37.404
1715672575.877670,3860333.000,43000,1,T1,1,100,37.423
1715672576.011850,3860461.000,43035,1,T1,1,100,37.325
1715672576.144982,3860588.000,43051,1,T1,1,100,37.282
1715672576.278114,3860715.000,43068,1,T1,1,100,37.335
1715672576.413342,3860844.000,43087,1,T1,1,100,37.358
1715672576.545426,3860970.000,43118,1,T1,1,100,37.403
1715672576.679606,3861098.000,43137,1,T1,1,100,37.387
1715672576.812737,3861225.000,43155,1,T1,1,100,37.416
1715672576.943773,3861350.000,43172,1,T1,1,100,37.393
1715672577.075856,3861476.000,43204,1,T1,1,100,37.347
1715672577.208988,3861603.000,43220,1,T1,1,100,37.398
1715672577.342120,3861730.000,43240,1,T1,1,100,37.456
1715672577.477348,3861859.000,43256,1,T1,1,100,37.410
1715672577.609432,3861985.000,43288,1,T1,1,100,37.426
1715672577.742563,3862112.000,43305,1,T1,1,100,37.397
1715672577.875695,3862239.000,43321,1,T1,1,100,37.420
1715672578.006731,3862364.000,43342,1,T1,1,100,37.359
1715672578.137766,3862489.000,43373,1,T1,1,100,37.368
1715672578.271946,3862617.000,43389,1,T1,1,100,37.301
1715672578.405077,3862744.000,43409,1,T1,1,100,37.378
1715672578.539258,3862872.000,43425,1,T1,1,100,37.412
1715672578.672390,3862999.000,43460,1,T1,1,100,37.356
1715672578.805521,3863126.000,43477,1,T1,1,100,37.367
1715672578.939701,3863254.000,43493,1,T1,1,100,37.442
1715672579.071785,3863380.000,43511,1,T1,1,100,37.440
1715672579.203868,3863506.000,43542,1,T1,1,100,37.474
1715672579.337000,3863633.000,43564,1,T1,1,100,37.418
1715672579.470132,3863760.000,43581,1,T1,1,100,37.429
1715672579.603264,3863887.000,43597,1,T1,1,100,37.434
1715672579.738492,3864016.000,43629,1,T1,1,100,37.471
1715672579.870576,3864142.000,43649,1,T1,1,100,37.346
1715672580.004756,3864270.000,43666,1,T1,1,100,37.291
1715672580.137887,3864397.000,43683,1,T1,1,100,37.303
1715672580.268923,3864522.000,43717,1,T1,1,100,37.379
1715672580.399958,3864647.000,43735,1,T1,1,100,37.306
1715672580.533090,3864774.000,43755,1,T1,1,100,37.310
1715672580.666221,3864901.000,43771,1,T1,1,100,37.347
1715672580.800401,3865029.000,43804,2,T1,1,100,37.327
1715672580.934582,3865157.000,43804,2,T1,1,100,37.283
1715672581.067713,3865284.000,43822,1,T1,1,100,37.264
1715672581.201894,3865412.000,43841,1,T1,1,100,37.434
1715672581.333977,3865538.000,43875,1,T1,1,100,37.329
1715672581.465012,3865663.000,43892,1,T1,1,100,37.391
1715672581.599192,3865791.000,43908,1,T1,1,100,37.346
1715672581.731276,3865917.000,43926,1,T1,1,100,37.434
1715672581.865456,3866045.000,43960,1,T1,1,100,37.436
1715672581.998588,3866172.000,43977,1,T1,1,100,37.472
1715672582.132768,3866300.000,43994,1,T1,1,100,37.488
1715672582.267996,3866429.000,44012,1,T1,1,100,37.388
1715672582.400079,3866555.000,44047,1,T1,1,100,37.381
1715672582.532163,3866681.000,44064,1,T1,1,100,37.378
1715672582.663198,3866806.000,44081,1,T1,1,100,37.341
1715672582.796330,3866933.000,44098,1,T1,1,100,37.360
1715672582.929462,3867060.000,44130,1,T1,1,100,37.333
1715672583.064690,3867189.000,44149,1,T1,1,100,37.321
1715672583.196774,3867315.000,44166,1,T1,1,100,37.387
1715672583.330954,3867443.000,44184,1,T1,1,100,37.345
1715672583.464086,3867570.000,44216,1,T1,1,100,37.397
1715672583.595121,3867695.000,44236,1,T1,1,100,37.420
1715672583.726156,3867820.000,44253,1,T1,1,100,37.359
1715672583.859288,3867947.000,44270,1,T1,1,100,37.404
1715672583.992420,3868074.000,44302,1,T1,1,100,37.458
1715672584.127648,3868203.000,44318,1,T1,1,100,37.411
1715672584.260780,3868330.000,44335,1,T1,1,100,37.320
1715672584.393912,3868457.000,44354,1,T1,1,100,37.351
1715672584.530188,3868587.000,44388,1,T1,1,100,37.329
1715672584.662272,3868713.000,44406,1,T1,1,100,37.355
1715672584.793307,3868838.000,44422,1,T1,1,100,37.331
1715672584.926439,3868965.000,44439,1,T1,1,100,37.356
1715672585.058522,3869091.000,44474,1,T1,1,100,37.331
1715672585.192702,3869219.000,44490,1,T1,1,100,37.427
1715672585.325834,3869346.000,44508,1,T1,1,100,37.433
1715672585.460014,3869474.000,44528,1,T1,1,100,37.436
1715672585.595243,3869603.000,44560,1,T1,1,100,37.472
1715672585.727326,3869729.000,44577,1,T1,1,100,37.311
1715672585.859410,3869855.000,44593,1,T1,1,100,37.383
1715672585.990445,3869980.000,44611,1,T1,1,100,37.343
1715672586.123577,3870107.000,44656,2,T1,1,100,37.326
1715672586.256708,3870234.000,44656,2,T1,1,100,37.425
1715672586.390364,3870361.500,44673,2,T1,1,100,37.503
1715672586.524020,3870489.000,44673,2,T1,1,100,37.430
1715672586.658200,3870617.000,44705,1,T1,1,100,37.470
1715672586.792380,3870745.000,44721,1,T1,1,100,37.345
1715672586.924464,3870871.000,44741,1,T1,1,100,37.362
1715672587.055499,3870996.000,44758,1,T1,1,100,37.405
1715672587.188631,3871123.000,44789,1,T1,1,100,37.282
1715672587.320714,3871249.000,44809,1,T1,1,100,37.299
1715672587.455943,3871378.000,44828,1,T1,1,100,37.342
1715672587.589075,3871505.000,44845,1,T1,1,100,37.396
1715672587.722206,3871632.000,44877,1,T1,1,100,37.313
1715672587.858483,3871762.000,44893,1,T1,1,100,37.384
1715672587.990566,3871888.000,44911,1,T1,1,100,37.343
1715672588.121602,3872013.000,44927,1,T1,1,100,37.503
1715672588.252637,3872138.000,44961,1,T1,1,100,37.466
1715672588.384721,3872264.000,44981,1,T1,1,100,37.414
1715672588.518901,3872392.000,44997,1,T1,1,100,37.392
1715672588.652032,3872519.000,45015,1,T1,1,100,37.311
1715672588.786212,3872647.000,45049,1,T1,1,100,37.312
1715672588.921441,3872776.000,45066,1,T1,1,100,37.206
1715672589.053524,3872902.000,45083,1,T1,1,100,37.266
1715672589.186656,3873029.000,45099,1,T1,1,100,37.257
1715672589.317691,3873154.000,45119,1,T1,1,100,37.395
1715672589.450823,3873281.000,45153,1,T1,1,100,37.313
1715672589.583955,3873408.000,45170,1,T1,1,100,37.313
1715672589.719183,3873537.000,45187,1,T1,1,100,37.383
1715672589.851267,3873663.000,45203,1,T1,1,100,37.379
1715672589.985447,3873791.000,45238,1,T1,1,100,37.447
1715672590.120675,3873920.000,45255,1,T1,1,100,37.371
1715672590.252759,3874046.000,45271,1,T1,1,100,37.373
1715672590.383794,3874171.000,45291,1,T1,1,100,37.410
1715672590.515877,3874297.000,45324,1,T1,1,100,37.284
1715672590.646913,3874422.000,45341,1,T1,1,100,37.335
1715672590.782141,3874551.000,45361,1,T1,1,100,37.358
1715672590.915273,3874678.000,45377,1,T1,1,100,37.403
1715672591.048405,3874805.000,45395,1,T1,1,100,37.494
1715672591.184681,3874935.000,45426,1,T1,1,100,37.497
1715672591.316765,3875061.000,45446,1,T1,1,100,37.463
1715672591.447800,3875186.000,45465,1,T1,1,100,37.342
1715672591.578835,3875311.000,45487,1,T1,1,100,37.325
1715672591.710919,3875437.000,45504,1,T1,1,100,37.283
1715672591.844051,3875564.000,45520,1,T1,1,100,37.193
1715672591.978231,3875692.000,45538,1,T1,1,100,37.332
1715672592.112411,3875820.000,45554,1,T1,1,100,37.427
1715672592.247639,3875949.000,45574,1,T1,1,100,37.398
1715672592.379723,3876075.000,45591,1,T1,1,100,37.491
1715672592.513903,3876203.000,45610,1,T1,1,100,37.425
1715672592.644938,3876328.000,45642,1,T1,1,100,37.468
1715672592.778070,3876455.000,45658,1,T1,1,100,37.415
1715672592.910153,3876581.000,45675,1,T1,1,100,37.392
1715672593.045382,3876710.000,45692,1,T1,1,100,37.241
1715672593.177465,3876836.000,45723,1,T1,1,100,37.317
1715672593.311645,3876964.000,45741,1,T1,1,100,37.279
1715672593.447922,3877094.000,45757,1,T1,1,100,37.263
1715672593.580005,3877220.000,45779,1,T1,1,100,37.326
1715672593.711040,3877345.000,45811,1,T1,1,100,37.318
1715672593.842076,3877470.000,45827,1,T1,1,100,37.351
1715672593.973111,3877595.000,45845,1,T1,1,100,37.329
1715672594.108339,3877724.000,45861,1,T1,1,100,37.320
1715672594.240423,3877850.000,45893,1,T1,1,100,37.351
1715672594.373555,3877977.000,45910,1,T1,1,100,37.365
1715672594.509831,3878107.000,45928,1,T1,1,100,37.335
1715672594.641915,3878233.000,45946,1,T1,1,100,37.322
1715672594.772950,3878358.000,45962,1,T1,1,100,37.388
1715672594.903985,3878483.000,45997,1,T1,1,100,37.380
1715672595.036069,3878609.000,46014,1,T1,1,100,37.271
1715672595.169200,3878736.000,46030,1,T1,1,100,37.295
1715672595.304429,3878865.000,46047,1,T1,1,100,37.340
1715672595.438609,3878993.000,46084,1,T1,1,100,37.395
1715672595.573837,3879122.000,46102,1,T1,1,100,37.313
1715672595.708017,3879250.000,46120,1,T1,1,100,37.419
1715672595.842197,3879378.000,46151,1,T1,1,100,37.394
1715672595.973233,3879503.000,46168,1,T1,1,100,37.383
1715672596.106364,3879630.000,46188,1,T1,1,100,37.272
1715672596.237400,3879755.000,46204,1,T1,1,100,37.295
1715672596.372628,3879884.000,46222,1,T1,1,100,37.199
1715672596.504712,3880010.000,46255,1,T1,1,100,37.263
1715672596.638892,3880138.000,46272,1,T1,1,100,37.362
1715672596.775168,3880268.000,46289,1,T1,1,100,37.405
1715672596.907252,3880394.000,46305,1,T1,1,100,37.494
1715672597.038287,3880519.000,46328,1,T1,1,100,37.427
1715672597.169322,3880644.000,46344,1,T1,1,100,37.468
1715672597.300358,3880769.000,46362,1,T1,1,100,37.344
1715672597.435586,3880898.000,46381,1,T1,1,100,37.433
1715672597.567669,3881024.000,46415,1,T1,1,100,37.400
1715672597.700801,3881151.000,46432,1,T1,1,100,37.386
1715672597.837078,3881281.000,46448,1,T1,1,100,37.344
1715672597.969161,3881407.000,46466,1,T1,1,100,37.397
1715672598.101245,3881533.000,46500,1,T1,1,100,37.349
1715672598.232280,3881658.000,46517,1,T1,1,100,37.364
1715672598.364363,3881784.000,46534,1,T1,1,100,37.406
1715672598.496447,3881910.000,46552,1,T1,1,100,37.388
1715672598.631675,3882039.000,46587,1,T1,1,100,37.416
1715672598.765856,3882167.000,46604,1,T1,1,100,37.393
1715672598.901084,3882296.000,46620,1,T1,1,100,37.347
1715672599.035264,3882424.000,46638,1,T1,1,100,37.398
1715672599.169444,3882552.000,46669,1,T1,1,100,37.350
1715672599.300479,3882677.000,46686,1,T1,1,100,37.400
1715672599.432563,3882803.000,46703,1,T1,1,100,37.386
1715672599.563598,3882928.000,46721,1,T1,1,100,37.380
1715672599.698826,3883057.000,46753,1,T1,1,100,37.342
1715672599.830910,3883183.000,46770,1,T1,1,100,37.325
1715672599.965090,3883311.000,46787,1,T1,1,100,37.282
1715672600.101367,3883441.000,46807,1,T1,1,100,37.264
1715672600.233450,3883567.000,46839,1,T1,1,100,37.292
1715672600.366582,3883694.000,46857,1,T1,1,100,37.374
1715672600.497617,3883819.000,46874,1,T1,1,100,37.375
1715672600.628652,3883944.000,46892,1,T1,1,100,37.446
1715672600.763881,3884073.000,46924,1,T1,1,100,37.335
1715672600.895964,3884199.000,46941,1,T1,1,100,37.358
1715672601.029096,3884326.000,46958,1,T1,1,100,37.509
1715672601.165373,3884456.000,46975,1,T1,1,100,37.362
1715672601.298504,3884583.000,47010,1,T1,1,100,37.369
1715672601.431636,3884710.000,47026,1,T1,1,100,37.408
1715672601.562671,3884835.000,47045,1,T1,1,100,37.389
1715672601.694755,3884961.000,47062,1,T1,1,100,37.346
1715672601.824742,3885085.000,47096,1,T1,1,100,37.291
1715672601.959970,3885214.000,47114,1,T1,1,100,37.303
1715672602.094150,3885342.000,47130,1,T1,1,100,37.379
1715672602.229379,3885471.000,47147,1,T1,1,100,37.306
1715672602.363559,3885599.000,47168,1,T1,1,100,37.345
1715672602.497739,3885727.000,47186,1,T1,1,100,37.362
1715672602.628774,3885852.000,47207,1,T1,1,100,37.298
1715672602.759809,3885977.000,47223,1,T1,1,100,37.342
1715672602.890844,3886102.000,47240,1,T1,1,100,37.361
1715672603.026073,3886231.000,47272,1,T1,1,100,37.298
1715672603.158156,3886357.000,47288,1,T1,1,100,37.342
1715672603.292336,3886485.000,47306,1,T1,1,100,37.431
1715672603.428613,3886615.000,47322,1,T1,1,100,37.364
1715672603.560697,3886741.000,47356,1,T1,1,100,37.335
1715672603.694877,3886869.000,47373,1,T1,1,100,37.358
1715672603.825912,3886994.000,47390,1,T1,1,100,37.367
1715672603.956947,3887119.000,47410,1,T1,1,100,37.336
1715672604.091127,3887247.000,47441,1,T1,1,100,37.429
1715672604.223211,3887373.000,47458,1,T1,1,100,37.328
1715672604.356343,3887500.000,47475,1,T1,1,100,37.354
1715672604.492619,3887630.000,47491,1,T1,1,100,37.295
1715672604.626799,3887758.000,47525,1,T1,1,100,37.411
1715672604.759931,3887885.000,47542,1,T1,1,100,37.320
1715672604.890966,3888010.000,47558,1,T1,1,100,37.387
1715672605.022002,3888135.000,47576,1,T1,1,100,37.309
1715672605.151988,3888259.000,47608,1,T1,1,100,37.240
1715672605.287217,3888388.000,47625,1,T1,1,100,37.317
1715672605.421397,3888516.000,47646,1,T1,1,100,37.350
1715672605.556625,3888645.000,47664,1,T1,1,100,37.364
1715672605.690805,3888773.000,47696,1,T1,1,100,37.370
1715672605.824985,3888901.000,47713,1,T1,1,100,37.267
1715672605.958117,3889028.000,47730,1,T1,1,100,37.328
1715672606.089152,3889153.000,47750,1,T1,1,100,37.355
1715672606.220187,3889278.000,47766,1,T1,1,100,37.295
1715672606.355416,3889407.000,47798,1,T1,1,100,37.341
1715672606.487499,3889533.000,47815,1,T1,1,100,37.325
1715672606.621680,3889661.000,47834,1,T1,1,100,37.318
1715672606.757956,3889791.000,47851,1,T1,1,100,37.350
1715672606.890040,3889917.000,47883,1,T1,1,100,37.364
1715672607.025268,3890046.000,47899,1,T1,1,100,37.335
1715672607.156303,3890171.000,47916,1,T1,1,100,37.216
1715672607.287338,3890296.000,47938,1,T1,1,100,37.271
1715672607.420470,3890423.000,47970,1,T1,1,100,37.259
1715672607.552554,3890549.000,47987,1,T1,1,100,37.289
1715672607.687258,3890677.500,48012,2,T1,1,100,37.338
1715672607.821962,3890806.000,48012,2,T1,1,100,37.324
1715672607.956142,3890934.000,48045,1,T1,1,100,37.317
1715672608.089274,3891061.000,48061,1,T1,1,100,37.279
1715672608.220309,3891186.000,48078,1,T1,1,100,37.334
1715672608.352393,3891312.000,48095,1,T1,1,100,37.286
1715672608.482380,3891436.000,48126,1,T1,1,100,37.337
1715672608.617608,3891565.000,48144,1,T1,1,100,37.358
1715672608.750740,3891692.000,48162,1,T1,1,100,37.368
1715672608.885968,3891821.000,48179,1,T1,1,100,37.443
1715672609.020148,3891949.000,48211,1,T1,1,100,37.298
1715672609.154328,3892077.000,48227,1,T1,1,100,37.377
1715672609.288508,3892205.000,48245,1,T1,1,100,37.340
1715672609.419544,3892330.000,48261,1,T1,1,100,37.254
1715672609.550579,3892455.000,48293,1,T1,1,100,37.287
