LocalTimestamp,EmotiBitTimestamp,PacketNumber,DataLength,TypeTag,ProtocolVersion,DataReliability,TH
1715670597.257255,1972844.000,60499,1,TH,1,100,35.919
1715670597.385145,1972966.000,60517,1,TH,1,100,35.919
1715670597.513035,1973088.000,60548,1,TH,1,100,36.002
1715670597.644070,1973213.000,60567,1,TH,1,100,36.002
1715670597.776154,1973339.000,60584,1,TH,1,100,35.926
1715670597.911382,1973468.000,60600,1,TH,1,100,35.926
1715670598.044514,1973595.000,60632,1,TH,1,100,35.940
1715670598.177646,1973722.000,60649,1,TH,1,100,35.940
1715670598.312874,1973851.000,60665,1,TH,1,100,35.959
1715670598.443910,1973976.000,60683,1,TH,1,100,35.959
1715670598.578090,1974104.000,60714,1,TH,1,100,35.963
1715670598.711221,1974231.000,60735,1,TH,1,100,35.963
1715670598.842257,1974356.000,60752,1,TH,1,100,35.975
1715670598.976437,1974484.000,60768,1,TH,1,100,35.975
1715670599.110617,1974612.000,60800,1,TH,1,100,36.060
1715670599.243749,1974739.000,60817,1,TH,1,100,36.060
1715670599.377929,1974867.000,60834,1,TH,1,100,36.009
1715670599.512109,1974995.000,60851,1,TH,1,100,36.009
1715670599.645241,1975122.000,60885,1,TH,1,100,36.019
1715670599.777324,1975248.000,60901,1,TH,1,100,36.026
1715670599.909408,1975374.000,60918,1,TH,1,100,36.005
1715670600.040443,1975499.000,60935,1,TH,1,100,36.005
1715670600.174623,1975627.000,60966,1,TH,1,100,36.113
1715670600.307755,1975754.000,60984,1,TH,1,100,36.106
1715670600.441935,1975882.000,61000,1,TH,1,100,35.972
1715670600.575067,1976009.000,61017,1,TH,1,100,35.972
1715670600.708198,1976136.000,61051,1,TH,1,100,36.000
1715670600.840282,1976262.000,61067,1,TH,1,100,36.000
1715670600.971317,1976387.000,61084,1,TH,1,100,35.931
1715670601.103400,1976513.000,61101,1,TH,1,100,35.938
1715670601.238629,1976642.000,61132,1,TH,1,100,35.959
1715670601.371761,1976769.000,61150,1,TH,1,100,35.959
1715670601.504893,1976896.000,61166,1,TH,1,100,35.986
1715670601.640121,1977025.000,61185,1,TH,1,100,35.979
1715670601.771156,1977150.000,61208,1,TH,1,100,35.972
1715670601.905336,1977278.000,61224,1,TH,1,100,35.980
1715670602.038468,1977405.000,61242,1,TH,1,100,35.998
1715670602.169503,1977530.000,61258,1,TH,1,100,35.991
1715670602.302635,1977657.000,61290,1,TH,1,100,35.945
1715670602.436815,1977785.000,61307,1,TH,1,100,35.952
1715670602.569947,1977912.000,61323,1,TH,1,100,36.019
1715670602.704127,1978040.000,61341,1,TH,1,100,36.019
1715670602.838307,1978168.000,61372,1,TH,1,100,36.005
1715670602.971439,1978295.000,61389,1,TH,1,100,36.005
1715670603.103522,1978421.000,61406,1,TH,1,100,36.007
1715670603.235606,1978547.000,61422,1,TH,1,100,36.007
1715670603.366641,1978672.000,61454,1,TH,1,100,36.037
1715670603.500821,1978800.000,61471,1,TH,1,100,36.037
1715670603.633953,1978927.000,61487,1,TH,1,100,36.028
1715670603.768133,1979055.000,61507,1,TH,1,100,36.028
1715670603.901265,1979182.000,61538,1,TH,1,100,36.028
1715670604.034396,1979309.000,61555,1,TH,1,100,36.028
1715670604.167528,1979436.000,61572,1,TH,1,100,35.987
1715670604.298563,1979561.000,61588,1,TH,1,100,35.987
1715670604.430647,1979687.000,61620,1,TH,1,100,35.920
1715670604.565875,1979816.000,61637,1,TH,1,100,35.920
1715670604.699007,1979943.000,61654,1,TH,1,100,35.913
1715670604.832139,1980070.000,61673,1,TH,1,100,35.913
1715670604.967367,1980199.000,61705,1,TH,1,100,36.003
1715670605.098403,1980324.000,61721,1,TH,1,100,36.003
1715670605.232583,1980452.000,61738,1,TH,1,100,36.014
1715670605.365715,1980579.000,61755,1,TH,1,100,36.014
1715670605.496750,1980704.000,61786,1,TH,1,100,36.003
1715670605.629881,1980831.000,61804,1,TH,1,100,36.003
1715670605.764061,1980959.000,61820,1,TH,1,100,35.911
1715670605.897193,1981086.000,61837,1,TH,1,100,35.911
1715670606.031374,1981214.000,61869,1,TH,1,100,36.001
1715670606.165554,1981342.000,61885,1,TH,1,100,36.001
1715670606.298685,1981469.000,61902,1,TH,1,100,35.957
1715670606.430769,1981595.000,61919,1,TH,1,100,35.957
1715670606.561804,1981720.000,61950,1,TH,1,100,36.065
1715670606.692839,1981845.000,61968,1,TH,1,100,36.065
1715670606.827019,1981973.000,61986,1,TH,1,100,35.913
1715670606.960151,1982100.000,62003,1,TH,1,100,35.913
1715670607.093807,1982227.500,62038,2,TH,1,100,36.035
1715670607.227463,1982355.000,62038,2,TH,1,100,36.035
1715670607.360595,1982482.000,62055,1,TH,1,100,36.033
1715670607.493726,1982609.000,62072,1,TH,1,100,36.033
1715670607.624762,1982734.000,62104,1,TH,1,100,36.093
1715670607.756845,1982860.000,62120,1,TH,1,100,36.093
1715670607.892074,1982989.000,62137,1,TH,1,100,36.005
1715670608.025205,1983116.000,62154,1,TH,1,100,36.005
1715670608.158337,1983243.000,62185,1,TH,1,100,36.031
1715670608.293566,1983372.000,62202,1,TH,1,100,36.031
1715670608.425649,1983498.000,62219,1,TH,1,100,35.978
1715670608.559829,1983626.000,62252,1,TH,1,100,35.978
1715670608.692961,1983753.000,62272,1,TH,1,100,36.037
1715670608.824520,1983878.500,62289,2,TH,1,100,36.037
1715670608.956080,1984004.000,62289,2,TH,1,100,35.994
1715670609.090260,1984132.000,62306,1,TH,1,100,35.994
1715670609.223392,1984259.000,62323,1,TH,1,100,36.056
1715670609.358620,1984388.000,62340,1,TH,1,100,36.056
1715670609.492800,1984516.000,62373,1,TH,1,100,35.984
1715670609.625932,1984643.000,62390,1,TH,1,100,35.984
1715670609.758015,1984769.000,62407,1,TH,1,100,35.996
1715670609.889050,1984894.000,62438,1,TH,1,100,35.996
1715670610.020086,1985019.000,62456,1,TH,1,100,35.978
1715670610.154266,1985147.000,62472,1,TH,1,100,35.978
1715670610.287398,1985274.000,62491,1,TH,1,100,36.037
1715670610.421578,1985402.000,62523,1,TH,1,100,36.037
1715670610.554709,1985529.000,62539,1,TH,1,100,35.922
1715670610.687841,1985656.000,62557,1,TH,1,100,35.922
1715670610.822021,1985784.000,62573,1,TH,1,100,35.888
1715670610.954105,1985910.000,62590,1,TH,1,100,35.888
1715670611.086188,1986036.000,62607,1,TH,1,100,36.047
1715670611.220368,1986164.000,62624,1,TH,1,100,36.047
1715670611.353500,1986291.000,62658,1,TH,1,100,35.964
1715670611.486632,1986418.000,62674,1,TH,1,100,35.964
1715670611.621860,1986547.000,62691,1,TH,1,100,35.976
1715670611.753944,1986673.000,62723,1,TH,1,100,35.976
1715670611.888124,1986801.000,62739,1,TH,1,100,36.024
1715670612.021256,1986928.000,62757,1,TH,1,100,36.024
1715670612.152291,1987053.000,62773,1,TH,1,100,36.028
1715670612.283326,1987178.000,62807,1,TH,1,100,36.028
1715670612.417506,1987306.000,62824,1,TH,1,100,36.010
1715670612.550638,1987433.000,62841,1,TH,1,100,36.010
1715670612.685866,1987562.000,62859,1,TH,1,100,36.042
1715670612.820046,1987690.000,62875,1,TH,1,100,36.042
1715670612.953178,1987817.000,62892,1,TH,1,100,35.968
1715670613.085262,1987943.000,62925,2,TH,1,100,35.968
1715670613.217345,1988069.000,62925,2,TH,1,100,35.927
1715670613.348381,1988194.000,62944,1,TH,1,100,35.927
1715670613.482561,1988322.000,62975,1,TH,1,100,36.065
1715670613.615692,1988449.000,62992,1,TH,1,100,36.065
1715670613.749872,1988577.000,63011,1,TH,1,100,36.033
1715670613.883004,1988704.000,63028,1,TH,1,100,36.033
1715670614.016136,1988831.000,63060,1,TH,1,100,35.987
1715670614.151364,1988960.000,63076,1,TH,1,100,35.987
1715670614.282400,1989085.000,63093,1,TH,1,100,35.950
1715670614.414483,1989211.000,63127,1,TH,1,100,35.950
1715670614.547615,1989338.000,63143,1,TH,1,100,36.035
1715670614.680747,1989465.000,63161,1,TH,1,100,36.035
1715670614.813879,1989592.000,63177,1,TH,1,100,36.063
1715670614.949107,1989721.000,63209,1,TH,1,100,36.063
1715670615.081190,1989847.000,63227,1,TH,1,100,35.985
1715670615.215370,1989975.000,63243,1,TH,1,100,35.985
1715670615.348502,1990102.000,63263,1,TH,1,100,35.971
1715670615.479537,1990227.000,63279,1,TH,1,100,35.978
1715670615.610573,1990352.000,63311,1,TH,1,100,35.953
1715670615.744753,1990480.000,63328,1,TH,1,100,35.953
1715670615.877885,1990607.000,63344,1,TH,1,100,35.994
1715670616.013113,1990736.000,63362,1,TH,1,100,35.994
1715670616.147293,1990864.000,63393,1,TH,1,100,36.047
1715670616.280425,1990991.000,63410,1,TH,1,100,36.040
1715670616.413557,1991118.000,63427,1,TH,1,100,36.051
1715670616.545640,1991244.000,63445,1,TH,1,100,36.051
1715670616.676675,1991369.000,63477,1,TH,1,100,36.054
1715670616.810855,1991497.000,63494,1,TH,1,100,36.054
1715670616.943987,1991624.000,63510,1,TH,1,100,36.003
1715670617.078167,1991752.000,63528,1,TH,1,100,36.010
1715670617.211299,1991879.000,63559,1,TH,1,100,35.987
1715670617.345479,1992007.000,63578,1,TH,1,100,35.987
1715670617.480707,1992136.000,63595,1,TH,1,100,35.978
1715670617.612791,1992262.000,63611,1,TH,1,100,35.971
1715670617.744874,1992388.000,63629,1,TH,1,100,36.083
1715670617.878006,1992515.000,63660,1,TH,1,100,36.091
1715670618.011138,1992642.000,63677,1,TH,1,100,35.966
1715670618.144270,1992769.000,63694,1,TH,1,100,35.959
1715670618.279498,1992898.000,63710,1,TH,1,100,35.953
1715670618.411582,1993024.000,63742,1,TH,1,100,35.960
1715670618.545762,1993152.000,63761,1,TH,1,100,36.020
1715670618.678894,1993279.000,63778,1,TH,1,100,36.020
1715670618.809929,1993404.000,63797,1,TH,1,100,36.047
1715670618.940964,1993529.000,63829,1,TH,1,100,36.047
1715670619.075144,1993657.000,63845,1,TH,1,100,36.008
1715670619.208276,1993784.000,63862,1,TH,1,100,36.008
1715670619.343504,1993913.000,63879,1,TH,1,100,36.001
1715670619.477684,1994041.000,63912,1,TH,1,100,36.001
1715670619.610816,1994168.000,63930,1,TH,1,100,36.006
1715670619.743948,1994295.000,63946,1,TH,1,100,36.006
1715670619.876031,1994421.000,63963,1,TH,1,100,36.026
1715670620.007067,1994546.000,63995,1,TH,1,100,36.026
1715670620.141247,1994674.000,64011,1,TH,1,100,36.068
1715670620.274379,1994801.000,64028,1,TH,1,100,36.068
1715670620.408559,1994929.000,64045,1,TH,1,100,35.978
1715670620.541690,1995056.000,64078,1,TH,1,100,35.978
1715670620.675870,1995184.000,64096,1,TH,1,100,35.978
1715670620.811099,1995313.000,64112,1,TH,1,100,35.978
1715670620.943182,1995439.000,64129,1,TH,1,100,35.925
1715670621.075266,1995565.000,64161,1,TH,1,100,35.925
1715670621.207349,1995691.000,64177,1,TH,1,100,36.036
1715670621.340481,1995818.000,64195,1,TH,1,100,36.036
1715670621.473613,1995945.000,64211,1,TH,1,100,36.033
1715670621.608841,1996074.000,64245,1,TH,1,100,36.033
1715670621.740925,1996200.000,64261,1,TH,1,100,36.036
1715670621.875105,1996328.000,64277,1,TH,1,100,36.036
1715670622.008237,1996455.000,64295,1,TH,1,100,35.978
1715670622.139272,1996580.000,64311,1,TH,1,100,35.978
1715670622.270307,1996705.000,64328,1,TH,1,100,36.027
1715670622.404487,1996833.000,64360,1,TH,1,100,36.027
1715670622.537619,1996960.000,64376,1,TH,1,100,36.047
1715670622.672847,1997089.000,64396,1,TH,1,100,36.047
1715670622.807027,1997217.000,64412,1,TH,1,100,35.990
1715670622.940159,1997344.000,64444,1,TH,1,100,35.990
1715670623.074339,1997472.000,64461,1,TH,1,100,36.033
1715670623.206423,1997598.000,64477,1,TH,1,100,36.033
1715670623.337458,1997723.000,64509,1,TH,1,100,35.997
1715670623.470590,1997850.000,64526,1,TH,1,100,35.997
1715670623.603722,1997977.000,64542,1,TH,1,100,36.029
1715670623.737902,1998105.000,64564,1,TH,1,100,36.029
1715670623.871558,1998232.500,64582,2,TH,1,100,36.061
1715670624.005213,1998360.000,64582,2,TH,1,100,36.061
1715670624.138695,1998487.333,64600,3,TH,1,100,36.033
1715670624.272176,1998614.667,64600,3,TH,1,100,36.033
1715670624.405657,1998742.000,64600,3,TH,1,100,36.029
1715670624.535644,1998866.000,64617,1,TH,1,100,36.029
1715670624.668776,1998993.000,64635,1,TH,1,100,36.024
1715670624.801908,1999120.000,64652,1,TH,1,100,36.024
1715670624.937136,1999249.000,64668,1,TH,1,100,35.962
1715670625.069220,1999375.000,64686,1,TH,1,100,35.962
1715670625.203400,1999503.000,64717,1,TH,1,100,36.001
1715670625.336531,1999630.000,64734,1,TH,1,100,36.001
1715670625.468615,1999756.000,64751,1,TH,1,100,36.082
1715670625.599650,1999881.000,64767,1,TH,1,100,36.082
1715670625.733830,2000009.000,64801,1,TH,1,100,35.964
1715670625.866962,2000136.000,64818,1,TH,1,100,35.964
1715670626.002190,2000265.000,64835,1,TH,1,100,36.010
1715670626.136370,2000393.000,64852,1,TH,1,100,36.010
1715670626.269502,2000520.000,64884,1,TH,1,100,36.073
1715670626.404731,2000649.000,64900,1,TH,1,100,36.073
1715670626.536814,2000775.000,64917,1,TH,1,100,35.974
1715670626.667850,2000900.000,64936,1,TH,1,100,35.974
1715670626.799933,2001026.000,64967,1,TH,1,100,36.054
1715670626.933065,2001153.000,64985,1,TH,1,100,36.054
1715670627.067245,2001281.000,65001,1,TH,1,100,36.059
1715670627.200377,2001408.000,65018,1,TH,1,100,36.059
1715670627.334557,2001536.000,65050,1,TH,1,100,36.072
1715670627.469785,2001665.000,65066,1,TH,1,100,36.072
1715670627.600820,2001790.000,65083,1,TH,1,100,36.015
1715670627.732904,2001916.000,65102,1,TH,1,100,36.015
1715670627.863939,2002041.000,65133,1,TH,1,100,36.029
1715670627.997071,2002168.000,65151,1,TH,1,100,36.029
1715670628.130203,2002295.000,65167,1,TH,1,100,36.015
1715670628.265431,2002424.000,65184,1,TH,1,100,36.015
1715670628.397514,2002550.000,65216,1,TH,1,100,36.029
1715670628.531694,2002678.000,65232,1,TH,1,100,36.029
1715670628.665874,2002806.000,65250,1,TH,1,100,36.020
1715670628.797958,2002932.000,65270,1,TH,1,100,36.020
1715670628.928993,2003057.000,65302,1,TH,1,100,36.033
1715670629.063173,2003185.000,65319,1,TH,1,100,36.033
1715670629.195257,2003311.000,65335,1,TH,1,100,36.036
1715670629.330485,2003440.000,65353,1,TH,1,100,36.036
1715670629.464665,2003568.000,65386,1,TH,1,100,36.031
1715670629.597797,2003695.000,65403,1,TH,1,100,36.031
1715670629.733026,2003824.000,65420,1,TH,1,100,35.997
1715670629.865109,2003950.000,65436,1,TH,1,100,35.997
1715670629.996144,2004075.000,65468,1,TH,1,100,36.045
1715670630.127179,2004200.000,65485,1,TH,1,100,36.045
1715670630.260311,2004327.000,65501,1,TH,1,100,36.015
1715670630.394491,2004455.000,65521,1,TH,1,100,36.015
1715670630.527623,2004582.000,16,1,TH,1,100,36.001
1715670630.661803,2004710.000,33,1,TH,1,100,36.001
1715670630.797032,2004839.000,50,1,TH,1,100,36.036
1715670630.928067,2004964.000,66,1,TH,1,100,36.036
1715670631.061198,2005091.000,98,1,TH,1,100,36.010
1715670631.192234,2005216.000,115,1,TH,1,100,36.010
1715670631.325366,2005343.000,132,1,TH,1,100,36.027
1715670631.458497,2005470.000,151,1,TH,1,100,36.027
1715670631.593726,2005599.000,183,1,TH,1,100,35.992
1715670631.725809,2005725.000,199,1,TH,1,100,35.992
1715670631.859989,2005853.000,216,1,TH,1,100,36.006
1715670631.995218,2005982.000,233,1,TH,1,100,36.006
1715670632.127301,2006108.000,264,1,TH,1,100,36.041
1715670632.258336,2006233.000,281,1,TH,1,100,36.041
1715670632.391468,2006360.000,298,1,TH,1,100,35.937
1715670632.523552,2006486.000,315,1,TH,1,100,35.944
1715670632.658780,2006615.000,349,1,TH,1,100,36.080
1715670632.792960,2006743.000,365,1,TH,1,100,36.073
1715670632.925044,2006869.000,382,1,TH,1,100,35.999
1715670633.061320,2006999.000,414,1,TH,1,100,35.999
1715670633.193404,2007125.000,430,1,TH,1,100,36.018
1715670633.324439,2007250.000,448,1,TH,1,100,36.018
1715670633.454426,2007374.000,464,1,TH,1,100,36.033
1715670633.587558,2007501.000,496,1,TH,1,100,36.033
1715670633.721738,2007629.000,515,1,TH,1,100,36.031
1715670633.854870,2007756.000,533,1,TH,1,100,36.031
1715670633.989050,2007884.000,551,1,TH,1,100,36.059
1715670634.124278,2008013.000,582,1,TH,1,100,36.059
1715670634.255313,2008138.000,599,1,TH,1,100,35.960
1715670634.389493,2008266.000,616,1,TH,1,100,35.960
1715670634.520529,2008391.000,632,1,TH,1,100,36.061
1715670634.653660,2008518.000,650,1,TH,1,100,36.061
1715670634.786792,2008645.000,681,1,TH,1,100,35.992
1715670634.922020,2008774.000,697,1,TH,1,100,35.992
1715670635.054104,2008900.000,715,1,TH,1,100,36.010
1715670635.188284,2009028.000,746,1,TH,1,100,36.010
1715670635.324561,2009158.000,763,1,TH,1,100,36.054
1715670635.456644,2009284.000,780,1,TH,1,100,36.054
1715670635.587679,2009409.000,796,1,TH,1,100,35.995
1715670635.719763,2009535.000,830,1,TH,1,100,35.995
1715670635.851846,2009661.000,847,1,TH,1,100,36.064
1715670635.987075,2009790.000,864,1,TH,1,100,36.064
1715670636.121255,2009918.000,881,1,TH,1,100,35.972
1715670636.253338,2010044.000,913,1,TH,1,100,35.972
1715670636.389615,2010174.000,929,1,TH,1,100,36.004
1715670636.521698,2010300.000,946,1,TH,1,100,36.004
1715670636.653782,2010426.000,963,1,TH,1,100,36.064
1715670636.783769,2010550.000,996,1,TH,1,100,36.071
1715670636.916901,2010677.000,1014,1,TH,1,100,35.988
1715670637.051081,2010805.000,1030,1,TH,1,100,35.981
1715670637.184213,2010932.000,1047,1,TH,1,100,36.087
1715670637.318393,2011060.000,1079,1,TH,1,100,36.087
1715670637.453621,2011189.000,1095,1,TH,1,100,35.995
1715670637.585705,2011315.000,1112,1,TH,1,100,36.002
1715670637.719885,2011443.000,1129,1,TH,1,100,36.045
1715670637.850920,2011568.000,1162,1,TH,1,100,36.038
1715670637.984052,2011695.000,1180,1,TH,1,100,36.036
1715670638.116135,2011821.000,1196,1,TH,1,100,36.036
1715670638.251364,2011950.000,1213,1,TH,1,100,36.022
1715670638.383447,2012076.000,1245,1,TH,1,100,36.022
1715670638.517627,2012204.000,1261,1,TH,1,100,35.951
1715670638.653904,2012334.000,1279,1,TH,1,100,35.951
1715670638.785987,2012460.000,1299,1,TH,1,100,36.059
1715670638.917022,2012585.000,1331,1,TH,1,100,36.059
1715670639.048058,2012710.000,1348,1,TH,1,100,36.043
1715670639.180141,2012836.000,1364,1,TH,1,100,36.043
1715670639.315370,2012965.000,1382,1,TH,1,100,36.027
1715670639.449550,2013093.000,1413,1,TH,1,100,36.027
1715670639.581633,2013219.000,1429,1,TH,1,100,35.981
1715670639.717910,2013349.000,1449,1,TH,1,100,35.981
1715670639.849993,2013475.000,1480,1,TH,1,100,35.987
1715670639.983125,2013602.000,1497,1,TH,1,100,35.987
1715670640.113112,2013726.000,1514,1,TH,1,100,36.022
1715670640.246244,2013853.000,1530,1,TH,1,100,36.022
1715670640.379376,2013980.000,1562,1,TH,1,100,35.992
1715670640.512507,2014107.000,1579,1,TH,1,100,35.992
1715670640.646688,2014235.000,1598,1,TH,1,100,36.033
1715670640.781916,2014364.000,1615,1,TH,1,100,36.033
1715670640.915048,2014491.000,1649,1,TH,1,100,36.010
1715670641.049228,2014619.000,1665,1,TH,1,100,36.018
1715670641.180263,2014744.000,1682,1,TH,1,100,35.995
1715670641.312346,2014870.000,1699,1,TH,1,100,35.987
1715670641.444430,2014996.000,1730,1,TH,1,100,36.052
1715670641.579659,2015125.000,1748,1,TH,1,100,36.052
1715670641.711742,2015251.000,1764,1,TH,1,100,36.087
1715670641.845922,2015379.000,1781,1,TH,1,100,36.087
1715670641.982199,2015509.000,1813,1,TH,1,100,36.073
1715670642.114282,2015635.000,1829,1,TH,1,100,36.073
1715670642.246366,2015761.000,1846,1,TH,1,100,36.033
1715670642.377401,2015886.000,1863,1,TH,1,100,36.033
1715670642.509484,2016012.000,1896,1,TH,1,100,36.093
1715670642.644713,2016141.000,1914,1,TH,1,100,36.093
1715670642.778893,2016269.000,1930,1,TH,1,100,35.992
1715670642.910976,2016395.000,1947,1,TH,1,100,35.992
1715670643.047253,2016525.000,1979,1,TH,1,100,36.001
1715670643.180385,2016652.000,1997,1,TH,1,100,36.001
1715670643.314565,2016780.000,2015,1,TH,1,100,35.960
1715670643.444552,2016904.000,2031,1,TH,1,100,35.960
1715670643.577683,2017031.000,2048,1,TH,1,100,35.999
1715670643.709767,2017157.000,2067,1,TH,1,100,35.999
1715670643.842899,2017284.000,2100,1,TH,1,100,36.003
1715670643.977079,2017412.000,2118,1,TH,1,100,36.003
1715670644.112307,2017541.000,2134,1,TH,1,100,35.971
1715670644.244391,2017667.000,2151,1,TH,1,100,35.971
1715670644.378571,2017795.000,2183,1,TH,1,100,36.049
1715670644.509606,2017920.000,2199,1,TH,1,100,36.042
1715670644.640641,2018045.000,2217,1,TH,1,100,35.987
1715670644.772725,2018171.000,2233,1,TH,1,100,35.987
1715670644.907953,2018300.000,2265,1,TH,1,100,35.968
1715670645.040037,2018426.000,2282,1,TH,1,100,35.968
1715670645.174217,2018554.000,2298,1,TH,1,100,36.022
1715670645.310493,2018684.000,2316,1,TH,1,100,36.022
1715670645.442577,2018810.000,2347,1,TH,1,100,36.017
1715670645.576757,2018938.000,2364,1,TH,1,100,36.017
1715670645.707792,2019063.000,2381,1,TH,1,100,35.994
1715670645.839876,2019189.000,2397,1,TH,1,100,35.994
1715670645.975104,2019318.000,2429,1,TH,1,100,35.950
1715670646.109284,2019446.000,2448,1,TH,1,100,35.950
1715670646.241368,2019572.000,2464,1,TH,1,100,36.019
1715670646.377644,2019702.000,2482,1,TH,1,100,36.019
1715670646.510776,2019829.000,2513,1,TH,1,100,35.978
1715670646.644956,2019957.000,2530,1,TH,1,100,35.978
1715670646.774943,2020081.000,2547,1,TH,1,100,36.054
1715670646.908075,2020208.000,2563,1,TH,1,100,36.054
1715670647.039110,2020333.000,2597,1,TH,1,100,36.026
1715670647.172242,2020460.000,2614,1,TH,1,100,36.026
1715670647.306422,2020588.000,2631,1,TH,1,100,36.017
1715670647.441650,2020717.000,2648,1,TH,1,100,36.017
1715670647.573734,2020843.000,2680,1,TH,1,100,36.076
1715670647.707914,2020971.000,2696,1,TH,1,100,36.076
1715670647.839998,2021097.000,2713,1,TH,1,100,35.945
1715670647.969984,2021221.000,2730,1,TH,1,100,35.945
1715670648.102068,2021347.000,2761,1,TH,1,100,35.991
1715670648.237296,2021476.000,2778,1,TH,1,100,35.991
1715670648.369380,2021602.000,2795,1,TH,1,100,35.973
1715670648.503560,2021730.000,2812,1,TH,1,100,35.973
1715670648.639837,2021860.000,2846,1,TH,1,100,35.934
1715670648.771920,2021986.000,2862,1,TH,1,100,35.934
1715670648.907148,2022115.000,2879,1,TH,1,100,35.941
1715670649.038184,2022240.000,2911,1,TH,1,100,35.941
1715670649.170267,2022366.000,2927,1,TH,1,100,35.950
1715670649.304447,2022494.000,2945,1,TH,1,100,35.950
1715670649.438627,2022622.000,2961,1,TH,1,100,35.920
1715670649.570711,2022748.000,2993,1,TH,1,100,35.920
1715670649.706987,2022878.000,3010,1,TH,1,100,35.991
1715670649.840119,2023005.000,3026,1,TH,1,100,35.991
1715670649.974299,2023133.000,3044,1,TH,1,100,36.053
1715670650.104286,2023257.000,3077,1,TH,1,100,36.053
1715670650.236370,2023383.000,3094,1,TH,1,100,36.019
1715670650.367405,2023508.000,3111,1,TH,1,100,36.019
1715670650.500537,2023635.000,3127,1,TH,1,100,36.065
1715670650.634717,2023763.000,3159,1,TH,1,100,36.065
1715670650.769945,2023892.000,3176,1,TH,1,100,35.987
1715670650.902029,2024018.000,3194,1,TH,1,100,35.987
1715670651.036209,2024146.000,3212,1,TH,1,100,35.973
1715670651.169341,2024273.000,3245,1,TH,1,100,35.973
1715670651.299327,2024397.000,3262,1,TH,1,100,35.975
1715670651.431411,2024523.000,3279,1,TH,1,100,35.975
1715670651.566639,2024652.000,3295,1,TH,1,100,35.982
1715670651.698723,2024778.000,3327,1,TH,1,100,35.982
1715670651.832903,2024906.000,3344,1,TH,1,100,36.007
1715670651.969180,2025036.000,3361,1,TH,1,100,36.000
1715670652.101263,2025162.000,3378,1,TH,1,100,36.035
1715670652.236491,2025291.000,3410,1,TH,1,100,36.042
1715670652.367527,2025416.000,3426,1,TH,1,100,35.973
1715670652.499610,2025542.000,3445,1,TH,1,100,35.973
1715670652.632742,2025669.000,3462,1,TH,1,100,36.028
1715670652.766922,2025797.000,3493,1,TH,1,100,36.028
1715670652.899006,2025923.000,3510,1,TH,1,100,35.968
1715670653.035282,2026053.000,3527,1,TH,1,100,35.961
1715670653.168414,2026180.000,3544,1,TH,1,100,35.903
1715670653.302594,2026308.000,3576,1,TH,1,100,35.911
1715670653.432581,2026432.000,3592,1,TH,1,100,35.998
1715670653.564665,2026558.000,3609,1,TH,1,100,35.991
1715670653.695700,2026683.000,3628,1,TH,1,100,36.035
1715670653.828831,2026810.000,3661,1,TH,1,100,36.042
1715670653.963012,2026938.000,3679,1,TH,1,100,35.980
1715670654.098240,2027067.000,3695,1,TH,1,100,35.980
1715670654.230324,2027193.000,3712,1,TH,1,100,36.037
1715670654.364504,2027321.000,3744,1,TH,1,100,36.037
1715670654.497635,2027448.000,3760,1,TH,1,100,35.955
1715670654.627622,2027572.000,3778,1,TH,1,100,35.955
1715670654.759706,2027698.000,3796,1,TH,1,100,36.049
1715670654.894934,2027827.000,3828,1,TH,1,100,36.042
1715670655.025969,2027952.000,3845,1,TH,1,100,36.042
1715670655.160149,2028080.000,3861,1,TH,1,100,36.042
1715670655.296426,2028210.000,3879,1,TH,1,100,35.940
1715670655.428510,2028336.000,3910,1,TH,1,100,35.940
1715670655.563738,2028465.000,3926,1,TH,1,100,35.991
1715670655.694773,2028590.000,3946,1,TH,1,100,35.991
1715670655.826857,2028716.000,3962,1,TH,1,100,36.058
1715670655.958940,2028842.000,3994,1,TH,1,100,36.058
1715670656.093120,2028970.000,4011,1,TH,1,100,35.961
1715670656.225204,2029096.000,4027,1,TH,1,100,35.961
1715670656.361480,2029226.000,4045,1,TH,1,100,35.977
1715670656.494612,2029353.000,4076,1,TH,1,100,35.977
1715670656.628792,2029481.000,4093,1,TH,1,100,35.938
1715670656.758779,2029605.000,4110,1,TH,1,100,35.938
1715670656.890863,2029731.000,4144,1,TH,1,100,35.972
1715670657.021898,2029856.000,4160,1,TH,1,100,35.972
1715670657.155030,2029983.000,4177,1,TH,1,100,35.986
1715670657.289210,2030111.000,4194,1,TH,1,100,35.986
1715670657.424438,2030240.000,4225,1,TH,1,100,35.954
1715670657.556522,2030366.000,4243,1,TH,1,100,35.954
1715670657.690702,2030494.000,4259,1,TH,1,100,35.970
1715670657.824882,2030622.000,4276,1,TH,1,100,35.970
1715670657.954869,2030746.000,4308,1,TH,1,100,35.917
1715670658.086952,2030872.000,4324,1,TH,1,100,35.917
1715670658.222181,2031001.000,4341,1,TH,1,100,36.078
1715670658.353216,2031126.000,4358,1,TH,1,100,36.078
1715670658.487396,2031254.000,4391,1,TH,1,100,35.986
1715670658.623673,2031384.000,4411,1,TH,1,100,35.986
1715670658.755756,2031510.000,4427,1,TH,1,100,35.998
1715670658.890985,2031639.000,4444,1,TH,1,100,35.998
1715670659.022020,2031764.000,4476,1,TH,1,100,35.947
1715670659.154103,2031890.000,4492,1,TH,1,100,35.947
1715670659.286187,2032016.000,4510,1,TH,1,100,35.961
1715670659.420367,2032144.000,4526,1,TH,1,100,35.961
1715670659.552450,2032270.000,4560,1,TH,1,100,36.014
1715670659.688727,2032400.000,4577,1,TH,1,100,36.014
1715670659.821859,2032527.000,4593,1,TH,1,100,35.922
1715670659.956039,2032655.000,4611,1,TH,1,100,35.922
1715670660.086026,2032779.000,4642,1,TH,1,100,35.945
1715670660.218109,2032905.000,4659,1,TH,1,100,35.945
1715670660.349144,2033030.000,4676,1,TH,1,100,36.014
1715670660.482276,2033157.000,4692,1,TH,1,100,36.014
1715670660.616456,2033285.000,4726,1,TH,1,100,35.995
1715670660.751685,2033414.000,4743,1,TH,1,100,35.996
1715670660.883768,2033540.000,4759,1,TH,1,100,35.991
1715670661.017948,2033668.000,4777,1,TH,1,100,35.991
1715670661.152128,2033796.000,4808,1,TH,1,100,36.042
1715670661.282115,2033920.000,4825,1,TH,1,100,36.042
1715670661.414199,2034046.000,4842,1,TH,1,100,35.959
1715670661.548379,2034174.000,4858,1,TH,1,100,35.959
1715670661.679414,2034299.000,4892,1,TH,1,100,35.975
1715670661.813594,2034427.000,4909,1,TH,1,100,35.975
1715670661.949871,2034557.000,4926,1,TH,1,100,35.949
1715670662.081954,2034683.000,4957,1,TH,1,100,35.949
1715670662.217183,2034812.000,4975,1,TH,1,100,35.991
1715670662.348218,2034937.000,4991,1,TH,1,100,35.991
1715670662.479253,2035062.000,5008,1,TH,1,100,36.002
1715670662.611337,2035188.000,5042,1,TH,1,100,36.002
1715670662.745517,2035316.000,5058,1,TH,1,100,35.998
1715670662.877600,2035442.000,5075,1,TH,1,100,35.998
1715670663.013877,2035572.000,5092,1,TH,1,100,36.044
1715670663.147009,2035699.000,5123,1,TH,1,100,36.044
1715670663.280140,2035826.000,5141,1,TH,1,100,35.970
1715670663.412224,2035952.000,5157,1,TH,1,100,35.970
1715670663.544307,2036078.000,5174,1,TH,1,100,35.945
1715670663.675343,2036203.000,5210,1,TH,1,100,35.945
1715670663.808475,2036330.000,5226,1,TH,1,100,36.069
1715670663.942655,2036458.000,5244,1,TH,1,100,36.069
1715670664.077883,2036587.000,5260,1,TH,1,100,35.924
1715670664.209966,2036713.000,5292,1,TH,1,100,35.924
1715670664.344146,2036841.000,5309,1,TH,1,100,35.956
1715670664.479375,2036970.000,5325,1,TH,1,100,35.956
1715670664.609362,2037094.000,5343,1,TH,1,100,35.917
1715670664.741445,2037220.000,5376,1,TH,1,100,35.917
1715670664.874577,2037347.000,5393,1,TH,1,100,35.968
1715670665.005612,2037472.000,5410,1,TH,1,100,35.968
1715670665.139792,2037600.000,5426,1,TH,1,100,36.028
1715670665.276069,2037730.000,5458,1,TH,1,100,36.028
1715670665.408153,2037856.000,5475,1,TH,1,100,36.007
1715670665.543381,2037985.000,5491,1,TH,1,100,36.007
1715670665.674416,2038110.000,5509,1,TH,1,100,36.030
1715670665.805451,2038235.000,5542,1,TH,1,100,36.030
1715670665.937535,2038361.000,5559,1,TH,1,100,35.961
1715670666.071715,2038489.000,5576,1,TH,1,100,35.961
1715670666.203799,2038615.000,5592,1,TH,1,100,35.917
1715670666.340075,2038745.000,5624,1,TH,1,100,35.917
1715670666.473207,2038872.000,5641,1,TH,1,100,35.961
1715670666.606339,2038999.000,5658,1,TH,1,100,35.961
1715670666.739470,2039126.000,5675,1,TH,1,100,36.030
1715670666.871554,2039252.000,5709,1,TH,1,100,36.030
1715670667.002589,2039377.000,5725,1,TH,1,100,35.961
1715670667.135721,2039504.000,5742,1,TH,1,100,35.961
1715670667.267805,2039630.000,5759,1,TH,1,100,36.030
1715670667.403033,2039759.000,5790,1,TH,1,100,36.030
1715670667.535116,2039885.000,5808,1,TH,1,100,36.030
1715670667.669297,2040013.000,5824,1,TH,1,100,36.030
1715670667.804525,2040142.000,5841,1,TH,1,100,35.952
1715670667.934512,2040266.000,5875,1,TH,1,100,35.952
1715670668.066595,2040392.000,5891,1,TH,1,100,36.032
1715670668.198679,2040518.000,5908,1,TH,1,100,36.032
1715670668.329714,2040643.000,5925,1,TH,1,100,35.952
1715670668.463894,2040771.000,5956,1,TH,1,100,35.952
1715670668.600171,2040901.000,5976,1,TH,1,100,36.023
1715670668.732254,2041027.000,5994,1,TH,1,100,36.023
1715670668.867483,2041156.000,6011,1,TH,1,100,36.032
1715670668.998518,2041281.000,6043,1,TH,1,100,36.032
1715670669.130601,2041407.000,6059,1,TH,1,100,36.021
1715670669.262685,2041533.000,6077,1,TH,1,100,36.021
1715670669.396865,2041661.000,6093,1,TH,1,100,35.972
1715670669.528949,2041787.000,6125,1,TH,1,100,35.972
1715670669.665225,2041917.000,6142,1,TH,1,100,35.945
1715670669.798357,2042044.000,6160,1,TH,1,100,35.945
1715670669.931489,2042171.000,6178,1,TH,1,100,35.970
1715670670.065669,2042299.000,6209,1,TH,1,100,35.970
1715670670.197752,2042425.000,6225,1,TH,1,100,35.963
1715670670.328788,2042550.000,6243,1,TH,1,100,35.963
1715670670.461919,2042677.000,6259,1,TH,1,100,35.906
1715670670.594003,2042803.000,6293,1,TH,1,100,35.906
1715670670.729231,2042932.000,6310,1,TH,1,100,35.936
1715670670.861315,2043058.000,6326,1,TH,1,100,35.936
1715670670.995495,2043186.000,6344,1,TH,1,100,35.931
1715670671.130723,2043315.000,6375,1,TH,1,100,35.931
1715670671.260710,2043439.000,6394,1,TH,1,100,35.973
1715670671.392793,2043565.000,6411,1,TH,1,100,35.972
1715670671.524877,2043691.000,6427,1,TH,1,100,35.890
1715670671.655912,2043816.000,6459,1,TH,1,100,35.890
1715670671.790092,2043944.000,6476,1,TH,1,100,36.002
1715670671.926369,2044074.000,6493,1,TH,1,100,36.002
1715670672.058453,2044200.000,6510,1,TH,1,100,35.949
1715670672.193681,2044329.000,6544,1,TH,1,100,35.949
1715670672.324716,2044454.000,6560,1,TH,1,100,35.993
1715670672.456800,2044580.000,6577,1,TH,1,100,35.993
1715670672.588883,2044706.000,6594,1,TH,1,100,35.926
1715670672.723063,2044834.000,6625,1,TH,1,100,35.926
1715670672.855147,2044960.000,6643,1,TH,1,100,36.023
1715670672.991423,2045090.000,6659,1,TH,1,100,36.023
1715670673.124555,2045217.000,6676,1,TH,1,100,36.048
1715670673.257687,2045344.000,6710,1,TH,1,100,36.048
1715670673.391867,2045472.000,6726,1,TH,1,100,35.929
1715670673.523951,2045598.000,6743,1,TH,1,100,35.929
1715670673.654986,2045723.000,6762,1,TH,1,100,36.014
1715670673.787069,2045849.000,6793,1,TH,1,100,36.014
1715670673.919153,2045975.000,6811,1,TH,1,100,35.959
1715670674.054381,2046104.000,6827,1,TH,1,100,35.959
1715670674.186465,2046230.000,6844,1,TH,1,100,35.984
1715670674.320645,2046358.000,6876,1,TH,1,100,35.984
1715670674.455873,2046487.000,6894,1,TH,1,100,35.919
1715670674.585860,2046611.000,6912,1,TH,1,100,35.919
1715670674.717943,2046737.000,6928,1,TH,1,100,35.998
1715670674.850027,2046863.000,6960,1,TH,1,100,35.998
1715670674.981062,2046988.000,6977,1,TH,1,100,35.984
1715670675.115242,2047116.000,6993,1,TH,1,100,35.984
1715670675.251519,2047246.000,7011,1,TH,1,100,36.069
1715670675.383602,2047372.000,7042,1,TH,1,100,36.069
1715670675.518831,2047501.000,7060,1,TH,1,100,35.995
1715670675.650914,2047627.000,7078,1,TH,1,100,35.996
1715670675.782998,2047753.000,7109,1,TH,1,100,35.965
1715670675.915081,2047879.000,7126,1,TH,1,100,35.965
1715670676.049261,2048007.000,7143,1,TH,1,100,35.975
1715670676.181345,2048133.000,7159,1,TH,1,100,35.975
1715670676.317621,2048263.000,7191,1,TH,1,100,35.975
1715670676.450753,2048390.000,7210,1,TH,1,100,35.975
1715670676.583885,2048517.000,7227,1,TH,1,100,36.019
1715670676.718065,2048645.000,7244,1,TH,1,100,36.019
1715670676.849625,2048770.500,7277,2,TH,1,100,36.021
1715670676.981184,2048896.000,7277,2,TH,1,100,36.021
1715670677.113267,2049022.000,7308,1,TH,1,100,35.984
1715670677.245351,2049148.000,7325,1,TH,1,100,35.984
1715670677.380579,2049277.000,7342,1,TH,1,100,35.965
1715670677.512663,2049403.000,7358,1,TH,1,100,35.965
1715670677.646843,2049531.000,7392,1,TH,1,100,35.952
1715670677.782071,2049660.000,7409,1,TH,1,100,35.952
1715670677.912058,2049784.000,7426,1,TH,1,100,35.952
1715670678.044142,2049910.000,7443,1,TH,1,100,35.952
1715670678.176225,2050036.000,7475,1,TH,1,100,35.979
1715670678.307261,2050161.000,7491,1,TH,1,100,35.979
1715670678.441441,2050289.000,7508,1,TH,1,100,35.975
1715670678.577717,2050419.000,7525,1,TH,1,100,35.975
1715670678.709801,2050545.000,7560,1,TH,1,100,35.979
1715670678.845029,2050674.000,7578,1,TH,1,100,35.979
1715670678.977113,2050800.000,7594,1,TH,1,100,35.996
1715670679.109196,2050926.000,7611,1,TH,1,100,35.996
1715670679.241280,2051052.000,7643,1,TH,1,100,35.867
1715670679.375460,2051180.000,7659,1,TH,1,100,35.867
1715670679.506495,2051305.000,7676,1,TH,1,100,35.995
1715670679.642771,2051435.000,7693,1,TH,1,100,35.995
1715670679.775903,2051562.000,7726,1,TH,1,100,35.929
1715670679.909035,2051689.000,7744,1,TH,1,100,35.929
1715670680.043215,2051817.000,7760,1,TH,1,100,35.929
1715670680.175299,2051943.000,7777,1,TH,1,100,35.929
1715670680.306334,2052068.000,7809,1,TH,1,100,35.965
1715670680.437369,2052193.000,7825,1,TH,1,100,35.965
1715670680.569453,2052319.000,7843,1,TH,1,100,35.961
1715670680.704681,2052448.000,7859,1,TH,1,100,35.961
1715670680.836765,2052574.000,7893,1,TH,1,100,35.963
1715670680.970945,2052702.000,7910,1,TH,1,100,35.963
1715670681.106173,2052831.000,7926,1,TH,1,100,36.046
1715670681.236160,2052955.000,7944,1,TH,1,100,36.046
1715670681.368243,2053081.000,7975,1,TH,1,100,35.970
1715670681.500327,2053207.000,7992,1,TH,1,100,35.970
1715670681.631362,2053332.000,8009,1,TH,1,100,36.046
1715670681.765542,2053460.000,8025,1,TH,1,100,36.046
1715670681.901819,2053590.000,8057,1,TH,1,100,36.014
1715670682.033902,2053716.000,8076,1,TH,1,100,36.014
1715670682.169131,2053845.000,8092,1,TH,1,100,35.919
1715670682.301214,2053971.000,8110,1,TH,1,100,35.919
1715670682.433298,2054097.000,8141,1,TH,1,100,35.998
1715670682.565381,2054223.000,8158,1,TH,1,100,35.998
1715670682.699561,2054351.000,8175,1,TH,1,100,35.919
1715670682.830596,2054476.000,8191,1,TH,1,100,35.919
1715670682.966873,2054606.000,8223,1,TH,1,100,36.007
1715670683.100005,2054733.000,8242,1,TH,1,100,36.007
1715670683.233137,2054860.000,8259,1,TH,1,100,35.965
1715670683.367317,2054988.000,8276,1,TH,1,100,35.965
1715670683.499400,2055114.000,8308,1,TH,1,100,36.037
1715670683.630435,2055239.000,8326,1,TH,1,100,36.037
1715670683.762519,2055365.000,8343,1,TH,1,100,35.979
1715670683.894603,2055491.000,8360,1,TH,1,100,35.979
1715670684.029831,2055620.000,8391,1,TH,1,100,36.002
1715670684.161914,2055746.000,8411,1,TH,1,100,36.002
1715670684.296094,2055874.000,8427,1,TH,1,100,36.028
1715670684.431323,2056003.000,8444,1,TH,1,100,36.028
1715670684.561310,2056127.000,8476,1,TH,1,100,36.048
1715670684.693393,2056253.000,8492,1,TH,1,100,36.048
1715670684.825477,2056379.000,8509,1,TH,1,100,36.007
1715670684.956512,2056504.000,8526,1,TH,1,100,36.007
1715670685.090692,2056632.000,8557,1,TH,1,100,35.998
1715670685.226969,2056762.000,8577,1,TH,1,100,35.998
1715670685.359052,2056888.000,8593,1,TH,1,100,35.952
1715670685.494281,2057017.000,8610,1,TH,1,100,35.952
1715670685.627413,2057144.000,8642,1,TH,1,100,35.945
1715670685.759496,2057270.000,8658,1,TH,1,100,35.945
1715670685.891579,2057396.000,8676,1,TH,1,100,35.933
1715670686.025759,2057524.000,8692,1,TH,1,100,35.926
1715670686.156795,2057649.000,8724,1,TH,1,100,35.921
1715670686.293072,2057779.000,8743,1,TH,1,100,35.929
1715670686.426203,2057906.000,8759,1,TH,1,100,35.952
1715670686.559335,2058033.000,8777,1,TH,1,100,35.952
1715670686.693515,2058161.000,8793,1,TH,1,100,35.947
1715670686.825598,2058287.000,8825,1,TH,1,100,35.947
1715670686.955585,2058411.000,8842,1,TH,1,100,35.993
1715670687.087669,2058537.000,8858,1,TH,1,100,35.993
1715670687.219753,2058663.000,8876,1,TH,1,100,35.984
1715670687.354981,2058792.000,8907,1,TH,1,100,35.984
1715670687.488113,2058919.000,8925,1,TH,1,100,35.906
1715670687.622293,2059047.000,8943,1,TH,1,100,35.906
1715670687.757521,2059176.000,8959,1,TH,1,100,35.945
1715670687.887508,2059300.000,8991,1,TH,1,100,35.938
1715670688.019592,2059426.000,9008,1,TH,1,100,35.933
1715670688.151675,2059552.000,9024,1,TH,1,100,35.940
1715670688.282710,2059677.000,9042,1,TH,1,100,35.968
1715670688.416890,2059805.000,9075,1,TH,1,100,35.968
1715670688.553167,2059935.000,9092,1,TH,1,100,35.938
1715670688.685251,2060061.000,9111,1,TH,1,100,35.938
1715670688.820479,2060190.000,9127,1,TH,1,100,35.954
1715670688.953611,2060317.000,9159,1,TH,1,100,35.954
1715670689.085694,2060443.000,9176,1,TH,1,100,35.957
1715670689.217778,2060569.000,9193,1,TH,1,100,35.957
1715670689.351958,2060697.000,9210,1,TH,1,100,35.986
1715670689.481945,2060821.000,9242,1,TH,1,100,35.986
1715670689.618221,2060951.000,9260,1,TH,1,100,35.988
1715670689.751353,2061078.000,9277,1,TH,1,100,35.988
1715670689.884485,2061205.000,9294,1,TH,1,100,35.933
1715670690.018665,2061333.000,9325,1,TH,1,100,35.933
1715670690.150748,2061459.000,9342,1,TH,1,100,35.945
1715670690.280735,2061583.000,9359,1,TH,1,100,35.945
1715670690.412819,2061709.000,9376,1,TH,1,100,36.025
1715670690.544903,2061835.000,9408,1,TH,1,100,36.025
1715670690.680131,2061964.000,9424,1,TH,1,100,35.938
1715670690.812214,2062090.000,9443,1,TH,1,100,35.931
1715670690.946394,2062218.000,9460,1,TH,1,100,35.972
1715670691.081623,2062347.000,9491,1,TH,1,100,35.979
1715670691.211610,2062471.000,9509,1,TH,1,100,35.942
1715670691.344742,2062598.000,9525,1,TH,1,100,35.942
1715670691.476825,2062724.000,9542,1,TH,1,100,36.039
1715670691.607860,2062849.000,9574,1,TH,1,100,36.039
1715670691.742040,2062977.000,9592,1,TH,1,100,35.926
1715670691.878317,2063107.000,9610,1,TH,1,100,35.926
1715670692.010401,2063233.000,9626,1,TH,1,100,35.998
1715670692.145629,2063362.000,9658,1,TH,1,100,35.998
1715670692.279809,2063490.000,9675,1,TH,1,100,35.975
1715670692.411892,2063616.000,9691,1,TH,1,100,35.975
1715670692.543976,2063742.000,9709,1,TH,1,100,35.986
1715670692.678156,2063870.000,9740,1,TH,1,100,35.986
1715670692.808143,2063994.000,9757,1,TH,1,100,35.977
1715670692.944420,2064124.000,9776,1,TH,1,100,35.977
1715670693.077551,2064251.000,9792,1,TH,1,100,35.998
1715670693.210683,2064378.000,9824,1,TH,1,100,35.998
1715670693.344863,2064506.000,9841,1,TH,1,100,35.996
1715670693.476947,2064632.000,9857,1,TH,1,100,35.996
1715670693.607982,2064757.000,9877,1,TH,1,100,35.938
1715670693.740066,2064883.000,9908,1,TH,1,100,35.938
1715670693.873197,2065010.000,9925,1,TH,1,100,35.977
1715670694.008426,2065139.000,9944,1,TH,1,100,35.977
1715670694.140509,2065265.000,9960,1,TH,1,100,35.965
1715670694.274689,2065393.000,9992,1,TH,1,100,35.965
1715670694.409918,2065522.000,10009,1,TH,1,100,36.027
1715670694.539905,2065646.000,10026,1,TH,1,100,36.027
1715670694.673036,2065773.000,10043,1,TH,1,100,35.984
1715670694.805120,2065899.000,10075,1,TH,1,100,35.984
1715670694.936155,2066024.000,10091,1,TH,1,100,35.942
1715670695.069287,2066151.000,10110,1,TH,1,100,35.942
1715670695.205564,2066281.000,10127,1,TH,1,100,36.085
1715670695.337647,2066407.000,10158,1,TH,1,100,36.078
1715670695.472875,2066536.000,10175,1,TH,1,100,36.000
1715670695.607055,2066664.000,10192,1,TH,1,100,36.007
1715670695.739139,2066790.000,10223,1,TH,1,100,35.882
1715670695.871222,2066916.000,10241,1,TH,1,100,35.883
1715670696.004354,2067043.000,10257,1,TH,1,100,36.005
1715670696.134341,2067167.000,10276,1,TH,1,100,36.005
1715670696.270618,2067297.000,10293,1,TH,1,100,35.959
1715670696.403750,2067424.000,10324,1,TH,1,100,35.959
1715670696.536881,2067551.000,10342,1,TH,1,100,35.984
1715670696.671062,2067679.000,10358,1,TH,1,100,35.984
1715670696.803145,2067805.000,10375,1,TH,1,100,36.014
1715670696.934180,2067930.000,10407,1,TH,1,100,36.014
1715670697.066264,2068056.000,10423,1,TH,1,100,35.995
1715670697.199395,2068183.000,10441,1,TH,1,100,35.988
1715670697.334624,2068312.000,10459,1,TH,1,100,35.901
1715670697.466707,2068438.000,10491,1,TH,1,100,35.908
1715670697.600888,2068566.000,10508,1,TH,1,100,36.004
1715670697.736116,2068695.000,10524,1,TH,1,100,36.004
1715670697.867151,2068820.000,10542,1,TH,1,100,35.933
1715670698.000283,2068947.000,10573,1,TH,1,100,35.926
1715670698.132366,2069073.000,10589,1,TH,1,100,36.002
1715670698.263402,2069198.000,10609,1,TH,1,100,36.009
1715670698.395485,2069324.000,10625,1,TH,1,100,35.944
1715670698.531762,2069454.000,10659,1,TH,1,100,35.937
1715670698.663845,2069580.000,10676,1,TH,1,100,35.970
1715670698.799074,2069709.000,10692,1,TH,1,100,35.977
1715670698.933254,2069837.000,10710,1,TH,1,100,35.998
1715670699.065337,2069963.000,10741,1,TH,1,100,35.990
1715670699.197421,2070089.000,10758,1,TH,1,100,35.965
1715670699.329504,2070215.000,10775,1,TH,1,100,35.972
1715670699.459491,2070339.000,10793,1,TH,1,100,36.037
1715670699.595768,2070469.000,10825,1,TH,1,100,36.030
1715670699.728899,2070596.000,10842,1,TH,1,100,35.949
1715670699.862031,2070723.000,10859,1,TH,1,100,35.956
1715670699.996212,2070851.000,10876,1,TH,1,100,35.887
1715670700.128295,2070977.000,10908,1,TH,1,100,35.887
1715670700.260378,2071103.000,10924,1,TH,1,100,35.995
1715670700.392462,2071229.000,10943,1,TH,1,100,35.995
1715670700.525594,2071356.000,10960,1,TH,1,100,36.019
1715670700.660822,2071485.000,10991,1,TH,1,100,36.019
1715670700.792906,2071611.000,11009,1,TH,1,100,35.965
1715670700.927086,2071739.000,11025,1,TH,1,100,35.965
1715670701.062314,2071868.000,11042,1,TH,1,100,35.952
1715670701.194397,2071994.000,11074,1,TH,1,100,35.952
1715670701.327529,2072121.000,11092,1,TH,1,100,35.952
1715670701.459613,2072247.000,11109,1,TH,1,100,35.952
1715670701.590648,2072372.000,11126,1,TH,1,100,36.030
1715670701.721683,2072497.000,11157,1,TH,1,100,36.023
1715670701.857960,2072627.000,11175,1,TH,1,100,35.949
1715670701.990043,2072753.000,11191,1,TH,1,100,35.949
1715670702.125272,2072882.000,11208,1,TH,1,100,36.023
1715670702.259452,2073010.000,11240,1,TH,1,100,36.023
1715670702.391536,2073136.000,11258,1,TH,1,100,35.972
1715670702.523619,2073262.000,11276,1,TH,1,100,35.979
1715670702.655702,2073388.000,11292,1,TH,1,100,35.938
1715670702.785689,2073512.000,11324,1,TH,1,100,35.931
1715670702.921966,2073642.000,11341,1,TH,1,100,35.986
1715670703.055098,2073769.000,11357,1,TH,1,100,35.993
1715670703.188230,2073896.000,11375,1,TH,1,100,35.929
1715670703.322410,2074024.000,11406,1,TH,1,100,35.929
1715670703.454493,2074150.000,11424,1,TH,1,100,35.982
1715670703.587625,2074277.000,11444,1,TH,1,100,35.982
1715670703.719708,2074403.000,11460,1,TH,1,100,35.908
1715670703.852840,2074530.000,11492,1,TH,1,100,35.900
1715670703.988069,2074659.000,11509,1,TH,1,100,35.961
1715670704.120152,2074785.000,11525,1,TH,1,100,35.968
1715670704.254332,2074913.000,11543,1,TH,1,100,35.990
1715670704.389560,2075042.000,11576,1,TH,1,100,35.983
1715670704.522692,2075169.000,11593,1,TH,1,100,36.007
1715670704.655824,2075296.000,11610,1,TH,1,100,36.007
1715670704.787908,2075422.000,11626,1,TH,1,100,35.940
1715670704.918943,2075547.000,11658,1,TH,1,100,35.947
1715670705.049978,2075672.000,11675,1,TH,1,100,36.032
1715670705.186255,2075802.000,11692,1,TH,1,100,36.025
1715670705.318338,2075928.000,11711,1,TH,1,100,35.958
1715670705.453567,2076057.000,11743,1,TH,1,100,35.958
1715670705.587747,2076185.000,11759,1,TH,1,100,35.986
1715670705.719830,2076311.000,11776,1,TH,1,100,35.986
1715670705.851914,2076437.000,11808,1,TH,1,100,35.940
1715670705.983997,2076563.000,11824,1,TH,1,100,35.940
1715670706.113984,2076687.000,11841,1,TH,1,100,36.027
1715670706.250261,2076817.000,11858,1,TH,1,100,36.027
1715670706.383393,2076944.000,11891,1,TH,1,100,35.972
1715670706.516524,2077071.000,11909,1,TH,1,100,35.972
1715670706.650704,2077199.000,11925,1,TH,1,100,35.944
1715670706.782788,2077325.000,11942,1,TH,1,100,35.944
1715670706.915920,2077452.000,11959,1,TH,1,100,35.965
1715670707.048003,2077578.000,11990,1,TH,1,100,35.965
1715670707.181135,2077705.000,12008,1,TH,1,100,36.000
1715670707.316363,2077834.000,12024,1,TH,1,100,36.000
1715670707.448447,2077960.000,12041,1,TH,1,100,35.935
1715670707.582627,2078088.000,12075,1,TH,1,100,35.935
1715670707.717855,2078217.000,12091,1,TH,1,100,35.949
1715670707.849939,2078343.000,12109,1,TH,1,100,35.949
1715670707.983071,2078470.000,12125,1,TH,1,100,36.000
1715670708.115154,2078596.000,12157,1,TH,1,100,36.000
1715670708.246189,2078721.000,12174,1,TH,1,100,36.018
1715670708.377225,2078846.000,12190,1,TH,1,100,36.018
1715670708.513501,2078976.000,12208,1,TH,1,100,35.880
1715670708.645585,2079102.000,12243,1,TH,1,100,35.880
1715670708.780813,2079231.000,12259,1,TH,1,100,35.889
1715670708.914993,2079359.000,12277,1,TH,1,100,35.889
1715670709.047077,2079485.000,12308,1,TH,1,100,35.956
1715670709.179160,2079611.000,12325,1,TH,1,100,35.956
1715670709.311244,2079737.000,12342,1,TH,1,100,35.935
1715670709.441231,2079861.000,12358,1,TH,1,100,35.935
1715670709.577507,2079991.000,12392,1,TH,1,100,35.937
1715670709.710639,2080118.000,12409,1,TH,1,100,35.937
1715670709.843771,2080245.000,12426,1,TH,1,100,35.972
1715670709.977951,2080373.000,12443,1,TH,1,100,35.972
1715670710.110034,2080499.000,12475,1,TH,1,100,35.965
1715670710.242118,2080625.000,12491,1,TH,1,100,35.965
1715670710.374202,2080751.000,12508,1,TH,1,100,35.981
1715670710.507333,2080878.000,12525,1,TH,1,100,35.981
1715670710.640989,2081005.500,12559,2,TH,1,100,35.992
1715670710.774645,2081133.000,12559,2,TH,1,100,35.992
1715670710.908825,2081261.000,12591,1,TH,1,100,35.940
1715670711.044054,2081390.000,12608,1,TH,1,100,35.940
1715670711.175089,2081515.000,12625,1,TH,1,100,35.942
1715670711.308221,2081642.000,12642,1,TH,1,100,35.942
1715670711.440304,2081768.000,12674,1,TH,1,100,35.979
1715670711.571339,2081893.000,12690,1,TH,1,100,35.979
1715670711.704471,2082020.000,12709,1,TH,1,100,35.963
1715670711.840748,2082150.000,12726,1,TH,1,100,35.963
1715670711.972831,2082276.000,12757,1,TH,1,100,36.055
1715670712.108060,2082405.000,12774,1,TH,1,100,36.055
1715670712.242240,2082533.000,12791,1,TH,1,100,36.020
1715670712.374323,2082659.000,12808,1,TH,1,100,36.020
1715670712.506407,2082785.000,12840,1,TH,1,100,35.926
1715670712.639539,2082912.000,12856,1,TH,1,100,35.926
1715670712.769526,2083036.000,12875,1,TH,1,100,36.052
1715670712.905802,2083166.000,12892,1,TH,1,100,36.052
1715670713.038934,2083293.000,12923,1,TH,1,100,35.917
1715670713.172066,2083420.000,12941,1,TH,1,100,35.917
1715670713.306246,2083548.000,12957,1,TH,1,100,35.972
1715670713.438329,2083674.000,12974,1,TH,1,100,35.972
1715670713.568316,2083798.000,13008,1,TH,1,100,35.986
1715670713.700400,2083924.000,13026,1,TH,1,100,35.986
1715670713.833532,2084051.000,13044,1,TH,1,100,35.979
1715670713.967712,2084179.000,13060,1,TH,1,100,35.979
1715670714.100843,2084306.000,13092,1,TH,1,100,35.951
1715670714.235023,2084434.000,13109,1,TH,1,100,35.951
1715670714.370252,2084563.000,13125,1,TH,1,100,35.967
1715670714.500239,2084687.000,13143,1,TH,1,100,35.967
1715670714.633371,2084814.000,13174,1,TH,1,100,35.985
1715670714.765454,2084940.000,13191,1,TH,1,100,35.985
1715670714.896489,2085065.000,13210,1,TH,1,100,35.917
1715670715.030669,2085193.000,13226,1,TH,1,100,35.917
1715670715.166946,2085323.000,13258,1,TH,1,100,35.921
1715670715.299030,2085449.000,13275,1,TH,1,100,35.921
1715670715.434258,2085578.000,13291,1,TH,1,100,35.916
1715670715.567390,2085705.000,13309,1,TH,1,100,35.916
1715670715.699473,2085831.000,13340,1,TH,1,100,35.963
1715670715.831557,2085957.000,13357,1,TH,1,100,35.963
1715670715.965737,2086085.000,13376,1,TH,1,100,35.923
1715670716.096772,2086210.000,13392,1,TH,1,100,35.923
1715670716.233049,2086340.000,13424,1,TH,1,100,35.914
1715670716.366180,2086467.000,13441,1,TH,1,100,35.914
1715670716.499312,2086594.000,13458,1,TH,1,100,35.972
1715670716.633492,2086722.000,13489,1,TH,1,100,35.972
1715670716.765576,2086848.000,13507,1,TH,1,100,36.020
1715670716.895563,2086972.000,13523,1,TH,1,100,36.020
1715670717.028695,2087099.000,13542,1,TH,1,100,35.974
1715670717.161826,2087226.000,13559,1,TH,1,100,35.974
1715670717.296006,2087354.000,13590,1,TH,1,100,35.951
1715670717.429138,2087481.000,13608,1,TH,1,100,35.951
1715670717.563318,2087609.000,13624,1,TH,1,100,35.990
1715670717.698547,2087738.000,13641,1,TH,1,100,35.990
1715670717.828534,2087862.000,13673,1,TH,1,100,35.942
1715670717.960617,2087988.000,13689,1,TH,1,100,35.942
1715670718.092700,2088114.000,13708,1,TH,1,100,35.889
1715670718.223736,2088239.000,13725,1,TH,1,100,35.889
1715670718.357916,2088367.000,13756,1,TH,1,100,35.956
1715670718.494193,2088497.000,13774,1,TH,1,100,35.956
1715670718.626276,2088623.000,13792,1,TH,1,100,36.015
1715670718.761504,2088752.000,13809,1,TH,1,100,36.015
1715670718.893588,2088878.000,13841,1,TH,1,100,35.965
1715670719.025671,2089004.000,13857,1,TH,1,100,35.965
1715670719.157755,2089130.000,13875,1,TH,1,100,35.983
1715670719.291935,2089258.000,13893,1,TH,1,100,35.983
1715670719.424019,2089384.000,13925,1,TH,1,100,35.933
1715670719.560295,2089514.000,13942,1,TH,1,100,35.933
1715670719.693427,2089641.000,13958,1,TH,1,100,35.974
1715670719.826559,2089768.000,13976,1,TH,1,100,35.974
1715670719.960739,2089896.000,14007,1,TH,1,100,35.923
1715670720.092822,2090022.000,14024,1,TH,1,100,35.923
1715670720.222809,2090146.000,14041,1,TH,1,100,35.958
1715670720.358038,2090275.000,14059,1,TH,1,100,35.958
1715670720.491169,2090402.000,14091,1,TH,1,100,35.974
1715670720.625350,2090530.000,14108,1,TH,1,100,35.974
1715670720.758481,2090657.000,14124,1,TH,1,100,36.002
1715670720.892661,2090785.000,14142,1,TH,1,100,36.002
1715670721.027890,2090914.000,14173,1,TH,1,100,35.942
1715670721.157877,2091038.000,14190,1,TH,1,100,35.942
1715670721.289960,2091164.000,14207,1,TH,1,100,36.023
1715670721.422044,2091290.000,14223,1,TH,1,100,36.023
1715670721.553079,2091415.000,14257,1,TH,1,100,35.937
1715670721.687259,2091543.000,14274,1,TH,1,100,35.937
1715670721.823536,2091673.000,14291,1,TH,1,100,35.900
1715670721.955619,2091799.000,14308,1,TH,1,100,35.900
1715670722.090847,2091928.000,14340,1,TH,1,100,35.977
1715670722.221883,2092053.000,14356,1,TH,1,100,35.969
1715670722.352918,2092178.000,14373,1,TH,1,100,35.962
1715670722.485002,2092304.000,14390,1,TH,1,100,35.969
1715670722.619182,2092432.000,14423,1,TH,1,100,36.002
1715670722.751265,2092558.000,14441,1,TH,1,100,36.002
1715670722.887542,2092688.000,14457,1,TH,1,100,35.861
1715670723.020674,2092815.000,14474,1,TH,1,100,35.861
1715670723.153805,2092942.000,14506,1,TH,1,100,35.877
1715670723.286937,2093069.000,14522,1,TH,1,100,35.877
1715670723.419021,2093195.000,14539,1,TH,1,100,35.873
1715670723.549007,2093319.000,14558,1,TH,1,100,35.873
1715670723.684236,2093448.000,14589,1,TH,1,100,35.974
1715670723.818416,2093576.000,14609,1,TH,1,100,35.974
1715670723.952596,2093704.000,14625,1,TH,1,100,35.949
1715670724.086776,2093832.000,14642,1,TH,1,100,35.949
1715670724.220956,2093960.000,14674,1,TH,1,100,35.898
1715670724.356184,2094089.000,14690,1,TH,1,100,35.898
1715670724.486171,2094213.000,14708,1,TH,1,100,35.992
1715670724.618255,2094339.000,14739,1,TH,1,100,35.992
1715670724.752435,2094467.000,14756,1,TH,1,100,36.034
1715670724.883470,2094592.000,14775,1,TH,1,100,36.034
1715670725.017650,2094720.000,14791,1,TH,1,100,35.985
1715670725.153927,2094850.000,14823,1,TH,1,100,35.978
1715670725.286011,2094976.000,14840,1,TH,1,100,35.971
1715670725.421239,2095105.000,14856,1,TH,1,100,35.971
1715670725.552274,2095230.000,14874,1,TH,1,100,35.969
1715670725.683309,2095355.000,14905,1,TH,1,100,35.969
1715670725.815393,2095481.000,14922,1,TH,1,100,35.946
1715670725.949573,2095609.000,14939,1,TH,1,100,35.946
1715670726.081656,2095735.000,14957,1,TH,1,100,35.999
1715670726.217933,2095865.000,14989,1,TH,1,100,35.999
1715670726.351065,2095992.000,15006,1,TH,1,100,35.953
1715670726.484197,2096119.000,15023,1,TH,1,100,35.953
1715670726.615232,2096244.000,15040,1,TH,1,100,35.953
1715670726.747315,2096370.000,15072,1,TH,1,100,35.953
1715670726.877302,2096494.000,15088,1,TH,1,100,35.981
1715670727.012531,2096623.000,15105,1,TH,1,100,35.981
1715670727.146711,2096751.000,15124,1,TH,1,100,35.978
1715670727.280891,2096879.000,15155,1,TH,1,100,35.978
1715670727.414023,2097006.000,15173,1,TH,1,100,35.872
1715670727.548203,2097134.000,15189,1,TH,1,100,35.872
1715670727.682383,2097262.000,15206,1,TH,1,100,35.916
1715670727.812370,2097386.000,15238,1,TH,1,100,35.916
1715670727.944453,2097512.000,15254,1,TH,1,100,35.891
1715670728.079682,2097641.000,15271,1,TH,1,100,35.891
1715670728.210717,2097766.000,15288,1,TH,1,100,35.996
1715670728.344897,2097894.000,15321,1,TH,1,100,35.996
1715670728.481174,2098024.000,15341,1,TH,1,100,36.019
1715670728.613257,2098150.000,15357,1,TH,1,100,36.019
1715670728.748485,2098279.000,15374,1,TH,1,100,35.920
1715670728.879521,2098404.000,15406,1,TH,1,100,35.920
1715670729.011604,2098530.000,15422,1,TH,1,100,36.006
1715670729.144736,2098657.000,15440,1,TH,1,100,36.006
1715670729.278916,2098785.000,15456,1,TH,1,100,35.987
1715670729.411000,2098911.000,15490,1,TH,1,100,35.987
1715670729.547276,2099041.000,15507,1,TH,1,100,35.941
1715670729.680408,2099168.000,15523,1,TH,1,100,35.941
1715670729.813540,2099295.000,15541,1,TH,1,100,35.941
1715670729.944575,2099420.000,15572,1,TH,1,100,35.941
1715670730.075610,2099545.000,15588,1,TH,1,100,35.918
1715670730.205597,2099669.000,15606,1,TH,1,100,35.918
1715670730.340826,2099798.000,15622,1,TH,1,100,35.978
1715670730.475006,2099926.000,15656,1,TH,1,100,35.978
1715670730.609186,2100054.000,15673,1,TH,1,100,35.990
1715670730.742317,2100181.000,15689,1,TH,1,100,35.990
1715670730.876498,2100309.000,15707,1,TH,1,100,35.996
1715670731.009629,2100436.000,15738,1,TH,1,100,35.996
1715670731.139616,2100560.000,15755,1,TH,1,100,35.909
1715670731.271700,2100686.000,15772,1,TH,1,100,35.909
1715670731.406928,2100815.000,15788,1,TH,1,100,35.918
1715670731.539011,2100941.000,15822,1,TH,1,100,35.918
1715670731.673192,2101069.000,15839,1,TH,1,100,35.990
1715670731.809468,2101199.000,15856,1,TH,1,100,35.990
1715670731.941552,2101325.000,15887,1,TH,1,100,35.971
1715670732.076780,2101454.000,15905,1,TH,1,100,35.971
1715670732.207815,2101579.000,15921,1,TH,1,100,36.040
1715670732.339899,2101705.000,15938,1,TH,1,100,36.040
1715670732.474079,2101833.000,15970,1,TH,1,100,35.980
1715670732.608259,2101961.000,15986,1,TH,1,100,35.980
1715670732.740343,2102087.000,16005,1,TH,1,100,35.923
1715670732.876619,2102217.000,16022,1,TH,1,100,35.923
1715670733.009751,2102344.000,16053,1,TH,1,100,35.900
1715670733.142883,2102471.000,16071,1,TH,1,100,35.900
1715670733.273918,2102596.000,16087,1,TH,1,100,35.925
1715670733.404953,2102721.000,16104,1,TH,1,100,35.925
1715670733.534940,2102845.000,16138,1,TH,1,100,35.971
1715670733.670169,2102974.000,16156,1,TH,1,100,35.971
1715670733.804349,2103102.000,16174,1,TH,1,100,35.891
1715670733.938529,2103230.000,16190,1,TH,1,100,35.891
1715670734.071661,2103357.000,16222,1,TH,1,100,35.948
1715670734.205841,2103485.000,16239,1,TH,1,100,35.948
1715670734.336876,2103610.000,16255,1,TH,1,100,35.958
1715670734.467911,2103735.000,16273,1,TH,1,100,35.958
1715670734.599994,2103861.000,16304,1,TH,1,100,35.870
1715670734.735223,2103990.000,16321,1,TH,1,100,35.870
1715670734.867306,2104116.000,16340,1,TH,1,100,35.925
1715670735.001487,2104244.000,16356,1,TH,1,100,35.925
1715670735.137763,2104374.000,16388,1,TH,1,100,35.971
1715670735.269847,2104500.000,16405,1,TH,1,100,35.971
1715670735.405075,2104629.000,16421,1,TH,1,100,35.937
1715670735.536110,2104754.000,16439,1,TH,1,100,35.937
1715670735.668194,2104880.000,16470,1,TH,1,100,36.038
1715670735.802374,2105008.000,16487,1,TH,1,100,36.038
1715670735.936554,2105136.000,16506,1,TH,1,100,35.953
1715670736.068637,2105262.000,16522,1,TH,1,100,35.953
1715670736.204914,2105392.000,16554,1,TH,1,100,35.918
1715670736.338046,2105519.000,16571,1,TH,1,100,35.918
1715670736.471178,2105646.000,16588,1,TH,1,100,35.932
1715670736.602213,2105771.000,16605,1,TH,1,100,35.932
1715670736.733248,2105896.000,16637,1,TH,1,100,35.985
1715670736.863235,2106020.000,16653,1,TH,1,100,35.985
1715670736.998463,2106149.000,16672,1,TH,1,100,35.973
1715670737.132643,2106277.000,16689,1,TH,1,100,35.966
1715670737.266824,2106405.000,16720,1,TH,1,100,35.939
1715670737.399955,2106532.000,16738,1,TH,1,100,35.946
1715670737.534135,2106660.000,16754,1,TH,1,100,35.914
1715670737.664122,2106784.000,16771,1,TH,1,100,35.914
1715670737.795157,2106909.000,16803,1,TH,1,100,35.946
1715670737.927241,2107035.000,16819,1,TH,1,100,35.939
1715670738.062469,2107164.000,16836,1,TH,1,100,35.957
1715670738.194553,2107290.000,16855,1,TH,1,100,35.964
1715670738.328733,2107418.000,16886,1,TH,1,100,35.937
1715670738.465010,2107548.000,16906,1,TH,1,100,35.937
1715670738.597093,2107674.000,16922,1,TH,1,100,35.987
1715670738.731273,2107802.000,16939,1,TH,1,100,35.987
1715670738.862309,2107927.000,16971,1,TH,1,100,35.925
1715670738.994392,2108053.000,16987,1,TH,1,100,35.925
1715670739.129620,2108182.000,17005,1,TH,1,100,36.017
1715670739.263800,2108310.000,17021,1,TH,1,100,36.017
1715670739.395884,2108436.000,17055,1,TH,1,100,35.888
1715670739.532161,2108566.000,17072,1,TH,1,100,35.888
1715670739.665292,2108693.000,17088,1,TH,1,100,35.914
1715670739.798424,2108820.000,17106,1,TH,1,100,35.906
1715670739.929459,2108945.000,17137,1,TH,1,100,35.936
1715670740.061543,2109071.000,17154,1,TH,1,100,35.936
1715670740.191530,2109195.000,17171,1,TH,1,100,35.936
1715670740.326758,2109324.000,17189,1,TH,1,100,35.936
1715670740.460938,2109452.000,17221,1,TH,1,100,35.982
1715670740.595118,2109580.000,17238,1,TH,1,100,35.982
1715670740.729298,2109708.000,17254,1,TH,1,100,35.893
1715670740.863478,2109836.000,17272,1,TH,1,100,35.893
1715670740.993465,2109960.000,17303,1,TH,1,100,35.964
1715670741.124501,2110085.000,17320,1,TH,1,100,35.964
1715670741.256584,2110211.000,17337,1,TH,1,100,35.971
1715670741.391813,2110340.000,17353,1,TH,1,100,35.971
1715670741.523896,2110466.000,17387,1,TH,1,100,35.862
1715670741.658076,2110594.000,17404,1,TH,1,100,35.862
1715670741.794353,2110724.000,17421,1,TH,1,100,35.879
1715670741.926436,2110850.000,17452,1,TH,1,100,35.879
1715670742.059568,2110977.000,17470,1,TH,1,100,35.987
1715670742.190603,2111102.000,17486,1,TH,1,100,35.987
1715670742.322687,2111228.000,17503,1,TH,1,100,36.044
1715670742.457915,2111357.000,17520,1,TH,1,100,36.044
1715670742.592095,2111485.000,17553,1,TH,1,100,35.913
1715670742.724179,2111611.000,17570,1,TH,1,100,35.913
1715670742.860455,2111741.000,17587,1,TH,1,100,35.948
1715670742.992539,2111867.000,17618,1,TH,1,100,35.948
1715670743.125671,2111994.000,17636,1,TH,1,100,35.931
1715670743.256706,2112119.000,17652,1,TH,1,100,35.931
1715670743.388789,2112245.000,17669,1,TH,1,100,35.844
1715670743.519825,2112370.000,17703,1,TH,1,100,35.844
1715670743.655053,2112499.000,17721,1,TH,1,100,35.964
1715670743.789233,2112627.000,17739,1,TH,1,100,35.964
1715670743.923413,2112755.000,17756,1,TH,1,100,35.927
1715670744.057593,2112883.000,17772,1,TH,1,100,35.927
1715670744.191773,2113011.000,17790,1,TH,1,100,35.906
1715670744.321760,2113135.000,17806,1,TH,1,100,35.906
1715670744.453844,2113261.000,17838,1,TH,1,100,35.876
1715670744.584879,2113386.000,17855,1,TH,1,100,35.876
1715670744.720107,2113515.000,17873,1,TH,1,100,35.904
1715670744.852191,2113641.000,17891,1,TH,1,100,35.904
1715670744.986371,2113769.000,17922,1,TH,1,100,35.961
1715670745.122648,2113899.000,17939,1,TH,1,100,35.961
1715670745.254731,2114025.000,17956,1,TH,1,100,35.968
1715670745.386815,2114151.000,17988,1,TH,1,100,35.968
1715670745.517850,2114276.000,18004,1,TH,1,100,35.957
1715670745.649933,2114402.000,18021,1,TH,1,100,35.957
1715670745.785161,2114531.000,18038,1,TH,1,100,35.918
1715670745.919342,2114659.000,18071,1,TH,1,100,35.918
1715670746.051425,2114785.000,18089,1,TH,1,100,35.908
1715670746.187702,2114915.000,18105,1,TH,1,100,35.908
1715670746.319785,2115041.000,18122,1,TH,1,100,35.883
1715670746.451869,2115167.000,18154,1,TH,1,100,35.883
1715670746.582904,2115292.000,18170,1,TH,1,100,35.968
1715670746.714988,2115418.000,18187,1,TH,1,100,35.968
1715670746.847071,2115544.000,18204,1,TH,1,100,36.014
1715670746.982299,2115673.000,18223,1,TH,1,100,36.014
1715670747.116480,2115801.000,18255,1,TH,1,100,35.954
1715670747.250660,2115929.000,18271,1,TH,1,100,35.954
1715670747.384840,2116057.000,18288,1,TH,1,100,35.991
1715670747.519020,2116185.000,18320,1,TH,1,100,35.991
1715670747.649007,2116309.000,18336,1,TH,1,100,35.945
1715670747.782139,2116436.000,18354,1,TH,1,100,35.945
1715670747.913174,2116561.000,18370,1,TH,1,100,35.957
1715670748.048402,2116690.000,18387,1,TH,1,100,35.957
1715670748.180485,2116816.000,18421,1,TH,1,100,35.987
1715670748.314666,2116944.000,18437,1,TH,1,100,35.987
1715670748.450942,2117074.000,18455,1,TH,1,100,35.892
1715670748.583026,2117200.000,18488,1,TH,1,100,35.892
1715670748.714061,2117325.000,18505,1,TH,1,100,35.927
1715670748.845096,2117450.000,18522,1,TH,1,100,35.927
1715670748.977180,2117576.000,18538,1,TH,1,100,35.964
1715670749.112408,2117705.000,18556,1,TH,1,100,35.964
1715670749.246588,2117833.000,18589,1,TH,1,100,35.931
1715670749.378672,2117959.000,18605,1,TH,1,100,35.931
1715670749.514948,2118089.000,18623,1,TH,1,100,35.791
1715670749.647032,2118215.000,18639,1,TH,1,100,35.791
1715670749.778067,2118340.000,18671,1,TH,1,100,35.936
1715670749.909102,2118465.000,18688,1,TH,1,100,35.936
1715670750.041186,2118591.000,18704,1,TH,1,100,35.927
1715670750.174318,2118718.000,18722,1,TH,1,100,35.927
1715670750.309546,2118847.000,18755,1,TH,1,100,35.897
1715670750.443726,2118975.000,18772,1,TH,1,100,35.897
1715670750.577906,2119103.000,18789,1,TH,1,100,35.920
1715670750.709990,2119229.000,18805,1,TH,1,100,35.920
1715670750.844170,2119357.000,18837,1,TH,1,100,35.906
1715670750.974157,2119481.000,18854,1,TH,1,100,35.899
1715670751.107288,2119608.000,18871,1,TH,1,100,35.866
1715670751.240420,2119735.000,18888,1,TH,1,100,35.866
1715670751.375648,2119864.000,18922,1,TH,1,100,35.899
1715670751.507732,2119990.000,18938,1,TH,1,100,35.899
1715670751.641912,2120118.000,18955,1,TH,1,100,35.906
1715670751.778189,2120248.000,18972,1,TH,1,100,35.906
1715670751.910272,2120374.000,19003,1,TH,1,100,35.993
1715670752.041307,2120499.000,19020,1,TH,1,100,35.993
1715670752.174439,2120626.000,19037,1,TH,1,100,35.926
1715670752.306523,2120752.000,19054,1,TH,1,100,35.926
1715670752.441751,2120881.000,19088,1,TH,1,100,35.910
1715670752.574883,2121008.000,19106,2,TH,1,100,35.910
1715670752.708015,2121135.000,19106,2,TH,1,100,35.933
1715670752.844291,2121265.000,19123,1,TH,1,100,35.933
1715670752.976375,2121391.000,19154,1,TH,1,100,35.912
1715670753.107410,2121516.000,19175,1,TH,1,100,35.912
1715670753.238445,2121641.000,19191,1,TH,1,100,35.876
1715670753.370529,2121767.000,19208,1,TH,1,100,35.876
1715670753.503661,2121894.000,19242,1,TH,1,100,35.949
1715670753.638889,2122023.000,19260,1,TH,1,100,35.949
1715670753.773069,2122151.000,19278,1,TH,1,100,35.908
1715670753.907249,2122279.000,19294,1,TH,1,100,35.908
1715670754.039333,2122405.000,19311,1,TH,1,100,35.848
1715670754.172464,2122532.000,19346,1,TH,1,100,35.848
1715670754.302451,2122656.000,19365,1,TH,1,100,35.936
1715670754.435583,2122783.000,19383,1,TH,1,100,35.936
1715670754.568715,2122910.000,19399,1,TH,1,100,35.919
1715670754.702895,2123038.000,19433,1,TH,1,100,35.919
1715670754.836027,2123165.000,19450,1,TH,1,100,35.928
1715670754.970207,2123293.000,19469,1,TH,1,100,35.928
1715670755.105435,2123422.000,19487,1,TH,1,100,35.889
1715670755.237519,2123548.000,19518,1,TH,1,100,35.889
1715670755.368554,2123673.000,19535,1,TH,1,100,35.896
1715670755.502734,2123801.000,19552,1,TH,1,100,35.896
1715670755.634818,2123927.000,19568,1,TH,1,100,35.843
1715670755.770046,2124056.000,19589,1,TH,1,100,35.843
1715670755.904226,2124184.000,19622,1,TH,1,100,35.853
1715670756.036309,2124310.000,19639,1,TH,1,100,35.853
1715670756.172586,2124440.000,19656,1,TH,1,100,35.936
1715670756.304670,2124566.000,19675,1,TH,1,100,35.936
1715670756.435705,2124691.000,19707,1,TH,1,100,35.905
1715670756.566740,2124816.000,19724,1,TH,1,100,35.905
1715670756.698824,2124942.000,19740,1,TH,1,100,35.926
1715670756.831955,2125069.000,19758,1,TH,1,100,35.926
1715670756.967184,2125198.000,19794,1,TH,1,100,35.845
1715670757.101364,2125326.000,19811,1,TH,1,100,35.846
1715670757.235544,2125454.000,19828,1,TH,1,100,35.947
1715670757.368676,2125581.000,19844,1,TH,1,100,35.947
1715670757.501807,2125708.000,19879,1,TH,1,100,35.892
1715670757.631794,2125832.000,19896,1,TH,1,100,35.892
1715670757.764926,2125959.000,19913,1,TH,1,100,35.825
1715670757.898058,2126086.000,19930,1,TH,1,100,35.825
1715670758.032238,2126214.000,19951,1,TH,1,100,35.901
1715670758.165370,2126341.000,19985,1,TH,1,100,35.901
1715670758.299550,2126469.000,20005,1,TH,1,100,35.912
1715670758.433730,2126597.000,20022,1,TH,1,100,35.912
1715670758.565814,2126723.000,20041,1,TH,1,100,35.928
1715670758.696849,2126848.000,20073,1,TH,1,100,35.928
1715670758.831029,2126976.000,20089,1,TH,1,100,35.894
1715670758.963112,2127102.000,20106,1,TH,1,100,35.894
1715670759.098341,2127231.000,20125,1,TH,1,100,35.945
1715670759.232521,2127359.000,20159,1,TH,1,100,35.945
1715670759.364604,2127485.000,20176,1,TH,1,100,35.901
1715670759.500881,2127615.000,20193,1,TH,1,100,35.894
1715670759.632965,2127741.000,20213,1,TH,1,100,35.951
1715670759.764000,2127866.000,20245,1,TH,1,100,35.959
1715670759.896083,2127992.000,20261,1,TH,1,100,35.947
1715670760.028167,2128118.000,20278,1,TH,1,100,35.947
1715670760.161299,2128245.000,20300,1,TH,1,100,35.887
1715670760.296527,2128374.000,20317,1,TH,1,100,35.887
1715670760.430707,2128502.000,20349,1,TH,1,100,35.873
1715670760.564887,2128630.000,20365,1,TH,1,100,35.873
1715670760.696970,2128756.000,20382,1,TH,1,100,35.820
1715670760.829054,2128882.000,20399,1,TH,1,100,35.820
1715670760.959041,2129006.000,20430,1,TH,1,100,35.940
1715670761.092173,2129133.000,20448,1,TH,1,100,35.940
1715670761.225305,2129260.000,20467,1,TH,1,100,35.968
1715670761.359485,2129388.000,20486,1,TH,1,100,35.968
1715670761.493665,2129516.000,20521,1,TH,1,100,35.901
1715670761.627845,2129644.000,20537,1,TH,1,100,35.901
1715670761.762025,2129772.000,20555,1,TH,1,100,35.924
1715670761.894109,2129898.000,20571,1,TH,1,100,35.917
1715670762.025144,2130023.000,20606,1,TH,1,100,35.924
1715670762.159324,2130151.000,20623,1,TH,1,100,35.931
1715670762.292455,2130278.000,20639,1,TH,1,100,35.829
1715670762.427684,2130407.000,20659,1,TH,1,100,35.829
1715670762.561864,2130535.000,20693,1,TH,1,100,35.956
1715670762.693948,2130661.000,20709,1,TH,1,100,35.956
1715670762.830224,2130791.000,20727,1,TH,1,100,35.988
1715670762.962308,2130917.000,20758,1,TH,1,100,35.981
1715670763.093343,2131042.000,20775,1,TH,1,100,35.903
1715670763.225426,2131168.000,20792,1,TH,1,100,35.903
1715670763.357510,2131294.000,20816,1,TH,1,100,35.944
1715670763.490642,2131421.000,20838,1,TH,1,100,35.951
1715670763.625870,2131550.000,20854,1,TH,1,100,35.940
1715670763.760050,2131678.000,20886,1,TH,1,100,35.933
1715670763.894230,2131806.000,20906,1,TH,1,100,35.889
1715670764.026314,2131932.000,20922,1,TH,1,100,35.896
1715670764.158397,2132058.000,20954,1,TH,1,100,35.843
1715670764.288384,2132182.000,20971,1,TH,1,100,35.843
1715670764.421516,2132309.000,20988,1,TH,1,100,35.926
1715670764.554648,2132436.000,21005,1,TH,1,100,35.926
1715670764.688828,2132564.000,21026,1,TH,1,100,35.880
1715670764.823008,2132692.000,21058,1,TH,1,100,35.873
1715670764.957188,2132820.000,21075,1,TH,1,100,35.863
1715670765.091368,2132948.000,21092,1,TH,1,100,35.863
1715670765.223452,2133074.000,21112,1,TH,1,100,35.896
1715670765.354487,2133199.000,21144,1,TH,1,100,35.903
1715670765.488667,2133327.000,21160,1,TH,1,100,35.878
1715670765.621799,2133454.000,21177,1,TH,1,100,35.870
1715670765.757027,2133583.000,21196,1,TH,1,100,35.907
1715670765.891207,2133711.000,21230,1,TH,1,100,35.915
1715670766.023291,2133837.000,21247,1,TH,1,100,35.928
1715670766.159567,2133967.000,21264,1,TH,1,100,35.928
1715670766.291651,2134093.000,21281,1,TH,1,100,35.898
1715670766.422686,2134218.000,21316,1,TH,1,100,35.898
1715670766.554770,2134344.000,21332,1,TH,1,100,35.963
1715670766.686853,2134470.000,21349,1,TH,1,100,35.955
1715670766.819985,2134597.000,21366,1,TH,1,100,35.797
1715670766.955213,2134726.000,21385,1,TH,1,100,35.804
1715670767.089393,2134854.000,21417,1,TH,1,100,35.896
1715670767.223573,2134982.000,21436,1,TH,1,100,35.889
1715670767.355657,2135108.000,21453,1,TH,1,100,35.907
1715670767.487740,2135234.000,21470,1,TH,1,100,35.907
1715670767.617727,2135358.000,21501,1,TH,1,100,35.905
1715670767.750859,2135485.000,21519,1,TH,1,100,35.905
1715670767.883991,2135612.000,21538,1,TH,1,100,35.875
1715670768.018171,2135740.000,21555,1,TH,1,100,35.875
1715670768.152351,2135868.000,21589,1,TH,1,100,35.910
1715670768.286531,2135996.000,21605,1,TH,1,100,35.910
1715670768.420711,2136124.000,21623,1,TH,1,100,35.905
1715670768.552795,2136250.000,21641,1,TH,1,100,35.905
1715670768.685402,2136376.500,21682,2,TH,1,100,35.891
1715670768.818010,2136503.000,21682,2,TH,1,100,35.891
1715670768.951142,2136630.000,21713,1,TH,1,100,35.898
1715670769.086370,2136759.000,21733,1,TH,1,100,35.898
1715670769.220550,2136887.000,21752,1,TH,1,100,35.886
1715670769.352634,2137013.000,21769,1,TH,1,100,35.886
1715670769.488910,2137143.000,21801,1,TH,1,100,35.974
1715670769.620994,2137269.000,21817,1,TH,1,100,35.974
1715670769.752029,2137394.000,21835,1,TH,1,100,35.932
1715670769.884113,2137520.000,21854,1,TH,1,100,35.932
1715670770.016196,2137646.000,21886,1,TH,1,100,35.896
1715670770.149328,2137773.000,21905,1,TH,1,100,35.896
1715670770.284556,2137902.000,21921,1,TH,1,100,35.889
1715670770.418736,2138030.000,21942,1,TH,1,100,35.889
1715670770.552916,2138158.000,21973,1,TH,1,100,35.928
1715670770.685000,2138284.000,21990,1,TH,1,100,35.928
1715670770.817083,2138410.000,22007,1,TH,1,100,35.882
1715670770.947070,2138534.000,22023,1,TH,1,100,35.882
1715670771.080202,2138661.000,22058,1,TH,1,100,35.923
1715670771.213334,2138788.000,22075,1,TH,1,100,35.923
1715670771.347514,2138916.000,22093,1,TH,1,100,35.889
1715670771.481694,2139044.000,22111,1,TH,1,100,35.889
1715670771.615874,2139172.000,22142,1,TH,1,100,35.917
1715670771.749006,2139299.000,22162,1,TH,1,100,35.917
1715670771.881089,2139425.000,22179,1,TH,1,100,35.870
1715670772.012125,2139550.000,22195,1,TH,1,100,35.870
1715670772.146305,2139678.000,22227,1,TH,1,100,35.891
1715670772.279437,2139805.000,22247,1,TH,1,100,35.891
1715670772.414665,2139934.000,22266,1,TH,1,100,35.907
1715670772.548845,2140062.000,22283,1,TH,1,100,35.907
1715670772.680928,2140188.000,22315,1,TH,1,100,35.932
1715670772.817205,2140318.000,22334,1,TH,1,100,35.932
1715670772.949289,2140444.000,22351,1,TH,1,100,35.886
1715670773.080324,2140569.000,22368,1,TH,1,100,35.886
1715670773.213456,2140696.000,22399,1,TH,1,100,35.873
1715670773.345539,2140822.000,22417,1,TH,1,100,35.873
1715670773.478671,2140949.000,22437,1,TH,1,100,35.900
1715670773.613899,2141078.000,22454,1,TH,1,100,35.900
1715670773.748079,2141206.000,22489,1,TH,1,100,35.877
1715670773.882259,2141334.000,22505,1,TH,1,100,35.877
1715670774.015391,2141461.000,22522,1,TH,1,100,35.907
1715670774.147475,2141587.000,22544,1,TH,1,100,35.907
1715670774.277462,2141711.000,22564,1,TH,1,100,35.928
1715670774.410594,2141838.000,22581,1,TH,1,100,35.928
1715670774.543725,2141965.000,22598,1,TH,1,100,35.882
1715670774.677905,2142093.000,22616,1,TH,1,100,35.882
1715670774.812085,2142221.000,22648,1,TH,1,100,35.864
1715670774.946265,2142349.000,22665,1,TH,1,100,35.864
1715670775.079397,2142476.000,22682,1,TH,1,100,35.923
1715670775.211481,2142602.000,22699,1,TH,1,100,35.923
1715670775.342516,2142727.000,22718,1,TH,1,100,35.923
1715670775.476696,2142855.000,22750,1,TH,1,100,35.923
1715670775.609828,2142982.000,22767,1,TH,1,100,35.865
1715670775.745056,2143111.000,22786,1,TH,1,100,35.865
1715670775.879236,2143239.000,22806,1,TH,1,100,35.854
1715670776.011320,2143365.000,22823,1,TH,1,100,35.854
1715670776.147596,2143495.000,22840,1,TH,1,100,35.912
1715670776.279680,2143621.000,22859,1,TH,1,100,35.912
1715670776.410715,2143746.000,22891,1,TH,1,100,35.886
1715670776.543847,2143873.000,22908,1,TH,1,100,35.886
1715670776.675931,2143999.000,22924,1,TH,1,100,35.880
1715670776.809062,2144126.000,22942,1,TH,1,100,35.880
1715670776.944291,2144255.000,22975,1,TH,1,100,35.905
1715670777.078471,2144383.000,22992,1,TH,1,100,35.905
1715670777.212651,2144511.000,23009,1,TH,1,100,35.894
1715670777.344734,2144637.000,23025,1,TH,1,100,35.894
1715670777.476818,2144763.000,23057,1,TH,1,100,35.912
1715670777.607853,2144888.000,23077,1,TH,1,100,35.912
1715670777.740985,2145015.000,23094,1,TH,1,100,35.914
1715670777.874117,2145142.000,23113,1,TH,1,100,35.914
1715670778.008297,2145270.000,23148,1,TH,1,100,35.988
1715670778.142477,2145398.000,23164,1,TH,1,100,35.988
1715670778.276657,2145526.000,23181,1,TH,1,100,35.856
1715670778.408740,2145652.000,23198,1,TH,1,100,35.856
1715670778.540824,2145778.000,23231,1,TH,1,100,35.854
1715670778.671859,2145903.000,23252,1,TH,1,100,35.854
1715670778.806039,2146031.000,23268,1,TH,1,100,35.905
1715670778.939171,2146158.000,23285,1,TH,1,100,35.905
1715670779.074399,2146287.000,23319,1,TH,1,100,35.969
1715670779.208579,2146415.000,23335,1,TH,1,100,35.969
1715670779.340663,2146541.000,23355,1,TH,1,100,35.882
1715670779.475891,2146670.000,23377,1,TH,1,100,35.882
1715670779.607975,2146796.000,23394,1,TH,1,100,35.873
1715670779.739010,2146921.000,23411,1,TH,1,100,35.873
1715670779.873190,2147049.000,23428,1,TH,1,100,35.914
1715670780.005274,2147175.000,23463,1,TH,1,100,35.914
1715670780.138405,2147302.000,23481,1,TH,1,100,35.935
1715670780.273634,2147431.000,23498,1,TH,1,100,35.935
1715670780.407814,2147559.000,23515,1,TH,1,100,35.907
1715670780.541994,2147687.000,23546,1,TH,1,100,35.907
1715670780.674077,2147813.000,23563,1,TH,1,100,35.946
1715670780.806161,2147939.000,23583,1,TH,1,100,35.946
1715670780.937196,2148064.000,23600,1,TH,1,100,35.942
1715670781.070328,2148191.000,23632,1,TH,1,100,35.942
1715670781.203460,2148318.000,23650,1,TH,1,100,35.935
1715670781.337640,2148446.000,23667,1,TH,1,100,35.935
1715670781.471820,2148574.000,23687,1,TH,1,100,35.900
1715670781.606000,2148702.000,23718,1,TH,1,100,35.900
1715670781.738083,2148828.000,23736,1,TH,1,100,35.850
1715670781.869119,2148953.000,23752,1,TH,1,100,35.850
1715670782.000154,2149078.000,23772,1,TH,1,100,35.944
1715670782.134334,2149206.000,23804,1,TH,1,100,35.944
1715670782.267466,2149333.000,23822,1,TH,1,100,35.914
1715670782.402694,2149462.000,23840,1,TH,1,100,35.914
1715670782.536874,2149590.000,23856,1,TH,1,100,35.923
1715670782.668958,2149716.000,23891,1,TH,1,100,35.923
1715670782.803138,2149844.000,23908,1,TH,1,100,35.905
1715670782.935221,2149970.000,23924,1,TH,1,100,35.905
1715670783.066257,2150095.000,23942,1,TH,1,100,35.900
1715670783.200437,2150223.000,23976,1,TH,1,100,35.900
1715670783.333568,2150350.000,23995,1,TH,1,100,35.859
1715670783.466700,2150477.000,24014,1,TH,1,100,35.859
1715670783.601928,2150606.000,24030,1,TH,1,100,35.909
1715670783.735060,2150733.000,24062,1,TH,1,100,35.909
1715670783.869240,2150861.000,24082,1,TH,1,100,35.886
1715670784.001324,2150987.000,24099,1,TH,1,100,35.886
1715670784.133407,2151113.000,24116,1,TH,1,100,35.946
1715670784.265491,2151239.000,24132,1,TH,1,100,35.946
1715670784.398623,2151366.000,24169,1,TH,1,100,35.891
1715670784.531754,2151493.000,24186,1,TH,1,100,35.891
1715670784.665935,2151621.000,24202,1,TH,1,100,35.859
1715670784.800115,2151749.000,24220,1,TH,1,100,35.859
1715670784.934295,2151877.000,24241,1,TH,1,100,35.896
1715670785.066378,2152003.000,24259,1,TH,1,100,35.896
1715670785.197413,2152128.000,24278,1,TH,1,100,36.004
1715670785.328449,2152253.000,24310,1,TH,1,100,36.004
1715670785.462629,2152381.000,24329,1,TH,1,100,35.900
1715670785.595761,2152508.000,24345,1,TH,1,100,35.900
1715670785.730989,2152637.000,24363,1,TH,1,100,35.990
1715670785.865169,2152765.000,24397,1,TH,1,100,35.990
1715670785.997252,2152891.000,24413,1,TH,1,100,35.880
1715670786.130384,2153018.000,24431,1,TH,1,100,35.880
1715670786.262468,2153144.000,24447,1,TH,1,100,35.859
1715670786.393503,2153269.000,24479,1,TH,1,100,35.859
1715670786.527683,2153397.000,24499,1,TH,1,100,35.923
1715670786.660815,2153524.000,24517,1,TH,1,100,35.923
1715670786.793947,2153651.000,24535,1,TH,1,100,35.946
1715670786.929175,2153780.000,24566,1,TH,1,100,35.946
1715670787.062307,2153907.000,24583,1,TH,1,100,35.877
1715670787.196487,2154035.000,24600,1,TH,1,100,35.877
1715670787.329619,2154162.000,24616,1,TH,1,100,35.923
1715670787.461702,2154288.000,24648,1,TH,1,100,35.923
1715670787.593786,2154414.000,24667,1,TH,1,100,35.928
1715670787.726918,2154541.000,24684,1,TH,1,100,35.928
1715670787.860049,2154668.000,24704,1,TH,1,100,35.921
1715670787.994229,2154796.000,24736,1,TH,1,100,35.921
1715670788.128409,2154924.000,24752,1,TH,1,100,35.900
1715670788.262589,2155052.000,24769,1,TH,1,100,35.900
1715670788.394673,2155178.000,24786,1,TH,1,100,35.937
1715670788.525708,2155303.000,24819,1,TH,1,100,35.937
1715670788.656744,2155428.000,24839,1,TH,1,100,35.923
1715670788.790924,2155556.000,24855,1,TH,1,100,35.923
1715670788.924055,2155683.000,24872,1,TH,1,100,35.865
1715670789.059284,2155812.000,24904,1,TH,1,100,35.865
1715670789.193464,2155940.000,24920,1,TH,1,100,35.868
1715670789.325547,2156066.000,24943,1,TH,1,100,35.868
1715670789.459727,2156194.000,24960,1,TH,1,100,35.916
1715670789.591811,2156320.000,24980,1,TH,1,100,35.916
1715670789.722846,2156445.000,25014,1,TH,1,100,35.790
1715670789.857026,2156573.000,25030,1,TH,1,100,35.790
1715670789.990158,2156700.000,25047,1,TH,1,100,35.886
1715670790.123290,2156827.000,25064,1,TH,1,100,35.886
1715670790.258518,2156956.000,25086,1,TH,1,100,35.916
1715670790.392698,2157084.000,25106,1,TH,1,100,35.916
1715670790.526878,2157212.000,25123,1,TH,1,100,35.960
1715670790.660010,2157339.000,25139,1,TH,1,100,35.960
1715670790.792094,2157465.000,25173,1,TH,1,100,35.893
1715670790.924177,2157591.000,25193,1,TH,1,100,35.893
1715670791.057309,2157718.000,25210,1,TH,1,100,35.928
1715670791.190441,2157845.000,25227,1,TH,1,100,35.928
1715670791.324621,2157973.000,25259,1,TH,1,100,35.898
1715670791.458801,2158101.000,25275,1,TH,1,100,35.898
1715670791.592981,2158229.000,25295,1,TH,1,100,35.831
1715670791.725064,2158355.000,25312,1,TH,1,100,35.831
1715670791.856100,2158480.000,25345,1,TH,1,100,35.868
1715670791.987135,2158605.000,25363,1,TH,1,100,35.868
1715670792.121315,2158733.000,25379,1,TH,1,100,35.891
1715670792.254447,2158860.000,25399,1,TH,1,100,35.891
1715670792.389675,2158989.000,25431,1,TH,1,100,35.866
1715670792.523855,2159117.000,25447,1,TH,1,100,35.866
1715670792.655939,2159243.000,25464,1,TH,1,100,35.882
1715670792.790119,2159371.000,25481,1,TH,1,100,35.882
1715670792.922202,2159497.000,25503,1,TH,1,100,35.877
1715670793.053237,2159622.000,25535,1,TH,1,100,35.877
1715670793.187418,2159750.000,25551,1,TH,1,100,35.914
1715670793.320549,2159877.000,25568,1,TH,1,100,35.907
1715670793.453681,2160004.000,25587,1,TH,1,100,35.875
1715670793.588909,2160133.000,25618,1,TH,1,100,35.875
1715670793.722041,2160260.000,25636,1,TH,1,100,35.870
1715670793.856221,2160388.000,25654,1,TH,1,100,35.870
1715670793.989353,2160515.000,25671,1,TH,1,100,35.962
1715670794.121437,2160641.000,25703,1,TH,1,100,35.962
1715670794.253520,2160767.000,25722,1,TH,1,100,35.863
1715670794.386652,2160894.000,25740,1,TH,1,100,35.863
1715670794.519784,2161021.000,25756,1,TH,1,100,35.888
1715670794.653964,2161149.000,25788,1,TH,1,100,35.888
1715670794.788144,2161277.000,25805,1,TH,1,100,35.861
1715670794.922324,2161405.000,25824,1,TH,1,100,35.868
1715670795.054407,2161531.000,25844,1,TH,1,100,35.909
1715670795.185443,2161656.000,25875,1,TH,1,100,35.909
1715670795.316478,2161781.000,25892,1,TH,1,100,35.900
1715670795.450658,2161909.000,25909,1,TH,1,100,35.900
1715670795.583790,2162036.000,25933,1,TH,1,100,35.914
1715670795.719018,2162165.000,25951,1,TH,1,100,35.914
1715670795.853198,2162293.000,25984,1,TH,1,100,35.969
1715670795.985282,2162419.000,26001,1,TH,1,100,35.969
1715670796.118413,2162546.000,26021,1,TH,1,100,35.866
1715670796.250497,2162672.000,26037,1,TH,1,100,35.859
1715670796.381532,2162797.000,26069,1,TH,1,100,35.886
1715670796.515712,2162925.000,26086,1,TH,1,100,35.886
1715670796.648844,2163052.000,26104,1,TH,1,100,35.879
1715670796.781976,2163179.000,26122,1,TH,1,100,35.879
1715670796.917204,2163308.000,26156,1,TH,1,100,35.849
1715670797.050336,2163435.000,26173,1,TH,1,100,35.849
1715670797.184516,2163563.000,26190,1,TH,1,100,35.902
1715670797.316600,2163689.000,26206,1,TH,1,100,35.909
1715670797.448683,2163815.000,26243,1,TH,1,100,35.937
1715670797.580767,2163941.000,26260,1,TH,1,100,35.930
1715670797.713898,2164068.000,26277,1,TH,1,100,35.955
1715670797.847030,2164195.000,26294,1,TH,1,100,35.955
1715670797.981210,2164323.000,26329,1,TH,1,100,35.784
1715670798.115390,2164451.000,26345,1,TH,1,100,35.784
1715670798.249570,2164579.000,26362,1,TH,1,100,35.851
1715670798.381654,2164705.000,26379,1,TH,1,100,35.851
1715670798.512689,2164830.000,26412,1,TH,1,100,35.913
1715670798.643724,2164955.000,26435,1,TH,1,100,35.913
1715670798.776856,2165082.000,26451,1,TH,1,100,35.937
1715670798.911036,2165210.000,26468,1,TH,1,100,35.936
1715670799.046265,2165339.000,26500,1,TH,1,100,35.944
1715670799.180445,2165467.000,26516,1,TH,1,100,35.944
1715670799.312528,2165593.000,26533,1,TH,1,100,35.925
1715670799.445660,2165720.000,26553,1,TH,1,100,35.925
1715670799.577744,2165846.000,26584,1,TH,1,100,35.927
1715670799.708779,2165971.000,26602,1,TH,1,100,35.927
1715670799.842959,2166099.000,26621,1,TH,1,100,35.844
1715670799.976091,2166226.000,26638,1,TH,1,100,35.844
1715670800.109222,2166353.000,26672,1,TH,1,100,35.907
1715670800.244451,2166482.000,26688,1,TH,1,100,35.907
1715670800.377583,2166609.000,26706,1,TH,1,100,35.856
1715670800.511763,2166737.000,26722,1,TH,1,100,35.856
1715670800.644894,2166864.000,26742,1,TH,1,100,35.842
1715670800.776978,2166990.000,26776,1,TH,1,100,35.842
1715670800.909585,2167116.500,26799,2,TH,1,100,35.851
1715670801.042193,2167243.000,26799,2,TH,1,100,35.851
1715670801.175325,2167370.000,26818,1,TH,1,100,35.836
1715670801.309505,2167498.000,26835,1,TH,1,100,35.836
1715670801.443685,2167626.000,26869,1,TH,1,100,35.875
1715670801.577865,2167754.000,26885,1,TH,1,100,35.875
1715670801.709949,2167880.000,26903,1,TH,1,100,35.911
1715670801.840984,2168005.000,26937,1,TH,1,100,35.911
1715670801.972019,2168130.000,26954,1,TH,1,100,35.904
1715670802.105151,2168257.000,26973,1,TH,1,100,35.904
1715670802.239331,2168385.000,26989,1,TH,1,100,35.856
1715670802.374559,2168514.000,27007,1,TH,1,100,35.856
1715670802.508739,2168642.000,27041,1,TH,1,100,35.884
1715670802.640823,2168768.000,27057,1,TH,1,100,35.884
1715670802.773955,2168895.000,27075,1,TH,1,100,35.916
1715670802.906038,2169021.000,27091,1,TH,1,100,35.916
1715670803.037074,2169146.000,27123,1,TH,1,100,35.877
1715670803.171254,2169274.000,27145,1,TH,1,100,35.877
1715670803.304385,2169401.000,27161,1,TH,1,100,35.907
1715670803.437517,2169528.000,27181,1,TH,1,100,35.907
1715670803.572746,2169657.000,27212,1,TH,1,100,35.877
1715670803.705877,2169784.000,27229,1,TH,1,100,35.877
1715670803.840057,2169912.000,27246,1,TH,1,100,35.888
1715670803.972141,2170038.000,27278,1,TH,1,100,35.888
1715670804.104224,2170164.000,27294,1,TH,1,100,35.988
1715670804.236308,2170290.000,27313,1,TH,1,100,35.988
1715670804.369440,2170417.000,27330,1,TH,1,100,35.898
1715670804.502572,2170544.000,27364,1,TH,1,100,35.898
1715670804.636752,2170672.000,27382,1,TH,1,100,35.900
1715670804.770932,2170800.000,27398,1,TH,1,100,35.900
1715670804.905112,2170928.000,27415,1,TH,1,100,35.872
1715670805.037195,2171054.000,27450,1,TH,1,100,35.872
1715670805.168231,2171179.000,27466,1,TH,1,100,35.872
1715670805.299266,2171304.000,27483,1,TH,1,100,35.872
1715670805.432398,2171431.000,27502,1,TH,1,100,35.960
1715670805.565529,2171558.000,27533,1,TH,1,100,35.960
1715670805.700758,2171687.000,27551,1,TH,1,100,35.932
1715670805.834938,2171815.000,27570,1,TH,1,100,35.932
1715670805.967021,2171941.000,27587,1,TH,1,100,35.875
1715670806.100153,2172068.000,27604,1,TH,1,100,35.875
1715670806.231712,2172193.500,27644,2,TH,1,100,35.858
1715670806.363272,2172319.000,27644,2,TH,1,100,35.858
1715670806.497452,2172447.000,27663,1,TH,1,100,35.800
1715670806.630584,2172574.000,27695,1,TH,1,100,35.800
1715670806.763716,2172701.000,27711,1,TH,1,100,35.909
1715670806.898944,2172830.000,27728,1,TH,1,100,35.909
1715670807.032076,2172957.000,27748,1,TH,1,100,35.886
1715670807.164683,2173083.500,27779,2,TH,1,100,35.886
1715670807.297291,2173210.000,27779,2,TH,1,100,35.867
1715670807.429374,2173336.000,27797,1,TH,1,100,35.867
1715670807.562506,2173463.000,27833,1,TH,1,100,35.854
1715670807.695638,2173590.000,27850,1,TH,1,100,35.854
1715670807.828770,2173717.000,27867,1,TH,1,100,35.900
1715670807.962950,2173845.000,27883,1,TH,1,100,35.900
1715670808.097130,2173973.000,27915,1,TH,1,100,35.955
1715670808.231310,2174101.000,27932,1,TH,1,100,35.955
1715670808.363394,2174227.000,27952,1,TH,1,100,35.895
1715670808.494429,2174352.000,27971,1,TH,1,100,35.895
1715670808.626512,2174478.000,28005,1,TH,1,100,35.909
1715670808.759644,2174605.000,28021,1,TH,1,100,35.909
1715670808.892776,2174732.000,28041,1,TH,1,100,35.937
1715670809.028004,2174861.000,28058,1,TH,1,100,35.929
1715670809.162184,2174989.000,28075,1,TH,1,100,35.839
1715670809.294268,2175115.000,28107,1,TH,1,100,35.846
1715670809.427400,2175242.000,28123,1,TH,1,100,35.879
1715670809.558435,2175367.000,28140,1,TH,1,100,35.879
1715670809.689470,2175492.000,28160,1,TH,1,100,35.837
1715670809.823650,2175620.000,28193,1,TH,1,100,35.837
1715670809.956782,2175747.000,28210,1,TH,1,100,35.904
1715670810.089914,2175874.000,28227,1,TH,1,100,35.897
1715670810.225142,2176003.000,28244,1,TH,1,100,35.904
1715670810.358274,2176130.000,28279,1,TH,1,100,35.904
1715670810.491405,2176257.000,28295,1,TH,1,100,35.862
1715670810.624537,2176384.000,28312,1,TH,1,100,35.862
1715670810.756621,2176510.000,28329,1,TH,1,100,35.883
1715670810.890801,2176638.000,28362,1,TH,1,100,35.890
1715670811.023933,2176765.000,28380,1,TH,1,100,35.960
1715670811.157064,2176892.000,28399,1,TH,1,100,35.952
1715670811.291245,2177020.000,28416,1,TH,1,100,35.865
1715670811.424376,2177147.000,28433,1,TH,1,100,35.865
1715670811.558557,2177275.000,28464,1,TH,1,100,35.885
1715670811.690640,2177401.000,28487,1,TH,1,100,35.885
1715670811.821675,2177526.000,28503,1,TH,1,100,35.839
1715670811.953759,2177652.000,28523,1,TH,1,100,35.839
1715670812.086890,2177779.000,28539,1,TH,1,100,35.821
1715670812.220022,2177906.000,28559,1,TH,1,100,35.821
1715670812.355251,2178035.000,28591,1,TH,1,100,35.842
1715670812.489431,2178163.000,28607,1,TH,1,100,35.842
1715670812.621514,2178289.000,28624,1,TH,1,100,35.879
1715670812.754646,2178416.000,28644,1,TH,1,100,35.879
1715670812.885681,2178541.000,28677,1,TH,1,100,35.830
1715670813.016716,2178666.000,28695,1,TH,1,100,35.830
1715670813.150897,2178794.000,28711,1,TH,1,100,35.858
1715670813.284028,2178921.000,28728,1,TH,1,100,35.858
1715670813.417160,2179048.000,28762,1,TH,1,100,35.911
1715670813.552388,2179177.000,28781,1,TH,1,100,35.911
1715670813.685520,2179304.000,28799,1,TH,1,100,35.908
1715670813.817604,2179430.000,28815,1,TH,1,100,35.908
1715670813.949687,2179556.000,28850,1,TH,1,100,35.837
1715670814.081771,2179682.000,28869,1,TH,1,100,35.837
1715670814.215951,2179810.000,28885,1,TH,1,100,35.904
1715670814.349083,2179937.000,28903,1,TH,1,100,35.904
1715670814.482214,2180064.000,28919,1,TH,1,100,35.874
1715670814.616395,2180192.000,28951,1,TH,1,100,35.874
1715670814.749526,2180319.000,28968,1,TH,1,100,35.874
1715670814.883706,2180447.000,28984,1,TH,1,100,35.874
1715670815.015790,2180573.000,29002,1,TH,1,100,35.841
1715670815.146825,2180698.000,29038,1,TH,1,100,35.841
1715670815.279957,2180825.000,29055,1,TH,1,100,35.918
1715670815.413089,2180952.000,29073,1,TH,1,100,35.918
1715670815.546221,2181079.000,29091,1,TH,1,100,35.802
1715670815.681449,2181208.000,29123,1,TH,1,100,35.802
1715670815.815629,2181336.000,29140,1,TH,1,100,35.908
1715670815.947712,2181462.000,29159,1,TH,1,100,35.908
1715670816.080844,2181589.000,29177,1,TH,1,100,35.867
1715670816.211879,2181714.000,29193,1,TH,1,100,35.867
1715670816.342915,2181839.000,29227,1,TH,1,100,35.927
1715670816.477095,2181967.000,29247,1,TH,1,100,35.927
1715670816.610227,2182094.000,29263,1,TH,1,100,35.816
1715670816.743358,2182221.000,29281,1,TH,1,100,35.816
1715670816.878587,2182350.000,29312,1,TH,1,100,35.874
1715670817.011719,2182477.000,29329,1,TH,1,100,35.874
1715670817.143802,2182603.000,29351,1,TH,1,100,35.941
1715670817.275886,2182729.000,29388,1,TH,1,100,35.941
1715670817.407969,2182855.000,29404,1,TH,1,100,35.943
1715670817.542149,2182983.000,29421,1,TH,1,100,35.943
1715670817.675281,2183110.000,29438,1,TH,1,100,35.855
1715670817.808413,2183237.000,29455,1,TH,1,100,35.855
1715670817.942593,2183365.000,29490,1,TH,1,100,35.864
1715670818.075725,2183492.000,29506,1,TH,1,100,35.864
1715670818.209905,2183620.000,29523,1,TH,1,100,35.862
1715670818.341988,2183746.000,29540,1,TH,1,100,35.862
1715670818.473023,2183871.000,29578,1,TH,1,100,35.881
1715670818.606155,2183998.000,29595,1,TH,1,100,35.881
1715670818.739287,2184125.000,29612,1,TH,1,100,35.904
1715670818.872419,2184252.000,29629,1,TH,1,100,35.904
1715670819.007647,2184381.000,29661,1,TH,1,100,35.835
1715670819.140779,2184508.000,29677,1,TH,1,100,35.835
1715670819.273911,2184635.000,29694,1,TH,1,100,35.897
1715670819.407043,2184762.000,29726,1,TH,1,100,35.897
1715670819.538078,2184887.000,29742,1,TH,1,100,35.867
1715670819.669113,2185012.000,29762,1,TH,1,100,35.867
1715670819.803293,2185140.000,29778,1,TH,1,100,35.943
1715670819.936425,2185267.000,29810,1,TH,1,100,35.943
1715670820.069557,2185394.000,29827,1,TH,1,100,35.892
1715670820.204785,2185523.000,29843,1,TH,1,100,35.892
1715670820.337917,2185650.000,29864,1,TH,1,100,35.913
1715670820.470000,2185776.000,29883,1,TH,1,100,35.913
1715670820.602084,2185902.000,29915,1,TH,1,100,35.878
1715670820.734167,2186028.000,29934,1,TH,1,100,35.878
1715670820.868347,2186156.000,29950,1,TH,1,100,35.869
1715670821.001479,2186283.000,29968,1,TH,1,100,35.869
1715670821.134611,2186410.000,30002,1,TH,1,100,35.929
1715670821.268791,2186538.000,30019,1,TH,1,100,35.929
1715670821.400875,2186664.000,30036,1,TH,1,100,35.827
1715670821.535055,2186792.000,30052,1,TH,1,100,35.827
1715670821.667138,2186918.000,30089,1,TH,1,100,35.837
1715670821.798173,2187043.000,30106,1,TH,1,100,35.837
1715670821.931305,2187170.000,30122,1,TH,1,100,35.843
1715670822.064437,2187297.000,30140,1,TH,1,100,35.843
1715670822.197569,2187424.000,30171,1,TH,1,100,35.834
1715670822.332797,2187553.000,30191,1,TH,1,100,35.834
1715670822.465929,2187680.000,30213,1,TH,1,100,35.835
1715670822.599061,2187807.000,30230,1,TH,1,100,35.835
1715670822.732193,2187934.000,30247,1,TH,1,100,35.885
1715670822.864276,2188060.000,30265,1,TH,1,100,35.878
1715670822.995311,2188185.000,30300,1,TH,1,100,35.885
1715670823.129491,2188313.000,30317,1,TH,1,100,35.892
1715670823.262623,2188440.000,30333,1,TH,1,100,35.887
1715670823.395755,2188567.000,30353,1,TH,1,100,35.887
1715670823.530983,2188696.000,30384,1,TH,1,100,35.858
1715670823.664115,2188823.000,30401,1,TH,1,100,35.850
1715670823.795150,2188948.000,30418,1,TH,1,100,35.915
1715670823.927234,2189074.000,30437,1,TH,1,100,35.922
1715670824.059317,2189200.000,30471,1,TH,1,100,35.869
1715670824.193497,2189328.000,30488,1,TH,1,100,35.862
1715670824.326629,2189455.000,30508,1,TH,1,100,35.799
1715670824.459761,2189582.000,30525,1,TH,1,100,35.799
1715670824.593941,2189710.000,30557,1,TH,1,100,35.889
1715670824.726024,2189836.000,30573,1,TH,1,100,35.889
1715670824.860205,2189964.000,30590,1,TH,1,100,35.855
1715670824.992288,2190090.000,30607,1,TH,1,100,35.855
1715670825.123323,2190215.000,30643,1,TH,1,100,35.922
1715670825.257504,2190343.000,30661,1,TH,1,100,35.922
1715670825.390635,2190470.000,30677,1,TH,1,100,35.811
1715670825.523767,2190597.000,30697,1,TH,1,100,35.811
1715670825.658995,2190726.000,30714,1,TH,1,100,35.816
1715670825.792127,2190853.000,30745,1,TH,1,100,35.816
1715670825.925259,2190980.000,30762,1,TH,1,100,35.834
1715670826.058391,2191107.000,30781,1,TH,1,100,35.834
1715670826.190474,2191233.000,30812,1,TH,1,100,35.843
1715670826.321509,2191358.000,30833,1,TH,1,100,35.843
1715670826.455689,2191486.000,30849,1,TH,1,100,35.903
1715670826.588821,2191613.000,30866,1,TH,1,100,35.903
1715670826.721953,2191740.000,30883,1,TH,1,100,35.857
1715670826.857182,2191869.000,30917,1,TH,1,100,35.857
1715670826.990313,2191996.000,30935,1,TH,1,100,35.924
1715670827.121348,2192121.000,30953,1,TH,1,100,35.924
1715670827.253432,2192247.000,30970,1,TH,1,100,35.793
1715670827.385515,2192373.000,31002,1,TH,1,100,35.793
1715670827.519696,2192501.000,31021,1,TH,1,100,35.878
1715670827.652827,2192628.000,31039,1,TH,1,100,35.878
1715670827.785959,2192755.000,31055,1,TH,1,100,35.832
1715670827.920139,2192883.000,31092,1,TH,1,100,35.832
1715670828.052223,2193009.000,31109,1,TH,1,100,35.825
1715670828.185354,2193136.000,31130,1,TH,1,100,35.825
1715670828.317438,2193262.000,31148,1,TH,1,100,35.822
1715670828.448473,2193387.000,31181,1,TH,1,100,35.822
1715670828.582653,2193515.000,31197,1,TH,1,100,35.857
1715670828.715785,2193642.000,31215,1,TH,1,100,35.857
1715670828.848917,2193769.000,31234,1,TH,1,100,35.841
1715670828.984145,2193898.000,31266,1,TH,1,100,35.841
1715670829.117277,2194025.000,31283,1,TH,1,100,35.816
1715670829.250409,2194152.000,31301,1,TH,1,100,35.816
1715670829.383541,2194279.000,31322,1,TH,1,100,35.816
1715670829.515624,2194405.000,31338,1,TH,1,100,35.816
1715670829.647708,2194531.000,31370,1,TH,1,100,35.816
1715670829.781888,2194659.000,31387,1,TH,1,100,35.816
1715670829.915020,2194786.000,31403,1,TH,1,100,35.839
1715670830.048151,2194913.000,31421,1,TH,1,100,35.839
1715670830.183380,2195042.000,31452,1,TH,1,100,35.850
1715670830.316511,2195169.000,31471,1,TH,1,100,35.850
1715670830.447547,2195294.000,31491,1,TH,1,100,35.825
1715670830.579630,2195420.000,31507,1,TH,1,100,35.825
1715670830.711714,2195546.000,31528,1,TH,1,100,35.878
1715670830.845894,2195674.000,31559,1,TH,1,100,35.878
1715670830.979026,2195801.000,31576,1,TH,1,100,35.889
1715670831.112157,2195928.000,31593,1,TH,1,100,35.889
1715670831.246337,2196056.000,31609,1,TH,1,100,35.868
1715670831.378421,2196182.000,31646,1,TH,1,100,35.868
1715670831.511553,2196309.000,31663,1,TH,1,100,35.873
1715670831.643636,2196435.000,31680,1,TH,1,100,35.873
1715670831.774672,2196560.000,31697,1,TH,1,100,35.839
1715670831.908852,2196688.000,31729,1,TH,1,100,35.839
1715670832.041983,2196815.000,31748,1,TH,1,100,35.908
1715670832.175115,2196942.000,31765,1,TH,1,100,35.908
1715670832.310344,2197071.000,31782,1,TH,1,100,35.855
1715670832.443475,2197198.000,31815,1,TH,1,100,35.847
1715670832.576607,2197325.000,31833,1,TH,1,100,35.870
1715670832.709739,2197452.000,31852,1,TH,1,100,35.870
1715670832.842871,2197579.000,31869,1,TH,1,100,35.801
1715670832.974954,2197705.000,31901,1,TH,1,100,35.801
1715670833.109134,2197833.000,31917,1,TH,1,100,35.806
1715670833.242266,2197960.000,31943,1,TH,1,100,35.813
1715670833.375398,2198087.000,31963,1,TH,1,100,35.801
1715670833.510626,2198216.000,31980,1,TH,1,100,35.801
1715670833.643758,2198343.000,31997,1,TH,1,100,35.859
1715670833.774793,2198468.000,32014,1,TH,1,100,35.852
1715670833.906877,2198594.000,32049,1,TH,1,100,35.857
1715670834.038960,2198720.000,32065,1,TH,1,100,35.864
1715670834.173140,2198848.000,32082,1,TH,1,100,35.861
1715670834.306272,2198975.000,32099,1,TH,1,100,35.854
1715670834.439404,2199102.000,32135,1,TH,1,100,35.769
1715670834.573584,2199230.000,32153,1,TH,1,100,35.769
1715670834.705667,2199356.000,32169,1,TH,1,100,35.907
1715670834.838799,2199483.000,32186,1,TH,1,100,35.914
1715670834.970883,2199609.000,32203,1,TH,1,100,35.896
1715670835.101918,2199734.000,32234,1,TH,1,100,35.889
1715670835.236098,2199862.000,32251,1,TH,1,100,35.841
1715670835.369230,2199989.000,32271,1,TH,1,100,35.841
1715670835.502362,2200116.000,32290,1,TH,1,100,35.794
1715670835.637590,2200245.000,32322,1,TH,1,100,35.794
1715670835.770722,2200372.000,32338,1,TH,1,100,35.843
1715670835.903854,2200499.000,32355,1,TH,1,100,35.843
1715670836.036985,2200626.000,32375,1,TH,1,100,35.771
1715670836.170117,2200753.000,32406,1,TH,1,100,35.771
1715670836.302201,2200879.000,32424,1,TH,1,100,35.817
1715670836.436381,2201007.000,32440,1,TH,1,100,35.817
1715670836.569513,2201134.000,32462,1,TH,1,100,35.896
1715670836.702644,2201261.000,32494,1,TH,1,100,35.896
1715670836.837873,2201390.000,32510,1,TH,1,100,35.797
1715670836.971004,2201517.000,32528,1,TH,1,100,35.797
1715670837.102040,2201642.000,32547,1,TH,1,100,35.820
1715670837.235172,2201769.000,32579,1,TH,1,100,35.820
1715670837.367255,2201895.000,32596,1,TH,1,100,35.909
1715670837.501435,2202023.000,32612,1,TH,1,100,35.909
1715670837.634567,2202150.000,32632,1,TH,1,100,35.829
1715670837.767699,2202277.000,32663,1,TH,1,100,35.829
1715670837.901879,2202405.000,32682,1,TH,1,100,35.870
1715670838.033962,2202531.000,32700,1,TH,1,100,35.870
1715670838.166046,2202657.000,32731,1,TH,1,100,35.852
1715670838.298129,2202783.000,32753,1,TH,1,100,35.852
1715670838.429165,2202908.000,32770,1,TH,1,100,35.852
1715670838.563345,2203036.000,32795,2,TH,1,100,35.852
1715670838.697525,2203164.000,32795,2,TH,1,100,35.884
1715670838.830657,2203291.000,32811,1,TH,1,100,35.884
1715670838.965885,2203420.000,32831,1,TH,1,100,35.822
1715670839.097968,2203546.000,32847,1,TH,1,100,35.822
1715670839.231100,2203673.000,32865,1,TH,1,100,35.826
1715670839.364232,2203800.000,32881,1,TH,1,100,35.826
1715670839.496315,2203926.000,32898,1,TH,1,100,35.898
1715670839.629447,2204053.000,32933,1,TH,1,100,35.898
1715670839.763627,2204181.000,32951,1,TH,1,100,35.870
1715670839.896759,2204308.000,32968,1,TH,1,100,35.870
1715670840.029891,2204435.000,32985,1,TH,1,100,35.803
1715670840.165119,2204564.000,33016,1,TH,1,100,35.803
1715670840.298251,2204691.000,33037,1,TH,1,100,35.792
1715670840.429286,2204816.000,33053,1,TH,1,100,35.792
1715670840.561370,2204942.000,33070,1,TH,1,100,35.859
1715670840.693453,2205068.000,33087,1,TH,1,100,35.859
1715670840.827633,2205196.000,33106,1,TH,1,100,35.909
1715670840.960765,2205323.000,33141,1,TH,1,100,35.909
1715670841.093897,2205450.000,33157,1,TH,1,100,35.794
1715670841.228077,2205578.000,33174,1,TH,1,100,35.794
1715670841.360161,2205704.000,33191,1,TH,1,100,35.845
1715670841.492244,2205830.000,33222,1,TH,1,100,35.845
1715670841.624328,2205956.000,33243,1,TH,1,100,35.820
1715670841.755363,2206081.000,33259,1,TH,1,100,35.820
1715670841.890591,2206210.000,33278,1,TH,1,100,35.824
1715670842.023723,2206337.000,33310,1,TH,1,100,35.824
1715670842.156855,2206464.000,33329,1,TH,1,100,35.900
1715670842.292083,2206593.000,33347,1,TH,1,100,35.900
1715670842.424167,2206719.000,33363,1,TH,1,100,35.820
1715670842.557298,2206846.000,33395,1,TH,1,100,35.820
1715670842.690430,2206973.000,33412,1,TH,1,100,35.903
1715670842.822514,2207099.000,33428,1,TH,1,100,35.903
1715670842.956694,2207227.000,33446,1,TH,1,100,35.843
1715670843.090874,2207355.000,33482,1,TH,1,100,35.843
1715670843.224006,2207482.000,33499,1,TH,1,100,35.766
1715670843.357137,2207609.000,33518,1,TH,1,100,35.766
1715670843.492366,2207738.000,33534,1,TH,1,100,35.785
1715670843.625498,2207865.000,33569,1,TH,1,100,35.785
1715670843.756533,2207990.000,33586,1,TH,1,100,35.799
1715670843.889665,2208117.000,33602,1,TH,1,100,35.799
1715670844.021748,2208243.000,33627,1,TH,1,100,35.799
1715670844.155404,2208370.500,33647,2,TH,1,100,35.799
1715670844.289060,2208498.000,33647,2,TH,1,100,35.805
1715670844.422192,2208625.000,33664,1,TH,1,100,35.805
1715670844.556372,2208753.000,33696,1,TH,1,100,35.834
1715670844.688455,2208879.000,33712,1,TH,1,100,35.834
1715670844.820539,2209005.000,33729,1,TH,1,100,35.882
1715670844.952622,2209131.000,33746,1,TH,1,100,35.882
1715670845.083658,2209256.000,33765,1,TH,1,100,35.743
1715670845.218886,2209385.000,33797,1,TH,1,100,35.743
1715670845.352018,2209512.000,33813,1,TH,1,100,35.831
1715670845.485150,2209639.000,33830,1,TH,1,100,35.831
1715670845.620378,2209768.000,33850,1,TH,1,100,35.762
1715670845.751413,2209893.000,33881,1,TH,1,100,35.762
1715670845.884545,2210020.000,33898,1,TH,1,100,35.849
1715670846.017677,2210147.000,33915,1,TH,1,100,35.849
1715670846.149760,2210273.000,33951,1,TH,1,100,35.794
1715670846.283940,2210401.000,33969,1,TH,1,100,35.794
1715670846.418120,2210529.000,33985,1,TH,1,100,35.840
1715670846.551252,2210656.000,34002,1,TH,1,100,35.840
1715670846.684384,2210783.000,34034,1,TH,1,100,35.789
1715670846.819612,2210912.000,34053,1,TH,1,100,35.790
1715670846.952744,2211039.000,34071,1,TH,1,100,35.870
1715670847.083779,2211164.000,34089,1,TH,1,100,35.870
1715670847.216911,2211291.000,34121,1,TH,1,100,35.789
1715670847.348994,2211417.000,34141,1,TH,1,100,35.790
1715670847.483175,2211545.000,34157,1,TH,1,100,35.866
1715670847.616307,2211672.000,34175,1,TH,1,100,35.866
1715670847.749438,2211799.000,34206,1,TH,1,100,35.849
1715670847.883618,2211927.000,34223,1,TH,1,100,35.849
1715670848.015702,2212053.000,34240,1,TH,1,100,35.817
1715670848.147785,2212179.000,34259,1,TH,1,100,35.817
1715670848.279869,2212305.000,34295,1,TH,1,100,35.808
1715670848.410904,2212430.000,34312,1,TH,1,100,35.808
1715670848.546132,2212559.000,34328,1,TH,1,100,35.866
1715670848.679264,2212686.000,34349,1,TH,1,100,35.866
1715670848.812396,2212813.000,34380,1,TH,1,100,35.863
1715670848.947624,2212942.000,34397,1,TH,1,100,35.863
1715670849.078660,2213067.000,34414,1,TH,1,100,35.822
1715670849.210743,2213193.000,34430,1,TH,1,100,35.822
1715670849.343351,2213319.500,34473,2,TH,1,100,35.776
1715670849.475958,2213446.000,34473,2,TH,1,100,35.776
1715670849.610138,2213574.000,34490,1,TH,1,100,35.773
1715670849.744318,2213702.000,34507,1,TH,1,100,35.773
1715670849.877450,2213829.000,34524,1,TH,1,100,35.836
1715670850.010582,2213956.000,34544,1,TH,1,100,35.836
1715670850.144762,2214084.000,34575,1,TH,1,100,35.829
1715670850.277894,2214211.000,34592,1,TH,1,100,35.829
1715670850.408929,2214336.000,34611,1,TH,1,100,35.845
1715670850.542061,2214463.000,34627,1,TH,1,100,35.845
1715670850.675193,2214590.000,34662,1,TH,1,100,35.799
1715670850.809373,2214718.000,34679,1,TH,1,100,35.799
1715670850.942505,2214845.000,34696,1,TH,1,100,35.875
1715670851.075636,2214972.000,34713,1,TH,1,100,35.875
1715670851.209816,2215100.000,34748,1,TH,1,100,35.872
1715670851.341900,2215226.000,34766,1,TH,1,100,35.872
1715670851.473984,2215352.000,34783,1,TH,1,100,35.810
1715670851.606067,2215478.000,34800,1,TH,1,100,35.803
1715670851.737102,2215603.000,34817,1,TH,1,100,35.833
1715670851.872331,2215732.000,34849,1,TH,1,100,35.833
1715670852.005462,2215859.000,34868,1,TH,1,100,35.815
1715670852.138594,2215986.000,34885,1,TH,1,100,35.822
1715670852.273823,2216115.000,34902,1,TH,1,100,35.815
1715670852.404858,2216240.000,34935,1,TH,1,100,35.815
1715670852.536941,2216366.000,34956,1,TH,1,100,35.836
1715670852.670073,2216493.000,34972,1,TH,1,100,35.836
1715670852.802157,2216619.000,34989,1,TH,1,100,35.882
1715670852.936337,2216747.000,35021,1,TH,1,100,35.874
1715670853.070517,2216875.000,35037,1,TH,1,100,35.847
1715670853.203649,2217002.000,35054,1,TH,1,100,35.847
1715670853.336780,2217129.000,35076,1,TH,1,100,35.759
1715670853.470960,2217257.000,35109,1,TH,1,100,35.759
1715670853.604092,2217384.000,35127,1,TH,1,100,35.847
1715670853.735127,2217509.000,35143,1,TH,1,100,35.847
1715670853.869308,2217637.000,35160,1,TH,1,100,35.847
1715670854.002439,2217764.000,35192,1,TH,1,100,35.847
1715670854.136619,2217892.000,35208,1,TH,1,100,35.778
1715670854.269751,2218019.000,35229,1,TH,1,100,35.778
1715670854.402883,2218146.000,35245,1,TH,1,100,35.812
1715670854.537063,2218274.000,35262,1,TH,1,100,35.812
1715670854.669147,2218400.000,35299,1,TH,1,100,35.826
1715670854.801230,2218526.000,35320,2,TH,1,100,35.826
1715670854.933314,2218652.000,35320,2,TH,1,100,35.817
1715670855.064349,2218777.000,35339,1,TH,1,100,35.817
1715670855.199577,2218906.000,35356,1,TH,1,100,35.805
1715670855.332709,2219033.000,35388,1,TH,1,100,35.805
1715670855.465841,2219160.000,35404,1,TH,1,100,35.895
1715670855.601069,2219289.000,35424,1,TH,1,100,35.895
1715670855.732104,2219414.000,35440,1,TH,1,100,35.835
1715670855.863140,2219539.000,35475,1,TH,1,100,35.835
1715670855.996271,2219666.000,35492,1,TH,1,100,35.870
1715670856.128355,2219792.000,35508,1,TH,1,100,35.870
1715670856.262535,2219920.000,35526,1,TH,1,100,35.734
1715670856.396715,2220048.000,35560,1,TH,1,100,35.734
1715670856.529847,2220175.000,35579,1,TH,1,100,35.936
1715670856.662979,2220302.000,35596,1,TH,1,100,35.936
1715670856.796110,2220429.000,35612,1,TH,1,100,35.853
1715670856.929242,2220556.000,35644,1,TH,1,100,35.853
1715670857.060277,2220681.000,35664,1,TH,1,100,35.856
1715670857.193409,2220808.000,35680,1,TH,1,100,35.856
1715670857.327589,2220936.000,35698,1,TH,1,100,35.784
1715670857.461769,2221064.000,35731,1,TH,1,100,35.784
1715670857.594901,2221191.000,35748,1,TH,1,100,35.821
1715670857.728033,2221318.000,35768,1,TH,1,100,35.821
1715670857.862213,2221446.000,35784,1,TH,1,100,35.768
1715670857.994297,2221572.000,35816,1,TH,1,100,35.768
1715670858.126380,2221698.000,35833,1,TH,1,100,35.863
1715670858.259512,2221825.000,35850,1,TH,1,100,35.863
1715670858.390547,2221950.000,35872,1,TH,1,100,35.796
1715670858.525775,2222079.000,35906,1,TH,1,100,35.796
1715670858.658907,2222206.000,35922,1,TH,1,100,35.745
1715670858.792039,2222333.000,35939,1,TH,1,100,35.745
1715670858.927267,2222462.000,35956,1,TH,1,100,35.789
1715670859.058303,2222587.000,35990,1,TH,1,100,35.789
1715670859.190386,2222713.000,36008,1,TH,1,100,35.877
1715670859.323518,2222840.000,36024,1,TH,1,100,35.877
1715670859.455601,2222966.000,36041,1,TH,1,100,35.824
1715670859.589782,2223094.000,36078,1,TH,1,100,35.824
1715670859.723962,2223222.000,36094,1,TH,1,100,35.801
1715670859.857093,2223349.000,36112,1,TH,1,100,35.801
1715670859.990225,2223476.000,36128,1,TH,1,100,35.838
1715670860.122309,2223602.000,36145,1,TH,1,100,35.838
1715670860.255440,2223729.000,36173,1,TH,1,100,35.814
1715670860.387524,2223855.000,36189,2,TH,1,100,35.814
1715670860.519608,2223981.000,36189,2,TH,1,100,35.842
1715670860.653788,2224109.000,36221,1,TH,1,100,35.842
1715670860.787968,2224237.000,36240,1,TH,1,100,35.794
1715670860.921099,2224364.000,36257,1,TH,1,100,35.794
1715670861.054231,2224491.000,36277,1,TH,1,100,35.798
1715670861.188411,2224619.000,36309,1,TH,1,100,35.798
1715670861.320495,2224745.000,36325,1,TH,1,100,35.812
1715670861.452578,2224871.000,36342,1,TH,1,100,35.812
1715670861.586758,2224999.000,36362,1,TH,1,100,35.794
1715670861.717794,2225124.000,36393,1,TH,1,100,35.794
1715670861.853022,2225253.000,36412,1,TH,1,100,35.849
1715670861.986154,2225380.000,36429,1,TH,1,100,35.849
1715670862.119286,2225507.000,36446,1,TH,1,100,35.838
1715670862.254514,2225636.000,36481,1,TH,1,100,35.838
1715670862.385549,2225761.000,36497,1,TH,1,100,35.835
1715670862.517633,2225887.000,36514,1,TH,1,100,35.835
1715670862.650764,2226014.000,36531,1,TH,1,100,35.810
1715670862.782848,2226140.000,36567,1,TH,1,100,35.810
1715670862.917028,2226268.000,36585,1,TH,1,100,35.828
1715670863.051208,2226396.000,36601,1,TH,1,100,35.828
1715670863.184340,2226523.000,36618,1,TH,1,100,35.766
1715670863.317472,2226650.000,36652,1,TH,1,100,35.766
1715670863.449555,2226776.000,36671,1,TH,1,100,35.745
1715670863.581639,2226902.000,36689,1,TH,1,100,35.745
1715670863.712674,2227027.000,36705,1,TH,1,100,35.747
1715670863.845806,2227154.000,36739,1,TH,1,100,35.747
1715670863.979986,2227282.000,36756,1,TH,1,100,35.780
1715670864.114166,2227410.000,36775,1,TH,1,100,35.780
1715670864.247298,2227537.000,36793,1,TH,1,100,35.821
1715670864.380430,2227664.000,36824,1,TH,1,100,35.821
1715670864.513561,2227791.000,36840,1,TH,1,100,35.826
1715670864.645645,2227917.000,36858,1,TH,1,100,35.826
1715670864.777728,2228043.000,36874,1,TH,1,100,35.837
1715670864.911908,2228171.000,36911,1,TH,1,100,35.837
1715670865.043992,2228297.000,36928,1,TH,1,100,35.789
1715670865.179220,2228426.000,36944,1,TH,1,100,35.789
1715670865.312352,2228553.000,36979,1,TH,1,100,35.810
1715670865.445484,2228680.000,36996,1,TH,1,100,35.810
1715670865.578616,2228807.000,37019,2,TH,1,100,35.890
1715670865.711747,2228934.000,37019,2,TH,1,100,35.890
1715670865.843831,2229060.000,37035,1,TH,1,100,35.819
1715670865.978011,2229188.000,37072,1,TH,1,100,35.819
1715670866.110095,2229314.000,37089,1,TH,1,100,35.780
1715670866.244275,2229442.000,37106,1,TH,1,100,35.780
1715670866.378455,2229570.000,37123,1,TH,1,100,35.817
1715670866.511586,2229697.000,37155,1,TH,1,100,35.817
1715670866.645766,2229825.000,37171,1,TH,1,100,35.909
1715670866.777850,2229951.000,37190,1,TH,1,100,35.909
1715670866.909934,2230077.000,37207,1,TH,1,100,35.745
1715670867.040969,2230202.000,37238,1,TH,1,100,35.745
1715670867.174100,2230329.000,37256,1,TH,1,100,35.812
1715670867.308280,2230457.000,37275,1,TH,1,100,35.812
1715670867.442461,2230585.000,37292,1,TH,1,100,35.830
1715670867.575593,2230712.000,37324,1,TH,1,100,35.830
1715670867.708724,2230839.000,37340,1,TH,1,100,35.757
1715670867.841856,2230966.000,37359,1,TH,1,100,35.757
1715670867.973939,2231092.000,37379,1,TH,1,100,35.854
1715670868.106023,2231218.000,37410,1,TH,1,100,35.853
1715670868.240203,2231346.000,37430,1,TH,1,100,35.780
1715670868.372287,2231472.000,37446,1,TH,1,100,35.780
1715670868.507515,2231601.000,37465,1,TH,1,100,35.807
1715670868.640647,2231728.000,37500,1,TH,1,100,35.800
1715670868.773778,2231855.000,37516,1,TH,1,100,35.793
1715670868.909007,2231984.000,37534,1,TH,1,100,35.793
1715670869.040042,2232109.000,37550,1,TH,1,100,35.832
1715670869.172126,2232235.000,37587,1,TH,1,100,35.832
1715670869.306306,2232363.000,37604,1,TH,1,100,35.809
1715670869.438389,2232489.000,37620,1,TH,1,100,35.817
1715670869.572569,2232617.000,37638,1,TH,1,100,35.888
1715670869.706749,2232745.000,37669,1,TH,1,100,35.881
1715670869.840405,2232872.500,37690,2,TH,1,100,35.860
1715670869.974061,2233000.000,37690,2,TH,1,100,35.860
1715670870.106145,2233126.000,37708,1,TH,1,100,35.779
1715670870.238228,2233252.000,37726,1,TH,1,100,35.779
1715670870.369263,2233377.000,37742,1,TH,1,100,35.710
1715670870.502395,2233504.000,37762,1,TH,1,100,35.710
1715670870.636575,2233632.000,37794,1,TH,1,100,35.830
1715670870.770756,2233760.000,37812,1,TH,1,100,35.830
1715670870.903887,2233887.000,37830,1,TH,1,100,35.798
1715670871.037019,2234014.000,37852,1,TH,1,100,35.798
1715670871.169102,2234140.000,37872,1,TH,1,100,35.821
1715670871.301186,2234266.000,37888,1,TH,1,100,35.821
1715670871.433270,2234392.000,37904,1,TH,1,100,35.775
1715670871.567450,2234520.000,37922,1,TH,1,100,35.775
1715670871.699533,2234646.000,37938,1,TH,1,100,35.802
1715670871.834761,2234775.000,37973,1,TH,1,100,35.802
1715670871.967893,2234902.000,37990,1,TH,1,100,35.805
1715670872.101025,2235029.000,38008,1,TH,1,100,35.805
1715670872.236253,2235158.000,38026,1,TH,1,100,35.728
1715670872.367289,2235283.000,38057,1,TH,1,100,35.728
1715670872.499372,2235409.000,38074,1,TH,1,100,35.828
1715670872.633552,2235537.000,38091,1,TH,1,100,35.828
1715670872.765636,2235663.000,38112,1,TH,1,100,35.858
1715670872.899816,2235791.000,38144,1,TH,1,100,35.858
1715670873.033996,2235919.000,38161,1,TH,1,100,35.765
1715670873.167128,2236046.000,38177,1,TH,1,100,35.765
1715670873.301308,2236174.000,38200,1,TH,1,100,35.832
1715670873.433391,2236300.000,38216,1,TH,1,100,35.832
1715670873.565475,2236426.000,38250,1,TH,1,100,35.851
1715670873.696510,2236551.000,38267,1,TH,1,100,35.851
1715670873.829642,2236678.000,38283,1,TH,1,100,35.830
1715670873.963822,2236806.000,38304,1,TH,1,100,35.830
1715670874.098002,2236934.000,38320,1,TH,1,100,35.752
1715670874.231134,2237061.000,38352,1,TH,1,100,35.752
1715670874.364265,2237188.000,38369,1,TH,1,100,35.738
1715670874.496349,2237314.000,38390,1,TH,1,100,35.738
1715670874.628433,2237440.000,38408,1,TH,1,100,35.791
1715670874.760516,2237566.000,38439,1,TH,1,100,35.791
1715670874.894696,2237694.000,38456,1,TH,1,100,35.738
1715670875.026780,2237820.000,38473,1,TH,1,100,35.738
1715670875.162008,2237949.000,38492,1,TH,1,100,35.765
1715670875.295140,2238076.000,38526,1,TH,1,100,35.765
1715670875.428272,2238203.000,38543,1,TH,1,100,35.765
1715670875.563500,2238332.000,38560,1,TH,1,100,35.765
1715670875.694535,2238457.000,38580,1,TH,1,100,35.811
1715670875.826619,2238583.000,38612,1,TH,1,100,35.811
1715670875.961847,2238712.000,38628,1,TH,1,100,35.802
1715670876.093930,2238838.000,38645,1,TH,1,100,35.802
1715670876.228111,2238966.000,38662,1,TH,1,100,35.765
1715670876.361767,2239093.500,38701,2,TH,1,100,35.765
1715670876.495423,2239221.000,38701,2,TH,1,100,35.832
1715670876.629603,2239349.000,38721,1,TH,1,100,35.832
1715670876.761686,2239475.000,38738,1,TH,1,100,35.754
1715670876.893770,2239601.000,38755,1,TH,1,100,35.754
1715670877.024805,2239726.000,38791,1,TH,1,100,35.858
1715670877.157937,2239853.000,38809,1,TH,1,100,35.858
1715670877.292117,2239981.000,38825,1,TH,1,100,35.724
1715670877.426297,2240109.000,38842,1,TH,1,100,35.724
1715670877.559428,2240236.000,38876,1,TH,1,100,35.837
1715670877.692560,2240363.000,38892,1,TH,1,100,35.837
1715670877.824644,2240489.000,38912,1,TH,1,100,35.788
1715670877.956727,2240615.000,38929,1,TH,1,100,35.788
1715670878.088811,2240741.000,38960,1,TH,1,100,35.754
1715670878.222991,2240869.000,38980,1,TH,1,100,35.754
1715670878.356123,2240996.000,38999,1,TH,1,100,35.837
1715670878.491351,2241125.000,39016,1,TH,1,100,35.837
1715670878.624483,2241252.000,39048,1,TH,1,100,35.802
1715670878.757615,2241379.000,39064,1,TH,1,100,35.802
1715670878.892843,2241508.000,39082,1,TH,1,100,35.784
1715670879.023878,2241633.000,39101,1,TH,1,100,35.784
1715670879.155962,2241759.000,39118,1,TH,1,100,35.814
1715670879.291190,2241888.000,39152,1,TH,1,100,35.814
1715670879.423274,2242014.000,39168,1,TH,1,100,35.800
1715670879.557454,2242142.000,39186,1,TH,1,100,35.800
1715670879.691634,2242270.000,39205,1,TH,1,100,35.791
1715670879.824766,2242397.000,39237,1,TH,1,100,35.791
1715670879.958946,2242525.000,39254,1,TH,1,100,35.844
1715670880.091029,2242651.000,39270,1,TH,1,100,35.844
1715670880.224161,2242778.000,39288,1,TH,1,100,35.770
1715670880.355196,2242903.000,39322,1,TH,1,100,35.770
1715670880.488328,2243030.000,39339,1,TH,1,100,35.850
1715670880.622508,2243158.000,39356,1,TH,1,100,35.850
1715670880.756688,2243286.000,39372,1,TH,1,100,35.763
1715670880.889820,2243413.000,39407,1,TH,1,100,35.763
1715670881.022952,2243540.000,39424,1,TH,1,100,35.892
1715670881.153987,2243665.000,39440,1,TH,1,100,35.892
1715670881.286070,2243791.000,39458,1,TH,1,100,35.786
1715670881.418154,2243917.000,39491,1,TH,1,100,35.779
1715670881.552334,2244045.000,39511,1,TH,1,100,35.765
1715670881.685466,2244172.000,39528,1,TH,1,100,35.772
1715670881.820694,2244301.000,39550,1,TH,1,100,35.777
1715670881.953826,2244428.000,39567,1,TH,1,100,35.777
1715670882.086958,2244555.000,39583,1,TH,1,100,35.788
1715670882.221138,2244683.000,39606,1,TH,1,100,35.781
1715670882.352173,2244808.000,39622,1,TH,1,100,35.703
1715670882.484257,2244934.000,39639,1,TH,1,100,35.703
1715670882.620533,2245064.000,39671,1,TH,1,100,35.910
1715670882.752617,2245190.000,39687,1,TH,1,100,35.910
1715670882.886797,2245318.000,39708,1,TH,1,100,35.758
1715670883.020977,2245446.000,39724,1,TH,1,100,35.758
1715670883.154109,2245573.000,39756,1,TH,1,100,35.839
1715670883.288289,2245701.000,39775,1,TH,1,100,35.839
1715670883.420372,2245827.000,39791,1,TH,1,100,35.763
1715670883.553504,2245954.000,39826,1,TH,1,100,35.763
1715670883.685588,2246080.000,39843,1,TH,1,100,35.769
1715670883.819768,2246208.000,39859,1,TH,1,100,35.769
1715670883.953948,2246336.000,39877,1,TH,1,100,35.792
1715670884.088128,2246464.000,39893,1,TH,1,100,35.792
1715670884.221260,2246591.000,39930,1,TH,1,100,35.767
1715670884.354391,2246718.000,39947,1,TH,1,100,35.767
1715670884.485427,2246843.000,39963,1,TH,1,100,35.866
1715670884.616462,2246968.000,39981,1,TH,1,100,35.866
1715670884.748545,2247094.000,40015,1,TH,1,100,35.852
1715670884.882725,2247222.000,40032,1,TH,1,100,35.852
1715670885.015857,2247349.000,40049,1,TH,1,100,35.797
1715670885.151086,2247478.000,40067,1,TH,1,100,35.797
1715670885.284217,2247605.000,40099,1,TH,1,100,35.783
1715670885.417349,2247732.000,40116,1,TH,1,100,35.783
1715670885.551529,2247860.000,40136,1,TH,1,100,35.735
1715670885.682564,2247985.000,40153,1,TH,1,100,35.735
1715670885.814648,2248111.000,40185,1,TH,1,100,35.756
1715670885.950925,2248241.000,40201,1,TH,1,100,35.756
1715670886.083008,2248367.000,40221,1,TH,1,100,35.873
1715670886.217188,2248495.000,40240,1,TH,1,100,35.873
1715670886.351368,2248623.000,40257,1,TH,1,100,35.765
1715670886.483452,2248749.000,40289,1,TH,1,100,35.765
1715670886.617632,2248877.000,40305,1,TH,1,100,35.723
1715670886.749715,2249003.000,40325,1,TH,1,100,35.723
1715670886.881799,2249129.000,40342,1,TH,1,100,35.772
1715670887.014931,2249256.000,40373,1,TH,1,100,35.772
1715670887.148587,2249383.500,40398,2,TH,1,100,35.860
1715670887.282243,2249511.000,40398,2,TH,1,100,35.859
1715670887.416423,2249639.000,40417,1,TH,1,100,35.751
1715670887.549554,2249766.000,40435,1,TH,1,100,35.751
1715670887.682686,2249893.000,40466,1,TH,1,100,35.746
1715670887.813721,2250018.000,40483,1,TH,1,100,35.746
1715670887.945805,2250144.000,40500,1,TH,1,100,35.802
1715670888.077888,2250270.000,40521,1,TH,1,100,35.802
1715670888.212069,2250398.000,40539,1,TH,1,100,35.804
1715670888.345200,2250525.000,40572,1,TH,1,100,35.804
1715670888.480429,2250654.000,40588,1,TH,1,100,35.797
1715670888.613560,2250781.000,40609,1,TH,1,100,35.797
1715670888.746692,2250908.000,40625,1,TH,1,100,35.785
1715670888.879824,2251035.000,40657,1,TH,1,100,35.785
1715670889.010859,2251160.000,40674,1,TH,1,100,35.790
1715670889.142943,2251286.000,40692,1,TH,1,100,35.790
1715670889.279219,2251416.000,40710,1,TH,1,100,35.802
1715670889.411303,2251542.000,40744,1,TH,1,100,35.802
1715670889.545483,2251670.000,40761,1,TH,1,100,35.733
1715670889.679663,2251798.000,40778,1,TH,1,100,35.733
1715670889.811747,2251924.000,40794,1,TH,1,100,35.808
1715670889.945927,2252052.000,40829,1,TH,1,100,35.808
1715670890.078010,2252178.000,40848,1,TH,1,100,35.799
1715670890.209045,2252303.000,40865,1,TH,1,100,35.799
1715670890.343225,2252431.000,40882,1,TH,1,100,35.746
1715670890.476357,2252558.000,40914,1,TH,1,100,35.746
1715670890.610537,2252686.000,40933,1,TH,1,100,35.801
1715670890.744717,2252814.000,40950,1,TH,1,100,35.801
1715670890.877849,2252941.000,40967,1,TH,1,100,35.783
1715670891.010981,2253068.000,41000,1,TH,1,100,35.783
1715670891.142016,2253193.000,41018,1,TH,1,100,35.809
1715670891.274100,2253319.000,41037,1,TH,1,100,35.809
1715670891.406183,2253445.000,41054,1,TH,1,100,35.756
1715670891.540363,2253573.000,41086,1,TH,1,100,35.756
1715670891.673495,2253700.000,41102,1,TH,1,100,35.783
1715670891.808723,2253829.000,41119,1,TH,1,100,35.783
1715670891.941855,2253956.000,41139,1,TH,1,100,35.767
1715670892.074987,2254083.000,41158,1,TH,1,100,35.767
1715670892.208119,2254210.000,41190,1,TH,1,100,35.769
1715670892.339154,2254335.000,41206,1,TH,1,100,35.769
1715670892.471237,2254461.000,41223,1,TH,1,100,35.762
1715670892.607514,2254591.000,41248,1,TH,1,100,35.755
1715670892.739598,2254717.000,41265,1,TH,1,100,35.711
1715670892.873778,2254845.000,41282,1,TH,1,100,35.719
1715670893.007958,2254973.000,41299,1,TH,1,100,35.822
1715670893.140041,2255099.000,41317,1,TH,1,100,35.815
1715670893.274221,2255227.000,41337,1,TH,1,100,35.820
1715670893.406305,2255353.000,41371,1,TH,1,100,35.820
1715670893.537340,2255478.000,41388,1,TH,1,100,35.789
1715670893.671520,2255606.000,41405,1,TH,1,100,35.789
1715670893.804652,2255733.000,41424,1,TH,1,100,35.799
1715670893.938832,2255861.000,41456,1,TH,1,100,35.799
1715670894.073012,2255989.000,41473,1,TH,1,100,35.769
1715670894.206144,2256116.000,41492,1,TH,1,100,35.769
1715670894.339276,2256243.000,41509,1,TH,1,100,35.787
1715670894.470311,2256368.000,41544,1,TH,1,100,35.787
1715670894.602395,2256494.000,41560,1,TH,1,100,35.799
1715670894.734478,2256620.000,41577,1,TH,1,100,35.799
1715670894.868658,2256748.000,41594,1,TH,1,100,35.808
1715670895.001790,2256875.000,41628,1,TH,1,100,35.808
1715670895.137018,2257004.000,41647,1,TH,1,100,35.787
1715670895.270150,2257131.000,41664,1,TH,1,100,35.787
1715670895.403282,2257258.000,41681,1,TH,1,100,35.760
1715670895.535365,2257384.000,41713,1,TH,1,100,35.760
1715670895.666400,2257509.000,41729,1,TH,1,100,35.711
1715670895.798484,2257635.000,41746,1,TH,1,100,35.711
1715670895.934761,2257765.000,41766,1,TH,1,100,35.743
1715670896.066844,2257891.000,41797,1,TH,1,100,35.743
1715670896.201024,2258019.000,41817,1,TH,1,100,35.847
1715670896.335204,2258147.000,41836,1,TH,1,100,35.847
1715670896.466239,2258272.000,41853,1,TH,1,100,35.815
1715670896.600420,2258400.000,41870,1,TH,1,100,35.815
1715670896.732503,2258526.000,41901,1,TH,1,100,35.838
1715670896.863538,2258651.000,41919,1,TH,1,100,35.838
1715670896.998767,2258780.000,41938,1,TH,1,100,35.766
1715670897.131898,2258907.000,41972,1,TH,1,100,35.766
1715670897.266078,2259035.000,41989,1,TH,1,100,35.815
1715670897.400259,2259163.000,42005,1,TH,1,100,35.815
1715670897.533391,2259290.000,42023,1,TH,1,100,35.760
1715670897.666522,2259417.000,42057,1,TH,1,100,35.760
1715670897.797558,2259542.000,42074,1,TH,1,100,35.792
1715670897.930165,2259668.500,42096,2,TH,1,100,35.792
1715670898.062773,2259795.000,42096,2,TH,1,100,35.709
1715670898.196953,2259923.000,42115,1,TH,1,100,35.709
1715670898.330085,2260050.000,42151,1,TH,1,100,35.734
1715670898.465313,2260179.000,42169,1,TH,1,100,35.734
1715670898.598445,2260306.000,42185,1,TH,1,100,35.737
1715670898.731577,2260433.000,42202,1,TH,1,100,35.737
1715670898.863660,2260559.000,42237,1,TH,1,100,35.799
1715670898.994695,2260684.000,42255,1,TH,1,100,35.799
1715670899.126779,2260810.000,42272,1,TH,1,100,35.778
1715670899.263056,2260940.000,42289,1,TH,1,100,35.778
1715670899.395139,2261066.000,42320,1,TH,1,100,35.808
1715670899.529319,2261194.000,42338,1,TH,1,100,35.808
1715670899.663499,2261322.000,42357,1,TH,1,100,35.683
1715670899.794534,2261447.000,42374,1,TH,1,100,35.683
1715670899.927666,2261574.000,42408,1,TH,1,100,35.780
1715670900.059750,2261700.000,42424,1,TH,1,100,35.780
1715670900.190785,2261825.000,42445,1,TH,1,100,35.771
1715670900.326013,2261954.000,42461,1,TH,1,100,35.771
1715670900.460193,2262082.000,42493,1,TH,1,100,35.780
1715670900.594373,2262210.000,42510,1,TH,1,100,35.780
1715670900.728554,2262338.000,42526,1,TH,1,100,35.833
1715670900.861685,2262465.000,42544,1,TH,1,100,35.833
1715670900.994817,2262592.000,42580,1,TH,1,100,35.769
1715670901.126901,2262718.000,42598,2,TH,1,100,35.769
1715670901.258984,2262844.000,42598,2,TH,1,100,35.796
1715670901.392116,2262971.000,42614,1,TH,1,100,35.796
1715670901.526296,2263099.000,42649,1,TH,1,100,35.785
1715670901.659428,2263226.000,42666,1,TH,1,100,35.785
1715670901.794656,2263355.000,42682,1,TH,1,100,35.745
1715670901.927788,2263482.000,42700,1,TH,1,100,35.745
1715670902.060920,2263609.000,42733,1,TH,1,100,35.755
1715670902.193003,2263735.000,42753,1,TH,1,100,35.755
1715670902.324039,2263860.000,42770,1,TH,1,100,35.734
1715670902.456122,2263986.000,42786,1,TH,1,100,35.734
1715670902.592399,2264116.000,42818,1,TH,1,100,35.803
1715670902.724482,2264242.000,42835,1,TH,1,100,35.803
1715670902.858662,2264370.000,42855,1,TH,1,100,35.720
1715670902.992842,2264498.000,42872,1,TH,1,100,35.720
1715670903.123878,2264623.000,42906,1,TH,1,100,35.762
1715670903.256485,2264749.500,42930,2,TH,1,100,35.762
1715670903.389093,2264876.000,42930,2,TH,1,100,35.759
1715670903.520128,2265001.000,42950,1,TH,1,100,35.759
1715670903.655356,2265130.000,42967,1,TH,1,100,35.690
1715670903.789536,2265258.000,42983,1,TH,1,100,35.690
1715670903.923717,2265386.000,43015,1,TH,1,100,35.759
1715670904.057897,2265514.000,43035,1,TH,1,100,35.759
1715670904.191028,2265641.000,43054,1,TH,1,100,35.792
1715670904.324160,2265768.000,43085,1,TH,1,100,35.785
1715670904.455195,2265893.000,43103,1,TH,1,100,35.685
1715670904.588327,2266020.000,43119,1,TH,1,100,35.693
1715670904.721459,2266147.000,43136,1,TH,1,100,35.780
1715670904.855639,2266275.000,43171,1,TH,1,100,35.773
1715670904.988771,2266402.000,43187,1,TH,1,100,35.842
1715670905.123999,2266531.000,43206,1,TH,1,100,35.842
1715670905.257131,2266658.000,43223,1,TH,1,100,35.718
1715670905.390263,2266785.000,43257,1,TH,1,100,35.718
1715670905.522346,2266911.000,43275,1,TH,1,100,35.716
1715670905.653382,2267036.000,43291,1,TH,1,100,35.716
1715670905.785465,2267162.000,43308,1,TH,1,100,35.803
1715670905.921742,2267292.000,43342,1,TH,1,100,35.803
1715670906.053825,2267418.000,43361,1,TH,1,100,35.754
1715670906.188005,2267546.000,43379,1,TH,1,100,35.762
1715670906.322185,2267674.000,43395,1,TH,1,100,35.794
1715670906.453221,2267799.000,43427,1,TH,1,100,35.787
1715670906.586352,2267926.000,43447,1,TH,1,100,35.796
1715670906.718436,2268052.000,43463,1,TH,1,100,35.796
1715670906.849471,2268177.000,43483,1,TH,1,100,35.701
1715670906.984699,2268306.000,43514,1,TH,1,100,35.701
1715670907.118880,2268434.000,43530,1,TH,1,100,35.764
1715670907.253060,2268562.000,43548,1,TH,1,100,35.771
1715670907.387240,2268690.000,43567,1,TH,1,100,35.709
1715670907.520371,2268817.000,43599,1,TH,1,100,35.702
1715670907.653503,2268944.000,43616,1,TH,1,100,35.731
1715670907.784539,2269069.000,43634,1,TH,1,100,35.731
1715670907.917670,2269196.000,43655,1,TH,1,100,35.803
1715670908.050802,2269323.000,43686,1,TH,1,100,35.803
1715670908.184982,2269451.000,43703,1,TH,1,100,35.757
1715670908.318114,2269578.000,43722,1,TH,1,100,35.757
1715670908.453342,2269707.000,43738,1,TH,1,100,35.666
1715670908.586474,2269834.000,43781,2,TH,1,100,35.666
1715670908.719606,2269961.000,43781,2,TH,1,100,35.685
1715670908.851689,2270087.000,43798,1,TH,1,100,35.685
1715670908.982725,2270212.000,43815,1,TH,1,100,35.743
1715670909.114808,2270338.000,43850,1,TH,1,100,35.743
1715670909.251085,2270468.000,43866,1,TH,1,100,35.830
1715670909.383168,2270594.000,43883,1,TH,1,100,35.830
1715670909.517348,2270722.000,43900,1,TH,1,100,35.778
1715670909.651528,2270850.000,43931,1,TH,1,100,35.778
1715670909.782564,2270975.000,43951,1,TH,1,100,35.761
1715670909.915695,2271102.000,43970,1,TH,1,100,35.761
1715670910.047779,2271228.000,43987,1,TH,1,100,35.738
1715670910.178814,2271353.000,44019,1,TH,1,100,35.738
1715670910.314043,2271482.000,44035,1,TH,1,100,35.794
1715670910.448223,2271610.000,44055,1,TH,1,100,35.794
1715670910.581354,2271737.000,44072,1,TH,1,100,35.861
1715670910.716583,2271866.000,44105,1,TH,1,100,35.861
1715670910.848666,2271992.000,44123,1,TH,1,100,35.738
1715670910.981798,2272119.000,44139,1,TH,1,100,35.738
1715670911.112833,2272244.000,44159,1,TH,1,100,35.724
1715670911.245965,2272371.000,44176,1,TH,1,100,35.724
1715670911.379097,2272498.000,44207,1,TH,1,100,35.784
1715670911.513277,2272626.000,44225,1,TH,1,100,35.784
1715670911.646409,2272753.000,44241,1,TH,1,100,35.817
1715670911.781637,2272882.000,44258,1,TH,1,100,35.817
1715670911.914769,2273009.000,44292,1,TH,1,100,35.739
1715670912.047901,2273136.000,44308,1,TH,1,100,35.739
1715670912.179984,2273262.000,44326,1,TH,1,100,35.778
1715670912.311019,2273387.000,44342,1,TH,1,100,35.778
1715670912.443103,2273513.000,44380,1,TH,1,100,35.784
1715670912.579380,2273643.000,44397,1,TH,1,100,35.784
1715670912.711463,2273769.000,44413,1,TH,1,100,35.759
1715670912.845643,2273897.000,44433,1,TH,1,100,35.759
1715670912.979823,2274025.000,44468,1,TH,1,100,35.729
1715670913.110858,2274150.000,44484,1,TH,1,100,35.729
1715670913.243990,2274277.000,44503,1,TH,1,100,35.759
1715670913.376074,2274403.000,44519,1,TH,1,100,35.759
1715670913.507109,2274528.000,44537,1,TH,1,100,35.750
1715670913.642337,2274657.000,44553,1,TH,1,100,35.750
1715670913.776517,2274785.000,44588,1,TH,1,100,35.750
1715670913.909649,2274912.000,44605,1,TH,1,100,35.750
1715670914.044878,2275041.000,44624,1,TH,1,100,35.759
1715670914.178009,2275168.000,44643,1,TH,1,100,35.759
1715670914.311141,2275295.000,44661,1,TH,1,100,35.660
1715670914.442176,2275420.000,44678,1,TH,1,100,35.660
1715670914.575308,2275547.000,44695,1,TH,1,100,35.687
1715670914.708440,2275674.000,44712,1,TH,1,100,35.687
1715670914.842620,2275802.000,44744,1,TH,1,100,35.676
1715670914.975752,2275929.000,44763,1,TH,1,100,35.676
1715670915.110980,2276058.000,44782,1,TH,1,100,35.715
1715670915.244112,2276185.000,44799,1,TH,1,100,35.715
1715670915.377244,2276312.000,44830,1,TH,1,100,35.819
1715670915.509327,2276438.000,44848,1,TH,1,100,35.819
1715670915.640363,2276563.000,44867,1,TH,1,100,35.759
1715670915.772446,2276689.000,44884,1,TH,1,100,35.759
1715670915.908723,2276819.000,44916,1,TH,1,100,35.844
1715670916.040806,2276945.000,44932,1,TH,1,100,35.844
1715670916.174986,2277073.000,44950,1,TH,1,100,35.724
1715670916.309166,2277201.000,44986,1,TH,1,100,35.724
1715670916.440202,2277326.000,45003,1,TH,1,100,35.734
1715670916.573333,2277453.000,45020,1,TH,1,100,35.734
1715670916.705417,2277579.000,45036,1,TH,1,100,35.738
1715670916.836452,2277704.000,45071,1,TH,1,100,35.738
1715670916.971680,2277833.000,45088,1,TH,1,100,35.791
1715670917.105860,2277961.000,45104,1,TH,1,100,35.791
1715670917.238992,2278088.000,45124,1,TH,1,100,35.729
1715670917.374221,2278217.000,45155,1,TH,1,100,35.729
1715670917.506304,2278343.000,45172,1,TH,1,100,35.734
1715670917.639436,2278470.000,45192,1,TH,1,100,35.734
1715670917.770471,2278595.000,45208,1,TH,1,100,35.697
1715670917.903603,2278722.000,45226,1,TH,1,100,35.697
1715670918.036735,2278849.000,45257,1,TH,1,100,35.812
1715670918.170915,2278977.000,45277,1,TH,1,100,35.812
1715670918.304047,2279104.000,45298,1,TH,1,100,35.713
1715670918.439275,2279233.000,45314,1,TH,1,100,35.713
1715670918.572407,2279360.000,45346,1,TH,1,100,35.747
1715670918.705539,2279487.000,45363,1,TH,1,100,35.747
1715670918.837622,2279613.000,45380,1,TH,1,100,35.876
1715670918.969706,2279739.000,45400,1,TH,1,100,35.876
1715670919.101789,2279865.000,45432,1,TH,1,100,35.775
1715670919.238066,2279995.000,45450,1,TH,1,100,35.775
1715670919.371197,2280122.000,45476,2,TH,1,100,35.784
1715670919.504329,2280249.000,45476,2,TH,1,100,35.784
1715670919.638509,2280377.000,45493,1,TH,1,100,35.775
1715670919.769545,2280502.000,45510,1,TH,1,100,35.775
1715670919.901628,2280628.000,45527,1,TH,1,100,35.778
1715670920.033712,2280754.000,45543,1,TH,1,100,35.778
1715670920.164747,2280879.000,45578,1,TH,1,100,35.775
1715670920.299975,2281008.000,45597,1,TH,1,100,35.775
1715670920.434155,2281136.000,45613,1,TH,1,100,35.726
1715670920.567287,2281263.000,45631,1,TH,1,100,35.726
1715670920.702515,2281392.000,45665,1,TH,1,100,35.757
1715670920.834599,2281518.000,45682,1,TH,1,100,35.757
1715670920.967731,2281645.000,45699,1,TH,1,100,35.724
1715670921.098766,2281770.000,45715,1,TH,1,100,35.724
1715670921.231898,2281897.000,45747,1,TH,1,100,35.720
1715670921.366078,2282025.000,45766,1,TH,1,100,35.720
1715670921.500258,2282153.000,45786,1,TH,1,100,35.812
1715670921.633390,2282280.000,45803,1,TH,1,100,35.812
1715670921.768618,2282409.000,45835,1,TH,1,100,35.768
1715670921.901750,2282536.000,45851,1,TH,1,100,35.768
1715670922.034882,2282663.000,45871,1,TH,1,100,35.747
1715670922.166965,2282789.000,45888,1,TH,1,100,35.747
1715670922.299049,2282915.000,45905,1,TH,1,100,35.750
1715670922.431132,2283041.000,45939,1,TH,1,100,35.750
1715670922.567409,2283171.000,45955,1,TH,1,100,35.727
1715670922.699492,2283297.000,45975,1,TH,1,100,35.727
1715670922.833672,2283425.000,45992,1,TH,1,100,35.805
1715670922.967852,2283553.000,46023,1,TH,1,100,35.805
1715670923.098888,2283678.000,46041,1,TH,1,100,35.674
1715670923.230971,2283804.000,46062,1,TH,1,100,35.674
1715670923.363055,2283930.000,46079,1,TH,1,100,35.761
1715670923.494090,2284055.000,46098,1,TH,1,100,35.761
1715670923.629318,2284184.000,46129,1,TH,1,100,35.761
1715670923.763498,2284312.000,46147,1,TH,1,100,35.761
1715670923.896630,2284439.000,46163,1,TH,1,100,35.720
1715670924.031858,2284568.000,46183,1,TH,1,100,35.720
1715670924.163942,2284694.000,46215,1,TH,1,100,35.761
1715670924.297074,2284821.000,46231,1,TH,1,100,35.761
1715670924.428109,2284946.000,46250,1,TH,1,100,35.853
1715670924.561241,2285073.000,46267,1,TH,1,100,35.853
1715670924.695421,2285201.000,46305,2,TH,1,100,35.798
1715670924.829601,2285329.000,46305,2,TH,1,100,35.798
1715670924.962733,2285456.000,46321,1,TH,1,100,35.775
1715670925.097961,2285585.000,46338,1,TH,1,100,35.775
1715670925.231093,2285712.000,46373,1,TH,1,100,35.683
1715670925.364225,2285839.000,46389,1,TH,1,100,35.683
1715670925.496308,2285965.000,46409,1,TH,1,100,35.701
1715670925.628392,2286091.000,46425,1,TH,1,100,35.701
1715670925.760475,2286217.000,46442,1,TH,1,100,35.752
1715670925.896752,2286347.000,46477,1,TH,1,100,35.752
1715670926.028835,2286473.000,46493,1,TH,1,100,35.764
1715670926.163015,2286601.000,46511,1,TH,1,100,35.764
1715670926.297195,2286729.000,46527,1,TH,1,100,35.729
1715670926.428231,2286854.000,46561,1,TH,1,100,35.729
1715670926.560314,2286980.000,46581,1,TH,1,100,35.750
1715670926.692398,2287106.000,46597,1,TH,1,100,35.750
1715670926.823433,2287231.000,46615,1,TH,1,100,35.740
1715670926.958661,2287360.000,46649,1,TH,1,100,35.740
1715670927.093890,2287489.000,46666,1,TH,1,100,35.731
1715670927.227021,2287616.000,46683,1,TH,1,100,35.731
1715670927.362250,2287745.000,46699,1,TH,1,100,35.667
1715670927.493285,2287870.000,46733,1,TH,1,100,35.667
1715670927.625369,2287996.000,46750,1,TH,1,100,35.701
1715670927.757452,2288122.000,46766,1,TH,1,100,35.701
1715670927.890584,2288249.000,46784,1,TH,1,100,35.794
1715670928.024764,2288377.000,46800,1,TH,1,100,35.794
1715670928.158944,2288505.000,46834,1,TH,1,100,35.770
1715670928.292076,2288632.000,46851,1,TH,1,100,35.770
1715670928.427304,2288761.000,46874,1,TH,1,100,35.794
1715670928.560436,2288888.000,46893,1,TH,1,100,35.794
1715670928.693568,2289015.000,46909,1,TH,1,100,35.695
1715670928.825651,2289141.000,46941,1,TH,1,100,35.695
1715670928.958783,2289268.000,46958,1,TH,1,100,35.752
1715670929.090867,2289394.000,46974,1,TH,1,100,35.752
1715670929.227143,2289524.000,46992,1,TH,1,100,35.775
1715670929.359227,2289650.000,47026,1,TH,1,100,35.775
1715670929.493407,2289778.000,47045,1,TH,1,100,35.759
1715670929.627587,2289906.000,47062,1,TH,1,100,35.759
1715670929.758622,2290031.000,47081,1,TH,1,100,35.830
1715670929.890706,2290157.000,47113,1,TH,1,100,35.830
1715670930.022789,2290283.000,47130,1,TH,1,100,35.678
1715670930.155921,2290410.000,47153,2,TH,1,100,35.678
1715670930.289053,2290537.000,47153,2,TH,1,100,35.777
1715670930.423233,2290665.000,47190,1,TH,1,100,35.777
1715670930.556365,2290792.000,47206,1,TH,1,100,35.750
1715670930.691593,2290921.000,47223,1,TH,1,100,35.750
1715670930.822628,2291046.000,47240,1,TH,1,100,35.801
1715670930.954712,2291172.000,47274,1,TH,1,100,35.801
1715670931.086795,2291298.000,47292,1,TH,1,100,35.766
1715670931.219927,2291425.000,47308,1,TH,1,100,35.766
1715670931.354107,2291553.000,47327,1,TH,1,100,35.740
1715670931.488287,2291681.000,47344,1,TH,1,100,35.740
1715670931.621419,2291808.000,47375,1,TH,1,100,35.780
1715670931.756647,2291937.000,47395,1,TH,1,100,35.780
1715670931.889779,2292064.000,47412,1,TH,1,100,35.759
1715670932.022911,2292191.000,47429,1,TH,1,100,35.759
1715670932.154994,2292317.000,47461,1,TH,1,100,35.685
1715670932.287602,2292443.500,47483,2,TH,1,100,35.685
1715670932.420210,2292570.000,47483,2,TH,1,100,35.715
1715670932.556486,2292700.000,47500,1,TH,1,100,35.715
1715670932.688570,2292826.000,47517,1,TH,1,100,35.711
1715670932.822750,2292954.000,47549,1,TH,1,100,35.711
1715670932.956930,2293082.000,47568,1,TH,1,100,35.704
1715670933.087965,2293207.000,47585,1,TH,1,100,35.704
1715670933.220049,2293333.000,47604,1,TH,1,100,35.757
1715670933.352132,2293459.000,47637,1,TH,1,100,35.757
1715670933.483167,2293584.000,47655,1,TH,1,100,35.761
1715670933.618396,2293713.000,47671,1,TH,1,100,35.761
1715670933.752576,2293841.000,47688,1,TH,1,100,35.722
1715670933.885708,2293968.000,47720,1,TH,1,100,35.722
1715670934.020936,2294097.000,47736,1,TH,1,100,35.681
1715670934.151971,2294222.000,47754,1,TH,1,100,35.681
1715670934.283006,2294347.000,47773,1,TH,1,100,35.757
1715670934.415090,2294473.000,47807,1,TH,1,100,35.757
1715670934.548222,2294600.000,47824,1,TH,1,100,35.729
1715670934.682402,2294728.000,47840,1,TH,1,100,35.729
1715670934.816582,2294856.000,47861,1,TH,1,100,35.794
1715670934.949714,2294983.000,47892,1,TH,1,100,35.794
1715670935.084942,2295112.000,47909,1,TH,1,100,35.752
1715670935.217026,2295238.000,47926,1,TH,1,100,35.752
1715670935.350157,2295365.000,47942,1,TH,1,100,35.842
1715670935.482765,2295491.500,47983,2,TH,1,100,35.842
1715670935.615373,2295618.000,47983,2,TH,1,100,35.770
1715670935.748504,2295745.000,47999,1,TH,1,100,35.770
1715670935.884781,2295875.000,48017,1,TH,1,100,35.713
1715670936.016865,2296001.000,48036,1,TH,1,100,35.713
1715670936.151045,2296129.000,48054,1,TH,1,100,35.750
1715670936.285225,2296257.000,48085,1,TH,1,100,35.750
1715670936.416260,2296382.000,48101,1,TH,1,100,35.720
1715670936.548343,2296508.000,48119,1,TH,1,100,35.720
1715670936.680427,2296634.000,48135,1,TH,1,100,35.727
1715670936.811462,2296759.000,48169,1,TH,1,100,35.727
1715670936.946691,2296888.000,48189,1,TH,1,100,35.738
1715670937.080871,2297016.000,48205,1,TH,1,100,35.738
1715670937.214002,2297143.000,48223,1,TH,1,100,35.743
1715670937.349231,2297272.000,48257,1,TH,1,100,35.743
1715670937.480266,2297397.000,48274,1,TH,1,100,35.738
1715670937.611301,2297522.000,48291,1,TH,1,100,35.738
1715670937.743385,2297648.000,48309,1,TH,1,100,35.775
1715670937.876517,2297775.000,48341,1,TH,1,100,35.775
1715670938.010697,2297903.000,48361,1,TH,1,100,35.787
1715670938.144877,2298031.000,48378,1,TH,1,100,35.787
1715670938.278008,2298158.000,48397,1,TH,1,100,35.695
1715670938.413237,2298287.000,48429,1,TH,1,100,35.695
1715670938.544272,2298412.000,48445,1,TH,1,100,35.796
1715670938.677404,2298539.000,48467,1,TH,1,100,35.796
1715670938.809487,2298665.000,48484,1,TH,1,100,35.729
1715670938.942619,2298792.000,48515,1,TH,1,100,35.729
1715670939.076799,2298920.000,48532,1,TH,1,100,35.775
1715670939.213076,2299050.000,48549,1,TH,1,100,35.775
1715670939.345159,2299176.000,48566,1,TH,1,100,35.780
1715670939.479339,2299304.000,48601,1,TH,1,100,35.787
1715670939.613519,2299432.000,48617,1,TH,1,100,35.743
1715670939.744555,2299557.000,48636,1,TH,1,100,35.736
1715670939.876638,2299683.000,48668,1,TH,1,100,35.789
1715670940.009770,2299810.000,48687,1,TH,1,100,35.789
1715670940.140805,2299935.000,48705,1,TH,1,100,35.768
1715670940.276034,2300064.000,48721,1,TH,1,100,35.768
1715670940.411262,2300193.000,48753,1,TH,1,100,35.761
1715670940.544394,2300320.000,48770,1,TH,1,100,35.761
1715670940.679622,2300449.000,48789,1,TH,1,100,35.718
1715670940.810657,2300574.000,48809,1,TH,1,100,35.718
1715670940.940644,2300698.000,48830,1,TH,1,100,35.724
1715670941.072728,2300824.000,48848,1,TH,1,100,35.732
1715670941.205860,2300951.000,48864,1,TH,1,100,35.787
1715670941.340040,2301079.000,48881,1,TH,1,100,35.780
1715670941.474220,2301207.000,48898,1,TH,1,100,35.727
1715670941.607352,2301334.000,48929,1,TH,1,100,35.727
1715670941.742580,2301463.000,48947,1,TH,1,100,35.787
1715670941.872567,2301587.000,48963,1,TH,1,100,35.794
1715670942.005699,2301714.000,48985,1,TH,1,100,35.789
1715670942.137782,2301840.000,49017,1,TH,1,100,35.782
1715670942.270914,2301967.000,49033,1,TH,1,100,35.773
1715670942.405094,2302095.000,49050,1,TH,1,100,35.780
1715670942.541371,2302225.000,49067,1,TH,1,100,35.801
1715670942.673454,2302351.000,49101,1,TH,1,100,35.794
1715670942.807634,2302479.000,49119,1,TH,1,100,35.671
1715670942.941814,2302607.000,49135,1,TH,1,100,35.679
1715670943.072850,2302732.000,49154,1,TH,1,100,35.688
1715670943.204933,2302858.000,49188,1,TH,1,100,35.681
1715670943.339113,2302986.000,49207,1,TH,1,100,35.722
1715670943.470148,2303111.000,49225,1,TH,1,100,35.729
1715670943.605377,2303240.000,49241,1,TH,1,100,35.780
1715670943.739557,2303368.000,49276,1,TH,1,100,35.780
1715670943.872689,2303495.000,49293,1,TH,1,100,35.789
1715670944.007917,2303624.000,49311,1,TH,1,100,35.789
1715670944.138952,2303749.000,49329,1,TH,1,100,35.741
1715670944.268939,2303873.000,49360,1,TH,1,100,35.741
1715670944.401023,2303999.000,49377,1,TH,1,100,35.805
1715670944.534154,2304126.000,49397,1,TH,1,100,35.805
1715670944.668334,2304254.000,49413,1,TH,1,100,35.803
1715670944.802515,2304382.000,49445,1,TH,1,100,35.803
1715670944.935646,2304509.000,49462,1,TH,1,100,35.743
1715670945.070875,2304638.000,49478,1,TH,1,100,35.743
1715670945.200862,2304762.000,49498,1,TH,1,100,35.829
1715670945.333993,2304889.000,49532,1,TH,1,100,35.822
1715670945.466077,2305015.000,49549,1,TH,1,100,35.731
1715670945.599209,2305142.000,49566,1,TH,1,100,35.739
1715670945.733389,2305270.000,49582,1,TH,1,100,35.808
1715670945.869665,2305400.000,49617,1,TH,1,100,35.808
1715670946.001749,2305526.000,49634,1,TH,1,100,35.656
1715670946.135929,2305654.000,49653,1,TH,1,100,35.656
1715670946.269061,2305781.000,49675,1,TH,1,100,35.762
1715670946.400620,2305906.500,49696,2,TH,1,100,35.762
1715670946.532180,2306032.000,49696,2,TH,1,100,35.759
1715670946.666360,2306160.000,49727,1,TH,1,100,35.759
1715670946.797395,2306285.000,49744,1,TH,1,100,35.828
1715670946.932623,2306414.000,49761,1,TH,1,100,35.828
1715670947.066803,2306542.000,49777,1,TH,1,100,35.852
1715670947.199935,2306669.000,49814,1,TH,1,100,35.852
1715670947.335163,2306798.000,49831,1,TH,1,100,35.771
1715670947.466199,2306923.000,49848,1,TH,1,100,35.771
1715670947.596186,2307047.000,49865,1,TH,1,100,35.757
1715670947.729317,2307174.000,49900,1,TH,1,100,35.757
1715670947.862449,2307301.000,49916,1,TH,1,100,35.806
1715670947.995581,2307428.000,49933,1,TH,1,100,35.806
1715670948.130809,2307557.000,49950,1,TH,1,100,35.792
1715670948.263941,2307684.000,49985,1,TH,1,100,35.792
1715670948.399169,2307813.000,50005,1,TH,1,100,35.799
1715670948.529156,2307937.000,50022,1,TH,1,100,35.799
1715670948.661240,2308063.000,50039,1,TH,1,100,35.716
1715670948.793324,2308189.000,50071,1,TH,1,100,35.716
1715670948.926455,2308316.000,50087,1,TH,1,100,35.789
1715670949.060635,2308444.000,50107,1,TH,1,100,35.789
1715670949.196912,2308574.000,50124,1,TH,1,100,35.746
1715670949.328995,2308700.000,50157,1,TH,1,100,35.746
1715670949.463176,2308828.000,50175,1,TH,1,100,35.725
1715670949.596307,2308955.000,50191,1,TH,1,100,35.725
1715670949.727343,2309080.000,50211,1,TH,1,100,35.766
1715670949.859426,2309206.000,50243,1,TH,1,100,35.766
1715670949.993606,2309334.000,50259,1,TH,1,100,35.785
1715670950.125690,2309460.000,50277,1,TH,1,100,35.785
1715670950.260918,2309589.000,50298,1,TH,1,100,35.861
1715670950.395098,2309717.000,50330,1,TH,1,100,35.861
1715670950.528230,2309844.000,50347,1,TH,1,100,35.838
1715670950.663458,2309973.000,50363,1,TH,1,100,35.838
1715670950.794493,2310098.000,50381,1,TH,1,100,35.760
1715670950.924480,2310222.000,50412,1,TH,1,100,35.760
1715670951.057612,2310349.000,50429,1,TH,1,100,35.693
1715670951.190744,2310476.000,50446,1,TH,1,100,35.693
1715670951.323876,2310603.000,50467,1,TH,1,100,35.757
1715670951.459104,2310732.000,50502,1,TH,1,100,35.757
1715670951.593284,2310860.000,50522,2,TH,1,100,35.820
1715670951.727464,2310988.000,50522,2,TH,1,100,35.820
1715670951.857451,2311112.000,50539,1,TH,1,100,35.822
1715670951.989535,2311238.000,50556,1,TH,1,100,35.822
1715670952.121618,2311364.000,50588,1,TH,1,100,35.755
1715670952.254750,2311491.000,50609,1,TH,1,100,35.755
1715670952.388930,2311619.000,50626,1,TH,1,100,35.723
1715670952.525207,2311749.000,50643,1,TH,1,100,35.723
1715670952.657290,2311875.000,50674,1,TH,1,100,35.729
1715670952.791470,2312003.000,50695,1,TH,1,100,35.729
1715670952.923554,2312129.000,50711,1,TH,1,100,35.750
1715670953.054589,2312254.000,50728,1,TH,1,100,35.750
1715670953.186673,2312380.000,50747,1,TH,1,100,35.822
1715670953.320853,2312508.000,50780,1,TH,1,100,35.822
1715670953.452936,2312634.000,50801,1,TH,1,100,35.697
1715670953.588165,2312763.000,50817,1,TH,1,100,35.697
1715670953.722345,2312891.000,50849,1,TH,1,100,35.734
1715670953.855476,2313018.000,50866,1,TH,1,100,35.734
1715670953.990705,2313147.000,50885,1,TH,1,100,35.785
1715670954.121740,2313272.000,50903,1,TH,1,100,35.785
1715670954.251727,2313396.000,50919,1,TH,1,100,35.799
1715670954.385907,2313524.000,50953,1,TH,1,100,35.799
1715670954.519039,2313651.000,50970,1,TH,1,100,35.683
1715670954.652171,2313778.000,50986,1,TH,1,100,35.683
1715670954.787399,2313907.000,51004,1,TH,1,100,35.711
1715670954.920531,2314034.000,51038,1,TH,1,100,35.711
1715670955.055759,2314163.000,51054,1,TH,1,100,35.716
1715670955.185746,2314287.000,51072,1,TH,1,100,35.716
1715670955.317830,2314413.000,51088,1,TH,1,100,35.732
1715670955.449913,2314539.000,51125,1,TH,1,100,35.732
1715670955.583045,2314666.000,51142,1,TH,1,100,35.723
1715670955.717225,2314794.000,51158,1,TH,1,100,35.723
1715670955.853502,2314924.000,51190,1,TH,1,100,35.697
1715670955.985585,2315050.000,51207,1,TH,1,100,35.697
1715670956.119765,2315178.000,51227,1,TH,1,100,35.797
1715670956.251849,2315304.000,51244,1,TH,1,100,35.797
1715670956.382884,2315429.000,51276,1,TH,1,100,35.741
1715670956.514967,2315555.000,51297,1,TH,1,100,35.741
1715670956.649148,2315683.000,51314,1,TH,1,100,35.755
1715670956.782279,2315810.000,51331,1,TH,1,100,35.755
1715670956.917508,2315939.000,51348,1,TH,1,100,35.870
1715670957.051688,2316067.000,51373,1,TH,1,100,35.870
1715670957.184819,2316194.000,51389,1,TH,1,100,35.778
1715670957.320048,2316323.000,51409,1,TH,1,100,35.778
1715670957.451083,2316448.000,51426,1,TH,1,100,35.766
1715670957.581070,2316572.000,51459,1,TH,1,100,35.766
1715670957.715250,2316700.000,51477,1,TH,1,100,35.755
1715670957.848382,2316827.000,51496,1,TH,1,100,35.755
1715670957.981514,2316954.000,51513,1,TH,1,100,35.764
1715670958.116742,2317083.000,51530,1,TH,1,100,35.764
1715670958.249874,2317210.000,51563,1,TH,1,100,35.856
1715670958.385102,2317339.000,51580,1,TH,1,100,35.856
1715670958.515089,2317463.000,51597,1,TH,1,100,35.861
1715670958.647173,2317589.000,51617,1,TH,1,100,35.861
1715670958.779256,2317715.000,51651,1,TH,1,100,35.870
1715670958.912388,2317842.000,51667,1,TH,1,100,35.870
1715670959.046568,2317970.000,51684,1,TH,1,100,35.769
1715670959.182845,2318100.000,51704,1,TH,1,100,35.769
1715670959.314928,2318226.000,51735,1,TH,1,100,35.799
1715670959.449108,2318354.000,51753,1,TH,1,100,35.799
1715670959.581192,2318480.000,51769,1,TH,1,100,35.750
1715670959.712227,2318605.000,51786,1,TH,1,100,35.750
1715670959.844311,2318731.000,51820,1,TH,1,100,35.810
1715670959.978491,2318859.000,51839,1,TH,1,100,35.810
1715670960.111622,2318986.000,51857,1,TH,1,100,35.789
1715670960.246851,2319115.000,51873,1,TH,1,100,35.789
1715670960.381031,2319243.000,51905,1,TH,1,100,35.875
1715670960.514163,2319370.000,51922,1,TH,1,100,35.882
1715670960.649391,2319499.000,51938,1,TH,1,100,35.753
1715670960.780426,2319624.000,51956,1,TH,1,100,35.746
1715670960.910413,2319748.000,51989,1,TH,1,100,35.792
1715670961.044593,2319876.000,52006,1,TH,1,100,35.792
1715670961.177725,2320003.000,52023,1,TH,1,100,35.758
1715670961.310857,2320130.000,52039,1,TH,1,100,35.765
1715670961.446085,2320259.000,52071,1,TH,1,100,35.735
1715670961.579217,2320386.000,52091,1,TH,1,100,35.735
1715670961.714445,2320515.000,52110,1,TH,1,100,35.741
1715670961.844432,2320639.000,52128,1,TH,1,100,35.734
1715670961.976516,2320765.000,52161,1,TH,1,100,35.817
1715670962.108599,2320891.000,52178,1,TH,1,100,35.825
1715670962.241731,2321018.000,52195,1,TH,1,100,35.712
1715670962.376959,2321147.000,52221,2,TH,1,100,35.712
1715670962.512188,2321276.000,52221,2,TH,1,100,35.785
1715670962.644271,2321402.000,52237,1,TH,1,100,35.785
1715670962.778451,2321530.000,52269,1,TH,1,100,35.841
1715670962.909487,2321655.000,52286,1,TH,1,100,35.841
1715670963.040522,2321780.000,52307,1,TH,1,100,35.788
1715670963.172605,2321906.000,52327,1,TH,1,100,35.788
1715670963.306785,2322034.000,52358,1,TH,1,100,35.825
1715670963.440965,2322162.000,52376,2,TH,1,100,35.817
1715670963.575145,2322290.000,52376,2,TH,1,100,35.769
1715670963.710374,2322419.000,52396,1,TH,1,100,35.776
1715670963.843506,2322546.000,52413,1,TH,1,100,35.774
1715670963.977686,2322674.000,52429,1,TH,1,100,35.774
1715670964.108721,2322799.000,52463,1,TH,1,100,35.744
1715670964.238708,2322923.000,52483,1,TH,1,100,35.744
1715670964.372888,2323051.000,52499,1,TH,1,100,35.790
1715670964.506020,2323178.000,52517,1,TH,1,100,35.790
1715670964.639152,2323305.000,52533,1,TH,1,100,35.735
1715670964.774380,2323434.000,52565,1,TH,1,100,35.735
1715670964.908560,2323562.000,52582,1,TH,1,100,35.721
1715670965.043788,2323691.000,52598,1,TH,1,100,35.721
1715670965.173775,2323815.000,52635,1,TH,1,100,35.847
1715670965.305859,2323941.000,52652,1,TH,1,100,35.847
1715670965.437942,2324067.000,52669,1,TH,1,100,35.739
1715670965.571074,2324194.000,52686,1,TH,1,100,35.739
1715670965.705254,2324322.000,52706,1,TH,1,100,35.802
1715670965.841531,2324452.000,52723,1,TH,1,100,35.802
1715670965.973614,2324578.000,52739,1,TH,1,100,35.792
1715670966.107794,2324706.000,52771,1,TH,1,100,35.792
1715670966.238830,2324831.000,52790,1,TH,1,100,35.733
1715670966.369865,2324956.000,52809,1,TH,1,100,35.733
1715670966.501948,2325082.000,52827,1,TH,1,100,35.836
1715670966.636128,2325210.000,52843,1,TH,1,100,35.836
1715670966.769260,2325337.000,52875,1,TH,1,100,35.788
1715670966.904489,2325466.000,52892,1,TH,1,100,35.788
1715670967.038669,2325594.000,52908,1,TH,1,100,35.742
1715670967.171800,2325721.000,52926,1,TH,1,100,35.742
1715670967.305980,2325849.000,52959,1,TH,1,100,35.797
1715670967.437016,2325974.000,52976,1,TH,1,100,35.797
1715670967.567003,2326098.000,52993,1,TH,1,100,35.760
1715670967.701183,2326226.000,53019,2,TH,1,100,35.760
1715670967.835363,2326354.000,53019,2,TH,1,100,35.859
1715670967.968495,2326481.000,53035,1,TH,1,100,35.859
1715670968.103723,2326610.000,53058,1,TH,1,100,35.688
1715670968.237903,2326738.000,53074,1,TH,1,100,35.689
1715670968.373132,2326867.000,53091,1,TH,1,100,35.790
1715670968.503118,2326991.000,53110,1,TH,1,100,35.790
1715670968.635202,2327117.000,53141,1,TH,1,100,35.735
1715670968.767285,2327243.000,53159,1,TH,1,100,35.735
1715670968.900417,2327370.000,53175,1,TH,1,100,35.813
1715670969.034597,2327498.000,53195,1,TH,1,100,35.813
1715670969.170874,2327628.000,53227,1,TH,1,100,35.799
1715670969.302957,2327754.000,53243,1,TH,1,100,35.799
1715670969.437137,2327882.000,53261,1,TH,1,100,35.816
1715670969.569221,2328008.000,53279,1,TH,1,100,35.816
1715670969.700780,2328133.500,53314,2,TH,1,100,35.792
1715670969.832340,2328259.000,53314,2,TH,1,100,35.792
1715670969.966520,2328387.000,53345,1,TH,1,100,35.788
1715670970.098603,2328513.000,53363,1,TH,1,100,35.788
1715670970.233832,2328642.000,53382,1,TH,1,100,35.788
1715670970.368012,2328770.000,53399,1,TH,1,100,35.788
1715670970.501143,2328897.000,53431,1,TH,1,100,35.728
1715670970.636372,2329026.000,53449,1,TH,1,100,35.728
1715670970.767407,2329151.000,53467,1,TH,1,100,35.792
1715670970.897394,2329275.000,53486,1,TH,1,100,35.792
1715670971.030526,2329402.000,53518,1,TH,1,100,35.792
1715670971.163658,2329529.000,53535,1,TH,1,100,35.792
1715670971.296789,2329656.000,53551,1,TH,1,100,35.751
1715670971.432018,2329785.000,53569,1,TH,1,100,35.751
1715670971.566198,2329913.000,53603,1,TH,1,100,35.820
1715670971.701426,2330042.000,53621,1,TH,1,100,35.820
1715670971.831413,2330166.000,53639,1,TH,1,100,35.852
1715670971.963497,2330292.000,53655,1,TH,1,100,35.852
1715670972.095580,2330418.000,53676,1,TH,1,100,35.779
1715670972.228712,2330545.000,53707,1,TH,1,100,35.779
1715670972.362892,2330673.000,53724,1,TH,1,100,35.744
1715670972.499169,2330803.000,53741,1,TH,1,100,35.744
1715670972.631252,2330929.000,53757,1,TH,1,100,35.733
1715670972.765432,2331057.000,53794,1,TH,1,100,35.733
1715670972.898564,2331184.000,53811,1,TH,1,100,35.712
1715670973.029599,2331309.000,53827,1,TH,1,100,35.712
1715670973.161683,2331435.000,53852,1,TH,1,100,35.797
1715670973.295863,2331563.000,53868,1,TH,1,100,35.797
1715670973.426898,2331688.000,53886,1,TH,1,100,35.829
1715670973.562126,2331817.000,53902,1,TH,1,100,35.829
1715670973.696306,2331945.000,53919,1,TH,1,100,35.795
1715670973.830487,2332073.000,53953,2,TH,1,100,35.795
1715670973.964667,2332201.000,53953,2,TH,1,100,35.730
1715670974.095702,2332326.000,53988,1,TH,1,100,35.730
1715670974.225689,2332450.000,54004,1,TH,1,100,35.792
1715670974.357772,2332576.000,54021,1,TH,1,100,35.792
1715670974.490904,2332703.000,54038,1,TH,1,100,35.760
1715670974.624036,2332830.000,54072,1,TH,1,100,35.760
1715670974.759264,2332959.000,54090,1,TH,1,100,35.829
1715670974.893444,2333087.000,54108,1,TH,1,100,35.837
1715670975.027624,2333215.000,54125,1,TH,1,100,35.765
1715670975.158660,2333340.000,54157,1,TH,1,100,35.758
1715670975.291791,2333467.000,54176,1,TH,1,100,35.767
1715670975.423875,2333593.000,54194,1,TH,1,100,35.774
1715670975.557007,2333720.000,54210,1,TH,1,100,35.858
1715670975.691187,2333848.000,54227,1,TH,1,100,35.850
1715670975.827463,2333978.000,54261,1,TH,1,100,35.825
1715670975.960595,2334105.000,54282,2,TH,1,100,35.825
1715670976.093727,2334232.000,54282,2,TH,1,100,35.827
1715670976.227907,2334360.000,54298,1,TH,1,100,35.834
1715670976.358942,2334485.000,54315,1,TH,1,100,35.825
1715670976.491026,2334611.000,54347,1,TH,1,100,35.825
1715670976.624158,2334738.000,54366,1,TH,1,100,35.798
1715670976.755193,2334863.000,54384,1,TH,1,100,35.798
1715670976.890421,2334992.000,54402,1,TH,1,100,35.830
1715670977.024601,2335120.000,54434,1,TH,1,100,35.830
1715670977.157733,2335247.000,54454,1,TH,1,100,35.844
1715670977.292961,2335376.000,54470,1,TH,1,100,35.844
1715670977.423997,2335501.000,54488,1,TH,1,100,35.788
1715670977.553984,2335625.000,54519,1,TH,1,100,35.788
1715670977.686067,2335751.000,54536,1,TH,1,100,35.788
1715670977.819199,2335878.000,54553,1,TH,1,100,35.788
1715670977.952331,2336005.000,54572,1,TH,1,100,35.823
1715670978.087035,2336133.500,54592,2,TH,1,100,35.823
1715670978.221739,2336262.000,54592,2,TH,1,100,35.758
1715670978.355395,2336389.500,54621,4,TH,1,100,35.758
1715670978.489051,2336517.000,54621,4,TH,1,100,35.779
1715670978.622707,2336644.500,54621,4,TH,1,100,35.779
1715670978.756363,2336772.000,54621,4,TH,1,100,35.844
1715670978.890193,2336899.667,54641,3,TH,1,100,35.844
1715670979.024024,2337027.333,54641,3,TH,1,100,35.830
1715670979.157855,2337155.000,54641,3,TH,1,100,35.830
1715670979.285745,2337277.000,54660,1,TH,1,100,35.818
1715670979.418877,2337404.000,54678,1,TH,1,100,35.818
1715670979.553057,2337532.000,54694,1,TH,1,100,35.775
1715670979.684092,2337657.000,54711,1,TH,1,100,35.775
1715670979.816176,2337783.000,54731,1,TH,1,100,35.805
1715670979.948259,2337909.000,54748,1,TH,1,100,35.805
1715670980.079295,2338034.000,54765,1,TH,1,100,35.777
1715670980.214523,2338163.000,54798,1,TH,1,100,35.777
1715670980.349751,2338292.000,54815,1,TH,1,100,35.793
1715670980.482883,2338419.000,54835,1,TH,1,100,35.793
1715670980.618111,2338548.000,54866,1,TH,1,100,35.827
1715670980.749147,2338673.000,54884,1,TH,1,100,35.827
1715670980.880182,2338798.000,54900,1,TH,1,100,35.756
1715670981.012265,2338924.000,54917,1,TH,1,100,35.756
1715670981.145397,2339051.000,54952,1,TH,1,100,35.832
1715670981.278529,2339178.000,54970,1,TH,1,100,35.832
1715670981.413757,2339307.000,54988,1,TH,1,100,35.798
1715670981.547937,2339435.000,55004,1,TH,1,100,35.798
1715670981.682117,2339563.000,55036,1,TH,1,100,35.809
1715670981.815249,2339690.000,55056,1,TH,1,100,35.809
1715670981.948381,2339817.000,55072,1,TH,1,100,35.807
1715670982.080465,2339943.000,55090,1,TH,1,100,35.807
1715670982.213596,2340070.000,55121,1,TH,1,100,35.816
1715670982.346728,2340197.000,55143,1,TH,1,100,35.816
1715670982.483005,2340327.000,55160,1,TH,1,100,35.788
1715670982.615088,2340453.000,55176,1,TH,1,100,35.788
1715670982.749268,2340581.000,55208,1,TH,1,100,35.913
1715670982.883448,2340709.000,55225,1,TH,1,100,35.913
1715670983.014484,2340834.000,55242,1,TH,1,100,35.717
1715670983.146567,2340960.000,55262,1,TH,1,100,35.717
1715670983.278651,2341086.000,55293,1,TH,1,100,35.788
1715670983.409686,2341211.000,55312,1,TH,1,100,35.788
1715670983.544914,2341340.000,55331,1,TH,1,100,35.800
1715670983.679094,2341468.000,55350,1,TH,1,100,35.800
1715670983.812226,2341595.000,55382,1,TH,1,100,35.749
1715670983.947454,2341724.000,55399,1,TH,1,100,35.749
1715670984.078490,2341849.000,55421,2,TH,1,100,35.807
1715670984.209525,2341974.000,55421,2,TH,1,100,35.807
1715670984.341609,2342100.000,55441,1,TH,1,100,35.793
1715670984.474740,2342227.000,55475,1,TH,1,100,35.793
1715670984.607872,2342354.000,55491,1,TH,1,100,35.865
1715670984.743100,2342483.000,55509,1,TH,1,100,35.865
1715670984.877280,2342611.000,55528,1,TH,1,100,35.867
1715670985.011461,2342739.000,55560,1,TH,1,100,35.867
1715670985.144592,2342866.000,55577,1,TH,1,100,35.832
1715670985.277724,2342993.000,55593,1,TH,1,100,35.832
1715670985.409808,2343119.000,55611,1,TH,1,100,35.798
1715670985.542939,2343246.000,55644,1,TH,1,100,35.798
1715670985.675023,2343372.000,55660,1,TH,1,100,35.816
1715670985.811300,2343502.000,55678,1,TH,1,100,35.816
1715670985.943383,2343628.000,55694,1,TH,1,100,35.802
1715670986.077563,2343756.000,55726,1,TH,1,100,35.810
1715670986.211743,2343884.000,55743,1,TH,1,100,35.815
1715670986.342778,2344009.000,55759,1,TH,1,100,35.815
1715670986.474862,2344135.000,55783,1,TH,1,100,35.794
1715670986.606946,2344261.000,55814,1,TH,1,100,35.786
1715670986.737981,2344386.000,55833,1,TH,1,100,35.777
1715670986.873209,2344515.000,55853,1,TH,1,100,35.784
1715670987.008437,2344644.000,55869,1,TH,1,100,35.872
1715670987.141569,2344771.000,55901,1,TH,1,100,35.872
1715670987.276798,2344900.000,55918,1,TH,1,100,35.835
1715670987.407833,2345025.000,55938,1,TH,1,100,35.835
1715670987.539916,2345151.000,55955,1,TH,1,100,35.821
1715670987.672000,2345277.000,55987,1,TH,1,100,35.821
1715670987.805132,2345404.000,56005,1,TH,1,100,35.826
1715670987.937215,2345530.000,56022,1,TH,1,100,35.826
1715670988.072443,2345659.000,56039,1,TH,1,100,35.884
1715670988.206624,2345787.000,56075,1,TH,1,100,35.884
1715670988.340804,2345915.000,56093,1,TH,1,100,35.844
1715670988.474984,2346043.000,56109,1,TH,1,100,35.844
1715670988.608115,2346170.000,56126,1,TH,1,100,35.775
1715670988.740199,2346296.000,56146,1,TH,1,100,35.775
1715670988.872283,2346422.000,56179,1,TH,1,100,35.807
1715670989.004366,2346548.000,56197,1,TH,1,100,35.807
1715670989.140643,2346678.000,56213,1,TH,1,100,35.786
1715670989.272726,2346804.000,56230,1,TH,1,100,35.786
1715670989.406906,2346932.000,56270,2,TH,1,100,35.840
1715670989.541086,2347060.000,56270,2,TH,1,100,35.840
1715670989.672122,2347185.000,56287,1,TH,1,100,35.798
1715670989.804205,2347311.000,56304,1,TH,1,100,35.798
1715670989.936289,2347437.000,56322,1,TH,1,100,35.821
1715670990.067324,2347562.000,56357,1,TH,1,100,35.821
1715670990.202552,2347691.000,56374,1,TH,1,100,35.874
1715670990.337780,2347820.000,56390,1,TH,1,100,35.874
1715670990.470912,2347947.000,56408,1,TH,1,100,35.794
1715670990.606141,2348076.000,56442,1,TH,1,100,35.794
1715670990.738224,2348202.000,56459,1,TH,1,100,35.752
1715670990.870308,2348328.000,56476,1,TH,1,100,35.752
1715670991.002391,2348454.000,56492,1,TH,1,100,35.859
1715670991.135523,2348581.000,56512,1,TH,1,100,35.858
1715670991.266558,2348706.000,56546,1,TH,1,100,35.884
1715670991.401787,2348835.000,56563,1,TH,1,100,35.884
1715670991.535967,2348963.000,56580,1,TH,1,100,35.812
1715670991.670147,2349091.000,56596,1,TH,1,100,35.812
1715670991.804327,2349219.000,56628,1,TH,1,100,35.835
1715670991.937459,2349346.000,56645,1,TH,1,100,35.835
1715670992.069542,2349472.000,56665,1,TH,1,100,35.853
1715670992.200577,2349597.000,56684,1,TH,1,100,35.853
1715670992.332661,2349723.000,56716,1,TH,1,100,35.872
1715670992.468937,2349853.000,56732,1,TH,1,100,35.872
1715670992.601021,2349979.000,56749,1,TH,1,100,35.810
1715670992.735201,2350107.000,56784,1,TH,1,100,35.810
1715670992.869381,2350235.000,56800,1,TH,1,100,35.782
1715670993.000416,2350360.000,56817,1,TH,1,100,35.790
1715670993.133548,2350487.000,56836,1,TH,1,100,35.868
1715670993.265632,2350613.000,56858,1,TH,1,100,35.861
1715670993.396667,2350738.000,56890,1,TH,1,100,35.821
1715670993.531895,2350867.000,56906,1,TH,1,100,35.821
1715670993.666075,2350995.000,56923,1,TH,1,100,35.817
1715670993.799207,2351122.000,56940,1,TH,1,100,35.817
1715670993.934435,2351251.000,56971,1,TH,1,100,35.920
1715670994.067567,2351378.000,56989,1,TH,1,100,35.920
1715670994.199651,2351504.000,57005,1,TH,1,100,35.789
1715670994.331734,2351630.000,57022,1,TH,1,100,35.789
1715670994.464866,2351757.000,57056,1,TH,1,100,35.872
1715670994.594853,2351881.000,57075,1,TH,1,100,35.872
1715670994.730081,2352010.000,57093,1,TH,1,100,35.805
1715670994.864261,2352138.000,57113,1,TH,1,100,35.805
1715670994.998441,2352266.000,57131,1,TH,1,100,35.805
1715670995.132622,2352394.000,57150,1,TH,1,100,35.805
1715670995.265753,2352521.000,57167,1,TH,1,100,35.847
1715670995.397837,2352647.000,57201,1,TH,1,100,35.854
1715670995.528872,2352772.000,57217,1,TH,1,100,35.785
1715670995.660956,2352898.000,57234,1,TH,1,100,35.785
1715670995.797232,2353028.000,57251,1,TH,1,100,35.824
1715670995.929316,2353154.000,57285,1,TH,1,100,35.817
1715670996.063496,2353282.000,57303,1,TH,1,100,35.799
1715670996.197676,2353410.000,57319,1,TH,1,100,35.806
1715670996.328711,2353535.000,57336,1,TH,1,100,35.896
1715670996.462891,2353663.000,57356,1,TH,1,100,35.888
1715670996.594451,2353788.500,57376,2,TH,1,100,35.801
1715670996.726010,2353914.000,57376,2,TH,1,100,35.808
1715670996.861238,2354043.000,57392,1,TH,1,100,35.796
1715670996.995418,2354171.000,57424,1,TH,1,100,35.796
1715670997.128550,2354298.000,57444,1,TH,1,100,35.794
1715670997.263778,2354427.000,57460,1,TH,1,100,35.794
1715670997.396910,2354554.000,57478,1,TH,1,100,35.849
1715670997.528994,2354680.000,57509,1,TH,1,100,35.849
1715670997.661077,2354806.000,57527,1,TH,1,100,35.843
1715670997.794209,2354933.000,57548,1,TH,1,100,35.843
1715670997.924196,2355057.000,57564,1,TH,1,100,35.797
1715670998.059424,2355186.000,57598,1,TH,1,100,35.797
1715670998.193604,2355314.000,57615,1,TH,1,100,35.868
1715670998.327785,2355442.000,57631,1,TH,1,100,35.868
1715670998.461965,2355570.000,57649,1,TH,1,100,35.824
1715670998.595096,2355697.000,57684,1,TH,1,100,35.824
1715670998.726132,2355822.000,57699,1,TH,1,100,35.819
1715670998.858215,2355948.000,57718,1,TH,1,100,35.819
1715670998.990299,2356074.000,57737,1,TH,1,100,35.836
1715670999.126575,2356204.000,57755,1,TH,1,100,35.836
1715670999.258659,2356330.000,57786,1,TH,1,100,35.824
1715670999.392839,2356458.000,57803,1,TH,1,100,35.824
1715670999.527019,2356586.000,57820,1,TH,1,100,35.813
1715670999.659102,2356712.000,57836,1,TH,1,100,35.813
1715670999.793283,2356840.000,57871,1,TH,1,100,35.810
1715670999.925366,2356966.000,57890,1,TH,1,100,35.810
1715671000.056401,2357091.000,57907,1,TH,1,100,35.829
1715671000.190581,2357219.000,57932,2,TH,1,100,35.829
1715671000.324761,2357347.000,57932,2,TH,1,100,35.852
1715671000.457893,2357474.000,57949,1,TH,1,100,35.852
1715671000.593122,2357603.000,57966,1,TH,1,100,35.794
1715671000.725729,2357729.500,57998,2,TH,1,100,35.794
1715671000.858337,2357856.000,57998,2,TH,1,100,35.771
1715671000.990420,2357982.000,58019,1,TH,1,100,35.771
1715671001.122504,2358108.000,58051,1,TH,1,100,35.820
1715671001.252491,2358232.000,58068,1,TH,1,100,35.820
1715671001.387719,2358361.000,58085,1,TH,1,100,35.787
1715671001.521899,2358489.000,58102,1,TH,1,100,35.787
1715671001.656079,2358617.000,58137,1,TH,1,100,35.831
1715671001.790259,2358745.000,58153,1,TH,1,100,35.831
1715671001.923391,2358872.000,58170,1,TH,1,100,35.849
1715671002.056523,2358999.000,58189,1,TH,1,100,35.849
1715671002.188607,2359125.000,58220,1,TH,1,100,35.799
1715671002.320690,2359251.000,58240,1,TH,1,100,35.799
1715671002.456967,2359381.000,58257,1,TH,1,100,35.815
1715671002.589050,2359507.000,58274,1,TH,1,100,35.815
1715671002.723230,2359635.000,58291,1,TH,1,100,35.861
1715671002.857410,2359763.000,58308,1,TH,1,100,35.861
1715671002.990542,2359890.000,58342,1,TH,1,100,35.801
1715671003.124722,2360018.000,58360,1,TH,1,100,35.801
1715671003.256806,2360144.000,58377,1,TH,1,100,35.857
1715671003.387841,2360269.000,58409,1,TH,1,100,35.864
1715671003.520973,2360396.000,58428,1,TH,1,100,35.871
1715671003.655153,2360524.000,58445,1,TH,1,100,35.871
1715671003.788285,2360651.000,58462,1,TH,1,100,35.882
1715671003.923513,2360780.000,58481,1,TH,1,100,35.875
1715671004.056645,2360907.000,58516,1,TH,1,100,35.840
1715671004.188728,2361033.000,58532,1,TH,1,100,35.847
1715671004.320812,2361159.000,58549,1,TH,1,100,35.866
1715671004.452895,2361285.000,58566,1,TH,1,100,35.866
1715671004.582882,2361409.000,58597,1,TH,1,100,35.917
1715671004.718111,2361538.000,58615,1,TH,1,100,35.917
1715671004.852291,2361666.000,58635,1,TH,1,100,35.781
1715671004.986471,2361794.000,58653,1,TH,1,100,35.774
1715671005.120651,2361922.000,58669,1,TH,1,100,35.880
1715671005.253783,2362049.000,58686,1,TH,1,100,35.887
1715671005.387963,2362177.000,58703,1,TH,1,100,35.852
1715671005.520046,2362303.000,58740,2,TH,1,100,35.845
1715671005.652130,2362429.000,58740,2,TH,1,100,35.753
1715671005.788406,2362559.000,58758,1,TH,1,100,35.753
1715671005.920490,2362685.000,58789,1,TH,1,100,35.868
1715671006.054670,2362813.000,58808,1,TH,1,100,35.876
1715671006.188850,2362941.000,58828,1,TH,1,100,35.774
1715671006.321982,2363068.000,58844,1,TH,1,100,35.774
1715671006.456162,2363196.000,58862,1,TH,1,100,35.848
1715671006.588245,2363322.000,58893,1,TH,1,100,35.848
1715671006.718232,2363446.000,58913,1,TH,1,100,35.824
1715671006.851364,2363573.000,58930,2,TH,1,100,35.824
1715671006.984496,2363700.000,58930,2,TH,1,100,35.880
1715671007.117628,2363827.000,58964,1,TH,1,100,35.880
1715671007.252856,2363956.000,58980,1,TH,1,100,35.824
1715671007.385988,2364083.000,58998,1,TH,1,100,35.824
1715671007.518071,2364209.000,59014,1,TH,1,100,35.841
1715671007.651203,2364336.000,59049,1,TH,1,100,35.841
1715671007.783287,2364462.000,59066,1,TH,1,100,35.822
1715671007.913274,2364586.000,59082,1,TH,1,100,35.822
1715671008.048502,2364715.000,59100,1,TH,1,100,35.875
1715671008.182682,2364843.000,59135,1,TH,1,100,35.875
1715671008.316862,2364971.000,59152,1,TH,1,100,35.793
1715671008.451042,2365099.000,59172,1,TH,1,100,35.793
1715671008.584174,2365226.000,59188,1,TH,1,100,35.887
1715671008.718354,2365354.000,59220,1,TH,1,100,35.887
1715671008.849913,2365479.500,59240,2,TH,1,100,35.820
1715671008.981473,2365605.000,59240,2,TH,1,100,35.820
1715671009.116701,2365734.000,59257,1,TH,1,100,35.813
1715671009.248785,2365860.000,59290,1,TH,1,100,35.813
1715671009.382965,2365988.000,59308,1,TH,1,100,35.848
1715671009.517145,2366116.000,59327,1,TH,1,100,35.848
1715671009.650277,2366243.000,59344,1,TH,1,100,35.878
1715671009.784457,2366371.000,59376,1,TH,1,100,35.878
1715671009.916540,2366497.000,59392,1,TH,1,100,35.908
1715671010.046527,2366621.000,59410,1,TH,1,100,35.908
1715671010.178611,2366747.000,59429,1,TH,1,100,35.899
1715671010.312791,2366875.000,59461,1,TH,1,100,35.899
1715671010.445923,2367002.000,59480,1,TH,1,100,35.859
1715671010.581151,2367131.000,59496,1,TH,1,100,35.859
1715671010.714283,2367258.000,59517,1,TH,1,100,35.818
1715671010.846890,2367384.500,59554,4,TH,1,100,35.818
1715671010.979498,2367511.000,59554,4,TH,1,100,35.774
1715671011.112106,2367637.500,59554,4,TH,1,100,35.774
1715671011.244713,2367764.000,59554,4,TH,1,100,35.783
1715671011.379942,2367893.000,59578,4,TH,1,100,35.783
1715671011.515170,2368022.000,59578,4,TH,1,100,35.892
1715671011.650398,2368151.000,59578,4,TH,1,100,35.892
1715671011.785627,2368280.000,59578,4,TH,1,100,35.834
1715671011.918758,2368407.000,59599,2,TH,1,100,35.834
1715671012.051890,2368534.000,59599,2,TH,1,100,35.852
1715671012.178732,2368655.000,59615,1,TH,1,100,35.852
1715671012.308719,2368779.000,59632,1,TH,1,100,35.871
1715671012.443948,2368908.000,59649,1,TH,1,100,35.871
1715671012.576031,2369034.000,59666,1,TH,1,100,35.809
1715671012.710211,2369162.000,59703,1,TH,1,100,35.809
1715671012.844391,2369290.000,59719,1,TH,1,100,35.820
1715671012.977523,2369417.000,59736,1,TH,1,100,35.820
1715671013.111703,2369545.000,59755,1,TH,1,100,35.832
1715671013.243787,2369671.000,59786,1,TH,1,100,35.832
1715671013.373774,2369795.000,59807,1,TH,1,100,35.857
1715671013.505857,2369921.000,59823,1,TH,1,100,35.857
1715671013.640037,2370049.000,59840,1,TH,1,100,35.852
1715671013.773169,2370176.000,59874,1,TH,1,100,35.852
1715671013.908397,2370305.000,59890,1,TH,1,100,35.788
1715671014.041529,2370432.000,59909,1,TH,1,100,35.788
1715671014.173613,2370558.000,59927,1,TH,1,100,35.788
1715671014.306745,2370685.000,59959,1,TH,1,100,35.788
1715671014.438828,2370811.000,59976,1,TH,1,100,35.919
1715671014.568815,2370935.000,59995,1,TH,1,100,35.919
1715671014.704043,2371064.000,60013,1,TH,1,100,35.834
1715671014.837175,2371191.000,60044,1,TH,1,100,35.834
1715671014.971355,2371319.000,60062,1,TH,1,100,35.869
1715671015.105535,2371447.000,60080,1,TH,1,100,35.869
1715671015.238667,2371574.000,60099,1,TH,1,100,35.917
1715671015.372847,2371702.000,60131,1,TH,1,100,35.924
1715671015.504930,2371828.000,60148,1,TH,1,100,35.910
1715671015.635966,2371953.000,60164,1,TH,1,100,35.903
1715671015.770146,2372081.000,60182,1,TH,1,100,35.843
1715671015.902229,2372207.000,60201,1,TH,1,100,35.843
1715671016.036409,2372335.000,60235,1,TH,1,100,35.906
1715671016.170589,2372463.000,60252,1,TH,1,100,35.906
1715671016.303721,2372590.000,60268,1,TH,1,100,35.889
1715671016.437901,2372718.000,60286,1,TH,1,100,35.897
1715671016.569985,2372844.000,60308,1,TH,1,100,35.869
1715671016.699972,2372968.000,60328,1,TH,1,100,35.862
1715671016.832055,2373094.000,60345,1,TH,1,100,35.783
1715671016.966235,2373222.000,60361,1,TH,1,100,35.791
1715671017.099367,2373349.000,60381,1,TH,1,100,35.874
1715671017.234596,2373478.000,60412,1,TH,1,100,35.874
1715671017.367728,2373605.000,60429,1,TH,1,100,35.887
1715671017.499811,2373731.000,60446,1,TH,1,100,35.887
1715671017.633991,2373859.000,60462,1,TH,1,100,35.839
1715671017.766074,2373985.000,60494,1,TH,1,100,35.839
1715671017.896061,2374109.000,60514,1,TH,1,100,35.881
1715671018.031290,2374238.000,60531,1,TH,1,100,35.881
1715671018.164422,2374365.000,60552,1,TH,1,100,35.816
1715671018.298602,2374493.000,60587,1,TH,1,100,35.816
1715671018.432782,2374621.000,60603,1,TH,1,100,35.952
1715671018.565913,2374748.000,60620,1,TH,1,100,35.952
1715671018.700094,2374876.000,60637,1,TH,1,100,35.920
1715671018.832177,2375002.000,60668,1,TH,1,100,35.920
1715671018.963212,2375127.000,60686,1,TH,1,100,35.848
1715671019.097392,2375255.000,60702,1,TH,1,100,35.848
1715671019.229476,2375381.000,60724,1,TH,1,100,35.879
1715671019.363656,2375509.000,60741,1,TH,1,100,35.879
1715671019.497836,2375637.000,60772,1,TH,1,100,35.887
1715671019.630968,2375764.000,60793,1,TH,1,100,35.887
1715671019.765148,2375892.000,60809,1,TH,1,100,35.821
1715671019.897231,2376018.000,60826,1,TH,1,100,35.821
1715671020.028267,2376143.000,60843,1,TH,1,100,35.890
1715671020.160350,2376269.000,60874,1,TH,1,100,35.890
1715671020.295578,2376398.000,60893,1,TH,1,100,35.853
1715671020.428710,2376525.000,60913,1,TH,1,100,35.853
1715671020.563939,2376654.000,60930,1,TH,1,100,35.821
1715671020.697070,2376781.000,60962,1,TH,1,100,35.821
1715671020.829154,2376907.000,60978,1,TH,1,100,35.887
1715671020.963334,2377035.000,60995,1,TH,1,100,35.887
1715671021.095417,2377161.000,61030,1,TH,1,100,35.947
1715671021.225405,2377285.000,61046,1,TH,1,100,35.947
1715671021.360633,2377414.000,61066,1,TH,1,100,35.933
1715671021.493765,2377541.000,61082,1,TH,1,100,35.933
1715671021.627945,2377669.000,61117,1,TH,1,100,35.821
1715671021.762125,2377797.000,61134,1,TH,1,100,35.821
1715671021.895257,2377924.000,61151,1,TH,1,100,35.858
1715671022.029437,2378052.000,61169,1,TH,1,100,35.858
1715671022.161520,2378178.000,61185,1,TH,1,100,35.816
1715671022.292555,2378303.000,61202,1,TH,1,100,35.816
1715671022.425687,2378430.000,61224,1,TH,1,100,35.911
1715671022.557771,2378556.000,61255,1,TH,1,100,35.911
1715671022.691951,2378684.000,61273,1,TH,1,100,35.883
1715671022.826131,2378812.000,61289,1,TH,1,100,35.883
1715671022.959263,2378939.000,61306,1,TH,1,100,35.837
1715671023.093443,2379067.000,61343,1,TH,1,100,35.837
1715671023.225526,2379193.000,61359,1,TH,1,100,35.812
1715671023.356561,2379318.000,61377,1,TH,1,100,35.812
1715671023.488645,2379444.000,61410,1,TH,1,100,35.862
1715671023.623873,2379573.000,61430,1,TH,1,100,35.862
1715671023.757005,2379700.000,61447,1,TH,1,100,35.791
1715671023.892233,2379829.000,61463,1,TH,1,100,35.791
1715671024.025365,2379956.000,61495,1,TH,1,100,35.908
1715671024.157449,2380082.000,61512,1,TH,1,100,35.916
1715671024.291629,2380210.000,61531,1,TH,1,100,35.890
1715671024.423712,2380336.000,61549,1,TH,1,100,35.883
1715671024.553699,2380460.000,61582,1,TH,1,100,35.819
1715671024.688928,2380589.000,61599,1,TH,1,100,35.819
1715671024.822059,2380716.000,61616,1,TH,1,100,35.869
1715671024.956239,2380844.000,61635,1,TH,1,100,35.877
1715671025.090420,2380972.000,61667,1,TH,1,100,35.948
1715671025.223552,2381099.000,61684,1,TH,1,100,35.948
1715671025.357732,2381227.000,61701,1,TH,1,100,35.923
1715671025.489815,2381353.000,61720,1,TH,1,100,35.923
1715671025.620850,2381478.000,61755,1,TH,1,100,35.925
1715671025.752934,2381604.000,61771,1,TH,1,100,35.925
1715671025.885017,2381730.000,61788,1,TH,1,100,35.941
1715671026.019197,2381858.000,61805,1,TH,1,100,35.941
1715671026.153377,2381986.000,61839,1,TH,1,100,35.874
1715671026.286509,2382113.000,61856,1,TH,1,100,35.874
1715671026.420689,2382241.000,61873,1,TH,1,100,35.865
1715671026.552773,2382367.000,61892,1,TH,1,100,35.865
1715671026.684856,2382493.000,61924,1,TH,1,100,35.780
1715671026.816940,2382619.000,61943,1,TH,1,100,35.780
1715671026.952168,2382748.000,61960,1,TH,1,100,35.923
1715671027.085300,2382875.000,61977,1,TH,1,100,35.923
1715671027.219480,2383003.000,62016,2,TH,1,100,35.890
1715671027.353660,2383131.000,62016,2,TH,1,100,35.890
1715671027.485744,2383257.000,62036,1,TH,1,100,35.962
1715671027.620972,2383386.000,62052,1,TH,1,100,35.962
1715671027.753055,2383512.000,62070,1,TH,1,100,35.923
1715671027.883042,2383636.000,62101,1,TH,1,100,35.923
1715671028.018271,2383765.000,62120,1,TH,1,100,35.835
1715671028.150354,2383891.000,62142,1,TH,1,100,35.835
1715671028.284534,2384019.000,62158,1,TH,1,100,35.886
1715671028.418715,2384147.000,62190,1,TH,1,100,35.886
1715671028.551846,2384274.000,62207,1,TH,1,100,35.861
1715671028.686026,2384402.000,62227,1,TH,1,100,35.861
1715671028.818110,2384528.000,62244,1,TH,1,100,35.870
1715671028.949145,2384653.000,62276,1,TH,1,100,35.870
1715671029.081228,2384779.000,62292,1,TH,1,100,35.877
1715671029.213312,2384905.000,62311,1,TH,1,100,35.877
1715671029.347492,2385033.000,62328,1,TH,1,100,35.893
1715671029.481672,2385161.000,62348,1,TH,1,100,35.893
1715671029.614804,2385288.000,62364,1,TH,1,100,35.955
1715671029.748984,2385416.000,62382,1,TH,1,100,35.955
1715671029.881068,2385542.000,62413,1,TH,1,100,35.838
1715671030.013151,2385668.000,62433,1,TH,1,100,35.838
1715671030.145235,2385794.000,62450,1,TH,1,100,35.821
1715671030.280463,2385923.000,62466,1,TH,1,100,35.821
1715671030.413595,2386050.000,62500,1,TH,1,100,35.916
1715671030.548823,2386179.000,62517,1,TH,1,100,35.916
1715671030.681955,2386306.000,62537,1,TH,1,100,35.831
1715671030.814038,2386432.000,62554,1,TH,1,100,35.831
1715671030.949267,2386561.000,62586,1,TH,1,100,35.877
1715671031.081350,2386687.000,62602,1,TH,1,100,35.877
1715671031.211337,2386811.000,62622,1,TH,1,100,35.831
1715671031.346565,2386940.000,62656,1,TH,1,100,35.831
1715671031.478649,2387066.000,62672,1,TH,1,100,35.904
1715671031.612829,2387194.000,62689,1,TH,1,100,35.904
1715671031.747009,2387322.000,62706,1,TH,1,100,35.863
1715671031.880141,2387449.000,62740,1,TH,1,100,35.863
1715671032.014321,2387577.000,62758,1,TH,1,100,35.867
1715671032.146405,2387703.000,62774,1,TH,1,100,35.867
1715671032.277440,2387828.000,62791,1,TH,1,100,35.909
1715671032.409523,2387954.000,62808,1,TH,1,100,35.909
1715671032.542655,2388081.000,62852,2,TH,1,100,35.895
1715671032.675787,2388208.000,62852,2,TH,1,100,35.895
1715671032.809967,2388336.000,62868,1,TH,1,100,35.815
1715671032.943099,2388463.000,62885,1,TH,1,100,35.815
1715671033.077279,2388591.000,62904,1,TH,1,100,35.861
1715671033.209362,2388717.000,62938,1,TH,1,100,35.861
1715671033.341446,2388843.000,62956,1,TH,1,100,35.911
1715671033.473529,2388969.000,62972,1,TH,1,100,35.911
1715671033.608758,2389098.000,62991,1,TH,1,100,35.921
1715671033.741889,2389225.000,63026,1,TH,1,100,35.921
1715671033.877118,2389354.000,63042,1,TH,1,100,35.888
1715671034.010250,2389481.000,63060,1,TH,1,100,35.888
1715671034.142333,2389607.000,63076,1,TH,1,100,35.875
1715671034.277561,2389736.000,63108,1,TH,1,100,35.882
1715671034.409645,2389862.000,63125,1,TH,1,100,35.891
1715671034.539632,2389986.000,63146,1,TH,1,100,35.884
1715671034.674860,2390115.000,63164,1,TH,1,100,35.904
1715671034.806944,2390241.000,63195,1,TH,1,100,35.904
1715671034.941124,2390369.000,63211,1,TH,1,100,35.944
1715671035.075304,2390497.000,63229,1,TH,1,100,35.951
1715671035.208436,2390624.000,63248,1,TH,1,100,35.767
1715671035.342616,2390752.000,63280,1,TH,1,100,35.767
1715671035.474699,2390878.000,63297,1,TH,1,100,35.898
1715671035.605735,2391003.000,63315,1,TH,1,100,35.898
1715671035.737818,2391129.000,63333,1,TH,1,100,35.902
1715671035.869902,2391255.000,63364,1,TH,1,100,35.902
1715671036.004082,2391383.000,63384,1,TH,1,100,35.889
1715671036.138262,2391511.000,63401,1,TH,1,100,35.889
1715671036.271394,2391638.000,63417,1,TH,1,100,35.794
1715671036.405574,2391766.000,63449,1,TH,1,100,35.794
1715671036.537657,2391892.000,63469,1,TH,1,100,35.882
1715671036.669741,2392018.000,63488,1,TH,1,100,35.882
1715671036.801824,2392144.000,63505,1,TH,1,100,35.873
1715671036.936004,2392272.000,63521,1,TH,1,100,35.873
1715671037.069136,2392399.000,63553,1,TH,1,100,35.838
1715671037.204364,2392528.000,63573,1,TH,1,100,35.838
1715671037.337496,2392655.000,63590,1,TH,1,100,35.854
1715671037.469580,2392781.000,63607,1,TH,1,100,35.854
1715671037.604808,2392910.000,63641,1,TH,1,100,35.826
1715671037.736892,2393036.000,63657,1,TH,1,100,35.826
1715671037.866879,2393160.000,63677,1,TH,1,100,35.879
1715671038.002107,2393289.000,63698,1,TH,1,100,35.879
1715671038.134190,2393415.000,63716,1,TH,1,100,35.866
1715671038.268370,2393543.000,63734,1,TH,1,100,35.866
1715671038.402550,2393671.000,63750,1,TH,1,100,35.949
1715671038.535682,2393798.000,63770,1,TH,1,100,35.949
1715671038.669862,2393926.000,63787,1,TH,1,100,35.896
1715671038.801946,2394052.000,63820,1,TH,1,100,35.896
1715671038.932981,2394177.000,63838,1,TH,1,100,35.944
1715671039.065065,2394303.000,63854,1,TH,1,100,35.944
1715671039.197148,2394429.000,63874,1,TH,1,100,35.884
1715671039.331328,2394557.000,63906,1,TH,1,100,35.884
1715671039.466557,2394686.000,63922,1,TH,1,100,35.921
1715671039.599688,2394813.000,63939,1,TH,1,100,35.921
1715671039.733868,2394941.000,63956,1,TH,1,100,35.903
1715671039.867000,2395068.000,63990,1,TH,1,100,35.903
1715671039.999084,2395194.000,64010,1,TH,1,100,35.924
1715671040.131167,2395320.000,64026,1,TH,1,100,35.924
1715671040.265347,2395448.000,64043,1,TH,1,100,35.852
1715671040.398479,2395575.000,64078,1,TH,1,100,35.852
1715671040.533707,2395704.000,64094,1,TH,1,100,35.811
1715671040.666839,2395831.000,64112,1,TH,1,100,35.811
1715671040.798923,2395957.000,64128,1,TH,1,100,35.882
1715671040.934151,2396086.000,64160,1,TH,1,100,35.882
1715671041.066235,2396212.000,64179,1,TH,1,100,35.852
1715671041.196222,2396336.000,64198,1,TH,1,100,35.852
1715671041.330402,2396464.000,64216,1,TH,1,100,35.824
1715671041.462485,2396590.000,64247,1,TH,1,100,35.824
1715671041.596665,2396718.000,64264,1,TH,1,100,35.900
1715671041.730845,2396846.000,64284,1,TH,1,100,35.900
1715671041.863977,2396973.000,64300,1,TH,1,100,35.905
1715671041.998157,2397101.000,64332,1,TH,1,100,35.905
1715671042.130241,2397227.000,64349,1,TH,1,100,35.826
1715671042.261276,2397352.000,64367,1,TH,1,100,35.826
1715671042.393359,2397478.000,64388,1,TH,1,100,35.877
1715671042.525443,2397604.000,64404,1,TH,1,100,35.877
1715671042.659623,2397732.000,64436,1,TH,1,100,35.886
1715671042.794851,2397861.000,64453,1,TH,1,100,35.886
1715671042.927983,2397988.000,64469,1,TH,1,100,35.914
1715671043.062163,2398116.000,64492,1,TH,1,100,35.914
1715671043.196343,2398244.000,64523,1,TH,1,100,35.909
1715671043.328427,2398370.000,64548,2,TH,1,100,35.909
1715671043.460510,2398496.000,64548,2,TH,1,100,35.840
1715671043.594690,2398624.000,64564,1,TH,1,100,35.840
1715671043.726774,2398750.000,64599,1,TH,1,100,35.852
1715671043.862002,2398879.000,64616,1,TH,1,100,35.859
1715671043.995134,2399006.000,64633,1,TH,1,100,35.882
1715671044.127218,2399132.000,64650,1,TH,1,100,35.882
1715671044.262446,2399261.000,64685,1,TH,1,100,35.933
1715671044.394529,2399387.000,64703,1,TH,1,100,35.933
1715671044.524516,2399511.000,64720,1,TH,1,100,35.921
1715671044.657648,2399638.000,64737,1,TH,1,100,35.921
1715671044.789732,2399764.000,64768,1,TH,1,100,35.827
1715671044.923912,2399892.000,64786,1,TH,1,100,35.827
1715671045.058092,2400020.000,64805,1,TH,1,100,35.859
1715671045.191224,2400147.000,64822,1,TH,1,100,35.859
1715671045.325404,2400275.000,64854,1,TH,1,100,35.986
1715671045.457487,2400401.000,64872,1,TH,1,100,35.986
1715671045.590619,2400528.000,64892,1,TH,1,100,35.961
1715671045.722703,2400654.000,64909,1,TH,1,100,35.961
1715671045.854786,2400780.000,64940,1,TH,1,100,35.899
1715671045.988966,2400908.000,64958,1,TH,1,100,35.899
1715671046.123146,2401036.000,64974,1,TH,1,100,35.832
1715671046.257326,2401164.000,64994,1,TH,1,100,35.832
1715671046.391506,2401292.000,65026,1,TH,1,100,35.938
1715671046.525687,2401420.000,65044,1,TH,1,100,35.938
1715671046.657770,2401546.000,65062,1,TH,1,100,35.991
1715671046.789853,2401672.000,65078,1,TH,1,100,35.991
1715671046.924033,2401800.000,65113,1,TH,1,100,35.915
1715671047.055069,2401925.000,65130,1,TH,1,100,35.915
1715671047.190297,2402054.000,65146,1,TH,1,100,35.931
1715671047.323429,2402181.000,65164,1,TH,1,100,35.931
1715671047.455512,2402307.000,65195,1,TH,1,100,35.931
1715671047.590741,2402436.000,65216,1,TH,1,100,35.931
1715671047.722824,2402562.000,65234,1,TH,1,100,35.832
1715671047.853859,2402687.000,65250,1,TH,1,100,35.832
1715671047.986991,2402814.000,65287,1,TH,1,100,35.901
1715671048.119075,2402940.000,65304,1,TH,1,100,35.901
1715671048.253255,2403068.000,65321,1,TH,1,100,35.848
1715671048.387435,2403196.000,65338,1,TH,1,100,35.848
1715671048.520567,2403323.000,65354,1,TH,1,100,35.933
1715671048.654223,2403450.500,65393,2,TH,1,100,35.933
1715671048.787879,2403578.000,65393,2,TH,1,100,35.956
1715671048.921010,2403705.000,65413,1,TH,1,100,35.956
1715671049.053094,2403831.000,65430,1,TH,1,100,35.901
1715671049.185177,2403957.000,65461,1,TH,1,100,35.901
1715671049.318309,2404084.000,65479,1,TH,1,100,35.984
1715671049.452489,2404212.000,65498,1,TH,1,100,35.984
1715671049.585621,2404339.000,65515,1,TH,1,100,35.942
1715671049.719801,2404467.000,13,1,TH,1,100,35.942
1715671049.853981,2404595.000,29,1,TH,1,100,36.000
1715671049.986065,2404721.000,47,1,TH,1,100,36.000
1715671050.118148,2404847.000,63,1,TH,1,100,35.903
1715671050.251280,2404974.000,98,1,TH,1,100,35.903
1715671050.382315,2405099.000,115,1,TH,1,100,35.894
1715671050.517544,2405228.000,131,1,TH,1,100,35.894
1715671050.650675,2405355.000,151,1,TH,1,100,35.933
1715671050.782759,2405481.000,167,1,TH,1,100,35.933
1715671050.917987,2405610.000,202,1,TH,1,100,35.933
1715671051.050071,2405736.000,219,1,TH,1,100,35.933
1715671051.182154,2405862.000,235,1,TH,1,100,35.908
1715671051.315286,2405989.000,267,1,TH,1,100,35.908
1715671051.447370,2406115.000,287,1,TH,1,100,35.938
1715671051.581550,2406243.000,303,1,TH,1,100,35.938
1715671051.715730,2406371.000,323,1,TH,1,100,35.897
1715671051.848861,2406498.000,339,1,TH,1,100,35.897
1715671051.983042,2406626.000,371,1,TH,1,100,35.931
1715671052.117222,2406754.000,391,1,TH,1,100,35.931
1715671052.250353,2406881.000,407,1,TH,1,100,35.908
1715671052.382437,2407007.000,439,1,TH,1,100,35.908
1715671052.514520,2407133.000,456,1,TH,1,100,35.887
1715671052.646604,2407259.000,473,1,TH,1,100,35.887
1715671052.780784,2407387.000,492,1,TH,1,100,35.899
1715671052.913916,2407514.000,527,1,TH,1,100,35.899
1715671053.048096,2407642.000,545,1,TH,1,100,35.915
1715671053.182276,2407770.000,562,1,TH,1,100,35.915
1715671053.314359,2407896.000,579,1,TH,1,100,35.857
1715671053.446443,2408022.000,613,1,TH,1,100,35.857
1715671053.578526,2408148.000,631,1,TH,1,100,35.984
1715671053.709562,2408273.000,647,1,TH,1,100,35.984
1715671053.844790,2408402.000,666,1,TH,1,100,35.843
1715671053.977398,2408528.500,707,2,TH,1,100,35.843
1715671054.110005,2408655.000,707,2,TH,1,100,35.876
1715671054.245234,2408784.000,724,1,TH,1,100,35.876
1715671054.377317,2408910.000,741,1,TH,1,100,35.906
1715671054.509401,2409036.000,758,1,TH,1,100,35.906
1715671054.642533,2409163.000,778,1,TH,1,100,35.876
1715671054.774616,2409289.000,809,1,TH,1,100,35.883
1715671054.908796,2409417.000,828,1,TH,1,100,35.931
1715671055.042976,2409545.000,845,1,TH,1,100,35.924
1715671055.176108,2409672.000,862,1,TH,1,100,35.938
1715671055.310288,2409800.000,897,1,TH,1,100,35.945
1715671055.444468,2409928.000,913,1,TH,1,100,35.957
1715671055.577600,2410055.000,930,1,TH,1,100,35.957
1715671055.709683,2410181.000,962,1,TH,1,100,35.934
1715671055.841767,2410307.000,983,1,TH,1,100,35.934
1715671055.972802,2410432.000,1001,1,TH,1,100,35.869
1715671056.106982,2410560.000,1017,1,TH,1,100,35.869
1715671056.240114,2410687.000,1049,1,TH,1,100,35.908
1715671056.374294,2410815.000,1066,1,TH,1,100,35.908
1715671056.508474,2410943.000,1082,1,TH,1,100,35.943
1715671056.640558,2411069.000,1100,1,TH,1,100,35.943
1715671056.772641,2411195.000,1134,1,TH,1,100,35.931
1715671056.904725,2411321.000,1151,1,TH,1,100,35.931
1715671057.035760,2411446.000,1170,1,TH,1,100,35.943
1715671057.170988,2411575.000,1186,1,TH,1,100,35.943
1715671057.304120,2411702.000,1221,1,TH,1,100,35.957
1715671057.436204,2411828.000,1238,1,TH,1,100,35.957
1715671057.571432,2411957.000,1254,1,TH,1,100,35.989
1715671057.703516,2412083.000,1272,1,TH,1,100,35.989
1715671057.836647,2412210.000,1306,1,TH,1,100,35.954
1715671057.969779,2412337.000,1325,1,TH,1,100,35.954
1715671058.101863,2412463.000,1344,1,TH,1,100,35.906
1715671058.234994,2412590.000,1360,1,TH,1,100,35.906
1715671058.369174,2412718.000,1392,1,TH,1,100,35.888
1715671058.502306,2412845.000,1409,1,TH,1,100,35.888
1715671058.636486,2412973.000,1429,1,TH,1,100,35.851
1715671058.770666,2413101.000,1446,1,TH,1,100,35.851
1715671058.903798,2413228.000,1478,1,TH,1,100,35.876
1715671059.035882,2413354.000,1494,1,TH,1,100,35.876
1715671059.166917,2413479.000,1513,1,TH,1,100,35.895
1715671059.297952,2413604.000,1531,1,TH,1,100,35.895
1715671059.432132,2413732.000,1555,1,TH,1,100,36.005
1715671059.565264,2413859.000,1587,1,TH,1,100,36.005
1715671059.699444,2413987.000,1603,1,TH,1,100,35.899
1715671059.833624,2414115.000,1623,1,TH,1,100,35.899
1715671059.965708,2414241.000,1640,1,TH,1,100,35.943
1715671060.098840,2414368.000,1671,1,TH,1,100,35.943
1715671060.230923,2414494.000,1691,1,TH,1,100,35.991
1715671060.361958,2414619.000,1707,1,TH,1,100,35.991
1715671060.497187,2414748.000,1724,1,TH,1,100,35.922
1715671060.630318,2414875.000,1759,1,TH,1,100,35.922
1715671060.762402,2415001.000,1775,1,TH,1,100,35.950
1715671060.897630,2415130.000,1792,1,TH,1,100,35.950
1715671061.030762,2415257.000,1809,1,TH,1,100,35.855
1715671061.163894,2415384.000,1843,1,TH,1,100,35.855
1715671061.297026,2415511.000,1863,1,TH,1,100,35.957
1715671061.429109,2415637.000,1879,1,TH,1,100,35.957
1715671061.561193,2415763.000,1896,1,TH,1,100,35.897
1715671061.694849,2415890.500,1931,2,TH,1,100,35.897
1715671061.828505,2416018.000,1931,2,TH,1,100,35.931
1715671061.962685,2416146.000,1948,1,TH,1,100,35.939
1715671062.096865,2416274.000,1979,1,TH,1,100,35.932
1715671062.229996,2416401.000,1997,1,TH,1,100,35.932
1715671062.362080,2416527.000,2018,1,TH,1,100,35.987
1715671062.493115,2416652.000,2035,1,TH,1,100,35.987
1715671062.624150,2416777.000,2067,1,TH,1,100,35.877
1715671062.758331,2416905.000,2083,1,TH,1,100,35.869
1715671062.891462,2417032.000,2100,1,TH,1,100,35.985
1715671063.025642,2417160.000,2119,1,TH,1,100,35.992
1715671063.158774,2417287.000,2139,1,TH,1,100,35.966
1715671063.291906,2417414.000,2171,1,TH,1,100,35.959
1715671063.426086,2417542.000,2189,1,TH,1,100,35.897
1715671063.558170,2417668.000,2206,1,TH,1,100,35.904
1715671063.689205,2417793.000,2223,1,TH,1,100,36.038
1715671063.823385,2417921.000,2257,1,TH,1,100,36.038
1715671063.956517,2418048.000,2275,1,TH,1,100,35.978
1715671064.088600,2418174.000,2291,1,TH,1,100,35.978
1715671064.223829,2418303.000,2308,1,TH,1,100,35.937
1715671064.356960,2418430.000,2345,1,TH,1,100,35.937
1715671064.490092,2418557.000,2361,1,TH,1,100,35.911
1715671064.623224,2418684.000,2379,1,TH,1,100,35.911
1715671064.755307,2418810.000,2415,1,TH,1,100,35.858
1715671064.887391,2418936.000,2435,1,TH,1,100,35.858
1715671065.021571,2419064.000,2452,1,TH,1,100,35.978
1715671065.154703,2419191.000,2468,1,TH,1,100,35.978
1715671065.288883,2419319.000,2486,1,TH,1,100,35.925
1715671065.423063,2419447.000,2519,1,TH,1,100,35.925
1715671065.556195,2419574.000,2535,1,TH,1,100,35.996
1715671065.688278,2419700.000,2556,1,TH,1,100,35.996
1715671065.819313,2419825.000,2572,1,TH,1,100,35.847
1715671065.950349,2419950.000,2604,1,TH,1,100,35.847
1715671066.084529,2420078.000,2621,1,TH,1,100,35.943
1715671066.217660,2420205.000,2640,1,TH,1,100,35.943
1715671066.351840,2420333.000,2658,1,TH,1,100,35.983
1715671066.484972,2420460.000,2691,1,TH,1,100,35.983
1715671066.618104,2420587.000,2708,1,TH,1,100,35.937
1715671066.752284,2420715.000,2725,1,TH,1,100,35.937
1715671066.884368,2420841.000,2757,1,TH,1,100,35.856
1715671067.015403,2420966.000,2776,1,TH,1,100,35.856
1715671067.149583,2421094.000,2793,1,TH,1,100,35.992
1715671067.282715,2421221.000,2810,1,TH,1,100,35.992
1715671067.414798,2421347.000,2843,1,TH,1,100,35.971
1715671067.550027,2421476.000,2864,1,TH,1,100,35.971
1715671067.683158,2421603.000,2880,1,TH,1,100,35.971
1715671067.816290,2421730.000,2897,1,TH,1,100,35.971
1715671067.949422,2421857.000,2914,1,TH,1,100,35.971
1715671068.081506,2421983.000,2947,1,TH,1,100,35.971
1715671068.212541,2422108.000,2968,1,TH,1,100,35.914
1715671068.346721,2422236.000,2984,1,TH,1,100,35.914
1715671068.479853,2422363.000,3001,1,TH,1,100,35.916
1715671068.614033,2422491.000,3035,1,TH,1,100,35.916
1715671068.748213,2422619.000,3051,1,TH,1,100,35.916
1715671068.881345,2422746.000,3071,1,TH,1,100,35.916
1715671069.013428,2422872.000,3088,1,TH,1,100,35.900
1715671069.145512,2422998.000,3119,1,TH,1,100,35.900
1715671069.276547,2423123.000,3137,1,TH,1,100,35.932
1715671069.410727,2423251.000,3153,1,TH,1,100,35.932
1715671069.543859,2423378.000,3173,1,TH,1,100,35.992
1715671069.678039,2423506.000,3192,1,TH,1,100,35.992
1715671069.811171,2423633.000,3223,1,TH,1,100,35.960
1715671069.944302,2423760.000,3241,1,TH,1,100,35.960
1715671070.079531,2423889.000,3257,1,TH,1,100,35.900
1715671070.211614,2424015.000,3282,1,TH,1,100,35.900
1715671070.342649,2424140.000,3299,1,TH,1,100,36.001
1715671070.476830,2424268.000,3330,1,TH,1,100,36.001
1715671070.609961,2424395.000,3348,1,TH,1,100,35.918
1715671070.742045,2424521.000,3369,1,TH,1,100,35.918
1715671070.877273,2424650.000,3386,1,TH,1,100,35.875
1715671071.010405,2424777.000,3418,1,TH,1,100,35.875
1715671071.143537,2424904.000,3434,1,TH,1,100,35.895
1715671071.276669,2425031.000,3452,1,TH,1,100,35.895
1715671071.408752,2425157.000,3468,1,TH,1,100,35.971
1715671071.539787,2425282.000,3500,1,TH,1,100,35.971
1715671071.673967,2425410.000,3517,1,TH,1,100,35.932
1715671071.807099,2425537.000,3535,1,TH,1,100,35.932
1715671071.941279,2425665.000,3553,1,TH,1,100,35.939
1715671072.075459,2425793.000,3587,1,TH,1,100,35.939
1715671072.208591,2425920.000,3604,1,TH,1,100,35.988
1715671072.340675,2426046.000,3621,1,TH,1,100,35.988
1715671072.472758,2426172.000,3637,1,TH,1,100,35.888
1715671072.603793,2426297.000,3672,1,TH,1,100,35.888
1715671072.737973,2426425.000,3689,1,TH,1,100,35.935
1715671072.871105,2426552.000,3705,1,TH,1,100,35.935
1715671073.005285,2426680.000,3727,1,TH,1,100,35.902
1715671073.138417,2426807.000,3758,1,TH,1,100,35.902
1715671073.271549,2426934.000,3775,1,TH,1,100,35.932
1715671073.406777,2427063.000,3792,1,TH,1,100,35.932
1715671073.538861,2427189.000,3811,1,TH,1,100,36.006
1715671073.669896,2427314.000,3843,1,TH,1,100,36.006
1715671073.803028,2427441.000,3860,1,TH,1,100,36.024
1715671073.936160,2427568.000,3877,1,TH,1,100,36.024
1715671074.068243,2427694.000,3899,1,TH,1,100,35.896
1715671074.203471,2427823.000,3931,1,TH,1,100,35.896
1715671074.336603,2427950.000,3947,1,TH,1,100,35.953
1715671074.469735,2428077.000,3964,1,TH,1,100,35.953
1715671074.602867,2428204.000,3981,1,TH,1,100,35.907
1715671074.733902,2428329.000,4015,1,TH,1,100,35.907
1715671074.864937,2428454.000,4033,1,TH,1,100,35.916
1715671074.999117,2428582.000,4049,1,TH,1,100,35.916
1715671075.132249,2428709.000,4068,1,TH,1,100,35.875
1715671075.266429,2428837.000,4088,1,TH,1,100,35.875
1715671075.400609,2428965.000,4119,1,TH,1,100,35.932
1715671075.533741,2429092.000,4141,1,TH,1,100,35.940
1715671075.665825,2429218.000,4158,1,TH,1,100,35.983
1715671075.797908,2429344.000,4175,1,TH,1,100,35.976
1715671075.928943,2429469.000,4210,1,TH,1,100,35.992
1715671076.063123,2429597.000,4226,1,TH,1,100,35.992
1715671076.196255,2429724.000,4246,1,TH,1,100,36.013
1715671076.330435,2429852.000,4262,1,TH,1,100,36.013
1715671076.463567,2429979.000,4279,1,TH,1,100,35.997
1715671076.596699,2430106.000,4314,1,TH,1,100,35.997
1715671076.731927,2430235.000,4330,1,TH,1,100,35.946
1715671076.864011,2430361.000,4347,1,TH,1,100,35.953
1715671076.995046,2430486.000,4364,1,TH,1,100,35.928
1715671077.128178,2430613.000,4395,1,TH,1,100,35.921
1715671077.261310,2430740.000,4415,1,TH,1,100,35.898
1715671077.393393,2430866.000,4431,1,TH,1,100,35.905
1715671077.528621,2430995.000,4448,1,TH,1,100,35.960
1715671077.661753,2431122.000,4483,1,TH,1,100,35.960
1715671077.794885,2431249.000,4502,1,TH,1,100,36.025
1715671077.928017,2431376.000,4520,1,TH,1,100,36.025
1715671078.060100,2431502.000,4538,1,TH,1,100,35.974
1715671078.191135,2431627.000,4570,1,TH,1,100,35.974
1715671078.325315,2431755.000,4589,1,TH,1,100,36.000
1715671078.458447,2431882.000,4608,1,TH,1,100,36.000
1715671078.592628,2432010.000,4626,1,TH,1,100,35.946
1715671078.726808,2432138.000,4642,1,TH,1,100,35.946
1715671078.859939,2432265.000,4674,1,TH,1,100,35.935
1715671078.992023,2432391.000,4691,1,TH,1,100,35.935
1715671079.124106,2432517.000,4710,1,TH,1,100,35.946
1715671079.255141,2432642.000,4728,1,TH,1,100,35.946
1715671079.389322,2432770.000,4761,1,TH,1,100,35.942
1715671079.522454,2432897.000,4777,1,TH,1,100,35.942
1715671079.656634,2433025.000,4795,1,TH,1,100,36.009
1715671079.789765,2433152.000,4811,1,TH,1,100,36.009
1715671079.922897,2433279.000,4846,1,TH,1,100,35.981
1715671080.058125,2433408.000,4863,1,TH,1,100,35.981
1715671080.190209,2433534.000,4879,1,TH,1,100,36.052
1715671080.321244,2433659.000,4897,1,TH,1,100,36.052
1715671080.454376,2433786.000,4933,1,TH,1,100,35.960
1715671080.587508,2433913.000,4950,1,TH,1,100,35.960
1715671080.719591,2434039.000,4967,1,TH,1,100,35.951
1715671080.854820,2434168.000,4983,1,TH,1,100,35.951
1715671080.987952,2434295.000,5023,1,TH,1,100,36.025
1715671081.121083,2434422.000,5040,1,TH,1,100,36.025
1715671081.254215,2434549.000,5057,1,TH,1,100,36.006
1715671081.385250,2434674.000,5074,1,TH,1,100,36.006
1715671081.516285,2434799.000,5106,1,TH,1,100,36.009
1715671081.650465,2434927.000,5127,1,TH,1,100,36.009
1715671081.783597,2435054.000,5144,1,TH,1,100,35.928
1715671081.917777,2435182.000,5161,1,TH,1,100,35.928
1715671082.051957,2435310.000,5192,1,TH,1,100,35.990
1715671082.185089,2435437.000,5210,1,TH,1,100,35.990
1715671082.317173,2435563.000,5226,1,TH,1,100,35.942
1715671082.449256,2435689.000,5243,1,TH,1,100,35.942
1715671082.580292,2435814.000,5263,1,TH,1,100,35.954
1715671082.714472,2435942.000,5280,1,TH,1,100,35.954
1715671082.847603,2436069.000,5301,1,TH,1,100,35.928
1715671082.981783,2436197.000,5335,1,TH,1,100,35.928
1715671083.114915,2436324.000,5352,1,TH,1,100,35.868
1715671083.248047,2436451.000,5369,1,TH,1,100,35.868
1715671083.383276,2436580.000,5386,1,TH,1,100,35.977
1715671083.516407,2436707.000,5418,1,TH,1,100,35.977
1715671083.647442,2436832.000,5437,1,TH,1,100,36.041
1715671083.780574,2436959.000,5456,1,TH,1,100,36.041
1715671083.913706,2437086.000,5473,1,TH,1,100,35.866
1715671084.045789,2437212.000,5504,1,TH,1,100,35.866
1715671084.181018,2437341.000,5525,1,TH,1,100,35.956
1715671084.314150,2437468.000,5541,1,TH,1,100,35.956
1715671084.447281,2437595.000,5558,1,TH,1,100,35.974
1715671084.580413,2437722.000,5590,1,TH,1,100,35.982
1715671084.711448,2437847.000,5606,1,TH,1,100,36.023
1715671084.842484,2437972.000,5625,1,TH,1,100,36.016
1715671084.976664,2438100.000,5645,1,TH,1,100,36.000
1715671085.109796,2438227.000,5676,1,TH,1,100,36.007
1715671085.243976,2438355.000,5694,1,TH,1,100,36.023
1715671085.378156,2438483.000,5710,1,TH,1,100,36.023
1715671085.511287,2438610.000,5730,1,TH,1,100,35.906
1715671085.644419,2438737.000,5762,1,TH,1,100,35.906
1715671085.776503,2438863.000,5778,1,TH,1,100,35.993
1715671085.907538,2438988.000,5798,1,TH,1,100,35.993
1715671086.041718,2439116.000,5814,1,TH,1,100,35.954
1715671086.174850,2439243.000,5846,1,TH,1,100,35.954
1715671086.308506,2439370.500,5866,2,TH,1,100,35.961
1715671086.442162,2439498.000,5866,2,TH,1,100,35.961
1715671086.576342,2439626.000,5901,1,TH,1,100,35.979
1715671086.711570,2439755.000,5917,1,TH,1,100,35.979
1715671086.843654,2439881.000,5937,1,TH,1,100,36.071
1715671086.974689,2440006.000,5956,1,TH,1,100,36.071
1715671087.107821,2440133.000,5987,1,TH,1,100,35.945
1715671087.240952,2440260.000,6005,1,TH,1,100,35.945
1715671087.373036,2440386.000,6021,1,TH,1,100,36.039
1715671087.508264,2440515.000,6041,1,TH,1,100,36.039
1715671087.641396,2440642.000,6073,1,TH,1,100,36.016
1715671087.774528,2440769.000,6089,1,TH,1,100,36.016
1715671087.907660,2440896.000,6107,1,TH,1,100,35.922
1715671088.038695,2441021.000,6130,1,TH,1,100,35.922
1715671088.169730,2441146.000,6162,1,TH,1,100,35.924
1715671088.303910,2441274.000,6179,1,TH,1,100,35.924
1715671088.437042,2441401.000,6195,1,TH,1,100,35.949
1715671088.571222,2441529.000,6213,1,TH,1,100,35.949
1715671088.705402,2441657.000,6244,1,TH,1,100,35.972
1715671088.838534,2441784.000,6264,1,TH,1,100,35.972
1715671088.971666,2441911.000,6283,1,TH,1,100,35.970
1715671089.103749,2442037.000,6299,1,TH,1,100,35.970
1715671089.234785,2442162.000,6331,1,TH,1,100,36.021
1715671089.368965,2442290.000,6351,1,TH,1,100,36.021
1715671089.502096,2442417.000,6367,1,TH,1,100,35.979
1715671089.636276,2442545.000,6385,1,TH,1,100,35.979
1715671089.769408,2442672.000,6416,1,TH,1,100,35.947
1715671089.903588,2442800.000,6435,1,TH,1,100,35.947
1715671090.038817,2442929.000,6452,1,TH,1,100,35.970
1715671090.171948,2443056.000,6471,1,TH,1,100,35.970
1715671090.302984,2443181.000,6503,1,TH,1,100,36.009
1715671090.436116,2443308.000,6520,1,TH,1,100,36.009
1715671090.569247,2443435.000,6540,1,TH,1,100,35.947
1715671090.701331,2443561.000,6557,1,TH,1,100,35.947
1715671090.836559,2443690.000,6589,1,TH,1,100,36.005
1715671090.969691,2443817.000,6605,1,TH,1,100,36.005
1715671091.102823,2443944.000,6624,1,TH,1,100,35.982
1715671091.235955,2444071.000,6641,1,TH,1,100,35.982
1715671091.366990,2444196.000,6675,1,TH,1,100,35.975
1715671091.498025,2444321.000,6693,1,TH,1,100,35.975
1715671091.632205,2444449.000,6709,1,TH,1,100,35.943
1715671091.765337,2444576.000,6733,1,TH,1,100,35.950
1715671091.899517,2444704.000,6750,1,TH,1,100,36.017
1715671092.033697,2444832.000,6772,1,TH,1,100,36.009
1715671092.166829,2444959.000,6804,1,TH,1,100,35.922
1715671092.299961,2445086.000,6820,1,TH,1,100,35.922
1715671092.432044,2445212.000,6837,1,TH,1,100,36.019
1715671092.563079,2445337.000,6873,1,TH,1,100,36.019
1715671092.697259,2445465.000,6888,1,TH,1,100,35.961
1715671092.830391,2445592.000,6906,1,TH,1,100,35.968
1715671092.964571,2445720.000,6924,1,TH,1,100,35.968
1715671093.097703,2445847.000,6943,1,TH,1,100,35.961
1715671093.231883,2445975.000,6960,1,TH,1,100,35.954
1715671093.367111,2446104.000,6994,1,TH,1,100,35.961
1715671093.498147,2446229.000,7011,1,TH,1,100,35.989
1715671093.630230,2446355.000,7028,1,TH,1,100,35.989
1715671093.763362,2446482.000,7045,1,TH,1,100,36.024
1715671093.895970,2446608.500,7080,2,TH,1,100,36.024
1715671094.028577,2446735.000,7080,2,TH,1,100,35.941
1715671094.163806,2446864.000,7096,1,TH,1,100,35.941
1715671094.296937,2446991.000,7130,1,TH,1,100,35.975
1715671094.430069,2447118.000,7150,1,TH,1,100,35.975
1715671094.563201,2447245.000,7167,1,TH,1,100,36.005
1715671094.694236,2447370.000,7184,1,TH,1,100,36.005
1715671094.825272,2447495.000,7216,1,TH,1,100,36.017
1715671094.959452,2447623.000,7232,1,TH,1,100,36.017
1715671095.092583,2447750.000,7249,1,TH,1,100,36.023
1715671095.226763,2447878.000,7271,1,TH,1,100,36.023
1715671095.360944,2448006.000,7302,1,TH,1,100,35.948
1715671095.494075,2448133.000,7320,1,TH,1,100,35.948
1715671095.627207,2448260.000,7336,1,TH,1,100,35.966
1715671095.759291,2448386.000,7356,1,TH,1,100,35.966
1715671095.890326,2448511.000,7373,1,TH,1,100,35.968
1715671096.024506,2448639.000,7404,1,TH,1,100,35.968
1715671096.157638,2448766.000,7421,1,TH,1,100,35.996
1715671096.291818,2448894.000,7440,1,TH,1,100,35.996
1715671096.424950,2449021.000,7457,1,TH,1,100,35.927
1715671096.559130,2449149.000,7492,1,TH,1,100,35.927
1715671096.694358,2449278.000,7508,1,TH,1,100,36.042
1715671096.825393,2449403.000,7525,1,TH,1,100,36.042
1715671096.957477,2449529.000,7542,1,TH,1,100,36.030
1715671097.090609,2449656.000,7581,1,TH,1,100,36.030
1715671097.223740,2449783.000,7599,1,TH,1,100,35.911
1715671097.355824,2449909.000,7617,1,TH,1,100,35.911
1715671097.491052,2450038.000,7634,1,TH,1,100,35.973
1715671097.624184,2450165.000,7666,1,TH,1,100,35.973
1715671097.757316,2450292.000,7685,1,TH,1,100,35.957
1715671097.890448,2450419.000,7703,1,TH,1,100,35.957
1715671098.021483,2450544.000,7721,1,TH,1,100,36.017
1715671098.152518,2450669.000,7753,1,TH,1,100,36.017
1715671098.286698,2450797.000,7773,1,TH,1,100,35.964
1715671098.419830,2450924.000,7791,1,TH,1,100,35.964
1715671098.554010,2451052.000,7809,1,TH,1,100,35.996
1715671098.688190,2451180.000,7840,1,TH,1,100,35.996
1715671098.821322,2451307.000,7857,1,TH,1,100,35.996
1715671098.954454,2451434.000,7874,1,TH,1,100,35.996
1715671099.086537,2451560.000,7893,1,TH,1,100,36.051
1715671099.217572,2451685.000,7925,1,TH,1,100,36.051
1715671099.351753,2451813.000,7942,1,TH,1,100,35.982
1715671099.484884,2451940.000,7960,1,TH,1,100,35.982
1715671099.619064,2452068.000,7978,1,TH,1,100,35.968
1715671099.752196,2452195.000,8012,1,TH,1,100,35.968
1715671099.886376,2452323.000,8029,1,TH,1,100,36.083
1715671100.021605,2452452.000,8046,1,TH,1,100,36.083
1715671100.152640,2452577.000,8062,1,TH,1,100,36.042
1715671100.284723,2452703.000,8097,1,TH,1,100,36.042
1715671100.417855,2452830.000,8114,1,TH,1,100,36.056
1715671100.550987,2452957.000,8133,1,TH,1,100,36.056
1715671100.683070,2453083.000,8150,1,TH,1,100,35.906
1715671100.818299,2453212.000,8185,1,TH,1,100,35.906
1715671100.951431,2453339.000,8201,1,TH,1,100,35.961
1715671101.084562,2453466.000,8218,1,TH,1,100,35.961
1715671101.217694,2453593.000,8235,1,TH,1,100,36.026
1715671101.348729,2453718.000,8266,1,TH,1,100,36.026
1715671101.479764,2453843.000,8286,1,TH,1,100,35.968
1715671101.613945,2453971.000,8302,1,TH,1,100,35.968
1715671101.747077,2454098.000,8322,1,TH,1,100,36.026
1715671101.881257,2454226.000,8354,1,TH,1,100,36.026
1715671102.015437,2454354.000,8370,1,TH,1,100,35.980
1715671102.148568,2454481.000,8387,1,TH,1,100,35.980
1715671102.280652,2454607.000,8407,1,TH,1,100,36.014
1715671102.412735,2454733.000,8443,1,TH,1,100,36.014
1715671102.543771,2454858.000,8463,1,TH,1,100,35.973
1715671102.677951,2454986.000,8479,1,TH,1,100,35.973
1715671102.811082,2455113.000,8496,1,TH,1,100,35.911
1715671102.945262,2455241.000,8518,1,TH,1,100,35.911
1715671103.078394,2455368.000,8549,1,TH,1,100,35.911
1715671103.211526,2455495.000,8567,1,TH,1,100,35.911
1715671103.346755,2455624.000,8583,1,TH,1,100,36.056
1715671103.477790,2455749.000,8603,1,TH,1,100,36.056
1715671103.609873,2455875.000,8637,1,TH,1,100,36.037
1715671103.743005,2456002.000,8653,1,TH,1,100,36.037
1715671103.876137,2456129.000,8671,1,TH,1,100,35.996
1715671104.008220,2456255.000,8687,1,TH,1,100,36.003
1715671104.143449,2456384.000,8719,1,TH,1,100,35.955
1715671104.276581,2456511.000,8739,1,TH,1,100,35.955
1715671104.409712,2456638.000,8755,1,TH,1,100,35.937
1715671104.542844,2456765.000,8789,1,TH,1,100,35.930
1715671104.674927,2456891.000,8809,1,TH,1,100,36.008
1715671104.805963,2457016.000,8825,1,TH,1,100,36.008
1715671104.940143,2457144.000,8843,1,TH,1,100,36.022
1715671105.073275,2457271.000,8859,1,TH,1,100,36.029
1715671105.207455,2457399.000,8891,1,TH,1,100,35.997
1715671105.341635,2457527.000,8908,1,TH,1,100,35.997
1715671105.474766,2457654.000,8927,1,TH,1,100,36.033
1715671105.606850,2457780.000,8945,1,TH,1,100,36.033
1715671105.738934,2457906.000,8978,1,TH,1,100,35.951
1715671105.869969,2458031.000,8995,1,TH,1,100,35.943
1715671106.004149,2458159.000,9015,1,TH,1,100,35.959
1715671106.137281,2458286.000,9031,1,TH,1,100,35.959
1715671106.271461,2458414.000,9063,1,TH,1,100,36.006
1715671106.404593,2458541.000,9080,1,TH,1,100,36.013
1715671106.537724,2458668.000,9097,1,TH,1,100,36.020
1715671106.672953,2458797.000,9114,1,TH,1,100,36.020
1715671106.805036,2458923.000,9151,1,TH,1,100,36.024
1715671106.937120,2459049.000,9167,1,TH,1,100,36.024
1715671107.071300,2459177.000,9184,1,TH,1,100,35.983
1715671107.204432,2459304.000,9201,1,TH,1,100,35.983
1715671107.336515,2459430.000,9235,1,TH,1,100,36.022
1715671107.471744,2459559.000,9253,1,TH,1,100,36.022
1715671107.604875,2459686.000,9269,1,TH,1,100,35.978
1715671107.738007,2459813.000,9286,1,TH,1,100,35.978
1715671107.871139,2459940.000,9310,1,TH,1,100,35.934
1715671108.003222,2460066.000,9346,1,TH,1,100,35.934
1715671108.134258,2460191.000,9364,1,TH,1,100,36.033
1715671108.268438,2460319.000,9380,1,TH,1,100,36.033
1715671108.401569,2460446.000,9397,1,TH,1,100,36.027
1715671108.535749,2460574.000,9432,1,TH,1,100,36.027
1715671108.669930,2460702.000,9448,1,TH,1,100,36.006
1715671108.803061,2460829.000,9467,1,TH,1,100,36.006
1715671108.935145,2460955.000,9484,1,TH,1,100,36.054
1715671109.067228,2461081.000,9515,1,TH,1,100,36.054
1715671109.198264,2461206.000,9533,1,TH,1,100,36.070
1715671109.332444,2461334.000,9552,1,TH,1,100,36.070
1715671109.465575,2461461.000,9569,1,TH,1,100,36.010
1715671109.599756,2461589.000,9601,1,TH,1,100,36.010
1715671109.732887,2461716.000,9619,1,TH,1,100,36.010
1715671109.866019,2461843.000,9640,1,TH,1,100,36.010
1715671110.001247,2461972.000,9656,1,TH,1,100,35.888
1715671110.132283,2462097.000,9688,1,TH,1,100,35.888
1715671110.264366,2462223.000,9705,1,TH,1,100,35.978
1715671110.397498,2462350.000,9721,1,TH,1,100,35.978
1715671110.530630,2462477.000,9739,1,TH,1,100,36.022
1715671110.662713,2462603.000,9773,1,TH,1,100,36.022
1715671110.797942,2462732.000,9792,1,TH,1,100,36.022
1715671110.931073,2462859.000,9809,1,TH,1,100,36.022
1715671111.064205,2462986.000,9825,1,TH,1,100,35.983
1715671111.197337,2463113.000,9860,1,TH,1,100,35.983
1715671111.328372,2463238.000,9877,1,TH,1,100,36.020
1715671111.459408,2463363.000,9893,1,TH,1,100,36.020
1715671111.593588,2463491.000,9911,1,TH,1,100,36.029
1715671111.726719,2463618.000,9942,1,TH,1,100,36.029
1715671111.860899,2463746.000,9961,1,TH,1,100,36.010
1715671111.995080,2463874.000,9981,1,TH,1,100,36.010
1715671112.128211,2464001.000,9997,1,TH,1,100,36.038
1715671112.261343,2464128.000,10015,1,TH,1,100,36.038
1715671112.393427,2464254.000,10046,1,TH,1,100,35.964
1715671112.524462,2464379.000,10066,1,TH,1,100,35.964
1715671112.658642,2464507.000,10083,1,TH,1,100,36.029
1715671112.791774,2464634.000,10099,1,TH,1,100,36.029
1715671112.925954,2464762.000,10135,1,TH,1,100,36.064
1715671113.059086,2464889.000,10152,1,TH,1,100,36.064
1715671113.192217,2465016.000,10174,1,TH,1,100,35.997
1715671113.327446,2465145.000,10194,1,TH,1,100,35.997
1715671113.459529,2465271.000,10226,1,TH,1,100,36.024
1715671113.591613,2465397.000,10242,1,TH,1,100,36.024
1715671113.724745,2465524.000,10259,1,TH,1,100,35.990
1715671113.858925,2465652.000,10279,1,TH,1,100,35.990
1715671113.991008,2465778.000,10312,1,TH,1,100,36.045
1715671114.126236,2465907.000,10330,1,TH,1,100,36.045
1715671114.259368,2466034.000,10346,1,TH,1,100,36.056
1715671114.392500,2466161.000,10363,1,TH,1,100,36.056
1715671114.525632,2466288.000,10383,1,TH,1,100,36.008
1715671114.656667,2466413.000,10414,1,TH,1,100,36.008
1715671114.787702,2466538.000,10431,1,TH,1,100,36.036
1715671114.921882,2466666.000,10448,1,TH,1,100,36.036
1715671115.055014,2466793.000,10465,1,TH,1,100,35.939
1715671115.189194,2466921.000,10499,1,TH,1,100,35.939
1715671115.323374,2467049.000,10515,1,TH,1,100,35.999
1715671115.456506,2467176.000,10532,1,TH,1,100,35.999
1715671115.589638,2467303.000,10552,1,TH,1,100,35.958
1715671115.721721,2467429.000,10586,1,TH,1,100,35.958
1715671115.852757,2467554.000,10604,1,TH,1,100,35.997
1715671115.986937,2467682.000,10620,1,TH,1,100,35.997
1715671116.120069,2467809.000,10637,1,TH,1,100,36.033
1715671116.254249,2467937.000,10671,1,TH,1,100,36.041
1715671116.387380,2468064.000,10687,1,TH,1,100,36.082
1715671116.520512,2468191.000,10705,1,TH,1,100,36.082
1715671116.655740,2468320.000,10721,1,TH,1,100,36.034
1715671116.787824,2468446.000,10753,1,TH,1,100,36.034
1715671116.919908,2468572.000,10773,1,TH,1,100,36.020
1715671117.053039,2468699.000,10789,1,TH,1,100,36.020
1715671117.186171,2468826.000,10807,1,TH,1,100,36.018
1715671117.319303,2468953.000,10840,1,TH,1,100,36.018
1715671117.454531,2469082.000,10856,1,TH,1,100,36.066
1715671117.587663,2469209.000,10874,1,TH,1,100,36.066
1715671117.720795,2469336.000,10890,1,TH,1,100,36.013
1715671117.853927,2469463.000,10927,1,TH,1,100,36.013
1715671117.984962,2469588.000,10944,1,TH,1,100,35.999
1715671118.115997,2469713.000,10960,1,TH,1,100,35.999
1715671118.250177,2469841.000,10978,1,TH,1,100,36.085
1715671118.383309,2469968.000,10999,1,TH,1,100,36.085
1715671118.517489,2470096.000,11036,1,TH,1,100,36.045
1715671118.651669,2470224.000,11053,1,TH,1,100,36.045
1715671118.784801,2470351.000,11069,1,TH,1,100,35.981
1715671118.917933,2470478.000,11090,1,TH,1,100,35.981
1715671119.050016,2470604.000,11121,1,TH,1,100,36.085
1715671119.181051,2470729.000,11138,1,TH,1,100,36.085
1715671119.315232,2470857.000,11155,1,TH,1,100,36.046
1715671119.448363,2470984.000,11171,1,TH,1,100,36.046
1715671119.582543,2471112.000,11208,1,TH,1,100,35.997
1715671119.715675,2471239.000,11225,1,TH,1,100,35.997
1715671119.849855,2471367.000,11242,1,TH,1,100,35.995
1715671119.985084,2471496.000,11259,1,TH,1,100,35.995
1715671120.116119,2471621.000,11294,1,TH,1,100,35.967
1715671120.248202,2471747.000,11310,1,TH,1,100,35.968
1715671120.381334,2471874.000,11329,1,TH,1,100,36.106
1715671120.514466,2472001.000,11346,1,TH,1,100,36.105
1715671120.647598,2472128.000,11377,1,TH,1,100,35.983
1715671120.782826,2472257.000,11398,1,TH,1,100,35.983
1715671120.915958,2472384.000,11414,1,TH,1,100,36.014
1715671121.049090,2472511.000,11431,1,TH,1,100,36.014
1715671121.182221,2472638.000,11448,1,TH,1,100,36.025
1715671121.313257,2472763.000,11481,1,TH,1,100,36.025
1715671121.444292,2472888.000,11502,1,TH,1,100,36.048
1715671121.578472,2473016.000,11518,1,TH,1,100,36.048
1715671121.711604,2473143.000,11535,1,TH,1,100,36.037
1715671121.845784,2473271.000,11567,1,TH,1,100,36.037
1715671121.979964,2473399.000,11583,1,TH,1,100,36.060
1715671122.113096,2473526.000,11600,1,TH,1,100,36.060
1715671122.246228,2473653.000,11622,1,TH,1,100,36.011
1715671122.378311,2473779.000,11653,1,TH,1,100,36.011
1715671122.509346,2473904.000,11671,1,TH,1,100,36.041
1715671122.643526,2474032.000,11690,1,TH,1,100,36.041
1715671122.776658,2474159.000,11707,1,TH,1,100,36.009
1715671122.910838,2474287.000,11726,1,TH,1,100,36.009
1715671123.043970,2474414.000,11759,1,TH,1,100,36.037
1715671123.178150,2474542.000,11777,1,TH,1,100,36.037
1715671123.313378,2474671.000,11793,1,TH,1,100,36.034
1715671123.445462,2474797.000,11810,1,TH,1,100,36.034
1715671123.577545,2474923.000,11847,1,TH,1,100,35.977
1715671123.709629,2475049.000,11863,1,TH,1,100,35.977
1715671123.842761,2475176.000,11881,1,TH,1,100,36.018
1715671123.975893,2475303.000,11906,1,TH,1,100,36.018
1715671124.111121,2475432.000,11923,1,TH,1,100,36.052
1715671124.244253,2475559.000,11940,1,TH,1,100,36.052
1715671124.377384,2475686.000,11956,1,TH,1,100,36.083
1715671124.510516,2475813.000,11990,1,TH,1,100,36.082
1715671124.642600,2475939.000,12007,1,TH,1,100,36.011
1715671124.773635,2476064.000,12026,1,TH,1,100,36.011
1715671124.907815,2476192.000,12044,1,TH,1,100,36.078
1715671125.040947,2476319.000,12075,1,TH,1,100,36.078
1715671125.175127,2476447.000,12092,1,TH,1,100,35.944
1715671125.309307,2476575.000,12109,1,TH,1,100,35.952
1715671125.442439,2476702.000,12130,1,TH,1,100,36.016
1715671125.576619,2476830.000,12162,1,TH,1,100,36.009
1715671125.708702,2476956.000,12179,1,TH,1,100,35.981
1715671125.839738,2477081.000,12196,1,TH,1,100,35.989
1715671125.972869,2477208.000,12213,1,TH,1,100,36.019
1715671126.106001,2477335.000,12232,1,TH,1,100,36.011
1715671126.240181,2477463.000,12252,1,TH,1,100,36.039
1715671126.373313,2477590.000,12283,1,TH,1,100,36.039
1715671126.507493,2477718.000,12300,1,TH,1,100,35.995
1715671126.642721,2477847.000,12320,1,TH,1,100,35.995
1715671126.773757,2477972.000,12336,1,TH,1,100,36.103
1715671126.905840,2478098.000,12368,1,TH,1,100,36.111
1715671127.036875,2478223.000,12385,1,TH,1,100,36.025
1715671127.170007,2478350.000,12402,1,TH,1,100,36.025
1715671127.303139,2478477.000,12424,1,TH,1,100,36.051
1715671127.438367,2478606.000,12440,1,TH,1,100,36.051
1715671127.571499,2478733.000,12472,1,TH,1,100,36.071
1715671127.704631,2478860.000,12489,1,TH,1,100,36.071
1715671127.837763,2478987.000,12506,1,TH,1,100,35.968
1715671127.970895,2479114.000,12542,1,TH,1,100,35.960
1715671128.101930,2479239.000,12560,1,TH,1,100,35.995
1715671128.236110,2479367.000,12576,1,TH,1,100,36.002
1715671128.369242,2479494.000,12595,1,TH,1,100,36.088
1715671128.503422,2479622.000,12612,1,TH,1,100,36.088
1715671128.637602,2479750.000,12646,1,TH,1,100,36.053
1715671128.770734,2479877.000,12663,1,TH,1,100,36.053
1715671128.905962,2480006.000,12680,1,TH,1,100,36.078
1715671129.038045,2480132.000,12711,1,TH,1,100,36.078
1715671129.169081,2480257.000,12729,1,TH,1,100,36.035
1715671129.301688,2480383.500,12752,2,TH,1,100,36.035
1715671129.434296,2480510.000,12752,2,TH,1,100,36.048
1715671129.568476,2480638.000,12769,1,TH,1,100,36.048
1715671129.701608,2480765.000,12786,1,TH,1,100,36.037
1715671129.835788,2480893.000,12821,1,TH,1,100,36.037
1715671129.971016,2481022.000,12837,1,TH,1,100,36.005
1715671130.102051,2481147.000,12854,1,TH,1,100,36.005
1715671130.234135,2481273.000,12871,1,TH,1,100,35.986
1715671130.365170,2481398.000,12907,1,TH,1,100,35.986
1715671130.498302,2481525.000,12925,1,TH,1,100,35.961
1715671130.631434,2481652.000,12941,1,TH,1,100,35.961
1715671130.766662,2481781.000,12958,1,TH,1,100,36.037
1715671130.899794,2481908.000,12990,1,TH,1,100,36.037
1715671131.032926,2482035.000,13006,1,TH,1,100,36.000
1715671131.166058,2482162.000,13024,1,TH,1,100,36.000
1715671131.299189,2482289.000,13043,1,TH,1,100,36.065
1715671131.430225,2482414.000,13077,1,TH,1,100,36.065
1715671131.564405,2482542.000,13094,1,TH,1,100,36.062
1715671131.697536,2482669.000,13110,1,TH,1,100,36.062
1715671131.831717,2482797.000,13131,1,TH,1,100,35.982
1715671131.965897,2482925.000,13162,1,TH,1,100,35.982
1715671132.099028,2483052.000,13179,1,TH,1,100,36.044
1715671132.234257,2483181.000,13196,1,TH,1,100,36.044
1715671132.366340,2483307.000,13212,1,TH,1,100,35.979
1715671132.497375,2483432.000,13249,1,TH,1,100,35.979
1715671132.629459,2483558.000,13266,1,TH,1,100,36.079
1715671132.762591,2483685.000,13282,1,TH,1,100,36.078
1715671132.896771,2483813.000,13302,1,TH,1,100,36.062
1715671133.029903,2483940.000,13333,1,TH,1,100,36.062
1715671133.164083,2484068.000,13350,1,TH,1,100,36.088
1715671133.299311,2484197.000,13367,1,TH,1,100,36.088
1715671133.430346,2484322.000,13383,1,TH,1,100,36.090
1715671133.562430,2484448.000,13417,1,TH,1,100,36.090
1715671133.693465,2484573.000,13437,1,TH,1,100,35.975
1715671133.826597,2484700.000,13454,1,TH,1,100,35.975
1715671133.959729,2484827.000,13471,1,TH,1,100,36.016
1715671134.094957,2484956.000,13503,1,TH,1,100,36.016
1715671134.228089,2485083.000,13519,1,TH,1,100,35.966
1715671134.361221,2485210.000,13539,1,TH,1,100,35.966
1715671134.495401,2485338.000,13556,1,TH,1,100,35.954
1715671134.628532,2485465.000,13592,1,TH,1,100,35.954
1715671134.759568,2485590.000,13610,1,TH,1,100,36.019
1715671134.893748,2485718.000,13626,1,TH,1,100,36.019
1715671135.026880,2485845.000,13646,1,TH,1,100,36.088
1715671135.161060,2485973.000,13678,1,TH,1,100,36.088
1715671135.295240,2486101.000,13694,1,TH,1,100,36.074
1715671135.428371,2486228.000,13711,1,TH,1,100,36.074
1715671135.563600,2486357.000,13731,1,TH,1,100,36.056
1715671135.695683,2486483.000,13764,1,TH,1,100,36.056
1715671135.826719,2486608.000,13782,1,TH,1,100,36.097
1715671135.958802,2486734.000,13798,1,TH,1,100,36.097
1715671136.091934,2486861.000,13815,1,TH,1,100,36.138
1715671136.226114,2486989.000,13847,1,TH,1,100,36.138
1715671136.359246,2487116.000,13866,1,TH,1,100,35.980
1715671136.493426,2487244.000,13884,1,TH,1,100,35.980
1715671136.628654,2487373.000,13900,1,TH,1,100,36.023
1715671136.759689,2487498.000,13937,1,TH,1,100,36.023
1715671136.891773,2487624.000,13954,1,TH,1,100,36.042
1715671137.022808,2487749.000,13970,1,TH,1,100,36.042
1715671137.155940,2487876.000,13988,1,TH,1,100,36.044
1715671137.289072,2488003.000,14019,1,TH,1,100,36.044
1715671137.424300,2488132.000,14036,1,TH,1,100,36.099
1715671137.556384,2488258.000,14056,1,TH,1,100,36.099
1715671137.690564,2488386.000,14072,1,TH,1,100,36.012
1715671137.824744,2488514.000,14108,1,TH,1,100,36.012
1715671137.957875,2488641.000,14125,1,TH,1,100,36.040
1715671138.088911,2488766.000,14141,1,TH,1,100,36.040
1715671138.223091,2488894.000,14162,1,TH,1,100,36.076
1715671138.355174,2489020.000,14193,1,TH,1,100,36.084
1715671138.489354,2489148.000,14210,1,TH,1,100,36.008
1715671138.623534,2489276.000,14227,1,TH,1,100,36.000
1715671138.756666,2489403.000,14243,1,TH,1,100,36.065
1715671138.891895,2489532.000,14266,1,TH,1,100,36.065
1715671139.023978,2489658.000,14297,1,TH,1,100,35.961
1715671139.155013,2489783.000,14314,1,TH,1,100,35.961
1715671139.286049,2489908.000,14331,1,TH,1,100,36.037
1715671139.419180,2490035.000,14347,1,TH,1,100,36.044
1715671139.553360,2490163.000,14382,1,TH,1,100,36.023
1715671139.686492,2490290.000,14399,1,TH,1,100,36.023
1715671139.820672,2490418.000,14416,1,TH,1,100,36.044
1715671139.955901,2490547.000,14435,1,TH,1,100,36.044
1715671140.086936,2490672.000,14461,1,TH,1,100,36.056
1715671140.220068,2490799.000,14477,1,TH,1,100,36.056
1715671140.351103,2490924.000,14494,1,TH,1,100,36.051
1715671140.484235,2491051.000,14511,1,TH,1,100,36.051
1715671140.617367,2491178.000,14531,1,TH,1,100,36.003
1715671140.752595,2491307.000,14563,1,TH,1,100,36.003
1715671140.884678,2491433.000,14581,1,TH,1,100,36.051
1715671141.018858,2491561.000,14598,1,TH,1,100,36.051
1715671141.154087,2491690.000,14615,1,TH,1,100,36.008
1715671141.287219,2491817.000,14646,1,TH,1,100,36.008
1715671141.418254,2491942.000,14666,1,TH,1,100,36.063
1715671141.551386,2492069.000,14683,1,TH,1,100,36.063
1715671141.683469,2492195.000,14700,1,TH,1,100,36.008
1715671141.817649,2492323.000,14732,1,TH,1,100,36.008
1715671141.951829,2492451.000,14753,1,TH,1,100,36.040
1715671142.084961,2492578.000,14770,1,TH,1,100,36.040
1715671142.220189,2492707.000,14787,1,TH,1,100,36.033
1715671142.352273,2492833.000,14818,1,TH,1,100,36.033
1715671142.483308,2492958.000,14836,1,TH,1,100,36.074
1715671142.613295,2493082.000,14852,1,TH,1,100,36.074
1715671142.746427,2493209.000,14872,1,TH,1,100,36.047
1715671142.880607,2493337.000,14906,1,TH,1,100,36.047
1715671143.013739,2493464.000,14922,1,TH,1,100,36.044
1715671143.147919,2493592.000,14942,1,TH,1,100,36.044
1715671143.283147,2493721.000,14976,1,TH,1,100,36.054
1715671143.414182,2493846.000,14993,1,TH,1,100,36.054
1715671143.548362,2493974.000,15010,1,TH,1,100,36.042
1715671143.679398,2494099.000,15026,1,TH,1,100,36.042
1715671143.812530,2494226.000,15058,1,TH,1,100,36.070
1715671143.945661,2494353.000,15078,1,TH,1,100,36.070
1715671144.080890,2494482.000,15096,1,TH,1,100,35.996
1715671144.212973,2494608.000,15114,1,TH,1,100,35.996
1715671144.347153,2494736.000,15145,1,TH,1,100,36.155
1715671144.482382,2494865.000,15165,1,TH,1,100,36.155
1715671144.615513,2494992.000,15182,1,TH,1,100,36.065
1715671144.746549,2495117.000,15198,1,TH,1,100,36.065
1715671144.879680,2495244.000,15216,1,TH,1,100,36.130
1715671145.011764,2495370.000,15247,1,TH,1,100,36.130
1715671145.145944,2495498.000,15266,1,TH,1,100,36.061
1715671145.280124,2495626.000,15283,1,TH,1,100,36.061
1715671145.413256,2495753.000,15307,1,TH,1,100,36.015
1715671145.548484,2495882.000,15325,1,TH,1,100,36.015
1715671145.680568,2496008.000,15356,1,TH,1,100,36.054
1715671145.811603,2496133.000,15376,1,TH,1,100,36.054
1715671145.941590,2496257.000,15393,1,TH,1,100,36.035
1715671146.074722,2496384.000,15409,1,TH,1,100,36.035
1715671146.208902,2496512.000,15443,1,TH,1,100,36.031
1715671146.342034,2496639.000,15460,1,TH,1,100,36.031
1715671146.476214,2496767.000,15477,1,TH,1,100,36.033
1715671146.611442,2496896.000,15497,1,TH,1,100,36.033
1715671146.742477,2497021.000,15529,1,TH,1,100,35.992
1715671146.876657,2497149.000,15545,1,TH,1,100,35.992
1715671147.007693,2497274.000,15562,1,TH,1,100,36.074
1715671147.140824,2497401.000,15579,1,TH,1,100,36.074
1715671147.273956,2497528.000,15615,1,TH,1,100,36.116
1715671147.409184,2497657.000,15632,1,TH,1,100,36.116
1715671147.541268,2497783.000,15649,1,TH,1,100,35.985
1715671147.675448,2497911.000,15666,1,TH,1,100,35.985
1715671147.810676,2498040.000,15700,1,TH,1,100,36.008
1715671147.943808,2498167.000,15719,1,TH,1,100,36.008
1715671148.074843,2498292.000,15736,1,TH,1,100,36.074
1715671148.206927,2498418.000,15753,1,TH,1,100,36.074
1715671148.339010,2498544.000,15789,1,TH,1,100,36.044
1715671148.473191,2498672.000,15807,1,TH,1,100,36.044
1715671148.607371,2498800.000,15823,1,TH,1,100,36.001
1715671148.740502,2498927.000,15840,1,TH,1,100,36.001
1715671148.875731,2499056.000,15872,1,TH,1,100,36.056
1715671149.007814,2499182.000,15888,1,TH,1,100,36.056
1715671149.139898,2499308.000,15909,1,TH,1,100,36.026
1715671149.269885,2499432.000,15925,1,TH,1,100,36.026
1715671149.403017,2499559.000,15959,1,TH,1,100,35.982
1715671149.537197,2499687.000,15976,1,TH,1,100,35.982
1715671149.670328,2499814.000,15995,1,TH,1,100,36.065
1715671149.804508,2499942.000,16013,1,TH,1,100,36.065
1715671149.939737,2500071.000,16044,1,TH,1,100,36.111
1715671150.072869,2500198.000,16060,1,TH,1,100,36.111
1715671150.207049,2500326.000,16078,1,TH,1,100,36.010
1715671150.338084,2500451.000,16115,1,TH,1,100,36.010
1715671150.471216,2500578.000,16131,1,TH,1,100,36.026
1715671150.604347,2500705.000,16148,1,TH,1,100,36.026
1715671150.739576,2500834.000,16169,1,TH,1,100,36.065
1715671150.871659,2500960.000,16187,1,TH,1,100,36.073
1715671151.005839,2501088.000,16203,1,TH,1,100,36.011
1715671151.141068,2501217.000,16238,1,TH,1,100,36.011
1715671151.274199,2501344.000,16255,1,TH,1,100,36.103
1715671151.405235,2501469.000,16273,1,TH,1,100,36.095
1715671151.536270,2501594.000,16291,1,TH,1,100,36.042
1715671151.668354,2501720.000,16325,1,TH,1,100,36.050
1715671151.802534,2501848.000,16342,1,TH,1,100,36.103
1715671151.936714,2501976.000,16359,1,TH,1,100,36.103
1715671152.069845,2502103.000,16375,1,TH,1,100,36.040
1715671152.205074,2502232.000,16407,1,TH,1,100,36.040
1715671152.337157,2502358.000,16427,1,TH,1,100,36.038
1715671152.470289,2502485.000,16444,1,TH,1,100,36.038
1715671152.600276,2502609.000,16463,1,TH,1,100,36.043
1715671152.733408,2502736.000,16495,1,TH,1,100,36.043
1715671152.867588,2502864.000,16513,1,TH,1,100,36.195
1715671153.000720,2502991.000,16533,1,TH,1,100,36.187
1715671153.134900,2503119.000,16550,1,TH,1,100,36.074
1715671153.270128,2503248.000,16581,1,TH,1,100,36.074
1715671153.402212,2503374.000,16598,1,TH,1,100,36.049
1715671153.536392,2503502.000,16617,1,TH,1,100,36.057
1715671153.667427,2503627.000,16634,1,TH,1,100,36.047
1715671153.800559,2503754.000,16666,1,TH,1,100,36.047
1715671153.932642,2503880.000,16682,1,TH,1,100,36.029
1715671154.067871,2504009.000,16699,1,TH,1,100,36.029
1715671154.199954,2504135.000,16734,1,TH,1,100,36.011
1715671154.334134,2504263.000,16750,1,TH,1,100,36.011
1715671154.470411,2504393.000,16770,1,TH,1,100,36.091
1715671154.603543,2504520.000,16786,1,TH,1,100,36.091
1715671154.734578,2504645.000,16818,1,TH,1,100,36.098
1715671154.865613,2504770.000,16838,1,TH,1,100,36.098
1715671154.997697,2504896.000,16854,1,TH,1,100,36.121
1715671155.131877,2505024.000,16872,1,TH,1,100,36.121
1715671155.266057,2505152.000,16888,1,TH,1,100,36.047
1715671155.399189,2505279.000,16920,1,TH,1,100,36.047
1715671155.534417,2505408.000,16942,1,TH,1,100,36.124
1715671155.666500,2505534.000,16958,1,TH,1,100,36.124
1715671155.799632,2505661.000,16976,1,TH,1,100,36.137
1715671155.929619,2505785.000,17007,1,TH,1,100,36.137
1715671156.062751,2505912.000,17032,2,TH,1,100,36.029
1715671156.195883,2506039.000,17032,2,TH,1,100,36.029
1715671156.329015,2506166.000,17049,1,TH,1,100,36.059
1715671156.463195,2506294.000,17081,1,TH,1,100,36.059
1715671156.598423,2506423.000,17099,1,TH,1,100,36.022
1715671156.730506,2506549.000,17116,1,TH,1,100,36.022
1715671156.864686,2506677.000,17133,1,TH,1,100,35.990
1715671156.995722,2506802.000,17167,1,TH,1,100,35.990
1715671157.127805,2506928.000,17185,1,TH,1,100,36.116
1715671157.259889,2507054.000,17201,1,TH,1,100,36.116
1715671157.395117,2507183.000,17218,1,TH,1,100,36.130
1715671157.527201,2507309.000,17239,1,TH,1,100,36.130
1715671157.661381,2507437.000,17257,1,TH,1,100,36.038
1715671157.797657,2507567.000,17277,1,TH,1,100,36.038
1715671157.930789,2507694.000,17293,1,TH,1,100,35.983
1715671158.061824,2507819.000,17310,1,TH,1,100,35.983
1715671158.192860,2507944.000,17345,1,TH,1,100,36.082
1715671158.324943,2508070.000,17361,1,TH,1,100,36.082
1715671158.459123,2508198.000,17379,1,TH,1,100,36.084
1715671158.593303,2508326.000,17395,1,TH,1,100,36.084
1715671158.726435,2508453.000,17429,1,TH,1,100,36.056
1715671158.861663,2508582.000,17449,1,TH,1,100,36.056
1715671158.993747,2508708.000,17465,1,TH,1,100,36.078
1715671159.127927,2508836.000,17483,1,TH,1,100,36.078
1715671159.257914,2508960.000,17514,1,TH,1,100,35.999
1715671159.391046,2509087.000,17534,1,TH,1,100,35.999
1715671159.524178,2509214.000,17551,1,TH,1,100,36.034
1715671159.657309,2509341.000,17569,1,TH,1,100,36.034
1715671159.791489,2509469.000,17601,1,TH,1,100,36.151
1715671159.926718,2509598.000,17621,1,TH,1,100,36.151
1715671160.058801,2509724.000,17637,1,TH,1,100,36.162
1715671160.192981,2509852.000,17655,1,TH,1,100,36.162
1715671160.324017,2509977.000,17686,1,TH,1,100,36.032
1715671160.456100,2510103.000,17703,1,TH,1,100,36.032
1715671160.588184,2510229.000,17723,1,TH,1,100,36.073
1715671160.723412,2510358.000,17741,1,TH,1,100,36.073
1715671160.855495,2510484.000,17759,1,TH,1,100,36.011
1715671160.989676,2510612.000,17775,1,TH,1,100,36.011
1715671161.125952,2510742.000,17810,1,TH,1,100,36.055
1715671161.259084,2510869.000,17827,1,TH,1,100,36.062
1715671161.390119,2510994.000,17844,1,TH,1,100,36.085
1715671161.521154,2511119.000,17866,1,TH,1,100,36.085
1715671161.653238,2511245.000,17882,1,TH,1,100,36.105
1715671161.787418,2511373.000,17916,1,TH,1,100,36.105
1715671161.921598,2511501.000,17936,1,TH,1,100,36.117
1715671162.054730,2511628.000,17952,1,TH,1,100,36.110
1715671162.189958,2511757.000,17970,1,TH,1,100,36.135
1715671162.322042,2511883.000,18001,1,TH,1,100,36.142
1715671162.456222,2512011.000,18018,1,TH,1,100,36.059
1715671162.586209,2512135.000,18035,1,TH,1,100,36.059
1715671162.719341,2512262.000,18053,1,TH,1,100,36.110
1715671162.851424,2512388.000,18087,1,TH,1,100,36.110
1715671162.984556,2512515.000,18104,1,TH,1,100,36.145
1715671163.118736,2512643.000,18121,1,TH,1,100,36.145
1715671163.253964,2512772.000,18141,1,TH,1,100,36.094
1715671163.386048,2512898.000,18157,1,TH,1,100,36.094
1715671163.520228,2513026.000,18189,1,TH,1,100,36.105
1715671163.651263,2513151.000,18206,1,TH,1,100,36.105
1715671163.782298,2513276.000,18228,1,TH,1,100,36.089
1715671163.914382,2513402.000,18245,1,TH,1,100,36.089
1715671164.049610,2513531.000,18277,1,TH,1,100,35.988
1715671164.181694,2513657.000,18293,1,TH,1,100,35.988
1715671164.315874,2513785.000,18310,1,TH,1,100,36.103
1715671164.452150,2513915.000,18327,1,TH,1,100,36.103
1715671164.585282,2514042.000,18361,1,TH,1,100,36.122
1715671164.717366,2514168.000,18381,1,TH,1,100,36.122
1715671164.848401,2514293.000,18397,1,TH,1,100,36.071
1715671164.980484,2514419.000,18414,1,TH,1,100,36.071
1715671165.114665,2514547.000,18449,1,TH,1,100,36.030
1715671165.248845,2514675.000,18465,1,TH,1,100,36.030
1715671165.381976,2514802.000,18483,1,TH,1,100,36.117
1715671165.517205,2514931.000,18499,1,TH,1,100,36.117
1715671165.650337,2515058.000,18516,1,TH,1,100,36.149
1715671165.784517,2515186.000,18553,1,TH,1,100,36.149
1715671165.914504,2515310.000,18569,1,TH,1,100,36.108
1715671166.047635,2515437.000,18587,1,TH,1,100,36.108
1715671166.179719,2515563.000,18603,1,TH,1,100,36.133
1715671166.312851,2515690.000,18620,1,TH,1,100,36.133
1715671166.447031,2515818.000,18655,1,TH,1,100,36.062
1715671166.582259,2515947.000,18671,1,TH,1,100,36.062
1715671166.715391,2516074.000,18688,1,TH,1,100,36.085
1715671166.849571,2516202.000,18707,1,TH,1,100,36.085
1715671166.980606,2516327.000,18729,1,TH,1,100,36.108
1715671167.111641,2516452.000,18764,1,TH,1,100,36.108
1715671167.243725,2516578.000,18780,1,TH,1,100,36.202
1715671167.378953,2516707.000,18797,1,TH,1,100,36.202
1715671167.511037,2516833.000,18814,1,TH,1,100,36.041
1715671167.645217,2516961.000,18845,1,TH,1,100,36.041
1715671167.781493,2517091.000,18868,1,TH,1,100,36.080
1715671167.913577,2517217.000,18886,1,TH,1,100,36.080
1715671168.046709,2517344.000,18903,1,TH,1,100,36.073
1715671168.177744,2517469.000,18935,1,TH,1,100,36.073
1715671168.309828,2517595.000,18951,1,TH,1,100,36.083
1715671168.444008,2517723.000,18972,1,TH,1,100,36.083
1715671168.578188,2517851.000,18988,1,TH,1,100,36.133
1715671168.711319,2517978.000,19005,1,TH,1,100,36.133
1715671168.846548,2518107.000,19037,1,TH,1,100,36.085
1715671168.979680,2518234.000,19058,1,TH,1,100,36.085
1715671169.113860,2518362.000,19076,1,TH,1,100,36.156
1715671169.243847,2518486.000,19092,1,TH,1,100,36.156
1715671169.376978,2518613.000,19124,1,TH,1,100,36.062
1715671169.509062,2518739.000,19141,1,TH,1,100,36.062
1715671169.642194,2518866.000,19157,1,TH,1,100,36.057
1715671169.776374,2518994.000,19175,1,TH,1,100,36.057
1715671169.911602,2519123.000,19209,1,TH,1,100,36.122
1715671170.043686,2519249.000,19228,1,TH,1,100,36.122
1715671170.177866,2519377.000,19245,1,TH,1,100,36.051
1715671170.308901,2519502.000,19264,1,TH,1,100,36.051
1715671170.439936,2519627.000,19296,1,TH,1,100,36.133
1715671170.572020,2519753.000,19313,1,TH,1,100,36.133
1715671170.707248,2519882.000,19329,1,TH,1,100,36.069
1715671170.839332,2520008.000,19347,1,TH,1,100,36.069
1715671170.973512,2520136.000,19383,1,TH,1,100,36.051
1715671171.109788,2520266.000,19400,1,TH,1,100,36.051
1715671171.241872,2520392.000,19417,1,TH,1,100,36.120
1715671171.375004,2520519.000,19433,1,TH,1,100,36.120
1715671171.506039,2520644.000,19468,1,TH,1,100,36.083
1715671171.638122,2520770.000,19485,1,TH,1,100,36.083
1715671171.772302,2520898.000,19502,1,TH,1,100,36.108
1715671171.906482,2521026.000,19519,1,TH,1,100,36.108
1715671172.039614,2521153.000,19551,1,TH,1,100,35.945
1715671172.174843,2521282.000,19569,1,TH,1,100,35.945
1715671172.307974,2521409.000,19594,1,TH,1,100,36.081
1715671172.442154,2521537.000,19611,1,TH,1,100,36.081
1715671172.572141,2521661.000,19628,1,TH,1,100,36.069
1715671172.705273,2521788.000,19647,1,TH,1,100,36.069
1715671172.837357,2521914.000,19667,1,TH,1,100,36.113
1715671172.970489,2522041.000,19698,1,TH,1,100,36.113
1715671173.104669,2522169.000,19715,1,TH,1,100,36.078
1715671173.239897,2522298.000,19734,1,TH,1,100,36.078
1715671173.371980,2522424.000,19766,1,TH,1,100,36.046
1715671173.506160,2522552.000,19785,1,TH,1,100,36.046
1715671173.637196,2522677.000,19802,1,TH,1,100,36.113
1715671173.768231,2522802.000,19819,1,TH,1,100,36.113
1715671173.900315,2522928.000,19850,1,TH,1,100,36.046
1715671174.035543,2523057.000,19871,1,TH,1,100,36.046
1715671174.167626,2523183.000,19887,1,TH,1,100,36.074
1715671174.301806,2523311.000,19906,1,TH,1,100,36.074
1715671174.438083,2523441.000,19923,1,TH,1,100,36.051
1715671174.570167,2523567.000,19954,1,TH,1,100,36.051
1715671174.703298,2523694.000,19972,1,TH,1,100,36.188
1715671174.834334,2523819.000,19991,1,TH,1,100,36.188
1715671174.966417,2523945.000,20008,1,TH,1,100,36.092
1715671175.100597,2524073.000,20040,1,TH,1,100,36.092
1715671175.234777,2524201.000,20056,1,TH,1,100,36.120
1715671175.367909,2524328.000,20073,1,TH,1,100,36.120
1715671175.503137,2524457.000,20092,1,TH,1,100,36.115
1715671175.636269,2524584.000,20126,1,TH,1,100,36.115
1715671175.770449,2524712.000,20144,1,TH,1,100,36.131
1715671175.900436,2524836.000,20160,1,TH,1,100,36.131
1715671176.033568,2524963.000,20177,1,TH,1,100,36.140
1715671176.164603,2525088.000,20212,1,TH,1,100,36.140
1715671176.297735,2525215.000,20228,1,TH,1,100,36.030
1715671176.431915,2525343.000,20246,1,TH,1,100,36.037
1715671176.567143,2525472.000,20264,1,TH,1,100,36.093
1715671176.699227,2525598.000,20299,1,TH,1,100,36.093
1715671176.833407,2525726.000,20316,1,TH,1,100,36.136
1715671176.964442,2525851.000,20332,1,TH,1,100,36.136
1715671177.094429,2525975.000,20350,1,TH,1,100,36.049
1715671177.226513,2526101.000,20381,1,TH,1,100,36.049
1715671177.361741,2526230.000,20400,1,TH,1,100,36.180
1715671177.493825,2526356.000,20418,1,TH,1,100,36.180
1715671177.628005,2526484.000,20436,1,TH,1,100,36.106
1715671177.764281,2526614.000,20455,1,TH,1,100,36.106
1715671177.896365,2526740.000,20473,1,TH,1,100,36.076
1715671178.030545,2526868.000,20493,1,TH,1,100,36.076
1715671178.161580,2526993.000,20525,1,TH,1,100,36.065
1715671178.293664,2527119.000,20541,1,TH,1,100,36.065
1715671178.426795,2527246.000,20559,1,TH,1,100,36.099
1715671178.560976,2527374.000,20575,1,TH,1,100,36.099
1715671178.694107,2527501.000,20612,1,TH,1,100,36.113
1715671178.829336,2527630.000,20629,1,TH,1,100,36.113
1715671178.962467,2527757.000,20645,1,TH,1,100,36.090
1715671179.096648,2527885.000,20663,1,TH,1,100,36.090
1715671179.226635,2528009.000,20697,1,TH,1,100,36.076
1715671179.358718,2528135.000,20713,1,TH,1,100,36.076
1715671179.489753,2528260.000,20731,1,TH,1,100,36.083
1715671179.622885,2528387.000,20749,1,TH,1,100,36.083
1715671179.757065,2528515.000,20781,1,TH,1,100,36.104
1715671179.892293,2528644.000,20798,1,TH,1,100,36.104
1715671180.024377,2528770.000,20817,1,TH,1,100,36.127
1715671180.158557,2528898.000,20835,1,TH,1,100,36.127
1715671180.290641,2529024.000,20866,1,TH,1,100,36.145
1715671180.420627,2529148.000,20886,1,TH,1,100,36.145
1715671180.552711,2529274.000,20905,1,TH,1,100,36.116
1715671180.687939,2529403.000,20921,1,TH,1,100,36.116
1715671180.820023,2529529.000,20953,1,TH,1,100,36.012
1715671180.954203,2529657.000,20970,1,TH,1,100,36.012
1715671181.090480,2529787.000,20987,1,TH,1,100,36.097
1715671181.222563,2529913.000,21007,1,TH,1,100,36.097
1715671181.357791,2530042.000,21039,1,TH,1,100,36.051
1715671181.488827,2530167.000,21055,1,TH,1,100,36.051
1715671181.620910,2530293.000,21074,1,TH,1,100,36.042
1715671181.754042,2530420.000,21094,1,TH,1,100,36.042
1715671181.888222,2530548.000,21125,1,TH,1,100,36.067
1715671182.021354,2530675.000,21143,1,TH,1,100,36.067
1715671182.156582,2530804.000,21159,1,TH,1,100,36.141
1715671182.289714,2530931.000,21176,1,TH,1,100,36.141
1715671182.423894,2531059.000,21208,1,TH,1,100,36.171
1715671182.553881,2531183.000,21227,1,TH,1,100,36.171
1715671182.685965,2531309.000,21244,1,TH,1,100,36.042
1715671182.817000,2531434.000,21265,1,TH,1,100,36.042
1715671182.950131,2531561.000,21296,1,TH,1,100,36.102
1715671183.084836,2531689.500,21318,2,TH,1,100,36.102
1715671183.219540,2531818.000,21318,2,TH,1,100,36.111
1715671183.351624,2531944.000,21334,1,TH,1,100,36.111
1715671183.485804,2532072.000,21352,1,TH,1,100,36.108
1715671183.617887,2532198.000,21383,1,TH,1,100,36.108
1715671183.747874,2532322.000,21405,1,TH,1,100,36.072
1715671183.879957,2532448.000,21422,1,TH,1,100,36.072
1715671184.015186,2532577.000,21438,1,TH,1,100,36.079
1715671184.147269,2532703.000,21470,1,TH,1,100,36.079
1715671184.281449,2532831.000,21487,1,TH,1,100,36.106
1715671184.417726,2532961.000,21507,1,TH,1,100,36.106
1715671184.549810,2533087.000,21524,1,TH,1,100,36.120
1715671184.685038,2533216.000,21556,1,TH,1,100,36.120
1715671184.816073,2533341.000,21574,1,TH,1,100,36.097
1715671184.948157,2533467.000,21591,1,TH,1,100,36.097
1715671185.080240,2533593.000,21611,1,TH,1,100,36.166
1715671185.214420,2533721.000,21642,1,TH,1,100,36.166
1715671185.347552,2533848.000,21660,1,TH,1,100,36.093
1715671185.482780,2533977.000,21676,1,TH,1,100,36.093
1715671185.615912,2534104.000,21693,1,TH,1,100,36.120
1715671185.750092,2534232.000,21728,1,TH,1,100,36.120
1715671185.880079,2534356.000,21746,1,TH,1,100,36.070
1715671186.012163,2534482.000,21763,1,TH,1,100,36.070
1715671186.143198,2534607.000,21780,1,TH,1,100,36.155
1715671186.276330,2534734.000,21811,1,TH,1,100,36.162
1715671186.410510,2534862.000,21832,1,TH,1,100,36.088
1715671186.545738,2534991.000,21848,1,TH,1,100,36.088
1715671186.677822,2535117.000,21865,1,TH,1,100,36.118
1715671186.812002,2535245.000,21897,1,TH,1,100,36.118
1715671186.945133,2535372.000,21918,1,TH,1,100,36.146
1715671187.075120,2535496.000,21936,1,TH,1,100,36.146
1715671187.207204,2535622.000,21952,1,TH,1,100,36.116
1715671187.342432,2535751.000,21984,1,TH,1,100,36.116
1715671187.474516,2535877.000,22001,1,TH,1,100,36.118
1715671187.608696,2536005.000,22020,1,TH,1,100,36.118
1715671187.744973,2536135.000,22038,1,TH,1,100,36.146
1715671187.877056,2536261.000,22071,1,TH,1,100,36.146
1715671188.012285,2536390.000,22087,1,TH,1,100,36.150
1715671188.143320,2536515.000,22107,1,TH,1,100,36.150
1715671188.275403,2536641.000,22126,1,TH,1,100,36.089
1715671188.408535,2536768.000,22162,2,TH,1,100,36.089
1715671188.541667,2536895.000,22162,2,TH,1,100,36.212
1715671188.674798,2537022.000,22178,1,TH,1,100,36.212
1715671188.810027,2537151.000,22196,1,TH,1,100,36.162
1715671188.943159,2537278.000,22216,1,TH,1,100,36.162
1715671189.077339,2537406.000,22235,1,TH,1,100,36.104
1715671189.207326,2537530.000,22252,1,TH,1,100,36.104
1715671189.339409,2537656.000,22268,1,TH,1,100,36.132
1715671189.470444,2537781.000,22286,1,TH,1,100,36.132
1715671189.603576,2537908.000,22317,1,TH,1,100,36.091
1715671189.737756,2538036.000,22334,1,TH,1,100,36.091
1715671189.872985,2538165.000,22351,1,TH,1,100,36.148
1715671190.006116,2538292.000,22367,1,TH,1,100,36.148
1715671190.140296,2538420.000,22404,1,TH,1,100,36.130
1715671190.273428,2538547.000,22421,1,TH,1,100,36.130
1715671190.403415,2538671.000,22438,1,TH,1,100,36.164
1715671190.535499,2538797.000,22455,1,TH,1,100,36.164
1715671190.670727,2538926.000,22487,1,TH,1,100,36.081
1715671190.801762,2539051.000,22506,1,TH,1,100,36.081
1715671190.935942,2539179.000,22523,1,TH,1,100,36.153
1715671191.072219,2539309.000,22540,1,TH,1,100,36.153
1715671191.204303,2539435.000,22573,1,TH,1,100,36.155
1715671191.339531,2539564.000,22590,1,TH,1,100,36.155
1715671191.470566,2539689.000,22610,1,TH,1,100,36.141
1715671191.602650,2539815.000,22627,1,TH,1,100,36.141
1715671191.734733,2539941.000,22659,1,TH,1,100,36.079
1715671191.868913,2540069.000,22675,1,TH,1,100,36.079
1715671192.002045,2540196.000,22695,1,TH,1,100,36.077
1715671192.137274,2540325.000,22712,1,TH,1,100,36.077
1715671192.270405,2540452.000,22731,1,TH,1,100,36.127
1715671192.404585,2540580.000,22763,1,TH,1,100,36.127
1715671192.534572,2540704.000,22779,1,TH,1,100,36.141
1715671192.666656,2540830.000,22796,1,TH,1,100,36.141
1715671192.797691,2540955.000,22818,1,TH,1,100,36.107
1715671192.930823,2541082.000,22849,1,TH,1,100,36.107
1715671193.065003,2541210.000,22867,1,TH,1,100,36.176
1715671193.200231,2541339.000,22883,1,TH,1,100,36.176
1715671193.333363,2541466.000,22920,1,TH,1,100,36.162
1715671193.467543,2541594.000,22937,1,TH,1,100,36.162
1715671193.601723,2541722.000,22953,1,TH,1,100,36.121
1715671193.731710,2541846.000,22971,1,TH,1,100,36.121
1715671193.863794,2541972.000,22994,1,TH,1,100,36.125
1715671193.999022,2542101.000,23011,1,TH,1,100,36.125
1715671194.130057,2542226.000,23046,1,TH,1,100,36.102
1715671194.264237,2542354.000,23062,1,TH,1,100,36.102
1715671194.400514,2542484.000,23080,1,TH,1,100,36.148
1715671194.532597,2542610.000,23096,1,TH,1,100,36.148
1715671194.667826,2542739.000,23133,1,TH,1,100,36.130
1715671194.798861,2542864.000,23150,1,TH,1,100,36.130
1715671194.929896,2542989.000,23166,1,TH,1,100,36.157
1715671195.061980,2543115.000,23184,1,TH,1,100,36.157
1715671195.196160,2543243.000,23215,1,TH,1,100,36.134
1715671195.329292,2543370.000,23235,1,TH,1,100,36.134
1715671195.464520,2543499.000,23252,1,TH,1,100,36.091
1715671195.597652,2543626.000,23268,1,TH,1,100,36.091
1715671195.731832,2543754.000,23302,1,TH,1,100,36.104
1715671195.862867,2543879.000,23322,1,TH,1,100,36.104
1715671195.994951,2544005.000,23338,1,TH,1,100,36.139
1715671196.125986,2544130.000,23356,1,TH,1,100,36.139
1715671196.259118,2544257.000,23387,1,TH,1,100,36.075
1715671196.393298,2544385.000,23404,1,TH,1,100,36.075
1715671196.528526,2544514.000,23421,1,TH,1,100,36.089
1715671196.660609,2544640.000,23440,1,TH,1,100,36.089
1715671196.794790,2544768.000,23474,1,TH,1,100,36.197
1715671196.930018,2544897.000,23491,1,TH,1,100,36.197
1715671197.060005,2545021.000,23508,1,TH,1,100,36.123
1715671197.192088,2545147.000,23525,1,TH,1,100,36.123
1715671197.326268,2545275.000,23560,1,TH,1,100,36.098
1715671197.457304,2545400.000,23576,1,TH,1,100,36.098
1715671197.591484,2545528.000,23593,1,TH,1,100,36.164
1715671197.727760,2545658.000,23610,1,TH,1,100,36.164
1715671197.859844,2545784.000,23645,1,TH,1,100,36.139
1715671197.995072,2545913.000,23666,1,TH,1,100,36.139
1715671198.126107,2546038.000,23682,1,TH,1,100,36.054
1715671198.257143,2546163.000,23699,1,TH,1,100,36.054
1715671198.389226,2546289.000,23731,1,TH,1,100,36.134
1715671198.523406,2546417.000,23750,1,TH,1,100,36.134
1715671198.656538,2546544.000,23767,1,TH,1,100,36.126
1715671198.791766,2546673.000,23786,1,TH,1,100,36.126
1715671198.924898,2546800.000,23817,1,TH,1,100,36.121
1715671199.059078,2546928.000,23835,1,TH,1,100,36.121
1715671199.191162,2547054.000,23859,1,TH,1,100,36.114
1715671199.323245,2547180.000,23876,1,TH,1,100,36.114
1715671199.454281,2547305.000,23893,1,TH,1,100,36.167
1715671199.587412,2547432.000,23924,1,TH,1,100,36.167
1715671199.720544,2547559.000,23945,1,TH,1,100,36.091
1715671199.855772,2547688.000,23963,1,TH,1,100,36.098
1715671199.987856,2547814.000,23980,1,TH,1,100,36.128
1715671200.122036,2547942.000,23997,1,TH,1,100,36.128
1715671200.257264,2548071.000,24028,1,TH,1,100,36.174
1715671200.387251,2548195.000,24046,1,TH,1,100,36.174
1715671200.519335,2548321.000,24065,1,TH,1,100,36.091
1715671200.652467,2548448.000,24082,1,TH,1,100,36.091
1715671200.783502,2548573.000,24114,1,TH,1,100,36.174
1715671200.917682,2548701.000,24130,1,TH,1,100,36.174
1715671201.053959,2548831.000,24148,1,TH,1,100,36.133
1715671201.186042,2548957.000,24164,1,TH,1,100,36.133
1715671201.321270,2549086.000,24199,1,TH,1,100,36.080
1715671201.452306,2549211.000,24216,1,TH,1,100,36.080
1715671201.583341,2549336.000,24232,1,TH,1,100,36.084
1715671201.715425,2549462.000,24250,1,TH,1,100,36.084
1715671201.849605,2549590.000,24281,1,TH,1,100,36.011
1715671201.982736,2549717.000,24298,1,TH,1,100,36.011
1715671202.117965,2549846.000,24316,1,TH,1,100,36.133
1715671202.251096,2549973.000,24337,1,TH,1,100,36.133
1715671202.385277,2550101.000,24355,1,TH,1,100,36.169
1715671202.518408,2550228.000,24371,1,TH,1,100,36.169
1715671202.650492,2550354.000,24405,1,TH,1,100,36.116
1715671202.781527,2550479.000,24424,1,TH,1,100,36.116
1715671202.914659,2550606.000,24440,1,TH,1,100,36.119
1715671203.046742,2550732.000,24458,1,TH,1,100,36.119
1715671203.181971,2550861.000,24492,1,TH,1,100,36.199
1715671203.314054,2550987.000,24508,1,TH,1,100,36.199
1715671203.448234,2551115.000,24526,1,TH,1,100,36.149
1715671203.583463,2551244.000,24545,1,TH,1,100,36.149
1715671203.713450,2551368.000,24577,1,TH,1,100,36.055
1715671203.845533,2551494.000,24596,1,TH,1,100,36.055
1715671203.977617,2551620.000,24612,1,TH,1,100,36.117
1715671204.108652,2551745.000,24630,1,TH,1,100,36.117
1715671204.242832,2551873.000,24646,1,TH,1,100,36.144
1715671204.379109,2552003.000,24681,1,TH,1,100,36.144
1715671204.511192,2552129.000,24705,1,TH,1,100,36.165
1715671204.646420,2552258.000,24721,1,TH,1,100,36.165
1715671204.777456,2552383.000,24739,1,TH,1,100,36.167
1715671204.908491,2552508.000,24773,1,TH,1,100,36.167
1715671205.040575,2552634.000,24790,1,TH,1,100,36.149
1715671205.174755,2552762.000,24807,1,TH,1,100,36.149
1715671205.307886,2552889.000,24823,1,TH,1,100,36.156
1715671205.443115,2553018.000,24857,1,TH,1,100,36.156
1715671205.576247,2553145.000,24877,1,TH,1,100,36.149
1715671205.710427,2553273.000,24894,1,TH,1,100,36.149
1715671205.842510,2553399.000,24911,1,TH,1,100,36.163
1715671205.974594,2553525.000,24927,1,TH,1,100,36.163
1715671206.105629,2553650.000,24945,1,TH,1,100,36.190
1715671206.238760,2553777.000,24979,1,TH,1,100,36.190
1715671206.370844,2553903.000,24996,1,TH,1,100,36.176
1715671206.506073,2554032.000,25013,1,TH,1,100,36.176
1715671206.638156,2554158.000,25031,1,TH,1,100,36.112
1715671206.772336,2554286.000,25063,1,TH,1,100,36.112
1715671206.907564,2554415.000,25083,1,TH,1,100,36.156
1715671207.037551,2554539.000,25100,1,TH,1,100,36.156
1715671207.169635,2554665.000,25117,1,TH,1,100,36.110
1715671207.301718,2554791.000,25151,1,TH,1,100,36.110
1715671207.432754,2554916.000,25170,1,TH,1,100,36.167
1715671207.566934,2555044.000,25187,1,TH,1,100,36.167
1715671207.703210,2555174.000,25204,1,TH,1,100,36.179
1715671207.835294,2555300.000,25237,1,TH,1,100,36.179
1715671207.970522,2555429.000,25254,1,TH,1,100,36.216
1715671208.101557,2555554.000,25271,1,TH,1,100,36.216
1715671208.233641,2555680.000,25295,1,TH,1,100,36.135
1715671208.365724,2555806.000,25329,1,TH,1,100,36.135
1715671208.499904,2555934.000,25345,1,TH,1,100,36.124
1715671208.633036,2556061.000,25362,1,TH,1,100,36.124
1715671208.768265,2556190.000,25382,1,TH,1,100,36.130
1715671208.901397,2556317.000,25413,1,TH,1,100,36.130
1715671209.035577,2556445.000,25433,1,TH,1,100,36.084
1715671209.168708,2556572.000,25449,1,TH,1,100,36.084
1715671209.300792,2556698.000,25466,1,TH,1,100,36.144
1715671209.431827,2556823.000,25500,1,TH,1,100,36.144
1715671209.564959,2556950.000,25519,1,TH,1,100,36.153
1715671209.697042,2557076.000,25537,1,TH,1,100,36.153
1715671209.832271,2557205.000,25553,1,TH,1,100,36.128
1715671209.964354,2557331.000,25575,1,TH,1,100,36.128
1715671210.098534,2557459.000,25595,1,TH,1,100,36.144
1715671210.233763,2557588.000,25626,1,TH,1,100,36.144
1715671210.363750,2557712.000,25644,1,TH,1,100,36.089
1715671210.495833,2557838.000,25660,1,TH,1,100,36.089
1715671210.627917,2557964.000,25677,1,TH,1,100,36.105
1715671210.758952,2558089.000,25712,1,TH,1,100,36.105
1715671210.893132,2558217.000,25728,1,TH,1,100,36.114
1715671211.029408,2558347.000,25746,1,TH,1,100,36.114
1715671211.161492,2558473.000,25762,1,TH,1,100,36.059
1715671211.296720,2558602.000,25797,1,TH,1,100,36.059
1715671211.427756,2558727.000,25814,1,TH,1,100,36.117
1715671211.559839,2558853.000,25832,1,TH,1,100,36.117
1715671211.691923,2558979.000,25850,1,TH,1,100,36.201
1715671211.826103,2559107.000,25881,1,TH,1,100,36.201
1715671211.959234,2559234.000,25900,1,TH,1,100,36.179
1715671212.094463,2559363.000,25918,1,TH,1,100,36.179
1715671212.227595,2559490.000,25934,1,TH,1,100,36.149
1715671212.361775,2559618.000,25966,1,TH,1,100,36.149
1715671212.494906,2559745.000,25983,1,TH,1,100,36.153
1715671212.626990,2559871.000,26002,1,TH,1,100,36.161
1715671212.758025,2559996.000,26022,1,TH,1,100,36.175
1715671212.890109,2560122.000,26053,1,TH,1,100,36.167
1715671213.022192,2560248.000,26072,1,TH,1,100,36.144
1715671213.157421,2560377.000,26089,1,TH,1,100,36.144
1715671213.289504,2560503.000,26105,1,TH,1,100,36.128
1715671213.423684,2560631.000,26140,1,TH,1,100,36.128
1715671213.558913,2560760.000,26157,1,TH,1,100,36.211
1715671213.688900,2560884.000,26174,1,TH,1,100,36.211
1715671213.820983,2561010.000,26191,1,TH,1,100,36.059
1715671213.953067,2561136.000,26226,1,TH,1,100,36.059
1715671214.084102,2561261.000,26242,1,TH,1,100,36.119
1715671214.218282,2561389.000,26259,1,TH,1,100,36.119
1715671214.354558,2561519.000,26276,1,TH,1,100,36.115
1715671214.486642,2561645.000,26307,1,TH,1,100,36.122
1715671214.621870,2561774.000,26324,1,TH,1,100,36.205
1715671214.753954,2561900.000,26341,1,TH,1,100,36.197
1715671214.886037,2562026.000,26358,1,TH,1,100,36.130
1715671215.018121,2562152.000,26396,1,TH,1,100,36.130
1715671215.152301,2562280.000,26412,1,TH,1,100,36.167
1715671215.285433,2562407.000,26434,1,TH,1,100,36.167
1715671215.420661,2562536.000,26451,1,TH,1,100,36.073
1715671215.553793,2562663.000,26468,1,TH,1,100,36.073
1715671215.687973,2562791.000,26500,1,TH,1,100,36.133
1715671215.822153,2562919.000,26516,1,TH,1,100,36.133
1715671215.954237,2563045.000,26538,1,TH,1,100,36.115
1715671216.085272,2563170.000,26555,1,TH,1,100,36.122
1715671216.217355,2563296.000,26586,1,TH,1,100,36.193
1715671216.349439,2563422.000,26605,1,TH,1,100,36.186
1715671216.484667,2563551.000,26621,1,TH,1,100,36.170
1715671216.616751,2563677.000,26638,1,TH,1,100,36.170
1715671216.750931,2563805.000,26674,1,TH,1,100,36.103
1715671216.886159,2563934.000,26690,1,TH,1,100,36.103
1715671217.016146,2564058.000,26708,1,TH,1,100,36.190
1715671217.148230,2564184.000,26727,1,TH,1,100,36.190
1715671217.280313,2564310.000,26759,1,TH,1,100,36.130
1715671217.411348,2564435.000,26776,1,TH,1,100,36.130
1715671217.545528,2564563.000,26794,1,TH,1,100,36.126
1715671217.681805,2564693.000,26812,1,TH,1,100,36.133
1715671217.813889,2564819.000,26848,1,TH,1,100,36.126
1715671217.949117,2564948.000,26864,1,TH,1,100,36.126
1715671218.082249,2565075.000,26882,1,TH,1,100,36.119
1715671218.214332,2565201.000,26898,1,TH,1,100,36.112
1715671218.346416,2565327.000,26932,1,TH,1,100,36.135
1715671218.480596,2565455.000,26949,1,TH,1,100,36.143
1715671218.611631,2565580.000,26968,1,TH,1,100,36.177
1715671218.747908,2565710.000,26986,1,TH,1,100,36.177
1715671218.881039,2565837.000,27017,1,TH,1,100,36.142
1715671219.015219,2565965.000,27037,1,TH,1,100,36.142
1715671219.149400,2566093.000,27054,1,TH,1,100,36.119
1715671219.281483,2566219.000,27070,1,TH,1,100,36.119
1715671219.412518,2566344.000,27104,1,TH,1,100,36.108
1715671219.543554,2566469.000,27121,1,TH,1,100,36.108
1715671219.675637,2566595.000,27138,1,TH,1,100,36.193
1715671219.810865,2566724.000,27158,1,TH,1,100,36.193
1715671219.942949,2566850.000,27190,1,TH,1,100,36.154
1715671220.077129,2566978.000,27206,1,TH,1,100,36.154
1715671220.212357,2567107.000,27223,1,TH,1,100,36.145
1715671220.342344,2567231.000,27243,1,TH,1,100,36.145
1715671220.474428,2567357.000,27262,1,TH,1,100,36.099
1715671220.606511,2567483.000,27278,1,TH,1,100,36.099
1715671220.737546,2567608.000,27301,1,TH,1,100,36.133
1715671220.871727,2567736.000,27332,1,TH,1,100,36.133
1715671221.008003,2567866.000,27349,1,TH,1,100,36.152
1715671221.140087,2567992.000,27369,1,TH,1,100,36.152
1715671221.275315,2568121.000,27385,1,TH,1,100,36.200
1715671221.408447,2568248.000,27417,1,TH,1,100,36.200
1715671221.540530,2568374.000,27439,1,TH,1,100,36.165
1715671221.672614,2568500.000,27456,1,TH,1,100,36.165
1715671221.806794,2568628.000,27473,1,TH,1,100,36.163
1715671221.936781,2568752.000,27505,1,TH,1,100,36.163
1715671222.073058,2568882.000,27521,1,TH,1,100,36.142
1715671222.206189,2569009.000,27538,1,TH,1,100,36.135
1715671222.340369,2569137.000,27558,1,TH,1,100,36.140
1715671222.474550,2569265.000,27589,1,TH,1,100,36.147
1715671222.606633,2569391.000,27609,1,TH,1,100,36.195
1715671222.737668,2569516.000,27627,1,TH,1,100,36.195
1715671222.868703,2569641.000,27647,1,TH,1,100,36.134
1715671223.000787,2569767.000,27679,1,TH,1,100,36.134
1715671223.136015,2569896.000,27695,1,TH,1,100,36.161
1715671223.268099,2570022.000,27712,1,TH,1,100,36.161
1715671223.402279,2570150.000,27729,1,TH,1,100,36.078
1715671223.537507,2570279.000,27763,1,TH,1,100,36.078
1715671223.667494,2570403.000,27783,1,TH,1,100,36.110
1715671223.800626,2570530.000,27799,1,TH,1,100,36.110
1715671223.932709,2570656.000,27816,1,TH,1,100,36.156
1715671224.063745,2570781.000,27848,1,TH,1,100,36.156
1715671224.196877,2570908.000,27867,1,TH,1,100,36.142
1715671224.333153,2571038.000,27885,1,TH,1,100,36.142
1715671224.465237,2571164.000,27901,1,TH,1,100,36.126
1715671224.600465,2571293.000,27918,1,TH,1,100,36.126
1715671224.734645,2571421.000,27952,1,TH,1,100,36.156
1715671224.866729,2571547.000,27968,1,TH,1,100,36.156
1715671224.998812,2571673.000,27989,1,TH,1,100,36.209
1715671225.131944,2571800.000,28005,1,TH,1,100,36.209
1715671225.261931,2571924.000,28037,1,TH,1,100,36.145
1715671225.398207,2572054.000,28054,1,TH,1,100,36.145
1715671225.531339,2572181.000,28073,1,TH,1,100,36.094
1715671225.665519,2572309.000,28105,1,TH,1,100,36.094
1715671225.799700,2572437.000,28124,1,TH,1,100,36.131
1715671225.931783,2572563.000,28140,1,TH,1,100,36.131
1715671226.063866,2572689.000,28163,1,TH,1,100,36.073
1715671226.194902,2572814.000,28182,1,TH,1,100,36.073
1715671226.326985,2572940.000,28200,1,TH,1,100,36.180
1715671226.462214,2573069.000,28216,1,TH,1,100,36.180
1715671226.594297,2573195.000,28248,1,TH,1,100,36.119
1715671226.728477,2573323.000,28268,1,TH,1,100,36.119
1715671226.863705,2573452.000,28286,1,TH,1,100,36.113
1715671226.994741,2573577.000,28304,1,TH,1,100,36.113
1715671227.127872,2573704.000,28335,1,TH,1,100,36.122
1715671227.259956,2573830.000,28352,1,TH,1,100,36.122
1715671227.390991,2573955.000,28369,1,TH,1,100,36.163
1715671227.524123,2574082.000,28388,1,TH,1,100,36.163
1715671227.660400,2574212.000,28422,1,TH,1,100,36.117
1715671227.792483,2574338.000,28439,1,TH,1,100,36.117
1715671227.927711,2574467.000,28457,1,TH,1,100,36.186
1715671228.061892,2574595.000,28478,1,TH,1,100,36.186
1715671228.193975,2574721.000,28494,1,TH,1,100,36.195
1715671228.326059,2574847.000,28526,1,TH,1,100,36.195
1715671228.459190,2574974.000,28543,1,TH,1,100,36.122
1715671228.589177,2575098.000,28559,1,TH,1,100,36.122
1715671228.725454,2575228.000,28580,1,TH,1,100,36.094
1715671228.858586,2575355.000,28611,1,TH,1,100,36.094
1715671228.992766,2575483.000,28628,1,TH,1,100,36.195
1715671229.126946,2575611.000,28647,1,TH,1,100,36.195
1715671229.259029,2575737.000,28679,1,TH,1,100,36.154
1715671229.391113,2575863.000,28698,1,TH,1,100,36.154
1715671229.522148,2575988.000,28715,1,TH,1,100,36.216
1715671229.654232,2576114.000,28732,1,TH,1,100,36.216
1715671229.789460,2576243.000,28763,1,TH,1,100,36.172
1715671229.921544,2576369.000,28781,1,TH,1,100,36.172
1715671230.055724,2576497.000,28797,1,TH,1,100,36.209
1715671230.190952,2576626.000,28816,1,TH,1,100,36.209
1715671230.321987,2576751.000,28848,1,TH,1,100,36.145
1715671230.455119,2576878.000,28864,1,TH,1,100,36.145
1715671230.587203,2577004.000,28888,1,TH,1,100,36.122
1715671230.718238,2577129.000,28904,1,TH,1,100,36.122
1715671230.850321,2577255.000,28921,1,TH,1,100,36.101
1715671230.986598,2577385.000,28938,1,TH,1,100,36.101
1715671231.118681,2577511.000,28969,1,TH,1,100,36.152
1715671231.253910,2577640.000,28988,1,TH,1,100,36.152
1715671231.388090,2577768.000,29008,1,TH,1,100,36.159
1715671231.520173,2577894.000,29030,1,TH,1,100,36.159
1715671231.652257,2578020.000,29047,1,TH,1,100,36.157
1715671231.784340,2578146.000,29064,1,TH,1,100,36.157
1715671231.914327,2578270.000,29099,1,TH,1,100,36.106
1715671232.050604,2578400.000,29115,1,TH,1,100,36.106
1715671232.183736,2578527.000,29132,1,TH,1,100,36.182
1715671232.317916,2578655.000,29149,1,TH,1,100,36.182
1715671232.452096,2578783.000,29182,1,TH,1,100,36.090
1715671232.584179,2578909.000,29203,1,TH,1,100,36.090
1715671232.717311,2579036.000,29221,1,TH,1,100,36.138
1715671232.848346,2579161.000,29238,1,TH,1,100,36.138
1715671232.980430,2579287.000,29270,1,TH,1,100,36.211
1715671233.115658,2579416.000,29289,1,TH,1,100,36.211
1715671233.247742,2579542.000,29306,1,TH,1,100,36.131
1715671233.381922,2579670.000,29323,1,TH,1,100,36.131
1715671233.517150,2579799.000,29356,1,TH,1,100,36.175
1715671233.649234,2579925.000,29374,1,TH,1,100,36.175
1715671233.782366,2580052.000,29390,1,TH,1,100,36.097
1715671233.914449,2580178.000,29410,1,TH,1,100,36.097
1715671234.045484,2580303.000,29442,1,TH,1,100,36.170
1715671234.176519,2580428.000,29458,1,TH,1,100,36.170
1715671234.312796,2580558.000,29476,1,TH,1,100,36.223
1715671234.444880,2580684.000,29492,1,TH,1,100,36.223
1715671234.580108,2580813.000,29526,1,TH,1,100,36.136
1715671234.714288,2580941.000,29543,1,TH,1,100,36.136
1715671234.846372,2581067.000,29559,1,TH,1,100,36.124
1715671234.978455,2581193.000,29577,1,TH,1,100,36.124
1715671235.110539,2581319.000,29611,1,TH,1,100,36.136
1715671235.240525,2581443.000,29628,1,TH,1,100,36.136
1715671235.376802,2581573.000,29645,1,TH,1,100,36.157
1715671235.509934,2581700.000,29661,1,TH,1,100,36.157
1715671235.644114,2581828.000,29681,1,TH,1,100,36.163
1715671235.778294,2581956.000,29715,1,TH,1,100,36.163
1715671235.910378,2582082.000,29731,1,TH,1,100,36.170
1715671236.044558,2582210.000,29749,1,TH,1,100,36.170
1715671236.175593,2582335.000,29765,1,TH,1,100,36.103
1715671236.307677,2582461.000,29800,1,TH,1,100,36.103
1715671236.441857,2582589.000,29817,1,TH,1,100,36.152
1715671236.573940,2582715.000,29833,1,TH,1,100,36.159
1715671236.708120,2582843.000,29853,1,TH,1,100,36.148
1715671236.843349,2582972.000,29889,1,TH,1,100,36.148
1715671236.976480,2583099.000,29909,1,TH,1,100,36.175
1715671237.109612,2583226.000,29926,1,TH,1,100,36.168
1715671237.241696,2583352.000,29942,1,TH,1,100,36.166
1715671237.371682,2583476.000,29974,1,TH,1,100,36.173
1715671237.502718,2583601.000,29991,1,TH,1,100,36.143
1715671237.638994,2583731.000,30008,1,TH,1,100,36.143
1715671237.771078,2583857.000,30030,1,TH,1,100,36.148
1715671237.906306,2583986.000,30064,1,TH,1,100,36.148
1715671238.040486,2584114.000,30080,1,TH,1,100,36.242
1715671238.172570,2584240.000,30097,1,TH,1,100,36.242
1715671238.305702,2584367.000,30117,1,TH,1,100,36.196
1715671238.437785,2584493.000,30148,1,TH,1,100,36.196
1715671238.567772,2584617.000,30166,1,TH,1,100,36.150
1715671238.704049,2584747.000,30182,1,TH,1,100,36.150
1715671238.837181,2584874.000,30199,1,TH,1,100,36.145
1715671238.971361,2585002.000,30236,1,TH,1,100,36.145
1715671239.105541,2585130.000,30252,1,TH,1,100,36.292
1715671239.238672,2585257.000,30269,1,TH,1,100,36.292
1715671239.372853,2585385.000,30286,1,TH,1,100,36.120
1715671239.503888,2585510.000,30317,1,TH,1,100,36.120
1715671239.635971,2585636.000,30338,1,TH,1,100,36.122
1715671239.769103,2585763.000,30354,1,TH,1,100,36.122
1715671239.902235,2585890.000,30371,1,TH,1,100,36.148
1715671240.036415,2586018.000,30405,1,TH,1,100,36.148
1715671240.171643,2586147.000,30421,1,TH,1,100,36.210
1715671240.304775,2586274.000,30439,1,TH,1,100,36.210
1715671240.437907,2586401.000,30458,1,TH,1,100,36.226
1715671240.569990,2586527.000,30490,1,TH,1,100,36.226
1715671240.699977,2586651.000,30507,1,TH,1,100,36.141
1715671240.831012,2586776.000,30526,1,TH,1,100,36.141
1715671240.967289,2586906.000,30544,1,TH,1,100,36.228
1715671241.099373,2587032.000,30577,1,TH,1,100,36.228
1715671241.234601,2587161.000,30593,1,TH,1,100,36.141
1715671241.368781,2587289.000,30611,1,TH,1,100,36.141
1715671241.500865,2587415.000,30627,1,TH,1,100,36.136
1715671241.635045,2587543.000,30662,1,TH,1,100,36.136
1715671241.767128,2587669.000,30679,1,TH,1,100,36.118
1715671241.897115,2587793.000,30695,1,TH,1,100,36.118
1715671242.033392,2587923.000,30713,1,TH,1,100,36.191
1715671242.166524,2588050.000,30755,2,TH,1,100,36.191
1715671242.299655,2588177.000,30755,2,TH,1,100,36.113
1715671242.433836,2588305.000,30771,1,TH,1,100,36.113
1715671242.566967,2588432.000,30788,1,TH,1,100,36.187
1715671242.701147,2588560.000,30822,1,TH,1,100,36.187
1715671242.832183,2588685.000,30838,1,TH,1,100,36.090
1715671242.964266,2588811.000,30859,1,TH,1,100,36.090
1715671243.096349,2588937.000,30875,1,TH,1,100,36.122
1715671243.229481,2589064.000,30909,1,TH,1,100,36.122
1715671243.363662,2589192.000,30929,1,TH,1,100,36.095
1715671243.498890,2589321.000,30945,1,TH,1,100,36.095
1715671243.632022,2589448.000,30963,1,TH,1,100,36.251
1715671243.765153,2589575.000,30994,1,TH,1,100,36.251
1715671243.898285,2589702.000,31011,1,TH,1,100,36.216
1715671244.029320,2589827.000,31028,1,TH,1,100,36.216
1715671244.160356,2589952.000,31047,1,TH,1,100,36.201
1715671244.296632,2590082.000,31081,1,TH,1,100,36.201
1715671244.428716,2590208.000,31098,1,TH,1,100,36.164
1715671244.563944,2590337.000,31114,1,TH,1,100,36.164
1715671244.698124,2590465.000,31135,1,TH,1,100,36.187
1715671244.831256,2590592.000,31166,1,TH,1,100,36.187
1715671244.966484,2590721.000,31183,1,TH,1,100,36.173
1715671245.098568,2590847.000,31200,1,TH,1,100,36.173
1715671245.228555,2590971.000,31216,1,TH,1,100,36.203
1715671245.362735,2591099.000,31250,1,TH,1,100,36.203
1715671245.494818,2591225.000,31267,1,TH,1,100,36.102
1715671245.627950,2591352.000,31287,1,TH,1,100,36.102
1715671245.762130,2591480.000,31304,1,TH,1,100,36.132
1715671245.895262,2591607.000,31339,1,TH,1,100,36.132
1715671246.029442,2591735.000,31355,1,TH,1,100,36.228
1715671246.160477,2591860.000,31372,1,TH,1,100,36.228
1715671246.292561,2591986.000,31389,1,TH,1,100,36.113
1715671246.424644,2592112.000,31422,1,TH,1,100,36.113
1715671246.556728,2592238.000,31440,1,TH,1,100,36.099
1715671246.690908,2592366.000,31459,1,TH,1,100,36.099
1715671246.826136,2592495.000,31476,1,TH,1,100,36.187
1715671246.959268,2592622.000,31508,1,TH,1,100,36.187
1715671247.092400,2592749.000,31524,1,TH,1,100,36.113
1715671247.226580,2592877.000,31541,1,TH,1,100,36.113
1715671247.357615,2593002.000,31558,1,TH,1,100,36.212
1715671247.491271,2593129.500,31598,2,TH,1,100,36.212
1715671247.624927,2593257.000,31598,2,TH,1,100,36.090
1715671247.755962,2593382.000,31616,1,TH,1,100,36.090
1715671247.891191,2593511.000,31639,1,TH,1,100,36.095
1715671248.025371,2593639.000,31655,1,TH,1,100,36.095
1715671248.158503,2593766.000,31672,1,TH,1,100,36.198
1715671248.293731,2593895.000,31689,1,TH,1,100,36.198
1715671248.425814,2594021.000,31722,1,TH,1,100,36.155
1715671248.555801,2594145.000,31740,1,TH,1,100,36.155
1715671248.688933,2594272.000,31756,1,TH,1,100,36.173
1715671248.821017,2594398.000,31773,1,TH,1,100,36.180
1715671248.954148,2594525.000,31805,1,TH,1,100,36.180
1715671249.088329,2594653.000,31821,1,TH,1,100,36.173
1715671249.221460,2594780.000,31841,1,TH,1,100,36.196
1715671249.355640,2594908.000,31858,1,TH,1,100,36.196
1715671249.486676,2595033.000,31875,1,TH,1,100,36.148
1715671249.619807,2595160.000,31909,1,TH,1,100,36.155
1715671249.751891,2595286.000,31925,1,TH,1,100,36.123
1715671249.883974,2595412.000,31942,1,TH,1,100,36.116
1715671250.018154,2595540.000,31959,1,TH,1,100,36.127
1715671250.153383,2595669.000,31990,1,TH,1,100,36.127
1715671250.286515,2595796.000,32008,1,TH,1,100,36.120
1715671250.419647,2595923.000,32024,1,TH,1,100,36.120
1715671250.554875,2596052.000,32062,1,TH,1,100,36.249
1715671250.685910,2596177.000,32081,1,TH,1,100,36.256
1715671250.816945,2596302.000,32097,1,TH,1,100,36.155
1715671250.952173,2596431.000,32115,1,TH,1,100,36.148
1715671251.083209,2596556.000,32131,1,TH,1,100,36.164
1715671251.218437,2596685.000,32166,1,TH,1,100,36.171
1715671251.352093,2596812.500,32183,2,TH,1,100,36.238
1715671251.485749,2596940.000,32183,2,TH,1,100,36.238
1715671251.620977,2597069.000,32200,1,TH,1,100,36.132
1715671251.753061,2597195.000,32233,1,TH,1,100,36.132
1715671251.883048,2597319.000,32254,1,TH,1,100,36.256
1715671252.016180,2597446.000,32270,1,TH,1,100,36.256
1715671252.148263,2597572.000,32287,1,TH,1,100,36.153
1715671252.281395,2597699.000,32319,1,TH,1,100,36.153
1715671252.415575,2597827.000,32335,1,TH,1,100,36.139
1715671252.548707,2597954.000,32355,1,TH,1,100,36.132
1715671252.682887,2598082.000,32374,1,TH,1,100,36.203
1715671252.816019,2598209.000,32407,1,TH,1,100,36.210
1715671252.948626,2598335.500,32428,2,TH,1,100,36.141
1715671253.081234,2598462.000,32428,2,TH,1,100,36.141
1715671253.213317,2598588.000,32448,1,TH,1,100,36.213
1715671253.346449,2598715.000,32465,1,TH,1,100,36.213
1715671253.481678,2598844.000,32481,1,TH,1,100,36.160
1715671253.614810,2598971.000,32516,1,TH,1,100,36.160
1715671253.747941,2599098.000,32535,1,TH,1,100,36.114
1715671253.883170,2599227.000,32551,1,TH,1,100,36.114
1715671254.014205,2599352.000,32569,1,TH,1,100,36.130
1715671254.145240,2599477.000,32600,1,TH,1,100,36.130
1715671254.278372,2599604.000,32617,1,TH,1,100,36.222
1715671254.409407,2599729.000,32637,1,TH,1,100,36.222
1715671254.544635,2599858.000,32653,1,TH,1,100,36.181
1715671254.678815,2599986.000,32687,1,TH,1,100,36.181
1715671254.811947,2600113.000,32704,1,TH,1,100,36.190
1715671254.947176,2600242.000,32721,1,TH,1,100,36.190
1715671255.079259,2600368.000,32738,1,TH,1,100,36.199
1715671255.211343,2600494.000,32770,1,TH,1,100,36.199
1715671255.344474,2600621.000,32786,1,TH,1,100,36.250
1715671255.476558,2600747.000,32803,1,TH,1,100,36.250
1715671255.609690,2600874.000,32820,1,TH,1,100,36.206
1715671255.743870,2601002.000,32840,1,TH,1,100,36.206
1715671255.877002,2601129.000,32874,1,TH,1,100,36.130
1715671256.011182,2601257.000,32890,1,TH,1,100,36.130
1715671256.144314,2601384.000,32907,1,TH,1,100,36.240
1715671256.277445,2601511.000,32942,1,TH,1,100,36.240
1715671256.409529,2601637.000,32958,1,TH,1,100,36.204
1715671256.540564,2601762.000,32975,1,TH,1,100,36.204
1715671256.672647,2601888.000,32992,1,TH,1,100,36.146
1715671256.807876,2602017.000,33023,1,TH,1,100,36.146
1715671256.941008,2602144.000,33043,1,TH,1,100,36.164
1715671257.074139,2602271.000,33059,1,TH,1,100,36.164
1715671257.209368,2602400.000,33076,1,TH,1,100,36.130
1715671257.340403,2602525.000,33111,1,TH,1,100,36.130
1715671257.473535,2602652.000,33127,1,TH,1,100,36.181
1715671257.606667,2602779.000,33148,1,TH,1,100,36.181
1715671257.737702,2602904.000,33166,1,TH,1,100,36.231
1715671257.871882,2603032.000,33183,1,TH,1,100,36.231
1715671258.006062,2603160.000,33217,1,TH,1,100,36.169
1715671258.139194,2603287.000,33233,1,TH,1,100,36.169
1715671258.274422,2603416.000,33254,1,TH,1,100,36.128
1715671258.407554,2603543.000,33278,2,TH,1,100,36.128
1715671258.540686,2603670.000,33278,2,TH,1,100,36.208
1715671258.673817,2603797.000,33295,1,TH,1,100,36.208
1715671258.805901,2603923.000,33315,1,TH,1,100,36.149
1715671258.936936,2604048.000,33332,1,TH,1,100,36.149
1715671259.071116,2604176.000,33349,1,TH,1,100,36.172
1715671259.204248,2604303.000,33383,1,TH,1,100,36.172
1715671259.338428,2604431.000,33399,1,TH,1,100,36.174
1715671259.471560,2604558.000,33416,1,TH,1,100,36.174
1715671259.604692,2604685.000,33436,1,TH,1,100,36.174
1715671259.737823,2604812.000,33467,1,TH,1,100,36.174
1715671259.868859,2604937.000,33485,1,TH,1,100,36.181
1715671260.000942,2605063.000,33501,1,TH,1,100,36.181
1715671260.136171,2605192.000,33521,1,TH,1,100,36.155
1715671260.269302,2605319.000,33555,1,TH,1,100,36.155
1715671260.402434,2605446.000,33571,1,TH,1,100,36.116
1715671260.537663,2605575.000,33588,1,TH,1,100,36.116
1715671260.669746,2605701.000,33605,1,TH,1,100,36.213
1715671260.803926,2605829.000,33636,1,TH,1,100,36.220
1715671260.937058,2605956.000,33657,1,TH,1,100,36.183
1715671261.068093,2606081.000,33673,1,TH,1,100,36.183
1715671261.200177,2606207.000,33692,1,TH,1,100,36.206
1715671261.334357,2606335.000,33724,1,TH,1,100,36.206
1715671261.467489,2606462.000,33743,1,TH,1,100,36.193
1715671261.602717,2606591.000,33761,1,TH,1,100,36.193
1715671261.736897,2606719.000,33792,1,TH,1,100,36.183
1715671261.868980,2606845.000,33809,1,TH,1,100,36.183
1715671262.002112,2606972.000,33826,1,TH,1,100,36.229
1715671262.133147,2607097.000,33845,1,TH,1,100,36.229
1715671262.264183,2607222.000,33879,1,TH,1,100,36.206
1715671262.398363,2607350.000,33896,1,TH,1,100,36.206
1715671262.531495,2607477.000,33912,1,TH,1,100,36.158
1715671262.665675,2607605.000,33932,1,TH,1,100,36.158
1715671262.798806,2607732.000,33966,1,TH,1,100,36.163
1715671262.931938,2607859.000,33983,1,TH,1,100,36.163
1715671263.066118,2607987.000,34000,1,TH,1,100,36.202
1715671263.197154,2608112.000,34016,1,TH,1,100,36.202
1715671263.329237,2608238.000,34053,1,TH,1,100,36.264
1715671263.463417,2608366.000,34070,1,TH,1,100,36.264
1715671263.596549,2608493.000,34087,1,TH,1,100,36.119
1715671263.730729,2608621.000,34109,2,TH,1,100,36.119
1715671263.864909,2608749.000,34109,2,TH,1,100,36.174
1715671263.996993,2608875.000,34130,1,TH,1,100,36.174
1715671264.131173,2609003.000,34161,1,TH,1,100,36.142
1715671264.264304,2609130.000,34178,1,TH,1,100,36.142
1715671264.395340,2609255.000,34197,1,TH,1,100,36.204
1715671264.526375,2609380.000,34213,1,TH,1,100,36.204
1715671264.660555,2609508.000,34234,1,TH,1,100,36.213
1715671264.793687,2609635.000,34250,1,TH,1,100,36.213
1715671264.928915,2609764.000,34282,1,TH,1,100,36.232
1715671265.063095,2609892.000,34299,1,TH,1,100,36.232
1715671265.195179,2610018.000,34315,1,TH,1,100,36.165
1715671265.329359,2610146.000,34350,1,TH,1,100,36.165
1715671265.461442,2610272.000,34369,1,TH,1,100,36.108
1715671265.592478,2610397.000,34386,1,TH,1,100,36.108
1715671265.726658,2610525.000,34403,1,TH,1,100,36.248
1715671265.859789,2610652.000,34439,1,TH,1,100,36.248
1715671265.993969,2610780.000,34454,1,TH,1,100,36.206
1715671266.127101,2610907.000,34471,1,TH,1,100,36.206
1715671266.261281,2611035.000,34488,1,TH,1,100,36.234
1715671266.396510,2611164.000,34505,1,TH,1,100,36.234
1715671266.527545,2611289.000,34539,1,TH,1,100,36.271
1715671266.659628,2611415.000,34558,1,TH,1,100,36.271
1715671266.791712,2611541.000,34575,1,TH,1,100,36.193
1715671266.924844,2611668.000,34592,1,TH,1,100,36.193
1715671267.057976,2611795.000,34609,1,TH,1,100,36.238
1715671267.193204,2611924.000,34641,1,TH,1,100,36.238
1715671267.325287,2612050.000,34660,1,TH,1,100,36.195
1715671267.459467,2612178.000,34677,1,TH,1,100,36.195
1715671267.592599,2612305.000,34696,1,TH,1,100,36.156
1715671267.723634,2612430.000,34729,1,TH,1,100,36.156
1715671267.854670,2612555.000,34746,1,TH,1,100,36.128
1715671267.988850,2612683.000,34763,1,TH,1,100,36.128
1715671268.121982,2612810.000,34780,1,TH,1,100,36.108
1715671268.257210,2612939.000,34812,1,TH,1,100,36.108
1715671268.391390,2613067.000,34828,1,TH,1,100,36.223
1715671268.523474,2613193.000,34845,1,TH,1,100,36.223
1715671268.658702,2613322.000,34868,1,TH,1,100,36.190
1715671268.790785,2613448.000,34901,1,TH,1,100,36.190
1715671268.921821,2613573.000,34919,1,TH,1,100,36.198
1715671269.056001,2613701.000,34935,1,TH,1,100,36.198
1715671269.188084,2613827.000,34961,1,TH,1,100,36.269
1715671269.322264,2613955.000,34977,1,TH,1,100,36.269
1715671269.455396,2614082.000,34993,1,TH,1,100,36.209
1715671269.589576,2614210.000,35012,1,TH,1,100,36.209
1715671269.724804,2614339.000,35029,1,TH,1,100,36.158
1715671269.856888,2614465.000,35048,1,TH,1,100,36.158
1715671269.988971,2614591.000,35080,1,TH,1,100,36.165
1715671270.121055,2614717.000,35097,1,TH,1,100,36.165
1715671270.254187,2614844.000,35114,1,TH,1,100,36.170
1715671270.387319,2614971.000,35134,1,TH,1,100,36.170
1715671270.522547,2615100.000,35150,1,TH,1,100,36.186
1715671270.654630,2615226.000,35182,1,TH,1,100,36.186
1715671270.788810,2615354.000,35201,1,TH,1,100,36.177
1715671270.921942,2615481.000,35218,1,TH,1,100,36.177
1715671271.052978,2615606.000,35252,1,TH,1,100,36.168
1715671271.184013,2615731.000,35270,1,TH,1,100,36.168
1715671271.318193,2615859.000,35286,1,TH,1,100,36.198
1715671271.451325,2615986.000,35303,1,TH,1,100,36.198
1715671271.586553,2616115.000,35338,1,TH,1,100,36.236
1715671271.720733,2616243.000,35354,1,TH,1,100,36.236
1715671271.852817,2616369.000,35373,1,TH,1,100,36.195
1715671271.989093,2616499.000,35390,1,TH,1,100,36.195
1715671272.121177,2616625.000,35421,1,TH,1,100,36.236
1715671272.252212,2616750.000,35439,1,TH,1,100,36.244
1715671272.385344,2616877.000,35458,1,TH,1,100,36.156
1715671272.517427,2617003.000,35475,1,TH,1,100,36.149
1715671272.650559,2617130.000,35494,1,TH,1,100,36.246
1715671272.784739,2617258.000,35525,1,TH,1,100,36.246
1715671272.918919,2617386.000,35548,1,TH,1,100,36.229
1715671273.054147,2617515.000,35564,1,TH,1,100,36.237
1715671273.185183,2617640.000,35581,1,TH,1,100,36.292
1715671273.317266,2617766.000,35613,1,TH,1,100,36.292
1715671273.448302,2617891.000,35629,1,TH,1,100,36.294
1715671273.581433,2618018.000,35647,1,TH,1,100,36.294
1715671273.714565,2618145.000,35666,1,TH,1,100,36.212
1715671273.849793,2618274.000,35698,1,TH,1,100,36.212
1715671273.981877,2618400.000,35717,1,TH,1,100,36.225
1715671274.116057,2618528.000,35733,1,TH,1,100,36.225
1715671274.249189,2618655.000,35754,1,TH,1,100,36.239
1715671274.381272,2618781.000,35770,1,TH,1,100,36.239
1715671274.513880,2618907.500,35809,2,TH,1,100,36.317
1715671274.646488,2619034.000,35809,2,TH,1,100,36.317
1715671274.779619,2619161.000,35825,1,TH,1,100,36.230
1715671274.914848,2619290.000,35843,1,TH,1,100,36.230
1715671275.049028,2619418.000,35864,1,TH,1,100,36.290
1715671275.181111,2619544.000,35896,1,TH,1,100,36.290
1715671275.317388,2619674.000,35913,1,TH,1,100,36.269
1715671275.449471,2619800.000,35929,1,TH,1,100,36.269
1715671275.580507,2619925.000,35961,1,TH,1,100,36.207
1715671275.712590,2620051.000,35978,1,TH,1,100,36.207
1715671275.844674,2620177.000,35994,1,TH,1,100,36.265
1715671275.977806,2620304.000,36012,1,TH,1,100,36.265
1715671276.113034,2620433.000,36045,1,TH,1,100,36.248
1715671276.247214,2620561.000,36062,1,TH,1,100,36.248
1715671276.382442,2620690.000,36079,1,TH,1,100,36.257
1715671276.513478,2620815.000,36095,1,TH,1,100,36.257
1715671276.645561,2620941.000,36130,1,TH,1,100,36.230
1715671276.776596,2621066.000,36147,1,TH,1,100,36.230
1715671276.909728,2621193.000,36167,1,TH,1,100,36.191
1715671277.042860,2621320.000,36186,1,TH,1,100,36.191
1715671277.178088,2621449.000,36218,1,TH,1,100,36.216
1715671277.310172,2621575.000,36234,1,TH,1,100,36.216
1715671277.444352,2621703.000,36251,1,TH,1,100,36.168
1715671277.578532,2621831.000,36268,1,TH,1,100,36.168
1715671277.710615,2621957.000,36304,1,TH,1,100,36.104
1715671277.841651,2622082.000,36322,1,TH,1,100,36.104
1715671277.975831,2622210.000,36338,1,TH,1,100,36.212
1715671278.107914,2622336.000,36357,1,TH,1,100,36.212
1715671278.243143,2622465.000,36392,1,TH,1,100,36.237
1715671278.377323,2622593.000,36408,1,TH,1,100,36.237
1715671278.509406,2622719.000,36425,1,TH,1,100,36.189
1715671278.645683,2622849.000,36442,1,TH,1,100,36.189
1715671278.777766,2622975.000,36476,1,TH,1,100,36.223
1715671278.908802,2623100.000,36494,1,TH,1,100,36.223
1715671279.039837,2623225.000,36510,1,TH,1,100,36.198
1715671279.171920,2623351.000,36529,1,TH,1,100,36.198
1715671279.305052,2623478.000,36561,1,TH,1,100,36.207
1715671279.440280,2623607.000,36580,1,TH,1,100,36.207
1715671279.574461,2623735.000,36598,1,TH,1,100,36.200
1715671279.709689,2623864.000,36614,1,TH,1,100,36.200
1715671279.841772,2623990.000,36653,2,TH,1,100,36.205
1715671279.973856,2624116.000,36653,2,TH,1,100,36.205
1715671280.104891,2624241.000,36669,1,TH,1,100,36.205
1715671280.238023,2624368.000,36692,1,TH,1,100,36.205
1715671280.371155,2624495.000,36708,1,TH,1,100,36.246
1715671280.506383,2624624.000,36740,1,TH,1,100,36.246
1715671280.638467,2624750.000,36757,1,TH,1,100,36.260
1715671280.772647,2624878.000,36776,1,TH,1,100,36.260
1715671280.908923,2625008.000,36794,1,TH,1,100,36.228
1715671281.041007,2625134.000,36825,1,TH,1,100,36.228
1715671281.172042,2625259.000,36843,1,TH,1,100,36.200
1715671281.305174,2625386.000,36861,1,TH,1,100,36.200
1715671281.437257,2625512.000,36880,1,TH,1,100,36.173
1715671281.572486,2625641.000,36912,1,TH,1,100,36.173
1715671281.706666,2625769.000,36929,1,TH,1,100,36.232
1715671281.838749,2625895.000,36945,1,TH,1,100,36.232
1715671281.975026,2626025.000,36963,1,TH,1,100,36.189
1715671282.107110,2626151.000,36997,1,TH,1,100,36.189
1715671282.238145,2626276.000,37014,1,TH,1,100,36.205
1715671282.369180,2626401.000,37033,1,TH,1,100,36.205
1715671282.501263,2626527.000,37049,1,TH,1,100,36.171
1715671282.635443,2626655.000,37087,2,TH,1,100,36.171
1715671282.769624,2626783.000,37087,2,TH,1,100,36.299
1715671282.903804,2626911.000,37104,1,TH,1,100,36.306
1715671283.039032,2627040.000,37121,1,TH,1,100,36.189
1715671283.171115,2627166.000,37137,1,TH,1,100,36.182
1715671283.305295,2627294.000,37155,1,TH,1,100,36.228
1715671283.436331,2627419.000,37188,1,TH,1,100,36.228
1715671283.569463,2627546.000,37205,1,TH,1,100,36.228
1715671283.702594,2627673.000,37222,1,TH,1,100,36.228
1715671283.837823,2627802.000,37238,1,TH,1,100,36.249
1715671283.969906,2627928.000,37273,1,TH,1,100,36.249
1715671284.104086,2628056.000,37290,1,TH,1,100,36.191
1715671284.240363,2628186.000,37307,1,TH,1,100,36.198
1715671284.372447,2628312.000,37340,1,TH,1,100,36.240
1715671284.503482,2628437.000,37361,1,TH,1,100,36.240
1715671284.634517,2628562.000,37377,1,TH,1,100,36.253
1715671284.766600,2628688.000,37394,1,TH,1,100,36.253
1715671284.901829,2628817.000,37411,1,TH,1,100,36.290
1715671285.036009,2628945.000,37442,1,TH,1,100,36.283
1715671285.168092,2629071.000,37459,1,TH,1,100,36.219
1715671285.302273,2629199.000,37485,2,TH,1,100,36.226
1715671285.436453,2629327.000,37485,2,TH,1,100,36.210
1715671285.568536,2629453.000,37504,1,TH,1,100,36.210
1715671285.699571,2629578.000,37521,1,TH,1,100,36.247
1715671285.831655,2629704.000,37556,1,TH,1,100,36.247
1715671285.963738,2629830.000,37572,1,TH,1,100,36.258
1715671286.098967,2629959.000,37589,1,TH,1,100,36.258
1715671286.233147,2630087.000,37606,1,TH,1,100,36.249
1715671286.368375,2630216.000,37639,1,TH,1,100,36.249
1715671286.501507,2630343.000,37660,1,TH,1,100,36.297
1715671286.635687,2630471.000,37676,1,TH,1,100,36.297
1715671286.766722,2630596.000,37693,1,TH,1,100,36.185
1715671286.898806,2630722.000,37710,1,TH,1,100,36.185
1715671287.030889,2630848.000,37741,1,TH,1,100,36.219
1715671287.166117,2630977.000,37762,1,TH,1,100,36.219
1715671287.298201,2631103.000,37778,1,TH,1,100,36.178
1715671287.432381,2631231.000,37795,1,TH,1,100,36.178
1715671287.568658,2631361.000,37831,1,TH,1,100,36.203
1715671287.700741,2631487.000,37847,1,TH,1,100,36.203
1715671287.832825,2631613.000,37864,1,TH,1,100,36.217
1715671287.963860,2631738.000,37884,1,TH,1,100,36.217
1715671288.095943,2631864.000,37915,1,TH,1,100,36.258
1715671288.231172,2631993.000,37933,1,TH,1,100,36.258
1715671288.365352,2632121.000,37949,1,TH,1,100,36.187
1715671288.497436,2632247.000,37969,1,TH,1,100,36.187
1715671288.633712,2632377.000,38003,1,TH,1,100,36.143
1715671288.766844,2632504.000,38019,1,TH,1,100,36.143
1715671288.899976,2632631.000,38037,1,TH,1,100,36.281
1715671289.031011,2632756.000,38053,1,TH,1,100,36.281
1715671289.163095,2632882.000,38088,1,TH,1,100,36.297
1715671289.294130,2633007.000,38105,1,TH,1,100,36.297
1715671289.429358,2633136.000,38121,1,TH,1,100,36.251
1715671289.563538,2633264.000,38141,1,TH,1,100,36.251
1715671289.698766,2633393.000,38175,1,TH,1,100,36.231
1715671289.830850,2633519.000,38191,1,TH,1,100,36.231
1715671289.965030,2633647.000,38209,1,TH,1,100,36.226
1715671290.096065,2633772.000,38225,1,TH,1,100,36.226
1715671290.226052,2633896.000,38257,1,TH,1,100,36.215
1715671290.358136,2634022.000,38274,1,TH,1,100,36.215
1715671290.493364,2634151.000,38293,1,TH,1,100,36.279
1715671290.625448,2634277.000,38313,1,TH,1,100,36.279
1715671290.759628,2634405.000,38335,1,TH,1,100,36.295
1715671290.895904,2634535.000,38352,1,TH,1,100,36.295
1715671291.027988,2634661.000,38369,1,TH,1,100,36.219
1715671291.162168,2634789.000,38385,1,TH,1,100,36.219
1715671291.293203,2634914.000,38417,1,TH,1,100,36.256
1715671291.425287,2635040.000,38434,1,TH,1,100,36.256
1715671291.559467,2635168.000,38451,1,TH,1,100,36.281
1715671291.693647,2635296.000,38473,1,TH,1,100,36.281
1715671291.825730,2635422.000,38505,1,TH,1,100,36.235
1715671291.962007,2635552.000,38521,1,TH,1,100,36.235
1715671292.095139,2635679.000,38538,1,TH,1,100,36.219
1715671292.228271,2635806.000,38555,1,TH,1,100,36.219
1715671292.359306,2635931.000,38589,1,TH,1,100,36.256
1715671292.490341,2636056.000,38607,1,TH,1,100,36.256
1715671292.620328,2636180.000,38627,1,TH,1,100,36.261
1715671292.755556,2636309.000,38644,1,TH,1,100,36.261
1715671292.889736,2636437.000,38676,1,TH,1,100,36.203
1715671293.024965,2636566.000,38695,1,TH,1,100,36.203
1715671293.157048,2636692.000,38712,1,TH,1,100,36.249
1715671293.291228,2636820.000,38729,1,TH,1,100,36.249
1715671293.424360,2636947.000,38760,1,TH,1,100,36.236
1715671293.554347,2637071.000,38781,1,TH,1,100,36.243
1715671293.686430,2637197.000,38799,1,TH,1,100,36.224
1715671293.821659,2637326.000,38816,1,TH,1,100,36.217
1715671293.953742,2637452.000,38848,1,TH,1,100,36.192
1715671294.087922,2637580.000,38864,1,TH,1,100,36.192
1715671294.224199,2637710.000,38882,1,TH,1,100,36.190
1715671294.356282,2637836.000,38898,1,TH,1,100,36.190
1715671294.491511,2637965.000,38933,1,TH,1,100,36.311
1715671294.622546,2638090.000,38950,1,TH,1,100,36.319
1715671294.754630,2638216.000,38968,1,TH,1,100,36.192
1715671294.886713,2638342.000,38986,1,TH,1,100,36.192
1715671295.020893,2638470.000,39017,1,TH,1,100,36.257
1715671295.152977,2638596.000,39034,1,TH,1,100,36.249
1715671295.289253,2638726.000,39051,1,TH,1,100,36.222
1715671295.422385,2638853.000,39067,1,TH,1,100,36.229
1715671295.555517,2638980.000,39102,1,TH,1,100,36.238
1715671295.686552,2639105.000,39119,1,TH,1,100,36.238
1715671295.818636,2639231.000,39137,1,TH,1,100,36.298
1715671295.948623,2639355.000,39155,1,TH,1,100,36.298
1715671296.083851,2639484.000,39178,1,TH,1,100,36.280
1715671296.218031,2639612.000,39195,2,TH,1,100,36.280
1715671296.352211,2639740.000,39195,2,TH,1,100,36.243
1715671296.486391,2639868.000,39227,1,TH,1,100,36.243
1715671296.620571,2639996.000,39244,1,TH,1,100,36.268
1715671296.755800,2640125.000,39262,1,TH,1,100,36.268
1715671296.885787,2640249.000,39283,1,TH,1,100,36.257
1715671297.017870,2640375.000,39299,1,TH,1,100,36.257
1715671297.152050,2640503.000,39331,1,TH,1,100,36.259
1715671297.283085,2640628.000,39348,1,TH,1,100,36.259
1715671297.417265,2640756.000,39367,1,TH,1,100,36.243
1715671297.553542,2640886.000,39385,1,TH,1,100,36.243
1715671297.685626,2641012.000,39418,1,TH,1,100,36.229
1715671297.820854,2641141.000,39434,1,TH,1,100,36.229
1715671297.951889,2641266.000,39454,1,TH,1,100,36.346
1715671298.082924,2641391.000,39488,1,TH,1,100,36.346
1715671298.215008,2641517.000,39505,1,TH,1,100,36.286
1715671298.349188,2641645.000,39522,1,TH,1,100,36.286
1715671298.481272,2641771.000,39538,1,TH,1,100,36.277
1715671298.617548,2641901.000,39573,1,TH,1,100,36.277
1715671298.750680,2642028.000,39590,1,TH,1,100,36.289
1715671298.883812,2642155.000,39609,1,TH,1,100,36.289
1715671299.016944,2642282.000,39626,1,TH,1,100,36.312
1715671299.149027,2642408.000,39658,1,TH,1,100,36.312
1715671299.279014,2642532.000,39674,1,TH,1,100,36.204
1715671299.414243,2642661.000,39694,1,TH,1,100,36.204
1715671299.547374,2642788.000,39711,1,TH,1,100,36.206
1715671299.681554,2642916.000,39728,1,TH,1,100,36.206
1715671299.814686,2643043.000,39760,1,TH,1,100,36.197
1715671299.948866,2643171.000,39781,1,TH,1,100,36.197
1715671300.084095,2643300.000,39798,1,TH,1,100,36.229
1715671300.214082,2643424.000,39815,1,TH,1,100,36.229
1715671300.346165,2643550.000,39846,1,TH,1,100,36.284
1715671300.478248,2643676.000,39863,1,TH,1,100,36.284
1715671300.609284,2643801.000,39880,1,TH,1,100,36.268
1715671300.743464,2643929.000,39900,1,TH,1,100,36.268
1715671300.879740,2644059.000,39932,1,TH,1,100,36.206
1715671301.011824,2644185.000,39950,1,TH,1,100,36.206
1715671301.147052,2644314.000,39967,1,TH,1,100,36.192
1715671301.278087,2644439.000,39987,1,TH,1,100,36.192
1715671301.410171,2644565.000,40010,2,TH,1,100,36.222
1715671301.542254,2644691.000,40010,2,TH,1,100,36.222
1715671301.676435,2644819.000,40026,1,TH,1,100,36.199
1715671301.808518,2644945.000,40043,1,TH,1,100,36.199
1715671301.944795,2645075.000,40078,1,TH,1,100,36.296
1715671302.077926,2645202.000,40096,1,TH,1,100,36.296
1715671302.211058,2645329.000,40114,1,TH,1,100,36.261
1715671302.345238,2645457.000,40130,1,TH,1,100,36.261
1715671302.477322,2645583.000,40165,1,TH,1,100,36.215
1715671302.607309,2645707.000,40184,1,TH,1,100,36.215
1715671302.741489,2645835.000,40200,1,TH,1,100,36.252
1715671302.874621,2645962.000,40218,1,TH,1,100,36.252
1715671303.008801,2646090.000,40249,1,TH,1,100,36.197
1715671303.141932,2646217.000,40267,1,TH,1,100,36.197
1715671303.276113,2646345.000,40285,1,TH,1,100,36.234
1715671303.411341,2646474.000,40304,1,TH,1,100,36.234
1715671303.541328,2646598.000,40336,1,TH,1,100,36.333
1715671303.673411,2646724.000,40353,1,TH,1,100,36.332
1715671303.805495,2646850.000,40369,1,TH,1,100,36.266
1715671303.936530,2646975.000,40390,1,TH,1,100,36.266
1715671304.070710,2647103.000,40421,1,TH,1,100,36.234
1715671304.206987,2647233.000,40440,1,TH,1,100,36.234
1715671304.339070,2647359.000,40457,1,TH,1,100,36.238
1715671304.474299,2647488.000,40473,1,TH,1,100,36.245
1715671304.607430,2647615.000,40508,1,TH,1,100,36.312
1715671304.739514,2647741.000,40525,1,TH,1,100,36.312
1715671304.871598,2647867.000,40542,1,TH,1,100,36.285
1715671305.005778,2647995.000,40559,1,TH,1,100,36.277
1715671305.135765,2648119.000,40593,1,TH,1,100,36.287
1715671305.272041,2648249.000,40609,1,TH,1,100,36.294
1715671305.405173,2648376.000,40626,1,TH,1,100,36.245
1715671305.538305,2648503.000,40643,1,TH,1,100,36.245
1715671305.672485,2648631.000,40674,1,TH,1,100,36.280
1715671305.804568,2648757.000,40692,1,TH,1,100,36.280
1715671305.934555,2648881.000,40711,1,TH,1,100,36.262
1715671306.066639,2649007.000,40728,1,TH,1,100,36.262
1715671306.199771,2649134.000,40762,1,TH,1,100,36.340
1715671306.333951,2649262.000,40778,1,TH,1,100,36.332
1715671306.467083,2649389.000,40798,1,TH,1,100,36.232
1715671306.601263,2649517.000,40815,1,TH,1,100,36.239
1715671306.736491,2649646.000,40832,1,TH,1,100,36.248
1715671306.866478,2649770.000,40855,1,TH,1,100,36.248
1715671306.999610,2649897.000,40871,1,TH,1,100,36.220
1715671307.131693,2650023.000,40891,1,TH,1,100,36.220
1715671307.262728,2650148.000,40910,1,TH,1,100,36.149
1715671307.395860,2650275.000,40941,1,TH,1,100,36.149
1715671307.532137,2650405.000,40961,1,TH,1,100,36.225
1715671307.664220,2650531.000,40977,1,TH,1,100,36.225
1715671307.799449,2650660.000,40997,1,TH,1,100,36.195
1715671307.933629,2650788.000,41029,1,TH,1,100,36.195
1715671308.065712,2650914.000,41045,1,TH,1,100,36.243
1715671308.197796,2651040.000,41063,1,TH,1,100,36.243
1715671308.330928,2651167.000,41081,1,TH,1,100,36.175
1715671308.460915,2651291.000,41101,1,TH,1,100,36.175
1715671308.597191,2651421.000,41133,1,TH,1,100,36.207
1715671308.730323,2651548.000,41149,1,TH,1,100,36.207
1715671308.863455,2651675.000,41167,1,TH,1,100,36.211
1715671308.997635,2651803.000,41201,1,TH,1,100,36.211
1715671309.129718,2651929.000,41218,1,TH,1,100,36.195
1715671309.261802,2652055.000,41235,1,TH,1,100,36.195
1715671309.393885,2652181.000,41253,1,TH,1,100,36.268
1715671309.527017,2652308.000,41271,1,TH,1,100,36.268
1715671309.661197,2652436.000,41305,1,TH,1,100,36.255
1715671309.794329,2652563.000,41321,1,TH,1,100,36.255
1715671309.928509,2652691.000,41339,1,TH,1,100,36.248
1715671310.063737,2652820.000,41355,1,TH,1,100,36.248
1715671310.195821,2652946.000,41390,1,TH,1,100,36.321
1715671310.328953,2653073.000,41407,1,TH,1,100,36.321
1715671310.461036,2653199.000,41425,1,TH,1,100,36.276
1715671310.592072,2653324.000,41457,1,TH,1,100,36.276
1715671310.723107,2653449.000,41474,1,TH,1,100,36.292
1715671310.859383,2653579.000,41491,1,TH,1,100,36.292
1715671310.991467,2653705.000,41511,1,TH,1,100,36.278
1715671311.126695,2653834.000,41527,1,TH,1,100,36.278
1715671311.260875,2653962.000,41561,1,TH,1,100,36.255
1715671311.392959,2654088.000,41578,1,TH,1,100,36.255
1715671311.525042,2654214.000,41595,1,TH,1,100,36.335
1715671311.657126,2654340.000,41615,1,TH,1,100,36.335
1715671311.787113,2654464.000,41647,1,TH,1,100,36.232
1715671311.923389,2654594.000,41663,1,TH,1,100,36.232
1715671312.056521,2654721.000,41680,1,TH,1,100,36.271
1715671312.189653,2654848.000,41700,1,TH,1,100,36.271
1715671312.323833,2654976.000,41720,1,TH,1,100,36.285
1715671312.455917,2655102.000,41739,1,TH,1,100,36.285
1715671312.589048,2655229.000,41758,1,TH,1,100,36.292
1715671312.721132,2655355.000,41777,1,TH,1,100,36.292
1715671312.854264,2655482.000,41795,1,TH,1,100,36.281
1715671312.987396,2655609.000,41811,1,TH,1,100,36.281
1715671313.120527,2655736.000,41843,1,TH,1,100,36.312
1715671313.254707,2655864.000,41860,1,TH,1,100,36.312
1715671313.389936,2655993.000,41878,1,TH,1,100,36.271
1715671313.523067,2656120.000,41896,1,TH,1,100,36.271
1715671313.656199,2656247.000,41930,1,TH,1,100,36.218
1715671313.787235,2656372.000,41948,2,TH,1,100,36.218
1715671313.918270,2656497.000,41948,2,TH,1,100,36.301
1715671314.049305,2656622.000,41967,1,TH,1,100,36.301
1715671314.185582,2656752.000,41985,1,TH,1,100,36.228
1715671314.317665,2656878.000,42003,1,TH,1,100,36.228
1715671314.452893,2657007.000,42020,1,TH,1,100,36.239
1715671314.587074,2657135.000,42052,1,TH,1,100,36.239
1715671314.719157,2657261.000,42071,1,TH,1,100,36.228
1715671314.853337,2657389.000,42089,1,TH,1,100,36.228
1715671314.985421,2657515.000,42105,1,TH,1,100,36.251
1715671315.115407,2657639.000,42122,1,TH,1,100,36.258
1715671315.251684,2657769.000,42157,1,TH,1,100,36.145
1715671315.384816,2657896.000,42175,1,TH,1,100,36.138
1715671315.517948,2658023.000,42193,1,TH,1,100,36.269
1715671315.652128,2658151.000,42209,1,TH,1,100,36.276
1715671315.785260,2658278.000,42241,1,TH,1,100,36.308
1715671315.918391,2658405.000,42258,1,TH,1,100,36.301
1715671316.050475,2658531.000,42274,1,TH,1,100,36.296
1715671316.183607,2658658.000,42295,1,TH,1,100,36.304
1715671316.314642,2658783.000,42328,1,TH,1,100,36.267
1715671316.447774,2658910.000,42344,1,TH,1,100,36.267
1715671316.581954,2659038.000,42362,1,TH,1,100,36.244
1715671316.717182,2659167.000,42381,1,TH,1,100,36.244
1715671316.850314,2659294.000,42413,1,TH,1,100,36.313
1715671316.983446,2659421.000,42430,1,TH,1,100,36.313
1715671317.115529,2659547.000,42446,1,TH,1,100,36.301
1715671317.246565,2659672.000,42464,1,TH,1,100,36.301
1715671317.377600,2659797.000,42500,1,TH,1,100,36.244
1715671317.511780,2659925.000,42525,2,TH,1,100,36.237
1715671317.645960,2660053.000,42525,2,TH,1,100,36.235
1715671317.781188,2660182.000,42541,1,TH,1,100,36.242
1715671317.915368,2660310.000,42559,1,TH,1,100,36.290
1715671318.047452,2660436.000,42593,1,TH,1,100,36.290
1715671318.182680,2660565.000,42610,1,TH,1,100,36.327
1715671318.314764,2660691.000,42627,1,TH,1,100,36.327
1715671318.444751,2660815.000,42645,1,TH,1,100,36.297
1715671318.579979,2660944.000,42677,1,TH,1,100,36.297
1715671318.712063,2661070.000,42697,1,TH,1,100,36.214
1715671318.845194,2661197.000,42714,1,TH,1,100,36.214
1715671318.979374,2661325.000,42731,1,TH,1,100,36.235
1715671319.112506,2661452.000,42763,1,TH,1,100,36.235
1715671319.245638,2661579.000,42782,1,TH,1,100,36.318
1715671319.377722,2661705.000,42801,1,TH,1,100,36.318
1715671319.509805,2661831.000,42818,1,TH,1,100,36.311
1715671319.640840,2661956.000,42849,1,TH,1,100,36.311
1715671319.773972,2662083.000,42867,1,TH,1,100,36.244
1715671319.908152,2662211.000,42886,1,TH,1,100,36.244
1715671320.043380,2662340.000,42903,1,TH,1,100,36.254
1715671320.176512,2662467.000,42935,1,TH,1,100,36.254
1715671320.309644,2662594.000,42951,1,TH,1,100,36.216
1715671320.442776,2662721.000,42973,1,TH,1,100,36.216
1715671320.573811,2662846.000,42990,1,TH,1,100,36.329
1715671320.704846,2662971.000,43021,1,TH,1,100,36.329
1715671320.841123,2663101.000,43039,1,TH,1,100,36.302
1715671320.973207,2663227.000,43055,1,TH,1,100,36.302
1715671321.108435,2663356.000,43072,1,TH,1,100,36.320
1715671321.242615,2663484.000,43107,1,TH,1,100,36.320
1715671321.375747,2663611.000,43123,1,TH,1,100,36.320
1715671321.510975,2663740.000,43143,1,TH,1,100,36.320
1715671321.643059,2663866.000,43174,1,TH,1,100,36.242
1715671321.773046,2663990.000,43194,1,TH,1,100,36.242
1715671321.907226,2664118.000,43211,1,TH,1,100,36.267
1715671322.039309,2664244.000,43227,1,TH,1,100,36.267
1715671322.172441,2664371.000,43245,1,TH,1,100,36.269
1715671322.306621,2664499.000,43276,1,TH,1,100,36.269
1715671322.439753,2664626.000,43292,1,TH,1,100,36.231
1715671322.572885,2664753.000,43317,1,TH,1,100,36.231
1715671322.704968,2664879.000,43333,1,TH,1,100,36.249
1715671322.836527,2665004.500,43371,2,TH,1,100,36.249
1715671322.968087,2665130.000,43371,2,TH,1,100,36.274
1715671323.101218,2665257.000,43391,1,TH,1,100,36.274
1715671323.235399,2665385.000,43408,1,TH,1,100,36.242
1715671323.370627,2665514.000,43424,1,TH,1,100,36.242
1715671323.503759,2665641.000,43444,1,TH,1,100,36.304
1715671323.636891,2665768.000,43475,1,TH,1,100,36.304
1715671323.771071,2665896.000,43494,1,TH,1,100,36.325
1715671323.902106,2666021.000,43512,1,TH,1,100,36.325
1715671324.033141,2666146.000,43528,1,TH,1,100,36.251
1715671324.169418,2666276.000,43560,1,TH,1,100,36.251
1715671324.300453,2666401.000,43580,1,TH,1,100,36.297
1715671324.435681,2666530.000,43596,1,TH,1,100,36.297
1715671324.569861,2666658.000,43616,1,TH,1,100,36.288
1715671324.702993,2666785.000,43647,1,TH,1,100,36.288
1715671324.838222,2666914.000,43664,1,TH,1,100,36.242
1715671324.970305,2667040.000,43681,1,TH,1,100,36.242
1715671325.100292,2667164.000,43697,1,TH,1,100,36.244
1715671325.233424,2667291.000,43732,1,TH,1,100,36.251
1715671325.365507,2667417.000,43749,1,TH,1,100,36.256
1715671325.498639,2667544.000,43766,1,TH,1,100,36.256
1715671325.632819,2667672.000,43783,1,TH,1,100,36.332
1715671325.765951,2667799.000,43817,1,TH,1,100,36.325
1715671325.899083,2667926.000,43833,1,TH,1,100,36.306
1715671326.031166,2668052.000,43850,1,TH,1,100,36.306
1715671326.164298,2668179.000,43867,1,TH,1,100,36.237
1715671326.295333,2668304.000,43904,1,TH,1,100,36.245
1715671326.429513,2668432.000,43922,1,TH,1,100,36.309
1715671326.563693,2668560.000,43940,1,TH,1,100,36.309
1715671326.697874,2668688.000,43957,1,TH,1,100,36.334
1715671326.832054,2668816.000,43974,1,TH,1,100,36.327
1715671326.965185,2668943.000,44008,1,TH,1,100,36.254
1715671327.100414,2669072.000,44025,1,TH,1,100,36.261
1715671327.231449,2669197.000,44042,1,TH,1,100,36.385
1715671327.362484,2669322.000,44059,1,TH,1,100,36.385
1715671327.497713,2669451.000,44093,1,TH,1,100,36.243
1715671327.628748,2669576.000,44114,1,TH,1,100,36.243
1715671327.763976,2669705.000,44131,1,TH,1,100,36.238
1715671327.898156,2669833.000,44148,1,TH,1,100,36.231
1715671328.031288,2669960.000,44179,1,TH,1,100,36.309
1715671328.166516,2670089.000,44197,1,TH,1,100,36.309
1715671328.298600,2670215.000,44221,1,TH,1,100,36.185
1715671328.428587,2670339.000,44239,1,TH,1,100,36.192
1715671328.561718,2670466.000,44257,1,TH,1,100,36.293
1715671328.693802,2670592.000,44274,1,TH,1,100,36.293
1715671328.826934,2670719.000,44291,1,TH,1,100,36.336
1715671328.961114,2670847.000,44308,1,TH,1,100,36.336
1715671329.094246,2670974.000,44343,1,TH,1,100,36.277
1715671329.227377,2671101.000,44359,1,TH,1,100,36.277
1715671329.360509,2671228.000,44376,1,TH,1,100,36.268
1715671329.493641,2671355.000,44393,1,TH,1,100,36.268
1715671329.624676,2671480.000,44429,1,TH,1,100,36.284
1715671329.757808,2671607.000,44447,1,TH,1,100,36.284
1715671329.890940,2671734.000,44463,1,TH,1,100,36.222
1715671330.025120,2671862.000,44480,1,TH,1,100,36.222
1715671330.158252,2671989.000,44512,1,TH,1,100,36.371
1715671330.291384,2672116.000,44531,1,TH,1,100,36.371
1715671330.426612,2672245.000,44548,1,TH,1,100,36.293
1715671330.557647,2672370.000,44565,1,TH,1,100,36.293
1715671330.688682,2672495.000,44601,1,TH,1,100,36.275
1715671330.822862,2672623.000,44619,1,TH,1,100,36.275
1715671330.953898,2672748.000,44635,1,TH,1,100,36.284
1715671331.089126,2672877.000,44652,1,TH,1,100,36.284
1715671331.223306,2673005.000,44684,1,TH,1,100,36.229
1715671331.356438,2673132.000,44700,1,TH,1,100,36.229
1715671331.491666,2673261.000,44721,1,TH,1,100,36.316
1715671331.623750,2673387.000,44737,1,TH,1,100,36.316
1715671331.754785,2673512.000,44771,1,TH,1,100,36.250
1715671331.887917,2673639.000,44788,1,TH,1,100,36.250
1715671332.020000,2673765.000,44807,1,TH,1,100,36.275
1715671332.153132,2673892.000,44825,1,TH,1,100,36.275
1715671332.287312,2674020.000,44856,1,TH,1,100,36.348
1715671332.420444,2674147.000,44873,1,TH,1,100,36.348
1715671332.553576,2674274.000,44892,1,TH,1,100,36.307
1715671332.687756,2674402.000,44910,1,TH,1,100,36.307
1715671332.820888,2674529.000,44931,1,TH,1,100,36.330
1715671332.951923,2674654.000,44962,1,TH,1,100,36.330
1715671333.085055,2674781.000,44978,1,TH,1,100,36.357
1715671333.217138,2674907.000,44996,1,TH,1,100,36.357
1715671333.351318,2675035.000,45012,1,TH,1,100,36.304
1715671333.484450,2675162.000,45047,1,TH,1,100,36.304
1715671333.618630,2675290.000,45071,2,TH,1,100,36.309
1715671333.752810,2675418.000,45071,2,TH,1,100,36.309
1715671333.883845,2675543.000,45088,1,TH,1,100,36.323
1715671334.014881,2675668.000,45119,1,TH,1,100,36.323
1715671334.148012,2675795.000,45140,1,TH,1,100,36.284
1715671334.279048,2675920.000,45156,1,TH,1,100,36.284
1715671334.414276,2676049.000,45173,1,TH,1,100,36.300
1715671334.548456,2676177.000,45205,1,TH,1,100,36.300
1715671334.681588,2676304.000,45226,1,TH,1,100,36.399
1715671334.816816,2676433.000,45244,1,TH,1,100,36.399
1715671334.948900,2676559.000,45260,1,TH,1,100,36.204
1715671335.080983,2676685.000,45292,1,TH,1,100,36.204
1715671335.214115,2676812.000,45309,1,TH,1,100,36.364
1715671335.346199,2676938.000,45328,1,TH,1,100,36.364
1715671335.479330,2677065.000,45346,1,TH,1,100,36.284
1715671335.613510,2677193.000,45362,1,TH,1,100,36.284
1715671335.746642,2677320.000,45396,1,TH,1,100,36.339
1715671335.879774,2677447.000,45416,1,TH,1,100,36.339
1715671336.015002,2677576.000,45432,1,TH,1,100,36.330
1715671336.148134,2677703.000,45450,1,TH,1,100,36.337
1715671336.279169,2677828.000,45481,1,TH,1,100,36.229
1715671336.411253,2677954.000,45498,1,TH,1,100,36.229
1715671336.543336,2678080.000,45515,1,TH,1,100,36.335
1715671336.677516,2678208.000,45533,1,TH,1,100,36.335
1715671336.810648,2678335.000,45568,1,TH,1,100,36.280
1715671336.943780,2678462.000,45585,1,TH,1,100,36.273
1715671337.079008,2678591.000,45601,1,TH,1,100,36.266
1715671337.210044,2678716.000,45622,1,TH,1,100,36.273
1715671337.342127,2678842.000,45638,1,TH,1,100,36.213
1715671337.475259,2678969.000,45672,1,TH,1,100,36.213
1715671337.606294,2679094.000,45689,1,TH,1,100,36.317
1715671337.741523,2679223.000,45707,1,TH,1,100,36.317
1715671337.875703,2679351.000,45725,1,TH,1,100,36.301
1715671338.008834,2679478.000,45759,1,TH,1,100,36.301
1715671338.144063,2679607.000,45776,1,TH,1,100,36.358
1715671338.277194,2679734.000,45793,1,TH,1,100,36.358
1715671338.409278,2679860.000,45828,1,TH,1,100,36.284
1715671338.542410,2679987.000,45844,1,TH,1,100,36.284
1715671338.674493,2680113.000,45863,1,TH,1,100,36.317
1715671338.806577,2680239.000,45880,1,TH,1,100,36.317
1715671338.940757,2680367.000,45897,1,TH,1,100,36.310
1715671339.073889,2680494.000,45918,1,TH,1,100,36.310
1715671339.207021,2680621.000,45936,1,TH,1,100,36.395
1715671339.342249,2680750.000,45955,1,TH,1,100,36.395
1715671339.475381,2680877.000,45987,1,TH,1,100,36.339
1715671339.606416,2681002.000,46006,1,TH,1,100,36.340
1715671339.738499,2681128.000,46022,1,TH,1,100,36.287
1715671339.870583,2681254.000,46043,1,TH,1,100,36.287
1715671340.004763,2681382.000,46059,1,TH,1,100,36.264
1715671340.137895,2681509.000,46091,1,TH,1,100,36.264
1715671340.271027,2681636.000,46108,1,TH,1,100,36.294
1715671340.406255,2681765.000,46124,1,TH,1,100,36.294
1715671340.537290,2681890.000,46145,1,TH,1,100,36.310
1715671340.670422,2682017.000,46178,1,TH,1,100,36.310
1715671340.803554,2682144.000,46195,1,TH,1,100,36.376
1715671340.934589,2682269.000,46212,1,TH,1,100,36.376
1715671341.068769,2682397.000,46231,1,TH,1,100,36.282
1715671341.202949,2682525.000,46263,1,TH,1,100,36.282
1715671341.336081,2682652.000,46280,1,TH,1,100,36.303
1715671341.471309,2682781.000,46297,1,TH,1,100,36.303
1715671341.605489,2682909.000,46330,1,TH,1,100,36.337
1715671341.737573,2683035.000,46348,1,TH,1,100,36.337
1715671341.870705,2683162.000,46367,1,TH,1,100,36.326
1715671342.002788,2683288.000,46384,1,TH,1,100,36.326
1715671342.133823,2683413.000,46416,1,TH,1,100,36.211
1715671342.268003,2683541.000,46432,1,TH,1,100,36.211
1715671342.401135,2683668.000,46452,1,TH,1,100,36.259
1715671342.534267,2683795.000,46471,1,TH,1,100,36.259
1715671342.669495,2683924.000,46504,1,TH,1,100,36.315
1715671342.802627,2684051.000,46522,1,TH,1,100,36.314
1715671342.934711,2684177.000,46538,1,TH,1,100,36.349
1715671343.066794,2684303.000,46555,1,TH,1,100,36.349
1715671343.198878,2684429.000,46590,1,TH,1,100,36.296
1715671343.333058,2684557.000,46606,1,TH,1,100,36.296
1715671343.466190,2684684.000,46624,1,TH,1,100,36.271
1715671343.599321,2684811.000,46640,1,TH,1,100,36.271
1715671343.734550,2684940.000,46674,1,TH,1,100,36.294
1715671343.866633,2685066.000,46694,1,TH,1,100,36.294
1715671344.000813,2685194.000,46710,1,TH,1,100,36.333
1715671344.133945,2685321.000,46728,1,TH,1,100,36.333
1715671344.264980,2685446.000,46744,1,TH,1,100,36.344
1715671344.398112,2685573.000,46765,1,TH,1,100,36.344
1715671344.532292,2685701.000,46786,1,TH,1,100,36.356
1715671344.665424,2685828.000,46802,1,TH,1,100,36.356
1715671344.800128,2685956.500,46823,2,TH,1,100,36.324
1715671344.934832,2686085.000,46823,2,TH,1,100,36.324
1715671345.066916,2686211.000,46840,1,TH,1,100,36.353
1715671345.200048,2686338.000,46856,1,TH,1,100,36.353
1715671345.331083,2686463.000,46872,1,TH,1,100,36.349
1715671345.462118,2686588.000,46890,1,TH,1,100,36.356
1715671345.596298,2686716.000,46908,1,TH,1,100,36.356
1715671345.729430,2686843.000,46928,1,TH,1,100,36.349
1715671345.862562,2686970.000,46960,1,TH,1,100,36.374
1715671345.997790,2687099.000,46976,1,TH,1,100,36.374
1715671346.130922,2687226.000,46994,1,TH,1,100,36.276
1715671346.264054,2687353.000,47013,1,TH,1,100,36.276
1715671346.396137,2687479.000,47045,1,TH,1,100,36.347
1715671346.528221,2687605.000,47062,1,TH,1,100,36.347
1715671346.662401,2687733.000,47080,1,TH,1,100,36.292
1715671346.795533,2687860.000,47098,1,TH,1,100,36.292
1715671346.928664,2687987.000,47114,1,TH,1,100,36.310
1715671347.063893,2688116.000,47131,1,TH,1,100,36.310
1715671347.195976,2688242.000,47166,1,TH,1,100,36.287
1715671347.330156,2688370.000,47182,1,TH,1,100,36.294
1715671347.463288,2688497.000,47200,1,TH,1,100,36.336
1715671347.594323,2688622.000,47218,1,TH,1,100,36.336
1715671347.725359,2688747.000,47252,1,TH,1,100,36.317
1715671347.859539,2688875.000,47269,1,TH,1,100,36.317
1715671347.992671,2689002.000,47285,1,TH,1,100,36.336
1715671348.127899,2689131.000,47303,1,TH,1,100,36.328
1715671348.262079,2689259.000,47337,1,TH,1,100,36.319
1715671348.394162,2689385.000,47354,1,TH,1,100,36.326
1715671348.527294,2689512.000,47371,1,TH,1,100,36.345
1715671348.659378,2689638.000,47389,1,TH,1,100,36.345
1715671348.790413,2689763.000,47424,1,TH,1,100,36.374
1715671348.924069,2689890.500,47441,2,TH,1,100,36.374
1715671349.057725,2690018.000,47441,2,TH,1,100,36.331
1715671349.190857,2690145.000,47458,1,TH,1,100,36.331
1715671349.326085,2690274.000,47489,1,TH,1,100,36.230
1715671349.459217,2690401.000,47507,1,TH,1,100,36.230
1715671349.593397,2690529.000,47526,1,TH,1,100,36.349
1715671349.726529,2690656.000,47551,1,TH,1,100,36.349
1715671349.858612,2690782.000,47568,1,TH,1,100,36.294
1715671349.991744,2690909.000,47583,1,TH,1,100,36.294
1715671350.124876,2691036.000,47604,1,TH,1,100,36.349
1715671350.258008,2691163.000,47620,1,TH,1,100,36.349
1715671350.392188,2691291.000,47637,1,TH,1,100,36.338
1715671350.525319,2691418.000,47669,1,TH,1,100,36.338
1715671350.659499,2691546.000,47687,1,TH,1,100,36.345
1715671350.792631,2691673.000,47705,1,TH,1,100,36.345
1715671350.923666,2691798.000,47724,1,TH,1,100,36.267
1715671351.054702,2691923.000,47741,1,TH,1,100,36.267
1715671351.188882,2692051.000,47758,1,TH,1,100,36.294
1715671351.322014,2692178.000,47775,1,TH,1,100,36.294
1715671351.457242,2692307.000,47810,1,TH,1,100,36.361
1715671351.591422,2692435.000,47826,1,TH,1,100,36.361
1715671351.723505,2692561.000,47845,1,TH,1,100,36.253
1715671351.857686,2692689.000,47877,1,TH,1,100,36.253
1715671351.989769,2692815.000,47893,1,TH,1,100,36.313
1715671352.120804,2692940.000,47914,1,TH,1,100,36.313
1715671352.254984,2693068.000,47930,1,TH,1,100,36.352
1715671352.388116,2693195.000,47962,1,TH,1,100,36.352
1715671352.521248,2693322.000,47981,1,TH,1,100,36.244
1715671352.656476,2693451.000,48000,1,TH,1,100,36.244
1715671352.790656,2693579.000,48020,1,TH,1,100,36.322
1715671352.924836,2693707.000,48036,1,TH,1,100,36.322
1715671353.057968,2693834.000,48053,1,TH,1,100,36.207
1715671353.190052,2693960.000,48070,1,TH,1,100,36.207
1715671353.322135,2694086.000,48104,1,TH,1,100,36.317
1715671353.455267,2694213.000,48122,1,TH,1,100,36.317
1715671353.588399,2694340.000,48138,1,TH,1,100,36.262
1715671353.722579,2694468.000,48157,1,TH,1,100,36.262
1715671353.855711,2694595.000,48174,1,TH,1,100,36.395
1715671353.989891,2694723.000,48208,1,TH,1,100,36.395
1715671354.123023,2694850.000,48226,1,TH,1,100,36.260
1715671354.254058,2694975.000,48242,1,TH,1,100,36.260
1715671354.385093,2695100.000,48259,1,TH,1,100,36.276
1715671354.519273,2695228.000,48291,1,TH,1,100,36.276
1715671354.652405,2695355.000,48312,1,TH,1,100,36.295
1715671354.787633,2695484.000,48330,1,TH,1,100,36.295
1715671354.921813,2695612.000,48346,1,TH,1,100,36.347
1715671355.054945,2695739.000,48387,3,TH,1,100,36.347
1715671355.188077,2695866.000,48387,3,TH,1,100,36.361
1715671355.321209,2695993.000,48387,3,TH,1,100,36.361
1715671355.452244,2696118.000,48404,1,TH,1,100,36.354
1715671355.585376,2696245.000,48421,1,TH,1,100,36.354
1715671355.717459,2696371.000,48439,1,TH,1,100,36.299
1715671355.850591,2696498.000,48457,1,TH,1,100,36.299
1715671355.985819,2696627.000,48473,1,TH,1,100,36.368
1715671356.119999,2696755.000,48505,1,TH,1,100,36.368
1715671356.254179,2696883.000,48525,1,TH,1,100,36.373
1715671356.386263,2697009.000,48541,1,TH,1,100,36.373
1715671356.518347,2697135.000,48562,1,TH,1,100,36.361
1715671356.648334,2697259.000,48578,1,TH,1,100,36.368
1715671356.781465,2697386.000,48612,1,TH,1,100,36.297
1715671356.914597,2697513.000,48629,1,TH,1,100,36.290
1715671357.048777,2697641.000,48645,1,TH,1,100,36.320
1715671357.181909,2697768.000,48666,1,TH,1,100,36.320
1715671357.316089,2697896.000,48682,1,TH,1,100,36.343
1715671357.449221,2698023.000,48700,1,TH,1,100,36.350
1715671357.581304,2698149.000,48718,1,TH,1,100,36.306
1715671357.712340,2698274.000,48738,1,TH,1,100,36.306
1715671357.846520,2698402.000,48757,1,TH,1,100,36.315
1715671357.979651,2698529.000,48788,1,TH,1,100,36.315
1715671358.114880,2698658.000,48806,1,TH,1,100,36.366
1715671358.249060,2698786.000,48822,1,TH,1,100,36.366
1715671358.381143,2698912.000,48854,1,TH,1,100,36.341
1715671358.517420,2699042.000,48874,1,TH,1,100,36.341
1715671358.649503,2699168.000,48890,1,TH,1,100,36.318
1715671358.780539,2699293.000,48908,1,TH,1,100,36.318
1715671358.912622,2699419.000,48941,1,TH,1,100,36.320
1715671359.044706,2699545.000,48958,1,TH,1,100,36.320
1715671359.178886,2699673.000,48979,3,TH,1,100,36.258
1715671359.313066,2699801.000,48979,3,TH,1,100,36.258
1715671359.447246,2699929.000,48979,3,TH,1,100,36.350
1715671359.581077,2700056.667,49002,3,TH,1,100,36.350
1715671359.714907,2700184.333,49002,3,TH,1,100,36.415
1715671359.848738,2700312.000,49002,3,TH,1,100,36.415
1715671359.979773,2700437.000,49020,2,TH,1,100,36.325
1715671360.110808,2700562.000,49020,2,TH,1,100,36.325
1715671360.242892,2700688.000,49036,1,TH,1,100,36.302
1715671360.377072,2700816.000,49057,2,TH,1,100,36.302
1715671360.511252,2700944.000,49057,2,TH,1,100,36.302
1715671360.645432,2701072.000,49079,1,TH,1,100,36.302
1715671360.779612,2701200.000,49096,1,TH,1,100,36.373
1715671360.911696,2701326.000,49115,1,TH,1,100,36.373
1715671361.042731,2701451.000,49135,1,TH,1,100,36.403
1715671361.176911,2701579.000,49152,1,TH,1,100,36.403
1715671361.308995,2701705.000,49168,1,TH,1,100,36.309
1715671361.444223,2701834.000,49200,1,TH,1,100,36.309
1715671361.578403,2701962.000,49217,1,TH,1,100,36.348
1715671361.710486,2702088.000,49236,1,TH,1,100,36.348
1715671361.846763,2702218.000,49254,1,TH,1,100,36.309
1715671361.978847,2702344.000,49287,1,TH,1,100,36.309
1715671362.109882,2702469.000,49304,1,TH,1,100,36.336
1715671362.240917,2702594.000,49321,1,TH,1,100,36.336
1715671362.373001,2702720.000,49340,1,TH,1,100,36.417
1715671362.506132,2702847.000,49374,1,TH,1,100,36.417
1715671362.641361,2702976.000,49391,1,TH,1,100,36.343
1715671362.775541,2703104.000,49408,1,TH,1,100,36.343
1715671362.909721,2703232.000,49444,1,TH,1,100,36.355
1715671363.041804,2703358.000,49462,1,TH,1,100,36.355
1715671363.174936,2703485.000,49478,1,TH,1,100,36.293
1715671363.304923,2703609.000,49495,1,TH,1,100,36.293
1715671363.438055,2703736.000,49527,1,TH,1,100,36.345
1715671363.571187,2703863.000,49543,1,TH,1,100,36.345
1715671363.705367,2703991.000,49563,1,TH,1,100,36.394
1715671363.839547,2704119.000,49580,1,TH,1,100,36.394
1715671363.973727,2704247.000,49613,1,TH,1,100,36.407
1715671364.108955,2704376.000,49631,1,TH,1,100,36.407
1715671364.241039,2704502.000,49647,1,TH,1,100,36.357
1715671364.372074,2704627.000,49664,1,TH,1,100,36.357
1715671364.505206,2704754.000,49696,1,TH,1,100,36.371
1715671364.637289,2704880.000,49712,1,TH,1,100,36.371
1715671364.772518,2705009.000,49730,1,TH,1,100,36.364
1715671364.906698,2705137.000,49746,1,TH,1,100,36.364
1715671365.038781,2705263.000,49768,1,TH,1,100,36.387
1715671365.175058,2705393.000,49800,1,TH,1,100,36.387
1715671365.307141,2705519.000,49816,1,TH,1,100,36.288
1715671365.438177,2705644.000,49834,1,TH,1,100,36.288
1715671365.569212,2705769.000,49853,1,TH,1,100,36.373
1715671365.701295,2705895.000,49885,1,TH,1,100,36.373
1715671365.834427,2706022.000,49902,1,TH,1,100,36.320
1715671365.969131,2706150.500,49927,2,TH,1,100,36.320
1715671366.103836,2706279.000,49927,2,TH,1,100,36.371
1715671366.238016,2706407.000,49946,1,TH,1,100,36.378
1715671366.370099,2706533.000,49963,1,TH,1,100,36.348
1715671366.504279,2706661.000,49995,1,TH,1,100,36.341
1715671366.634266,2706785.000,50011,1,TH,1,100,36.378
1715671366.767398,2706912.000,50032,1,TH,1,100,36.378
1715671366.899482,2707038.000,50048,1,TH,1,100,36.304
1715671367.033662,2707166.000,50082,1,TH,1,100,36.304
1715671367.167842,2707294.000,50099,1,TH,1,100,36.263
1715671367.302022,2707422.000,50115,1,TH,1,100,36.270
1715671367.438298,2707552.000,50133,1,TH,1,100,36.360
1715671367.570382,2707678.000,50169,1,TH,1,100,36.360
1715671367.701417,2707803.000,50185,1,TH,1,100,36.353
1715671367.833501,2707929.000,50203,1,TH,1,100,36.353
1715671367.965584,2708055.000,50219,1,TH,1,100,36.309
1715671368.100812,2708184.000,50253,1,TH,1,100,36.309
1715671368.234993,2708312.000,50270,1,TH,1,100,36.300
1715671368.367076,2708438.000,50286,1,TH,1,100,36.300
1715671368.503353,2708568.000,50304,1,TH,1,100,36.373
1715671368.635436,2708694.000,50335,1,TH,1,100,36.373
1715671368.766471,2708819.000,50358,1,TH,1,100,36.314
1715671368.897507,2708944.000,50375,1,TH,1,100,36.314
1715671369.029590,2709070.000,50393,1,TH,1,100,36.413
1715671369.162722,2709197.000,50411,1,TH,1,100,36.413
1715671369.297950,2709326.000,50445,1,TH,1,100,36.307
1715671369.432130,2709454.000,50462,1,TH,1,100,36.307
1715671369.566310,2709582.000,50479,1,TH,1,100,36.385
1715671369.700490,2709710.000,50495,1,TH,1,100,36.385
1715671369.834671,2709838.000,50513,1,TH,1,100,36.447
1715671369.964658,2709962.000,50544,1,TH,1,100,36.447
1715671370.097789,2710089.000,50566,1,TH,1,100,36.426
1715671370.228825,2710214.000,50583,1,TH,1,100,36.426
1715671370.363005,2710342.000,50599,1,TH,1,100,36.277
1715671370.497185,2710470.000,50631,1,TH,1,100,36.277
1715671370.631365,2710598.000,50648,1,TH,1,100,36.376
1715671370.767642,2710728.000,50668,1,TH,1,100,36.376
1715671370.899725,2710854.000,50685,1,TH,1,100,36.310
1715671371.030760,2710979.000,50717,1,TH,1,100,36.310
1715671371.161795,2711104.000,50735,1,TH,1,100,36.373
1715671371.293879,2711230.000,50752,1,TH,1,100,36.373
1715671371.429107,2711359.000,50776,1,TH,1,100,36.348
1715671371.563287,2711487.000,50792,1,TH,1,100,36.348
1715671371.695371,2711613.000,50810,1,TH,1,100,36.371
1715671371.831647,2711743.000,50826,1,TH,1,100,36.371
1715671371.963731,2711869.000,50843,1,TH,1,100,36.381
1715671372.095814,2711995.000,50877,1,TH,1,100,36.381
1715671372.226850,2712120.000,50893,1,TH,1,100,36.362
1715671372.358933,2712246.000,50910,1,TH,1,100,36.362
1715671372.492065,2712373.000,50929,1,TH,1,100,36.376
1715671372.627293,2712502.000,50963,1,TH,1,100,36.376
1715671372.761473,2712630.000,50981,1,TH,1,100,36.337
1715671372.895653,2712758.000,50997,1,TH,1,100,36.337
1715671373.028785,2712885.000,51016,1,TH,1,100,36.282
1715671373.162965,2713013.000,51036,1,TH,1,100,36.282
1715671373.292952,2713137.000,51067,1,TH,1,100,36.417
1715671373.426084,2713264.000,51085,1,TH,1,100,36.417
1715671373.557119,2713389.000,51101,1,TH,1,100,36.360
1715671373.691299,2713517.000,51118,1,TH,1,100,36.360
1715671373.825480,2713645.000,51137,1,TH,1,100,36.360
1715671373.959660,2713773.000,51171,1,TH,1,100,36.360
1715671374.094888,2713902.000,51189,1,TH,1,100,36.298
1715671374.226971,2714028.000,51205,1,TH,1,100,36.298
1715671374.358007,2714153.000,51237,1,TH,1,100,36.326
1715671374.489042,2714278.000,51257,1,TH,1,100,36.326
1715671374.621125,2714404.000,51273,1,TH,1,100,36.344
1715671374.756354,2714533.000,51293,1,TH,1,100,36.344
1715671374.890534,2714661.000,51324,1,TH,1,100,36.351
1715671375.022617,2714787.000,51341,1,TH,1,100,36.351
1715671375.158894,2714917.000,51358,1,TH,1,100,36.330
1715671375.290977,2715043.000,51377,1,TH,1,100,36.330
1715671375.424109,2715170.000,51411,1,TH,1,100,36.365
1715671375.555145,2715295.000,51428,1,TH,1,100,36.365
1715671375.687228,2715421.000,51448,1,TH,1,100,36.390
1715671375.819312,2715547.000,51465,1,TH,1,100,36.397
1715671375.954540,2715676.000,51481,1,TH,1,100,36.404
1715671376.088720,2715804.000,51513,1,TH,1,100,36.397
1715671376.222900,2715932.000,51532,1,TH,1,100,36.346
1715671376.356032,2716059.000,51548,1,TH,1,100,36.346
1715671376.490212,2716187.000,51566,1,TH,1,100,36.367
1715671376.620199,2716311.000,51585,1,TH,1,100,36.374
1715671376.751758,2716436.500,51623,2,TH,1,100,36.363
1715671376.883318,2716562.000,51623,2,TH,1,100,36.363
1715671377.017498,2716690.000,51642,1,TH,1,100,36.299
1715671377.151678,2716818.000,51660,1,TH,1,100,36.291
1715671377.285858,2716946.000,51676,1,TH,1,100,36.314
1715671377.421086,2717075.000,51712,1,TH,1,100,36.322
1715671377.553170,2717201.000,51729,1,TH,1,100,36.402
1715671377.684729,2717326.500,51747,2,TH,1,100,36.402
1715671377.816288,2717452.000,51747,2,TH,1,100,36.475
1715671377.948372,2717578.000,51766,1,TH,1,100,36.475
1715671378.083600,2717707.000,51784,1,TH,1,100,36.326
1715671378.217780,2717835.000,51815,1,TH,1,100,36.326
1715671378.349864,2717961.000,51832,1,TH,1,100,36.372
1715671378.486140,2718091.000,51849,1,TH,1,100,36.372
1715671378.619272,2718218.000,51867,1,TH,1,100,36.326
1715671378.752404,2718345.000,51902,1,TH,1,100,36.326
1715671378.883439,2718470.000,51919,1,TH,1,100,36.436
1715671379.015523,2718596.000,51938,1,TH,1,100,36.436
1715671379.146558,2718721.000,51956,1,TH,1,100,36.452
1715671379.281786,2718850.000,51972,1,TH,1,100,36.452
1715671379.415967,2718978.000,52004,1,TH,1,100,36.347
1715671379.550147,2719106.000,52026,1,TH,1,100,36.347
1715671379.683278,2719233.000,52043,1,TH,1,100,36.363
1715671379.817458,2719361.000,52060,1,TH,1,100,36.363
1715671379.947445,2719485.000,52076,1,TH,1,100,36.347
1715671380.078481,2719610.000,52094,1,TH,1,100,36.347
1715671380.209516,2719735.000,52110,1,TH,1,100,36.388
1715671380.343696,2719863.000,52145,1,TH,1,100,36.388
1715671380.477876,2719991.000,52162,1,TH,1,100,36.434
1715671380.612056,2720119.000,52180,1,TH,1,100,36.434
1715671380.747284,2720248.000,52198,1,TH,1,100,36.273
1715671380.879368,2720374.000,52232,1,TH,1,100,36.273
1715671381.013548,2720502.000,52249,1,TH,1,100,36.381
1715671381.144583,2720627.000,52266,1,TH,1,100,36.381
1715671381.276667,2720753.000,52282,1,TH,1,100,36.365
1715671381.410847,2720881.000,52314,1,TH,1,100,36.365
1715671381.545027,2721009.000,52334,1,TH,1,100,36.395
1715671381.677110,2721135.000,52350,1,TH,1,100,36.395
1715671381.813387,2721265.000,52370,1,TH,1,100,36.390
1715671381.946519,2721392.000,52386,1,TH,1,100,36.390
1715671382.079651,2721519.000,52404,1,TH,1,100,36.372
1715671382.210686,2721644.000,52429,1,TH,1,100,36.372
1715671382.341721,2721769.000,52446,1,TH,1,100,36.354
1715671382.471708,2721893.000,52465,1,TH,1,100,36.354
1715671382.606936,2722022.000,52481,1,TH,1,100,36.363
1715671382.741117,2722150.000,52499,1,TH,1,100,36.363
1715671382.875297,2722278.000,52535,1,TH,1,100,36.333
1715671383.008428,2722405.000,52552,1,TH,1,100,36.333
1715671383.142608,2722533.000,52569,1,TH,1,100,36.381
1715671383.273644,2722658.000,52585,1,TH,1,100,36.381
1715671383.404679,2722783.000,52603,1,TH,1,100,36.356
1715671383.535714,2722908.000,52637,1,TH,1,100,36.356
1715671383.669894,2723036.000,52654,1,TH,1,100,36.505
1715671383.804074,2723164.000,52671,1,TH,1,100,36.505
1715671383.938254,2723292.000,52689,1,TH,1,100,36.347
1715671384.072434,2723420.000,52707,1,TH,1,100,36.347
1715671384.205566,2723547.000,52726,1,TH,1,100,36.388
1715671384.340795,2723676.000,52758,1,TH,1,100,36.388
1715671384.471830,2723801.000,52775,1,TH,1,100,36.386
1715671384.603913,2723927.000,52791,1,TH,1,100,36.386
1715671384.737045,2724054.000,52812,1,TH,1,100,36.292
1715671384.871225,2724182.000,52828,1,TH,1,100,36.292
1715671385.003309,2724308.000,52862,1,TH,1,100,36.469
1715671385.139585,2724438.000,52879,1,TH,1,100,36.469
1715671385.272717,2724565.000,52895,1,TH,1,100,36.400
1715671385.405849,2724692.000,52930,1,TH,1,100,36.400
1715671385.536884,2724817.000,52947,1,TH,1,100,36.397
1715671385.667919,2724942.000,52963,1,TH,1,100,36.397
1715671385.797906,2725066.000,52981,1,TH,1,100,36.333
1715671385.933135,2725195.000,52999,1,TH,1,100,36.333
1715671386.067315,2725323.000,53017,1,TH,1,100,36.427
1715671386.201495,2725451.000,53033,1,TH,1,100,36.427
1715671386.335675,2725579.000,53065,1,TH,1,100,36.384
1715671386.469855,2725707.000,53082,1,TH,1,100,36.391
1715671386.601938,2725833.000,53098,1,TH,1,100,36.368
1715671386.732974,2725958.000,53116,1,TH,1,100,36.368
1715671386.864009,2726083.000,53150,1,TH,1,100,36.368
1715671386.998189,2726211.000,53168,1,TH,1,100,36.368
1715671387.131321,2726338.000,53186,1,TH,1,100,36.402
1715671387.265501,2726466.000,53202,1,TH,1,100,36.395
1715671387.399681,2726594.000,53239,1,TH,1,100,36.434
1715671387.533861,2726722.000,53259,2,TH,1,100,36.441
1715671387.668041,2726850.000,53259,2,TH,1,100,36.435
1715671387.799076,2726975.000,53276,1,TH,1,100,36.435
1715671387.931160,2727101.000,53311,2,TH,1,100,36.370
1715671388.063243,2727227.000,53311,2,TH,1,100,36.370
1715671388.197423,2727355.000,53330,1,TH,1,100,36.377
1715671388.329507,2727481.000,53362,1,TH,1,100,36.377
1715671388.465784,2727611.000,53378,1,TH,1,100,36.421
1715671388.598915,2727738.000,53398,1,TH,1,100,36.421
1715671388.732047,2727865.000,53415,1,TH,1,100,36.458
1715671388.863082,2727990.000,53446,1,TH,1,100,36.458
1715671388.995166,2728116.000,53464,1,TH,1,100,36.478
1715671389.125153,2728240.000,53482,1,TH,1,100,36.478
1715671389.260381,2728369.000,53502,1,TH,1,100,36.448
1715671389.394561,2728497.000,53519,1,TH,1,100,36.448
1715671389.528741,2728625.000,53550,1,TH,1,100,36.327
1715671389.661873,2728752.000,53567,1,TH,1,100,36.327
1715671389.796053,2728880.000,53584,1,TH,1,100,36.373
1715671389.929185,2729007.000,53604,1,TH,1,100,36.373
1715671390.060220,2729132.000,53621,1,TH,1,100,36.409
1715671390.191255,2729257.000,53638,1,TH,1,100,36.409
1715671390.325435,2729385.000,53656,1,TH,1,100,36.382
1715671390.458567,2729512.000,53688,1,TH,1,100,36.382
1715671390.592747,2729640.000,53708,1,TH,1,100,36.430
1715671390.726928,2729768.000,53725,1,TH,1,100,36.430
1715671390.860059,2729895.000,53756,1,TH,1,100,36.460
1715671390.995288,2730024.000,53774,1,TH,1,100,36.460
1715671391.126323,2730149.000,53793,1,TH,1,100,36.375
1715671391.258406,2730275.000,53810,1,TH,1,100,36.375
1715671391.390490,2730401.000,53829,1,TH,1,100,36.341
1715671391.524670,2730529.000,53860,1,TH,1,100,36.341
1715671391.656753,2730655.000,53878,1,TH,1,100,36.418
1715671391.793030,2730785.000,53894,1,TH,1,100,36.418
1715671391.926162,2730912.000,53914,1,TH,1,100,36.405
1715671392.058595,2731038.333,53932,3,TH,1,100,36.405
1715671392.191028,2731164.667,53932,3,TH,1,100,36.350
1715671392.323461,2731291.000,53932,3,TH,1,100,36.350
1715671392.456942,2731418.333,53958,3,TH,1,100,36.373
1715671392.590423,2731545.667,53958,3,TH,1,100,36.373
1715671392.723904,2731673.000,53958,3,TH,1,100,36.331
1715671392.858434,2731801.333,53981,3,TH,1,100,36.331
1715671392.992963,2731929.667,53981,3,TH,1,100,36.423
1715671393.127493,2732058.000,53981,3,TH,1,100,36.423
1715671393.256431,2732181.000,54000,1,TH,1,100,36.347
1715671393.386418,2732305.000,54018,1,TH,1,100,36.347
1715671393.517454,2732430.000,54036,1,TH,1,100,36.384
1715671393.651634,2732558.000,54053,1,TH,1,100,36.384
1715671393.784765,2732685.000,54073,1,TH,1,100,36.364
1715671393.918946,2732813.000,54090,1,TH,1,100,36.364
1715671394.053126,2732941.000,54122,1,TH,1,100,36.350
1715671394.186257,2733068.000,54138,1,TH,1,100,36.350
1715671394.321486,2733197.000,54155,1,TH,1,100,36.407
1715671394.452521,2733322.000,54187,1,TH,1,100,36.407
1715671394.584605,2733448.000,54208,1,TH,1,100,36.382
1715671394.716688,2733574.000,54226,1,TH,1,100,36.382
1715671394.850868,2733702.000,54242,1,TH,1,100,36.398
1715671394.985048,2733830.000,54278,2,TH,1,100,36.398
1715671395.119228,2733958.000,54278,2,TH,1,100,36.375
1715671395.252360,2734085.000,54309,1,TH,1,100,36.375
1715671395.385492,2734212.000,54327,1,TH,1,100,36.325
1715671395.516527,2734337.000,54343,1,TH,1,100,36.325
1715671395.648611,2734463.000,54380,1,TH,1,100,36.361
1715671395.778598,2734587.000,54397,1,TH,1,100,36.361
1715671395.913826,2734716.000,54413,1,TH,1,100,36.352
1715671396.048006,2734844.000,54431,1,TH,1,100,36.360
1715671396.182186,2734972.000,54462,1,TH,1,100,36.474
1715671396.315318,2735099.000,54482,1,TH,1,100,36.474
1715671396.449498,2735227.000,54499,1,TH,1,100,36.350
1715671396.583678,2735355.000,54515,1,TH,1,100,36.343
1715671396.714713,2735480.000,54549,1,TH,1,100,36.403
1715671396.845748,2735605.000,54566,1,TH,1,100,36.410
1715671396.978880,2735732.000,54586,1,TH,1,100,36.373
1715671397.112012,2735859.000,54603,1,TH,1,100,36.366
1715671397.246192,2735987.000,54619,1,TH,1,100,36.393
1715671397.380372,2736115.000,54653,1,TH,1,100,36.393
1715671397.513504,2736242.000,54673,1,TH,1,100,36.341
1715671397.648732,2736371.000,54689,1,TH,1,100,36.341
1715671397.779768,2736496.000,54709,1,TH,1,100,36.416
1715671397.910803,2736621.000,54740,1,TH,1,100,36.416
1715671398.042886,2736747.000,54757,1,TH,1,100,36.352
1715671398.177066,2736875.000,54774,1,TH,1,100,36.352
1715671398.309150,2737001.000,54790,1,TH,1,100,36.338
1715671398.445426,2737131.000,54816,1,TH,1,100,36.346
1715671398.578558,2737258.000,54832,1,TH,1,100,36.362
1715671398.711690,2737385.000,54850,1,TH,1,100,36.362
1715671398.844822,2737512.000,54871,1,TH,1,100,36.426
1715671398.976905,2737638.000,54888,1,TH,1,100,36.426
1715671399.106892,2737762.000,54920,1,TH,1,100,36.323
1715671399.242121,2737891.000,54936,1,TH,1,100,36.323
1715671399.375252,2738018.000,54954,1,TH,1,100,36.419
1715671399.509433,2738146.000,54970,1,TH,1,100,36.419
1715671399.642564,2738273.000,55005,1,TH,1,100,36.419
1715671399.776744,2738401.000,55022,1,TH,1,100,36.419
1715671399.910924,2738529.000,55038,1,TH,1,100,36.380
1715671400.041960,2738654.000,55058,1,TH,1,100,36.380
1715671400.172995,2738779.000,55092,1,TH,1,100,36.396
1715671400.304030,2738904.000,55109,1,TH,1,100,36.396
1715671400.437162,2739031.000,55126,1,TH,1,100,36.428
1715671400.571342,2739159.000,55142,1,TH,1,100,36.428
1715671400.705522,2739287.000,55174,1,TH,1,100,36.458
1715671400.838654,2739414.000,55191,1,TH,1,100,36.458
1715671400.973882,2739543.000,55210,1,TH,1,100,36.433
1715671401.104918,2739668.000,55230,1,TH,1,100,36.433
1715671401.237001,2739794.000,55261,1,TH,1,100,36.403
1715671401.369085,2739920.000,55281,1,TH,1,100,36.403
1715671401.503265,2740048.000,55298,1,TH,1,100,36.417
1715671401.635348,2740174.000,55314,1,TH,1,100,36.417
1715671401.771625,2740304.000,55332,1,TH,1,100,36.431
1715671401.904757,2740431.000,55363,1,TH,1,100,36.431
1715671402.037888,2740558.000,55382,1,TH,1,100,36.412
1715671402.172068,2740686.000,55402,1,TH,1,100,36.412
1715671402.304152,2740812.000,55418,1,TH,1,100,36.467
1715671402.434139,2740936.000,55452,1,TH,1,100,36.467
1715671402.568319,2741064.000,55469,1,TH,1,100,36.357
1715671402.701451,2741191.000,55486,1,TH,1,100,36.357
1715671402.835631,2741319.000,55503,1,TH,1,100,36.360
1715671402.969811,2741447.000,55535,1,TH,1,100,36.360
1715671403.103991,2741575.000,55551,1,TH,1,100,36.470
1715671403.238171,2741703.000,55570,1,TH,1,100,36.470
1715671403.369206,2741828.000,55602,1,TH,1,100,36.499
1715671403.500242,2741953.000,55618,1,TH,1,100,36.499
1715671403.631277,2742078.000,55635,1,TH,1,100,36.449
1715671403.764933,2742205.500,55661,2,TH,1,100,36.449
1715671403.898589,2742333.000,55661,2,TH,1,100,36.422
1715671404.032769,2742461.000,55679,1,TH,1,100,36.422
1715671404.165900,2742588.000,55700,1,TH,1,100,36.339
1715671404.301129,2742717.000,55716,1,TH,1,100,36.339
1715671404.433212,2742843.000,55734,1,TH,1,100,36.380
1715671404.565296,2742969.000,55765,1,TH,1,100,36.380
1715671404.697379,2743095.000,55785,1,TH,1,100,36.445
1715671404.831559,2743223.000,55802,1,TH,1,100,36.445
1715671404.962595,2743348.000,55818,1,TH,1,100,36.378
1715671405.098871,2743478.000,55850,1,TH,1,100,36.378
1715671405.232003,2743605.000,55869,1,TH,1,100,36.380
1715671405.365135,2743732.000,55889,1,TH,1,100,36.380
1715671405.499315,2743860.000,55906,1,TH,1,100,36.412
1715671405.631398,2743986.000,55938,1,TH,1,100,36.412
1715671405.761385,2744110.000,55954,1,TH,1,100,36.362
1715671405.894517,2744237.000,55971,1,TH,1,100,36.362
1715671406.027649,2744364.000,55991,1,TH,1,100,36.417
1715671406.161829,2744492.000,56022,1,TH,1,100,36.417
1715671406.294961,2744619.000,56041,1,TH,1,100,36.399
1715671406.429141,2744747.000,56058,1,TH,1,100,36.399
1715671406.563321,2744875.000,56092,1,TH,1,100,36.449
1715671406.694356,2745000.000,56110,1,TH,1,100,36.449
1715671406.826440,2745126.000,56126,1,TH,1,100,36.426
1715671406.957475,2745251.000,56143,1,TH,1,100,36.426
1715671407.090607,2745378.000,56160,1,TH,1,100,36.339
1715671407.224787,2745506.000,56191,1,TH,1,100,36.339
1715671407.358967,2745634.000,56212,1,TH,1,100,36.392
1715671407.492099,2745761.000,56232,1,TH,1,100,36.392
1715671407.627327,2745890.000,56264,1,TH,1,100,36.373
1715671407.760459,2746017.000,56281,1,TH,1,100,36.373
1715671407.892542,2746143.000,56300,1,TH,1,100,36.431
1715671408.024626,2746269.000,56318,1,TH,1,100,36.438
1715671408.158806,2746397.000,56349,1,TH,1,100,36.436
1715671408.288793,2746521.000,56366,1,TH,1,100,36.429
1715671408.425070,2746651.000,56383,1,TH,1,100,36.408
1715671408.558201,2746778.000,56401,1,TH,1,100,36.408
1715671408.691333,2746905.000,56436,1,TH,1,100,36.390
1715671408.825513,2747033.000,56453,1,TH,1,100,36.390
1715671408.957597,2747159.000,56469,1,TH,1,100,36.486
1715671409.087584,2747283.000,56487,1,TH,1,100,36.493
1715671409.219667,2747409.000,56510,1,TH,1,100,36.447
1715671409.352799,2747536.000,56527,1,TH,1,100,36.440
1715671409.486979,2747664.000,56546,1,TH,1,100,36.353
1715671409.620111,2747791.000,56563,1,TH,1,100,36.353
1715671409.754291,2747919.000,56580,1,TH,1,100,36.447
1715671409.888471,2748047.000,56599,1,TH,1,100,36.454
1715671410.019506,2748172.000,56631,1,TH,1,100,36.424
1715671410.152638,2748299.000,56648,1,TH,1,100,36.424
1715671410.283673,2748424.000,56664,1,TH,1,100,36.422
1715671410.416805,2748551.000,56682,1,TH,1,100,36.422
1715671410.550985,2748679.000,56704,1,TH,1,100,36.445
1715671410.685165,2748807.000,56721,1,TH,1,100,36.445
1715671410.818297,2748934.000,56738,1,TH,1,100,36.500
1715671410.953525,2749063.000,56754,1,TH,1,100,36.500
1715671411.087705,2749191.000,56772,1,TH,1,100,36.374
1715671411.219789,2749317.000,56806,1,TH,1,100,36.374
1715671411.351872,2749443.000,56823,1,TH,1,100,36.433
1715671411.485004,2749570.000,56840,1,TH,1,100,36.433
1715671411.614991,2749694.000,56856,1,TH,1,100,36.427
1715671411.751268,2749824.000,56893,1,TH,1,100,36.427
1715671411.884399,2749951.000,56910,1,TH,1,100,36.454
1715671412.017531,2750078.000,56927,1,TH,1,100,36.454
1715671412.151711,2750206.000,56944,1,TH,1,100,36.438
1715671412.283795,2750332.000,56976,1,TH,1,100,36.438
1715671412.414830,2750457.000,56997,1,TH,1,100,36.466
1715671412.546914,2750583.000,57014,1,TH,1,100,36.466
1715671412.680045,2750710.000,57031,1,TH,1,100,36.319
1715671412.814225,2750838.000,57064,1,TH,1,100,36.319
1715671412.947357,2750965.000,57082,1,TH,1,100,36.477
1715671413.081537,2751093.000,57098,1,TH,1,100,36.477
1715671413.215717,2751221.000,57115,1,TH,1,100,36.399
1715671413.347801,2751347.000,57147,1,TH,1,100,36.399
1715671413.480933,2751474.000,57163,1,TH,1,100,36.395
1715671413.611968,2751599.000,57180,1,TH,1,100,36.395
1715671413.745100,2751726.000,57202,1,TH,1,100,36.445
1715671413.878232,2751853.000,57233,1,TH,1,100,36.445
1715671414.012412,2751981.000,57251,1,TH,1,100,36.411
1715671414.145543,2752108.000,57267,1,TH,1,100,36.411
1715671414.280772,2752237.000,57287,1,TH,1,100,36.479
1715671414.413903,2752364.000,57319,1,TH,1,100,36.479
1715671414.546511,2752490.500,57341,2,TH,1,100,36.489
1715671414.679119,2752617.000,57341,2,TH,1,100,36.489
1715671414.811202,2752743.000,57360,1,TH,1,100,36.427
1715671414.941189,2752867.000,57379,1,TH,1,100,36.427
1715671415.077466,2752997.000,57411,1,TH,1,100,36.438
1715671415.210598,2753124.000,57428,1,TH,1,100,36.438
1715671415.343729,2753251.000,57445,1,TH,1,100,36.413
1715671415.477910,2753379.000,57465,1,TH,1,100,36.413
1715671415.609993,2753505.000,57497,1,TH,1,100,36.386
1715671415.742077,2753631.000,57513,1,TH,1,100,36.386
1715671415.874160,2753757.000,57532,1,TH,1,100,36.450
1715671416.007292,2753884.000,57549,1,TH,1,100,36.450
1715671416.141472,2754012.000,57566,1,TH,1,100,36.429
1715671416.275652,2754140.000,57601,1,TH,1,100,36.429
1715671416.409832,2754268.000,57617,1,TH,1,100,36.422
1715671416.544012,2754396.000,57634,1,TH,1,100,36.422
1715671416.677144,2754523.000,57651,1,TH,1,100,36.383
1715671416.810276,2754650.000,57685,1,TH,1,100,36.384
1715671416.941311,2754775.000,57704,1,TH,1,100,36.482
1715671417.074443,2754902.000,57721,1,TH,1,100,36.482
1715671417.206526,2755028.000,57738,1,TH,1,100,36.450
1715671417.340706,2755156.000,57772,1,TH,1,100,36.450
1715671417.473838,2755283.000,57788,1,TH,1,100,36.434
1715671417.609066,2755412.000,57808,1,TH,1,100,36.434
1715671417.742198,2755539.000,57825,1,TH,1,100,36.448
1715671417.875330,2755666.000,57858,1,TH,1,100,36.448
1715671418.007414,2755792.000,57876,1,TH,1,100,36.477
1715671418.139497,2755918.000,57895,1,TH,1,100,36.477
1715671418.269484,2756042.000,57912,1,TH,1,100,36.422
1715671418.405761,2756172.000,57944,1,TH,1,100,36.422
1715671418.538893,2756299.000,57960,1,TH,1,100,36.427
1715671418.672024,2756426.000,57978,1,TH,1,100,36.427
1715671418.806204,2756554.000,57997,1,TH,1,100,36.388
1715671418.938288,2756680.000,58031,1,TH,1,100,36.395
1715671419.071420,2756807.000,58048,1,TH,1,100,36.443
1715671419.203503,2756933.000,58064,1,TH,1,100,36.436
1715671419.336635,2757060.000,58082,1,TH,1,100,36.489
1715671419.470815,2757188.000,58101,1,TH,1,100,36.489
1715671419.603947,2757315.000,58133,1,TH,1,100,36.455
1715671419.738127,2757443.000,58150,1,TH,1,100,36.462
1715671419.872307,2757571.000,58166,1,TH,1,100,36.439
1715671420.005439,2757698.000,58191,1,TH,1,100,36.439
1715671420.138571,2757825.000,58210,1,TH,1,100,36.452
1715671420.269606,2757950.000,58228,1,TH,1,100,36.452
1715671420.402738,2758077.000,58244,1,TH,1,100,36.446
1715671420.534821,2758203.000,58261,1,TH,1,100,36.446
1715671420.669001,2758331.000,58296,1,TH,1,100,36.448
1715671420.802133,2758458.000,58312,1,TH,1,100,36.448
1715671420.937361,2758587.000,58329,1,TH,1,100,36.405
1715671421.070493,2758714.000,58348,1,TH,1,100,36.405
1715671421.203625,2758841.000,58379,1,TH,1,100,36.414
1715671421.335708,2758967.000,58397,1,TH,1,100,36.414
1715671421.467792,2759093.000,58416,1,TH,1,100,36.368
1715671421.597779,2759217.000,58433,1,TH,1,100,36.368
1715671421.734056,2759347.000,58465,1,TH,1,100,36.490
1715671421.867187,2759474.000,58481,1,TH,1,100,36.490
1715671422.000319,2759601.000,58499,1,TH,1,100,36.407
1715671422.134499,2759729.000,58517,1,TH,1,100,36.407
1715671422.266583,2759855.000,58549,1,TH,1,100,36.439
1715671422.399714,2759982.000,58568,1,TH,1,100,36.439
1715671422.531798,2760108.000,58584,1,TH,1,100,36.416
1715671422.664930,2760235.000,58605,1,TH,1,100,36.416
1715671422.798062,2760362.000,58639,1,TH,1,100,36.519
1715671422.932242,2760490.000,58656,1,TH,1,100,36.519
1715671423.066422,2760618.000,58675,1,TH,1,100,36.494
1715671423.200602,2760746.000,58691,1,TH,1,100,36.494
1715671423.333734,2760873.000,58726,1,TH,1,100,36.446
1715671423.466865,2761000.000,58743,1,TH,1,100,36.446
1715671423.597901,2761125.000,58760,1,TH,1,100,36.478
1715671423.729984,2761251.000,58777,1,TH,1,100,36.478
1715671423.862068,2761377.000,58793,1,TH,1,100,36.473
1715671423.996248,2761505.000,58830,1,TH,1,100,36.473
1715671424.129380,2761632.000,58847,1,TH,1,100,36.338
1715671424.264608,2761761.000,58863,1,TH,1,100,36.338
1715671424.397740,2761888.000,58881,1,TH,1,100,36.405
1715671424.530871,2762015.000,58915,1,TH,1,100,36.405
1715671424.664003,2762142.000,58932,1,TH,1,100,36.400
1715671424.796087,2762268.000,58949,1,TH,1,100,36.400
1715671424.926074,2762392.000,58965,1,TH,1,100,36.460
1715671425.062350,2762522.000,58997,1,TH,1,100,36.460
1715671425.195482,2762649.000,59016,1,TH,1,100,36.432
1715671425.328614,2762776.000,59040,1,TH,1,100,36.432
1715671425.462794,2762904.000,59055,1,TH,1,100,36.430
1715671425.595926,2763031.000,59073,1,TH,1,100,36.430
1715671425.729058,2763158.000,59089,1,TH,1,100,36.446
1715671425.861141,2763284.000,59106,1,TH,1,100,36.446
1715671425.994273,2763411.000,59126,1,TH,1,100,36.334
1715671426.127405,2763538.000,59157,1,TH,1,100,36.334
1715671426.261585,2763666.000,59177,1,TH,1,100,36.473
1715671426.395765,2763794.000,59193,1,TH,1,100,36.473
1715671426.529945,2763922.000,59213,1,TH,1,100,36.416
1715671426.663077,2764049.000,59245,1,TH,1,100,36.416
1715671426.796208,2764176.000,59261,1,TH,1,100,36.427
1715671426.927244,2764301.000,59278,1,TH,1,100,36.427
1715671427.059327,2764427.000,59295,1,TH,1,100,36.402
1715671427.191411,2764553.000,59329,1,TH,1,100,36.402
1715671427.325591,2764681.000,59351,1,TH,1,100,36.490
1715671427.458723,2764808.000,59367,1,TH,1,100,36.490
1715671427.593951,2764937.000,59384,1,TH,1,100,36.494
1715671427.727083,2765064.000,59419,1,TH,1,100,36.494
1715671427.860214,2765191.000,59435,1,TH,1,100,36.455
1715671427.993346,2765318.000,59453,1,TH,1,100,36.455
1715671428.125430,2765444.000,59469,1,TH,1,100,36.473
1715671428.255417,2765568.000,59504,1,TH,1,100,36.473
1715671428.391693,2765698.000,59523,1,TH,1,100,36.514
1715671428.524825,2765825.000,59539,1,TH,1,100,36.514
1715671428.657957,2765952.000,59557,1,TH,1,100,36.414
1715671428.792137,2766080.000,59588,1,TH,1,100,36.414
1715671428.925269,2766207.000,59605,1,TH,1,100,36.412
1715671429.058401,2766334.000,59622,1,TH,1,100,36.412
1715671429.190484,2766460.000,59641,1,TH,1,100,36.407
1715671429.323616,2766587.000,59675,1,TH,1,100,36.414
1715671429.456748,2766714.000,59692,1,TH,1,100,36.433
1715671429.589880,2766841.000,59708,1,TH,1,100,36.425
1715671429.724060,2766969.000,59729,1,TH,1,100,36.469
1715671429.858240,2767097.000,59760,1,TH,1,100,36.469
1715671429.991371,2767224.000,59777,1,TH,1,100,36.476
1715671430.124503,2767351.000,59794,1,TH,1,100,36.476
1715671430.255538,2767476.000,59810,1,TH,1,100,36.457
1715671430.387622,2767602.000,59847,1,TH,1,100,36.457
1715671430.519706,2767728.000,59864,1,TH,1,100,36.377
1715671430.653362,2767855.500,59887,2,TH,1,100,36.385
1715671430.787017,2767983.000,59887,2,TH,1,100,36.428
1715671430.922246,2768112.000,59903,1,TH,1,100,36.421
1715671431.055377,2768239.000,59924,1,TH,1,100,36.485
1715671431.188509,2768366.000,59955,1,TH,1,100,36.485
1715671431.321641,2768493.000,59972,1,TH,1,100,36.460
1715671431.453725,2768619.000,59989,1,TH,1,100,36.467
1715671431.583712,2768743.000,60007,1,TH,1,100,36.391
1715671431.719988,2768873.000,60042,1,TH,1,100,36.391
1715671431.853120,2769000.000,60059,1,TH,1,100,36.454
1715671431.986252,2769127.000,60076,1,TH,1,100,36.454
1715671432.120432,2769255.000,60093,1,TH,1,100,36.481
1715671432.253564,2769382.000,60125,1,TH,1,100,36.481
1715671432.386695,2769509.000,60146,1,TH,1,100,36.403
1715671432.518779,2769635.000,60165,1,TH,1,100,36.403
1715671432.651911,2769762.000,60182,1,TH,1,100,36.416
1715671432.785043,2769889.000,60213,1,TH,1,100,36.416
1715671432.919223,2770017.000,60233,1,TH,1,100,36.465
1715671433.053403,2770145.000,60250,1,TH,1,100,36.465
1715671433.187583,2770273.000,60267,1,TH,1,100,36.520
1715671433.320714,2770400.000,60299,1,TH,1,100,36.520
1715671433.453846,2770527.000,60318,1,TH,1,100,36.533
1715671433.584882,2770652.000,60337,1,TH,1,100,36.533
1715671433.716965,2770778.000,60354,1,TH,1,100,36.483
1715671433.849049,2770904.000,60385,1,TH,1,100,36.483
1715671433.983229,2771032.000,60403,1,TH,1,100,36.442
1715671434.116360,2771159.000,60419,1,TH,1,100,36.442
1715671434.251589,2771288.000,60439,1,TH,1,100,36.456
1715671434.384721,2771415.000,60471,1,TH,1,100,36.456
1715671434.517852,2771542.000,60487,1,TH,1,100,36.414
1715671434.650984,2771669.000,60505,1,TH,1,100,36.414
1715671434.783068,2771795.000,60523,1,TH,1,100,36.483
1715671434.913055,2771919.000,60558,1,TH,1,100,36.483
1715671435.049331,2772049.000,60575,1,TH,1,100,36.419
1715671435.182463,2772176.000,60591,1,TH,1,100,36.419
1715671435.315595,2772303.000,60609,1,TH,1,100,36.435
1715671435.449775,2772431.000,60643,1,TH,1,100,36.435
1715671435.582907,2772558.000,60660,1,TH,1,100,36.401
1715671435.716038,2772685.000,60679,1,TH,1,100,36.401
1715671435.848122,2772811.000,60695,1,TH,1,100,36.456
1715671435.981254,2772938.000,60713,1,TH,1,100,36.456
1715671436.114386,2773065.000,60736,1,TH,1,100,36.380
1715671436.247517,2773192.000,60753,1,TH,1,100,36.380
1715671436.381697,2773320.000,60770,1,TH,1,100,36.442
1715671436.515877,2773448.000,60786,1,TH,1,100,36.442
1715671436.649009,2773575.000,60822,1,TH,1,100,36.437
1715671436.782141,2773702.000,60840,1,TH,1,100,36.437
1715671436.913176,2773827.000,60857,1,TH,1,100,36.405
1715671437.045260,2773953.000,60874,1,TH,1,100,36.405
1715671437.177343,2774079.000,60890,1,TH,1,100,36.458
1715671437.311523,2774207.000,60927,1,TH,1,100,36.458
1715671437.444655,2774334.000,60944,1,TH,1,100,36.550
1715671437.579884,2774463.000,60960,1,TH,1,100,36.550
1715671437.713015,2774590.000,60978,1,TH,1,100,36.426
1715671437.846147,2774717.000,61009,1,TH,1,100,36.426
1715671437.979279,2774844.000,61028,1,TH,1,100,36.460
1715671438.111362,2774970.000,61048,1,TH,1,100,36.460
1715671438.241349,2775094.000,61064,1,TH,1,100,36.458
1715671438.377626,2775224.000,61096,1,TH,1,100,36.458
1715671438.510758,2775351.000,61113,1,TH,1,100,36.451
1715671438.643890,2775478.000,61130,1,TH,1,100,36.451
1715671438.778070,2775606.000,61147,1,TH,1,100,36.380
1715671438.911201,2775733.000,61179,1,TH,1,100,36.380
1715671439.044333,2775860.000,61197,1,TH,1,100,36.350
1715671439.176417,2775986.000,61214,1,TH,1,100,36.350
1715671439.309549,2776113.000,61231,1,TH,1,100,36.497
1715671439.442680,2776240.000,61265,1,TH,1,100,36.497
1715671439.575812,2776367.000,61283,1,TH,1,100,36.458
1715671439.709992,2776495.000,61299,1,TH,1,100,36.458
1715671439.844172,2776623.000,61316,1,TH,1,100,36.495
1715671439.977304,2776750.000,61351,1,TH,1,100,36.495
1715671440.110436,2776877.000,61369,1,TH,1,100,36.442
1715671440.241471,2777002.000,61386,1,TH,1,100,36.442
1715671440.373555,2777128.000,61403,1,TH,1,100,36.476
1715671440.505638,2777254.000,61434,1,TH,1,100,36.476
1715671440.639818,2777382.000,61455,1,TH,1,100,36.423
1715671440.772950,2777509.000,61471,1,TH,1,100,36.431
1715671440.908178,2777638.000,61488,1,TH,1,100,36.429
1715671441.041310,2777765.000,61520,1,TH,1,100,36.421
1715671441.174442,2777892.000,61538,1,TH,1,100,36.350
1715671441.307574,2778019.000,61559,1,TH,1,100,36.350
1715671441.439657,2778145.000,61581,1,TH,1,100,36.497
1715671441.569644,2778269.000,61598,1,TH,1,100,36.505
1715671441.705921,2778399.000,61614,1,TH,1,100,36.420
1715671441.839053,2778526.000,61630,1,TH,1,100,36.420
1715671441.972184,2778653.000,61651,1,TH,1,100,36.470
1715671442.106364,2778781.000,61667,1,TH,1,100,36.470
1715671442.239496,2778908.000,61701,1,TH,1,100,36.447
1715671442.372104,2779034.500,61720,2,TH,1,100,36.440
1715671442.504712,2779161.000,61720,2,TH,1,100,36.495
1715671442.637843,2779288.000,61740,1,TH,1,100,36.502
1715671442.769927,2779414.000,61771,1,TH,1,100,36.424
1715671442.903059,2779541.000,61789,1,TH,1,100,36.424
1715671443.037239,2779669.000,61805,1,TH,1,100,36.470
1715671443.171419,2779797.000,61822,1,TH,1,100,36.470
1715671443.304551,2779924.000,61859,1,TH,1,100,36.502
1715671443.437682,2780051.000,61875,1,TH,1,100,36.502
1715671443.568718,2780176.000,61892,1,TH,1,100,36.482
1715671443.699753,2780301.000,61909,1,TH,1,100,36.482
1715671443.831836,2780427.000,61943,1,TH,1,100,36.475
1715671443.966017,2780555.000,61961,1,TH,1,100,36.475
1715671444.099148,2780682.000,61977,1,TH,1,100,36.484
1715671444.234377,2780811.000,61994,1,TH,1,100,36.484
1715671444.367508,2780938.000,62028,1,TH,1,100,36.456
1715671444.500640,2781065.000,62047,1,TH,1,100,36.456
1715671444.634820,2781193.000,62065,1,TH,1,100,36.445
1715671444.765856,2781318.000,62081,1,TH,1,100,36.445
1715671444.896891,2781443.000,62113,1,TH,1,100,36.472
1715671445.033167,2781573.000,62133,1,TH,1,100,36.472
1715671445.165251,2781699.000,62151,1,TH,1,100,36.445
1715671445.298383,2781826.000,62169,1,TH,1,100,36.445
1715671445.432563,2781954.000,62200,1,TH,1,100,36.481
1715671445.565695,2782081.000,62217,1,TH,1,100,36.481
1715671445.698826,2782208.000,62234,1,TH,1,100,36.493
1715671445.830910,2782334.000,62253,1,TH,1,100,36.493
1715671445.964042,2782461.000,62285,1,TH,1,100,36.484
1715671446.095077,2782586.000,62302,1,TH,1,100,36.484
1715671446.228209,2782713.000,62320,1,TH,1,100,36.495
1715671446.362389,2782841.000,62338,1,TH,1,100,36.495
1715671446.496569,2782969.000,62369,1,TH,1,100,36.417
1715671446.629701,2783096.000,62386,1,TH,1,100,36.417
1715671446.762832,2783223.000,62406,1,TH,1,100,36.415
1715671446.893868,2783348.000,62424,1,TH,1,100,36.415
1715671447.025951,2783474.000,62442,1,TH,1,100,36.447
1715671447.158035,2783600.000,62459,1,TH,1,100,36.447
1715671447.292215,2783728.000,62478,1,TH,1,100,36.442
1715671447.425347,2783855.000,62497,1,TH,1,100,36.442
1715671447.560575,2783984.000,62532,1,TH,1,100,36.433
1715671447.693707,2784111.000,62548,1,TH,1,100,36.433
1715671447.826838,2784238.000,62565,1,TH,1,100,36.495
1715671447.962067,2784367.000,62582,1,TH,1,100,36.495
1715671448.093102,2784492.000,62613,1,TH,1,100,36.436
1715671448.224137,2784617.000,62633,1,TH,1,100,36.436
1715671448.359366,2784746.000,62652,1,TH,1,100,36.514
1715671448.491449,2784872.000,62669,1,TH,1,100,36.514
1715671448.624581,2784999.000,62701,1,TH,1,100,36.461
1715671448.758761,2785127.000,62717,1,TH,1,100,36.461
1715671448.891893,2785254.000,62734,1,TH,1,100,36.491
1715671449.025025,2785381.000,62754,1,TH,1,100,36.491
1715671449.157108,2785507.000,62785,1,TH,1,100,36.456
1715671449.289192,2785633.000,62805,1,TH,1,100,36.456
1715671449.420227,2785758.000,62821,1,TH,1,100,36.466
1715671449.553359,2785885.000,62838,1,TH,1,100,36.466
1715671449.687539,2786013.000,62873,1,TH,1,100,36.468
1715671449.821719,2786141.000,62889,1,TH,1,100,36.468
1715671449.954851,2786268.000,62907,1,TH,1,100,36.477
1715671450.087982,2786395.000,62923,1,TH,1,100,36.477
1715671450.220066,2786521.000,62940,1,TH,1,100,36.491
1715671450.352149,2786647.000,62977,1,TH,1,100,36.491
1715671450.484233,2786773.000,62993,1,TH,1,100,36.491
1715671450.618413,2786901.000,63011,1,TH,1,100,36.491
1715671450.750496,2787027.000,63027,1,TH,1,100,36.523
1715671450.885725,2787156.000,63059,1,TH,1,100,36.523
1715671451.018857,2787283.000,63076,1,TH,1,100,36.415
1715671451.151989,2787410.000,63095,1,TH,1,100,36.415
1715671451.287217,2787539.000,63113,1,TH,1,100,36.582
1715671451.418252,2787664.000,63146,1,TH,1,100,36.590
1715671451.550335,2787790.000,63163,1,TH,1,100,36.473
1715671451.684515,2787918.000,63183,1,TH,1,100,36.466
1715671451.816599,2788044.000,63199,1,TH,1,100,36.459
1715671451.949731,2788171.000,63231,1,TH,1,100,36.466
1715671452.083387,2788298.500,63253,2,TH,1,100,36.528
1715671452.217043,2788426.000,63253,2,TH,1,100,36.528
1715671452.350175,2788553.000,63276,1,TH,1,100,36.484
1715671452.482258,2788679.000,63294,1,TH,1,100,36.484
1715671452.614341,2788805.000,63312,1,TH,1,100,36.484
1715671452.745377,2788930.000,63343,1,TH,1,100,36.484
1715671452.878509,2789057.000,63363,1,TH,1,100,36.507
1715671453.012689,2789185.000,63380,1,TH,1,100,36.507
1715671453.146869,2789313.000,63396,1,TH,1,100,36.489
1715671453.280000,2789440.000,63428,1,TH,1,100,36.489
1715671453.413132,2789567.000,63445,1,TH,1,100,36.530
1715671453.546264,2789694.000,63463,1,TH,1,100,36.530
1715671453.678348,2789820.000,63484,1,TH,1,100,36.530
1715671453.810431,2789946.000,63515,1,TH,1,100,36.530
1715671453.944611,2790074.000,63532,1,TH,1,100,36.489
1715671454.076695,2790200.000,63549,1,TH,1,100,36.489
1715671454.211923,2790329.000,63565,1,TH,1,100,36.446
1715671454.345055,2790456.000,63600,1,TH,1,100,36.446
1715671454.478187,2790583.000,63619,1,TH,1,100,36.446
1715671454.613415,2790712.000,63636,1,TH,1,100,36.446
1715671454.744450,2790837.000,63653,1,TH,1,100,36.480
1715671454.876534,2790963.000,63688,1,TH,1,100,36.480
1715671455.009665,2791090.000,63704,1,TH,1,100,36.526
1715671455.141749,2791216.000,63721,1,TH,1,100,36.526
1715671455.274881,2791343.000,63738,1,TH,1,100,36.507
1715671455.409061,2791471.000,63772,1,TH,1,100,36.507
1715671455.542193,2791598.000,63792,1,TH,1,100,36.498
1715671455.675324,2791725.000,63808,1,TH,1,100,36.498
1715671455.807408,2791851.000,63825,1,TH,1,100,36.537
1715671455.940540,2791978.000,63857,1,TH,1,100,36.537
1715671456.071575,2792103.000,63873,1,TH,1,100,36.457
1715671456.204707,2792230.000,63893,1,TH,1,100,36.457
1715671456.338887,2792358.000,63910,1,TH,1,100,36.496
1715671456.473067,2792486.000,63941,1,TH,1,100,36.496
1715671456.606199,2792613.000,63959,1,TH,1,100,36.546
1715671456.739331,2792740.000,63980,1,TH,1,100,36.546
1715671456.873511,2792868.000,63997,1,TH,1,100,36.514
1715671457.005594,2792994.000,64029,1,TH,1,100,36.514
1715671457.137678,2793120.000,64045,1,TH,1,100,36.501
1715671457.271858,2793248.000,64063,1,TH,1,100,36.501
1715671457.402893,2793373.000,64081,1,TH,1,100,36.466
1715671457.537073,2793501.000,64107,2,TH,1,100,36.466
1715671457.671253,2793629.000,64107,2,TH,1,100,36.455
1715671457.804385,2793756.000,64125,1,TH,1,100,36.455
1715671457.939613,2793885.000,64143,1,TH,1,100,36.471
1715671458.070648,2794010.000,64162,1,TH,1,100,36.471
1715671458.202732,2794136.000,64194,1,TH,1,100,36.464
1715671458.335864,2794263.000,64211,1,TH,1,100,36.464
1715671458.467947,2794389.000,64227,1,TH,1,100,36.507
1715671458.601079,2794516.000,64245,1,TH,1,100,36.507
1715671458.735259,2794644.000,64279,1,TH,1,100,36.464
1715671458.868391,2794771.000,64297,1,TH,1,100,36.464
1715671459.001523,2794898.000,64315,1,TH,1,100,36.489
1715671459.133606,2795024.000,64331,1,TH,1,100,36.489
1715671459.266738,2795151.000,64363,1,TH,1,100,36.498
1715671459.397773,2795276.000,64383,1,TH,1,100,36.498
1715671459.530905,2795403.000,64399,1,TH,1,100,36.514
1715671459.665085,2795531.000,64417,1,TH,1,100,36.514
1715671459.799265,2795659.000,64448,1,TH,1,100,36.501
1715671459.932397,2795786.000,64465,1,TH,1,100,36.501
1715671460.065529,2795913.000,64484,1,TH,1,100,36.505
1715671460.199709,2796041.000,64519,1,TH,1,100,36.505
1715671460.331792,2796167.000,64535,1,TH,1,100,36.475
1715671460.463876,2796293.000,64552,1,TH,1,100,36.475
1715671460.597008,2796420.000,64572,1,TH,1,100,36.473
1715671460.728043,2796545.000,64589,1,TH,1,100,36.473
1715671460.863271,2796674.000,64623,1,TH,1,100,36.523
1715671460.996403,2796801.000,64639,1,TH,1,100,36.523
1715671461.129535,2796928.000,64656,1,TH,1,100,36.414
1715671461.264763,2797057.000,64673,1,TH,1,100,36.414
1715671461.395798,2797182.000,64707,1,TH,1,100,36.418
1715671461.526834,2797307.000,64725,1,TH,1,100,36.425
1715671461.659966,2797434.000,64741,1,TH,1,100,36.512
1715671461.793097,2797561.000,64758,1,TH,1,100,36.505
1715671461.926229,2797688.000,64778,1,TH,1,100,36.482
1715671462.060409,2797816.000,64811,1,TH,1,100,36.490
1715671462.193541,2797943.000,64828,1,TH,1,100,36.457
1715671462.326673,2798070.000,64847,1,TH,1,100,36.450
1715671462.459805,2798197.000,64864,1,TH,1,100,36.482
1715671462.592936,2798324.000,64899,1,TH,1,100,36.490
1715671462.723972,2798449.000,64915,1,TH,1,100,36.487
1715671462.858152,2798577.000,64938,2,TH,1,100,36.480
1715671462.992332,2798705.000,64938,2,TH,1,100,36.572
1715671463.126512,2798833.000,64971,1,TH,1,100,36.579
1715671463.259644,2798960.000,64991,1,TH,1,100,36.487
1715671463.392775,2799087.000,65008,1,TH,1,100,36.487
1715671463.526955,2799215.000,65024,1,TH,1,100,36.506
1715671463.659039,2799341.000,65056,1,TH,1,100,36.506
1715671463.791122,2799467.000,65073,1,TH,1,100,36.529
1715671463.924254,2799594.000,65093,1,TH,1,100,36.529
1715671464.055290,2799719.000,65110,1,TH,1,100,36.460
1715671464.190518,2799848.000,65126,1,TH,1,100,36.460
1715671464.323650,2799975.000,65160,1,TH,1,100,36.522
1715671464.456781,2800102.000,65180,1,TH,1,100,36.522
1715671464.592010,2800231.000,65197,1,TH,1,100,36.476
1715671464.723045,2800356.000,65214,1,TH,1,100,36.476
1715671464.854080,2800481.000,65246,1,TH,1,100,36.487
1715671464.987212,2800608.000,65262,1,TH,1,100,36.487
1715671465.120344,2800735.000,65279,1,TH,1,100,36.460
1715671465.253476,2800862.000,65297,1,TH,1,100,36.460
1715671465.387656,2800990.000,65332,1,TH,1,100,36.393
1715671465.520787,2801117.000,65350,1,TH,1,100,36.393
1715671465.653919,2801244.000,65366,1,TH,1,100,36.478
1715671465.787051,2801371.000,65383,1,TH,1,100,36.478
1715671465.920183,2801498.000,65418,1,TH,1,100,36.531
1715671466.051218,2801623.000,65434,1,TH,1,100,36.531
1715671466.184350,2801750.000,65451,1,TH,1,100,36.520
1715671466.317482,2801877.000,65470,1,TH,1,100,36.520
1715671466.451662,2802005.000,65487,1,TH,1,100,36.460
1715671466.584794,2802132.000,65522,1,TH,1,100,36.460
1715671466.717925,2802259.000,2,1,TH,1,100,36.455
1715671466.852105,2802387.000,19,1,TH,1,100,36.455
1715671466.984189,2802513.000,36,1,TH,1,100,36.544
1715671467.116272,2802639.000,67,1,TH,1,100,36.544
1715671467.248356,2802765.000,87,1,TH,1,100,36.457
1715671467.379391,2802890.000,103,1,TH,1,100,36.457
1715671467.514619,2803019.000,122,1,TH,1,100,36.581
1715671467.647751,2803146.000,154,1,TH,1,100,36.581
1715671467.780883,2803273.000,173,1,TH,1,100,36.549
1715671467.916111,2803402.000,193,1,TH,1,100,36.549
1715671468.047147,2803527.000,209,1,TH,1,100,36.485
1715671468.178182,2803652.000,244,1,TH,1,100,36.485
1715671468.311314,2803779.000,261,1,TH,1,100,36.517
1715671468.443397,2803905.000,280,1,TH,1,100,36.517
1715671468.577577,2804033.000,298,1,TH,1,100,36.485
1715671468.711757,2804161.000,329,1,TH,1,100,36.485
1715671468.844889,2804288.000,346,1,TH,1,100,36.455
1715671468.978021,2804415.000,368,1,TH,1,100,36.455
1715671469.111153,2804542.000,384,1,TH,1,100,36.522
1715671469.244284,2804669.000,418,1,TH,1,100,36.522
1715671469.375320,2804794.000,435,1,TH,1,100,36.467
1715671469.508451,2804921.000,451,1,TH,1,100,36.467
1715671469.641583,2805048.000,472,1,TH,1,100,36.520
1715671469.775763,2805176.000,503,1,TH,1,100,36.520
1715671469.908895,2805303.000,520,1,TH,1,100,36.503
1715671470.042027,2805430.000,537,1,TH,1,100,36.503
1715671470.176207,2805558.000,553,1,TH,1,100,36.503
1715671470.308290,2805684.000,588,1,TH,1,100,36.503
1715671470.440374,2805810.000,605,1,TH,1,100,36.476
1715671470.572458,2805936.000,624,1,TH,1,100,36.476
1715671470.703493,2806061.000,641,1,TH,1,100,36.501
1715671470.838721,2806190.000,676,1,TH,1,100,36.501
1715671470.971853,2806317.000,692,1,TH,1,100,36.535
1715671471.104985,2806444.000,709,1,TH,1,100,36.535
1715671471.240213,2806573.000,726,1,TH,1,100,36.425
1715671471.371248,2806698.000,757,1,TH,1,100,36.418
1715671471.503332,2806824.000,778,1,TH,1,100,36.455
1715671471.636464,2806951.000,796,1,TH,1,100,36.462
1715671471.768547,2807077.000,813,1,TH,1,100,36.570
1715671471.902727,2807205.000,830,1,TH,1,100,36.563
1715671472.036907,2807333.000,861,1,TH,1,100,36.565
1715671472.170039,2807460.000,881,1,TH,1,100,36.565
1715671472.303171,2807587.000,900,1,TH,1,100,36.391
1715671472.437351,2807715.000,931,1,TH,1,100,36.391
1715671472.570483,2807842.000,949,1,TH,1,100,36.464
1715671472.701518,2807967.000,965,1,TH,1,100,36.464
1715671472.834650,2808094.000,982,1,TH,1,100,36.459
1715671472.966733,2808220.000,1019,1,TH,1,100,36.459
1715671473.100913,2808348.000,1035,1,TH,1,100,36.441
1715671473.234045,2808475.000,1053,1,TH,1,100,36.441
1715671473.367177,2808602.000,1069,1,TH,1,100,36.516
1715671473.501357,2808730.000,1110,1,TH,1,100,36.516
1715671473.633440,2808856.000,1126,1,TH,1,100,36.427
1715671473.765524,2808982.000,1142,1,TH,1,100,36.427
1715671473.897608,2809108.000,1160,1,TH,1,100,36.546
1715671474.028643,2809233.000,1176,1,TH,1,100,36.546
1715671474.163871,2809362.000,1193,1,TH,1,100,36.457
1715671474.297003,2809489.000,1228,2,TH,1,100,36.457
1715671474.430135,2809616.000,1228,2,TH,1,100,36.521
1715671474.565363,2809745.000,1245,1,TH,1,100,36.521
1715671474.696398,2809870.000,1279,1,TH,1,100,36.544
1715671474.829530,2809997.000,1297,1,TH,1,100,36.544
1715671474.962662,2810124.000,1313,1,TH,1,100,36.533
1715671475.094745,2810250.000,1330,1,TH,1,100,36.533
1715671475.228925,2810378.000,1362,1,TH,1,100,36.429
1715671475.363106,2810506.000,1378,1,TH,1,100,36.429
1715671475.496237,2810633.000,1398,1,TH,1,100,36.496
1715671475.629369,2810760.000,1415,1,TH,1,100,36.496
1715671475.764597,2810889.000,1432,1,TH,1,100,36.498
1715671475.897729,2811016.000,1464,1,TH,1,100,36.498
1715671476.028764,2811141.000,1483,1,TH,1,100,36.496
1715671476.161896,2811268.000,1500,1,TH,1,100,36.496
1715671476.293980,2811394.000,1517,1,TH,1,100,36.399
1715671476.428160,2811522.000,1548,1,TH,1,100,36.399
1715671476.561292,2811649.000,1566,1,TH,1,100,36.443
1715671476.694423,2811776.000,1582,1,TH,1,100,36.436
1715671476.828604,2811904.000,1602,1,TH,1,100,36.454
1715671476.960687,2812030.000,1634,1,TH,1,100,36.454
1715671477.092771,2812156.000,1650,1,TH,1,100,36.493
1715671477.224854,2812282.000,1671,1,TH,1,100,36.493
1715671477.355889,2812407.000,1689,1,TH,1,100,36.532
1715671477.491117,2812536.000,1723,1,TH,1,100,36.532
1715671477.624249,2812663.000,1740,1,TH,1,100,36.541
1715671477.757381,2812790.000,1756,1,TH,1,100,36.541
1715671477.892610,2812919.000,1774,1,TH,1,100,36.454
1715671478.023645,2813044.000,1805,1,TH,1,100,36.454
1715671478.156777,2813171.000,1826,1,TH,1,100,36.475
1715671478.289908,2813298.000,1844,1,TH,1,100,36.475
1715671478.421992,2813424.000,1875,1,TH,1,100,36.479
1715671478.556172,2813552.000,1895,1,TH,1,100,36.479
1715671478.690352,2813680.000,1912,1,TH,1,100,36.509
1715671478.823484,2813807.000,1928,1,TH,1,100,36.509
1715671478.956616,2813934.000,1953,1,TH,1,100,36.475
1715671479.091844,2814063.000,1969,1,TH,1,100,36.475
1715671479.224976,2814190.000,2001,1,TH,1,100,36.452
1715671479.356011,2814315.000,2021,1,TH,1,100,36.452
1715671479.488095,2814441.000,2037,1,TH,1,100,36.449
1715671479.620178,2814567.000,2055,1,TH,1,100,36.449
1715671479.754358,2814695.000,2086,1,TH,1,100,36.450
1715671479.887490,2814822.000,2108,1,TH,1,100,36.450
1715671480.020622,2814949.000,2125,1,TH,1,100,36.512
1715671480.154802,2815077.000,2157,1,TH,1,100,36.512
1715671480.286885,2815203.000,2173,1,TH,1,100,36.475
1715671480.418969,2815329.000,2190,1,TH,1,100,36.475
1715671480.551052,2815455.000,2207,1,TH,1,100,36.493
1715671480.682087,2815580.000,2227,1,TH,1,100,36.493
1715671480.817316,2815709.000,2261,1,TH,1,100,36.511
1715671480.950448,2815836.000,2277,1,TH,1,100,36.511
1715671481.083579,2815963.000,2294,1,TH,1,100,36.516
1715671481.218808,2816092.000,2314,1,TH,1,100,36.516
1715671481.349843,2816217.000,2345,1,TH,1,100,36.504
1715671481.482975,2816344.000,2362,1,TH,1,100,36.504
1715671481.616107,2816471.000,2381,1,TH,1,100,36.475
1715671481.748190,2816597.000,2398,1,TH,1,100,36.475
1715671481.881322,2816724.000,2418,1,TH,1,100,36.387
1715671482.015502,2816852.000,2449,1,TH,1,100,36.387
1715671482.148634,2816979.000,2466,1,TH,1,100,36.410
1715671482.281765,2817106.000,2485,1,TH,1,100,36.410
1715671482.416994,2817235.000,2505,1,TH,1,100,36.447
1715671482.550126,2817362.000,2524,1,TH,1,100,36.447
1715671482.681161,2817487.000,2555,1,TH,1,100,36.440
1715671482.813244,2817613.000,2572,1,TH,1,100,36.433
1715671482.945328,2817739.000,2589,1,TH,1,100,36.417
1715671483.079508,2817867.000,2606,1,TH,1,100,36.417
1715671483.212640,2817994.000,2641,1,TH,1,100,36.433
1715671483.345772,2818121.000,2659,1,TH,1,100,36.433
1715671483.479952,2818249.000,2676,1,TH,1,100,36.396
1715671483.612035,2818375.000,2708,1,TH,1,100,36.396
1715671483.744119,2818501.000,2727,1,TH,1,100,36.428
1715671483.876202,2818627.000,2745,1,TH,1,100,36.428
1715671484.007237,2818752.000,2761,1,TH,1,100,36.481
1715671484.142466,2818881.000,2778,1,TH,1,100,36.481
1715671484.275598,2819008.000,2817,1,TH,1,100,36.449
1715671484.408729,2819135.000,2836,1,TH,1,100,36.449
1715671484.543958,2819264.000,2854,1,TH,1,100,36.419
1715671484.676041,2819390.000,2870,1,TH,1,100,36.419
1715671484.809173,2819517.000,2887,1,TH,1,100,36.428
1715671484.942305,2819644.000,2907,1,TH,1,100,36.428
1715671485.074388,2819770.000,2940,1,TH,1,100,36.421
1715671485.207520,2819897.000,2958,1,TH,1,100,36.421
1715671485.341700,2820025.000,2974,1,TH,1,100,36.456
1715671485.474832,2820152.000,3006,1,TH,1,100,36.456
1715671485.607964,2820279.000,3023,1,TH,1,100,36.371
1715671485.743192,2820408.000,3042,1,TH,1,100,36.371
1715671485.876324,2820535.000,3060,1,TH,1,100,36.440
1715671486.007359,2820660.000,3093,1,TH,1,100,36.440
1715671486.139443,2820786.000,3110,1,TH,1,100,36.465
1715671486.271526,2820912.000,3130,1,TH,1,100,36.465
1715671486.405706,2821040.000,3146,1,TH,1,100,36.389
1715671486.538838,2821167.000,3178,1,TH,1,100,36.389
1715671486.671970,2821294.000,3195,1,TH,1,100,36.419
1715671486.806150,2821422.000,3211,1,TH,1,100,36.419
1715671486.938233,2821548.000,3231,1,TH,1,100,36.499
1715671487.070317,2821674.000,3265,1,TH,1,100,36.499
1715671487.202400,2821800.000,3284,1,TH,1,100,36.474
1715671487.333436,2821925.000,3301,1,TH,1,100,36.474
1715671487.468664,2822054.000,3317,1,TH,1,100,36.419
1715671487.601796,2822181.000,3352,1,TH,1,100,36.419
1715671487.734928,2822308.000,3369,1,TH,1,100,36.529
1715671487.870156,2822437.000,3386,1,TH,1,100,36.529
1715671488.002239,2822563.000,3405,1,TH,1,100,36.458
1715671488.135371,2822690.000,3437,1,TH,1,100,36.458
1715671488.268503,2822817.000,3456,1,TH,1,100,36.460
1715671488.400587,2822943.000,3473,1,TH,1,100,36.460
1715671488.532670,2823069.000,3490,1,TH,1,100,36.391
1715671488.666850,2823197.000,3521,1,TH,1,100,36.391
1715671488.799982,2823324.000,3544,1,TH,1,100,36.424
1715671488.933114,2823451.000,3560,1,TH,1,100,36.424
1715671489.068342,2823580.000,3577,1,TH,1,100,36.499
1715671489.201474,2823707.000,3594,1,TH,1,100,36.499
1715671489.332509,2823832.000,3625,1,TH,1,100,36.414
1715671489.464593,2823958.000,3643,1,TH,1,100,36.414
1715671489.596676,2824084.000,3662,1,TH,1,100,36.387
1715671489.730856,2824212.000,3684,1,TH,1,100,36.387
1715671489.863988,2824339.000,3703,1,TH,1,100,36.456
1715671489.997120,2824466.000,3720,1,TH,1,100,36.456
1715671490.131300,2824594.000,3739,1,TH,1,100,36.467
1715671490.263383,2824720.000,3771,1,TH,1,100,36.467
1715671490.396515,2824847.000,3788,1,TH,1,100,36.364
1715671490.528599,2824973.000,3805,1,TH,1,100,36.364
1715671490.659634,2825098.000,3822,1,TH,1,100,36.433
1715671490.793814,2825226.000,3857,1,TH,1,100,36.433
1715671490.926946,2825353.000,3875,1,TH,1,100,36.538
1715671491.060077,2825480.000,3892,1,TH,1,100,36.538
1715671491.195306,2825609.000,3909,1,TH,1,100,36.453
1715671491.328438,2825736.000,3940,1,TH,1,100,36.453
1715671491.461570,2825863.000,3961,1,TH,1,100,36.460
1715671491.594701,2825990.000,3977,1,TH,1,100,36.460
1715671491.726785,2826116.000,3994,1,TH,1,100,36.403
1715671491.857820,2826241.000,4028,1,TH,1,100,36.403
1715671491.992000,2826369.000,4044,1,TH,1,100,36.483
1715671492.125132,2826496.000,4061,1,TH,1,100,36.483
1715671492.258264,2826623.000,4080,1,TH,1,100,36.478
1715671492.393492,2826752.000,4111,1,TH,1,100,36.478
1715671492.526624,2826879.000,4129,1,TH,1,100,36.414
1715671492.657659,2827004.000,4145,1,TH,1,100,36.414
1715671492.789742,2827130.000,4168,1,TH,1,100,36.570
1715671492.921826,2827256.000,4187,1,TH,1,100,36.570
1715671493.056006,2827384.000,4218,1,TH,1,100,36.524
1715671493.189138,2827511.000,4236,1,TH,1,100,36.524
1715671493.322270,2827638.000,4252,1,TH,1,100,36.419
1715671493.456450,2827766.000,4272,1,TH,1,100,36.419
1715671493.588533,2827892.000,4304,1,TH,1,100,36.316
1715671493.722713,2828020.000,4320,1,TH,1,100,36.316
1715671493.854797,2828146.000,4340,1,TH,1,100,36.479
1715671493.985832,2828271.000,4359,1,TH,1,100,36.478
1715671494.118964,2828398.000,4391,1,TH,1,100,36.382
1715671494.252096,2828525.000,4408,1,TH,1,100,36.382
1715671494.385227,2828652.000,4424,1,TH,1,100,36.391
1715671494.520456,2828781.000,4442,1,TH,1,100,36.391
1715671494.653588,2828908.000,4476,1,TH,1,100,36.471
1715671494.786719,2829035.000,4495,1,TH,1,100,36.471
1715671494.919851,2829162.000,4512,1,TH,1,100,36.478
1715671495.050886,2829287.000,4533,1,TH,1,100,36.478
1715671495.181922,2829412.000,4551,1,TH,1,100,36.492
1715671495.316102,2829540.000,4570,1,TH,1,100,36.492
1715671495.449234,2829667.000,4602,1,TH,1,100,36.501
1715671495.582365,2829794.000,4619,1,TH,1,100,36.501
1715671495.717594,2829923.000,4635,1,TH,1,100,36.428
1715671495.850725,2830050.000,4655,1,TH,1,100,36.428
1715671495.982809,2830176.000,4689,1,TH,1,100,36.511
1715671496.114892,2830302.000,4706,1,TH,1,100,36.511
1715671496.246976,2830428.000,4723,1,TH,1,100,36.449
1715671496.381156,2830556.000,4739,1,TH,1,100,36.449
1715671496.514288,2830683.000,4771,1,TH,1,100,36.446
1715671496.647420,2830810.000,4788,1,TH,1,100,36.446
1715671496.781600,2830938.000,4804,1,TH,1,100,36.378
1715671496.914732,2831065.000,4827,1,TH,1,100,36.378
1715671497.048912,2831193.000,4858,1,TH,1,100,36.474
1715671497.180995,2831319.000,4880,1,TH,1,100,36.474
1715671497.312030,2831444.000,4899,1,TH,1,100,36.490
1715671497.444114,2831570.000,4915,1,TH,1,100,36.490
1715671497.577246,2831697.000,4947,1,TH,1,100,36.515
1715671497.710377,2831824.000,4967,1,TH,1,100,36.515
1715671497.845606,2831953.000,4984,1,TH,1,100,36.368
1715671497.978738,2832080.000,5001,1,TH,1,100,36.368
1715671498.111869,2832207.000,5017,1,TH,1,100,36.428
1715671498.245001,2832334.000,5049,1,TH,1,100,36.428
1715671498.376036,2832459.000,5066,1,TH,1,100,36.421
1715671498.507072,2832584.000,5088,1,TH,1,100,36.421
1715671498.641252,2832712.000,5105,1,TH,1,100,36.446
1715671498.774384,2832839.000,5137,1,TH,1,100,36.446
1715671498.907515,2832966.000,5153,1,TH,1,100,36.508
1715671499.042744,2833095.000,5170,1,TH,1,100,36.508
1715671499.175875,2833222.000,5192,1,TH,1,100,36.412
1715671499.309007,2833349.000,5223,1,TH,1,100,36.412
1715671499.441091,2833475.000,5240,1,TH,1,100,36.323
1715671499.573174,2833601.000,5257,1,TH,1,100,36.323
1715671499.707354,2833729.000,5274,1,TH,1,100,36.437
1715671499.840486,2833856.000,5309,1,TH,1,100,36.437
1715671499.973618,2833983.000,5325,1,TH,1,100,36.440
1715671500.107798,2834111.000,5342,1,TH,1,100,36.440
1715671500.241978,2834239.000,5359,1,TH,1,100,36.456
1715671500.376158,2834367.000,5395,1,TH,1,100,36.456
1715671500.508242,2834493.000,5413,1,TH,1,100,36.518
1715671500.639277,2834618.000,5429,1,TH,1,100,36.518
1715671500.771360,2834744.000,5446,1,TH,1,100,36.428
1715671500.904492,2834871.000,5480,1,TH,1,100,36.428
1715671501.037624,2834998.000,5496,1,TH,1,100,36.405
1715671501.172852,2835127.000,5514,1,TH,1,100,36.405
1715671501.305984,2835254.000,5530,1,TH,1,100,36.431
1715671501.439116,2835381.000,5565,1,TH,1,100,36.431
1715671501.572248,2835508.000,5582,1,TH,1,100,36.428
1715671501.703283,2835633.000,5598,1,TH,1,100,36.428
1715671501.834318,2835758.000,5619,1,TH,1,100,36.426
1715671501.968498,2835886.000,5635,1,TH,1,100,36.426
1715671502.102678,2836014.000,5667,1,TH,1,100,36.476
1715671502.235810,2836141.000,5686,1,TH,1,100,36.476
1715671502.371038,2836270.000,5707,1,TH,1,100,36.444
1715671502.504170,2836397.000,5725,1,TH,1,100,36.444
1715671502.637302,2836524.000,5756,1,TH,1,100,36.486
1715671502.769386,2836650.000,5772,1,TH,1,100,36.486
1715671502.901469,2836776.000,5790,1,TH,1,100,36.504
1715671503.034601,2836903.000,5809,1,TH,1,100,36.504
1715671503.167733,2837030.000,5843,1,TH,1,100,36.412
1715671503.300864,2837157.000,5860,1,TH,1,100,36.412
1715671503.435045,2837285.000,5876,1,TH,1,100,36.488
1715671503.569225,2837413.000,5908,1,TH,1,100,36.488
1715671503.703405,2837541.000,5925,1,TH,1,100,36.414
1715671503.835488,2837667.000,5945,1,TH,1,100,36.414
1715671503.966523,2837792.000,5962,1,TH,1,100,36.478
1715671504.097558,2837917.000,5978,1,TH,1,100,36.478
1715671504.230690,2838044.000,6015,1,TH,1,100,36.478
1715671504.363822,2838171.000,6032,1,TH,1,100,36.478
1715671504.499051,2838300.000,6049,1,TH,1,100,36.513
1715671504.632182,2838427.000,6066,1,TH,1,100,36.513
1715671504.765314,2838554.000,6098,1,TH,1,100,36.471
1715671504.898446,2838681.000,6119,1,TH,1,100,36.471
1715671505.029481,2838806.000,6136,1,TH,1,100,36.428
1715671505.160517,2838931.000,6153,1,TH,1,100,36.428
1715671505.294697,2839059.000,6184,1,TH,1,100,36.492
1715671505.427828,2839186.000,6204,1,TH,1,100,36.492
1715671505.562008,2839314.000,6221,1,TH,1,100,36.384
1715671505.697237,2839443.000,6240,1,TH,1,100,36.384
1715671505.830369,2839570.000,6277,1,TH,1,100,36.492
1715671505.964549,2839698.000,6293,1,TH,1,100,36.492
1715671506.097680,2839825.000,6310,1,TH,1,100,36.384
1715671506.229764,2839951.000,6327,1,TH,1,100,36.384
1715671506.362371,2840077.500,6362,2,TH,1,100,36.417
1715671506.494979,2840204.000,6362,2,TH,1,100,36.417
1715671506.628111,2840331.000,6381,1,TH,1,100,36.387
1715671506.762291,2840459.000,6416,1,TH,1,100,36.387
1715671506.896471,2840587.000,6431,1,TH,1,100,36.483
1715671507.030651,2840715.000,6448,1,TH,1,100,36.483
1715671507.162735,2840841.000,6465,1,TH,1,100,36.492
1715671507.293770,2840966.000,6484,1,TH,1,100,36.492
1715671507.424805,2841091.000,6521,1,TH,1,100,36.414
1715671507.557937,2841218.000,6537,1,TH,1,100,36.414
1715671507.691069,2841345.000,6554,1,TH,1,100,36.424
1715671507.826297,2841474.000,6571,1,TH,1,100,36.424
1715671507.959429,2841601.000,6588,1,TH,1,100,36.506
1715671508.092561,2841728.000,6620,1,TH,1,100,36.506
1715671508.226741,2841856.000,6641,1,TH,1,100,36.378
1715671508.357776,2841981.000,6658,1,TH,1,100,36.378
1715671508.488811,2842106.000,6675,1,TH,1,100,36.410
1715671508.622991,2842234.000,6706,1,TH,1,100,36.410
1715671508.755075,2842360.000,6727,1,TH,1,100,36.437
1715671508.889255,2842488.000,6743,1,TH,1,100,36.437
1715671509.024483,2842617.000,6762,1,TH,1,100,36.449
1715671509.158663,2842745.000,6779,1,TH,1,100,36.449
1715671509.292843,2842873.000,6813,1,TH,1,100,36.472
1715671509.424927,2842999.000,6831,1,TH,1,100,36.472
1715671509.557010,2843125.000,6847,1,TH,1,100,36.474
1715671509.689094,2843251.000,6864,1,TH,1,100,36.474
1715671509.822226,2843378.000,6898,1,TH,1,100,36.538
1715671509.955358,2843505.000,6914,1,TH,1,100,36.538
1715671510.089538,2843633.000,6932,1,TH,1,100,36.529
1715671510.223718,2843761.000,6951,1,TH,1,100,36.529
1715671510.357898,2843889.000,6982,1,TH,1,100,36.506
1715671510.489981,2844015.000,7000,1,TH,1,100,36.506
1715671510.621017,2844140.000,7019,1,TH,1,100,36.460
1715671510.752052,2844265.000,7038,1,TH,1,100,36.460
1715671510.885183,2844392.000,7070,1,TH,1,100,36.526
1715671511.018315,2844519.000,7086,1,TH,1,100,36.526
1715671511.153543,2844648.000,7109,1,TH,1,100,36.435
1715671511.286675,2844775.000,7125,1,TH,1,100,36.435
1715671511.419807,2844902.000,7145,1,TH,1,100,36.520
1715671511.553987,2845030.000,7179,1,TH,1,100,36.520
1715671511.685022,2845155.000,7195,1,TH,1,100,36.444
1715671511.816058,2845280.000,7213,1,TH,1,100,36.444
1715671511.950238,2845408.000,7232,1,TH,1,100,36.442
1715671512.082321,2845534.000,7264,1,TH,1,100,36.442
1715671512.216501,2845662.000,7285,1,TH,1,100,36.476
1715671512.351730,2845791.000,7301,1,TH,1,100,36.476
1715671512.485910,2845919.000,7319,1,TH,1,100,36.465
1715671512.620090,2846047.000,7353,1,TH,1,100,36.465
1715671512.753222,2846174.000,7369,1,TH,1,100,36.364
1715671512.885305,2846300.000,7387,1,TH,1,100,36.364
1715671513.016340,2846425.000,7403,1,TH,1,100,36.417
1715671513.149472,2846552.000,7438,1,TH,1,100,36.417
1715671513.282604,2846679.000,7455,1,TH,1,100,36.449
1715671513.416784,2846807.000,7471,1,TH,1,100,36.449
1715671513.550964,2846935.000,7489,1,TH,1,100,36.416
1715671513.685144,2847063.000,7520,1,TH,1,100,36.416
1715671513.817228,2847189.000,7537,1,TH,1,100,36.467
1715671513.949311,2847315.000,7554,1,TH,1,100,36.467
1715671514.080346,2847440.000,7570,1,TH,1,100,36.511
1715671514.213478,2847567.000,7602,1,TH,1,100,36.511
1715671514.346610,2847694.000,7619,1,TH,1,100,36.456
1715671514.481838,2847823.000,7638,1,TH,1,100,36.456
1715671514.614970,2847950.000,7655,1,TH,1,100,36.474
1715671514.748102,2848077.000,7687,1,TH,1,100,36.474
1715671514.883330,2848206.000,7709,1,TH,1,100,36.435
1715671515.014365,2848331.000,7726,1,TH,1,100,36.435
1715671515.145401,2848456.000,7743,1,TH,1,100,36.483
1715671515.279581,2848584.000,7779,1,TH,1,100,36.483
1715671515.411664,2848710.000,7797,1,TH,1,100,36.474
1715671515.545845,2848838.000,7813,1,TH,1,100,36.474
1715671515.680025,2848966.000,7830,1,TH,1,100,36.456
1715671515.814205,2849094.000,7850,1,TH,1,100,36.456
1715671515.948385,2849222.000,7883,1,TH,1,100,36.495
1715671516.080468,2849348.000,7901,1,TH,1,100,36.495
1715671516.212552,2849474.000,7917,1,TH,1,100,36.456
1715671516.343587,2849599.000,7934,1,TH,1,100,36.456
1715671516.476719,2849726.000,7974,1,TH,1,100,36.405
1715671516.609850,2849853.000,7992,1,TH,1,100,36.405
1715671516.744030,2849981.000,8009,1,TH,1,100,36.529
1715671516.878211,2850109.000,8026,1,TH,1,100,36.529
1715671517.012391,2850237.000,8043,1,TH,1,100,36.486
1715671517.144474,2850363.000,8080,1,TH,1,100,36.486
1715671517.276558,2850489.000,8096,1,TH,1,100,36.490
1715671517.407593,2850614.000,8113,1,TH,1,100,36.490
1715671517.540725,2850741.000,8130,1,TH,1,100,36.403
1715671517.673856,2850868.000,8161,1,TH,1,100,36.403
1715671517.809085,2850997.000,8182,1,TH,1,100,36.421
1715671517.942217,2851124.000,8198,1,TH,1,100,36.421
1715671518.075348,2851251.000,8217,1,TH,1,100,36.433
1715671518.210577,2851380.000,8249,1,TH,1,100,36.433
1715671518.341612,2851505.000,8268,1,TH,1,100,36.454
1715671518.472647,2851630.000,8286,1,TH,1,100,36.454
1715671518.606827,2851758.000,8302,1,TH,1,100,36.426
1715671518.738911,2851884.000,8336,1,TH,1,100,36.426
1715671518.873091,2852012.000,8353,1,TH,1,100,36.506
1715671519.007271,2852140.000,8369,1,TH,1,100,36.506
1715671519.141451,2852268.000,8404,1,TH,1,100,36.456
1715671519.275631,2852396.000,8421,1,TH,1,100,36.456
1715671519.407715,2852522.000,8439,1,TH,1,100,36.456
1715671519.539798,2852648.000,8457,1,TH,1,100,36.456
1715671519.670833,2852773.000,8491,1,TH,1,100,36.396
1715671519.803965,2852900.000,8510,1,TH,1,100,36.396
1715671519.937097,2853027.000,8527,1,TH,1,100,36.421
1715671520.071277,2853155.000,8543,1,TH,1,100,36.421
1715671520.205457,2853283.000,8575,1,TH,1,100,36.460
1715671520.339637,2853411.000,8595,1,TH,1,100,36.460
1715671520.471721,2853537.000,8612,1,TH,1,100,36.419
1715671520.603804,2853663.000,8629,1,TH,1,100,36.419
1715671520.734839,2853788.000,8661,1,TH,1,100,36.465
1715671520.867971,2853915.000,8680,1,TH,1,100,36.457
1715671521.001103,2854042.000,8697,1,TH,1,100,36.462
1715671521.136331,2854171.000,8714,1,TH,1,100,36.462
1715671521.269463,2854298.000,8731,1,TH,1,100,36.485
1715671521.402595,2854425.000,8763,1,TH,1,100,36.492
1715671521.537823,2854554.000,8779,1,TH,1,100,36.416
1715671521.668859,2854679.000,8796,1,TH,1,100,36.409
1715671521.799894,2854804.000,8816,1,TH,1,100,36.441
1715671521.933026,2854931.000,8838,1,TH,1,100,36.441
1715671522.065109,2855057.000,8854,1,TH,1,100,36.365
1715671522.199289,2855185.000,8893,1,TH,1,100,36.365
1715671522.333469,2855313.000,8910,1,TH,1,100,36.457
1715671522.467649,2855441.000,8927,1,TH,1,100,36.457
1715671522.601829,2855569.000,8958,1,TH,1,100,36.432
1715671522.733913,2855695.000,8976,1,TH,1,100,36.432
1715671522.865996,2855821.000,8992,1,TH,1,100,36.478
1715671522.997032,2855946.000,9012,1,TH,1,100,36.478
1715671523.130163,2856073.000,9044,1,TH,1,100,36.393
1715671523.263295,2856200.000,9060,1,TH,1,100,36.393
1715671523.397475,2856328.000,9077,1,TH,1,100,36.357
1715671523.531655,2856456.000,9097,1,TH,1,100,36.357
1715671523.665835,2856584.000,9130,1,TH,1,100,36.471
1715671523.797919,2856710.000,9148,1,TH,1,100,36.471
1715671523.930002,2856836.000,9164,1,TH,1,100,36.446
1715671524.061038,2856961.000,9181,1,TH,1,100,36.446
1715671524.194170,2857088.000,9201,1,TH,1,100,36.400
1715671524.327301,2857215.000,9232,1,TH,1,100,36.400
1715671524.462530,2857344.000,9250,1,TH,1,100,36.494
1715671524.595661,2857471.000,9268,1,TH,1,100,36.494
1715671524.728793,2857598.000,9285,1,TH,1,100,36.423
1715671524.864022,2857727.000,9320,1,TH,1,100,36.423
1715671524.995057,2857852.000,9336,1,TH,1,100,36.462
1715671525.126092,2857977.000,9354,1,TH,1,100,36.462
1715671525.259224,2858104.000,9370,1,TH,1,100,36.411
1715671525.391307,2858230.000,9405,1,TH,1,100,36.411
1715671525.525487,2858358.000,9422,1,TH,1,100,36.528
1715671525.659667,2858486.000,9438,1,TH,1,100,36.528
1715671525.793848,2858614.000,9470,1,TH,1,100,36.359
1715671525.928028,2858742.000,9487,1,TH,1,100,36.359
1715671526.060111,2858868.000,9503,1,TH,1,100,36.405
1715671526.192195,2858994.000,9524,1,TH,1,100,36.405
1715671526.322182,2859118.000,9555,1,TH,1,100,36.462
1715671526.455313,2859245.000,9572,1,TH,1,100,36.462
1715671526.588445,2859372.000,9589,1,TH,1,100,36.473
1715671526.722625,2859500.000,9608,1,TH,1,100,36.473
1715671526.856805,2859628.000,9626,1,TH,1,100,36.455
1715671526.990985,2859756.000,9657,1,TH,1,100,36.455
1715671527.123069,2859882.000,9676,1,TH,1,100,36.439
1715671527.256201,2860009.000,9701,1,TH,1,100,36.439
1715671527.387236,2860134.000,9717,1,TH,1,100,36.407
1715671527.520368,2860261.000,9735,1,TH,1,100,36.407
1715671527.653500,2860388.000,9768,1,TH,1,100,36.397
1715671527.788728,2860517.000,9785,1,TH,1,100,36.397
1715671527.921860,2860644.000,9802,1,TH,1,100,36.388
1715671528.054991,2860771.000,9821,1,TH,1,100,36.381
1715671528.191268,2860901.000,9853,1,TH,1,100,36.459
1715671528.322303,2861026.000,9870,1,TH,1,100,36.459
1715671528.453339,2861151.000,9887,1,TH,1,100,36.434
1715671528.585422,2861277.000,9904,1,TH,1,100,36.434
1715671528.717506,2861403.000,9939,1,TH,1,100,36.358
1715671528.851686,2861531.000,9955,1,TH,1,100,36.358
1715671528.985866,2861659.000,9972,1,TH,1,100,36.408
1715671529.118998,2861786.000,9989,1,TH,1,100,36.408
1715671529.254226,2861915.000,10020,1,TH,1,100,36.406
1715671529.386309,2862041.000,10041,1,TH,1,100,36.406
1715671529.518393,2862167.000,10057,1,TH,1,100,36.383
1715671529.648380,2862291.000,10074,1,TH,1,100,36.384
1715671529.781512,2862418.000,10091,1,TH,1,100,36.468
1715671529.914644,2862545.000,10125,1,TH,1,100,36.468
1715671530.048824,2862673.000,10142,1,TH,1,100,36.427
1715671530.183004,2862801.000,10159,1,TH,1,100,36.427
1715671530.317184,2862929.000,10176,1,TH,1,100,36.431
1715671530.450315,2863056.000,10208,1,TH,1,100,36.431
1715671530.583447,2863183.000,10227,1,TH,1,100,36.500
1715671530.714483,2863308.000,10244,1,TH,1,100,36.500
1715671530.847614,2863435.000,10261,1,TH,1,100,36.429
1715671530.980746,2863562.000,10292,1,TH,1,100,36.429
1715671531.115974,2863691.000,10313,1,TH,1,100,36.416
1715671531.249106,2863818.000,10329,1,TH,1,100,36.416
1715671531.383286,2863946.000,10346,1,TH,1,100,36.477
1715671531.519563,2864076.000,10378,1,TH,1,100,36.477
1715671531.650598,2864201.000,10394,1,TH,1,100,36.457
1715671531.781633,2864326.000,10412,1,TH,1,100,36.457
1715671531.913717,2864452.000,10431,1,TH,1,100,36.491
1715671532.045800,2864578.000,10463,1,TH,1,100,36.491
1715671532.179981,2864706.000,10482,1,TH,1,100,36.496
1715671532.314161,2864834.000,10498,1,TH,1,100,36.496
1715671532.447292,2864961.000,10516,1,TH,1,100,36.424
1715671532.582521,2865090.000,10555,1,TH,1,100,36.424
1715671532.714604,2865216.000,10572,1,TH,1,100,36.431
1715671532.846688,2865342.000,10589,1,TH,1,100,36.431
1715671532.976675,2865466.000,10605,1,TH,1,100,36.378
1715671533.109807,2865593.000,10623,1,TH,1,100,36.378
1715671533.242938,2865720.000,10657,1,TH,1,100,36.456
1715671533.377118,2865848.000,10673,1,TH,1,100,36.456
1715671533.511298,2865976.000,10691,1,TH,1,100,36.420
1715671533.645478,2866104.000,10722,1,TH,1,100,36.420
1715671533.778610,2866231.000,10742,1,TH,1,100,36.340
1715671533.911742,2866358.000,10759,1,TH,1,100,36.340
1715671534.042777,2866483.000,10775,1,TH,1,100,36.409
1715671534.175909,2866610.000,10807,1,TH,1,100,36.408
1715671534.307992,2866736.000,10824,1,TH,1,100,36.399
1715671534.443221,2866865.000,10844,1,TH,1,100,36.399
1715671534.576353,2866992.000,10863,1,TH,1,100,36.404
1715671534.710533,2867120.000,10895,1,TH,1,100,36.404
1715671534.846809,2867250.000,10911,1,TH,1,100,36.386
1715671534.977845,2867375.000,10928,1,TH,1,100,36.386
1715671535.108880,2867500.000,10945,1,TH,1,100,36.413
1715671535.239915,2867625.000,10976,1,TH,1,100,36.413
1715671535.371999,2867751.000,10994,1,TH,1,100,36.502
1715671535.506179,2867879.000,11010,1,TH,1,100,36.502
1715671535.640359,2868007.000,11029,1,TH,1,100,36.496
1715671535.773491,2868134.000,11049,1,TH,1,100,36.496
1715671535.908719,2868263.000,11080,1,TH,1,100,36.416
1715671536.041851,2868390.000,11097,1,TH,1,100,36.416
1715671536.174983,2868517.000,11114,1,TH,1,100,36.388
1715671536.304970,2868641.000,11134,1,TH,1,100,36.388
1715671536.438101,2868768.000,11166,1,TH,1,100,36.388
1715671536.571233,2868895.000,11184,1,TH,1,100,36.388
1715671536.705413,2869023.000,11201,1,TH,1,100,36.431
1715671536.839593,2869151.000,11218,1,TH,1,100,36.431
1715671536.973773,2869279.000,11252,1,TH,1,100,36.424
1715671537.107953,2869407.000,11270,1,TH,1,100,36.424
1715671537.241085,2869534.000,11288,1,TH,1,100,36.441
1715671537.372120,2869659.000,11322,1,TH,1,100,36.441
1715671537.504204,2869785.000,11339,1,TH,1,100,36.363
1715671537.636287,2869911.000,11358,1,TH,1,100,36.363
1715671537.771516,2870040.000,11376,1,TH,1,100,36.374
1715671537.904648,2870167.000,11392,1,TH,1,100,36.374
1715671538.038828,2870295.000,11429,1,TH,1,100,36.496
1715671538.172483,2870422.500,11449,2,TH,1,100,36.496
1715671538.306139,2870550.000,11449,2,TH,1,100,36.415
1715671538.437175,2870675.000,11468,1,TH,1,100,36.415
1715671538.568210,2870800.000,11485,1,TH,1,100,36.369
1715671538.700293,2870926.000,11517,1,TH,1,100,36.369
1715671538.834473,2871054.000,11536,1,TH,1,100,36.420
1715671538.968653,2871182.000,11553,1,TH,1,100,36.412
1715671539.101785,2871309.000,11570,1,TH,1,100,36.415
1715671539.237014,2871438.000,11601,1,TH,1,100,36.422
1715671539.369097,2871564.000,11620,1,TH,1,100,36.397
1715671539.503277,2871692.000,11637,1,TH,1,100,36.397
1715671539.633264,2871816.000,11671,1,TH,1,100,36.438
1715671539.766396,2871943.000,11689,1,TH,1,100,36.438
1715671539.899528,2872070.000,11705,1,TH,1,100,36.431
1715671540.033708,2872198.000,11722,1,TH,1,100,36.431
1715671540.167888,2872326.000,11742,1,TH,1,100,36.411
1715671540.302068,2872454.000,11775,1,TH,1,100,36.411
1715671540.436248,2872582.000,11793,1,TH,1,100,36.427
1715671540.569380,2872709.000,11809,1,TH,1,100,36.427
1715671540.700415,2872834.000,11841,1,TH,1,100,36.392
1715671540.831450,2872959.000,11861,1,TH,1,100,36.392
1715671540.963534,2873085.000,11877,1,TH,1,100,36.358
1715671541.098762,2873214.000,11895,1,TH,1,100,36.351
1715671541.231894,2873341.000,11911,1,TH,1,100,36.385
1715671541.366074,2873469.000,11945,1,TH,1,100,36.385
1715671541.502351,2873599.000,11965,1,TH,1,100,36.403
1715671541.633386,2873724.000,11981,1,TH,1,100,36.411
1715671541.765470,2873850.000,11999,1,TH,1,100,36.358
1715671541.896505,2873975.000,12030,1,TH,1,100,36.358
1715671542.028588,2874101.000,12047,1,TH,1,100,36.390
1715671542.162768,2874229.000,12069,1,TH,1,100,36.383
1715671542.296948,2874357.000,12085,1,TH,1,100,36.399
1715671542.430080,2874484.000,12119,1,TH,1,100,36.399
1715671542.565309,2874613.000,12139,1,TH,1,100,36.422
1715671542.698440,2874740.000,12155,1,TH,1,100,36.429
1715671542.832620,2874868.000,12173,1,TH,1,100,36.406
1715671542.962607,2874992.000,12204,1,TH,1,100,36.406
1715671543.095739,2875119.000,12221,1,TH,1,100,36.378
1715671543.227823,2875245.000,12240,1,TH,1,100,36.378
1715671543.362003,2875373.000,12261,1,TH,1,100,36.399
1715671543.496183,2875501.000,12282,1,TH,1,100,36.399
1715671543.630363,2875629.000,12313,1,TH,1,100,36.401
1715671543.764543,2875757.000,12330,1,TH,1,100,36.401
1715671543.897675,2875884.000,12347,1,TH,1,100,36.411
1715671544.028710,2876009.000,12363,1,TH,1,100,36.411
1715671544.159745,2876134.000,12386,1,TH,1,100,36.406
1715671544.291829,2876260.000,12417,1,TH,1,100,36.406
1715671544.427057,2876389.000,12434,1,TH,1,100,36.360
1715671544.560189,2876516.000,12451,1,TH,1,100,36.360
1715671544.694369,2876644.000,12470,1,TH,1,100,36.459
1715671544.830646,2876774.000,12502,1,TH,1,100,36.459
1715671544.961681,2876899.000,12521,1,TH,1,100,36.427
1715671545.093764,2877025.000,12538,1,TH,1,100,36.420
1715671545.224799,2877150.000,12555,1,TH,1,100,36.449
1715671545.356883,2877276.000,12590,1,TH,1,100,36.456
1715671545.491063,2877404.000,12606,1,TH,1,100,36.388
1715671545.625243,2877532.000,12623,1,TH,1,100,36.380
1715671545.758375,2877659.000,12640,1,TH,1,100,36.371
1715671545.893603,2877788.000,12673,1,TH,1,100,36.371
1715671546.026735,2877915.000,12694,1,TH,1,100,36.437
1715671546.160915,2878043.000,12710,1,TH,1,100,36.445
1715671546.290902,2878167.000,12727,1,TH,1,100,36.406
1715671546.424034,2878294.000,12759,1,TH,1,100,36.406
1715671546.556118,2878420.000,12778,1,TH,1,100,36.427
1715671546.690298,2878548.000,12795,1,TH,1,100,36.427
1715671546.824478,2878676.000,12812,1,TH,1,100,36.422
1715671546.958658,2878804.000,12843,1,TH,1,100,36.415
1715671547.092838,2878932.000,12865,1,TH,1,100,36.412
1715671547.225970,2879059.000,12881,1,TH,1,100,36.412
1715671547.357005,2879184.000,12901,1,TH,1,100,36.422
1715671547.488040,2879309.000,12933,1,TH,1,100,36.422
1715671547.620123,2879435.000,12949,1,TH,1,100,36.431
1715671547.755352,2879564.000,12967,1,TH,1,100,36.431
1715671547.888484,2879691.000,12986,1,TH,1,100,36.435
1715671548.022664,2879819.000,13020,1,TH,1,100,36.443
1715671548.158940,2879949.000,13037,1,TH,1,100,36.431
1715671548.289976,2880074.000,13053,1,TH,1,100,36.431
1715671548.422059,2880200.000,13071,1,TH,1,100,36.420
1715671548.553094,2880325.000,13102,1,TH,1,100,36.420
1715671548.685178,2880451.000,13127,1,TH,1,100,36.413
1715671548.819358,2880579.000,13146,1,TH,1,100,36.413
1715671548.953538,2880707.000,13162,1,TH,1,100,36.420
1715671549.086670,2880834.000,13180,1,TH,1,100,36.420
1715671549.221898,2880963.000,13196,1,TH,1,100,36.456
1715671549.355030,2881090.000,13228,1,TH,1,100,36.449
1715671549.489210,2881218.000,13245,1,TH,1,100,36.408
1715671549.619197,2881342.000,13261,1,TH,1,100,36.415
1715671549.752329,2881469.000,13279,1,TH,1,100,36.450
1715671549.884412,2881595.000,13312,1,TH,1,100,36.450
1715671550.018592,2881723.000,13332,1,TH,1,100,36.482
1715671550.152772,2881851.000,13349,1,TH,1,100,36.482
1715671550.286952,2881979.000,13365,1,TH,1,100,36.365
1715671550.421133,2882107.000,13400,1,TH,1,100,36.365
1715671550.554264,2882234.000,13417,1,TH,1,100,36.447
1715671550.685300,2882359.000,13435,1,TH,1,100,36.447
1715671550.816335,2882484.000,13453,1,TH,1,100,36.406
1715671550.948418,2882610.000,13469,1,TH,1,100,36.406
1715671551.083647,2882739.000,13504,1,TH,1,100,36.468
1715671551.216779,2882866.000,13521,1,TH,1,100,36.468
1715671551.350959,2882994.000,13537,1,TH,1,100,36.348
1715671551.487235,2883124.000,13571,1,TH,1,100,36.341
1715671551.618270,2883249.000,13588,1,TH,1,100,36.392
1715671551.750354,2883375.000,13608,1,TH,1,100,36.392
1715671551.881389,2883500.000,13625,1,TH,1,100,36.438
1715671552.013473,2883626.000,13657,1,TH,1,100,36.438
1715671552.147653,2883754.000,13675,1,TH,1,100,36.431
1715671552.281833,2883882.000,13692,1,TH,1,100,36.431
1715671552.414964,2884009.000,13709,1,TH,1,100,36.369
1715671552.550193,2884138.000,13731,1,TH,1,100,36.369
1715671552.683325,2884265.000,13763,1,TH,1,100,36.465
1715671552.817505,2884393.000,13779,1,TH,1,100,36.465
1715671552.947492,2884517.000,13799,1,TH,1,100,36.422
1715671553.080623,2884644.000,13816,1,TH,1,100,36.429
1715671553.211659,2884769.000,13833,1,TH,1,100,36.296
1715671553.345839,2884897.000,13867,1,TH,1,100,36.289
1715671553.480019,2885025.000,13883,1,TH,1,100,36.435
1715671553.614199,2885153.000,13900,1,TH,1,100,36.435
1715671553.748379,2885281.000,13917,1,TH,1,100,36.410
1715671553.881511,2885408.000,13951,1,TH,1,100,36.410
1715671554.012546,2885533.000,13974,1,TH,1,100,36.362
1715671554.142533,2885657.000,13990,1,TH,1,100,36.369
1715671554.274616,2885783.000,14012,1,TH,1,100,36.415
1715671554.409845,2885912.000,14029,1,TH,1,100,36.408
1715671554.542977,2886039.000,14060,1,TH,1,100,36.367
1715671554.677157,2886167.000,14078,1,TH,1,100,36.367
1715671554.813433,2886297.000,14094,1,TH,1,100,36.373
1715671554.944468,2886422.000,14111,1,TH,1,100,36.373
1715671555.077600,2886549.000,14146,1,TH,1,100,36.378
1715671555.208636,2886674.000,14162,1,TH,1,100,36.385
1715671555.340719,2886800.000,14179,1,TH,1,100,36.394
1715671555.474899,2886928.000,14198,1,TH,1,100,36.387
1715671555.609079,2887056.000,14232,1,TH,1,100,36.463
1715671555.742211,2887183.000,14250,1,TH,1,100,36.463
1715671555.877439,2887312.000,14266,1,TH,1,100,36.378
1715671556.010571,2887439.000,14283,1,TH,1,100,36.378
1715671556.144751,2887567.000,14315,1,TH,1,100,36.472
1715671556.274738,2887691.000,14334,1,TH,1,100,36.472
1715671556.407870,2887818.000,14352,1,TH,1,100,36.445
1715671556.538905,2887943.000,14368,1,TH,1,100,36.452
1715671556.673085,2888071.000,14400,1,TH,1,100,36.427
1715671556.807265,2888199.000,14417,1,TH,1,100,36.420
1715671556.941445,2888327.000,14436,1,TH,1,100,36.417
1715671557.075626,2888455.000,14454,1,TH,1,100,36.424
1715671557.208757,2888582.000,14487,1,TH,1,100,36.363
1715671557.339792,2888707.000,14504,1,TH,1,100,36.363
1715671557.469779,2888831.000,14521,1,TH,1,100,36.454
1715671557.601863,2888957.000,14540,1,TH,1,100,36.447
1715671557.737091,2889086.000,14574,1,TH,1,100,36.417
1715671557.870223,2889213.000,14591,1,TH,1,100,36.417
1715671558.004403,2889341.000,14607,1,TH,1,100,36.453
1715671558.140680,2889471.000,14625,1,TH,1,100,36.453
1715671558.271715,2889596.000,14659,1,TH,1,100,36.429
1715671558.404847,2889723.000,14676,1,TH,1,100,36.429
1715671558.535882,2889848.000,14693,1,TH,1,100,36.475
1715671558.667966,2889974.000,14709,1,TH,1,100,36.475
1715671558.802146,2890102.000,14741,1,TH,1,100,36.390
1715671558.936326,2890230.000,14758,1,TH,1,100,36.390
1715671559.069458,2890357.000,14778,1,TH,1,100,36.513
1715671559.204686,2890486.000,14795,1,TH,1,100,36.513
1715671559.338866,2890614.000,14827,1,TH,1,100,36.419
1715671559.473046,2890742.000,14851,1,TH,1,100,36.419
1715671559.603033,2890866.000,14868,1,TH,1,100,36.392
1715671559.736165,2890993.000,14885,1,TH,1,100,36.392
1715671559.867200,2891118.000,14902,1,TH,1,100,36.382
1715671560.001380,2891246.000,14934,1,TH,1,100,36.382
1715671560.135560,2891374.000,14953,1,TH,1,100,36.435
1715671560.269740,2891502.000,14972,1,TH,1,100,36.435
1715671560.403920,2891630.000,14989,1,TH,1,100,36.435
1715671560.537052,2891757.000,15020,1,TH,1,100,36.435
1715671560.668087,2891882.000,15041,1,TH,1,100,36.392
1715671560.798074,2892006.000,15057,1,TH,1,100,36.392
1715671560.930158,2892132.000,15074,1,TH,1,100,36.394
1715671561.065386,2892261.000,15091,1,TH,1,100,36.394
1715671561.198518,2892388.000,15124,1,TH,1,100,36.396
1715671561.332698,2892516.000,15141,1,TH,1,100,36.396
1715671561.468975,2892646.000,15161,1,TH,1,100,36.373
1715671561.600010,2892771.000,15178,1,TH,1,100,36.373
1715671561.733142,2892898.000,15210,1,TH,1,100,36.367
1715671561.864177,2893023.000,15226,1,TH,1,100,36.367
1715671561.996260,2893149.000,15245,1,TH,1,100,36.403
1715671562.130440,2893277.000,15267,1,TH,1,100,36.403
1715671562.264621,2893405.000,15298,1,TH,1,100,36.392
1715671562.397752,2893532.000,15316,1,TH,1,100,36.392
1715671562.532981,2893661.000,15332,1,TH,1,100,36.452
1715671562.667161,2893789.000,15367,1,TH,1,100,36.452
1715671562.801341,2893917.000,15386,1,TH,1,100,36.440
1715671562.931328,2894041.000,15402,1,TH,1,100,36.440
1715671563.063411,2894167.000,15420,1,TH,1,100,36.431
1715671563.194447,2894292.000,15454,1,TH,1,100,36.431
1715671563.328627,2894420.000,15471,1,TH,1,100,36.412
1715671563.462807,2894548.000,15488,1,TH,1,100,36.412
1715671563.596987,2894676.000,15504,1,TH,1,100,36.367
1715671563.731167,2894804.000,15522,1,TH,1,100,36.367
1715671563.864299,2894931.000,15555,1,TH,1,100,36.399
1715671563.996382,2895057.000,15575,1,TH,1,100,36.399
1715671564.126369,2895181.000,15592,1,TH,1,100,36.460
1715671564.258453,2895307.000,15608,1,TH,1,100,36.460
1715671564.393681,2895436.000,15640,1,TH,1,100,36.382
1715671564.526813,2895563.000,15660,1,TH,1,100,36.382
1715671564.660993,2895691.000,15676,1,TH,1,100,36.394
1715671564.797270,2895821.000,15694,1,TH,1,100,36.394
1715671564.928305,2895946.000,15715,1,TH,1,100,36.458
1715671565.062485,2896074.000,15749,1,TH,1,100,36.458
1715671565.193520,2896199.000,15766,1,TH,1,100,36.367
1715671565.325603,2896325.000,15785,1,TH,1,100,36.367
1715671565.458735,2896452.000,15803,1,TH,1,100,36.318
1715671565.592915,2896580.000,15834,1,TH,1,100,36.318
1715671565.726047,2896707.000,15851,1,TH,1,100,36.369
1715671565.861275,2896836.000,15871,1,TH,1,100,36.369
1715671565.995456,2896964.000,15889,1,TH,1,100,36.403
1715671566.128587,2897091.000,15921,1,TH,1,100,36.403
1715671566.259623,2897216.000,15938,1,TH,1,100,36.410
1715671566.390658,2897341.000,15955,1,TH,1,100,36.410
1715671566.521693,2897466.000,15972,1,TH,1,100,36.417
1715671566.655873,2897594.000,16007,1,TH,1,100,36.417
1715671566.790053,2897722.000,16023,1,TH,1,100,36.401
1715671566.924233,2897850.000,16042,1,TH,1,100,36.401
1715671567.058413,2897978.000,16059,1,TH,1,100,36.477
1715671567.191545,2898105.000,16095,1,TH,1,100,36.477
1715671567.324677,2898232.000,16112,1,TH,1,100,36.359
1715671567.454664,2898356.000,16129,1,TH,1,100,36.360
1715671567.586747,2898482.000,16146,1,TH,1,100,36.369
1715671567.721976,2898611.000,16178,1,TH,1,100,36.369
1715671567.855108,2898738.000,16199,1,TH,1,100,36.426
1715671567.989288,2898866.000,16216,1,TH,1,100,36.426
1715671568.125564,2898996.000,16233,1,TH,1,100,36.456
1715671568.257648,2899122.000,16264,1,TH,1,100,36.456
1715671568.391828,2899250.000,16282,1,TH,1,100,36.435
1715671568.522863,2899375.000,16301,1,TH,1,100,36.435
1715671568.654947,2899501.000,16318,1,TH,1,100,36.316
1715671568.787030,2899627.000,16335,1,TH,1,100,36.316
1715671568.921210,2899755.000,16368,1,TH,1,100,36.424
1715671569.054342,2899882.000,16386,1,TH,1,100,36.424
1715671569.189570,2900011.000,16402,1,TH,1,100,36.373
1715671569.324799,2900140.000,16437,1,TH,1,100,36.373
1715671569.457931,2900267.000,16454,1,TH,1,100,36.454
1715671569.588966,2900392.000,16470,1,TH,1,100,36.454
1715671569.720001,2900517.000,16491,2,TH,1,100,36.394
1715671569.851036,2900642.000,16491,2,TH,1,100,36.394
1715671569.985216,2900770.000,16509,1,TH,1,100,36.332
1715671570.119396,2900898.000,16541,1,TH,1,100,36.332
1715671570.253576,2901026.000,16563,1,TH,1,100,36.376
1715671570.387756,2901154.000,16583,1,TH,1,100,36.376
1715671570.520888,2901281.000,16600,1,TH,1,100,36.449
1715671570.655068,2901409.000,16634,1,TH,1,100,36.449
1715671570.785055,2901533.000,16650,1,TH,1,100,36.417
1715671570.917139,2901659.000,16667,1,TH,1,100,36.417
1715671571.051319,2901787.000,16687,1,TH,1,100,36.428
1715671571.184451,2901914.000,16718,1,TH,1,100,36.428
1715671571.318631,2902042.000,16736,1,TH,1,100,36.357
1715671571.454907,2902172.000,16752,1,TH,1,100,36.357
1715671571.586991,2902298.000,16769,1,TH,1,100,36.445
1715671571.721171,2902426.000,16804,1,TH,1,100,36.445
1715671571.852206,2902551.000,16820,1,TH,1,100,36.458
1715671571.983241,2902676.000,16839,1,TH,1,100,36.458
1715671572.115325,2902802.000,16858,1,TH,1,100,36.405
1715671572.249505,2902930.000,16892,1,TH,1,100,36.405
1715671572.382637,2903057.000,16910,1,TH,1,100,36.431
1715671572.517865,2903186.000,16926,1,TH,1,100,36.431
1715671572.652045,2903314.000,16943,1,TH,1,100,36.390
1715671572.785177,2903441.000,16975,1,TH,1,100,36.390
1715671572.917260,2903567.000,16994,1,TH,1,100,36.382
1715671573.048296,2903692.000,17012,1,TH,1,100,36.382
1715671573.179331,2903817.000,17028,1,TH,1,100,36.385
1715671573.313511,2903945.000,17045,1,TH,1,100,36.385
1715671573.447691,2904073.000,17077,1,TH,1,100,36.424
1715671573.581871,2904201.000,17096,1,TH,1,100,36.424
1715671573.716051,2904329.000,17116,1,TH,1,100,36.394
1715671573.849183,2904456.000,17132,1,TH,1,100,36.394
1715671573.984411,2904585.000,17164,1,TH,1,100,36.360
1715671574.114398,2904709.000,17181,1,TH,1,100,36.360
1715671574.246482,2904835.000,17200,1,TH,1,100,36.392
1715671574.380662,2904963.000,17218,1,TH,1,100,36.392
1715671574.513794,2905090.000,17251,1,TH,1,100,36.495
1715671574.647974,2905218.000,17267,1,TH,1,100,36.495
1715671574.784250,2905348.000,17285,1,TH,1,100,36.392
1715671574.916334,2905474.000,17319,1,TH,1,100,36.392
1715671575.050514,2905602.000,17336,1,TH,1,100,36.373
1715671575.181549,2905727.000,17353,1,TH,1,100,36.373
1715671575.312584,2905852.000,17369,1,TH,1,100,36.360
1715671575.444668,2905978.000,17404,1,TH,1,100,36.360
1715671575.578848,2906106.000,17426,1,TH,1,100,36.458
1715671575.711980,2906233.000,17445,1,TH,1,100,36.458
1715671575.847208,2906362.000,17462,1,TH,1,100,36.401
1715671575.982437,2906491.000,17478,1,TH,1,100,36.401
1715671576.115568,2906618.000,17513,1,TH,1,100,36.382
1715671576.247652,2906744.000,17530,1,TH,1,100,36.382
1715671576.378687,2906869.000,17547,1,TH,1,100,36.387
1715671576.509722,2906994.000,17564,1,TH,1,100,36.387
1715671576.643902,2907122.000,17596,1,TH,1,100,36.442
1715671576.778082,2907250.000,17612,1,TH,1,100,36.442
1715671576.912262,2907378.000,17634,1,TH,1,100,36.378
1715671577.046443,2907506.000,17651,1,TH,1,100,36.378
1715671577.179574,2907633.000,17684,1,TH,1,100,36.382
1715671577.314803,2907762.000,17701,1,TH,1,100,36.375
1715671577.444790,2907886.000,17721,1,TH,1,100,36.451
1715671577.576873,2908012.000,17738,1,TH,1,100,36.458
1715671577.710005,2908139.000,17770,1,TH,1,100,36.426
1715671577.843137,2908266.000,17786,1,TH,1,100,36.426
1715671577.977317,2908394.000,17805,1,TH,1,100,36.419
1715671578.113594,2908524.000,17825,1,TH,1,100,36.419
1715671578.245677,2908650.000,17856,1,TH,1,100,36.504
1715671578.379857,2908778.000,17874,1,TH,1,100,36.504
1715671578.510892,2908903.000,17890,1,TH,1,100,36.385
1715671578.640879,2909027.000,17907,1,TH,1,100,36.385
1715671578.772963,2909153.000,17944,1,TH,1,100,36.424
1715671578.907143,2909281.000,17960,1,TH,1,100,36.424
1715671579.040275,2909408.000,17978,1,TH,1,100,36.382
1715671579.175503,2909537.000,18009,1,TH,1,100,36.382
1715671579.309683,2909665.000,18026,1,TH,1,100,36.332
1715671579.442815,2909792.000,18046,1,TH,1,100,36.325
1715671579.575947,2909919.000,18062,1,TH,1,100,36.371
1715671579.706982,2910044.000,18080,1,TH,1,100,36.371
1715671579.838017,2910169.000,18111,1,TH,1,100,36.393
1715671579.972197,2910297.000,18127,1,TH,1,100,36.393
1715671580.106377,2910425.000,18148,1,TH,1,100,36.348
1715671580.240557,2910553.000,18164,1,TH,1,100,36.348
1715671580.374738,2910681.000,18196,1,TH,1,100,36.414
1715671580.507869,2910808.000,18213,1,TH,1,100,36.414
1715671580.643098,2910937.000,18229,1,TH,1,100,36.396
1715671580.773084,2911061.000,18264,1,TH,1,100,36.396
1715671580.905168,2911187.000,18281,1,TH,1,100,36.382
1715671581.038300,2911314.000,18303,1,TH,1,100,36.382
1715671581.171956,2911441.500,18325,2,TH,1,100,36.426
1715671581.305612,2911569.000,18325,2,TH,1,100,36.433
1715671581.441888,2911699.000,18357,1,TH,1,100,36.332
1715671581.573972,2911825.000,18373,1,TH,1,100,36.325
1715671581.708152,2911953.000,18393,1,TH,1,100,36.348
1715671581.839187,2912078.000,18409,1,TH,1,100,36.348
1715671581.970222,2912203.000,18442,1,TH,1,100,36.409
1715671582.102306,2912329.000,18461,1,TH,1,100,36.417
1715671582.236486,2912457.000,18477,1,TH,1,100,36.412
1715671582.369618,2912584.000,18495,1,TH,1,100,36.405
1715671582.504846,2912713.000,18526,1,TH,1,100,36.421
1715671582.640074,2912842.000,18543,1,TH,1,100,36.421
1715671582.773206,2912969.000,18560,1,TH,1,100,36.366
1715671582.907386,2913097.000,18581,1,TH,1,100,36.366
1715671583.038422,2913222.000,18613,1,TH,1,100,36.428
1715671583.169457,2913347.000,18635,1,TH,1,100,36.428
1715671583.303637,2913475.000,18651,1,TH,1,100,36.375
1715671583.436769,2913602.000,18669,1,TH,1,100,36.375
1715671583.570949,2913730.000,18700,1,TH,1,100,36.352
1715671583.705129,2913858.000,18717,1,TH,1,100,36.352
1715671583.838261,2913985.000,18737,1,TH,1,100,36.403
1715671583.973489,2914114.000,18753,1,TH,1,100,36.403
1715671584.103476,2914238.000,18787,1,TH,1,100,36.371
1715671584.235559,2914364.000,18804,1,TH,1,100,36.371
1715671584.367643,2914490.000,18821,1,TH,1,100,36.377
1715671584.500775,2914617.000,18838,1,TH,1,100,36.377
1715671584.634955,2914745.000,18873,1,TH,1,100,36.316
1715671584.771231,2914875.000,18889,1,TH,1,100,36.316
1715671584.903315,2915001.000,18906,1,TH,1,100,36.430
1715671585.037495,2915129.000,18923,1,TH,1,100,36.430
1715671585.168530,2915254.000,18957,1,TH,1,100,36.414
1715671585.299565,2915379.000,18975,1,TH,1,100,36.414
1715671585.431649,2915505.000,18991,1,TH,1,100,36.384
1715671585.565829,2915633.000,19008,1,TH,1,100,36.384
1715671585.698961,2915760.000,19040,1,TH,1,100,36.455
1715671585.834189,2915889.000,19059,1,TH,1,100,36.455
1715671585.968369,2916017.000,19076,1,TH,1,100,36.414
1715671586.101501,2916144.000,19093,1,TH,1,100,36.414
1715671586.235681,2916272.000,19124,1,TH,1,100,36.338
1715671586.366716,2916397.000,19150,1,TH,1,100,36.338
1715671586.497751,2916522.000,19166,1,TH,1,100,36.423
1715671586.630883,2916649.000,19184,1,TH,1,100,36.423
1715671586.764015,2916776.000,19200,1,TH,1,100,36.382
1715671586.898195,2916904.000,19217,1,TH,1,100,36.382
1715671587.032375,2917032.000,19254,1,TH,1,100,36.414
1715671587.165507,2917159.000,19270,1,TH,1,100,36.414
1715671587.300735,2917288.000,19287,1,TH,1,100,36.435
1715671587.430722,2917412.000,19304,1,TH,1,100,36.435
1715671587.562806,2917538.000,19335,1,TH,1,100,36.382
1715671587.694889,2917664.000,19356,1,TH,1,100,36.382
1715671587.828021,2917791.000,19372,1,TH,1,100,36.407
1715671587.962201,2917919.000,19389,1,TH,1,100,36.407
1715671588.098478,2918049.000,19423,1,TH,1,100,36.331
1715671588.230561,2918175.000,19439,1,TH,1,100,36.331
1715671588.364742,2918303.000,19460,1,TH,1,100,36.361
1715671588.496825,2918429.000,19476,1,TH,1,100,36.361
1715671588.627860,2918554.000,19510,1,TH,1,100,36.318
1715671588.759944,2918680.000,19527,1,TH,1,100,36.318
1715671588.894124,2918808.000,19546,1,TH,1,100,36.380
1715671589.027256,2918935.000,19564,1,TH,1,100,36.380
1715671589.162484,2919064.000,19595,1,TH,1,100,36.382
1715671589.296664,2919192.000,19612,1,TH,1,100,36.382
1715671589.429796,2919319.000,19629,1,TH,1,100,36.359
1715671589.565024,2919448.000,19645,1,TH,1,100,36.359
1715671589.696059,2919573.000,19680,1,TH,1,100,36.327
1715671589.827095,2919698.000,19697,1,TH,1,100,36.327
1715671589.960227,2919825.000,19713,1,TH,1,100,36.316
1715671590.093358,2919952.000,19731,1,TH,1,100,36.316
1715671590.227538,2920080.000,19765,1,TH,1,100,36.363
1715671590.361718,2920208.000,19782,1,TH,1,100,36.363
1715671590.494850,2920335.000,19799,1,TH,1,100,36.396
1715671590.630079,2920464.000,19815,1,TH,1,100,36.396
1715671590.760066,2920588.000,19847,1,TH,1,100,36.412
1715671590.892149,2920714.000,19867,1,TH,1,100,36.412
1715671591.024232,2920840.000,19884,1,TH,1,100,36.421
1715671591.157364,2920967.000,19901,1,TH,1,100,36.421
1715671591.291544,2921095.000,19917,1,TH,1,100,36.345
1715671591.427821,2921225.000,19952,1,TH,1,100,36.345
1715671591.559905,2921351.000,19969,1,TH,1,100,36.455
1715671591.694085,2921479.000,19988,1,TH,1,100,36.455
1715671591.826168,2921605.000,20010,1,TH,1,100,36.345
1715671591.957203,2921730.000,20026,1,TH,1,100,36.345
1715671592.089287,2921856.000,20046,1,TH,1,100,36.416
1715671592.223467,2921984.000,20065,1,TH,1,100,36.416
1715671592.355550,2922110.000,20097,1,TH,1,100,36.316
1715671592.490779,2922239.000,20114,1,TH,1,100,36.316
1715671592.624959,2922367.000,20130,1,TH,1,100,36.428
1715671592.758091,2922494.000,20148,1,TH,1,100,36.428
1715671592.893319,2922623.000,20182,1,TH,1,100,36.366
1715671593.024354,2922748.000,20199,1,TH,1,100,36.366
1715671593.155390,2922873.000,20216,1,TH,1,100,36.375
1715671593.287473,2922999.000,20232,1,TH,1,100,36.375
1715671593.420605,2923126.000,20264,1,TH,1,100,36.448
1715671593.554785,2923254.000,20284,1,TH,1,100,36.448
1715671593.688965,2923382.000,20301,1,TH,1,100,36.400
1715671593.822097,2923509.000,20318,1,TH,1,100,36.400
1715671593.957325,2923638.000,20350,1,TH,1,100,36.322
1715671594.087312,2923762.000,20369,1,TH,1,100,36.322
1715671594.219395,2923888.000,20386,1,TH,1,100,36.409
1715671594.351479,2924014.000,20403,1,TH,1,100,36.409
1715671594.484611,2924141.000,20434,1,TH,1,100,36.382
1715671594.618791,2924269.000,20452,1,TH,1,100,36.382
1715671594.755068,2924399.000,20468,1,TH,1,100,36.304
1715671594.887151,2924525.000,20488,1,TH,1,100,36.297
1715671595.021331,2924653.000,20520,1,TH,1,100,36.359
1715671595.154463,2924780.000,20536,1,TH,1,100,36.366
1715671595.285498,2924905.000,20553,1,TH,1,100,36.363
1715671595.417582,2925031.000,20573,1,TH,1,100,36.363
1715671595.551762,2925159.000,20604,1,TH,1,100,36.414
1715671595.683845,2925285.000,20624,1,TH,1,100,36.414
1715671595.819073,2925414.000,20640,1,TH,1,100,36.380
1715671595.954302,2925543.000,20657,1,TH,1,100,36.380
1715671596.087434,2925670.000,20689,1,TH,1,100,36.363
1715671596.222662,2925799.000,20708,1,TH,1,100,36.356
1715671596.353697,2925924.000,20726,1,TH,1,100,36.434
1715671596.483684,2926048.000,20742,1,TH,1,100,36.434
1715671596.616816,2926175.000,20774,1,TH,1,100,36.425
1715671596.749948,2926302.000,20794,1,TH,1,100,36.432
1715671596.884128,2926430.000,20810,1,TH,1,100,36.418
1715671597.018308,2926558.000,20828,1,TH,1,100,36.418
1715671597.151440,2926685.000,20866,1,TH,1,100,36.405
1715671597.286668,2926814.000,20884,1,TH,1,100,36.405
1715671597.416655,2926938.000,20902,1,TH,1,100,36.400
1715671597.548738,2927064.000,20918,1,TH,1,100,36.400
1715671597.680822,2927190.000,20950,1,TH,1,100,36.430
1715671597.813954,2927317.000,20967,1,TH,1,100,36.430
1715671597.948134,2927445.000,20989,1,TH,1,100,36.412
1715671598.084411,2927575.000,21007,1,TH,1,100,36.412
1715671598.216494,2927701.000,21038,1,TH,1,100,36.402
1715671598.350674,2927829.000,21057,1,TH,1,100,36.402
1715671598.483806,2927956.000,21074,1,TH,1,100,36.398
1715671598.614841,2928081.000,21109,1,TH,1,100,36.398
1715671598.746925,2928207.000,21125,1,TH,1,100,36.412
1715671598.881105,2928335.000,21142,1,TH,1,100,36.412
1715671599.012140,2928460.000,21159,1,TH,1,100,36.363
1715671599.147368,2928589.000,21178,1,TH,1,100,36.356
1715671599.281549,2928717.000,21213,1,TH,1,100,36.266
1715671599.414680,2928844.000,21229,1,TH,1,100,36.267
1715671599.549909,2928973.000,21246,1,TH,1,100,36.367
1715671599.680944,2929098.000,21278,1,TH,1,100,36.367
1715671599.810931,2929222.000,21294,1,TH,1,100,36.329
1715671599.943014,2929348.000,21314,1,TH,1,100,36.329
1715671600.076146,2929475.000,21331,1,TH,1,100,36.329
1715671600.210326,2929603.000,21348,1,TH,1,100,36.329
1715671600.344506,2929731.000,21380,1,TH,1,100,36.388
1715671600.477638,2929858.000,21396,1,TH,1,100,36.388
1715671600.612866,2929987.000,21416,1,TH,1,100,36.384
1715671600.742853,2930111.000,21448,1,TH,1,100,36.384
1715671600.875985,2930238.000,21466,1,TH,1,100,36.407
1715671601.008069,2930364.000,21484,1,TH,1,100,36.407
1715671601.141725,2930491.500,21503,2,TH,1,100,36.405
1715671601.275380,2930619.000,21503,2,TH,1,100,36.405
1715671601.411657,2930749.000,21535,1,TH,1,100,36.319
1715671601.543741,2930875.000,21552,1,TH,1,100,36.319
1715671601.677921,2931003.000,21569,1,TH,1,100,36.430
1715671601.812101,2931131.000,21603,1,TH,1,100,36.430
1715671601.943136,2931256.000,21621,1,TH,1,100,36.324
1715671602.075219,2931382.000,21641,1,TH,1,100,36.324
1715671602.208351,2931509.000,21658,1,TH,1,100,36.407
1715671602.339386,2931634.000,21690,1,TH,1,100,36.407
1715671602.474615,2931763.000,21709,1,TH,1,100,36.331
1715671602.608271,2931890.500,21734,2,TH,1,100,36.331
1715671602.741927,2932018.000,21734,2,TH,1,100,36.384
1715671602.877155,2932147.000,21750,1,TH,1,100,36.384
1715671603.008190,2932272.000,21768,1,TH,1,100,36.356
1715671603.138177,2932396.000,21802,1,TH,1,100,36.356
1715671603.270261,2932522.000,21819,1,TH,1,100,36.363
1715671603.403393,2932649.000,21836,1,TH,1,100,36.363
1715671603.537573,2932777.000,21852,1,TH,1,100,36.386
1715671603.671753,2932905.000,21886,1,TH,1,100,36.386
1715671603.804884,2933032.000,21906,1,TH,1,100,36.402
1715671603.940113,2933161.000,21922,1,TH,1,100,36.402
1715671604.071148,2933286.000,21940,1,TH,1,100,36.420
1715671604.204280,2933413.000,21971,1,TH,1,100,36.420
1715671604.336363,2933539.000,21993,1,TH,1,100,36.352
1715671604.469495,2933666.000,22010,1,TH,1,100,36.352
1715671604.603675,2933794.000,22026,1,TH,1,100,36.418
1715671604.739952,2933924.000,22058,1,TH,1,100,36.418
1715671604.872036,2934050.000,22075,1,TH,1,100,36.393
1715671605.006216,2934178.000,22095,1,TH,1,100,36.393
1715671605.140396,2934306.000,22112,1,TH,1,100,36.395
1715671605.271431,2934431.000,22144,1,TH,1,100,36.395
1715671605.403514,2934557.000,22160,1,TH,1,100,36.450
1715671605.536646,2934684.000,22179,1,TH,1,100,36.450
1715671605.667681,2934809.000,22199,1,TH,1,100,36.370
1715671605.802910,2934938.000,22230,1,TH,1,100,36.370
1715671605.937090,2935066.000,22248,1,TH,1,100,36.381
1715671606.070221,2935193.000,22264,1,TH,1,100,36.381
1715671606.205450,2935322.000,22281,1,TH,1,100,36.285
1715671606.336485,2935447.000,22318,1,TH,1,100,36.285
1715671606.466472,2935571.000,22334,1,TH,1,100,36.416
1715671606.598556,2935697.000,22351,1,TH,1,100,36.416
1715671606.731687,2935824.000,22368,1,TH,1,100,36.381
1715671606.865867,2935952.000,22399,1,TH,1,100,36.381
1715671607.000047,2936080.000,22419,1,TH,1,100,36.395
1715671607.133179,2936207.000,22435,1,TH,1,100,36.395
1715671607.268408,2936336.000,22454,1,TH,1,100,36.420
1715671607.399443,2936461.000,22486,1,TH,1,100,36.420
1715671607.532575,2936588.000,22502,1,TH,1,100,36.342
1715671607.664658,2936714.000,22523,1,TH,1,100,36.342
1715671607.797790,2936841.000,22539,1,TH,1,100,36.384
1715671607.930922,2936968.000,22556,1,TH,1,100,36.384
1715671608.067199,2937098.000,22578,1,TH,1,100,36.319
1715671608.199282,2937224.000,22598,1,TH,1,100,36.319
1715671608.333462,2937352.000,22632,1,TH,1,100,36.352
1715671608.467642,2937480.000,22648,1,TH,1,100,36.352
1715671608.598677,2937605.000,22665,1,TH,1,100,36.386
1715671608.730761,2937731.000,22682,1,TH,1,100,36.386
1715671608.862844,2937857.000,22713,1,TH,1,100,36.370
1715671608.993880,2937982.000,22734,1,TH,1,100,36.370
1715671609.129108,2938111.000,22752,1,TH,1,100,36.439
1715671609.263288,2938239.000,22769,1,TH,1,100,36.439
1715671609.396420,2938366.000,22801,1,TH,1,100,36.407
1715671609.531648,2938495.000,22820,1,TH,1,100,36.407
1715671609.662683,2938620.000,22838,1,TH,1,100,36.351
1715671609.793719,2938745.000,22854,1,TH,1,100,36.351
1715671609.925802,2938871.000,22871,1,TH,1,100,36.338
1715671610.058934,2938998.000,22905,1,TH,1,100,36.338
1715671610.193114,2939126.000,22924,1,TH,1,100,36.352
1715671610.327294,2939254.000,22942,1,TH,1,100,36.352
1715671610.460426,2939381.000,22958,1,TH,1,100,36.457
1715671610.595654,2939510.000,22990,1,TH,1,100,36.457
1715671610.727738,2939636.000,23010,1,TH,1,100,36.416
1715671610.860869,2939763.000,23026,1,TH,1,100,36.416
1715671610.992953,2939889.000,23044,1,TH,1,100,36.390
1715671611.126085,2940016.000,23077,1,TH,1,100,36.390
1715671611.258168,2940142.000,23094,1,TH,1,100,36.342
1715671611.394445,2940272.000,23111,1,TH,1,100,36.342
1715671611.526528,2940398.000,23130,1,TH,1,100,36.381
1715671611.660708,2940526.000,23148,1,TH,1,100,36.381
1715671611.794888,2940654.000,23181,1,TH,1,100,36.402
1715671611.925924,2940779.000,23198,1,TH,1,100,36.402
1715671612.058007,2940905.000,23217,1,TH,1,100,36.393
1715671612.190091,2941031.000,23236,1,TH,1,100,36.393
1715671612.321126,2941156.000,23268,1,TH,1,100,36.448
1715671612.456354,2941285.000,23285,1,TH,1,100,36.448
1715671612.591583,2941414.000,23303,1,TH,1,100,36.434
1715671612.724715,2941541.000,23321,1,TH,1,100,36.434
1715671612.859943,2941670.000,23355,1,TH,1,100,36.356
1715671612.990978,2941795.000,23372,1,TH,1,100,36.356
1715671613.123062,2941921.000,23389,1,TH,1,100,36.375
1715671613.255145,2942047.000,23405,1,TH,1,100,36.375
1715671613.388277,2942174.000,23431,1,TH,1,100,36.333
1715671613.522457,2942302.000,23447,1,TH,1,100,36.333
1715671613.656637,2942430.000,23481,1,TH,1,100,36.430
1715671613.789769,2942557.000,23498,1,TH,1,100,36.430
1715671613.924997,2942686.000,23514,1,TH,1,100,36.377
1715671614.058129,2942813.000,23532,1,TH,1,100,36.377
1715671614.191261,2942940.000,23563,1,TH,1,100,36.443
1715671614.323344,2943066.000,23580,1,TH,1,100,36.443
1715671614.456476,2943193.000,23599,1,TH,1,100,36.340
1715671614.588560,2943319.000,23615,1,TH,1,100,36.340
1715671614.724836,2943449.000,23639,1,TH,1,100,36.448
1715671614.856920,2943575.000,23670,1,TH,1,100,36.448
1715671614.991100,2943703.000,23687,1,TH,1,100,36.395
1715671615.125280,2943831.000,23704,1,TH,1,100,36.395
1715671615.256315,2943956.000,23722,1,TH,1,100,36.397
1715671615.388399,2944082.000,23757,1,TH,1,100,36.397
1715671615.520482,2944208.000,23774,1,TH,1,100,36.400
1715671615.651517,2944333.000,23791,1,TH,1,100,36.400
1715671615.786746,2944462.000,23808,1,TH,1,100,36.379
1715671615.920926,2944590.000,23840,1,TH,1,100,36.379
1715671616.054058,2944717.000,23859,1,TH,1,100,36.379
1715671616.189286,2944846.000,23876,1,TH,1,100,36.379
1715671616.321369,2944972.000,23893,1,TH,1,100,36.306
1715671616.453453,2945098.000,23926,1,TH,1,100,36.306
1715671616.585536,2945224.000,23947,1,TH,1,100,36.395
1715671616.718668,2945351.000,23963,1,TH,1,100,36.395
1715671616.851800,2945478.000,23980,1,TH,1,100,36.301
1715671616.985980,2945606.000,24014,1,TH,1,100,36.301
1715671617.119112,2945733.000,24033,1,TH,1,100,36.416
1715671617.254340,2945862.000,24052,1,TH,1,100,36.416
1715671617.387472,2945989.000,24069,1,TH,1,100,36.335
1715671617.520604,2946116.000,24100,1,TH,1,100,36.335
1715671617.652687,2946242.000,24118,1,TH,1,100,36.335
1715671617.783723,2946367.000,24134,1,TH,1,100,36.335
1715671617.915806,2946493.000,24151,1,TH,1,100,36.411
1715671618.052083,2946623.000,24188,1,TH,1,100,36.411
1715671618.184166,2946749.000,24204,1,TH,1,100,36.365
1715671618.318347,2946877.000,24222,1,TH,1,100,36.373
1715671618.452527,2947005.000,24238,1,TH,1,100,36.386
1715671618.583562,2947130.000,24273,1,TH,1,100,36.386
1715671618.716693,2947257.000,24295,1,TH,1,100,36.487
1715671618.848777,2947383.000,24311,1,TH,1,100,36.487
1715671618.979812,2947508.000,24329,1,TH,1,100,36.441
1715671619.115041,2947637.000,24345,1,TH,1,100,36.434
1715671619.249221,2947765.000,24380,1,TH,1,100,36.471
1715671619.382352,2947892.000,24397,1,TH,1,100,36.471
1715671619.517581,2948021.000,24413,1,TH,1,100,36.340
1715671619.650712,2948148.000,24431,1,TH,1,100,36.340
1715671619.782796,2948274.000,24465,1,TH,1,100,36.367
1715671619.914880,2948400.000,24484,1,TH,1,100,36.367
1715671620.048011,2948527.000,24501,1,TH,1,100,36.358
1715671620.180095,2948653.000,24517,1,TH,1,100,36.358
1715671620.314275,2948781.000,24549,1,TH,1,100,36.409
1715671620.447407,2948908.000,24569,1,TH,1,100,36.416
1715671620.582635,2949037.000,24585,1,TH,1,100,36.405
1715671620.715767,2949164.000,24605,1,TH,1,100,36.397
1715671620.848899,2949291.000,24636,1,TH,1,100,36.402
1715671620.980982,2949417.000,24653,1,TH,1,100,36.409
1715671621.112017,2949542.000,24670,1,TH,1,100,36.377
1715671621.244101,2949668.000,24686,1,TH,1,100,36.377
1715671621.380378,2949798.000,24718,1,TH,1,100,36.341
1715671621.512461,2949924.000,24735,1,TH,1,100,36.341
1715671621.646641,2950052.000,24752,1,TH,1,100,36.370
1715671621.780821,2950180.000,24772,1,TH,1,100,36.370
1715671621.911856,2950305.000,24804,1,TH,1,100,36.423
1715671622.046036,2950433.000,24822,1,TH,1,100,36.423
1715671622.178120,2950559.000,24839,1,TH,1,100,36.400
1715671622.309155,2950684.000,24856,1,TH,1,100,36.400
1715671622.443335,2950812.000,24890,1,TH,1,100,36.373
1715671622.577515,2950940.000,24908,1,TH,1,100,36.373
1715671622.710647,2951067.000,24926,1,TH,1,100,36.398
1715671622.845876,2951196.000,24943,1,TH,1,100,36.398
1715671622.979007,2951323.000,24978,1,TH,1,100,36.327
1715671623.111091,2951449.000,24994,1,TH,1,100,36.327
1715671623.243174,2951575.000,25011,1,TH,1,100,36.396
1715671623.375258,2951701.000,25028,1,TH,1,100,36.396
1715671623.506293,2951826.000,25062,1,TH,1,100,36.396
1715671623.640473,2951954.000,25080,1,TH,1,100,36.396
1715671623.773605,2952081.000,25096,1,TH,1,100,36.276
1715671623.908833,2952210.000,25113,1,TH,1,100,36.276
1715671624.041965,2952337.000,25152,1,TH,1,100,36.386
1715671624.175097,2952464.000,25168,1,TH,1,100,36.379
1715671624.308229,2952591.000,25189,1,TH,1,100,36.349
1715671624.439264,2952716.000,25205,1,TH,1,100,36.356
1715671624.571347,2952842.000,25222,1,TH,1,100,36.310
1715671624.707624,2952972.000,25254,1,TH,1,100,36.310
1715671624.839708,2953098.000,25270,1,TH,1,100,36.423
1715671624.973888,2953226.000,25291,1,TH,1,100,36.423
1715671625.108068,2953354.000,25309,1,TH,1,100,36.384
1715671625.241199,2953481.000,25341,1,TH,1,100,36.384
1715671625.375380,2953609.000,25358,1,TH,1,100,36.453
1715671625.507463,2953735.000,25374,1,TH,1,100,36.453
1715671625.638498,2953860.000,25392,1,TH,1,100,36.398
1715671625.771630,2953987.000,25426,1,TH,1,100,36.398
1715671625.905810,2954115.000,25443,1,TH,1,100,36.473
1715671626.038942,2954242.000,25460,1,TH,1,100,36.473
1715671626.174170,2954371.000,25478,1,TH,1,100,36.428
1715671626.307302,2954498.000,25499,1,TH,1,100,36.428
1715671626.439386,2954624.000,25530,1,TH,1,100,36.375
1715671626.571469,2954750.000,25547,1,TH,1,100,36.375
1715671626.703553,2954876.000,25564,1,TH,1,100,36.267
1715671626.833540,2955000.000,25580,1,TH,1,100,36.267
1715671626.968768,2955129.000,25617,1,TH,1,100,36.437
1715671627.101900,2955256.000,25634,1,TH,1,100,36.437
1715671627.237128,2955385.000,25650,1,TH,1,100,36.428
1715671627.370260,2955512.000,25668,1,TH,1,100,36.420
1715671627.503392,2955639.000,25702,1,TH,1,100,36.322
1715671627.637572,2955767.000,25719,1,TH,1,100,36.329
1715671627.768607,2955892.000,25736,1,TH,1,100,36.354
1715671627.900691,2956018.000,25752,1,TH,1,100,36.354
1715671628.036967,2956148.000,25786,1,TH,1,100,36.377
1715671628.169051,2956274.000,25806,1,TH,1,100,36.377
1715671628.303231,2956402.000,25823,1,TH,1,100,36.451
1715671628.437411,2956530.000,25840,1,TH,1,100,36.443
1715671628.570543,2956657.000,25856,1,TH,1,100,36.367
1715671628.704723,2956785.000,25890,1,TH,1,100,36.375
1715671628.836806,2956911.000,25907,1,TH,1,100,36.377
1715671628.967841,2957036.000,25924,1,TH,1,100,36.377
1715671629.100973,2957163.000,25941,1,TH,1,100,36.418
1715671629.235153,2957291.000,25973,1,TH,1,100,36.418
1715671629.368285,2957418.000,25989,1,TH,1,100,36.393
1715671629.503514,2957547.000,26014,1,TH,1,100,36.393
1715671629.636645,2957674.000,26031,1,TH,1,100,36.329
1715671629.768729,2957800.000,26050,1,TH,1,100,36.329
1715671629.900812,2957926.000,26066,1,TH,1,100,36.423
1715671630.032896,2958052.000,26087,1,TH,1,100,36.423
1715671630.162883,2958176.000,26103,1,TH,1,100,36.418
1715671630.298111,2958305.000,26135,1,TH,1,100,36.418
1715671630.431243,2958432.000,26152,1,TH,1,100,36.457
1715671630.566471,2958561.000,26168,1,TH,1,100,36.457
1715671630.699603,2958688.000,26186,1,TH,1,100,36.384
1715671630.832735,2958815.000,26222,1,TH,1,100,36.384
1715671630.966915,2958943.000,26239,1,TH,1,100,36.299
1715671631.097950,2959068.000,26256,1,TH,1,100,36.299
1715671631.230034,2959194.000,26272,1,TH,1,100,36.391
1715671631.366310,2959324.000,26307,1,TH,1,100,36.391
1715671631.498394,2959450.000,26326,1,TH,1,100,36.350
1715671631.632574,2959578.000,26343,1,TH,1,100,36.342
1715671631.766754,2959706.000,26360,1,TH,1,100,36.379
1715671631.900410,2959833.500,26392,2,TH,1,100,36.379
1715671632.034066,2959961.000,26392,2,TH,1,100,36.384
1715671632.166149,2960087.000,26413,1,TH,1,100,36.391
1715671632.297184,2960212.000,26431,1,TH,1,100,36.428
1715671632.429268,2960338.000,26462,1,TH,1,100,36.420
1715671632.563448,2960466.000,26479,1,TH,1,100,36.395
1715671632.696580,2960593.000,26498,1,TH,1,100,36.395
1715671632.831808,2960722.000,26514,1,TH,1,100,36.397
1715671632.964940,2960849.000,26546,1,TH,1,100,36.397
1715671633.097023,2960975.000,26563,1,TH,1,100,36.370
1715671633.229107,2961101.000,26582,1,TH,1,100,36.370
1715671633.361191,2961227.000,26600,1,TH,1,100,36.434
1715671633.491178,2961351.000,26616,1,TH,1,100,36.434
1715671633.626406,2961480.000,26650,1,TH,1,100,36.358
1715671633.759538,2961607.000,26670,1,TH,1,100,36.366
1715671633.894766,2961736.000,26686,1,TH,1,100,36.375
1715671634.027898,2961863.000,26704,1,TH,1,100,36.367
1715671634.161030,2961990.000,26735,1,TH,1,100,36.404
1715671634.296258,2962119.000,26752,1,TH,1,100,36.404
1715671634.427293,2962244.000,26769,1,TH,1,100,36.379
1715671634.559377,2962370.000,26806,1,TH,1,100,36.379
1715671634.695653,2962500.000,26822,1,TH,1,100,36.331
1715671634.827737,2962626.000,26844,1,TH,1,100,36.338
1715671634.961917,2962754.000,26861,1,TH,1,100,36.432
1715671635.096097,2962882.000,26878,1,TH,1,100,36.425
1715671635.229229,2963009.000,26897,1,TH,1,100,36.356
1715671635.363409,2963137.000,26929,1,TH,1,100,36.363
1715671635.495492,2963263.000,26946,1,TH,1,100,36.411
1715671635.626528,2963388.000,26965,1,TH,1,100,36.411
1715671635.758611,2963514.000,26982,1,TH,1,100,36.405
1715671635.892791,2963642.000,27017,1,TH,1,100,36.405
1715671636.025923,2963769.000,27033,1,TH,1,100,36.379
1715671636.161151,2963898.000,27050,1,TH,1,100,36.372
1715671636.294283,2964025.000,27067,1,TH,1,100,36.384
1715671636.426367,2964151.000,27087,1,TH,1,100,36.384
1715671636.558450,2964277.000,27103,1,TH,1,100,36.468
1715671636.690534,2964403.000,27137,1,TH,1,100,36.476
1715671636.820521,2964527.000,27154,1,TH,1,100,36.370
1715671636.955749,2964656.000,27171,1,TH,1,100,36.363
1715671637.088881,2964783.000,27190,1,TH,1,100,36.381
1715671637.224109,2964912.000,27225,1,TH,1,100,36.381
1715671637.357241,2965039.000,27243,1,TH,1,100,36.379
1715671637.490373,2965166.000,27260,1,TH,1,100,36.379
1715671637.625601,2965295.000,27292,1,TH,1,100,36.372
1715671637.756636,2965420.000,27311,1,TH,1,100,36.372
1715671637.888720,2965546.000,27328,1,TH,1,100,36.377
1715671638.024997,2965676.000,27345,1,TH,1,100,36.377
1715671638.157080,2965802.000,27376,1,TH,1,100,36.400
1715671638.291260,2965930.000,27394,1,TH,1,100,36.400
1715671638.425440,2966058.000,27413,1,TH,1,100,36.315
1715671638.558572,2966185.000,27432,1,TH,1,100,36.315
1715671638.692752,2966313.000,27464,1,TH,1,100,36.395
1715671638.824836,2966439.000,27480,1,TH,1,100,36.395
1715671638.955871,2966564.000,27501,1,TH,1,100,36.354
1715671639.087954,2966690.000,27517,1,TH,1,100,36.354
1715671639.222134,2966818.000,27549,1,TH,1,100,36.379
1715671639.355266,2966945.000,27566,1,TH,1,100,36.379
1715671639.490494,2967074.000,27582,1,TH,1,100,36.308
1715671639.623626,2967201.000,27600,1,TH,1,100,36.315
1715671639.755710,2967327.000,27634,1,TH,1,100,36.356
1715671639.887793,2967453.000,27651,1,TH,1,100,36.349
1715671640.019877,2967579.000,27668,1,TH,1,100,36.388
1715671640.149864,2967703.000,27684,1,TH,1,100,36.388
1715671640.285092,2967832.000,27724,1,TH,1,100,36.381
1715671640.418224,2967959.000,27743,1,TH,1,100,36.381
1715671640.553452,2968088.000,27759,1,TH,1,100,36.379
1715671640.686584,2968215.000,27777,1,TH,1,100,36.379
1715671640.819716,2968342.000,27808,1,TH,1,100,36.301
1715671640.954944,2968471.000,27825,1,TH,1,100,36.301
1715671641.085979,2968596.000,27845,1,TH,1,100,36.370
1715671641.218063,2968722.000,27861,1,TH,1,100,36.370
1715671641.353291,2968851.000,27895,1,TH,1,100,36.434
1715671641.485375,2968977.000,27915,1,TH,1,100,36.434
1715671641.619555,2969105.000,27932,1,TH,1,100,36.416
1715671641.753735,2969233.000,27949,1,TH,1,100,36.416
1715671641.886867,2969360.000,27965,1,TH,1,100,36.377
1715671642.021047,2969488.000,27999,1,TH,1,100,36.377
1715671642.153130,2969614.000,28016,1,TH,1,100,36.452
1715671642.283117,2969738.000,28035,1,TH,1,100,36.452
1715671642.415201,2969864.000,28055,1,TH,1,100,36.381
1715671642.549381,2969992.000,28087,1,TH,1,100,36.381
1715671642.682513,2970119.000,28103,1,TH,1,100,36.395
1715671642.817741,2970248.000,28123,1,TH,1,100,36.395
1715671642.950873,2970375.000,28140,1,TH,1,100,36.356
1715671643.082956,2970501.000,28173,1,TH,1,100,36.356
1715671643.216088,2970628.000,28191,1,TH,1,100,36.436
1715671643.348171,2970754.000,28207,1,TH,1,100,36.436
1715671643.478158,2970878.000,28224,1,TH,1,100,36.299
1715671643.613387,2971007.000,28244,1,TH,1,100,36.299
1715671643.747567,2971135.000,28275,1,TH,1,100,36.409
1715671643.882795,2971264.000,28293,1,TH,1,100,36.409
1715671644.015927,2971391.000,28309,1,TH,1,100,36.372
1715671644.149059,2971518.000,28326,1,TH,1,100,36.372
1715671644.284287,2971647.000,28363,1,TH,1,100,36.322
1715671644.415323,2971772.000,28379,1,TH,1,100,36.322
1715671644.547406,2971898.000,28396,1,TH,1,100,36.349
1715671644.682634,2972027.000,28413,1,TH,1,100,36.349
1715671644.814718,2972153.000,28447,1,TH,1,100,36.390
1715671644.948898,2972281.000,28465,1,TH,1,100,36.390
1715671645.083078,2972409.000,28483,1,TH,1,100,36.372
1715671645.216210,2972536.000,28500,1,TH,1,100,36.372
1715671645.350390,2972664.000,28532,1,TH,1,100,36.370
1715671645.482473,2972790.000,28551,1,TH,1,100,36.370
1715671645.613508,2972915.000,28572,2,TH,1,100,36.402
1715671645.744544,2973040.000,28572,2,TH,1,100,36.402
1715671645.878724,2973168.000,28588,1,TH,1,100,36.363
1715671646.011856,2973295.000,28622,1,TH,1,100,36.363
1715671646.147084,2973424.000,28642,1,TH,1,100,36.372
1715671646.280216,2973551.000,28659,1,TH,1,100,36.372
1715671646.412299,2973677.000,28676,1,TH,1,100,36.367
1715671646.546479,2973805.000,28708,1,TH,1,100,36.367
1715671646.678563,2973931.000,28727,1,TH,1,100,36.416
1715671646.808550,2974055.000,28744,1,TH,1,100,36.416
1715671646.943778,2974184.000,28761,1,TH,1,100,36.369
1715671647.076910,2974311.000,28794,1,TH,1,100,36.370
1715671647.212138,2974440.000,28813,1,TH,1,100,36.397
1715671647.345270,2974567.000,28830,1,TH,1,100,36.397
1715671647.478402,2974694.000,28864,1,TH,1,100,36.395
1715671647.613630,2974823.000,28882,1,TH,1,100,36.395
1715671647.744666,2974948.000,28898,1,TH,1,100,36.441
1715671647.876749,2975074.000,28915,1,TH,1,100,36.441
1715671648.010929,2975202.000,28934,1,TH,1,100,36.418
1715671648.143013,2975328.000,28968,1,TH,1,100,36.418
1715671648.277193,2975456.000,28986,1,TH,1,100,36.413
1715671648.411373,2975584.000,29002,1,TH,1,100,36.413
1715671648.544505,2975711.000,29019,1,TH,1,100,36.361
1715671648.678685,2975839.000,29051,1,TH,1,100,36.361
1715671648.810768,2975965.000,29070,1,TH,1,100,36.441
1715671648.941803,2976090.000,29088,1,TH,1,100,36.441
1715671649.073887,2976216.000,29104,1,TH,1,100,36.411
1715671649.208067,2976344.000,29138,1,TH,1,100,36.411
1715671649.341199,2976471.000,29158,1,TH,1,100,36.457
1715671649.476427,2976600.000,29174,1,TH,1,100,36.457
1715671649.609559,2976727.000,29206,1,TH,1,100,36.395
1715671649.741642,2976853.000,29223,1,TH,1,100,36.395
1715671649.876871,2976982.000,29239,1,TH,1,100,36.308
1715671650.008954,2977108.000,29257,1,TH,1,100,36.308
1715671650.138941,2977232.000,29291,1,TH,1,100,36.409
1715671650.274170,2977361.000,29310,1,TH,1,100,36.409
1715671650.406253,2977487.000,29327,1,TH,1,100,36.475
1715671650.541481,2977616.000,29343,1,TH,1,100,36.475
1715671650.674613,2977743.000,29375,1,TH,1,100,36.365
1715671650.807745,2977870.000,29392,1,TH,1,100,36.365
1715671650.942973,2977999.000,29415,1,TH,1,100,36.402
1715671651.074009,2978124.000,29434,1,TH,1,100,36.402
1715671651.206092,2978250.000,29450,1,TH,1,100,36.418
1715671651.339224,2978377.000,29485,1,TH,1,100,36.425
1715671651.471308,2978503.000,29502,1,TH,1,100,36.395
1715671651.605488,2978631.000,29519,1,TH,1,100,36.388
1715671651.739668,2978759.000,29536,1,TH,1,100,36.485
1715671651.872799,2978886.000,29573,1,TH,1,100,36.484
1715671652.006979,2979014.000,29591,1,TH,1,100,36.379
1715671652.139063,2979140.000,29608,1,TH,1,100,36.379
1715671652.271147,2979266.000,29625,1,TH,1,100,36.372
1715671652.403230,2979392.000,29656,1,TH,1,100,36.372
1715671652.537410,2979520.000,29677,1,TH,1,100,36.400
1715671652.670542,2979647.000,29693,1,TH,1,100,36.400
1715671652.805770,2979776.000,29710,1,TH,1,100,36.303
1715671652.938902,2979903.000,29742,1,TH,1,100,36.303
1715671653.070986,2980029.000,29763,1,TH,1,100,36.326
1715671653.206214,2980158.000,29781,1,TH,1,100,36.333
1715671653.338297,2980284.000,29797,1,TH,1,100,36.329
1715671653.468284,2980408.000,29814,1,TH,1,100,36.322
1715671653.602464,2980536.000,29846,1,TH,1,100,36.397
1715671653.734548,2980662.000,29862,1,TH,1,100,36.397
1715671653.868728,2980790.000,29882,1,TH,1,100,36.418
1715671654.002908,2980918.000,29899,1,TH,1,100,36.418
1715671654.136040,2981045.000,29916,1,TH,1,100,36.384
1715671654.271268,2981174.000,29950,1,TH,1,100,36.384
1715671654.402303,2981299.000,29966,1,TH,1,100,36.381
1715671654.533339,2981424.000,29986,1,TH,1,100,36.381
1715671654.666471,2981551.000,30003,1,TH,1,100,36.457
1715671654.798554,2981677.000,30034,1,TH,1,100,36.457
1715671654.932734,2981805.000,30052,1,TH,1,100,36.349
1715671655.066914,2981933.000,30068,1,TH,1,100,36.349
1715671655.200046,2982060.000,30090,1,TH,1,100,36.386
1715671655.334226,2982188.000,30122,1,TH,1,100,36.386
1715671655.468406,2982316.000,30138,1,TH,1,100,36.363
1715671655.600490,2982442.000,30156,1,TH,1,100,36.363
1715671655.732573,2982568.000,30188,1,TH,1,100,36.365
1715671655.866753,2982696.000,30205,1,TH,1,100,36.365
1715671655.998837,2982822.000,30224,1,TH,1,100,36.375
1715671656.134065,2982951.000,30240,1,TH,1,100,36.375
1715671656.267197,2983078.000,30279,1,TH,1,100,36.377
1715671656.399280,2983204.000,30299,1,TH,1,100,36.377
1715671656.534509,2983333.000,30316,1,TH,1,100,36.363
1715671656.666592,2983459.000,30333,1,TH,1,100,36.363
1715671656.796579,2983583.000,30349,1,TH,1,100,36.324
1715671656.929711,2983710.000,30383,1,TH,1,100,36.324
1715671657.061794,2983836.000,30403,1,TH,1,100,36.358
1715671657.195974,2983964.000,30419,1,TH,1,100,36.358
1715671657.330155,2984092.000,30437,1,TH,1,100,36.370
1715671657.463286,2984219.000,30470,1,TH,1,100,36.370
1715671657.598515,2984348.000,30487,1,TH,1,100,36.367
1715671657.729550,2984473.000,30507,1,TH,1,100,36.367
1715671657.861634,2984599.000,30523,1,TH,1,100,36.381
1715671657.994765,2984726.000,30555,1,TH,1,100,36.381
1715671658.126849,2984852.000,30572,1,TH,1,100,36.296
1715671658.261029,2984980.000,30589,1,TH,1,100,36.296
1715671658.395209,2985108.000,30609,1,TH,1,100,36.411
1715671658.528341,2985235.000,30643,1,TH,1,100,36.411
1715671658.662521,2985363.000,30659,1,TH,1,100,36.432
1715671658.796701,2985491.000,30676,1,TH,1,100,36.432
1715671658.928784,2985617.000,30693,1,TH,1,100,36.384
1715671659.060868,2985743.000,30727,1,TH,1,100,36.384
1715671659.195048,2985871.000,30745,1,TH,1,100,36.351
1715671659.326083,2985996.000,30761,1,TH,1,100,36.351
1715671659.461312,2986125.000,30778,1,TH,1,100,36.374
1715671659.594443,2986252.000,30815,1,TH,1,100,36.374
1715671659.726527,2986378.000,30831,1,TH,1,100,36.462
1715671659.861755,2986507.000,30848,1,TH,1,100,36.462
1715671659.993839,2986633.000,30865,1,TH,1,100,36.340
1715671660.123826,2986757.000,30896,1,TH,1,100,36.340
1715671660.256957,2986884.000,30914,1,TH,1,100,36.345
1715671660.389041,2987010.000,30933,1,TH,1,100,36.345
1715671660.523221,2987138.000,30950,1,TH,1,100,36.418
1715671660.657401,2987266.000,30984,1,TH,1,100,36.418
1715671660.790533,2987393.000,31003,1,TH,1,100,36.331
1715671660.925761,2987522.000,31021,1,TH,1,100,36.331
1715671661.056796,2987647.000,31037,1,TH,1,100,36.317
1715671661.188880,2987773.000,31069,1,TH,1,100,36.317
1715671661.322012,2987900.000,31086,1,TH,1,100,36.445
1715671661.454095,2988026.000,31102,1,TH,1,100,36.445
1715671661.588275,2988154.000,31123,1,TH,1,100,36.386
1715671661.722456,2988282.000,31146,1,TH,1,100,36.386
1715671661.855587,2988409.000,31178,1,TH,1,100,36.432
1715671661.989767,2988537.000,31197,1,TH,1,100,36.432
1715671662.123947,2988665.000,31213,1,TH,1,100,36.372
1715671662.256031,2988791.000,31231,1,TH,1,100,36.372
1715671662.388114,2988917.000,31262,1,TH,1,100,36.372
1715671662.522295,2989045.000,31279,1,TH,1,100,36.372
1715671662.653330,2989170.000,31296,1,TH,1,100,36.313
1715671662.787510,2989298.000,31319,2,TH,1,100,36.313
1715671662.921690,2989426.000,31319,2,TH,1,100,36.326
1715671663.053773,2989552.000,31335,1,TH,1,100,36.326
1715671663.189002,2989681.000,31367,1,TH,1,100,36.370
1715671663.321085,2989807.000,31384,1,TH,1,100,36.370
1715671663.451072,2989931.000,31403,1,TH,1,100,36.400
1715671663.584204,2990058.000,31421,1,TH,1,100,36.400
1715671663.716287,2990184.000,31452,1,TH,1,100,36.388
1715671663.850467,2990312.000,31469,1,TH,1,100,36.388
1715671663.984648,2990440.000,31488,1,TH,1,100,36.358
1715671664.117779,2990567.000,31504,1,TH,1,100,36.358
1715671664.253008,2990696.000,31539,1,TH,1,100,36.374
1715671664.384043,2990821.000,31556,1,TH,1,100,36.374
1715671664.517175,2990948.000,31572,1,TH,1,100,36.482
1715671664.650306,2991075.000,31590,1,TH,1,100,36.482
1715671664.782390,2991201.000,31626,1,TH,1,100,36.342
1715671664.916570,2991329.000,31643,1,TH,1,100,36.342
1715671665.050750,2991457.000,31660,1,TH,1,100,36.356
1715671665.183882,2991584.000,31676,1,TH,1,100,36.356
1715671665.318062,2991712.000,31708,1,TH,1,100,36.372
1715671665.452242,2991840.000,31728,1,TH,1,100,36.372
1715671665.584326,2991966.000,31745,1,TH,1,100,36.331
1715671665.716409,2992092.000,31762,1,TH,1,100,36.331
1715671665.850589,2992220.000,31796,1,TH,1,100,36.377
1715671665.981624,2992345.000,31815,1,TH,1,100,36.377
1715671666.116853,2992474.000,31832,1,TH,1,100,36.361
1715671666.249985,2992601.000,31849,1,TH,1,100,36.361
1715671666.382068,2992727.000,31880,1,TH,1,100,36.326
1715671666.517297,2992856.000,31897,1,TH,1,100,36.326
1715671666.649380,2992982.000,31914,1,TH,1,100,36.326
1715671666.780415,2993107.000,31934,1,TH,1,100,36.326
1715671666.913547,2993234.000,31970,1,TH,1,100,36.402
1715671667.045630,2993360.000,31991,1,TH,1,100,36.402
1715671667.179811,2993488.000,32008,1,TH,1,100,36.358
1715671667.313991,2993616.000,32025,1,TH,1,100,36.358
1715671667.447122,2993743.000,32059,1,TH,1,100,36.340
1715671667.582351,2993872.000,32077,1,TH,1,100,36.340
1715671667.714434,2993998.000,32093,1,TH,1,100,36.377
1715671667.847566,2994125.000,32110,1,TH,1,100,36.377
1715671667.980698,2994252.000,32142,1,TH,1,100,36.317
1715671668.112781,2994378.000,32161,1,TH,1,100,36.317
1715671668.244865,2994504.000,32181,1,TH,1,100,36.402
1715671668.379045,2994632.000,32197,1,TH,1,100,36.402
1715671668.512177,2994759.000,32232,1,TH,1,100,36.404
1715671668.646357,2994887.000,32249,1,TH,1,100,36.404
1715671668.780537,2995015.000,32265,1,TH,1,100,36.372
1715671668.912621,2995141.000,32285,1,TH,1,100,36.372
1715671669.044704,2995267.000,32301,1,TH,1,100,36.390
1715671669.176787,2995393.000,32333,1,TH,1,100,36.390
1715671669.307823,2995518.000,32353,1,TH,1,100,36.328
1715671669.443051,2995647.000,32369,1,TH,1,100,36.328
1715671669.576183,2995774.000,32387,1,TH,1,100,36.363
1715671669.708266,2995900.000,32418,1,TH,1,100,36.363
1715671669.843495,2996029.000,32437,1,TH,1,100,36.386
1715671669.975578,2996155.000,32457,1,TH,1,100,36.386
1715671670.107662,2996281.000,32488,1,TH,1,100,36.381
1715671670.240793,2996408.000,32505,1,TH,1,100,36.381
1715671670.372877,2996534.000,32522,1,TH,1,100,36.432
1715671670.507057,2996662.000,32541,1,TH,1,100,36.432
1715671670.641237,2996790.000,32573,1,TH,1,100,36.392
1715671670.774369,2996917.000,32590,1,TH,1,100,36.392
1715671670.909597,2997046.000,32607,1,TH,1,100,36.349
1715671671.042729,2997173.000,32624,1,TH,1,100,36.349
1715671671.175861,2997300.000,32656,1,TH,1,100,36.434
1715671671.308993,2997427.000,32674,1,TH,1,100,36.434
1715671671.441076,2997553.000,32691,1,TH,1,100,36.349
1715671671.572111,2997678.000,32708,1,TH,1,100,36.349
1715671671.706291,2997806.000,32739,1,TH,1,100,36.354
1715671671.839423,2997933.000,32759,1,TH,1,100,36.354
1715671671.973603,2998061.000,32780,1,TH,1,100,36.392
1715671672.107784,2998189.000,32797,1,TH,1,100,36.392
1715671672.239867,2998315.000,32829,1,TH,1,100,36.354
1715671672.371950,2998441.000,32858,2,TH,1,100,36.354
1715671672.504034,2998567.000,32858,2,TH,1,100,36.349
1715671672.635069,2998692.000,32874,1,TH,1,100,36.349
1715671672.770298,2998821.000,32891,1,TH,1,100,36.379
1715671672.903429,2998948.000,32908,1,TH,1,100,36.379
1715671673.035513,2999074.000,32927,1,TH,1,100,36.377
1715671673.170741,2999203.000,32946,1,TH,1,100,36.377
1715671673.302825,2999329.000,32978,1,TH,1,100,36.301
1715671673.435956,2999456.000,32995,1,TH,1,100,36.301
1715671673.569088,2999583.000,33012,1,TH,1,100,36.347
1715671673.701172,2999709.000,33029,1,TH,1,100,36.347
1715671673.834304,2999836.000,33064,1,TH,1,100,36.397
1715671673.968484,2999964.000,33080,1,TH,1,100,36.397
1715671674.101615,3000091.000,33097,1,TH,1,100,36.319
1715671674.236844,3000220.000,33114,1,TH,1,100,36.327
1715671674.369976,3000347.000,33150,1,TH,1,100,36.370
1715671674.503107,3000474.000,33168,1,TH,1,100,36.363
1715671674.636239,3000601.000,33184,1,TH,1,100,36.441
1715671674.767274,3000726.000,33201,1,TH,1,100,36.441
1715671674.898310,3000851.000,33233,1,TH,1,100,36.400
1715671675.032490,3000979.000,33249,1,TH,1,100,36.400
1715671675.165622,3001106.000,33268,1,TH,1,100,36.361
1715671675.299802,3001234.000,33288,1,TH,1,100,36.361
1715671675.433982,3001362.000,33305,1,TH,1,100,36.409
1715671675.566065,3001488.000,33337,1,TH,1,100,36.409
1715671675.699197,3001615.000,33356,1,TH,1,100,36.409
1715671675.831280,3001741.000,33373,1,TH,1,100,36.409
1715671675.962316,3001866.000,33390,1,TH,1,100,36.342
1715671676.097544,3001995.000,33421,1,TH,1,100,36.342
1715671676.230676,3002122.000,33444,1,TH,1,100,36.386
1715671676.362759,3002248.000,33460,1,TH,1,100,36.386
1715671676.497988,3002377.000,33477,1,TH,1,100,36.411
1715671676.631119,3002504.000,33509,1,TH,1,100,36.411
1715671676.764251,3002631.000,33525,1,TH,1,100,36.379
1715671676.897383,3002758.000,33543,1,TH,1,100,36.379
1715671677.029467,3002884.000,33564,1,TH,1,100,36.322
1715671677.162598,3003011.000,33598,1,TH,1,100,36.322
1715671677.296778,3003139.000,33615,1,TH,1,100,36.322
1715671677.429910,3003266.000,33631,1,TH,1,100,36.322
1715671677.565139,3003395.000,33649,1,TH,1,100,36.422
1715671677.698270,3003522.000,33683,1,TH,1,100,36.422
1715671677.831402,3003649.000,33705,1,TH,1,100,36.367
1715671677.964534,3003776.000,33721,1,TH,1,100,36.367
1715671678.095569,3003901.000,33737,1,TH,1,100,36.384
1715671678.226604,3004026.000,33755,1,TH,1,100,36.384
1715671678.360785,3004154.000,33776,1,TH,1,100,36.335
1715671678.493916,3004281.000,33793,1,TH,1,100,36.335
1715671678.628096,3004409.000,33825,1,TH,1,100,36.363
1715671678.762276,3004537.000,33844,1,TH,1,100,36.363
1715671678.894360,3004663.000,33862,1,TH,1,100,36.335
1715671679.027492,3004790.000,33878,1,TH,1,100,36.335
1715671679.159575,3004916.000,33912,1,TH,1,100,36.386
1715671679.290611,3005041.000,33929,1,TH,1,100,36.386
1715671679.425839,3005170.000,33945,1,TH,1,100,36.367
1715671679.558971,3005297.000,33963,1,TH,1,100,36.367
1715671679.691054,3005423.000,33994,1,TH,1,100,36.322
1715671679.826283,3005552.000,34010,1,TH,1,100,36.322
1715671679.959414,3005679.000,34031,1,TH,1,100,36.377
1715671680.092546,3005806.000,34047,1,TH,1,100,36.377
1715671680.225678,3005933.000,34079,1,TH,1,100,36.354
1715671680.357761,3006059.000,34098,1,TH,1,100,36.354
1715671680.489845,3006185.000,34114,1,TH,1,100,36.377
1715671680.624025,3006313.000,34132,1,TH,1,100,36.377
1715671680.757157,3006440.000,34163,1,TH,1,100,36.480
1715671680.892385,3006569.000,34183,1,TH,1,100,36.480
1715671681.025517,3006696.000,34200,1,TH,1,100,36.329
1715671681.158649,3006823.000,34232,1,TH,1,100,36.329
1715671681.291780,3006950.000,34248,1,TH,1,100,36.429
1715671681.422816,3007075.000,34268,1,TH,1,100,36.429
1715671681.553851,3007200.000,34287,1,TH,1,100,36.379
1715671681.688031,3007328.000,34304,1,TH,1,100,36.379
1715671681.821163,3007455.000,34336,1,TH,1,100,36.347
1715671681.955343,3007583.000,34354,1,TH,1,100,36.347
1715671682.089523,3007711.000,34371,1,TH,1,100,36.349
1715671682.221606,3007837.000,34408,1,TH,1,100,36.349
1715671682.354738,3007964.000,34424,1,TH,1,100,36.390
1715671682.486822,3008090.000,34441,1,TH,1,100,36.390
1715671682.617857,3008215.000,34458,1,TH,1,100,36.253
1715671682.753085,3008344.000,34478,1,TH,1,100,36.253
1715671682.886217,3008471.000,34512,1,TH,1,100,36.466
1715671683.018301,3008597.000,34528,1,TH,1,100,36.466
1715671683.153529,3008726.000,34545,1,TH,1,100,36.299
1715671683.286661,3008853.000,34568,1,TH,1,100,36.299
1715671683.419793,3008980.000,34587,1,TH,1,100,36.349
1715671683.552924,3009107.000,34605,1,TH,1,100,36.349
1715671683.685008,3009233.000,34621,1,TH,1,100,36.397
1715671683.817091,3009359.000,34638,1,TH,1,100,36.397
1715671683.951272,3009487.000,34655,1,TH,1,100,36.340
1715671684.084403,3009614.000,34686,1,TH,1,100,36.340
1715671684.218583,3009742.000,34707,1,TH,1,100,36.381
1715671684.352763,3009870.000,34723,1,TH,1,100,36.381
1715671684.485895,3009997.000,34742,1,TH,1,100,36.340
1715671684.619027,3010124.000,34777,1,TH,1,100,36.340
1715671684.750062,3010249.000,34793,1,TH,1,100,36.333
1715671684.881098,3010374.000,34813,1,TH,1,100,36.333
1715671685.015278,3010502.000,34829,1,TH,1,100,36.377
1715671685.148409,3010629.000,34861,1,TH,1,100,36.377
1715671685.282589,3010757.000,34881,1,TH,1,100,36.375
1715671685.416770,3010885.000,34897,1,TH,1,100,36.375
1715671685.548853,3011011.000,34915,1,TH,1,100,36.375
1715671685.683033,3011139.000,34931,1,TH,1,100,36.375
1715671685.815117,3011265.000,34963,1,TH,1,100,36.395
1715671685.946152,3011390.000,34985,1,TH,1,100,36.395
1715671686.080332,3011518.000,35001,1,TH,1,100,36.404
1715671686.213464,3011645.000,35019,1,TH,1,100,36.404
1715671686.345547,3011771.000,35050,1,TH,1,100,36.326
1715671686.480776,3011900.000,35067,1,TH,1,100,36.326
1715671686.613907,3012027.000,35087,1,TH,1,100,36.345
1715671686.747039,3012154.000,35103,1,TH,1,100,36.345
1715671686.880171,3012281.000,35137,1,TH,1,100,36.411
1715671687.012254,3012407.000,35154,1,TH,1,100,36.411
1715671687.143290,3012532.000,35170,1,TH,1,100,36.329
1715671687.277470,3012660.000,35193,1,TH,1,100,36.329
1715671687.410602,3012787.000,35224,1,TH,1,100,36.386
1715671687.544782,3012915.000,35241,1,TH,1,100,36.386
1715671687.678962,3013043.000,35258,1,TH,1,100,36.473
1715671687.812093,3013170.000,35277,1,TH,1,100,36.473
1715671687.945225,3013297.000,35311,1,TH,1,100,36.402
1715671688.076261,3013422.000,35328,1,TH,1,100,36.402
1715671688.207296,3013547.000,35345,1,TH,1,100,36.390
1715671688.341476,3013675.000,35362,1,TH,1,100,36.390
1715671688.474608,3013802.000,35394,1,TH,1,100,36.304
1715671688.608788,3013930.000,35414,2,TH,1,100,36.304
1715671688.742968,3014058.000,35414,2,TH,1,100,36.345
1715671688.875051,3014184.000,35434,1,TH,1,100,36.345
1715671689.010280,3014313.000,35451,1,TH,1,100,36.413
1715671689.142363,3014439.000,35472,1,TH,1,100,36.413
1715671689.273398,3014564.000,35504,1,TH,1,100,36.349
1715671689.407578,3014692.000,35521,1,TH,1,100,36.349
1715671689.540710,3014819.000,35538,1,TH,1,100,36.354
1715671689.672794,3014945.000,35555,1,TH,1,100,36.354
1715671689.808022,3015074.000,35591,1,TH,1,100,36.415
1715671689.941154,3015201.000,35606,1,TH,1,100,36.415
1715671690.074286,3015328.000,35623,1,TH,1,100,36.377
1715671690.207417,3015455.000,35640,1,TH,1,100,36.377
1715671690.339501,3015581.000,35657,1,TH,1,100,36.367
1715671690.470536,3015706.000,35691,1,TH,1,100,36.367
1715671690.604716,3015834.000,35707,1,TH,1,100,36.383
1715671690.737848,3015961.000,35727,1,TH,1,100,36.383
1715671690.872028,3016089.000,35744,1,TH,1,100,36.349
1715671691.006208,3016217.000,35777,1,TH,1,100,36.349
1715671691.139340,3016344.000,35794,1,TH,1,100,36.377
1715671691.272472,3016471.000,35814,1,TH,1,100,36.377
1715671691.403507,3016596.000,35831,1,TH,1,100,36.360
1715671691.534542,3016721.000,35863,1,TH,1,100,36.360
1715671691.668722,3016849.000,35882,1,TH,1,100,36.427
1715671691.801854,3016976.000,35899,1,TH,1,100,36.427
1715671691.936034,3017104.000,35918,1,TH,1,100,36.432
1715671692.070214,3017232.000,35935,1,TH,1,100,36.432
1715671692.203346,3017359.000,35967,1,TH,1,100,36.464
1715671692.338574,3017488.000,35983,1,TH,1,100,36.464
1715671692.470658,3017614.000,36003,1,TH,1,100,36.400
1715671692.601693,3017739.000,36035,1,TH,1,100,36.400
1715671692.734825,3017866.000,36051,1,TH,1,100,36.416
1715671692.867957,3017993.000,36069,1,TH,1,100,36.416
1715671693.000040,3018119.000,36088,1,TH,1,100,36.337
1715671693.135269,3018248.000,36105,1,TH,1,100,36.337
1715671693.268400,3018375.000,36137,1,TH,1,100,36.390
1715671693.401532,3018502.000,36153,1,TH,1,100,36.390
1715671693.534664,3018629.000,36171,1,TH,1,100,36.457
1715671693.665699,3018754.000,36207,1,TH,1,100,36.457
1715671693.798307,3018880.500,36225,2,TH,1,100,36.402
1715671693.930914,3019007.000,36225,2,TH,1,100,36.402
1715671694.064570,3019134.500,36250,2,TH,1,100,36.381
1715671694.198226,3019262.000,36250,2,TH,1,100,36.381
1715671694.331882,3019389.500,36271,2,TH,1,100,36.354
1715671694.465538,3019517.000,36271,2,TH,1,100,36.354
1715671694.599718,3019645.000,36303,1,TH,1,100,36.347
1715671694.730753,3019770.000,36320,1,TH,1,100,36.347
1715671694.861789,3019895.000,36337,1,TH,1,100,36.375
1715671694.995969,3020023.000,36357,1,TH,1,100,36.375
1715671695.128052,3020149.000,36373,1,TH,1,100,36.409
1715671695.262232,3020277.000,36405,1,TH,1,100,36.416
1715671695.396412,3020405.000,36422,1,TH,1,100,36.389
1715671695.529544,3020532.000,36444,1,TH,1,100,36.382
1715671695.664773,3020661.000,36463,1,TH,1,100,36.418
1715671695.796856,3020787.000,36479,1,TH,1,100,36.418
1715671695.927891,3020912.000,36511,1,TH,1,100,36.395
1715671696.059975,3021038.000,36528,1,TH,1,100,36.395
1715671696.193107,3021165.000,36545,1,TH,1,100,36.370
1715671696.325190,3021291.000,36565,1,TH,1,100,36.370
1715671696.460418,3021420.000,36583,1,TH,1,100,36.404
1715671696.593550,3021547.000,36615,1,TH,1,100,36.404
1715671696.726682,3021674.000,36632,1,TH,1,100,36.340
1715671696.859814,3021801.000,36652,1,TH,1,100,36.340
1715671696.991897,3021927.000,36671,1,TH,1,100,36.418
1715671697.122933,3022052.000,36703,1,TH,1,100,36.418
1715671697.257113,3022180.000,36719,1,TH,1,100,36.370
1715671697.390244,3022307.000,36738,1,TH,1,100,36.370
1715671697.524425,3022435.000,36755,1,TH,1,100,36.312
1715671697.658605,3022563.000,36789,1,TH,1,100,36.312
1715671697.791736,3022690.000,36806,1,TH,1,100,36.386
1715671697.926965,3022819.000,36823,1,TH,1,100,36.386
1715671698.058000,3022944.000,36854,1,TH,1,100,36.375
1715671698.189035,3023069.000,36875,1,TH,1,100,36.375
1715671698.322167,3023196.000,36891,1,TH,1,100,36.395
1715671698.454251,3023322.000,36908,1,TH,1,100,36.395
1715671698.588431,3023450.000,36940,1,TH,1,100,36.390
1715671698.722611,3023578.000,36958,1,TH,1,100,36.390
1715671698.855742,3023705.000,36981,1,TH,1,100,36.441
1715671698.990971,3023834.000,36997,1,TH,1,100,36.441
1715671699.123054,3023960.000,37029,1,TH,1,100,36.365
1715671699.254090,3024085.000,37046,1,TH,1,100,36.365
1715671699.385125,3024210.000,37065,1,TH,1,100,36.347
1715671699.518257,3024337.000,37088,1,TH,1,100,36.347
1715671699.650340,3024463.000,37104,1,TH,1,100,36.393
1715671699.785568,3024592.000,37122,1,TH,1,100,36.393
1715671699.918700,3024719.000,37138,1,TH,1,100,36.377
1715671700.051832,3024846.000,37155,1,TH,1,100,36.377
1715671700.184964,3024973.000,37190,1,TH,1,100,36.315
1715671700.318096,3025100.000,37206,1,TH,1,100,36.315
1715671700.449131,3025225.000,37223,1,TH,1,100,36.375
1715671700.583311,3025353.000,37242,1,TH,1,100,36.375
1715671700.716443,3025480.000,37276,1,TH,1,100,36.471
1715671700.850623,3025608.000,37294,1,TH,1,100,36.471
1715671700.984803,3025736.000,37310,1,TH,1,100,36.358
1715671701.117935,3025863.000,37327,1,TH,1,100,36.358
1715671701.254211,3025993.000,37359,1,TH,1,100,36.390
1715671701.385247,3026118.000,37375,1,TH,1,100,36.390
1715671701.516282,3026243.000,37396,1,TH,1,100,36.349
1715671701.648365,3026369.000,37412,1,TH,1,100,36.349
1715671701.780449,3026495.000,37444,1,TH,1,100,36.372
1715671701.914629,3026623.000,37468,1,TH,1,100,36.372
1715671702.048809,3026751.000,37486,1,TH,1,100,36.354
1715671702.181941,3026878.000,37504,1,TH,1,100,36.354
1715671702.317169,3027007.000,37535,1,TH,1,100,36.280
1715671702.449253,3027133.000,37552,1,TH,1,100,36.280
1715671702.580288,3027258.000,37569,1,TH,1,100,36.402
1715671702.711323,3027383.000,37590,1,TH,1,100,36.402
1715671702.844455,3027510.000,37622,1,TH,1,100,36.365
1715671702.976538,3027636.000,37639,1,TH,1,100,36.365
1715671703.111767,3027765.000,37655,1,TH,1,100,36.379
1715671703.244899,3027892.000,37673,1,TH,1,100,36.379
1715671703.378030,3028019.000,37707,1,TH,1,100,36.333
1715671703.512210,3028147.000,37724,1,TH,1,100,36.333
1715671703.645342,3028274.000,37743,1,TH,1,100,36.324
1715671703.776377,3028399.000,37759,1,TH,1,100,36.324
1715671703.910558,3028527.000,37794,1,TH,1,100,36.413
1715671704.042641,3028653.000,37811,1,TH,1,100,36.413
1715671704.176821,3028781.000,37828,1,TH,1,100,36.432
1715671704.311001,3028909.000,37845,1,TH,1,100,36.439
1715671704.444133,3029036.000,37877,1,TH,1,100,36.310
1715671704.580410,3029166.000,37896,1,TH,1,100,36.310
1715671704.711445,3029291.000,37913,1,TH,1,100,36.430
1715671704.842480,3029416.000,37947,2,TH,1,100,36.430
1715671704.973515,3029541.000,37947,2,TH,1,100,36.379
1715671705.105599,3029667.000,37965,1,TH,1,100,36.372
1715671705.239779,3029795.000,37986,1,TH,1,100,36.303
1715671705.373959,3029923.000,38017,1,TH,1,100,36.303
1715671705.507091,3030050.000,38034,1,TH,1,100,36.365
1715671705.642319,3030179.000,38053,1,TH,1,100,36.365
1715671705.774403,3030305.000,38069,1,TH,1,100,36.388
1715671705.906486,3030431.000,38104,1,TH,1,100,36.388
1715671706.037521,3030556.000,38121,1,TH,1,100,36.448
1715671706.170653,3030683.000,38138,1,TH,1,100,36.448
1715671706.302737,3030809.000,38155,1,TH,1,100,36.375
1715671706.437965,3030938.000,38190,1,TH,1,100,36.382
1715671706.571097,3031065.000,38206,1,TH,1,100,36.370
1715671706.704229,3031192.000,38223,1,TH,1,100,36.370
1715671706.839457,3031321.000,38242,1,TH,1,100,36.448
1715671706.972589,3031448.000,38275,1,TH,1,100,36.441
1715671707.103624,3031573.000,38295,1,TH,1,100,36.308
1715671707.236756,3031700.000,38312,1,TH,1,100,36.308
1715671707.368839,3031826.000,38329,1,TH,1,100,36.425
1715671707.503019,3031954.000,38361,1,TH,1,100,36.425
1715671707.637199,3032082.000,38377,1,TH,1,100,36.388
1715671707.770331,3032209.000,38397,1,TH,1,100,36.388
1715671707.906608,3032339.000,38431,1,TH,1,100,36.413
1715671708.037643,3032464.000,38447,1,TH,1,100,36.421
1715671708.168678,3032589.000,38465,1,TH,1,100,36.432
1715671708.299713,3032714.000,38481,1,TH,1,100,36.425
1715671708.431797,3032840.000,38501,1,TH,1,100,36.372
1715671708.565977,3032968.000,38533,1,TH,1,100,36.379
1715671708.700157,3033096.000,38549,1,TH,1,100,36.310
1715671708.833289,3033223.000,38567,1,TH,1,100,36.303
1715671708.968517,3033352.000,38585,1,TH,1,100,36.393
1715671709.101649,3033479.000,38620,1,TH,1,100,36.400
1715671709.234781,3033606.000,38637,1,TH,1,100,36.375
1715671709.365816,3033731.000,38653,1,TH,1,100,36.375
1715671709.498948,3033858.000,38671,1,TH,1,100,36.405
1715671709.629983,3033983.000,38702,1,TH,1,100,36.397
1715671709.765212,3034112.000,38718,1,TH,1,100,36.416
1715671709.898343,3034239.000,38738,1,TH,1,100,36.416
1715671710.031475,3034366.000,38754,1,TH,1,100,36.361
1715671710.166703,3034495.000,38786,1,TH,1,100,36.361
1715671710.298787,3034621.000,38811,2,TH,1,100,36.345
1715671710.430871,3034747.000,38811,2,TH,1,100,36.352
1715671710.561906,3034872.000,38828,1,TH,1,100,36.428
1715671710.693989,3034998.000,38845,1,TH,1,100,36.428
1715671710.828169,3035126.000,38862,1,TH,1,100,36.471
1715671710.962349,3035254.000,38896,1,TH,1,100,36.471
1715671711.095481,3035381.000,38914,1,TH,1,100,36.400
1715671711.231758,3035511.000,38930,1,TH,1,100,36.400
1715671711.362793,3035636.000,38947,1,TH,1,100,36.377
1715671711.495925,3035763.000,38981,1,TH,1,100,36.377
1715671711.626960,3035888.000,39000,1,TH,1,100,36.373
1715671711.759043,3036014.000,39018,1,TH,1,100,36.373
1715671711.893224,3036142.000,39036,1,TH,1,100,36.308
1715671712.027404,3036270.000,39053,1,TH,1,100,36.308
1715671712.160535,3036397.000,39090,1,TH,1,100,36.380
1715671712.295764,3036526.000,39106,1,TH,1,100,36.372
1715671712.430992,3036655.000,39123,1,TH,1,100,36.395
1715671712.564124,3036782.000,39140,1,TH,1,100,36.402
1715671712.695159,3036907.000,39171,1,TH,1,100,36.469
1715671712.827243,3037033.000,39189,1,TH,1,100,36.462
1715671712.957230,3037157.000,39208,1,TH,1,100,36.430
1715671713.092458,3037286.000,39225,1,TH,1,100,36.430
1715671713.225590,3037413.000,39259,1,TH,1,100,36.312
1715671713.358721,3037540.000,39275,1,TH,1,100,36.320
1715671713.493950,3037669.000,39293,1,TH,1,100,36.366
1715671713.627082,3037796.000,39312,1,TH,1,100,36.366
1715671713.758117,3037921.000,39344,1,TH,1,100,36.421
1715671713.889152,3038046.000,39361,1,TH,1,100,36.421
1715671714.021236,3038172.000,39377,1,TH,1,100,36.432
1715671714.155416,3038300.000,39395,1,TH,1,100,36.432
1715671714.289596,3038428.000,39429,1,TH,1,100,36.405
1715671714.422728,3038555.000,39446,1,TH,1,100,36.397
1715671714.557956,3038684.000,39465,1,TH,1,100,36.393
1715671714.690039,3038810.000,39481,1,TH,1,100,36.393
1715671714.824219,3038938.000,39516,1,TH,1,100,36.379
1715671714.955255,3039063.000,39533,1,TH,1,100,36.379
1715671715.087338,3039189.000,39549,1,TH,1,100,36.523
1715671715.220470,3039316.000,39567,1,TH,1,100,36.530
1715671715.354650,3039444.000,39600,1,TH,1,100,36.363
1715671715.487782,3039571.000,39617,1,TH,1,100,36.363
1715671715.623010,3039700.000,39634,1,TH,1,100,36.368
1715671715.757190,3039828.000,39654,1,TH,1,100,36.368
1715671715.890322,3039955.000,39671,1,TH,1,100,36.345
1715671716.021357,3040080.000,39690,1,TH,1,100,36.345
1715671716.152393,3040205.000,39708,1,TH,1,100,36.350
1715671716.282380,3040329.000,39724,1,TH,1,100,36.350
1715671716.417608,3040458.000,39758,1,TH,1,100,36.405
1715671716.550740,3040585.000,39775,1,TH,1,100,36.405
1715671716.683872,3040712.000,39791,1,TH,1,100,36.336
1715671716.819100,3040841.000,39812,1,TH,1,100,36.336
1715671716.952232,3040968.000,39845,1,TH,1,100,36.425
1715671717.084315,3041094.000,39862,1,TH,1,100,36.425
1715671717.215350,3041219.000,39879,1,TH,1,100,36.368
1715671717.347434,3041345.000,39898,1,TH,1,100,36.361
1715671717.481614,3041473.000,39932,1,TH,1,100,36.390
1715671717.615794,3041601.000,39949,1,TH,1,100,36.398
1715671717.748926,3041728.000,39965,1,TH,1,100,36.352
1715671717.884154,3041857.000,39983,1,TH,1,100,36.352
1715671718.017286,3041984.000,40017,1,TH,1,100,36.435
1715671718.151466,3042112.000,40034,1,TH,1,100,36.435
1715671718.282501,3042237.000,40051,1,TH,1,100,36.345
1715671718.414585,3042363.000,40069,1,TH,1,100,36.345
1715671718.546668,3042489.000,40090,1,TH,1,100,36.336
1715671718.680848,3042617.000,40121,1,TH,1,100,36.336
1715671718.813980,3042744.000,40138,1,TH,1,100,36.400
1715671718.949208,3042873.000,40155,1,TH,1,100,36.400
1715671719.083389,3043001.000,40171,1,TH,1,100,36.350
1715671719.216520,3043128.000,40203,1,TH,1,100,36.350
1715671719.347556,3043253.000,40223,1,TH,1,100,36.412
1715671719.478591,3043378.000,40242,1,TH,1,100,36.412
1715671719.608578,3043502.000,40259,1,TH,1,100,36.352
1715671719.743806,3043631.000,40291,1,TH,1,100,36.352
1715671719.876938,3043758.000,40307,1,TH,1,100,36.435
1715671720.010070,3043885.000,40327,1,TH,1,100,36.435
1715671720.145298,3044014.000,40344,1,TH,1,100,36.368
1715671720.278430,3044141.000,40375,1,TH,1,100,36.368
1715671720.411562,3044268.000,40392,1,TH,1,100,36.375
1715671720.542597,3044393.000,40409,1,TH,1,100,36.375
1715671720.674680,3044519.000,40428,1,TH,1,100,36.430
1715671720.808861,3044647.000,40463,1,TH,1,100,36.430
1715671720.943041,3044775.000,40479,1,TH,1,100,36.380
1715671721.077221,3044903.000,40504,2,TH,1,100,36.380
1715671721.211401,3045031.000,40504,2,TH,1,100,36.414
1715671721.344532,3045158.000,40521,1,TH,1,100,36.414
1715671721.478713,3045286.000,40541,1,TH,1,100,36.386
1715671721.609748,3045411.000,40557,1,TH,1,100,36.386
1715671721.740783,3045536.000,40574,1,TH,1,100,36.448
1715671721.872867,3045662.000,40613,1,TH,1,100,36.448
1715671722.007047,3045790.000,40629,1,TH,1,100,36.396
1715671722.140178,3045917.000,40647,1,TH,1,100,36.396
1715671722.275407,3046046.000,40663,1,TH,1,100,36.350
1715671722.409587,3046174.000,40698,1,TH,1,100,36.350
1715671722.542719,3046301.000,40717,1,TH,1,100,36.423
1715671722.674802,3046427.000,40733,1,TH,1,100,36.423
1715671722.805837,3046552.000,40751,1,TH,1,100,36.403
1715671722.935824,3046676.000,40782,1,TH,1,100,36.403
1715671723.071053,3046805.000,40799,1,TH,1,100,36.416
1715671723.204185,3046932.000,40819,1,TH,1,100,36.416
1715671723.337316,3047059.000,40835,1,TH,1,100,36.416
1715671723.472545,3047188.000,40867,1,TH,1,100,36.416
1715671723.605676,3047315.000,40884,1,TH,1,100,36.418
1715671723.739856,3047443.000,40902,1,TH,1,100,36.418
1715671723.870892,3047568.000,40923,1,TH,1,100,36.391
1715671724.002975,3047694.000,40954,1,TH,1,100,36.391
1715671724.136107,3047821.000,40971,1,TH,1,100,36.389
1715671724.270287,3047949.000,40988,1,TH,1,100,36.389
1715671724.403419,3048076.000,41004,1,TH,1,100,36.402
1715671724.538647,3048205.000,41025,1,TH,1,100,36.402
1715671724.671779,3048332.000,41056,1,TH,1,100,36.400
1715671724.804387,3048458.500,41074,2,TH,1,100,36.400
1715671724.936994,3048585.000,41074,2,TH,1,100,36.299
1715671725.068030,3048710.000,41095,1,TH,1,100,36.299
1715671725.200113,3048836.000,41113,1,TH,1,100,36.409
1715671725.334293,3048964.000,41129,1,TH,1,100,36.409
1715671725.467425,3049091.000,41161,1,TH,1,100,36.388
1715671725.602653,3049220.000,41178,1,TH,1,100,36.388
1715671725.736833,3049348.000,41197,1,TH,1,100,36.354
1715671725.869965,3049475.000,41215,1,TH,1,100,36.354
1715671726.002049,3049601.000,41248,1,TH,1,100,36.368
1715671726.133084,3049726.000,41265,1,TH,1,100,36.368
1715671726.263071,3049850.000,41282,1,TH,1,100,36.327
1715671726.398299,3049979.000,41298,1,TH,1,100,36.327
1715671726.531431,3050106.000,41321,1,TH,1,100,36.361
1715671726.664563,3050233.000,41337,1,TH,1,100,36.361
1715671726.799791,3050362.000,41355,1,TH,1,100,36.430
1715671726.932923,3050489.000,41373,1,TH,1,100,36.430
1715671727.067103,3050617.000,41396,1,TH,1,100,36.446
1715671727.198138,3050742.000,41412,1,TH,1,100,36.446
1715671727.330222,3050868.000,41429,1,TH,1,100,36.338
1715671727.462305,3050994.000,41446,1,TH,1,100,36.338
1715671727.596485,3051122.000,41466,1,TH,1,100,36.396
1715671727.729617,3051249.000,41498,1,TH,1,100,36.396
1715671727.864846,3051378.000,41514,1,TH,1,100,36.437
1715671727.997977,3051505.000,41531,1,TH,1,100,36.437
1715671728.132157,3051633.000,41548,1,TH,1,100,36.423
1715671728.263193,3051758.000,41579,1,TH,1,100,36.423
1715671728.393179,3051882.000,41600,1,TH,1,100,36.405
1715671728.525263,3052008.000,41618,1,TH,1,100,36.405
1715671728.659443,3052136.000,41635,1,TH,1,100,36.428
1715671728.792575,3052263.000,41667,1,TH,1,100,36.428
1715671728.927279,3052391.500,41687,2,TH,1,100,36.398
1715671729.061983,3052520.000,41687,2,TH,1,100,36.398
1715671729.195115,3052647.000,41704,1,TH,1,100,36.308
1715671729.328247,3052774.000,41737,1,TH,1,100,36.308
1715671729.459282,3052899.000,41755,1,TH,1,100,36.386
1715671729.589269,3053023.000,41774,1,TH,1,100,36.386
1715671729.724498,3053152.000,41791,1,TH,1,100,36.414
1715671729.857629,3053279.000,41808,1,TH,1,100,36.414
1715671729.990761,3053406.000,41839,1,TH,1,100,36.423
1715671730.125989,3053535.000,41857,1,TH,1,100,36.423
1715671730.260170,3053663.000,41876,1,TH,1,100,36.398
1715671730.394350,3053791.000,41910,1,TH,1,100,36.398
1715671730.525385,3053916.000,41927,1,TH,1,100,36.341
1715671730.657468,3054042.000,41943,1,TH,1,100,36.341
1715671730.788503,3054167.000,41961,1,TH,1,100,36.473
1715671730.922683,3054295.000,41995,1,TH,1,100,36.473
1715671731.056864,3054423.000,42012,2,TH,1,100,36.345
1715671731.191044,3054551.000,42012,2,TH,1,100,36.345
1715671731.324176,3054678.000,42043,1,TH,1,100,36.368
1715671731.458356,3054806.000,42066,1,TH,1,100,36.368
1715671731.589391,3054931.000,42082,1,TH,1,100,36.409
1715671731.720426,3055056.000,42099,1,TH,1,100,36.409
1715671731.852509,3055182.000,42122,1,TH,1,100,36.334
1715671731.986690,3055310.000,42140,1,TH,1,100,36.334
1715671732.119821,3055437.000,42158,1,TH,1,100,36.403
1715671732.255050,3055566.000,42177,1,TH,1,100,36.403
1715671732.389230,3055694.000,42194,1,TH,1,100,36.473
1715671732.522362,3055821.000,42228,1,TH,1,100,36.473
1715671732.656542,3055949.000,42244,1,TH,1,100,36.455
1715671732.787577,3056074.000,42265,1,TH,1,100,36.455
1715671732.917564,3056198.000,42281,1,TH,1,100,36.338
1715671733.051744,3056326.000,42314,2,TH,1,100,36.338
1715671733.185924,3056454.000,42314,2,TH,1,100,36.354
1715671733.319056,3056581.000,42347,1,TH,1,100,36.354
1715671733.454284,3056710.000,42368,1,TH,1,100,36.283
1715671733.588464,3056838.000,42384,1,TH,1,100,36.283
1715671733.722644,3056966.000,42401,1,TH,1,100,36.380
1715671733.853680,3057091.000,42433,1,TH,1,100,36.380
1715671733.985763,3057217.000,42452,1,TH,1,100,36.444
1715671734.116798,3057342.000,42470,1,TH,1,100,36.444
1715671734.250978,3057470.000,42486,1,TH,1,100,36.418
1715671734.384110,3057597.000,42518,1,TH,1,100,36.418
1715671734.519339,3057726.000,42535,1,TH,1,100,36.341
1715671734.652470,3057853.000,42553,1,TH,1,100,36.341
1715671734.786650,3057981.000,42574,1,TH,1,100,36.361
1715671734.917686,3058106.000,42605,1,TH,1,100,36.361
1715671735.049245,3058231.500,42622,2,TH,1,100,36.382
1715671735.180804,3058357.000,42622,2,TH,1,100,36.382
1715671735.314984,3058485.000,42656,1,TH,1,100,36.473
1715671735.448116,3058612.000,42674,1,TH,1,100,36.473
1715671735.583344,3058741.000,42690,1,TH,1,100,36.377
1715671735.717525,3058869.000,42707,1,TH,1,100,36.377
1715671735.850657,3058996.000,42741,1,TH,1,100,36.338
1715671735.984837,3059124.000,42760,1,TH,1,100,36.338
1715671736.115872,3059249.000,42778,1,TH,1,100,36.375
1715671736.245859,3059373.000,42794,1,TH,1,100,36.375
1715671736.381087,3059502.000,42811,1,TH,1,100,36.375
1715671736.514219,3059629.000,42846,1,TH,1,100,36.375
1715671736.647351,3059756.000,42864,1,TH,1,100,36.421
1715671736.782579,3059885.000,42882,1,TH,1,100,36.421
1715671736.916759,3060013.000,42900,1,TH,1,100,36.453
1715671737.050939,3060141.000,42932,1,TH,1,100,36.453
1715671737.182498,3060266.500,42958,2,TH,1,100,36.345
1715671737.314058,3060392.000,42958,2,TH,1,100,36.345
1715671737.446666,3060518.500,42974,2,TH,1,100,36.341
1715671737.579273,3060645.000,42974,2,TH,1,100,36.341
1715671737.712405,3060772.000,42991,1,TH,1,100,36.490
1715671737.847633,3060901.000,43026,1,TH,1,100,36.490
1715671737.980765,3061028.000,43044,1,TH,1,100,36.464
1715671738.114945,3061156.000,43062,1,TH,1,100,36.464
1715671738.244932,3061280.000,43078,1,TH,1,100,36.345
1715671738.377016,3061406.000,43110,1,TH,1,100,36.345
1715671738.509099,3061532.000,43127,1,TH,1,100,36.363
1715671738.643279,3061660.000,43146,1,TH,1,100,36.363
1715671738.776411,3061787.000,43164,1,TH,1,100,36.389
1715671738.911639,3061916.000,43197,1,TH,1,100,36.389
1715671739.045820,3062044.000,43213,1,TH,1,100,36.403
1715671739.178951,3062171.000,43231,1,TH,1,100,36.403
1715671739.313131,3062299.000,43250,1,TH,1,100,36.476
1715671739.444865,3062424.667,43283,3,TH,1,100,36.476
1715671739.576599,3062550.333,43283,3,TH,1,100,36.423
1715671739.708333,3062676.000,43283,3,TH,1,100,36.423
1715671739.842514,3062804.000,43307,3,TH,1,100,36.386
1715671739.976694,3062932.000,43307,3,TH,1,100,36.386
1715671740.110874,3063060.000,43307,3,TH,1,100,36.320
1715671740.244355,3063187.333,43328,3,TH,1,100,36.320
1715671740.377836,3063314.667,43328,3,TH,1,100,36.405
1715671740.511317,3063442.000,43328,3,TH,1,100,36.405
1715671740.641304,3063566.000,43344,1,TH,1,100,36.325
1715671740.772340,3063691.000,43362,1,TH,1,100,36.325
1715671740.906520,3063819.000,43378,1,TH,1,100,36.384
1715671741.039651,3063946.000,43410,1,TH,1,100,36.384
1715671741.174880,3064075.000,43430,1,TH,1,100,36.363
1715671741.308012,3064202.000,43448,1,TH,1,100,36.363
1715671741.442192,3064330.000,43466,1,TH,1,100,36.338
1715671741.574275,3064456.000,43497,1,TH,1,100,36.338
1715671741.705310,3064581.000,43513,1,TH,1,100,36.462
1715671741.837394,3064707.000,43533,1,TH,1,100,36.462
1715671741.971574,3064835.000,43549,1,TH,1,100,36.357
1715671742.104706,3064962.000,43586,1,TH,1,100,36.357
1715671742.239934,3065091.000,43603,1,TH,1,100,36.393
1715671742.375163,3065220.000,43619,1,TH,1,100,36.393
1715671742.508294,3065347.000,43637,1,TH,1,100,36.421
1715671742.641426,3065474.000,43677,2,TH,1,100,36.421
1715671742.774558,3065601.000,43677,2,TH,1,100,36.366
1715671742.904545,3065725.000,43693,1,TH,1,100,36.366
1715671743.038725,3065853.000,43730,1,TH,1,100,36.373
1715671743.171857,3065980.000,43747,1,TH,1,100,36.373
1715671743.304988,3066107.000,43763,1,TH,1,100,36.352
1715671743.440217,3066236.000,43781,1,TH,1,100,36.352
1715671743.574397,3066364.000,43812,1,TH,1,100,36.416
1715671743.708577,3066492.000,43832,1,TH,1,100,36.424
1715671743.839612,3066617.000,43849,1,TH,1,100,36.355
1715671743.971696,3066743.000,43865,1,TH,1,100,36.348
1715671744.102731,3066868.000,43883,1,TH,1,100,36.444
1715671744.236911,3066996.000,43914,1,TH,1,100,36.444
1715671744.370043,3067123.000,43932,1,TH,1,100,36.352
1715671744.505271,3067252.000,43950,1,TH,1,100,36.352
1715671744.638403,3067379.000,43981,1,TH,1,100,36.389
1715671744.772583,3067507.000,43998,1,TH,1,100,36.389
1715671744.903618,3067632.000,44015,1,TH,1,100,36.439
1715671745.035702,3067758.000,44034,1,TH,1,100,36.439
1715671745.167785,3067884.000,44068,1,TH,1,100,36.412
1715671745.301965,3068012.000,44085,1,TH,1,100,36.419
1715671745.434049,3068138.000,44102,1,TH,1,100,36.440
1715671745.569277,3068267.000,44122,1,TH,1,100,36.432
1715671745.703457,3068395.000,44154,1,TH,1,100,36.446
1715671745.836589,3068522.000,44170,1,TH,1,100,36.446
1715671745.971817,3068651.000,44187,1,TH,1,100,36.421
1715671746.102853,3068776.000,44204,1,TH,1,100,36.421
1715671746.232840,3068900.000,44240,1,TH,1,100,36.455
1715671746.365971,3069027.000,44258,1,TH,1,100,36.455
1715671746.499103,3069154.000,44274,1,TH,1,100,36.389
1715671746.632235,3069281.000,44291,1,TH,1,100,36.389
1715671746.767463,3069410.000,44328,1,TH,1,100,36.375
1715671746.901644,3069538.000,44344,1,TH,1,100,36.375
1715671747.035824,3069666.000,44361,1,TH,1,100,36.403
1715671747.166859,3069791.000,44378,1,TH,1,100,36.403
1715671747.298942,3069917.000,44409,1,TH,1,100,36.496
1715671747.429977,3070042.000,44427,1,TH,1,100,36.496
1715671747.564157,3070170.000,44443,1,TH,1,100,36.428
1715671747.697289,3070297.000,44460,1,TH,1,100,36.428
1715671747.832518,3070426.000,44492,1,TH,1,100,36.398
1715671747.965650,3070553.000,44514,1,TH,1,100,36.398
1715671748.098781,3070680.000,44539,2,TH,1,100,36.396
1715671748.231913,3070807.000,44539,2,TH,1,100,36.403
1715671748.363997,3070933.000,44556,1,TH,1,100,36.396
1715671748.496080,3071059.000,44573,1,TH,1,100,36.389
1715671748.630260,3071187.000,44589,1,TH,1,100,36.414
1715671748.762344,3071313.000,44607,1,TH,1,100,36.421
1715671748.897572,3071442.000,44643,1,TH,1,100,36.440
1715671749.031752,3071570.000,44660,1,TH,1,100,36.433
1715671749.164884,3071697.000,44677,1,TH,1,100,36.407
1715671749.300112,3071826.000,44696,1,TH,1,100,36.407
1715671749.431148,3071951.000,44728,1,TH,1,100,36.407
1715671749.561134,3072075.000,44745,1,TH,1,100,36.415
1715671749.694266,3072202.000,44761,1,TH,1,100,36.419
1715671749.827398,3072329.000,44779,1,TH,1,100,36.412
1715671749.960530,3072456.000,44812,1,TH,1,100,36.363
1715671750.095758,3072585.000,44832,1,TH,1,100,36.363
1715671750.229938,3072713.000,44849,1,TH,1,100,36.416
1715671750.364118,3072841.000,44865,1,TH,1,100,36.416
1715671750.495154,3072966.000,44883,1,TH,1,100,36.382
1715671750.627237,3073092.000,44917,1,TH,1,100,36.382
1715671750.758272,3073217.000,44934,1,TH,1,100,36.458
1715671750.892452,3073345.000,44951,1,TH,1,100,36.458
1715671751.025584,3073472.000,44967,1,TH,1,100,36.297
1715671751.160813,3073601.000,45001,1,TH,1,100,36.304
1715671751.293944,3073728.000,45018,1,TH,1,100,36.451
1715671751.428124,3073856.000,45038,1,TH,1,100,36.444
1715671751.560208,3073982.000,45055,1,TH,1,100,36.412
1715671751.692291,3074108.000,45087,1,TH,1,100,36.412
1715671751.824375,3074234.000,45105,1,TH,1,100,36.446
1715671751.958555,3074362.000,45125,1,TH,1,100,36.446
1715671752.089590,3074487.000,45142,1,TH,1,100,36.361
1715671752.224818,3074616.000,45175,1,TH,1,100,36.361
1715671752.358999,3074744.000,45193,1,TH,1,100,36.416
1715671752.492131,3074871.000,45209,1,TH,1,100,36.416
1715671752.627359,3075000.000,45226,1,TH,1,100,36.371
1715671752.758394,3075125.000,45261,1,TH,1,100,36.371
1715671752.888381,3075249.000,45277,1,TH,1,100,36.348
1715671753.020464,3075375.000,45294,1,TH,1,100,36.348
1715671753.153596,3075502.000,45311,1,TH,1,100,36.467
1715671753.286728,3075629.000,45345,1,TH,1,100,36.467
1715671753.421956,3075758.000,45363,1,TH,1,100,36.364
1715671753.556136,3075886.000,45387,2,TH,1,100,36.364
1715671753.690316,3076014.000,45387,2,TH,1,100,36.398
1715671753.821352,3076139.000,45404,1,TH,1,100,36.398
1715671753.954484,3076266.000,45438,1,TH,1,100,36.412
1715671754.085519,3076391.000,45456,1,TH,1,100,36.412
1715671754.219699,3076519.000,45472,1,TH,1,100,36.389
1715671754.352831,3076646.000,45489,1,TH,1,100,36.389
1715671754.488059,3076775.000,45521,1,TH,1,100,36.410
1715671754.621191,3076902.000,45540,1,TH,1,100,36.410
1715671754.755371,3077030.000,45558,1,TH,1,100,36.375
1715671754.888503,3077157.000,45591,1,TH,1,100,36.382
1715671755.020586,3077283.000,45608,1,TH,1,100,36.382
1715671755.152670,3077409.000,45627,1,TH,1,100,36.375
1715671755.286850,3077537.000,45643,1,TH,1,100,36.481
1715671755.417885,3077662.000,45678,1,TH,1,100,36.481
1715671755.553113,3077791.000,45695,1,TH,1,100,36.403
1715671755.687294,3077919.000,45711,1,TH,1,100,36.403
1715671755.820425,3078046.000,45729,1,TH,1,100,36.439
1715671755.955654,3078175.000,45748,1,TH,1,100,36.447
1715671756.086689,3078300.000,45782,1,TH,1,100,36.424
1715671756.216676,3078424.000,45799,1,TH,1,100,36.424
1715671756.348759,3078550.000,45815,1,TH,1,100,36.399
1715671756.481891,3078677.000,45833,1,TH,1,100,36.399
1715671756.615023,3078804.000,45867,1,TH,1,100,36.327
1715671756.750251,3078933.000,45884,1,TH,1,100,36.327
1715671756.884431,3079061.000,45903,1,TH,1,100,36.385
1715671757.018611,3079189.000,45919,1,TH,1,100,36.385
1715671757.149647,3079314.000,45951,1,TH,1,100,36.376
1715671757.282778,3079441.000,45971,1,TH,1,100,36.368
1715671757.413814,3079566.000,45988,1,TH,1,100,36.389
1715671757.547994,3079694.000,46005,1,TH,1,100,36.396
1715671757.681125,3079821.000,46039,1,TH,1,100,36.419
1715671757.816354,3079950.000,46058,1,TH,1,100,36.419
1715671757.950010,3080077.500,46076,2,TH,1,100,36.396
1715671758.083666,3080205.000,46076,2,TH,1,100,36.396
1715671758.216798,3080332.000,46092,1,TH,1,100,36.410
1715671758.348881,3080458.000,46111,1,TH,1,100,36.410
1715671758.480964,3080584.000,46131,1,TH,1,100,36.437
1715671758.614096,3080711.000,46162,1,TH,1,100,36.437
1715671758.745131,3080836.000,46180,1,TH,1,100,36.357
1715671758.880360,3080965.000,46196,1,TH,1,100,36.357
1715671759.014540,3081093.000,46215,1,TH,1,100,36.415
1715671759.147672,3081220.000,46234,1,TH,1,100,36.407
1715671759.282900,3081349.000,46251,1,TH,1,100,36.354
1715671759.413935,3081474.000,46268,1,TH,1,100,36.354
1715671759.543922,3081598.000,46285,1,TH,1,100,36.407
1715671759.676006,3081724.000,46320,1,TH,1,100,36.407
1715671759.809138,3081851.000,46336,1,TH,1,100,36.407
1715671759.942269,3081978.000,46353,1,TH,1,100,36.407
1715671760.077498,3082107.000,46372,1,TH,1,100,36.421
1715671760.211678,3082235.000,46389,1,TH,1,100,36.428
1715671760.345858,3082363.000,46405,1,TH,1,100,36.392
1715671760.477941,3082489.000,46426,1,TH,1,100,36.384
1715671760.611073,3082616.000,46457,1,TH,1,100,36.375
1715671760.742108,3082741.000,46474,1,TH,1,100,36.375
1715671760.876288,3082869.000,46493,1,TH,1,100,36.435
1715671761.008372,3082995.000,46512,1,TH,1,100,36.442
1715671761.143600,3083124.000,46544,1,TH,1,100,36.401
1715671761.276732,3083251.000,46561,1,TH,1,100,36.401
1715671761.410912,3083379.000,46578,1,TH,1,100,36.447
1715671761.545092,3083507.000,46595,1,TH,1,100,36.439
1715671761.677176,3083633.000,46630,1,TH,1,100,36.410
1715671761.808211,3083758.000,46648,1,TH,1,100,36.410
1715671761.941343,3083885.000,46665,1,TH,1,100,36.389
1715671762.072378,3084010.000,46681,1,TH,1,100,36.396
1715671762.207606,3084139.000,46701,1,TH,1,100,36.408
1715671762.342835,3084268.000,46718,1,TH,1,100,36.408
1715671762.475966,3084395.000,46735,1,TH,1,100,36.424
1715671762.611195,3084524.000,46751,1,TH,1,100,36.424
1715671762.742230,3084649.000,46783,1,TH,1,100,36.396
1715671762.872217,3084773.000,46802,1,TH,1,100,36.389
1715671763.004301,3084899.000,46821,1,TH,1,100,36.426
1715671763.137432,3085026.000,46839,1,TH,1,100,36.426
1715671763.270564,3085153.000,46870,1,TH,1,100,36.403
1715671763.405792,3085282.000,46887,1,TH,1,100,36.403
1715671763.539973,3085410.000,46904,1,TH,1,100,36.435
1715671763.674153,3085538.000,46925,1,TH,1,100,36.435
1715671763.806236,3085664.000,46957,1,TH,1,100,36.416
1715671763.938320,3085790.000,46975,2,TH,1,100,36.416
1715671764.070403,3085916.000,46975,2,TH,1,100,36.426
1715671764.204583,3086044.000,46991,1,TH,1,100,36.433
1715671764.338239,3086171.500,47031,2,TH,1,100,36.387
1715671764.471895,3086299.000,47031,2,TH,1,100,36.380
1715671764.605027,3086426.000,47050,1,TH,1,100,36.418
1715671764.739207,3086554.000,47067,1,TH,1,100,36.418
1715671764.873387,3086682.000,47087,1,TH,1,100,36.396
1715671765.005471,3086808.000,47119,1,TH,1,100,36.396
1715671765.136506,3086933.000,47135,1,TH,1,100,36.359
1715671765.268589,3087059.000,47152,1,TH,1,100,36.359
1715671765.399625,3087184.000,47169,1,TH,1,100,36.396
1715671765.534853,3087313.000,47203,1,TH,1,100,36.396
1715671765.669033,3087441.000,47220,1,TH,1,100,36.428
1715671765.802165,3087568.000,47237,1,TH,1,100,36.428
1715671765.937393,3087697.000,47254,1,TH,1,100,36.439
1715671766.068428,3087822.000,47289,2,TH,1,100,36.439
1715671766.199464,3087947.000,47289,2,TH,1,100,36.444
1715671766.331547,3088073.000,47305,1,TH,1,100,36.451
1715671766.464679,3088200.000,47323,1,TH,1,100,36.389
1715671766.597811,3088327.000,47339,1,TH,1,100,36.382
1715671766.733039,3088456.000,47375,1,TH,1,100,36.430
1715671766.867219,3088584.000,47395,1,TH,1,100,36.437
1715671767.001399,3088712.000,47411,1,TH,1,100,36.428
1715671767.134531,3088839.000,47429,1,TH,1,100,36.421
1715671767.267663,3088966.000,47460,1,TH,1,100,36.444
1715671767.398698,3089091.000,47477,1,TH,1,100,36.451
1715671767.532878,3089219.000,47494,1,TH,1,100,36.401
1715671767.664962,3089345.000,47528,1,TH,1,100,36.401
1715671767.800190,3089474.000,47544,1,TH,1,100,36.405
1715671767.933322,3089601.000,47561,1,TH,1,100,36.405
1715671768.067502,3089729.000,47578,1,TH,1,100,36.399
1715671768.201682,3089857.000,47598,1,TH,1,100,36.391
1715671768.333765,3089983.000,47615,1,TH,1,100,36.387
1715671768.464801,3090108.000,47632,1,TH,1,100,36.394
1715671768.596884,3090234.000,47648,1,TH,1,100,36.433
1715671768.727919,3090359.000,47685,1,TH,1,100,36.426
1715671768.863148,3090488.000,47702,1,TH,1,100,36.465
1715671768.997328,3090616.000,47718,1,TH,1,100,36.465
1715671769.130460,3090743.000,47736,1,TH,1,100,36.465
1715671769.265688,3090872.000,47767,1,TH,1,100,36.465
1715671769.396723,3090997.000,47787,1,TH,1,100,36.426
1715671769.527758,3091122.000,47804,1,TH,1,100,36.426
1715671769.659842,3091248.000,47820,1,TH,1,100,36.389
1715671769.792974,3091375.000,47843,1,TH,1,100,36.389
1715671769.926105,3091502.000,47862,1,TH,1,100,36.359
1715671770.061334,3091631.000,47880,1,TH,1,100,36.367
1715671770.195514,3091759.000,47896,1,TH,1,100,36.314
1715671770.329694,3091887.000,47914,1,TH,1,100,36.314
1715671770.462826,3092014.000,47930,1,TH,1,100,36.378
1715671770.595958,3092141.000,47947,1,TH,1,100,36.378
1715671770.726993,3092266.000,47969,1,TH,1,100,36.378
1715671770.861173,3092394.000,48000,1,TH,1,100,36.378
1715671770.993256,3092520.000,48017,1,TH,1,100,36.341
1715671771.128485,3092649.000,48034,1,TH,1,100,36.341
1715671771.261616,3092776.000,48054,1,TH,1,100,36.355
1715671771.395797,3092904.000,48086,1,TH,1,100,36.355
1715671771.529977,3093032.000,48102,1,TH,1,100,36.447
1715671771.662060,3093158.000,48119,1,TH,1,100,36.447
1715671771.793095,3093283.000,48155,1,TH,1,100,36.364
1715671771.925179,3093409.000,48174,1,TH,1,100,36.364
1715671772.056214,3093534.000,48192,1,TH,1,100,36.428
1715671772.190744,3093662.333,48210,3,TH,1,100,36.428
1715671772.325273,3093790.667,48210,3,TH,1,100,36.426
1715671772.459803,3093919.000,48210,3,TH,1,100,36.426
1715671772.593284,3094046.333,48231,3,TH,1,100,36.428
1715671772.726765,3094173.667,48231,3,TH,1,100,36.428
1715671772.860246,3094301.000,48231,3,TH,1,100,36.467
1715671772.991806,3094426.500,48251,2,TH,1,100,36.460
1715671773.123365,3094552.000,48251,2,TH,1,100,36.368
1715671773.256497,3094679.000,48267,1,TH,1,100,36.368
1715671773.391725,3094808.000,48285,1,TH,1,100,36.338
1715671773.525905,3094936.000,48301,1,TH,1,100,36.338
1715671773.660085,3095064.000,48321,1,TH,1,100,36.382
1715671773.794266,3095192.000,48338,1,TH,1,100,36.382
1715671773.927397,3095319.000,48374,1,TH,1,100,36.437
1715671774.058432,3095444.000,48392,1,TH,1,100,36.437
1715671774.192612,3095572.000,48408,1,TH,1,100,36.393
1715671774.323648,3095697.000,48425,1,TH,1,100,36.401
1715671774.458876,3095826.000,48460,1,TH,1,100,36.428
1715671774.592008,3095953.000,48476,1,TH,1,100,36.428
1715671774.726188,3096081.000,48494,1,TH,1,100,36.460
1715671774.860368,3096209.000,48510,1,TH,1,100,36.453
1715671774.992451,3096335.000,48547,1,TH,1,100,36.458
1715671775.123487,3096460.000,48565,2,TH,1,100,36.465
1715671775.254522,3096585.000,48565,2,TH,1,100,36.412
1715671775.386606,3096711.000,48582,1,TH,1,100,36.412
1715671775.521834,3096840.000,48613,1,TH,1,100,36.387
1715671775.657062,3096969.000,48631,1,TH,1,100,36.387
1715671775.790194,3097096.000,48647,1,TH,1,100,36.447
1715671775.925422,3097225.000,48667,1,TH,1,100,36.447
1715671776.056458,3097350.000,48699,1,TH,1,100,36.410
1715671776.188541,3097476.000,48715,1,TH,1,100,36.410
1715671776.320625,3097602.000,48732,1,TH,1,100,36.394
1715671776.453756,3097729.000,48754,1,TH,1,100,36.387
1715671776.585840,3097855.000,48785,1,TH,1,100,36.311
1715671776.721068,3097984.000,48805,1,TH,1,100,36.318
1715671776.855248,3098112.000,48821,1,TH,1,100,36.422
1715671776.989429,3098240.000,48838,1,TH,1,100,36.422
1715671777.123609,3098368.000,48875,1,TH,1,100,36.392
1715671777.256740,3098495.000,48891,1,TH,1,100,36.392
1715671777.387775,3098620.000,48909,1,TH,1,100,36.399
1715671777.520907,3098747.000,48925,1,TH,1,100,36.399
1715671777.651942,3098872.000,48960,1,TH,1,100,36.415
1715671777.787171,3099001.000,48977,1,TH,1,100,36.415
1715671777.920303,3099128.000,48993,1,TH,1,100,36.396
1715671778.054483,3099256.000,49011,1,TH,1,100,36.396
1715671778.188663,3099384.000,49044,1,TH,1,100,36.376
1715671778.320746,3099510.000,49060,1,TH,1,100,36.376
1715671778.452830,3099636.000,49078,1,TH,1,100,36.458
1715671778.583865,3099761.000,49109,1,TH,1,100,36.458
1715671778.715949,3099887.000,49126,1,TH,1,100,36.403
1715671778.851177,3100016.000,49143,1,TH,1,100,36.403
1715671778.985357,3100144.000,49165,1,TH,1,100,36.419
1715671779.118489,3100271.000,49183,1,TH,1,100,36.412
1715671779.253717,3100400.000,49214,1,TH,1,100,36.469
1715671779.385801,3100526.000,49231,1,TH,1,100,36.477
1715671779.517884,3100652.000,49250,1,TH,1,100,36.399
1715671779.649968,3100778.000,49266,1,TH,1,100,36.399
1715671779.783099,3100905.000,49301,1,TH,1,100,36.465
1715671779.914135,3101030.000,49318,1,TH,1,100,36.465
1715671780.049363,3101159.000,49335,1,TH,1,100,36.449
1715671780.183543,3101287.000,49352,1,TH,1,100,36.449
1715671780.317723,3101415.000,49389,1,TH,1,100,36.454
1715671780.451903,3101543.000,49405,1,TH,1,100,36.454
1715671780.585035,3101670.000,49427,1,TH,1,100,36.472
1715671780.716070,3101795.000,49443,1,TH,1,100,36.472
1715671780.848154,3101921.000,49460,1,TH,1,100,36.392
1715671780.979189,3102046.000,49480,1,TH,1,100,36.392
1715671781.114417,3102175.000,49497,1,TH,1,100,36.437
1715671781.247549,3102302.000,49513,1,TH,1,100,36.437
1715671781.381729,3102430.000,49547,1,TH,1,100,36.390
1715671781.515909,3102558.000,49567,1,TH,1,100,36.390
1715671781.647993,3102684.000,49583,1,TH,1,100,36.479
1715671781.781125,3102811.000,49603,1,TH,1,100,36.479
1715671781.912160,3102936.000,49619,1,TH,1,100,36.454
1715671782.044243,3103062.000,49651,1,TH,1,100,36.454
1715671782.179472,3103191.000,49668,1,TH,1,100,36.371
1715671782.313652,3103319.000,49687,1,TH,1,100,36.371
1715671782.446784,3103446.000,49719,1,TH,1,100,36.410
1715671782.582012,3103575.000,49736,1,TH,1,100,36.410
1715671782.715144,3103702.000,49755,1,TH,1,100,36.428
1715671782.847227,3103828.000,49772,1,TH,1,100,36.428
1715671782.979311,3103954.000,49791,1,TH,1,100,36.410
1715671783.112442,3104081.000,49823,1,TH,1,100,36.410
1715671783.243478,3104206.000,49843,1,TH,1,100,36.454
1715671783.378706,3104335.000,49860,1,TH,1,100,36.454
1715671783.512886,3104463.000,49879,1,TH,1,100,36.417
1715671783.647066,3104591.000,49911,1,TH,1,100,36.417
1715671783.781246,3104719.000,49927,1,TH,1,100,36.403
1715671783.914378,3104846.000,49944,1,TH,1,100,36.403
1715671784.045413,3104971.000,49961,1,TH,1,100,36.385
1715671784.177497,3105097.000,49992,1,TH,1,100,36.385
1715671784.308532,3105222.000,50010,1,TH,1,100,36.382
1715671784.443760,3105351.000,50026,1,TH,1,100,36.382
1715671784.576892,3105478.000,50045,1,TH,1,100,36.362
1715671784.711072,3105606.000,50077,1,TH,1,100,36.362
1715671784.845253,3105734.000,50093,1,TH,1,100,36.353
1715671784.977336,3105860.000,50110,1,TH,1,100,36.353
1715671785.111516,3105988.000,50127,1,TH,1,100,36.440
1715671785.242551,3106113.000,50158,1,TH,1,100,36.440
1715671785.374635,3106239.000,50176,1,TH,1,100,36.371
1715671785.509863,3106368.000,50192,1,TH,1,100,36.371
1715671785.644043,3106496.000,50209,1,TH,1,100,36.362
1715671785.777175,3106623.000,50243,1,TH,1,100,36.362
1715671785.911355,3106751.000,50266,2,TH,1,100,36.403
1715671786.045535,3106879.000,50266,2,TH,1,100,36.403
1715671786.177619,3107005.000,50282,1,TH,1,100,36.394
1715671786.309702,3107131.000,50314,1,TH,1,100,36.394
1715671786.442834,3107258.000,50331,1,TH,1,100,36.382
1715671786.572821,3107382.000,50347,1,TH,1,100,36.382
1715671786.708049,3107511.000,50365,1,TH,1,100,36.456
1715671786.842229,3107639.000,50398,1,TH,1,100,36.456
1715671786.976409,3107767.000,50414,1,TH,1,100,36.431
1715671787.110590,3107895.000,50432,1,TH,1,100,36.431
1715671787.243721,3108022.000,50448,1,TH,1,100,36.437
1715671787.374757,3108147.000,50482,1,TH,1,100,36.437
1715671787.506840,3108273.000,50499,1,TH,1,100,36.440
1715671787.637875,3108398.000,50515,1,TH,1,100,36.440
1715671787.773103,3108527.000,50533,1,TH,1,100,36.433
1715671787.906235,3108654.000,50564,1,TH,1,100,36.433
1715671788.040416,3108782.000,50581,1,TH,1,100,36.401
1715671788.174596,3108910.000,50598,1,TH,1,100,36.401
1715671788.306679,3109036.000,50630,1,TH,1,100,36.387
1715671788.440859,3109164.000,50646,1,TH,1,100,36.387
1715671788.571894,3109289.000,50663,1,TH,1,100,36.430
1715671788.703978,3109415.000,50680,1,TH,1,100,36.430
1715671788.838158,3109543.000,50697,1,TH,1,100,36.367
1715671788.972338,3109671.000,50729,1,TH,1,100,36.367
1715671789.105470,3109798.000,50745,1,TH,1,100,36.408
1715671789.240698,3109927.000,50762,1,TH,1,100,36.408
1715671789.373830,3110054.000,50794,1,TH,1,100,36.488
1715671789.505913,3110180.000,50810,1,TH,1,100,36.488
1715671789.637997,3110306.000,50827,1,TH,1,100,36.415
1715671789.770080,3110432.000,50844,1,TH,1,100,36.415
1715671789.900067,3110556.000,50875,1,TH,1,100,36.323
1715671790.035296,3110685.000,50893,1,TH,1,100,36.323
1715671790.169476,3110813.000,50911,1,TH,1,100,36.435
1715671790.303656,3110941.000,50928,1,TH,1,100,36.435
1715671790.437836,3111069.000,50960,1,TH,1,100,36.422
1715671790.570968,3111196.000,50976,1,TH,1,100,36.422
1715671790.703051,3111322.000,50994,1,TH,1,100,36.376
1715671790.835135,3111448.000,51010,1,TH,1,100,36.376
1715671790.966170,3111573.000,51028,1,TH,1,100,36.433
1715671791.101398,3111702.000,51044,1,TH,1,100,36.433
1715671791.234530,3111829.000,51063,1,TH,1,100,36.424
1715671791.368710,3111957.000,51083,1,TH,1,100,36.424
1715671791.502890,3112085.000,51100,1,TH,1,100,36.417
1715671791.636022,3112212.000,51116,1,TH,1,100,36.417
1715671791.770202,3112340.000,51150,1,TH,1,100,36.440
1715671791.901237,3112465.000,51167,1,TH,1,100,36.440
1715671792.033321,3112591.000,51184,1,TH,1,100,36.506
1715671792.166453,3112718.000,51203,1,TH,1,100,36.506
1715671792.300633,3112846.000,51235,1,TH,1,100,36.385
1715671792.433764,3112973.000,51251,1,TH,1,100,36.385
1715671792.568993,3113102.000,51268,1,TH,1,100,36.428
1715671792.702125,3113229.000,51300,1,TH,1,100,36.428
1715671792.834208,3113355.000,51318,1,TH,1,100,36.415
1715671792.966292,3113481.000,51335,1,TH,1,100,36.415
1715671793.098375,3113607.000,51352,1,TH,1,100,36.323
1715671793.228362,3113731.000,51383,1,TH,1,100,36.323
1715671793.363590,3113860.000,51401,1,TH,1,100,36.394
1715671793.497771,3113988.000,51417,1,TH,1,100,36.394
1715671793.631951,3114116.000,51434,1,TH,1,100,36.415
1715671793.766131,3114244.000,51466,1,TH,1,100,36.415
1715671793.899263,3114371.000,51482,1,TH,1,100,36.392
1715671794.032394,3114498.000,51500,1,TH,1,100,36.392
1715671794.164478,3114624.000,51516,1,TH,1,100,36.332
1715671794.295513,3114749.000,51548,1,TH,1,100,36.332
1715671794.430742,3114878.000,51567,1,TH,1,100,36.401
1715671794.562825,3115004.000,51583,1,TH,1,100,36.401
1715671794.697005,3115132.000,51601,1,TH,1,100,36.449
1715671794.831185,3115260.000,51632,1,TH,1,100,36.442
1715671794.964317,3115387.000,51651,1,TH,1,100,36.412
1715671795.098497,3115515.000,51668,1,TH,1,100,36.419
1715671795.229532,3115640.000,51684,1,TH,1,100,36.424
1715671795.361616,3115766.000,51718,1,TH,1,100,36.416
1715671795.493699,3115892.000,51735,1,TH,1,100,36.391
1715671795.626831,3116019.000,51751,1,TH,1,100,36.398
1715671795.759963,3116146.000,51769,1,TH,1,100,36.344
1715671795.895191,3116275.000,51785,1,TH,1,100,36.336
1715671796.028323,3116402.000,51819,1,TH,1,100,36.441
1715671796.160406,3116528.000,51836,1,TH,1,100,36.441
1715671796.292490,3116654.000,51852,1,TH,1,100,36.393
1715671796.424573,3116780.000,51884,1,TH,1,100,36.393
1715671796.554560,3116904.000,51901,1,TH,1,100,36.414
1715671796.689265,3117032.500,51924,2,TH,1,100,36.414
1715671796.823969,3117161.000,51924,2,TH,1,100,36.414
1715671796.958149,3117289.000,51942,1,TH,1,100,36.414
1715671797.092329,3117417.000,51976,1,TH,1,100,36.416
1715671797.225461,3117544.000,51993,1,TH,1,100,36.416
1715671797.359641,3117672.000,52010,1,TH,1,100,36.398
1715671797.491724,3117798.000,52027,1,TH,1,100,36.398
1715671797.622760,3117923.000,52059,1,TH,1,100,36.405
1715671797.756940,3118051.000,52075,1,TH,1,100,36.405
1715671797.889023,3118177.000,52092,1,TH,1,100,36.416
1715671798.023203,3118305.000,52111,1,TH,1,100,36.416
1715671798.157383,3118433.000,52142,1,TH,1,100,36.352
1715671798.290515,3118560.000,52160,1,TH,1,100,36.352
1715671798.424695,3118688.000,52176,1,TH,1,100,36.402
1715671798.555730,3118813.000,52193,1,TH,1,100,36.402
1715671798.686766,3118938.000,52225,1,TH,1,100,36.414
1715671798.818849,3119064.000,52241,1,TH,1,100,36.414
1715671798.951981,3119191.000,52258,1,TH,1,100,36.368
1715671799.085113,3119318.000,52275,1,TH,1,100,36.368
1715671799.220341,3119447.000,52306,1,TH,1,100,36.411
1715671799.353473,3119574.000,52326,1,TH,1,100,36.411
1715671799.485556,3119700.000,52342,1,TH,1,100,36.380
1715671799.618688,3119827.000,52359,1,TH,1,100,36.372
1715671799.750772,3119953.000,52391,1,TH,1,100,36.301
1715671799.880759,3120077.000,52407,1,TH,1,100,36.308
1715671800.015987,3120206.000,52425,1,TH,1,100,36.333
1715671800.149119,3120333.000,52441,1,TH,1,100,36.326
1715671800.283299,3120461.000,52473,1,TH,1,100,36.294
1715671800.417479,3120589.000,52490,1,TH,1,100,36.294
1715671800.550611,3120716.000,52506,1,TH,1,100,36.326
1715671800.684791,3120844.000,52524,1,TH,1,100,36.326
1715671800.816874,3120970.000,52557,1,TH,1,100,36.400
1715671800.947910,3121095.000,52574,1,TH,1,100,36.400
1715671801.081041,3121222.000,52591,1,TH,1,100,36.400
1715671801.213125,3121348.000,52607,1,TH,1,100,36.400
1715671801.347305,3121476.000,52639,1,TH,1,100,36.397
1715671801.481485,3121604.000,52656,1,TH,1,100,36.397
1715671801.614617,3121731.000,52672,1,TH,1,100,36.379
1715671801.748797,3121859.000,52692,1,TH,1,100,36.379
1715671801.879832,3121984.000,52708,1,TH,1,100,36.324
1715671802.011916,3122110.000,52746,2,TH,1,100,36.324
1715671802.143999,3122236.000,52746,2,TH,1,100,36.407
1715671802.276083,3122362.000,52762,1,TH,1,100,36.407
1715671802.410263,3122490.000,52780,1,TH,1,100,36.477
1715671802.545491,3122619.000,52811,1,TH,1,100,36.477
1715671802.678623,3122746.000,52828,1,TH,1,100,36.303
1715671802.810706,3122872.000,52845,1,TH,1,100,36.303
1715671802.944886,3123000.000,52861,1,TH,1,100,36.445
1715671803.076970,3123126.000,52895,1,TH,1,100,36.445
1715671803.206957,3123250.000,52912,1,TH,1,100,36.328
1715671803.342185,3123379.000,52929,1,TH,1,100,36.328
1715671803.475317,3123506.000,52946,1,TH,1,100,36.392
1715671803.609497,3123634.000,52978,1,TH,1,100,36.392
1715671803.743677,3123762.000,52994,1,TH,1,100,36.340
1715671803.876809,3123889.000,53011,1,TH,1,100,36.340
1715671804.010989,3124017.000,53028,1,TH,1,100,36.363
1715671804.143073,3124143.000,53059,1,TH,1,100,36.363
1715671804.274108,3124268.000,53076,1,TH,1,100,36.367
1715671804.407240,3124395.000,53093,1,TH,1,100,36.367
1715671804.539323,3124521.000,53110,1,TH,1,100,36.372
1715671804.673503,3124649.000,53142,1,TH,1,100,36.365
1715671804.807683,3124777.000,53158,1,TH,1,100,36.298
1715671804.940815,3124904.000,53175,1,TH,1,100,36.298
1715671805.074995,3125032.000,53192,1,TH,1,100,36.392
1715671805.206030,3125157.000,53223,1,TH,1,100,36.392
1715671805.339162,3125284.000,53241,1,TH,1,100,36.394
1715671805.471246,3125410.000,53257,1,TH,1,100,36.394
1715671805.603329,3125536.000,53274,1,TH,1,100,36.316
1715671805.737509,3125664.000,53306,1,TH,1,100,36.316
1715671805.872738,3125793.000,53322,1,TH,1,100,36.282
1715671806.005869,3125920.000,53340,1,TH,1,100,36.282
1715671806.137953,3126046.000,53356,1,TH,1,100,36.289
1715671806.273181,3126175.000,53388,1,TH,1,100,36.289
1715671806.405265,3126301.000,53405,1,TH,1,100,36.360
1715671806.535252,3126425.000,53421,1,TH,1,100,36.360
1715671806.670480,3126554.000,53439,1,TH,1,100,36.351
1715671806.802564,3126680.000,53472,1,TH,1,100,36.351
1715671806.936744,3126808.000,53488,1,TH,1,100,36.344
1715671807.070924,3126936.000,53506,1,TH,1,100,36.344
1715671807.204056,3127063.000,53522,1,TH,1,100,36.358
1715671807.338236,3127191.000,53554,1,TH,1,100,36.358
1715671807.469795,3127316.500,53576,2,TH,1,100,36.348
1715671807.601354,3127442.000,53576,2,TH,1,100,36.348
1715671807.733438,3127568.000,53593,1,TH,1,100,36.282
1715671807.865521,3127694.000,53624,1,TH,1,100,36.282
1715671807.999701,3127822.000,53642,1,TH,1,100,36.282
1715671808.133882,3127950.000,53658,1,TH,1,100,36.282
1715671808.267013,3128077.000,53677,1,TH,1,100,36.348
1715671808.401193,3128205.000,53709,1,TH,1,100,36.348
1715671808.532228,3128330.000,53725,1,TH,1,100,36.348
1715671808.665360,3128457.000,53743,1,TH,1,100,36.341
1715671808.797444,3128583.000,53759,1,TH,1,100,36.272
1715671808.929527,3128709.000,53791,1,TH,1,100,36.272
1715671809.063707,3128837.000,53808,1,TH,1,100,36.288
1715671809.198936,3128966.000,53824,1,TH,1,100,36.288
1715671809.332067,3129093.000,53842,1,TH,1,100,36.355
1715671809.464151,3129219.000,53873,1,TH,1,100,36.355
1715671809.599380,3129348.000,53889,1,TH,1,100,36.272
1715671809.731463,3129474.000,53907,1,TH,1,100,36.272
1715671809.861450,3129598.000,53923,1,TH,1,100,36.316
1715671809.995630,3129726.000,53955,1,TH,1,100,36.316
1715671810.127713,3129852.000,53972,1,TH,1,100,36.337
1715671810.261894,3129980.000,53990,1,TH,1,100,36.337
1715671810.396074,3130108.000,54008,1,TH,1,100,36.341
1715671810.529206,3130235.000,54039,1,TH,1,100,36.341
1715671810.663386,3130363.000,54056,1,TH,1,100,36.435
1715671810.795469,3130489.000,54073,1,TH,1,100,36.435
1715671810.926504,3130614.000,54089,1,TH,1,100,36.316
1715671811.058588,3130740.000,54121,1,TH,1,100,36.316
1715671811.190671,3130866.000,54138,1,TH,1,100,36.380
1715671811.324851,3130994.000,54157,1,TH,1,100,36.380
1715671811.459031,3131122.000,54174,1,TH,1,100,36.329
1715671811.592163,3131249.000,54206,1,TH,1,100,36.329
1715671811.726343,3131377.000,54224,1,TH,1,100,36.371
1715671811.859475,3131504.000,54241,1,TH,1,100,36.371
1715671811.992607,3131631.000,54258,1,TH,1,100,36.300
1715671812.124690,3131757.000,54289,1,TH,1,100,36.300
1715671812.256774,3131883.000,54306,1,TH,1,100,36.352
1715671812.389906,3132010.000,54323,1,TH,1,100,36.352
1715671812.525134,3132139.000,54340,1,TH,1,100,36.339
1715671812.658266,3132266.000,54372,1,TH,1,100,36.339
1715671812.791922,3132393.500,54394,2,TH,1,100,36.290
1715671812.925578,3132521.000,54394,2,TH,1,100,36.290
1715671813.057661,3132647.000,54411,1,TH,1,100,36.307
1715671813.187648,3132771.000,54428,1,TH,1,100,36.307
1715671813.320780,3132898.000,54460,1,TH,1,100,36.336
1715671813.452863,3133024.000,54476,1,TH,1,100,36.336
1715671813.587044,3133152.000,54495,1,TH,1,100,36.281
1715671813.721224,3133280.000,54512,1,TH,1,100,36.281
1715671813.854355,3133407.000,54543,1,TH,1,100,36.407
1715671813.988535,3133535.000,54561,1,TH,1,100,36.407
1715671814.120619,3133661.000,54577,1,TH,1,100,36.304
1715671814.252702,3133787.000,54594,1,TH,1,100,36.304
1715671814.384786,3133913.000,54626,1,TH,1,100,36.444
1715671814.516870,3134039.000,54642,1,TH,1,100,36.444
1715671814.651050,3134167.000,54660,1,TH,1,100,36.339
1715671814.785230,3134295.000,54678,1,TH,1,100,36.339
1715671814.918361,3134422.000,54710,1,TH,1,100,36.320
1715671815.052541,3134550.000,54727,1,TH,1,100,36.320
1715671815.185673,3134677.000,54743,1,TH,1,100,36.263
1715671815.318805,3134804.000,54761,1,TH,1,100,36.263
1715671815.450889,3134930.000,54792,1,TH,1,100,36.336
1715671815.584020,3135057.000,54809,1,TH,1,100,36.336
1715671815.716104,3135183.000,54826,1,TH,1,100,36.396
1715671815.851332,3135312.000,54842,1,TH,1,100,36.396
1715671815.984464,3135439.000,54874,1,TH,1,100,36.352
1715671816.116548,3135565.000,54891,1,TH,1,100,36.352
1715671816.251776,3135694.000,54907,1,TH,1,100,36.400
1715671816.383859,3135820.000,54925,1,TH,1,100,36.400
1715671816.513846,3135944.000,54956,1,TH,1,100,36.345
1715671816.646978,3136071.000,54975,1,TH,1,100,36.345
1715671816.779062,3136197.000,54992,1,TH,1,100,36.364
1715671816.913242,3136325.000,55008,1,TH,1,100,36.356
1715671817.047422,3136453.000,55040,1,TH,1,100,36.272
1715671817.180554,3136580.000,55059,1,TH,1,100,36.272
1715671817.314734,3136708.000,55076,1,TH,1,100,36.338
1715671817.446817,3136834.000,55093,1,TH,1,100,36.338
1715671817.579949,3136961.000,55125,1,TH,1,100,36.320
1715671817.712033,3137087.000,55141,1,TH,1,100,36.320
1715671817.844116,3137213.000,55158,1,TH,1,100,36.331
1715671817.977248,3137340.000,55175,1,TH,1,100,36.331
1715671818.111428,3137468.000,55192,1,TH,1,100,36.311
1715671818.244560,3137595.000,55215,1,TH,1,100,36.311
1715671818.378740,3137723.000,55233,1,TH,1,100,36.237
1715671818.511872,3137850.000,55250,1,TH,1,100,36.237
1715671818.645003,3137977.000,55267,1,TH,1,100,36.306
1715671818.777087,3138103.000,55298,1,TH,1,100,36.306
1715671818.908122,3138228.000,55316,1,TH,1,100,36.315
1715671819.040205,3138354.000,55332,1,TH,1,100,36.315
1715671819.175434,3138483.000,55349,1,TH,1,100,36.381
1715671819.308566,3138610.000,55381,1,TH,1,100,36.381
1715671819.440649,3138736.000,55397,1,TH,1,100,36.345
1715671819.575878,3138865.000,55414,1,TH,1,100,36.345
1715671819.707961,3138991.000,55431,1,TH,1,100,36.336
1715671819.838996,3139116.000,55462,1,TH,1,100,36.336
1715671819.972128,3139243.000,55480,1,TH,1,100,36.315
1715671820.104212,3139369.000,55496,1,TH,1,100,36.315
1715671820.238392,3139497.000,55513,1,TH,1,100,36.379
1715671820.372572,3139625.000,55545,1,TH,1,100,36.379
1715671820.505704,3139752.000,55561,1,TH,1,100,36.237
1715671820.639884,3139880.000,55579,1,TH,1,100,36.237
1715671820.773015,3140007.000,55597,1,TH,1,100,36.347
1715671820.906147,3140134.000,55629,1,TH,1,100,36.347
1715671821.038231,3140260.000,55646,1,TH,1,100,36.356
1715671821.170314,3140386.000,55662,1,TH,1,100,36.356
1715671821.302398,3140512.000,55680,1,TH,1,100,36.285
1715671821.436578,3140640.000,55711,1,TH,1,100,36.285
1715671821.569710,3140767.000,55728,1,TH,1,100,36.308
1715671821.703890,3140895.000,55747,1,TH,1,100,36.308
1715671821.837022,3141022.000,55763,1,TH,1,100,36.384
1715671821.970153,3141149.000,55797,1,TH,1,100,36.377
1715671822.102237,3141275.000,55814,1,TH,1,100,36.223
1715671822.233272,3141400.000,55830,1,TH,1,100,36.223
1715671822.365355,3141526.000,55848,1,TH,1,100,36.310
1715671822.500584,3141655.000,55879,1,TH,1,100,36.310
1715671822.633716,3141782.000,55896,1,TH,1,100,36.227
1715671822.765799,3141908.000,55913,1,TH,1,100,36.227
1715671822.901027,3142037.000,55929,1,TH,1,100,36.337
1715671823.033111,3142163.000,55961,1,TH,1,100,36.345
1715671823.166243,3142290.000,55978,1,TH,1,100,36.317
1715671823.299375,3142417.000,55995,1,TH,1,100,36.310
1715671823.431458,3142543.000,56012,1,TH,1,100,36.280
1715671823.565638,3142671.000,56035,1,TH,1,100,36.288
1715671823.699818,3142799.000,56051,1,TH,1,100,36.375
1715671823.832950,3142926.000,56068,1,TH,1,100,36.367
1715671823.967130,3143054.000,56085,1,TH,1,100,36.296
1715671824.101310,3143182.000,56102,1,TH,1,100,36.303
1715671824.234442,3143309.000,56120,1,TH,1,100,36.338
1715671824.366526,3143435.000,56152,1,TH,1,100,36.330
1715671824.498609,3143561.000,56169,1,TH,1,100,36.353
1715671824.629644,3143686.000,56185,1,TH,1,100,36.353
1715671824.763824,3143814.000,56202,1,TH,1,100,36.372
1715671824.896956,3143941.000,56218,1,TH,1,100,36.372
1715671825.031136,3144069.000,56236,1,TH,1,100,36.351
1715671825.164268,3144196.000,56267,1,TH,1,100,36.351
1715671825.297400,3144323.000,56284,1,TH,1,100,36.292
1715671825.429483,3144449.000,56301,1,TH,1,100,36.292
1715671825.560519,3144574.000,56317,1,TH,1,100,36.356
1715671825.692602,3144700.000,56351,1,TH,1,100,36.356
1715671825.827830,3144829.000,56368,1,TH,1,100,36.328
1715671825.960962,3144956.000,56385,1,TH,1,100,36.328
1715671826.093046,3145082.000,56402,1,TH,1,100,36.335
1715671826.228274,3145211.000,56434,1,TH,1,100,36.335
1715671826.360358,3145337.000,56450,1,TH,1,100,36.312
1715671826.493489,3145464.000,56467,1,TH,1,100,36.312
1715671826.626621,3145591.000,56484,1,TH,1,100,36.292
1715671826.758705,3145717.000,56517,1,TH,1,100,36.292
1715671826.891836,3145844.000,56535,1,TH,1,100,36.402
1715671827.026016,3145972.000,56551,1,TH,1,100,36.402
1715671827.159148,3146099.000,56568,1,TH,1,100,36.305
1715671827.293329,3146227.000,56585,1,TH,1,100,36.305
1715671827.427509,3146355.000,56618,1,TH,1,100,36.342
1715671827.560640,3146482.000,56635,1,TH,1,100,36.342
1715671827.692724,3146608.000,56652,1,TH,1,100,36.287
1715671827.823759,3146733.000,56671,1,TH,1,100,36.287
1715671827.954794,3146858.000,56703,1,TH,1,100,36.402
1715671828.088974,3146986.000,56719,1,TH,1,100,36.402
1715671828.222106,3147113.000,56736,1,TH,1,100,36.353
1715671828.356286,3147241.000,56753,1,TH,1,100,36.353
1715671828.489418,3147368.000,56784,1,TH,1,100,36.234
1715671828.622550,3147495.000,56802,1,TH,1,100,36.234
1715671828.755682,3147622.000,56818,1,TH,1,100,36.216
1715671828.886717,3147747.000,56835,1,TH,1,100,36.216
1715671829.018800,3147873.000,56858,1,TH,1,100,36.301
1715671829.154029,3148002.000,56874,1,TH,1,100,36.301
1715671829.288209,3148130.000,56892,1,TH,1,100,36.282
1715671829.420292,3148256.000,56908,1,TH,1,100,36.282
1715671829.555521,3148385.000,56940,1,TH,1,100,36.349
1715671829.688652,3148512.000,56957,1,TH,1,100,36.349
1715671829.821784,3148639.000,56973,1,TH,1,100,36.312
1715671829.954916,3148766.000,56991,1,TH,1,100,36.312
1715671830.086999,3148892.000,57022,1,TH,1,100,36.349
1715671830.219083,3149018.000,57039,1,TH,1,100,36.349
1715671830.353263,3149146.000,57056,1,TH,1,100,36.406
1715671830.486395,3149273.000,57072,1,TH,1,100,36.406
1715671830.620575,3149401.000,57104,1,TH,1,100,36.239
1715671830.754755,3149529.000,57121,1,TH,1,100,36.239
1715671830.887887,3149656.000,57137,1,TH,1,100,36.369
1715671831.019970,3149782.000,57157,1,TH,1,100,36.369
1715671831.151006,3149907.000,57188,1,TH,1,100,36.349
1715671831.282041,3150032.000,57205,1,TH,1,100,36.349
1715671831.416221,3150160.000,57222,1,TH,1,100,36.303
1715671831.549353,3150287.000,57238,1,TH,1,100,36.303
1715671831.683533,3150415.000,57272,1,TH,1,100,36.315
1715671831.816664,3150542.000,57289,1,TH,1,100,36.314
1715671831.949796,3150669.000,57306,1,TH,1,100,36.264
1715671832.083976,3150797.000,57323,1,TH,1,100,36.264
1715671832.215012,3150922.000,57355,1,TH,1,100,36.250
1715671832.347095,3151048.000,57371,1,TH,1,100,36.250
1715671832.481275,3151176.000,57388,1,TH,1,100,36.301
1715671832.615455,3151304.000,57405,1,TH,1,100,36.301
1715671832.747539,3151430.000,57436,1,TH,1,100,36.321
1715671832.882767,3151559.000,57453,1,TH,1,100,36.321
1715671833.015899,3151686.000,57470,1,TH,1,100,36.381
1715671833.149031,3151813.000,57487,1,TH,1,100,36.381
1715671833.282162,3151940.000,57519,1,TH,1,100,36.214
1715671833.414246,3152066.000,57537,1,TH,1,100,36.214
1715671833.545281,3152191.000,57554,1,TH,1,100,36.370
1715671833.679461,3152319.000,57571,1,TH,1,100,36.370
1715671833.812593,3152446.000,57602,1,TH,1,100,36.307
1715671833.946773,3152574.000,57620,1,TH,1,100,36.307
1715671834.080953,3152702.000,57636,1,TH,1,100,36.331
1715671834.213561,3152828.500,57677,2,TH,1,100,36.331
1715671834.346169,3152955.000,57677,2,TH,1,100,36.179
1715671834.478252,3153081.000,57693,1,TH,1,100,36.179
1715671834.609287,3153206.000,57711,1,TH,1,100,36.346
1715671834.743467,3153334.000,57727,1,TH,1,100,36.346
1715671834.876599,3153461.000,57759,1,TH,1,100,36.358
1715671835.010779,3153589.000,57776,1,TH,1,100,36.358
1715671835.143911,3153716.000,57792,1,TH,1,100,36.268
1715671835.277043,3153843.000,57810,1,TH,1,100,36.268
1715671835.412271,3153972.000,57841,1,TH,1,100,36.302
1715671835.543306,3154097.000,57858,1,TH,1,100,36.302
1715671835.675390,3154223.000,57875,1,TH,1,100,36.317
1715671835.808522,3154350.000,57893,1,TH,1,100,36.317
1715671835.941653,3154477.000,57925,1,TH,1,100,36.340
1715671836.074785,3154604.000,57942,1,TH,1,100,36.340
1715671836.210014,3154733.000,57958,1,TH,1,100,36.307
1715671836.343145,3154860.000,57976,1,TH,1,100,36.307
1715671836.476277,3154987.000,58007,1,TH,1,100,36.385
1715671836.609409,3155114.000,58026,1,TH,1,100,36.385
1715671836.740444,3155239.000,58043,1,TH,1,100,36.305
1715671836.871480,3155364.000,58059,1,TH,1,100,36.305
1715671837.005660,3155492.000,58093,1,TH,1,100,36.280
1715671837.138791,3155619.000,58110,1,TH,1,100,36.280
1715671837.272971,3155747.000,58127,1,TH,1,100,36.252
1715671837.407151,3155875.000,58144,1,TH,1,100,36.252
1715671837.540283,3156002.000,58176,1,TH,1,100,36.332
1715671837.673415,3156129.000,58192,1,TH,1,100,36.332
1715671837.805499,3156255.000,58211,1,TH,1,100,36.337
1715671837.936534,3156380.000,58228,1,TH,1,100,36.337
1715671838.070714,3156508.000,58259,1,TH,1,100,36.252
1715671838.203846,3156635.000,58276,1,TH,1,100,36.252
1715671838.338026,3156763.000,58293,1,TH,1,100,36.303
1715671838.471158,3156890.000,58310,1,TH,1,100,36.303
1715671838.605338,3157018.000,58342,1,TH,1,100,36.234
1715671838.740566,3157147.000,58358,1,TH,1,100,36.234
1715671838.871601,3157272.000,58375,1,TH,1,100,36.379
1715671839.003685,3157398.000,58394,1,TH,1,100,36.379
1715671839.135768,3157524.000,58425,1,TH,1,100,36.298
1715671839.268900,3157651.000,58443,1,TH,1,100,36.298
1715671839.402032,3157778.000,58459,1,TH,1,100,36.298
1715671839.537260,3157907.000,58476,1,TH,1,100,36.298
1715671839.670392,3158034.000,58513,2,TH,1,100,36.307
1715671839.803524,3158161.000,58513,2,TH,1,100,36.307
1715671839.936656,3158288.000,58530,1,TH,1,100,36.349
1715671840.068739,3158414.000,58561,1,TH,1,100,36.349
1715671840.199774,3158539.000,58579,1,TH,1,100,36.294
1715671840.333954,3158667.000,58595,1,TH,1,100,36.294
1715671840.467086,3158794.000,58612,1,TH,1,100,36.269
1715671840.601266,3158922.000,58644,1,TH,1,100,36.269
1715671840.735446,3159050.000,58660,1,TH,1,100,36.303
1715671840.868578,3159177.000,58679,1,TH,1,100,36.303
1715671841.002758,3159305.000,58696,1,TH,1,100,36.298
1715671841.134842,3159431.000,58727,1,TH,1,100,36.298
1715671841.265877,3159556.000,58745,1,TH,1,100,36.413
1715671841.399009,3159683.000,58761,1,TH,1,100,36.413
1715671841.532140,3159810.000,58778,1,TH,1,100,36.269
1715671841.666321,3159938.000,58812,1,TH,1,100,36.269
1715671841.799452,3160065.000,58828,1,TH,1,100,36.294
1715671841.933632,3160193.000,58846,1,TH,1,100,36.294
1715671842.068861,3160322.000,58862,1,TH,1,100,36.294
1715671842.199896,3160447.000,58894,1,TH,1,100,36.294
1715671842.331980,3160573.000,58911,1,TH,1,100,36.324
1715671842.463015,3160698.000,58927,1,TH,1,100,36.324
1715671842.596147,3160825.000,58945,1,TH,1,100,36.330
1715671842.729278,3160952.000,58978,1,TH,1,100,36.330
1715671842.864507,3161081.000,58995,1,TH,1,100,36.362
1715671842.997638,3161208.000,59012,1,TH,1,100,36.362
1715671843.130770,3161335.000,59028,1,TH,1,100,36.335
1715671843.263902,3161462.000,59060,1,TH,1,100,36.335
1715671843.397034,3161589.000,59077,1,TH,1,100,36.388
1715671843.528069,3161714.000,59093,1,TH,1,100,36.388
1715671843.662249,3161842.000,59111,1,TH,1,100,36.330
1715671843.795381,3161969.000,59142,1,TH,1,100,36.330
1715671843.929561,3162097.000,59159,1,TH,1,100,36.319
1715671844.063741,3162225.000,59178,1,TH,1,100,36.319
1715671844.196873,3162352.000,59194,1,TH,1,100,36.379
1715671844.332101,3162481.000,59226,1,TH,1,100,36.379
1715671844.464185,3162607.000,59243,1,TH,1,100,36.333
1715671844.595220,3162732.000,59260,1,TH,1,100,36.333
1715671844.727304,3162858.000,59277,1,TH,1,100,36.385
1715671844.860435,3162985.000,59309,1,TH,1,100,36.385
1715671844.994615,3163113.000,59327,1,TH,1,100,36.303
1715671845.127747,3163240.000,59345,1,TH,1,100,36.303
1715671845.261927,3163368.000,59362,1,TH,1,100,36.271
1715671845.397156,3163497.000,59379,1,TH,1,100,36.271
1715671845.528191,3163622.000,59395,1,TH,1,100,36.284
1715671845.660274,3163748.000,59427,1,TH,1,100,36.284
1715671845.791310,3163873.000,59444,1,TH,1,100,36.262
1715671845.924441,3164000.000,59461,1,TH,1,100,36.262
1715671846.057573,3164127.000,59478,1,TH,1,100,36.243
1715671846.192801,3164256.000,59494,1,TH,1,100,36.243
1715671846.325933,3164383.000,59526,1,TH,1,100,36.321
1715671846.459065,3164510.000,59543,1,TH,1,100,36.321
1715671846.593245,3164638.000,59560,1,TH,1,100,36.324
1715671846.726377,3164765.000,59593,1,TH,1,100,36.324
1715671846.857412,3164890.000,59613,1,TH,1,100,36.312
1715671846.991592,3165018.000,59629,1,TH,1,100,36.312
1715671847.123676,3165144.000,59646,1,TH,1,100,36.314
1715671847.257856,3165272.000,59680,1,TH,1,100,36.314
1715671847.392036,3165400.000,59696,1,TH,1,100,36.321
1715671847.525168,3165527.000,59713,1,TH,1,100,36.321
1715671847.660396,3165656.000,59730,1,TH,1,100,36.305
1715671847.792480,3165782.000,59763,1,TH,1,100,36.305
1715671847.923515,3165907.000,59781,1,TH,1,100,36.280
1715671848.054550,3166032.000,59797,1,TH,1,100,36.280
1715671848.187682,3166159.000,59814,1,TH,1,100,36.356
1715671848.321862,3166287.000,59846,1,TH,1,100,36.356
1715671848.454994,3166414.000,59862,1,TH,1,100,36.353
1715671848.589174,3166542.000,59880,1,TH,1,100,36.353
1715671848.724402,3166671.000,59896,1,TH,1,100,36.406
1715671848.855437,3166796.000,59928,1,TH,1,100,36.406
1715671848.988569,3166923.000,59945,1,TH,1,100,36.275
1715671849.119604,3167048.000,59961,1,TH,1,100,36.275
1715671849.252736,3167175.000,59979,1,TH,1,100,36.358
1715671849.385868,3167302.000,60012,1,TH,1,100,36.358
1715671849.521096,3167431.000,60028,1,TH,1,100,36.310
1715671849.654228,3167558.000,60046,1,TH,1,100,36.310
1715671849.787360,3167685.000,60062,1,TH,1,100,36.351
1715671849.922588,3167814.000,60094,1,TH,1,100,36.351
1715671850.055720,3167941.000,60111,1,TH,1,100,36.358
1715671850.186755,3168066.000,60127,1,TH,1,100,36.358
1715671850.319887,3168193.000,60145,1,TH,1,100,36.262
1715671850.453019,3168320.000,60180,2,TH,1,100,36.262
1715671850.586151,3168447.000,60180,2,TH,1,100,36.349
1715671850.720331,3168575.000,60196,1,TH,1,100,36.349
1715671850.853462,3168702.000,60228,1,TH,1,100,36.266
1715671850.988691,3168831.000,60245,1,TH,1,100,36.266
1715671851.120774,3168957.000,60261,1,TH,1,100,36.358
1715671851.251810,3169082.000,60293,1,TH,1,100,36.358
1715671851.381797,3169206.000,60310,1,TH,1,100,36.264
1715671851.514928,3169333.000,60328,1,TH,1,100,36.264
1715671851.649108,3169461.000,60348,1,TH,1,100,36.223
1715671851.782240,3169588.000,60364,1,TH,1,100,36.223
1715671851.916420,3169716.000,60396,1,TH,1,100,36.310
1715671852.051649,3169845.000,60413,1,TH,1,100,36.310
1715671852.183732,3169971.000,60429,1,TH,1,100,36.402
1715671852.317912,3170099.000,60461,1,TH,1,100,36.402
1715671852.448947,3170224.000,60480,1,TH,1,100,36.347
1715671852.582079,3170351.000,60497,1,TH,1,100,36.347
1715671852.715211,3170478.000,60514,1,TH,1,100,36.301
1715671852.850439,3170607.000,60530,1,TH,1,100,36.301
1715671852.983571,3170734.000,60562,1,TH,1,100,36.310
1715671853.116703,3170861.000,60579,1,TH,1,100,36.310
1715671853.251931,3170990.000,60596,1,TH,1,100,36.326
1715671853.385063,3171117.000,60629,1,TH,1,100,36.326
1715671853.516098,3171242.000,60647,1,TH,1,100,36.298
1715671853.648182,3171368.000,60663,1,TH,1,100,36.298
1715671853.780265,3171494.000,60680,1,TH,1,100,36.347
1715671853.914445,3171622.000,60712,1,TH,1,100,36.347
1715671854.048625,3171750.000,60728,1,TH,1,100,36.347
1715671854.181757,3171877.000,60745,1,TH,1,100,36.347
1715671854.316986,3172006.000,60762,1,TH,1,100,36.282
1715671854.449069,3172132.000,60795,1,TH,1,100,36.282
1715671854.582201,3172259.000,60813,1,TH,1,100,36.319
1715671854.712188,3172383.000,60829,1,TH,1,100,36.319
1715671854.845320,3172510.000,60846,1,TH,1,100,36.305
1715671854.979500,3172638.000,60863,1,TH,1,100,36.305
1715671855.112632,3172765.000,60894,1,TH,1,100,36.418
1715671855.246812,3172893.000,60912,1,TH,1,100,36.418
1715671855.382040,3173022.000,60930,1,TH,1,100,36.246
1715671855.515172,3173149.000,60962,1,TH,1,100,36.246
1715671855.649352,3173277.000,60979,1,TH,1,100,36.392
1715671855.780387,3173402.000,60995,1,TH,1,100,36.392
1715671855.913519,3173529.000,61018,1,TH,1,100,36.266
1715671856.045602,3173655.000,61034,1,TH,1,100,36.266
1715671856.180831,3173784.000,61052,1,TH,1,100,36.372
1715671856.313962,3173911.000,61068,1,TH,1,100,36.372
1715671856.447094,3174038.000,61085,1,TH,1,100,36.296
1715671856.582323,3174167.000,61121,1,TH,1,100,36.296
1715671856.715454,3174294.000,61137,1,TH,1,100,36.277
1715671856.846490,3174419.000,61154,1,TH,1,100,36.277
1715671856.977525,3174544.000,61171,1,TH,1,100,36.317
1715671857.109608,3174670.000,61202,1,TH,1,100,36.317
1715671857.243788,3174798.000,61220,1,TH,1,100,36.333
1715671857.377969,3174926.000,61236,1,TH,1,100,36.333
1715671857.511100,3175053.000,61255,1,TH,1,100,36.312
1715671857.646329,3175182.000,61287,1,TH,1,100,36.312
1715671857.778412,3175308.000,61303,1,TH,1,100,36.367
1715671857.912592,3175436.000,61321,1,TH,1,100,36.367
1715671858.042579,3175560.000,61338,1,TH,1,100,36.305
1715671858.175711,3175687.000,61354,1,TH,1,100,36.305
1715671858.308843,3175814.000,61371,1,TH,1,100,36.315
1715671858.441975,3175941.000,61387,1,TH,1,100,36.314
1715671858.576155,3176069.000,61407,1,TH,1,100,36.367
1715671858.711383,3176198.000,61423,1,TH,1,100,36.367
1715671858.843467,3176324.000,61455,1,TH,1,100,36.411
1715671858.977647,3176452.000,61472,1,TH,1,100,36.411
1715671859.108682,3176577.000,61488,1,TH,1,100,36.370
1715671859.239717,3176702.000,61506,1,TH,1,100,36.370
1715671859.371801,3176828.000,61522,1,TH,1,100,36.367
1715671859.507029,3176957.000,61556,1,TH,1,100,36.367
1715671859.639112,3177083.000,61573,1,TH,1,100,36.356
1715671859.773293,3177211.000,61589,1,TH,1,100,36.363
1715671859.908521,3177340.000,61621,1,TH,1,100,36.333
1715671860.041653,3177467.000,61638,1,TH,1,100,36.326
1715671860.173736,3177593.000,61654,1,TH,1,100,36.353
1715671860.304771,3177718.000,61672,1,TH,1,100,36.353
1715671860.436855,3177844.000,61703,1,TH,1,100,36.331
1715671860.571035,3177972.000,61720,1,TH,1,100,36.331
1715671860.705215,3178100.000,61739,1,TH,1,100,36.377
1715671860.838347,3178227.000,61755,1,TH,1,100,36.377
1715671860.973575,3178356.000,61787,1,TH,1,100,36.356
1715671861.106707,3178483.000,61804,1,TH,1,100,36.356
1715671861.238791,3178609.000,61827,2,TH,1,100,36.298
1715671861.370874,3178735.000,61827,2,TH,1,100,36.306
1715671861.504006,3178862.000,61843,1,TH,1,100,36.379
1715671861.636089,3178988.000,61877,1,TH,1,100,36.372
1715671861.769221,3179115.000,61894,1,TH,1,100,36.314
1715671861.903401,3179243.000,61913,1,TH,1,100,36.314
1715671862.038630,3179372.000,61930,1,TH,1,100,36.310
1715671862.170713,3179498.000,61962,1,TH,1,100,36.310
1715671862.304893,3179626.000,61978,1,TH,1,100,36.319
1715671862.435928,3179751.000,61995,1,TH,1,100,36.319
1715671862.566964,3179876.000,62012,1,TH,1,100,36.347
1715671862.699047,3180002.000,62045,1,TH,1,100,36.347
1715671862.834275,3180131.000,62063,1,TH,1,100,36.299
1715671862.966359,3180257.000,62079,1,TH,1,100,36.299
1715671863.100539,3180385.000,62096,1,TH,1,100,36.296
1715671863.235767,3180514.000,62128,1,TH,1,100,36.303
1715671863.368899,3180641.000,62144,1,TH,1,100,36.365
1715671863.500983,3180767.000,62163,1,TH,1,100,36.358
1715671863.632018,3180892.000,62180,1,TH,1,100,36.356
1715671863.764102,3181018.000,62211,1,TH,1,100,36.356
1715671863.898282,3181146.000,62229,1,TH,1,100,36.296
1715671864.032462,3181274.000,62245,1,TH,1,100,36.303
1715671864.165593,3181401.000,62262,1,TH,1,100,36.310
1715671864.300822,3181530.000,62294,1,TH,1,100,36.310
1715671864.433954,3181657.000,62310,1,TH,1,100,36.255
1715671864.568134,3181785.000,62328,1,TH,1,100,36.255
1715671864.698121,3181909.000,62346,1,TH,1,100,36.368
1715671864.831252,3182036.000,62378,1,TH,1,100,36.368
1715671864.962287,3182161.000,62395,1,TH,1,100,36.269
1715671865.095419,3182288.000,62411,1,TH,1,100,36.269
1715671865.229599,3182416.000,62429,1,TH,1,100,36.235
1715671865.364828,3182545.000,62460,1,TH,1,100,36.235
1715671865.496911,3182671.000,62476,1,TH,1,100,36.317
1715671865.631091,3182799.000,62494,1,TH,1,100,36.317
1715671865.762127,3182924.000,62512,1,TH,1,100,36.361
1715671865.892113,3183048.000,62544,1,TH,1,100,36.361
1715671866.024197,3183174.000,62561,1,TH,1,100,36.372
1715671866.159425,3183303.000,62577,1,TH,1,100,36.372
1715671866.291509,3183429.000,62595,1,TH,1,100,36.354
1715671866.425689,3183557.000,62628,1,TH,1,100,36.354
1715671866.559869,3183685.000,62649,2,TH,1,100,36.393
1715671866.694049,3183813.000,62649,2,TH,1,100,36.393
1715671866.827181,3183940.000,62667,1,TH,1,100,36.345
1715671866.958216,3184065.000,62685,1,TH,1,100,36.345
1715671867.090300,3184191.000,62701,1,TH,1,100,36.331
1715671867.223431,3184318.000,62733,1,TH,1,100,36.331
1715671867.357611,3184446.000,62750,1,TH,1,100,36.354
1715671867.490743,3184573.000,62766,1,TH,1,100,36.354
1715671867.625972,3184702.000,62784,1,TH,1,100,36.290
1715671867.759104,3184829.000,62815,1,TH,1,100,36.290
1715671867.893284,3184957.000,62832,1,TH,1,100,36.288
1715671868.023270,3185081.000,62849,1,TH,1,100,36.288
1715671868.155354,3185207.000,62865,1,TH,1,100,36.278
1715671868.286389,3185332.000,62897,1,TH,1,100,36.278
1715671868.419521,3185459.000,62914,1,TH,1,100,36.411
1715671868.553701,3185587.000,62931,1,TH,1,100,36.411
1715671868.688929,3185716.000,62948,1,TH,1,100,36.381
1715671868.821013,3185842.000,62980,1,TH,1,100,36.381
1715671868.955193,3185970.000,62996,1,TH,1,100,36.308
1715671869.087276,3186096.000,63013,1,TH,1,100,36.308
1715671869.217263,3186220.000,63030,1,TH,1,100,36.308
1715671869.349347,3186346.000,63063,1,TH,1,100,36.308
1715671869.484575,3186475.000,63080,1,TH,1,100,36.377
1715671869.616659,3186601.000,63097,1,TH,1,100,36.377
1715671869.750839,3186729.000,63114,1,TH,1,100,36.315
1715671869.886067,3186858.000,63146,1,TH,1,100,36.315
1715671870.019199,3186985.000,63162,1,TH,1,100,36.299
1715671870.153379,3187113.000,63179,1,TH,1,100,36.299
1715671870.284414,3187238.000,63211,1,TH,1,100,36.313
1715671870.416498,3187364.000,63227,1,TH,1,100,36.313
1715671870.549630,3187491.000,63245,1,TH,1,100,36.294
1715671870.683810,3187619.000,63261,1,TH,1,100,36.294
1715671870.816941,3187746.000,63293,1,TH,1,100,36.404
1715671870.952170,3187875.000,63310,1,TH,1,100,36.404
1715671871.085302,3188002.000,63326,1,TH,1,100,36.248
1715671871.219482,3188130.000,63344,1,TH,1,100,36.248
1715671871.349469,3188254.000,63375,1,TH,1,100,36.416
1715671871.481552,3188380.000,63392,1,TH,1,100,36.416
1715671871.612587,3188505.000,63413,1,TH,1,100,36.317
1715671871.745719,3188632.000,63429,1,TH,1,100,36.317
1715671871.880424,3188760.500,63469,2,TH,1,100,36.306
1715671872.015128,3188889.000,63469,2,TH,1,100,36.306
1715671872.147211,3189015.000,63486,1,TH,1,100,36.286
1715671872.281391,3189143.000,63505,1,TH,1,100,36.286
1715671872.414523,3189270.000,63521,1,TH,1,100,36.354
1715671872.544510,3189394.000,63539,1,TH,1,100,36.354
1715671872.676594,3189520.000,63555,1,TH,1,100,36.331
1715671872.811822,3189649.000,63587,1,TH,1,100,36.331
1715671872.943905,3189775.000,63604,1,TH,1,100,36.290
1715671873.078085,3189903.000,63620,1,TH,1,100,36.290
1715671873.214362,3190033.000,63654,1,TH,1,100,36.313
1715671873.348542,3190161.000,63671,1,TH,1,100,36.313
1715671873.482722,3190289.000,63687,1,TH,1,100,36.411
1715671873.613757,3190414.000,63705,1,TH,1,100,36.411
1715671873.745841,3190540.000,63736,1,TH,1,100,36.306
1715671873.877924,3190666.000,63753,1,TH,1,100,36.306
1715671874.012105,3190794.000,63770,1,TH,1,100,36.356
1715671874.145236,3190921.000,63786,1,TH,1,100,36.356
1715671874.280465,3191050.000,63820,1,TH,1,100,36.269
1715671874.413596,3191177.000,63837,1,TH,1,100,36.269
1715671874.547776,3191305.000,63854,1,TH,1,100,36.354
1715671874.677763,3191429.000,63871,1,TH,1,100,36.354
1715671874.809847,3191555.000,63903,1,TH,1,100,36.276
1715671874.940882,3191680.000,63919,1,TH,1,100,36.276
1715671875.074014,3191807.000,63936,1,TH,1,100,36.267
1715671875.208194,3191935.000,63953,1,TH,1,100,36.267
1715671875.343422,3192064.000,63984,1,TH,1,100,36.308
1715671875.476554,3192191.000,64002,1,TH,1,100,36.308
1715671875.610734,3192319.000,64020,1,TH,1,100,36.338
1715671875.743866,3192446.000,64037,1,TH,1,100,36.338
1715671875.873853,3192570.000,64069,1,TH,1,100,36.366
1715671876.005937,3192696.000,64085,1,TH,1,100,36.366
1715671876.141165,3192825.000,64102,1,TH,1,100,36.290
1715671876.271152,3192949.000,64119,1,TH,1,100,36.290
1715671876.405332,3193077.000,64150,1,TH,1,100,36.361
1715671876.541609,3193207.000,64168,1,TH,1,100,36.361
1715671876.675789,3193335.000,64186,1,TH,1,100,36.363
1715671876.809969,3193463.000,64203,1,TH,1,100,36.363
1715671876.941004,3193588.000,64235,1,TH,1,100,36.237
1715671877.073087,3193714.000,64251,1,TH,1,100,36.237
1715671877.205171,3193840.000,64271,1,TH,1,100,36.320
1715671877.339351,3193968.000,64293,1,TH,1,100,36.320
1715671877.472483,3194095.000,64310,1,TH,1,100,36.297
1715671877.607711,3194224.000,64327,1,TH,1,100,36.297
1715671877.740843,3194351.000,64343,1,TH,1,100,36.311
1715671877.875023,3194479.000,64361,1,TH,1,100,36.311
1715671878.005010,3194603.000,64377,1,TH,1,100,36.331
1715671878.137094,3194729.000,64411,1,TH,1,100,36.331
1715671878.268129,3194854.000,64428,1,TH,1,100,36.248
1715671878.401261,3194981.000,64444,1,TH,1,100,36.248
1715671878.535441,3195109.000,64462,1,TH,1,100,36.425
1715671878.670669,3195238.000,64493,1,TH,1,100,36.425
1715671878.802752,3195364.000,64509,1,TH,1,100,36.375
1715671878.936933,3195492.000,64527,1,TH,1,100,36.375
1715671879.070064,3195619.000,64558,1,TH,1,100,36.409
1715671879.200051,3195743.000,64575,1,TH,1,100,36.409
1715671879.332135,3195869.000,64592,1,TH,1,100,36.343
1715671879.467363,3195998.000,64610,1,TH,1,100,36.343
1715671879.598398,3196123.000,64642,1,TH,1,100,36.414
1715671879.732579,3196251.000,64659,1,TH,1,100,36.414
1715671879.868855,3196381.000,64676,1,TH,1,100,36.347
1715671880.003035,3196509.000,64693,1,TH,1,100,36.347
1715671880.137215,3196637.000,64727,1,TH,1,100,36.343
1715671880.268250,3196762.000,64743,1,TH,1,100,36.343
1715671880.400334,3196888.000,64760,1,TH,1,100,36.391
1715671880.531369,3197013.000,64777,1,TH,1,100,36.391
1715671880.665549,3197141.000,64808,1,TH,1,100,36.375
1715671880.798681,3197268.000,64828,1,TH,1,100,36.375
1715671880.933909,3197397.000,64844,1,TH,1,100,36.324
1715671881.067041,3197524.000,64861,1,TH,1,100,36.324
1715671881.201221,3197652.000,64893,1,TH,1,100,36.347
1715671881.331208,3197776.000,64909,1,TH,1,100,36.347
1715671881.463292,3197902.000,64926,1,TH,1,100,36.311
1715671881.594327,3198027.000,64945,1,TH,1,100,36.311
1715671881.727459,3198154.000,64978,1,TH,1,100,36.246
1715671881.861639,3198282.000,64996,1,TH,1,100,36.246
1715671881.996867,3198411.000,65012,1,TH,1,100,36.251
1715671882.128951,3198537.000,65029,1,TH,1,100,36.251
1715671882.263131,3198665.000,65061,1,TH,1,100,36.311
1715671882.396263,3198792.000,65077,1,TH,1,100,36.311
1715671882.526250,3198916.000,65095,1,TH,1,100,36.318
1715671882.659905,3199043.500,65117,2,TH,1,100,36.318
1715671882.793561,3199171.000,65117,2,TH,1,100,36.320
1715671882.924597,3199296.000,65134,1,TH,1,100,36.320
1715671883.058777,3199424.000,65165,1,TH,1,100,36.313
1715671883.195053,3199554.000,65183,1,TH,1,100,36.313
1715671883.329233,3199682.000,65199,1,TH,1,100,36.336
1715671883.463413,3199810.000,65216,1,TH,1,100,36.336
1715671883.594449,3199935.000,65248,1,TH,1,100,36.354
1715671883.726532,3200061.000,65264,1,TH,1,100,36.354
1715671883.857568,3200186.000,65282,1,TH,1,100,36.331
1715671883.991748,3200314.000,65298,1,TH,1,100,36.331
1715671884.124879,3200441.000,65332,1,TH,1,100,36.315
1715671884.260108,3200570.000,65349,1,TH,1,100,36.315
1715671884.393239,3200697.000,65365,1,TH,1,100,36.333
1715671884.527420,3200825.000,65383,1,TH,1,100,36.333
1715671884.657407,3200949.000,65416,1,TH,1,100,36.352
1715671884.789490,3201075.000,65433,1,TH,1,100,36.352
1715671884.920525,3201200.000,65450,1,TH,1,100,36.352
1715671885.053657,3201327.000,65466,1,TH,1,100,36.352
1715671885.187837,3201455.000,65498,1,TH,1,100,36.278
1715671885.323066,3201584.000,65515,1,TH,1,100,36.278
1715671885.455149,3201710.000,65531,1,TH,1,100,36.393
1715671885.589329,3201838.000,13,1,TH,1,100,36.393
1715671885.723509,3201966.000,44,1,TH,1,100,36.299
1715671885.853496,3202090.000,61,1,TH,1,100,36.299
1715671885.985579,3202216.000,80,1,TH,1,100,36.331
1715671886.119760,3202344.000,96,1,TH,1,100,36.331
1715671886.250795,3202469.000,128,1,TH,1,100,36.244
1715671886.384975,3202597.000,145,1,TH,1,100,36.244
1715671886.521252,3202727.000,164,1,TH,1,100,36.350
1715671886.654383,3202854.000,183,1,TH,1,100,36.350
1715671886.788563,3202982.000,215,1,TH,1,100,36.354
1715671886.919599,3203107.000,231,1,TH,1,100,36.354
1715671887.051682,3203233.000,248,1,TH,1,100,36.361
1715671887.182717,3203358.000,265,1,TH,1,100,36.361
1715671887.316897,3203486.000,299,1,TH,1,100,36.320
1715671887.450029,3203613.000,316,1,TH,1,100,36.320
1715671887.585258,3203742.000,333,1,TH,1,100,36.278
1715671887.718390,3203869.000,350,1,TH,1,100,36.278
1715671887.852570,3203997.000,382,1,TH,1,100,36.318
1715671887.983605,3204122.000,405,1,TH,1,100,36.318
1715671888.115688,3204248.000,423,1,TH,1,100,36.320
1715671888.246723,3204373.000,439,1,TH,1,100,36.327
1715671888.379855,3204500.000,456,1,TH,1,100,36.398
1715671888.512987,3204627.000,488,1,TH,1,100,36.391
1715671888.648215,3204756.000,507,1,TH,1,100,36.370
1715671888.780299,3204882.000,524,1,TH,1,100,36.370
1715671888.914479,3205010.000,541,1,TH,1,100,36.384
1715671889.049707,3205139.000,572,1,TH,1,100,36.384
1715671889.179694,3205263.000,593,1,TH,1,100,36.345
1715671889.311778,3205389.000,609,1,TH,1,100,36.345
1715671889.444910,3205516.000,626,1,TH,1,100,36.322
1715671889.575945,3205641.000,658,1,TH,1,100,36.322
1715671889.710125,3205769.000,674,1,TH,1,100,36.382
1715671889.846401,3205899.000,692,1,TH,1,100,36.382
1715671889.978485,3206025.000,711,1,TH,1,100,36.322
1715671890.113714,3206154.000,743,1,TH,1,100,36.322
1715671890.244749,3206279.000,760,1,TH,1,100,36.400
1715671890.376832,3206405.000,776,1,TH,1,100,36.400
1715671890.507867,3206530.000,797,1,TH,1,100,36.356
1715671890.642047,3206658.000,828,1,TH,1,100,36.364
1715671890.775179,3206785.000,845,1,TH,1,100,36.334
1715671890.910408,3206914.000,862,1,TH,1,100,36.327
1715671891.043539,3207041.000,880,1,TH,1,100,36.322
1715671891.177719,3207169.000,915,1,TH,1,100,36.329
1715671891.309803,3207295.000,932,1,TH,1,100,36.332
1715671891.441362,3207420.500,950,2,TH,1,100,36.332
1715671891.572922,3207546.000,950,2,TH,1,100,36.320
1715671891.706053,3207673.000,983,1,TH,1,100,36.313
1715671891.838137,3207799.000,1000,1,TH,1,100,36.341
1715671891.973365,3207928.000,1017,1,TH,1,100,36.348
1715671892.105449,3208054.000,1035,1,TH,1,100,36.258
1715671892.239629,3208182.000,1067,1,TH,1,100,36.258
1715671892.374857,3208311.000,1084,1,TH,1,100,36.373
1715671892.504844,3208435.000,1101,1,TH,1,100,36.373
1715671892.636928,3208561.000,1118,1,TH,1,100,36.350
1715671892.769011,3208687.000,1150,1,TH,1,100,36.350
1715671892.900047,3208812.000,1171,1,TH,1,100,36.380
1715671893.034227,3208940.000,1188,1,TH,1,100,36.373
1715671893.170503,3209070.000,1208,1,TH,1,100,36.333
1715671893.302587,3209196.000,1225,1,TH,1,100,36.333
1715671893.437815,3209325.000,1246,1,TH,1,100,36.366
1715671893.568850,3209450.000,1264,1,TH,1,100,36.366
1715671893.701982,3209577.000,1295,1,TH,1,100,36.329
1715671893.833017,3209702.000,1315,1,TH,1,100,36.329
1715671893.967197,3209830.000,1332,1,TH,1,100,36.384
1715671894.100329,3209957.000,1348,1,TH,1,100,36.391
1715671894.235558,3210086.000,1382,1,TH,1,100,36.371
1715671894.368689,3210213.000,1402,1,TH,1,100,36.371
1715671894.502869,3210341.000,1419,1,TH,1,100,36.325
1715671894.636001,3210468.000,1450,1,TH,1,100,36.325
1715671894.768085,3210594.000,1468,1,TH,1,100,36.355
1715671894.899120,3210719.000,1484,1,TH,1,100,36.355
1715671895.032252,3210846.000,1504,1,TH,1,100,36.385
1715671895.164335,3210972.000,1521,1,TH,1,100,36.385
1715671895.299564,3211101.000,1554,1,TH,1,100,36.373
1715671895.431647,3211227.000,1572,1,TH,1,100,36.373
1715671895.565827,3211355.000,1591,1,TH,1,100,36.286
1715671895.701056,3211484.000,1608,1,TH,1,100,36.286
1715671895.831043,3211608.000,1640,1,TH,1,100,36.371
1715671895.963126,3211734.000,1658,1,TH,1,100,36.363
1715671896.095210,3211860.000,1675,1,TH,1,100,36.350
1715671896.226245,3211985.000,1692,1,TH,1,100,36.357
1715671896.360425,3212113.000,1712,1,TH,1,100,36.391
1715671896.496701,3212243.000,1746,1,TH,1,100,36.384
1715671896.628785,3212369.000,1762,1,TH,1,100,36.354
1715671896.764013,3212498.000,1779,1,TH,1,100,36.362
1715671896.895049,3212623.000,1799,1,TH,1,100,36.350
1715671897.028180,3212750.000,1830,1,TH,1,100,36.350
1715671897.159215,3212875.000,1848,1,TH,1,100,36.392
1715671897.293396,3213003.000,1866,1,TH,1,100,36.392
1715671897.426528,3213130.000,1883,1,TH,1,100,36.385
1715671897.561756,3213259.000,1915,1,TH,1,100,36.385
1715671897.694888,3213386.000,1931,1,TH,1,100,36.403
1715671897.829068,3213514.000,1952,1,TH,1,100,36.403
1715671897.962199,3213641.000,1968,1,TH,1,100,36.329
1715671898.094283,3213767.000,1985,1,TH,1,100,36.329
1715671898.225318,3213892.000,2017,1,TH,1,100,36.290
1715671898.357402,3214018.000,2035,1,TH,1,100,36.290
1715671898.489485,3214144.000,2053,1,TH,1,100,36.309
1715671898.624714,3214273.000,2069,1,TH,1,100,36.309
1715671898.758369,3214400.500,2106,2,TH,1,100,36.419
1715671898.892025,3214528.000,2106,2,TH,1,100,36.419
1715671899.027254,3214657.000,2140,1,TH,1,100,36.375
1715671899.157241,3214781.000,2158,1,TH,1,100,36.375
1715671899.289324,3214907.000,2174,1,TH,1,100,36.277
1715671899.421408,3215033.000,2191,1,TH,1,100,36.277
1715671899.552443,3215158.000,2225,1,TH,1,100,36.327
1715671899.686623,3215286.000,2244,1,TH,1,100,36.327
1715671899.822900,3215416.000,2262,1,TH,1,100,36.341
1715671899.954983,3215542.000,2278,1,TH,1,100,36.341
1715671900.090212,3215671.000,2310,1,TH,1,100,36.369
1715671900.221247,3215796.000,2327,1,TH,1,100,36.369
1715671900.354378,3215923.000,2346,1,TH,1,100,36.350
1715671900.485414,3216048.000,2366,1,TH,1,100,36.350
1715671900.619594,3216176.000,2382,1,TH,1,100,36.364
1715671900.752726,3216303.000,2414,1,TH,1,100,36.364
1715671900.887954,3216432.000,2431,1,TH,1,100,36.364
1715671901.021086,3216559.000,2450,1,TH,1,100,36.364
1715671901.155266,3216687.000,2468,1,TH,1,100,36.270
1715671901.288398,3216814.000,2499,1,TH,1,100,36.270
1715671901.420481,3216940.000,2515,1,TH,1,100,36.387
1715671901.551516,3217065.000,2537,1,TH,1,100,36.387
1715671901.683600,3217191.000,2556,1,TH,1,100,36.293
1715671901.815683,3217317.000,2588,1,TH,1,100,36.293
1715671901.950912,3217446.000,2605,1,TH,1,100,36.302
1715671902.084044,3217573.000,2621,1,TH,1,100,36.302
1715671902.218224,3217701.000,2642,1,TH,1,100,36.368
1715671902.353452,3217830.000,2673,1,TH,1,100,36.368
1715671902.483439,3217954.000,2692,1,TH,1,100,36.357
1715671902.615522,3218080.000,2709,1,TH,1,100,36.357
1715671902.747606,3218206.000,2725,1,TH,1,100,36.277
1715671902.878641,3218331.000,2760,1,TH,1,100,36.277
1715671903.012821,3218459.000,2777,1,TH,1,100,36.318
1715671903.149098,3218589.000,2794,1,TH,1,100,36.318
1715671903.281181,3218715.000,2811,1,TH,1,100,36.350
1715671903.416410,3218844.000,2843,1,TH,1,100,36.350
1715671903.548493,3218970.000,2859,1,TH,1,100,36.304
1715671903.681625,3219097.000,2878,1,TH,1,100,36.304
1715671903.812660,3219222.000,2895,1,TH,1,100,36.396
1715671903.946840,3219350.000,2926,1,TH,1,100,36.396
1715671904.080496,3219477.500,2949,2,TH,1,100,36.339
1715671904.214152,3219605.000,2949,2,TH,1,100,36.339
1715671904.347284,3219732.000,2969,1,TH,1,100,36.332
1715671904.481464,3219860.000,2986,1,TH,1,100,36.332
1715671904.615644,3219988.000,3019,1,TH,1,100,36.282
1715671904.747728,3220114.000,3040,1,TH,1,100,36.282
1715671904.878763,3220239.000,3056,1,TH,1,100,36.320
1715671905.009798,3220364.000,3073,1,TH,1,100,36.320
1715671905.141882,3220490.000,3090,1,TH,1,100,36.385
1715671905.277110,3220619.000,3121,1,TH,1,100,36.385
1715671905.410242,3220746.000,3139,1,TH,1,100,36.355
1715671905.544422,3220874.000,3155,1,TH,1,100,36.355
1715671905.679650,3221003.000,3175,1,TH,1,100,36.297
1715671905.809637,3221127.000,3209,1,TH,1,100,36.297
1715671905.941721,3221253.000,3225,1,TH,1,100,36.385
1715671906.073804,3221379.000,3245,1,TH,1,100,36.385
1715671906.204839,3221504.000,3262,1,TH,1,100,36.396
1715671906.339020,3221632.000,3293,1,TH,1,100,36.396
1715671906.475296,3221762.000,3311,1,TH,1,100,36.327
1715671906.607380,3221888.000,3329,1,TH,1,100,36.327
1715671906.742608,3222017.000,3348,1,TH,1,100,36.362
1715671906.875740,3222144.000,3383,1,TH,1,100,36.362
1715671907.008872,3222271.000,3399,1,TH,1,100,36.366
1715671907.139907,3222396.000,3417,1,TH,1,100,36.366
1715671907.274087,3222524.000,3433,1,TH,1,100,36.337
1715671907.405122,3222649.000,3468,1,TH,1,100,36.337
1715671907.540350,3222778.000,3487,1,TH,1,100,36.329
1715671907.673482,3222905.000,3503,1,TH,1,100,36.329
1715671907.807662,3223033.000,3521,1,TH,1,100,36.371
1715671907.941842,3223161.000,3552,1,TH,1,100,36.371
1715671908.073926,3223287.000,3571,1,TH,1,100,36.394
1715671908.204961,3223412.000,3589,1,TH,1,100,36.394
1715671908.335996,3223537.000,3605,1,TH,1,100,36.352
1715671908.468080,3223663.000,3637,1,TH,1,100,36.352
1715671908.603308,3223792.000,3657,1,TH,1,100,36.297
1715671908.735392,3223918.000,3675,1,TH,1,100,36.297
1715671908.869572,3224046.000,3693,1,TH,1,100,36.350
1715671909.004800,3224175.000,3724,1,TH,1,100,36.350
1715671909.134787,3224299.000,3741,1,TH,1,100,36.366
1715671909.267919,3224426.000,3761,1,TH,1,100,36.366
1715671909.400002,3224552.000,3777,1,TH,1,100,36.398
1715671909.531038,3224677.000,3800,1,TH,1,100,36.398
1715671909.664170,3224804.000,3831,1,TH,1,100,36.348
1715671909.800446,3224934.000,3851,1,TH,1,100,36.348
1715671909.932530,3225060.000,3870,1,TH,1,100,36.343
1715671910.067758,3225189.000,3886,1,TH,1,100,36.343
1715671910.201938,3225317.000,3918,1,TH,1,100,36.360
1715671910.335070,3225444.000,3935,1,TH,1,100,36.360
1715671910.466105,3225569.000,3952,1,TH,1,100,36.348
1715671910.599237,3225696.000,3969,1,TH,1,100,36.348
1715671910.730272,3225821.000,4006,1,TH,1,100,36.355
1715671910.865500,3225950.000,4022,1,TH,1,100,36.355
1715671910.998632,3226077.000,4039,1,TH,1,100,36.385
1715671911.132812,3226205.000,4056,1,TH,1,100,36.385
1715671911.266992,3226333.000,4090,1,TH,1,100,36.332
1715671911.399076,3226459.000,4107,1,TH,1,100,36.332
1715671911.531159,3226585.000,4126,1,TH,1,100,36.339
1715671911.662195,3226710.000,4143,1,TH,1,100,36.339
1715671911.794278,3226836.000,4175,1,TH,1,100,36.396
1715671911.929507,3226965.000,4196,1,TH,1,100,36.396
1715671912.061590,3227091.000,4213,1,TH,1,100,36.357
1715671912.195770,3227219.000,4230,1,TH,1,100,36.357
1715671912.330998,3227348.000,4261,1,TH,1,100,36.362
1715671912.462034,3227473.000,4282,1,TH,1,100,36.362
1715671912.595165,3227600.000,4298,1,TH,1,100,36.300
1715671912.727249,3227726.000,4315,1,TH,1,100,36.300
1715671912.858284,3227851.000,4347,1,TH,1,100,36.373
1715671912.991416,3227978.000,4365,1,TH,1,100,36.373
1715671913.127693,3228108.000,4383,1,TH,1,100,36.360
1715671913.259776,3228234.000,4402,1,TH,1,100,36.360
1715671913.395005,3228363.000,4434,1,TH,1,100,36.291
1715671913.529185,3228491.000,4451,1,TH,1,100,36.291
1715671913.662316,3228618.000,4467,1,TH,1,100,36.451
1715671913.793352,3228743.000,4485,1,TH,1,100,36.451
1715671913.926483,3228870.000,4521,1,TH,1,100,36.318
1715671914.057518,3228995.000,4537,1,TH,1,100,36.318
1715671914.192747,3229124.000,4555,1,TH,1,100,36.348
1715671914.325879,3229251.000,4571,1,TH,1,100,36.348
1715671914.460059,3229379.000,4606,1,TH,1,100,36.325
1715671914.594239,3229507.000,4623,1,TH,1,100,36.325
1715671914.726322,3229633.000,4639,1,TH,1,100,36.286
1715671914.858406,3229759.000,4662,1,TH,1,100,36.286
1715671914.989441,3229884.000,4678,1,TH,1,100,36.332
1715671915.121525,3230010.000,4712,1,TH,1,100,36.332
1715671915.256753,3230139.000,4729,1,TH,1,100,36.405
1715671915.389885,3230266.000,4745,1,TH,1,100,36.405
1715671915.524065,3230394.000,4763,1,TH,1,100,36.387
1715671915.659293,3230523.000,4794,1,TH,1,100,36.387
1715671915.791377,3230649.000,4814,1,TH,1,100,36.314
1715671915.924509,3230776.000,4831,1,TH,1,100,36.314
1715671916.056592,3230902.000,4849,1,TH,1,100,36.421
1715671916.187627,3231027.000,4884,1,TH,1,100,36.421
1715671916.319711,3231153.000,4901,1,TH,1,100,36.369
1715671916.455987,3231283.000,4918,1,TH,1,100,36.369
1715671916.588071,3231409.000,4937,1,TH,1,100,36.350
1715671916.723299,3231538.000,4971,1,TH,1,100,36.350
1715671916.857479,3231666.000,4987,1,TH,1,100,36.362
1715671916.989563,3231792.000,5004,1,TH,1,100,36.369
1715671917.121646,3231918.000,5021,1,TH,1,100,36.358
1715671917.253730,3232044.000,5052,1,TH,1,100,36.358
1715671917.384765,3232169.000,5070,1,TH,1,100,36.323
1715671917.519994,3232298.000,5089,1,TH,1,100,36.323
1715671917.653125,3232425.000,5109,1,TH,1,100,36.339
1715671917.787305,3232553.000,5143,1,TH,1,100,36.339
1715671917.921485,3232681.000,5159,1,TH,1,100,36.364
1715671918.053569,3232807.000,5176,1,TH,1,100,36.364
1715671918.186701,3232934.000,5193,1,TH,1,100,36.273
1715671918.317736,3233059.000,5227,1,TH,1,100,36.265
1715671918.449819,3233185.000,5245,1,TH,1,100,36.422
1715671918.585048,3233314.000,5261,1,TH,1,100,36.422
1715671918.717131,3233440.000,5278,1,TH,1,100,36.380
1715671918.851311,3233568.000,5312,1,TH,1,100,36.388
1715671918.986540,3233697.000,5328,1,TH,1,100,36.367
1715671919.119672,3233824.000,5346,1,TH,1,100,36.367
1715671919.252803,3233951.000,5362,1,TH,1,100,36.371
1715671919.384887,3234077.000,5394,1,TH,1,100,36.371
1715671919.515922,3234202.000,5411,1,TH,1,100,36.376
1715671919.646957,3234327.000,5430,1,TH,1,100,36.376
1715671919.783234,3234457.000,5448,1,TH,1,100,36.348
1715671919.915318,3234583.000,5481,1,TH,1,100,36.348
1715671920.050546,3234712.000,5498,1,TH,1,100,36.348
1715671920.184726,3234840.000,5523,1,TH,1,100,36.348
1715671920.316809,3234966.000,5539,1,TH,1,100,36.431
1715671920.448893,3235092.000,5557,1,TH,1,100,36.431
1715671920.580976,3235218.000,5573,1,TH,1,100,36.326
1715671920.712012,3235343.000,5605,1,TH,1,100,36.326
1715671920.847240,3235472.000,5622,1,TH,1,100,36.351
1715671920.980372,3235599.000,5643,1,TH,1,100,36.351
1715671921.114552,3235727.000,5661,1,TH,1,100,36.403
1715671921.248732,3235855.000,5692,1,TH,1,100,36.403
1715671921.380816,3235981.000,5711,1,TH,1,100,36.312
1715671921.514996,3236109.000,5731,1,TH,1,100,36.312
1715671921.646031,3236234.000,5747,1,TH,1,100,36.394
1715671921.778114,3236360.000,5779,1,TH,1,100,36.394
1715671921.912294,3236488.000,5798,1,TH,1,100,36.339
1715671922.044378,3236614.000,5814,1,TH,1,100,36.339
1715671922.178558,3236742.000,5832,1,TH,1,100,36.335
1715671922.313786,3236871.000,5866,1,TH,1,100,36.327
1715671922.446918,3236998.000,5883,1,TH,1,100,36.364
1715671922.580050,3237125.000,5900,1,TH,1,100,36.371
1715671922.712133,3237251.000,5919,1,TH,1,100,36.298
1715671922.842120,3237375.000,5937,1,TH,1,100,36.298
1715671922.973155,3237500.000,5968,1,TH,1,100,36.408
1715671923.109432,3237630.000,5987,1,TH,1,100,36.408
1715671923.241516,3237756.000,6004,1,TH,1,100,36.335
1715671923.376744,3237885.000,6020,1,TH,1,100,36.335
1715671923.510924,3238013.000,6055,1,TH,1,100,36.422
1715671923.643008,3238139.000,6072,1,TH,1,100,36.422
1715671923.776139,3238266.000,6089,1,TH,1,100,36.360
1715671923.908223,3238392.000,6106,1,TH,1,100,36.353
1715671924.039258,3238517.000,6125,1,TH,1,100,36.405
1715671924.174486,3238646.000,6142,1,TH,1,100,36.413
1715671924.307618,3238773.000,6158,1,TH,1,100,36.284
1715671924.441798,3238901.000,6192,1,TH,1,100,36.284
1715671924.575979,3239029.000,6209,1,TH,1,100,36.381
1715671924.709110,3239156.000,6225,1,TH,1,100,36.381
1715671924.843290,3239284.000,6246,1,TH,1,100,36.383
1715671924.974325,3239409.000,6279,1,TH,1,100,36.383
1715671925.106409,3239535.000,6296,1,TH,1,100,36.330
1715671925.239541,3239662.000,6313,1,TH,1,100,36.330
1715671925.372673,3239789.000,6329,1,TH,1,100,36.275
1715671925.506853,3239917.000,6366,1,TH,1,100,36.275
1715671925.642081,3240046.000,6383,1,TH,1,100,36.440
1715671925.775213,3240173.000,6400,1,TH,1,100,36.440
1715671925.908345,3240300.000,6417,1,TH,1,100,36.378
1715671926.040428,3240426.000,6433,1,TH,1,100,36.378
1715671926.170415,3240550.000,6470,1,TH,1,100,36.326
1715671926.301450,3240675.000,6487,1,TH,1,100,36.326
1715671926.437727,3240805.000,6504,1,TH,1,100,36.378
1715671926.569810,3240931.000,6523,1,TH,1,100,36.378
1715671926.705039,3241060.000,6558,1,TH,1,100,36.344
1715671926.839219,3241188.000,6574,1,TH,1,100,36.344
1715671926.971303,3241314.000,6591,1,TH,1,100,36.337
1715671927.105483,3241442.000,6608,1,TH,1,100,36.337
1715671927.237566,3241568.000,6641,1,TH,1,100,36.342
1715671927.368601,3241693.000,6662,1,TH,1,100,36.342
1715671927.503829,3241822.000,6678,1,TH,1,100,36.381
1715671927.635913,3241948.000,6695,1,TH,1,100,36.381
1715671927.770093,3242076.000,6727,1,TH,1,100,36.422
1715671927.904273,3242204.000,6743,1,TH,1,100,36.422
1715671928.037405,3242331.000,6762,1,TH,1,100,36.408
1715671928.171585,3242459.000,6779,1,TH,1,100,36.408
1715671928.302620,3242584.000,6810,1,TH,1,100,36.403
1715671928.434704,3242710.000,6828,1,TH,1,100,36.403
1715671928.566787,3242836.000,6844,1,TH,1,100,36.385
1715671928.699919,3242963.000,6861,1,TH,1,100,36.385
1715671928.834099,3243091.000,6896,1,TH,1,100,36.442
1715671928.969327,3243220.000,6912,1,TH,1,100,36.442
1715671929.102459,3243347.000,6930,1,TH,1,100,36.408
1715671929.235591,3243474.000,6948,1,TH,1,100,36.408
1715671929.367675,3243600.000,6980,1,TH,1,100,36.371
1715671929.498710,3243725.000,6997,1,TH,1,100,36.371
1715671929.629745,3243850.000,7013,1,TH,1,100,36.282
1715671929.766022,3243980.000,7031,1,TH,1,100,36.282
1715671929.898105,3244106.000,7050,1,TH,1,100,36.360
1715671930.033334,3244235.000,7082,1,TH,1,100,36.360
1715671930.167514,3244363.000,7099,1,TH,1,100,36.411
1715671930.299597,3244489.000,7117,1,TH,1,100,36.411
1715671930.434826,3244618.000,7135,1,TH,1,100,36.392
1715671930.566909,3244744.000,7169,1,TH,1,100,36.392
1715671930.697944,3244869.000,7185,1,TH,1,100,36.376
1715671930.833173,3244998.000,7203,1,TH,1,100,36.376
1715671930.965256,3245124.000,7224,1,TH,1,100,36.401
1715671931.099436,3245252.000,7242,1,TH,1,100,36.401
1715671931.233616,3245380.000,7261,1,TH,1,100,36.353
1715671931.366748,3245507.000,7280,1,TH,1,100,36.353
1715671931.500928,3245635.000,7314,1,TH,1,100,36.353
1715671931.631963,3245760.000,7330,1,TH,1,100,36.353
1715671931.764047,3245886.000,7351,1,TH,1,100,36.275
1715671931.896130,3246012.000,7367,1,TH,1,100,36.275
1715671932.029262,3246139.000,7399,1,TH,1,100,36.401
1715671932.163442,3246267.000,7416,1,TH,1,100,36.401
1715671932.298671,3246396.000,7432,1,TH,1,100,36.351
1715671932.431803,3246523.000,7450,1,TH,1,100,36.351
1715671932.564934,3246650.000,7486,1,TH,1,100,36.339
1715671932.697018,3246776.000,7502,1,TH,1,100,36.339
1715671932.828053,3246901.000,7520,1,TH,1,100,36.381
1715671932.959088,3247026.000,7536,1,TH,1,100,36.381
1715671933.095365,3247156.000,7568,1,TH,1,100,36.344
1715671933.227448,3247282.000,7587,1,TH,1,100,36.344
1715671933.362677,3247411.000,7603,1,TH,1,100,36.415
1715671933.496857,3247539.000,7621,1,TH,1,100,36.415
1715671933.628940,3247665.000,7652,1,TH,1,100,36.371
1715671933.764169,3247794.000,7672,1,TH,1,100,36.371
1715671933.896252,3247920.000,7689,1,TH,1,100,36.440
1715671934.027287,3248045.000,7705,1,TH,1,100,36.440
1715671934.161468,3248173.000,7742,1,TH,1,100,36.293
1715671934.293551,3248299.000,7759,1,TH,1,100,36.293
1715671934.427731,3248427.000,7776,1,TH,1,100,36.353
1715671934.561911,3248555.000,7793,1,TH,1,100,36.353
1715671934.695043,3248682.000,7825,1,TH,1,100,36.328
1715671934.829223,3248810.000,7841,1,TH,1,100,36.328
1715671934.960258,3248935.000,7858,1,TH,1,100,36.310
1715671935.091293,3249060.000,7878,1,TH,1,100,36.310
1715671935.223377,3249186.000,7909,1,TH,1,100,36.367
1715671935.355460,3249312.000,7929,1,TH,1,100,36.367
1715671935.489640,3249440.000,7945,1,TH,1,100,36.390
1715671935.624869,3249569.000,7962,1,TH,1,100,36.390
1715671935.758001,3249696.000,7994,1,TH,1,100,36.367
1715671935.891132,3249823.000,8010,1,TH,1,100,36.367
1715671936.024264,3249950.000,8027,1,TH,1,100,36.356
1715671936.155299,3250075.000,8047,1,TH,1,100,36.356
1715671936.286335,3250200.000,8074,1,TH,1,100,36.420
1715671936.422611,3250330.000,8093,1,TH,1,100,36.420
1715671936.554695,3250456.000,8110,1,TH,1,100,36.321
1715671936.689923,3250585.000,8126,1,TH,1,100,36.321
1715671936.824103,3250713.000,8147,1,TH,1,100,36.399
1715671936.957235,3250840.000,8163,1,TH,1,100,36.399
1715671937.092463,3250969.000,8197,1,TH,1,100,36.374
1715671937.224547,3251095.000,8214,1,TH,1,100,36.374
1715671937.355582,3251220.000,8230,1,TH,1,100,36.403
1715671937.488714,3251347.000,8248,1,TH,1,100,36.403
1715671937.620797,3251473.000,8282,1,TH,1,100,36.348
1715671937.754977,3251601.000,8299,1,TH,1,100,36.348
1715671937.889158,3251729.000,8316,1,TH,1,100,36.326
1715671938.022290,3251856.000,8332,1,TH,1,100,36.326
1715671938.156470,3251984.000,8366,1,TH,1,100,36.385
1715671938.287505,3252109.000,8383,1,TH,1,100,36.385
1715671938.419588,3252235.000,8400,1,TH,1,100,36.394
1715671938.551672,3252361.000,8417,1,TH,1,100,36.394
1715671938.683755,3252487.000,8449,1,TH,1,100,36.388
1715671938.817935,3252615.000,8465,1,TH,1,100,36.388
1715671938.953164,3252744.000,8485,1,TH,1,100,36.326
1715671939.086295,3252871.000,8502,1,TH,1,100,36.326
1715671939.219427,3252998.000,8521,1,TH,1,100,36.369
1715671939.353607,3253126.000,8553,1,TH,1,100,36.369
1715671939.484643,3253251.000,8569,1,TH,1,100,36.408
1715671939.615678,3253376.000,8586,1,TH,1,100,36.408
1715671939.751954,3253506.000,8603,1,TH,1,100,36.326
1715671939.884038,3253632.000,8634,1,TH,1,100,36.326
1715671940.019266,3253761.000,8653,1,TH,1,100,36.353
1715671940.153446,3253889.000,8673,1,TH,1,100,36.353
1715671940.286578,3254016.000,8690,1,TH,1,100,36.408
1715671940.421807,3254145.000,8722,1,TH,1,100,36.408
1715671940.553890,3254271.000,8738,1,TH,1,100,36.259
1715671940.684925,3254396.000,8755,1,TH,1,100,36.259
1715671940.818057,3254523.000,8775,1,TH,1,100,36.376
1715671940.950140,3254649.000,8808,1,TH,1,100,36.376
1715671941.084321,3254777.000,8826,1,TH,1,100,36.371
1715671941.218501,3254905.000,8842,1,TH,1,100,36.371
1715671941.351633,3255032.000,8874,1,TH,1,100,36.330
1715671941.485813,3255160.000,8896,1,TH,1,100,36.330
1715671941.616848,3255285.000,8917,1,TH,1,100,36.388
1715671941.748931,3255411.000,8935,1,TH,1,100,36.388
1715671941.881015,3255537.000,8951,1,TH,1,100,36.337
1715671942.013098,3255663.000,8968,1,TH,1,100,36.337
1715671942.147278,3255791.000,8988,1,TH,1,100,36.383
1715671942.282507,3255920.000,9021,1,TH,1,100,36.383
1715671942.415638,3256047.000,9039,1,TH,1,100,36.381
1715671942.548770,3256174.000,9055,1,TH,1,100,36.381
1715671942.682950,3256302.000,9072,1,TH,1,100,36.367
1715671942.813986,3256427.000,9107,1,TH,1,100,36.367
1715671942.945021,3256552.000,9123,1,TH,1,100,36.301
1715671943.081297,3256682.000,9143,1,TH,1,100,36.301
1715671943.213381,3256808.000,9159,1,TH,1,100,36.353
1715671943.348609,3256937.000,9194,1,TH,1,100,36.353
1715671943.482790,3257065.000,9211,1,TH,1,100,36.376
1715671943.615921,3257192.000,9227,1,TH,1,100,36.376
1715671943.751150,3257321.000,9245,1,TH,1,100,36.422
1715671943.883233,3257447.000,9278,1,TH,1,100,36.422
1715671944.014268,3257572.000,9294,1,TH,1,100,36.387
1715671944.147400,3257699.000,9315,1,TH,1,100,36.387
1715671944.279484,3257825.000,9331,1,TH,1,100,36.401
1715671944.413664,3257953.000,9363,1,TH,1,100,36.401
1715671944.547844,3258081.000,9380,1,TH,1,100,36.386
1715671944.680976,3258208.000,9399,1,TH,1,100,36.386
1715671944.815156,3258336.000,9431,1,TH,1,100,36.303
1715671944.946191,3258461.000,9448,1,TH,1,100,36.303
1715671945.078274,3258587.000,9465,1,TH,1,100,36.371
1715671945.210358,3258713.000,9484,1,TH,1,100,36.371
1715671945.343490,3258840.000,9516,1,TH,1,100,36.392
1715671945.477670,3258968.000,9535,1,TH,1,100,36.392
1715671945.612898,3259097.000,9552,1,TH,1,100,36.381
1715671945.746030,3259224.000,9569,1,TH,1,100,36.381
1715671945.879162,3259351.000,9586,1,TH,1,100,36.371
1715671946.013342,3259479.000,9623,1,TH,1,100,36.371
1715671946.144377,3259604.000,9639,1,TH,1,100,36.411
1715671946.275412,3259729.000,9656,1,TH,1,100,36.411
1715671946.411689,3259859.000,9673,1,TH,1,100,36.275
1715671946.543772,3259985.000,9706,1,TH,1,100,36.275
1715671946.679001,3260114.000,9726,1,TH,1,100,36.344
1715671946.813181,3260242.000,9743,1,TH,1,100,36.344
1715671946.946313,3260369.000,9760,1,TH,1,100,36.342
1715671947.081541,3260498.000,9784,1,TH,1,100,36.342
1715671947.213624,3260624.000,9804,1,TH,1,100,36.426
1715671947.344660,3260749.000,9820,1,TH,1,100,36.426
1715671947.477792,3260876.000,9838,1,TH,1,100,36.344
1715671947.609875,3261002.000,9869,1,TH,1,100,36.344
1715671947.744055,3261130.000,9886,1,TH,1,100,36.420
1715671947.878235,3261258.000,9903,1,TH,1,100,36.420
1715671948.011367,3261385.000,9919,1,TH,1,100,36.321
1715671948.145547,3261513.000,9954,1,TH,1,100,36.321
1715671948.276582,3261638.000,9973,1,TH,1,100,36.438
1715671948.408666,3261764.000,9990,1,TH,1,100,36.438
1715671948.540749,3261890.000,10010,1,TH,1,100,36.342
1715671948.672833,3262016.000,10042,1,TH,1,100,36.342
1715671948.807013,3262144.000,10058,1,TH,1,100,36.362
1715671948.942241,3262273.000,10075,1,TH,1,100,36.362
1715671949.075373,3262400.000,10092,1,TH,1,100,36.388
1715671949.208505,3262527.000,10128,1,TH,1,100,36.388
1715671949.342685,3262655.000,10145,1,TH,1,100,36.353
1715671949.473720,3262780.000,10162,1,TH,1,100,36.353
1715671949.604755,3262905.000,10179,1,TH,1,100,36.351
1715671949.741032,3263035.000,10211,1,TH,1,100,36.351
1715671949.873116,3263161.000,10227,1,TH,1,100,36.303
1715671950.008344,3263290.000,10244,1,TH,1,100,36.303
1715671950.142524,3263418.000,10278,1,TH,1,100,36.356
1715671950.275656,3263545.000,10294,1,TH,1,100,36.356
1715671950.410884,3263674.000,10312,1,TH,1,100,36.353
1715671950.542968,3263800.000,10331,1,TH,1,100,36.353
1715671950.672955,3263924.000,10363,1,TH,1,100,36.458
1715671950.807135,3264052.000,10380,1,TH,1,100,36.458
1715671950.939218,3264178.000,10396,1,TH,1,100,36.415
1715671951.073398,3264306.000,10417,1,TH,1,100,36.415
1715671951.207578,3264434.000,10433,1,TH,1,100,36.415
1715671951.340710,3264561.000,10452,1,TH,1,100,36.415
1715671951.474890,3264689.000,10486,1,TH,1,100,36.351
1715671951.605925,3264814.000,10502,1,TH,1,100,36.351
1715671951.738009,3264940.000,10523,1,TH,1,100,36.397
1715671951.870092,3265066.000,10539,1,TH,1,100,36.397
1715671952.002176,3265192.000,10571,1,TH,1,100,36.378
1715671952.136356,3265320.000,10588,1,TH,1,100,36.378
1715671952.271584,3265449.000,10604,1,TH,1,100,36.353
1715671952.404716,3265576.000,10630,1,TH,1,100,36.353
1715671952.537848,3265703.000,10646,1,TH,1,100,36.365
1715671952.672028,3265831.000,10680,1,TH,1,100,36.365
1715671952.803063,3265956.000,10697,1,TH,1,100,36.376
1715671952.934098,3266081.000,10713,1,TH,1,100,36.376
1715671953.070375,3266211.000,10731,1,TH,1,100,36.388
1715671953.202459,3266337.000,10765,1,TH,1,100,36.388
1715671953.337687,3266466.000,10781,1,TH,1,100,36.319
1715671953.471867,3266594.000,10799,1,TH,1,100,36.319
1715671953.604999,3266721.000,10815,1,TH,1,100,36.431
1715671953.740227,3266850.000,10847,1,TH,1,100,36.431
1715671953.872311,3266976.000,10864,1,TH,1,100,36.447
1715671954.002298,3267100.000,10880,1,TH,1,100,36.447
1715671954.136478,3267228.000,10912,1,TH,1,100,36.369
1715671954.268561,3267354.000,10929,1,TH,1,100,36.369
1715671954.402741,3267482.000,10946,1,TH,1,100,36.438
1715671954.536921,3267610.000,10966,1,TH,1,100,36.438
1715671954.670053,3267737.000,10998,1,TH,1,100,36.358
1715671954.804233,3267865.000,11014,1,TH,1,100,36.358
1715671954.935268,3267990.000,11034,1,TH,1,100,36.358
1715671955.067352,3268116.000,11051,1,TH,1,100,36.358
1715671955.199435,3268242.000,11082,1,TH,1,100,36.312
1715671955.331519,3268368.000,11100,1,TH,1,100,36.312
1715671955.465699,3268496.000,11116,1,TH,1,100,36.367
1715671955.600927,3268625.000,11133,1,TH,1,100,36.367
1715671955.734059,3268752.000,11155,1,TH,1,100,36.356
1715671955.867191,3268879.000,11172,1,TH,1,100,36.356
1715671956.001371,3269007.000,11188,1,TH,1,100,36.310
1715671956.132406,3269132.000,11211,1,TH,1,100,36.310
1715671956.263442,3269257.000,11242,1,TH,1,100,36.284
1715671956.399718,3269387.000,11261,1,TH,1,100,36.284
1715671956.531802,3269513.000,11278,1,TH,1,100,36.351
1715671956.667030,3269642.000,11294,1,TH,1,100,36.351
1715671956.801210,3269770.000,11329,1,TH,1,100,36.328
1715671956.934342,3269897.000,11346,1,TH,1,100,36.328
1715671957.069570,3270026.000,11363,1,TH,1,100,36.351
1715671957.201654,3270152.000,11380,1,TH,1,100,36.351
1715671957.331641,3270276.000,11412,1,TH,1,100,36.447
1715671957.464772,3270403.000,11433,1,TH,1,100,36.447
1715671957.596856,3270529.000,11450,1,TH,1,100,36.358
1715671957.731036,3270657.000,11467,1,TH,1,100,36.358
1715671957.865216,3270785.000,11489,1,TH,1,100,36.367
1715671957.998348,3270912.000,11521,1,TH,1,100,36.367
1715671958.132528,3271040.000,11540,1,TH,1,100,36.447
1715671958.263563,3271165.000,11559,1,TH,1,100,36.447
1715671958.396695,3271292.000,11576,1,TH,1,100,36.397
1715671958.528779,3271418.000,11593,1,TH,1,100,36.397
1715671958.660862,3271544.000,11625,1,TH,1,100,36.351
1715671958.795042,3271672.000,11644,1,TH,1,100,36.351
1715671958.930270,3271801.000,11661,1,TH,1,100,36.369
1715671959.063402,3271928.000,11678,1,TH,1,100,36.369
1715671959.196534,3272055.000,11711,1,TH,1,100,36.351
1715671959.331762,3272184.000,11728,1,TH,1,100,36.351
1715671959.462798,3272309.000,11745,1,TH,1,100,36.344
1715671959.593833,3272434.000,11779,1,TH,1,100,36.344
1715671959.730109,3272564.000,11797,1,TH,1,100,36.358
1715671959.861145,3272689.000,11813,1,TH,1,100,36.358
1715671959.996373,3272818.000,11830,1,TH,1,100,36.371
1715671960.130553,3272946.000,11852,1,TH,1,100,36.371
1715671960.263685,3273073.000,11883,1,TH,1,100,36.406
1715671960.398913,3273202.000,11901,1,TH,1,100,36.406
1715671960.530997,3273328.000,11917,1,TH,1,100,36.339
1715671960.660984,3273452.000,11934,1,TH,1,100,36.339
1715671960.794116,3273579.000,11966,1,TH,1,100,36.371
1715671960.926199,3273705.000,11982,1,TH,1,100,36.371
1715671961.060379,3273833.000,12000,1,TH,1,100,36.337
1715671961.194559,3273961.000,12019,1,TH,1,100,36.337
1715671961.327691,3274088.000,12036,1,TH,1,100,36.426
1715671961.461871,3274216.000,12070,1,TH,1,100,36.426
1715671961.592906,3274341.000,12086,1,TH,1,100,36.376
1715671961.726038,3274468.000,12104,1,TH,1,100,36.376
1715671961.858122,3274594.000,12120,1,TH,1,100,36.371
1715671961.991253,3274721.000,12155,1,TH,1,100,36.371
1715671962.125433,3274849.000,12172,1,TH,1,100,36.388
1715671962.260662,3274978.000,12188,1,TH,1,100,36.388
1715671962.393794,3275105.000,12206,1,TH,1,100,36.358
1715671962.526925,3275232.000,12239,1,TH,1,100,36.358
1715671962.662154,3275361.000,12259,1,TH,1,100,36.367
1715671962.793189,3275486.000,12276,1,TH,1,100,36.367
1715671962.924224,3275611.000,12292,1,TH,1,100,36.383
1715671963.059453,3275740.000,12324,1,TH,1,100,36.383
1715671963.190488,3275865.000,12346,1,TH,1,100,36.351
1715671963.325716,3275994.000,12364,1,TH,1,100,36.351
1715671963.459896,3276122.000,12385,1,TH,1,100,36.348
1715671963.593028,3276249.000,12416,1,TH,1,100,36.348
1715671963.728256,3276378.000,12433,1,TH,1,100,36.323
1715671963.860340,3276504.000,12450,1,TH,1,100,36.323
1715671963.990327,3276628.000,12466,1,TH,1,100,36.305
1715671964.123459,3276755.000,12498,1,TH,1,100,36.305
1715671964.255542,3276881.000,12515,1,TH,1,100,36.403
1715671964.389722,3277009.000,12532,1,TH,1,100,36.403
1715671964.523902,3277137.000,12549,1,TH,1,100,36.344
1715671964.657034,3277264.000,12584,1,TH,1,100,36.344
1715671964.791214,3277392.000,12600,1,TH,1,100,36.344
1715671964.923298,3277518.000,12619,1,TH,1,100,36.344
1715671965.056429,3277645.000,12636,1,TH,1,100,36.411
1715671965.188513,3277771.000,12670,1,TH,1,100,36.411
1715671965.320596,3277897.000,12688,1,TH,1,100,36.344
1715671965.454777,3278025.000,12704,1,TH,1,100,36.344
1715671965.590005,3278154.000,12721,1,TH,1,100,36.376
1715671965.723137,3278281.000,12755,1,TH,1,100,36.376
1715671965.856268,3278408.000,12771,1,TH,1,100,36.282
1715671965.991497,3278537.000,12791,1,TH,1,100,36.282
1715671966.122532,3278662.000,12808,1,TH,1,100,36.348
1715671966.253567,3278787.000,12839,1,TH,1,100,36.348
1715671966.388796,3278916.000,12859,1,TH,1,100,36.344
1715671966.519831,3279041.000,12878,1,TH,1,100,36.344
1715671966.655059,3279170.000,12895,1,TH,1,100,36.356
1715671966.789239,3279298.000,12929,1,TH,1,100,36.356
1715671966.922371,3279425.000,12945,1,TH,1,100,36.420
1715671967.057600,3279554.000,12963,1,TH,1,100,36.420
1715671967.189683,3279680.000,12982,1,TH,1,100,36.376
1715671967.319670,3279804.000,13014,1,TH,1,100,36.376
1715671967.452802,3279931.000,13031,1,TH,1,100,36.339
1715671967.584885,3280057.000,13047,1,TH,1,100,36.339
1715671967.719065,3280185.000,13065,1,TH,1,100,36.314
1715671967.853245,3280313.000,13098,1,TH,1,100,36.314
1715671967.986377,3280440.000,13115,1,TH,1,100,36.346
1715671968.120557,3280568.000,13132,1,TH,1,100,36.346
1715671968.252641,3280694.000,13148,1,TH,1,100,36.358
1715671968.385772,3280821.000,13183,1,TH,1,100,36.358
1715671968.517856,3280947.000,13205,1,TH,1,100,36.360
1715671968.649940,3281073.000,13224,1,TH,1,100,36.360
1715671968.783071,3281200.000,13241,1,TH,1,100,36.330
1715671968.918300,3281329.000,13257,1,TH,1,100,36.330
1715671969.051431,3281456.000,13275,1,TH,1,100,36.346
1715671969.184563,3281583.000,13306,1,TH,1,100,36.346
1715671969.319792,3281712.000,13323,1,TH,1,100,36.376
1715671969.450827,3281837.000,13340,1,TH,1,100,36.376
1715671969.581862,3281962.000,13356,1,TH,1,100,36.371
1715671969.716042,3282090.000,13393,1,TH,1,100,36.371
1715671969.847077,3282215.000,13410,1,TH,1,100,36.335
1715671969.982306,3282344.000,13426,1,TH,1,100,36.335
1715671970.116486,3282472.000,13444,1,TH,1,100,36.394
1715671970.249618,3282599.000,13475,1,TH,1,100,36.394
1715671970.384846,3282728.000,13492,1,TH,1,100,36.348
1715671970.516929,3282854.000,13509,1,TH,1,100,36.348
1715671970.647965,3282979.000,13525,1,TH,1,100,36.351
1715671970.781096,3283106.000,13559,1,TH,1,100,36.351
1715671970.913180,3283232.000,13576,1,TH,1,100,36.284
1715671971.047360,3283360.000,13596,1,TH,1,100,36.284
1715671971.181540,3283488.000,13613,1,TH,1,100,36.360
1715671971.314672,3283615.000,13645,1,TH,1,100,36.360
1715671971.448852,3283743.000,13663,1,TH,1,100,36.367
1715671971.581984,3283870.000,13683,1,TH,1,100,36.367
1715671971.715116,3283997.000,13702,1,TH,1,100,36.374
1715671971.847199,3284123.000,13733,1,TH,1,100,36.374
1715671971.979283,3284249.000,13751,1,TH,1,100,36.339
1715671972.112414,3284376.000,13767,1,TH,1,100,36.339
1715671972.247643,3284505.000,13784,1,TH,1,100,36.374
1715671972.380774,3284632.000,13819,1,TH,1,100,36.374
1715671972.513906,3284759.000,13835,1,TH,1,100,36.429
1715671972.649135,3284888.000,13852,1,TH,1,100,36.429
1715671972.780170,3285013.000,13871,1,TH,1,100,36.374
1715671972.911205,3285138.000,13905,1,TH,1,100,36.374
1715671973.044337,3285265.000,13923,1,TH,1,100,36.331
1715671973.175372,3285390.000,13939,1,TH,1,100,36.331
1715671973.310601,3285519.000,13956,1,TH,1,100,36.371
1715671973.444781,3285647.000,13988,1,TH,1,100,36.371
1715671973.577912,3285774.000,14007,1,TH,1,100,36.371
1715671973.713141,3285903.000,14025,1,TH,1,100,36.371
1715671973.845224,3286029.000,14041,1,TH,1,100,36.333
1715671973.977308,3286155.000,14080,1,TH,1,100,36.333
1715671974.110440,3286282.000,14100,1,TH,1,100,36.284
1715671974.242523,3286408.000,14116,1,TH,1,100,36.284
1715671974.375655,3286535.000,14134,1,TH,1,100,36.438
1715671974.509835,3286663.000,14150,1,TH,1,100,36.438
1715671974.642967,3286790.000,14182,1,TH,1,100,36.257
1715671974.777147,3286918.000,14201,1,TH,1,100,36.257
1715671974.910279,3287045.000,14220,1,TH,1,100,36.371
1715671975.043410,3287172.000,14252,1,TH,1,100,36.371
1715671975.175494,3287298.000,14269,1,TH,1,100,36.310
1715671975.307577,3287424.000,14285,1,TH,1,100,36.310
1715671975.439661,3287550.000,14303,1,TH,1,100,36.323
1715671975.574889,3287679.000,14337,1,TH,1,100,36.323
1715671975.708021,3287806.000,14354,1,TH,1,100,36.303
1715671975.841153,3287933.000,14373,1,TH,1,100,36.303
1715671975.976381,3288062.000,14389,1,TH,1,100,36.403
1715671976.107416,3288187.000,14424,1,TH,1,100,36.403
1715671976.238452,3288312.000,14441,1,TH,1,100,36.381
1715671976.371583,3288439.000,14458,1,TH,1,100,36.381
1715671976.502619,3288564.000,14477,1,TH,1,100,36.348
1715671976.637847,3288693.000,14496,1,TH,1,100,36.348
1715671976.772027,3288821.000,14528,1,TH,1,100,36.381
1715671976.905159,3288948.000,14545,1,TH,1,100,36.381
1715671977.040387,3289077.000,14564,1,TH,1,100,36.362
1715671977.172471,3289203.000,14595,1,TH,1,100,36.362
1715671977.304554,3289329.000,14613,1,TH,1,100,36.413
1715671977.437686,3289456.000,14632,1,TH,1,100,36.413
1715671977.569770,3289582.000,14649,1,TH,1,100,36.351
1715671977.702901,3289709.000,14681,1,TH,1,100,36.351
1715671977.837081,3289837.000,14697,1,TH,1,100,36.321
1715671977.970213,3289964.000,14716,1,TH,1,100,36.321
1715671978.104393,3290092.000,14736,1,TH,1,100,36.374
1715671978.237525,3290219.000,14767,1,TH,1,100,36.374
1715671978.370657,3290346.000,14785,1,TH,1,100,36.383
1715671978.502740,3290472.000,14801,1,TH,1,100,36.383
1715671978.633776,3290597.000,14818,1,TH,1,100,36.381
1715671978.765859,3290723.000,14838,1,TH,1,100,36.381
1715671978.901088,3290852.000,14855,1,TH,1,100,36.438
1715671979.034219,3290979.000,14887,1,TH,1,100,36.438
1715671979.167351,3291106.000,14905,1,TH,1,100,36.433
1715671979.302579,3291235.000,14931,1,TH,1,100,36.433
1715671979.433615,3291360.000,14947,1,TH,1,100,36.346
1715671979.565698,3291486.000,14964,1,TH,1,100,36.346
1715671979.698830,3291613.000,14981,1,TH,1,100,36.344
1715671979.829865,3291738.000,14998,1,TH,1,100,36.344
1715671979.965094,3291867.000,15032,1,TH,1,100,36.321
1715671980.099274,3291995.000,15051,1,TH,1,100,36.321
1715671980.232405,3292122.000,15068,1,TH,1,100,36.316
1715671980.367634,3292251.000,15085,1,TH,1,100,36.316
1715671980.500766,3292378.000,15119,1,TH,1,100,36.337
1715671980.632849,3292504.000,15137,1,TH,1,100,36.337
1715671980.765981,3292631.000,15153,1,TH,1,100,36.344
1715671980.898064,3292757.000,15170,1,TH,1,100,36.344
1715671981.031196,3292884.000,15202,1,TH,1,100,36.337
1715671981.165376,3293012.000,15220,1,TH,1,100,36.337
1715671981.298508,3293139.000,15240,1,TH,1,100,36.388
1715671981.432688,3293267.000,15259,1,TH,1,100,36.388
1715671981.565820,3293394.000,15290,1,TH,1,100,36.333
1715671981.698952,3293521.000,15308,1,TH,1,100,36.333
1715671981.831035,3293647.000,15327,1,TH,1,100,36.360
1715671981.962070,3293772.000,15344,1,TH,1,100,36.360
1715671982.094154,3293898.000,15378,1,TH,1,100,36.369
1715671982.229382,3294027.000,15394,1,TH,1,100,36.369
1715671982.362514,3294154.000,15412,1,TH,1,100,36.385
1715671982.495646,3294281.000,15428,1,TH,1,100,36.385
1715671982.630874,3294410.000,15463,1,TH,1,100,36.397
1715671982.761909,3294535.000,15480,1,TH,1,100,36.397
1715671982.893993,3294661.000,15496,1,TH,1,100,36.399
1715671983.027125,3294788.000,15514,1,TH,1,100,36.399
1715671983.158160,3294913.000,15550,1,TH,1,100,36.342
1715671983.293388,3295042.000,15567,1,TH,1,100,36.342
1715671983.427568,3295170.000,15584,1,TH,1,100,36.399
1715671983.560700,3295297.000,15600,1,TH,1,100,36.399
1715671983.695929,3295426.000,15632,1,TH,1,100,36.390
1715671983.829060,3295553.000,15652,1,TH,1,100,36.390
1715671983.961144,3295679.000,15668,1,TH,1,100,36.360
1715671984.094276,3295806.000,15686,1,TH,1,100,36.360
1715671984.226359,3295932.000,15704,1,TH,1,100,36.369
1715671984.358443,3296058.000,15739,1,TH,1,100,36.369
1715671984.492623,3296186.000,15756,1,TH,1,100,36.346
1715671984.625755,3296313.000,15778,1,TH,1,100,36.346
1715671984.759935,3296441.000,15795,1,TH,1,100,36.307
1715671984.893066,3296568.000,15811,1,TH,1,100,36.307
1715671985.026198,3296695.000,15829,1,TH,1,100,36.321
1715671985.158282,3296821.000,15848,1,TH,1,100,36.321
1715671985.289317,3296946.000,15882,1,TH,1,100,36.415
1715671985.421401,3297072.000,15899,1,TH,1,100,36.415
1715671985.556629,3297201.000,15915,1,TH,1,100,36.401
1715671985.689761,3297328.000,15933,1,TH,1,100,36.401
1715671985.822892,3297455.000,15967,1,TH,1,100,36.424
1715671985.958121,3297584.000,15984,1,TH,1,100,36.424
1715671986.089156,3297709.000,16001,1,TH,1,100,36.323
1715671986.222288,3297836.000,16017,1,TH,1,100,36.323
1715671986.355420,3297963.000,16056,1,TH,1,100,36.429
1715671986.486455,3298088.000,16073,1,TH,1,100,36.429
1715671986.621683,3298217.000,16089,1,TH,1,100,36.351
1715671986.755863,3298345.000,16107,1,TH,1,100,36.351
1715671986.888995,3298472.000,16141,1,TH,1,100,36.353
1715671987.024223,3298601.000,16158,1,TH,1,100,36.353
1715671987.157355,3298728.000,16175,2,TH,1,100,36.284
1715671987.290487,3298855.000,16175,2,TH,1,100,36.284
1715671987.423619,3298982.000,16194,1,TH,1,100,36.385
1715671987.555702,3299108.000,16225,1,TH,1,100,36.385
1715671987.687786,3299234.000,16243,1,TH,1,100,36.314
1715671987.821966,3299362.000,16259,1,TH,1,100,36.314
1715671987.955098,3299489.000,16279,1,TH,1,100,36.422
1715671988.089278,3299617.000,16311,1,TH,1,100,36.422
1715671988.222409,3299744.000,16327,1,TH,1,100,36.403
1715671988.355541,3299871.000,16347,1,TH,1,100,36.403
1715671988.487625,3299997.000,16366,1,TH,1,100,36.298
1715671988.618660,3300122.000,16398,1,TH,1,100,36.298
1715671988.750744,3300248.000,16415,1,TH,1,100,36.403
1715671988.885972,3300377.000,16431,1,TH,1,100,36.403
1715671989.019104,3300504.000,16449,1,TH,1,100,36.259
1715671989.152236,3300631.000,16468,1,TH,1,100,36.259
1715671989.287464,3300760.000,16500,1,TH,1,100,36.397
1715671989.418499,3300885.000,16519,1,TH,1,100,36.397
1715671989.552679,3301013.000,16535,1,TH,1,100,36.318
1715671989.685811,3301140.000,16553,1,TH,1,100,36.318
1715671989.816846,3301265.000,16587,1,TH,1,100,36.326
1715671989.951026,3301393.000,16609,1,TH,1,100,36.326
1715671990.085206,3301521.000,16626,1,TH,1,100,36.293
1715671990.218338,3301648.000,16642,1,TH,1,100,36.293
1715671990.353566,3301777.000,16660,1,TH,1,100,36.307
1715671990.487746,3301905.000,16696,1,TH,1,100,36.307
1715671990.619830,3302031.000,16712,1,TH,1,100,36.378
1715671990.752962,3302158.000,16730,1,TH,1,100,36.378
1715671990.885045,3302284.000,16746,1,TH,1,100,36.323
1715671991.016081,3302409.000,16778,1,TH,1,100,36.323
1715671991.150261,3302537.000,16795,1,TH,1,100,36.346
1715671991.283392,3302664.000,16811,1,TH,1,100,36.346
1715671991.417572,3302792.000,16831,1,TH,1,100,36.342
1715671991.550704,3302919.000,16864,1,TH,1,100,36.342
1715671991.683836,3303046.000,16884,1,TH,1,100,36.406
1715671991.816968,3303173.000,16901,1,TH,1,100,36.406
1715671991.948003,3303298.000,16917,1,TH,1,100,36.392
1715671992.080087,3303424.000,16949,1,TH,1,100,36.392
1715671992.215315,3303553.000,16969,1,TH,1,100,36.333
1715671992.348447,3303680.000,16986,1,TH,1,100,36.333
1715671992.481579,3303807.000,17003,1,TH,1,100,36.411
1715671992.616807,3303936.000,17037,1,TH,1,100,36.411
1715671992.748890,3304062.000,17053,1,TH,1,100,36.365
1715671992.883070,3304190.000,17070,1,TH,1,100,36.365
1715671993.016202,3304317.000,17087,1,TH,1,100,36.303
1715671993.147238,3304442.000,17118,1,TH,1,100,36.303
1715671993.280369,3304569.000,17139,1,TH,1,100,36.351
1715671993.414549,3304697.000,17155,1,TH,1,100,36.351
1715671993.547681,3304824.000,17172,1,TH,1,100,36.333
1715671993.682909,3304953.000,17206,1,TH,1,100,36.333
1715671993.817090,3305081.000,17222,1,TH,1,100,36.346
1715671993.949173,3305207.000,17239,1,TH,1,100,36.346
1715671994.082305,3305334.000,17256,1,TH,1,100,36.371
1715671994.213340,3305459.000,17290,1,TH,1,100,36.371
1715671994.344375,3305584.000,17308,1,TH,1,100,36.335
1715671994.478555,3305712.000,17324,1,TH,1,100,36.335
1715671994.611687,3305839.000,17341,1,TH,1,100,36.344
1715671994.745867,3305967.000,17378,1,TH,1,100,36.344
1715671994.878999,3306094.000,17394,1,TH,1,100,36.397
1715671995.012131,3306221.000,17412,1,TH,1,100,36.397
1715671995.145263,3306348.000,17428,1,TH,1,100,36.356
1715671995.276822,3306473.500,17465,2,TH,1,100,36.356
1715671995.408381,3306599.000,17465,2,TH,1,100,36.397
1715671995.543610,3306728.000,17485,1,TH,1,100,36.397
1715671995.676742,3306855.000,17502,1,TH,1,100,36.392
1715671995.809873,3306982.000,17521,1,TH,1,100,36.392
1715671995.945102,3307111.000,17553,1,TH,1,100,36.323
1715671996.077185,3307237.000,17569,1,TH,1,100,36.323
1715671996.211365,3307365.000,17586,1,TH,1,100,36.378
1715671996.344497,3307492.000,17603,1,TH,1,100,36.378
1715671996.475532,3307617.000,17636,1,TH,1,100,36.291
1715671996.607616,3307743.000,17654,1,TH,1,100,36.291
1715671996.741796,3307871.000,17670,1,TH,1,100,36.296
1715671996.874928,3307998.000,17692,1,TH,1,100,36.296
1715671997.010156,3308127.000,17724,1,TH,1,100,36.365
1715671997.144336,3308255.000,17740,1,TH,1,100,36.365
1715671997.276420,3308381.000,17757,1,TH,1,100,36.351
1715671997.409551,3308508.000,17777,1,TH,1,100,36.351
1715671997.540587,3308633.000,17808,1,TH,1,100,36.346
1715671997.671622,3308758.000,17826,1,TH,1,100,36.346
1715671997.805802,3308886.000,17842,1,TH,1,100,36.388
1715671997.938934,3309013.000,17861,1,TH,1,100,36.388
1715671998.073114,3309141.000,17896,1,TH,1,100,36.429
1715671998.206246,3309268.000,17912,1,TH,1,100,36.429
1715671998.339377,3309395.000,17930,1,TH,1,100,36.353
1715671998.473557,3309523.000,17946,1,TH,1,100,36.353
1715671998.604593,3309648.000,17981,1,TH,1,100,36.369
1715671998.736676,3309774.000,17998,1,TH,1,100,36.369
1715671998.870856,3309902.000,18014,1,TH,1,100,36.388
1715671999.003988,3310029.000,18034,1,TH,1,100,36.395
1715671999.137120,3310156.000,18065,1,TH,1,100,36.308
1715671999.272348,3310285.000,18082,1,TH,1,100,36.301
1715671999.404432,3310411.000,18099,1,TH,1,100,36.371
1715671999.538612,3310539.000,18115,1,TH,1,100,36.371
1715671999.671744,3310666.000,18147,1,TH,1,100,36.365
1715671999.802779,3310791.000,18164,1,TH,1,100,36.372
1715671999.933814,3310916.000,18180,1,TH,1,100,36.337
1715672000.067994,3311044.000,18198,1,TH,1,100,36.330
1715672000.201126,3311171.000,18222,1,TH,1,100,36.378
1715672000.336354,3311300.000,18254,1,TH,1,100,36.378
1715672000.470534,3311428.000,18271,1,TH,1,100,36.422
1715672000.602618,3311554.000,18287,1,TH,1,100,36.422
1715672000.735750,3311681.000,18313,1,TH,1,100,36.406
1715672000.867833,3311807.000,18329,1,TH,1,100,36.406
1715672000.998868,3311932.000,18347,1,TH,1,100,36.314
1715672001.133049,3312060.000,18363,1,TH,1,100,36.314
1715672001.266180,3312187.000,18400,1,TH,1,100,36.351
1715672001.400360,3312315.000,18419,1,TH,1,100,36.351
1715672001.533492,3312442.000,18435,1,TH,1,100,36.378
1715672001.666624,3312569.000,18453,1,TH,1,100,36.378
1715672001.801852,3312698.000,18484,1,TH,1,100,36.349
1715672001.932888,3312823.000,18501,1,TH,1,100,36.349
1715672002.064971,3312949.000,18521,1,TH,1,100,36.403
1715672002.198103,3313076.000,18537,1,TH,1,100,36.411
1715672002.331235,3313203.000,18557,1,TH,1,100,36.303
1715672002.464366,3313330.000,18588,1,TH,1,100,36.303
1715672002.599595,3313459.000,18607,1,TH,1,100,36.445
1715672002.731678,3313585.000,18625,1,TH,1,100,36.438
1715672002.865858,3313713.000,18641,1,TH,1,100,36.344
1715672002.998990,3313840.000,18673,1,TH,1,100,36.344
1715672003.130025,3313965.000,18690,1,TH,1,100,36.440
1715672003.261060,3314090.000,18706,1,TH,1,100,36.440
1715672003.395241,3314218.000,18729,1,TH,1,100,36.392
1715672003.528373,3314345.000,18760,1,TH,1,100,36.392
1715672003.663601,3314474.000,18777,1,TH,1,100,36.399
1715672003.797781,3314602.000,18794,1,TH,1,100,36.406
1715672003.929864,3314728.000,18813,1,TH,1,100,36.404
1715672004.064044,3314856.000,18845,1,TH,1,100,36.397
1715672004.196128,3314982.000,18862,1,TH,1,100,36.401
1715672004.327163,3315107.000,18879,1,TH,1,100,36.401
1715672004.461343,3315235.000,18898,1,TH,1,100,36.369
1715672004.594475,3315362.000,18933,1,TH,1,100,36.369
1715672004.727607,3315489.000,18949,1,TH,1,100,36.346
1715672004.861787,3315617.000,18966,1,TH,1,100,36.346
1715672004.995967,3315745.000,18983,1,TH,1,100,36.310
1715672005.131195,3315874.000,19017,1,TH,1,100,36.310
1715672005.262231,3315999.000,19035,1,TH,1,100,36.383
1715672005.394314,3316125.000,19051,1,TH,1,100,36.383
1715672005.527446,3316252.000,19070,1,TH,1,100,36.314
1715672005.660578,3316379.000,19102,1,TH,1,100,36.322
1715672005.793710,3316506.000,19118,1,TH,1,100,36.358
1715672005.928938,3316635.000,19138,1,TH,1,100,36.351
1715672006.061021,3316761.000,19157,1,TH,1,100,36.369
1715672006.195201,3316889.000,19174,1,TH,1,100,36.369
1715672006.328333,3317016.000,19195,1,TH,1,100,36.287
1715672006.459368,3317141.000,19213,1,TH,1,100,36.287
1715672006.590404,3317266.000,19231,1,TH,1,100,36.397
1715672006.724584,3317394.000,19247,1,TH,1,100,36.397
1715672006.857716,3317521.000,19264,1,TH,1,100,36.371
1715672006.992944,3317650.000,19296,1,TH,1,100,36.371
1715672007.127124,3317778.000,19315,1,TH,1,100,36.388
1715672007.259207,3317904.000,19332,1,TH,1,100,36.395
1715672007.393388,3318032.000,19349,1,TH,1,100,36.326
1715672007.525471,3318158.000,19382,1,TH,1,100,36.319
1715672007.656506,3318283.000,19403,1,TH,1,100,36.367
1715672007.790686,3318411.000,19419,1,TH,1,100,36.367
1715672007.922770,3318537.000,19436,1,TH,1,100,36.351
1715672008.055902,3318664.000,19468,1,TH,1,100,36.358
1715672008.191130,3318793.000,19484,1,TH,1,100,36.367
1715672008.325310,3318921.000,19502,1,TH,1,100,36.367
1715672008.460538,3319050.000,19521,1,TH,1,100,36.377
1715672008.591574,3319175.000,19555,1,TH,1,100,36.377
1715672008.723657,3319301.000,19572,1,TH,1,100,36.397
1715672008.855741,3319427.000,19588,1,TH,1,100,36.397
1715672008.988873,3319554.000,19606,1,TH,1,100,36.491
1715672009.122004,3319681.000,19637,1,TH,1,100,36.491
1715672009.257233,3319810.000,19654,1,TH,1,100,36.402
1715672009.389316,3319936.000,19671,1,TH,1,100,36.395
1715672009.523496,3320064.000,19687,1,TH,1,100,36.383
1715672009.656628,3320191.000,19724,1,TH,1,100,36.390
1715672009.787663,3320316.000,19741,1,TH,1,100,36.360
1715672009.918699,3320441.000,19757,1,TH,1,100,36.353
1715672010.052879,3320569.000,19775,1,TH,1,100,36.319
1715672010.186010,3320696.000,19806,1,TH,1,100,36.326
1715672010.321239,3320825.000,19823,1,TH,1,100,36.370
1715672010.455419,3320953.000,19840,1,TH,1,100,36.363
1715672010.587502,3321079.000,19856,1,TH,1,100,36.401
1715672010.722731,3321208.000,19890,1,TH,1,100,36.401
1715672010.854814,3321334.000,19907,1,TH,1,100,36.356
1715672010.985849,3321459.000,19927,1,TH,1,100,36.363
1715672011.118981,3321586.000,19944,1,TH,1,100,36.402
1715672011.251065,3321712.000,19976,1,TH,1,100,36.402
1715672011.384197,3321839.000,20002,1,TH,1,100,36.430
1715672011.519425,3321968.000,20019,1,TH,1,100,36.430
1715672011.653605,3322096.000,20036,1,TH,1,100,36.310
1715672011.788833,3322225.000,20055,1,TH,1,100,36.310
1715672011.919868,3322350.000,20087,1,TH,1,100,36.365
1715672012.051952,3322476.000,20103,1,TH,1,100,36.365
1715672012.182987,3322601.000,20120,1,TH,1,100,36.322
1715672012.316119,3322728.000,20140,1,TH,1,100,36.322
1715672012.449251,3322855.000,20171,1,TH,1,100,36.335
1715672012.584479,3322984.000,20191,1,TH,1,100,36.335
1715672012.716563,3323110.000,20207,1,TH,1,100,36.363
1715672012.850743,3323238.000,20224,1,TH,1,100,36.363
1715672012.983875,3323365.000,20256,1,TH,1,100,36.420
1715672013.115958,3323491.000,20272,1,TH,1,100,36.420
1715672013.246993,3323616.000,20293,1,TH,1,100,36.365
1715672013.381173,3323744.000,20309,1,TH,1,100,36.365
1715672013.514305,3323871.000,20326,1,TH,1,100,36.335
1715672013.649534,3324000.000,20361,1,TH,1,100,36.335
1715672013.783714,3324128.000,20379,1,TH,1,100,36.347
1715672013.915797,3324254.000,20396,1,TH,1,100,36.347
1715672014.052074,3324384.000,20413,1,TH,1,100,36.420
1715672014.184157,3324510.000,20447,1,TH,1,100,36.420
1715672014.315192,3324635.000,20465,1,TH,1,100,36.397
1715672014.447276,3324761.000,20481,1,TH,1,100,36.397
1715672014.579360,3324887.000,20498,1,TH,1,100,36.335
1715672014.712491,3325014.000,20535,1,TH,1,100,36.335
1715672014.847720,3325143.000,20550,1,TH,1,100,36.303
1715672014.981900,3325271.000,20568,1,TH,1,100,36.303
1715672015.117128,3325400.000,20584,1,TH,1,100,36.386
1715672015.249212,3325526.000,20601,1,TH,1,100,36.386
1715672015.381295,3325652.000,20618,1,TH,1,100,36.418
1715672015.512330,3325777.000,20649,1,TH,1,100,36.418
1715672015.645462,3325904.000,20667,1,TH,1,100,36.418
1715672015.778594,3326031.000,20685,1,TH,1,100,36.418
1715672015.913822,3326160.000,20702,1,TH,1,100,36.427
1715672016.045906,3326286.000,20737,1,TH,1,100,36.427
1715672016.180086,3326414.000,20753,1,TH,1,100,36.310
1715672016.314266,3326542.000,20771,1,TH,1,100,36.310
1715672016.446349,3326668.000,20804,1,TH,1,100,36.418
1715672016.577385,3326793.000,20824,1,TH,1,100,36.418
1715672016.711565,3326921.000,20846,1,TH,1,100,36.388
1715672016.844697,3327048.000,20864,1,TH,1,100,36.388
1715672016.979925,3327177.000,20882,1,TH,1,100,36.374
1715672017.114105,3327305.000,20898,1,TH,1,100,36.374
1715672017.246188,3327431.000,20930,1,TH,1,100,36.367
1715672017.382465,3327561.000,20947,1,TH,1,100,36.367
1715672017.514549,3327687.000,20966,1,TH,1,100,36.335
1715672017.645584,3327812.000,20984,1,TH,1,100,36.335
1715672017.777667,3327938.000,21021,2,TH,1,100,36.395
1715672017.909751,3328064.000,21021,2,TH,1,100,36.395
1715672018.042883,3328191.000,21053,1,TH,1,100,36.361
1715672018.177587,3328319.500,21071,2,TH,1,100,36.361
1715672018.312291,3328448.000,21071,2,TH,1,100,36.358
1715672018.447519,3328577.000,21087,1,TH,1,100,36.358
1715672018.578555,3328702.000,21119,1,TH,1,100,36.388
1715672018.711686,3328829.000,21139,1,TH,1,100,36.388
1715672018.842722,3328954.000,21155,1,TH,1,100,36.377
1715672018.975853,3329081.000,21175,1,TH,1,100,36.377
1715672019.108985,3329208.000,21206,1,TH,1,100,36.333
1715672019.244214,3329337.000,21223,1,TH,1,100,36.333
1715672019.376297,3329463.000,21241,1,TH,1,100,36.331
1715672019.510477,3329591.000,21259,1,TH,1,100,36.331
1715672019.645705,3329720.000,21291,1,TH,1,100,36.280
1715672019.777789,3329846.000,21308,1,TH,1,100,36.280
1715672019.908824,3329971.000,21324,1,TH,1,100,36.439
1715672020.043004,3330099.000,21347,1,TH,1,100,36.439
1715672020.175088,3330225.000,21378,1,TH,1,100,36.356
1715672020.310316,3330354.000,21395,1,TH,1,100,36.356
1715672020.444496,3330482.000,21412,1,TH,1,100,36.393
1715672020.576580,3330608.000,21431,1,TH,1,100,36.393
1715672020.712856,3330738.000,21463,1,TH,1,100,36.333
1715672020.844940,3330864.000,21480,1,TH,1,100,36.333
1715672020.975975,3330989.000,21497,1,TH,1,100,36.370
1715672021.107010,3331114.000,21516,1,TH,1,100,36.370
1715672021.239094,3331240.000,21551,1,TH,1,100,36.361
1715672021.372226,3331367.000,21569,1,TH,1,100,36.361
1715672021.507454,3331496.000,21586,1,TH,1,100,36.370
1715672021.641634,3331624.000,21603,1,TH,1,100,36.370
1715672021.776862,3331753.000,21637,1,TH,1,100,36.375
1715672021.907898,3331878.000,21655,1,TH,1,100,36.375
1715672022.042078,3332006.000,21673,1,TH,1,100,36.333
1715672022.173113,3332131.000,21695,1,TH,1,100,36.333
1715672022.306245,3332258.000,21712,1,TH,1,100,36.342
1715672022.439377,3332385.000,21743,1,TH,1,100,36.342
1715672022.574605,3332514.000,21764,1,TH,1,100,36.356
1715672022.706688,3332640.000,21780,1,TH,1,100,36.356
1715672022.840868,3332768.000,21797,1,TH,1,100,36.397
1715672022.977145,3332898.000,21829,1,TH,1,100,36.397
1715672023.109229,3333024.000,21847,1,TH,1,100,36.439
1715672023.240264,3333149.000,21864,1,TH,1,100,36.439
1715672023.373396,3333276.000,21881,1,TH,1,100,36.338
1715672023.505479,3333402.000,21912,1,TH,1,100,36.338
1715672023.640707,3333531.000,21930,1,TH,1,100,36.322
1715672023.774888,3333659.000,21949,1,TH,1,100,36.322
1715672023.906971,3333785.000,21966,1,TH,1,100,36.342
1715672024.043248,3333915.000,22000,1,TH,1,100,36.342
1715672024.175331,3334041.000,22016,1,TH,1,100,36.294
1715672024.306366,3334166.000,22037,1,TH,1,100,36.294
1715672024.437402,3334291.000,22053,1,TH,1,100,36.361
1715672024.569485,3334417.000,22085,1,TH,1,100,36.361
1715672024.702617,3334544.000,22102,1,TH,1,100,36.315
1715672024.837845,3334673.000,22118,1,TH,1,100,36.315
1715672024.972025,3334801.000,22138,1,TH,1,100,36.338
1715672025.107254,3334930.000,22172,1,TH,1,100,36.338
1715672025.238289,3335055.000,22189,1,TH,1,100,36.400
1715672025.372469,3335183.000,22206,1,TH,1,100,36.400
1715672025.503504,3335308.000,22222,1,TH,1,100,36.395
1715672025.636636,3335435.000,22254,1,TH,1,100,36.395
1715672025.769768,3335562.000,22274,1,TH,1,100,36.422
1715672025.904996,3335691.000,22292,1,TH,1,100,36.422
1715672026.037080,3335817.000,22310,1,TH,1,100,36.386
1715672026.171260,3335945.000,22341,1,TH,1,100,36.386
1715672026.307537,3336075.000,22358,1,TH,1,100,36.464
1715672026.439620,3336201.000,22380,1,TH,1,100,36.464
1715672026.570655,3336326.000,22396,1,TH,1,100,36.407
1715672026.702739,3336452.000,22430,1,TH,1,100,36.407
1715672026.834822,3336578.000,22447,1,TH,1,100,36.439
1715672026.970051,3336707.000,22467,1,TH,1,100,36.439
1715672027.104231,3336835.000,22484,1,TH,1,100,36.409
1715672027.236314,3336961.000,22516,1,TH,1,100,36.409
1715672027.372591,3337091.000,22532,1,TH,1,100,36.340
1715672027.504674,3337217.000,22554,1,TH,1,100,36.340
1715672027.635710,3337342.000,22571,1,TH,1,100,36.411
1715672027.766745,3337467.000,22607,1,TH,1,100,36.411
1715672027.898828,3337593.000,22625,1,TH,1,100,36.422
1715672028.031960,3337720.000,22641,1,TH,1,100,36.422
1715672028.167188,3337849.000,22658,1,TH,1,100,36.377
1715672028.301368,3337977.000,22690,1,TH,1,100,36.377
1715672028.436597,3338106.000,22706,1,TH,1,100,36.464
1715672028.568681,3338232.000,22723,1,TH,1,100,36.464
1715672028.702861,3338360.000,22740,1,TH,1,100,36.352
1715672028.833896,3338485.000,22773,1,TH,1,100,36.352
1715672028.967027,3338612.000,22791,1,TH,1,100,36.351
1715672029.100159,3338739.000,22810,1,TH,1,100,36.351
1715672029.235388,3338868.000,22827,1,TH,1,100,36.365
1715672029.367471,3338994.000,22859,1,TH,1,100,36.365
1715672029.501651,3339122.000,22878,1,TH,1,100,36.367
1715672029.637928,3339252.000,22896,1,TH,1,100,36.367
1715672029.770011,3339378.000,22927,1,TH,1,100,36.404
1715672029.901047,3339503.000,22946,1,TH,1,100,36.404
1715672030.032082,3339628.000,22963,1,TH,1,100,36.384
1715672030.164165,3339754.000,22979,1,TH,1,100,36.384
1715672030.299394,3339883.000,23000,1,TH,1,100,36.466
1715672030.433574,3340011.000,23016,1,TH,1,100,36.466
1715672030.565657,3340137.000,23048,1,TH,1,100,36.381
1715672030.701934,3340267.000,23065,1,TH,1,100,36.381
1715672030.834018,3340393.000,23084,1,TH,1,100,36.377
1715672030.966101,3340519.000,23118,1,TH,1,100,36.377
1715672031.097136,3340644.000,23135,1,TH,1,100,36.400
1715672031.229220,3340770.000,23151,1,TH,1,100,36.400
1715672031.362351,3340897.000,23171,1,TH,1,100,36.331
1715672031.497580,3341026.000,23202,1,TH,1,100,36.331
1715672031.631760,3341154.000,23222,1,TH,1,100,36.297
1715672031.766988,3341283.000,23239,1,TH,1,100,36.297
1715672031.899072,3341409.000,23255,1,TH,1,100,36.347
1715672032.033252,3341537.000,23292,1,TH,1,100,36.347
1715672032.164287,3341662.000,23309,1,TH,1,100,36.393
1715672032.297419,3341789.000,23326,1,TH,1,100,36.393
1715672032.429502,3341915.000,23343,1,TH,1,100,36.413
1715672032.564731,3342044.000,23375,1,TH,1,100,36.413
1715672032.696814,3342170.000,23391,1,TH,1,100,36.358
1715672032.830994,3342298.000,23418,1,TH,1,100,36.358
1715672032.967271,3342428.000,23435,1,TH,1,100,36.404
1715672033.099355,3342554.000,23452,1,TH,1,100,36.404
1715672033.230390,3342679.000,23468,1,TH,1,100,36.329
1715672033.361425,3342804.000,23503,1,TH,1,100,36.329
1715672033.493508,3342930.000,23520,1,TH,1,100,36.333
1715672033.628737,3343059.000,23537,1,TH,1,100,36.333
1715672033.762917,3343187.000,23554,1,TH,1,100,36.372
1715672033.895000,3343313.000,23586,1,TH,1,100,36.372
1715672034.031277,3343443.000,23604,1,TH,1,100,36.322
1715672034.163361,3343569.000,23624,1,TH,1,100,36.322
1715672034.295444,3343695.000,23641,1,TH,1,100,36.354
1715672034.426479,3343820.000,23672,1,TH,1,100,36.354
1715672034.558563,3343946.000,23689,1,TH,1,100,36.381
1715672034.691694,3344073.000,23706,1,TH,1,100,36.381
1715672034.826923,3344202.000,23723,1,TH,1,100,36.340
1715672034.961103,3344330.000,23755,1,TH,1,100,36.340
1715672035.095283,3344458.000,23773,1,TH,1,100,36.404
1715672035.228415,3344585.000,23790,1,TH,1,100,36.404
1715672035.362595,3344713.000,23810,1,TH,1,100,36.383
1715672035.493630,3344838.000,23841,1,TH,1,100,36.383
1715672035.625714,3344964.000,23859,1,TH,1,100,36.459
1715672035.757797,3345090.000,23875,1,TH,1,100,36.459
1715672035.893026,3345219.000,23892,1,TH,1,100,36.375
1715672036.025109,3345345.000,23927,1,TH,1,100,36.375
1715672036.159289,3345473.000,23943,1,TH,1,100,36.402
1715672036.295566,3345603.000,23963,1,TH,1,100,36.402
1715672036.427649,3345729.000,23981,1,TH,1,100,36.367
1715672036.558685,3345854.000,24013,1,TH,1,100,36.367
1715672036.689720,3345979.000,24033,1,TH,1,100,36.475
1715672036.821803,3346105.000,24049,1,TH,1,100,36.475
1715672036.957031,3346234.000,24067,1,TH,1,100,36.315
1715672037.091212,3346362.000,24098,1,TH,1,100,36.315
1715672037.223295,3346488.000,24114,1,TH,1,100,36.530
1715672037.359572,3346618.000,24134,1,TH,1,100,36.530
1715672037.491655,3346744.000,24150,1,TH,1,100,36.377
1715672037.624787,3346871.000,24182,1,TH,1,100,36.377
1715672037.755822,3346996.000,24199,1,TH,1,100,36.386
1715672037.887906,3347122.000,24215,1,TH,1,100,36.386
1715672038.019989,3347248.000,24236,1,TH,1,100,36.335
1715672038.155218,3347377.000,24272,1,TH,1,100,36.335
1715672038.289398,3347505.000,24291,1,TH,1,100,36.315
1715672038.423578,3347633.000,24308,1,TH,1,100,36.315
1715672038.556710,3347760.000,24327,1,TH,1,100,36.416
1715672038.690890,3347888.000,24359,1,TH,1,100,36.416
1715672038.821925,3348013.000,24376,1,TH,1,100,36.354
1715672038.954009,3348139.000,24393,1,TH,1,100,36.354
1715672039.086092,3348265.000,24410,1,TH,1,100,36.358
1715672039.221320,3348394.000,24429,1,TH,1,100,36.358
1715672039.353404,3348520.000,24463,1,TH,1,100,36.317
1715672039.487584,3348648.000,24480,1,TH,1,100,36.317
1715672039.623861,3348778.000,24497,1,TH,1,100,36.303
1715672039.755944,3348904.000,24517,1,TH,1,100,36.303
1715672039.888028,3349030.000,24549,1,TH,1,100,36.379
1715672040.019063,3349155.000,24565,1,TH,1,100,36.379
1715672040.151146,3349281.000,24582,1,TH,1,100,36.367
1715672040.286375,3349410.000,24599,1,TH,1,100,36.360
1715672040.420555,3349538.000,24632,1,TH,1,100,36.445
1715672040.552638,3349664.000,24650,1,TH,1,100,36.452
1715672040.688915,3349794.000,24669,1,TH,1,100,36.437
1715672040.820998,3349920.000,24686,1,TH,1,100,36.437
1715672040.954130,3350047.000,24718,1,TH,1,100,36.292
1715672041.085166,3350172.000,24734,1,TH,1,100,36.292
1715672041.217249,3350298.000,24751,1,TH,1,100,36.411
1715672041.349332,3350424.000,24770,1,TH,1,100,36.411
1715672041.484561,3350553.000,24803,1,TH,1,100,36.372
1715672041.618741,3350681.000,24821,1,TH,1,100,36.372
1715672041.752921,3350809.000,24837,1,TH,1,100,36.480
1715672041.886053,3350936.000,24857,1,TH,1,100,36.480
1715672042.020233,3351064.000,24889,1,TH,1,100,36.365
1715672042.151268,3351189.000,24905,1,TH,1,100,36.365
1715672042.283352,3351315.000,24923,1,TH,1,100,36.390
1715672042.415435,3351441.000,24942,1,TH,1,100,36.390
1715672042.550663,3351570.000,24976,1,TH,1,100,36.349
1715672042.682747,3351696.000,24993,1,TH,1,100,36.349
1715672042.816927,3351824.000,25009,1,TH,1,100,36.388
1715672042.953204,3351954.000,25027,1,TH,1,100,36.388
1715672043.085287,3352080.000,25061,1,TH,1,100,36.377
1715672043.217371,3352206.000,25078,1,TH,1,100,36.377
1715672043.348406,3352331.000,25095,1,TH,1,100,36.379
1715672043.480489,3352457.000,25113,1,TH,1,100,36.379
1715672043.615718,3352586.000,25134,1,TH,1,100,36.400
1715672043.749898,3352714.000,25150,1,TH,1,100,36.400
1715672043.881981,3352840.000,25171,1,TH,1,100,36.349
1715672044.018258,3352970.000,25187,1,TH,1,100,36.349
1715672044.150342,3353096.000,25204,1,TH,1,100,36.335
1715672044.283473,3353223.000,25241,1,TH,1,100,36.335
1715672044.414509,3353348.000,25257,1,TH,1,100,36.397
1715672044.546592,3353474.000,25274,1,TH,1,100,36.397
1715672044.677627,3353599.000,25291,1,TH,1,100,36.367
1715672044.812855,3353728.000,25325,1,TH,1,100,36.367
1715672044.947036,3353856.000,25343,1,TH,1,100,36.322
1715672045.081216,3353984.000,25359,1,TH,1,100,36.322
1715672045.214348,3354111.000,25378,1,TH,1,100,36.377
1715672045.348528,3354239.000,25410,1,TH,1,100,36.377
1715672045.479563,3354364.000,25426,1,TH,1,100,36.415
1715672045.610598,3354489.000,25447,1,TH,1,100,36.415
1715672045.742682,3354615.000,25463,1,TH,1,100,36.372
1715672045.877910,3354744.000,25480,1,TH,1,100,36.372
1715672046.009994,3354870.000,25512,1,TH,1,100,36.358
1715672046.144174,3354998.000,25530,1,TH,1,100,36.358
1715672046.280450,3355128.000,25548,1,TH,1,100,36.354
1715672046.412534,3355254.000,25581,1,TH,1,100,36.354
1715672046.545666,3355381.000,25598,1,TH,1,100,36.326
1715672046.676701,3355506.000,25615,1,TH,1,100,36.326
1715672046.808784,3355632.000,25631,1,TH,1,100,36.457
1715672046.944013,3355761.000,25666,1,TH,1,100,36.457
1715672047.078193,3355889.000,25683,1,TH,1,100,36.347
1715672047.210276,3356015.000,25701,1,TH,1,100,36.347
1715672047.346553,3356145.000,25719,1,TH,1,100,36.349
1715672047.479685,3356272.000,25750,1,TH,1,100,36.349
1715672047.612816,3356399.000,25770,1,TH,1,100,36.420
1715672047.743852,3356524.000,25787,1,TH,1,100,36.420
1715672047.875935,3356650.000,25803,1,TH,1,100,36.379
1715672048.006970,3356775.000,25835,1,TH,1,100,36.379
1715672048.142199,3356904.000,25857,1,TH,1,100,36.407
1715672048.276379,3357032.000,25874,1,TH,1,100,36.407
1715672048.410559,3357160.000,25891,1,TH,1,100,36.257
1715672048.543691,3357287.000,25907,1,TH,1,100,36.257
1715672048.677871,3357415.000,25925,1,TH,1,100,36.400
1715672048.808906,3357540.000,25956,1,TH,1,100,36.400
1715672048.939941,3357665.000,25978,1,TH,1,100,36.326
1715672049.072025,3357791.000,25995,1,TH,1,100,36.326
1715672049.207253,3357920.000,26013,1,TH,1,100,36.480
1715672049.339337,3358046.000,26045,1,TH,1,100,36.480
1715672049.474565,3358175.000,26066,2,TH,1,100,36.416
1715672049.609793,3358304.000,26066,2,TH,1,100,36.416
1715672049.741877,3358430.000,26082,1,TH,1,100,36.368
1715672049.875009,3358557.000,26099,1,TH,1,100,36.368
1715672050.006044,3358682.000,26116,1,TH,1,100,36.388
1715672050.138127,3358808.000,26150,1,TH,1,100,36.388
1715672050.273356,3358937.000,26168,1,TH,1,100,36.375
1715672050.407536,3359065.000,26186,1,TH,1,100,36.375
1715672050.539619,3359191.000,26203,1,TH,1,100,36.370
1715672050.675896,3359321.000,26235,1,TH,1,100,36.370
1715672050.809028,3359448.000,26251,1,TH,1,100,36.377
1715672050.942159,3359575.000,26272,1,TH,1,100,36.377
1715672051.073195,3359700.000,26288,1,TH,1,100,36.356
1715672051.205278,3359826.000,26320,1,TH,1,100,36.356
1715672051.335265,3359950.000,26342,1,TH,1,100,36.322
1715672051.470494,3360079.000,26360,1,TH,1,100,36.322
1715672051.604674,3360207.000,26378,1,TH,1,100,36.383
1715672051.738854,3360335.000,26394,1,TH,1,100,36.383
1715672051.871985,3360462.000,26426,1,TH,1,100,36.356
1715672052.006166,3360590.000,26443,1,TH,1,100,36.356
1715672052.137201,3360715.000,26462,1,TH,1,100,36.347
1715672052.268236,3360840.000,26480,1,TH,1,100,36.347
1715672052.400319,3360966.000,26511,1,TH,1,100,36.347
1715672052.535548,3361095.000,26530,1,TH,1,100,36.347
1715672052.667631,3361221.000,26550,1,TH,1,100,36.342
1715672052.801811,3361349.000,26566,1,TH,1,100,36.342
1715672052.938088,3361479.000,26598,1,TH,1,100,36.381
1715672053.070172,3361605.000,26615,1,TH,1,100,36.381
1715672053.203303,3361732.000,26631,1,TH,1,100,36.475
1715672053.334339,3361857.000,26649,1,TH,1,100,36.475
1715672053.466422,3361983.000,26683,1,TH,1,100,36.395
1715672053.601650,3362112.000,26702,1,TH,1,100,36.395
1715672053.735831,3362240.000,26719,1,TH,1,100,36.416
1715672053.867914,3362366.000,26735,1,TH,1,100,36.416
1715672054.004191,3362496.000,26767,1,TH,1,100,36.393
1715672054.137322,3362623.000,26784,1,TH,1,100,36.393
1715672054.270454,3362750.000,26801,1,TH,1,100,36.402
1715672054.401489,3362875.000,26823,1,TH,1,100,36.402
1715672054.533573,3363001.000,26839,1,TH,1,100,36.413
1715672054.663560,3363125.000,26860,1,TH,1,100,36.413
1715672054.798788,3363254.000,26878,1,TH,1,100,36.297
1715672054.932968,3363382.000,26910,1,TH,1,100,36.297
1715672055.067148,3363510.000,26927,1,TH,1,100,36.397
1715672055.200280,3363637.000,26946,1,TH,1,100,36.397
1715672055.334460,3363765.000,26964,1,TH,1,100,36.356
1715672055.465496,3363890.000,26995,1,TH,1,100,36.356
1715672055.595482,3364014.000,27014,1,TH,1,100,36.367
1715672055.727566,3364140.000,27031,1,TH,1,100,36.367
1715672055.862794,3364269.000,27047,1,TH,1,100,36.303
1715672055.994878,3364395.000,27082,1,TH,1,100,36.303
1715672056.129058,3364523.000,27099,1,TH,1,100,36.335
1715672056.265335,3364653.000,27116,1,TH,1,100,36.335
1715672056.397418,3364779.000,27135,1,TH,1,100,36.393
1715672056.530550,3364906.000,27167,1,TH,1,100,36.393
1715672056.661585,3365031.000,27185,1,TH,1,100,36.397
1715672056.793669,3365157.000,27202,1,TH,1,100,36.397
1715672056.928897,3365286.000,27219,1,TH,1,100,36.312
1715672057.063077,3365414.000,27250,1,TH,1,100,36.312
1715672057.195161,3365540.000,27274,1,TH,1,100,36.377
1715672057.331437,3365670.000,27290,1,TH,1,100,36.377
1715672057.464569,3365797.000,27307,1,TH,1,100,36.331
1715672057.597701,3365924.000,27324,1,TH,1,100,36.331
1715672057.728736,3366049.000,27360,1,TH,1,100,36.386
1715672057.860820,3366175.000,27378,1,TH,1,100,36.386
1715672057.990806,3366299.000,27394,1,TH,1,100,36.347
1715672058.126035,3366428.000,27411,1,TH,1,100,36.347
1715672058.260215,3366556.000,27443,1,TH,1,100,36.418
1715672058.394395,3366684.000,27459,1,TH,1,100,36.418
1715672058.527527,3366811.000,27479,1,TH,1,100,36.340
1715672058.661707,3366939.000,27498,1,TH,1,100,36.340
1715672058.791694,3367063.000,27529,1,TH,1,100,36.379
1715672058.922729,3367188.000,27547,1,TH,1,100,36.379
1715672059.054812,3367314.000,27566,1,TH,1,100,36.356
1715672059.190041,3367443.000,27583,1,TH,1,100,36.356
1715672059.322124,3367569.000,27615,1,TH,1,100,36.335
1715672059.456304,3367697.000,27631,1,TH,1,100,36.335
1715672059.592581,3367827.000,27649,1,TH,1,100,36.363
1715672059.724664,3367953.000,27675,1,TH,1,100,36.363
1715672059.858845,3368081.000,27693,1,TH,1,100,36.347
1715672059.989880,3368206.000,27709,1,TH,1,100,36.347
1715672060.121963,3368332.000,27726,1,TH,1,100,36.382
1715672060.257192,3368461.000,27743,1,TH,1,100,36.382
1715672060.391372,3368589.000,27777,1,TH,1,100,36.462
1715672060.523455,3368715.000,27795,1,TH,1,100,36.462
1715672060.659732,3368845.000,27811,1,TH,1,100,36.358
1715672060.792864,3368972.000,27830,1,TH,1,100,36.358
1715672060.925996,3369099.000,27862,1,TH,1,100,36.347
1715672061.057031,3369224.000,27881,1,TH,1,100,36.347
1715672061.189114,3369350.000,27898,1,TH,1,100,36.319
1715672061.319101,3369474.000,27917,1,TH,1,100,36.319
1715672061.454329,3369603.000,27934,1,TH,1,100,36.397
1715672061.588510,3369731.000,27966,1,TH,1,100,36.397
1715672061.722690,3369859.000,27982,1,TH,1,100,36.326
1715672061.855822,3369986.000,28001,1,TH,1,100,36.326
1715672061.990002,3370114.000,28033,1,TH,1,100,36.445
1715672062.119988,3370238.000,28049,1,TH,1,100,36.445
1715672062.251024,3370363.000,28067,1,TH,1,100,36.308
1715672062.383107,3370489.000,28086,1,TH,1,100,36.308
1715672062.518336,3370618.000,28118,1,TH,1,100,36.338
1715672062.650419,3370744.000,28135,1,TH,1,100,36.338
1715672062.784599,3370872.000,28151,1,TH,1,100,36.384
1715672062.920876,3371002.000,28171,1,TH,1,100,36.384
1715672063.052959,3371128.000,28205,1,TH,1,100,36.344
1715672063.187140,3371256.000,28222,1,TH,1,100,36.345
1715672063.318175,3371381.000,28239,1,TH,1,100,36.443
1715672063.450258,3371507.000,28255,1,TH,1,100,36.443
1715672063.584438,3371635.000,28273,1,TH,1,100,36.388
1715672063.718618,3371763.000,28307,1,TH,1,100,36.388
1715672063.850702,3371889.000,28323,1,TH,1,100,36.390
1715672063.986979,3372019.000,28343,1,TH,1,100,36.390
1715672064.120110,3372146.000,28377,1,TH,1,100,36.445
1715672064.253242,3372273.000,28394,1,TH,1,100,36.445
1715672064.384277,3372398.000,28411,1,TH,1,100,36.377
1715672064.515312,3372523.000,28427,1,TH,1,100,36.377
1715672064.645299,3372647.000,28459,1,TH,1,100,36.375
1715672064.780528,3372776.000,28476,1,TH,1,100,36.375
1715672064.914708,3372904.000,28496,1,TH,1,100,36.409
1715672065.048888,3373032.000,28513,1,TH,1,100,36.409
1715672065.182020,3373159.000,28552,1,TH,1,100,36.395
1715672065.316200,3373287.000,28568,1,TH,1,100,36.395
1715672065.447235,3373412.000,28588,1,TH,1,100,36.436
1715672065.578270,3373537.000,28605,1,TH,1,100,36.436
1715672065.710354,3373663.000,28636,1,TH,1,100,36.388
1715672065.845582,3373792.000,28654,1,TH,1,100,36.388
1715672065.977666,3373918.000,28670,1,TH,1,100,36.397
1715672066.111846,3374046.000,28687,1,TH,1,100,36.397
1715672066.248122,3374176.000,28709,1,TH,1,100,36.416
1715672066.380206,3374302.000,28742,1,TH,1,100,36.416
1715672066.515434,3374431.000,28760,1,TH,1,100,36.411
1715672066.646469,3374556.000,28776,1,TH,1,100,36.411
1715672066.778553,3374682.000,28793,1,TH,1,100,36.363
1715672066.912733,3374810.000,28828,1,TH,1,100,36.363
1715672067.046913,3374938.000,28844,1,TH,1,100,36.420
1715672067.178997,3375064.000,28861,1,TH,1,100,36.420
1715672067.315273,3375194.000,28878,1,TH,1,100,36.358
1715672067.448405,3375321.000,28914,1,TH,1,100,36.358
1715672067.581537,3375448.000,28932,1,TH,1,100,36.372
1715672067.712572,3375573.000,28948,1,TH,1,100,36.372
1715672067.843607,3375698.000,28965,1,TH,1,100,36.402
1715672067.973594,3375822.000,28997,1,TH,1,100,36.402
1715672068.108823,3375951.000,29016,1,TH,1,100,36.427
1715672068.243003,3376079.000,29034,1,TH,1,100,36.427
1715672068.377183,3376207.000,29050,1,TH,1,100,36.315
1715672068.510314,3376334.000,29084,1,TH,1,100,36.315
1715672068.644495,3376462.000,29101,1,TH,1,100,36.354
1715672068.776578,3376588.000,29117,1,TH,1,100,36.354
1715672068.907613,3376713.000,29135,1,TH,1,100,36.441
1715672069.039697,3376839.000,29169,1,TH,1,100,36.441
1715672069.174925,3376968.000,29186,1,TH,1,100,36.367
1715672069.307009,3377094.000,29203,1,TH,1,100,36.367
1715672069.441189,3377222.000,29219,1,TH,1,100,36.329
1715672069.577466,3377352.000,29253,1,TH,1,100,36.329
1715672069.709549,3377478.000,29270,1,TH,1,100,36.397
1715672069.844777,3377607.000,29286,1,TH,1,100,36.397
1715672069.975812,3377732.000,29304,1,TH,1,100,36.422
1715672070.107896,3377858.000,29338,1,TH,1,100,36.422
1715672070.239980,3377984.000,29355,1,TH,1,100,36.386
1715672070.374160,3378112.000,29372,1,TH,1,100,36.386
1715672070.506243,3378238.000,29393,1,TH,1,100,36.395
1715672070.642520,3378368.000,29411,1,TH,1,100,36.395
1715672070.775652,3378495.000,29447,1,TH,1,100,36.372
1715672070.908783,3378622.000,29464,1,TH,1,100,36.372
1715672071.039819,3378747.000,29481,1,TH,1,100,36.257
1715672071.171902,3378873.000,29497,1,TH,1,100,36.257
1715672071.301889,3378997.000,29534,1,TH,1,100,36.448
1715672071.437117,3379126.000,29551,1,TH,1,100,36.448
1715672071.571297,3379254.000,29568,1,TH,1,100,36.406
1715672071.705477,3379382.000,29585,1,TH,1,100,36.406
1715672071.839658,3379510.000,29622,1,TH,1,100,36.342
1715672071.973838,3379638.000,29638,1,TH,1,100,36.342
1715672072.106970,3379765.000,29655,1,TH,1,100,36.349
1715672072.238005,3379890.000,29672,1,TH,1,100,36.349
1715672072.370088,3380016.000,29703,1,TH,1,100,36.434
1715672072.505316,3380145.000,29721,1,TH,1,100,36.434
1715672072.636352,3380270.000,29740,1,TH,1,100,36.375
1715672072.770532,3380398.000,29757,1,TH,1,100,36.375
1715672072.906809,3380528.000,29789,1,TH,1,100,36.397
1715672073.038892,3380654.000,29805,1,TH,1,100,36.397
1715672073.174120,3380783.000,29825,1,TH,1,100,36.331
1715672073.305156,3380908.000,29844,1,TH,1,100,36.331
1715672073.437239,3381034.000,29875,1,TH,1,100,36.475
1715672073.569323,3381160.000,29893,1,TH,1,100,36.475
1715672073.703503,3381288.000,29909,1,TH,1,100,36.452
1715672073.835586,3381414.000,29926,1,TH,1,100,36.452
1715672073.971863,3381544.000,29963,1,TH,1,100,36.379
1715672074.104995,3381671.000,29979,1,TH,1,100,36.379
1715672074.238127,3381798.000,29997,1,TH,1,100,36.310
1715672074.370210,3381924.000,30013,1,TH,1,100,36.310
1715672074.502294,3382050.000,30030,1,TH,1,100,36.361
1715672074.632280,3382174.000,30065,1,TH,1,100,36.361
1715672074.767509,3382303.000,30081,1,TH,1,100,36.407
1715672074.901689,3382431.000,30101,1,TH,1,100,36.407
1715672075.035869,3382559.000,30132,1,TH,1,100,36.384
1715672075.169001,3382686.000,30152,1,TH,1,100,36.384
1715672075.303181,3382814.000,30169,1,TH,1,100,36.347
1715672075.437361,3382942.000,30185,1,TH,1,100,36.347
1715672075.568396,3383067.000,30217,1,TH,1,100,36.425
1715672075.700480,3383193.000,30234,1,TH,1,100,36.425
1715672075.834660,3383321.000,30255,1,TH,1,100,36.347
1715672075.965695,3383446.000,30275,1,TH,1,100,36.340
1715672076.099875,3383574.000,30291,1,TH,1,100,36.376
1715672076.236152,3383704.000,30325,1,TH,1,100,36.384
1715672076.368235,3383830.000,30342,1,TH,1,100,36.402
1715672076.503464,3383959.000,30361,1,TH,1,100,36.402
1715672076.634499,3384084.000,30379,1,TH,1,100,36.381
1715672076.765534,3384209.000,30410,1,TH,1,100,36.381
1715672076.897617,3384335.000,30427,1,TH,1,100,36.354
1715672077.031797,3384463.000,30446,1,TH,1,100,36.354
1715672077.163881,3384589.000,30465,1,TH,1,100,36.386
1715672077.300158,3384719.000,30497,1,TH,1,100,36.386
1715672077.433290,3384846.000,30514,1,TH,1,100,36.352
1715672077.566421,3384973.000,30531,1,TH,1,100,36.352
1715672077.699553,3385100.000,30567,1,TH,1,100,36.370
1715672077.831637,3385226.000,30585,1,TH,1,100,36.370
1715672077.961623,3385350.000,30601,1,TH,1,100,36.351
1715672078.096852,3385479.000,30618,1,TH,1,100,36.351
1715672078.231032,3385607.000,30635,1,TH,1,100,36.409
1715672078.365212,3385735.000,30669,1,TH,1,100,36.409
1715672078.498344,3385862.000,30687,1,TH,1,100,36.354
1715672078.632524,3385990.000,30703,1,TH,1,100,36.354
1715672078.766704,3386118.000,30722,1,TH,1,100,36.404
1715672078.897739,3386243.000,30754,1,TH,1,100,36.404
1715672079.028774,3386368.000,30771,1,TH,1,100,36.386
1715672079.161906,3386495.000,30790,1,TH,1,100,36.378
1715672079.292941,3386620.000,30807,1,TH,1,100,36.397
1715672079.427121,3386748.000,30838,1,TH,1,100,36.405
1715672079.563398,3386878.000,30859,1,TH,1,100,36.340
1715672079.695482,3387004.000,30877,1,TH,1,100,36.333
1715672079.830710,3387133.000,30894,1,TH,1,100,36.333
1715672079.961745,3387258.000,30911,1,TH,1,100,36.340
1715672080.092780,3387383.000,30942,1,TH,1,100,36.354
1715672080.224864,3387509.000,30960,1,TH,1,100,36.354
1715672080.359044,3387637.000,30979,1,TH,1,100,36.349
1715672080.491127,3387763.000,30996,1,TH,1,100,36.349
1715672080.627404,3387893.000,31028,1,TH,1,100,36.377
1715672080.760536,3388020.000,31044,1,TH,1,100,36.377
1715672080.893668,3388147.000,31064,1,TH,1,100,36.409
1715672081.027848,3388275.000,31080,1,TH,1,100,36.409
1715672081.159931,3388401.000,31103,1,TH,1,100,36.413
1715672081.289918,3388525.000,31121,1,TH,1,100,36.406
1715672081.425147,3388654.000,31138,1,TH,1,100,36.367
1715672081.558278,3388781.000,31155,1,TH,1,100,36.375
1715672081.692459,3388909.000,31191,1,TH,1,100,36.354
1715672081.825590,3389036.000,31208,1,TH,1,100,36.354
1715672081.959770,3389164.000,31225,1,TH,1,100,36.420
1715672082.093951,3389292.000,31256,1,TH,1,100,36.420
1715672082.224986,3389417.000,31277,1,TH,1,100,36.381
1715672082.356021,3389542.000,31293,1,TH,1,100,36.381
1715672082.488104,3389668.000,31310,1,TH,1,100,36.377
1715672082.619140,3389793.000,31342,1,TH,1,100,36.369
1715672082.753320,3389921.000,31360,1,TH,1,100,36.385
1715672082.889596,3390051.000,31381,1,TH,1,100,36.392
1715672083.021680,3390177.000,31397,1,TH,1,100,36.377
1715672083.156908,3390306.000,31414,1,TH,1,100,36.369
1715672083.287943,3390431.000,31446,1,TH,1,100,36.408
1715672083.420027,3390557.000,31463,1,TH,1,100,36.416
1715672083.552110,3390683.000,31481,1,TH,1,100,36.340
1715672083.686291,3390811.000,31497,1,TH,1,100,36.340
1715672083.818374,3390937.000,31531,1,TH,1,100,36.430
1715672083.954651,3391067.000,31548,1,TH,1,100,36.422
1715672084.087782,3391194.000,31564,1,TH,1,100,36.337
1715672084.220914,3391321.000,31601,1,TH,1,100,36.345
1715672084.355094,3391449.000,31618,1,TH,1,100,36.402
1715672084.487178,3391575.000,31634,1,TH,1,100,36.395
1715672084.617165,3391699.000,31652,1,TH,1,100,36.365
1715672084.751345,3391827.000,31671,1,TH,1,100,36.372
1715672084.884477,3391954.000,31703,1,TH,1,100,36.381
1715672085.018657,3392082.000,31722,1,TH,1,100,36.374
1715672085.151788,3392209.000,31738,1,TH,1,100,36.335
1715672085.285969,3392337.000,31756,1,TH,1,100,36.335
1715672085.420149,3392465.000,31790,1,TH,1,100,36.351
1715672085.551184,3392590.000,31807,1,TH,1,100,36.351
1715672085.683267,3392716.000,31824,1,TH,1,100,36.454
1715672085.815351,3392842.000,31840,1,TH,1,100,36.454
1715672085.946386,3392967.000,31877,1,TH,1,100,36.328
1715672086.080566,3393095.000,31894,1,TH,1,100,36.328
1715672086.216843,3393225.000,31911,1,TH,1,100,36.356
1715672086.348926,3393351.000,31944,1,TH,1,100,36.356
1715672086.484155,3393480.000,31967,1,TH,1,100,36.369
1715672086.617286,3393607.000,31983,1,TH,1,100,36.369
1715672086.749370,3393733.000,32003,1,TH,1,100,36.328
1715672086.881454,3393859.000,32022,1,TH,1,100,36.328
1715672087.015634,3393987.000,32039,1,TH,1,100,36.356
1715672087.146669,3394112.000,32071,1,TH,1,100,36.363
1715672087.282945,3394242.000,32087,1,TH,1,100,36.365
1715672087.416077,3394369.000,32104,1,TH,1,100,36.358
1715672087.549209,3394496.000,32121,1,TH,1,100,36.310
1715672087.683389,3394624.000,32154,1,TH,1,100,36.317
1715672087.815473,3394750.000,32172,1,TH,1,100,36.294
1715672087.945460,3394874.000,32188,1,TH,1,100,36.287
1715672088.077543,3395000.000,32208,1,TH,1,100,36.372
1715672088.210675,3395127.000,32240,1,TH,1,100,36.372
1715672088.344855,3395255.000,32256,1,TH,1,100,36.417
1715672088.477987,3395382.000,32273,1,TH,1,100,36.417
1715672088.612167,3395510.000,32293,1,TH,1,100,36.378
1715672088.746347,3395638.000,32324,1,TH,1,100,36.378
1715672088.877382,3395763.000,32344,1,TH,1,100,36.420
1715672089.010514,3395890.000,32360,1,TH,1,100,36.427
1715672089.142597,3396016.000,32377,1,TH,1,100,36.404
1715672089.273633,3396141.000,32409,1,TH,1,100,36.397
1715672089.407813,3396269.000,32428,1,TH,1,100,36.383
1715672089.544089,3396399.000,32446,1,TH,1,100,36.383
1715672089.676173,3396525.000,32462,1,TH,1,100,36.287
1715672089.811401,3396654.000,32499,1,TH,1,100,36.287
1715672089.945581,3396782.000,32516,1,TH,1,100,36.310
1715672090.077665,3396908.000,32532,1,TH,1,100,36.310
1715672090.209748,3397034.000,32550,1,TH,1,100,36.358
1715672090.343928,3397162.000,32581,1,TH,1,100,36.358
1715672090.473915,3397286.000,32598,1,TH,1,100,36.411
1715672090.610192,3397416.000,32620,1,TH,1,100,36.411
1715672090.743324,3397543.000,32636,1,TH,1,100,36.303
1715672090.876456,3397670.000,32668,1,TH,1,100,36.303
1715672091.010636,3397798.000,32685,1,TH,1,100,36.420
1715672091.142719,3397924.000,32701,1,TH,1,100,36.420
1715672091.272706,3398048.000,32724,1,TH,1,100,36.319
1715672091.404790,3398174.000,32755,1,TH,1,100,36.319
1715672091.537921,3398301.000,32772,1,TH,1,100,36.406
1715672091.672101,3398429.000,32791,1,TH,1,100,36.406
1715672091.805233,3398556.000,32807,1,TH,1,100,36.397
1715672091.939413,3398684.000,32831,1,TH,1,100,36.397
1715672092.072021,3398810.500,32848,2,TH,1,100,36.310
1715672092.204629,3398937.000,32848,2,TH,1,100,36.310
1715672092.337760,3399064.000,32882,1,TH,1,100,36.383
1715672092.468796,3399189.000,32900,1,TH,1,100,36.383
1715672092.600879,3399315.000,32918,1,TH,1,100,36.436
1715672092.735059,3399443.000,32935,1,TH,1,100,36.436
1715672092.871336,3399573.000,32952,1,TH,1,100,36.386
1715672093.003419,3399699.000,32983,1,TH,1,100,36.386
1715672093.138648,3399828.000,33003,1,TH,1,100,36.351
1715672093.272828,3399956.000,33020,1,TH,1,100,36.351
1715672093.404911,3400082.000,33051,1,TH,1,100,36.424
1715672093.536995,3400208.000,33069,1,TH,1,100,36.424
1715672093.671175,3400336.000,33085,1,TH,1,100,36.418
1715672093.801162,3400460.000,33104,1,TH,1,100,36.418
1715672093.937438,3400590.000,33136,1,TH,1,100,36.443
1715672094.070570,3400717.000,33152,1,TH,1,100,36.443
1715672094.203702,3400844.000,33170,1,TH,1,100,36.296
1715672094.337882,3400972.000,33186,1,TH,1,100,36.296
1715672094.469966,3401098.000,33221,1,TH,1,100,36.337
1715672094.599953,3401222.000,33238,1,TH,1,100,36.337
1715672094.732036,3401348.000,33254,1,TH,1,100,36.321
1715672094.865168,3401475.000,33274,1,TH,1,100,36.321
1715672094.999348,3401603.000,33305,1,TH,1,100,36.348
1715672095.132480,3401730.000,33322,1,TH,1,100,36.348
1715672095.266660,3401858.000,33339,1,TH,1,100,36.360
1715672095.400840,3401986.000,33355,1,TH,1,100,36.360
1715672095.531875,3402111.000,33387,1,TH,1,100,36.415
1715672095.665007,3402238.000,33404,1,TH,1,100,36.415
1715672095.796042,3402363.000,33423,1,TH,1,100,36.463
1715672095.928126,3402489.000,33443,1,TH,1,100,36.463
1715672096.062306,3402617.000,33474,1,TH,1,100,36.351
1715672096.198582,3402747.000,33493,1,TH,1,100,36.351
1715672096.330666,3402873.000,33510,1,TH,1,100,36.378
1715672096.465894,3403002.000,33526,1,TH,1,100,36.378
1715672096.600074,3403130.000,33558,1,TH,1,100,36.362
1715672096.732158,3403256.000,33575,1,TH,1,100,36.362
1715672096.864241,3403382.000,33592,1,TH,1,100,36.411
1715672096.998421,3403510.000,33614,1,TH,1,100,36.411
1715672097.128408,3403634.000,33646,1,TH,1,100,36.367
1715672097.263113,3403762.500,33667,2,TH,1,100,36.367
1715672097.397817,3403891.000,33667,2,TH,1,100,36.323
1715672097.530949,3404018.000,33685,1,TH,1,100,36.323
1715672097.665129,3404146.000,33704,1,TH,1,100,36.386
1715672097.797212,3404272.000,33736,1,TH,1,100,36.386
1715672097.927199,3404396.000,33753,1,TH,1,100,36.383
1715672098.059283,3404522.000,33771,1,TH,1,100,36.383
1715672098.192415,3404649.000,33789,1,TH,1,100,36.353
1715672098.326595,3404777.000,33823,1,TH,1,100,36.353
1715672098.459726,3404904.000,33839,1,TH,1,100,36.374
1715672098.593906,3405032.000,33857,1,TH,1,100,36.374
1715672098.728086,3405160.000,33888,1,TH,1,100,36.312
1715672098.859122,3405285.000,33908,1,TH,1,100,36.319
1715672098.992254,3405412.000,33925,1,TH,1,100,36.367
1715672099.123289,3405537.000,33941,1,TH,1,100,36.360
1715672099.256421,3405664.000,33975,1,TH,1,100,36.406
1715672099.390601,3405792.000,33992,1,TH,1,100,36.406
1715672099.526877,3405922.000,34009,1,TH,1,100,36.385
1715672099.658961,3406048.000,34029,1,TH,1,100,36.385
1715672099.794189,3406177.000,34061,1,TH,1,100,36.406
1715672099.927321,3406304.000,34077,1,TH,1,100,36.406
1715672100.059404,3406430.000,34094,1,TH,1,100,36.426
1715672100.191488,3406556.000,34113,1,TH,1,100,36.426
1715672100.325668,3406684.000,34147,1,TH,1,100,36.362
1715672100.455655,3406808.000,34165,1,TH,1,100,36.362
1715672100.591932,3406938.000,34181,1,TH,1,100,36.399
1715672100.725063,3407065.000,34198,1,TH,1,100,36.399
1715672100.858195,3407192.000,34233,1,TH,1,100,36.344
1715672100.992375,3407320.000,34249,1,TH,1,100,36.344
1715672101.124459,3407446.000,34266,1,TH,1,100,36.367
1715672101.254446,3407570.000,34287,1,TH,1,100,36.367
1715672101.386529,3407696.000,34321,1,TH,1,100,36.360
1715672101.519661,3407823.000,34339,1,TH,1,100,36.360
1715672101.653841,3407951.000,34355,1,TH,1,100,36.243
1715672101.786973,3408078.000,34372,1,TH,1,100,36.243
1715672101.921153,3408206.000,34404,1,TH,1,100,36.362
1715672102.055333,3408334.000,34420,1,TH,1,100,36.362
1715672102.186368,3408459.000,34441,1,TH,1,100,36.323
1715672102.318452,3408585.000,34459,1,TH,1,100,36.323
1715672102.449487,3408710.000,34491,1,TH,1,100,36.312
1715672102.582619,3408837.000,34508,1,TH,1,100,36.312
1715672102.717847,3408966.000,34530,2,TH,1,100,36.344
1715672102.853076,3409095.000,34530,2,TH,1,100,36.344
1715672102.985159,3409221.000,34547,1,TH,1,100,36.394
1715672103.120387,3409350.000,34579,1,TH,1,100,36.394
1715672103.253519,3409477.000,34597,1,TH,1,100,36.438
1715672103.385603,3409603.000,34617,1,TH,1,100,36.438
1715672103.517686,3409729.000,34634,1,TH,1,100,36.362
1715672103.651866,3409857.000,34665,1,TH,1,100,36.362
1715672103.781853,3409981.000,34683,1,TH,1,100,36.388
1715672103.918130,3410111.000,34699,1,TH,1,100,36.388
1715672104.051262,3410238.000,34719,1,TH,1,100,36.351
1715672104.184393,3410365.000,34751,1,TH,1,100,36.351
1715672104.318573,3410493.000,34769,1,TH,1,100,36.383
1715672104.450657,3410619.000,34786,1,TH,1,100,36.383
1715672104.580644,3410743.000,34803,1,TH,1,100,36.397
1715672104.713776,3410870.000,34837,1,TH,1,100,36.397
1715672104.846907,3410997.000,34855,1,TH,1,100,36.305
1715672104.981087,3411125.000,34871,1,TH,1,100,36.305
1715672105.114219,3411252.000,34888,1,TH,1,100,36.326
1715672105.248399,3411380.000,34923,1,TH,1,100,36.326
1715672105.382580,3411508.000,34941,1,TH,1,100,36.319
1715672105.513615,3411633.000,34959,1,TH,1,100,36.319
1715672105.645698,3411759.000,34975,1,TH,1,100,36.413
1715672105.776733,3411884.000,34992,1,TH,1,100,36.413
1715672105.909865,3412011.000,35024,1,TH,1,100,36.390
1715672106.044045,3412139.000,35043,1,TH,1,100,36.390
1715672106.180322,3412269.000,35061,1,TH,1,100,36.411
1715672106.312406,3412395.000,35096,1,TH,1,100,36.411
1715672106.447634,3412524.000,35113,1,TH,1,100,36.406
1715672106.580766,3412651.000,35130,1,TH,1,100,36.406
1715672106.712849,3412777.000,35149,1,TH,1,100,36.436
1715672106.844933,3412903.000,35181,1,TH,1,100,36.436
1715672106.979113,3413031.000,35198,1,TH,1,100,36.365
1715672107.110148,3413156.000,35214,1,TH,1,100,36.365
1715672107.246425,3413286.000,35232,1,TH,1,100,36.438
1715672107.379556,3413413.000,35266,1,TH,1,100,36.438
1715672107.512688,3413540.000,35285,1,TH,1,100,36.360
1715672107.646868,3413668.000,35302,1,TH,1,100,36.360
1715672107.778952,3413794.000,35318,1,TH,1,100,36.385
1715672107.908939,3413918.000,35353,1,TH,1,100,36.385
1715672108.042070,3414045.000,35376,2,TH,1,100,36.383
1715672108.175202,3414172.000,35376,2,TH,1,100,36.383
1715672108.309382,3414300.000,35393,1,TH,1,100,36.298
1715672108.442514,3414427.000,35409,1,TH,1,100,36.298
1715672108.576694,3414555.000,35444,1,TH,1,100,36.328
1715672108.710874,3414683.000,35463,1,TH,1,100,36.328
1715672108.841909,3414808.000,35480,1,TH,1,100,36.289
1715672108.973993,3414934.000,35497,1,TH,1,100,36.289
1715672109.105028,3415059.000,35532,1,TH,1,100,36.353
1715672109.238160,3415186.000,35548,1,TH,1,100,36.353
1715672109.372340,3415314.000,35565,1,TH,1,100,36.333
1715672109.508617,3415444.000,35582,1,TH,1,100,36.333
1715672109.640700,3415570.000,35615,1,TH,1,100,36.385
1715672109.775929,3415699.000,35632,1,TH,1,100,36.385
1715672109.909060,3415826.000,35649,1,TH,1,100,36.330
1715672110.041144,3415952.000,35669,1,TH,1,100,36.330
1715672110.173228,3416078.000,35701,1,TH,1,100,36.323
1715672110.307408,3416206.000,35717,1,TH,1,100,36.323
1715672110.438443,3416331.000,35734,1,TH,1,100,36.319
1715672110.574719,3416461.000,35754,1,TH,1,100,36.319
1715672110.707851,3416588.000,35785,1,TH,1,100,36.358
1715672110.840983,3416715.000,35805,1,TH,1,100,36.358
1715672110.975163,3416843.000,35821,1,TH,1,100,36.358
1715672111.107247,3416969.000,35838,1,TH,1,100,36.358
1715672111.237233,3417093.000,35875,1,TH,1,100,36.284
1715672111.370365,3417220.000,35891,1,TH,1,100,36.284
1715672111.503497,3417347.000,35909,1,TH,1,100,36.390
1715672111.637677,3417475.000,35925,1,TH,1,100,36.390
1715672111.770809,3417602.000,35957,1,TH,1,100,36.333
1715672111.904989,3417730.000,35976,1,TH,1,100,36.333
1715672112.037597,3417856.500,35994,2,TH,1,100,36.356
1715672112.170204,3417983.000,35994,2,TH,1,100,36.356
1715672112.302288,3418109.000,36010,1,TH,1,100,36.415
1715672112.433323,3418234.000,36027,1,TH,1,100,36.415
1715672112.566455,3418361.000,36062,1,TH,1,100,36.408
1715672112.700635,3418489.000,36078,1,TH,1,100,36.408
1715672112.835863,3418618.000,36096,1,TH,1,100,36.339
1715672112.967947,3418744.000,36114,1,TH,1,100,36.339
1715672113.103175,3418873.000,36149,1,TH,1,100,36.360
1715672113.236307,3419000.000,36166,1,TH,1,100,36.360
1715672113.368391,3419126.000,36182,1,TH,1,100,36.303
1715672113.500474,3419252.000,36205,1,TH,1,100,36.303
1715672113.634654,3419380.000,36221,1,TH,1,100,36.337
1715672113.764641,3419504.000,36241,1,TH,1,100,36.337
1715672113.900918,3419634.000,36258,1,TH,1,100,36.383
1715672114.034050,3419761.000,36293,2,TH,1,100,36.383
1715672114.167181,3419888.000,36293,2,TH,1,100,36.388
1715672114.301361,3420016.000,36327,1,TH,1,100,36.388
1715672114.433445,3420142.000,36345,1,TH,1,100,36.356
1715672114.563432,3420266.000,36361,1,TH,1,100,36.356
1715672114.695515,3420392.000,36378,1,TH,1,100,36.278
1715672114.828647,3420519.000,36410,1,TH,1,100,36.278
1715672114.962827,3420647.000,36429,1,TH,1,100,36.383
1715672115.095959,3420774.000,36449,1,TH,1,100,36.383
1715672115.230139,3420902.000,36465,1,TH,1,100,36.369
1715672115.364319,3421030.000,36482,1,TH,1,100,36.369
1715672115.495354,3421155.000,36514,1,TH,1,100,36.371
1715672115.628486,3421282.000,36530,1,TH,1,100,36.371
1715672115.759521,3421407.000,36547,1,TH,1,100,36.298
1715672115.892653,3421534.000,36566,1,TH,1,100,36.298
1715672116.026833,3421662.000,36597,1,TH,1,100,36.394
1715672116.160489,3421789.500,36617,2,TH,1,100,36.394
1715672116.294145,3421917.000,36617,2,TH,1,100,36.310
1715672116.429374,3422046.000,36649,1,TH,1,100,36.310
1715672116.563554,3422174.000,36665,1,TH,1,100,36.415
1715672116.695637,3422300.000,36685,1,TH,1,100,36.415
1715672116.827720,3422426.000,36702,1,TH,1,100,36.376
1715672116.961900,3422554.000,36722,1,TH,1,100,36.376
1715672117.091887,3422678.000,36754,1,TH,1,100,36.392
1715672117.228164,3422808.000,36770,1,TH,1,100,36.392
1715672117.361296,3422935.000,36787,1,TH,1,100,36.321
1715672117.494428,3423062.000,36804,1,TH,1,100,36.321
1715672117.628608,3423190.000,36838,1,TH,1,100,36.358
1715672117.760691,3423316.000,36855,1,TH,1,100,36.358
1715672117.890678,3423440.000,36872,1,TH,1,100,36.475
1715672118.022762,3423566.000,36889,1,TH,1,100,36.475
1715672118.155894,3423693.000,36909,1,TH,1,100,36.342
1715672118.290074,3423821.000,36926,1,TH,1,100,36.342
1715672118.423205,3423948.000,36942,1,TH,1,100,36.392
1715672118.557385,3424076.000,36960,1,TH,1,100,36.400
1715672118.691566,3424204.000,36991,1,TH,1,100,36.362
1715672118.823649,3424330.000,37017,2,TH,1,100,36.355
1715672118.955733,3424456.000,37017,2,TH,1,100,36.344
1715672119.086768,3424581.000,37034,1,TH,1,100,36.344
1715672119.219900,3424708.000,37051,1,TH,1,100,36.403
1715672119.354080,3424836.000,37067,1,TH,1,100,36.403
1715672119.488260,3424964.000,37099,1,TH,1,100,36.365
1715672119.621392,3425091.000,37116,1,TH,1,100,36.365
1715672119.756620,3425220.000,37132,1,TH,1,100,36.307
1715672119.890800,3425348.000,37150,1,TH,1,100,36.314
1715672120.022883,3425474.000,37181,1,TH,1,100,36.356
1715672120.154967,3425600.000,37201,1,TH,1,100,36.348
1715672120.288099,3425727.000,37218,1,TH,1,100,36.344
1715672120.418086,3425851.000,37234,1,TH,1,100,36.344
1715672120.554362,3425981.000,37251,1,TH,1,100,36.403
1715672120.687494,3426108.000,37270,1,TH,1,100,36.403
1715672120.820626,3426235.000,37288,1,TH,1,100,36.388
1715672120.954806,3426363.000,37304,1,TH,1,100,36.388
1715672121.086890,3426489.000,37336,1,TH,1,100,36.406
1715672121.217925,3426614.000,37355,1,TH,1,100,36.406
1715672121.350008,3426740.000,37371,1,TH,1,100,36.388
1715672121.483140,3426867.000,37391,1,TH,1,100,36.388
1715672121.617320,3426995.000,37425,1,TH,1,100,36.365
1715672121.750452,3427122.000,37441,1,TH,1,100,36.365
1715672121.884632,3427250.000,37459,1,TH,1,100,36.362
1715672122.018812,3427378.000,37478,1,TH,1,100,36.362
1715672122.150896,3427504.000,37510,1,TH,1,100,36.314
1715672122.282979,3427630.000,37527,2,TH,1,100,36.314
1715672122.415063,3427756.000,37527,2,TH,1,100,36.388
1715672122.548194,3427883.000,37544,1,TH,1,100,36.388
1715672122.682374,3428011.000,37578,1,TH,1,100,36.385
1715672122.816555,3428139.000,37596,1,TH,1,100,36.385
1715672122.949686,3428266.000,37612,1,TH,1,100,36.348
1715672123.084915,3428395.000,37644,1,TH,1,100,36.348
1715672123.219095,3428523.000,37663,1,TH,1,100,36.296
1715672123.351178,3428649.000,37679,1,TH,1,100,36.296
1715672123.483262,3428775.000,37697,1,TH,1,100,36.358
1715672123.616394,3428902.000,37728,1,TH,1,100,36.358
1715672123.746381,3429026.000,37745,1,TH,1,100,36.312
1715672123.882657,3429156.000,37762,1,TH,1,100,36.312
1715672124.015789,3429283.000,37781,1,TH,1,100,36.328
1715672124.149445,3429410.500,37822,2,TH,1,100,36.328
1715672124.283101,3429538.000,37822,2,TH,1,100,36.374
1715672124.414660,3429663.500,37840,2,TH,1,100,36.374
1715672124.546220,3429789.000,37840,2,TH,1,100,36.424
1715672124.678303,3429915.000,37859,1,TH,1,100,36.424
1715672124.811435,3430042.000,37891,1,TH,1,100,36.411
1715672124.945615,3430170.000,37908,1,TH,1,100,36.411
1715672125.078747,3430297.000,37924,1,TH,1,100,36.333
1715672125.212927,3430425.000,37942,1,TH,1,100,36.333
1715672125.347107,3430553.000,37976,1,TH,1,100,36.319
1715672125.479190,3430679.000,37995,1,TH,1,100,36.319
1715672125.612322,3430806.000,38012,1,TH,1,100,36.420
1715672125.743357,3430931.000,38028,1,TH,1,100,36.420
1715672125.876489,3431058.000,38060,1,TH,1,100,36.310
1715672126.009621,3431185.000,38077,1,TH,1,100,36.310
1715672126.143801,3431313.000,38094,1,TH,1,100,36.383
1715672126.276933,3431440.000,38116,1,TH,1,100,36.383
1715672126.411637,3431568.500,38148,2,TH,1,100,36.344
1715672126.546341,3431697.000,38148,2,TH,1,100,36.344
1715672126.678425,3431823.000,38171,3,TH,1,100,36.376
1715672126.810508,3431949.000,38171,3,TH,1,100,36.376
1715672126.942592,3432075.000,38171,3,TH,1,100,36.319
1715672127.076422,3432202.667,38192,3,TH,1,100,36.319
1715672127.210253,3432330.333,38192,3,TH,1,100,36.287
1715672127.344084,3432458.000,38192,3,TH,1,100,36.287
1715672127.476167,3432584.000,38209,1,TH,1,100,36.399
1715672127.610347,3432712.000,38226,1,TH,1,100,36.399
1715672127.742431,3432838.000,38245,1,TH,1,100,36.438
1715672127.874514,3432964.000,38265,1,TH,1,100,36.438
1715672128.006598,3433090.000,38281,1,TH,1,100,36.303
1715672128.139730,3433217.000,38313,1,TH,1,100,36.303
1715672128.273910,3433345.000,38330,1,TH,1,100,36.374
1715672128.407042,3433472.000,38346,1,TH,1,100,36.374
1715672128.541222,3433600.000,38364,1,TH,1,100,36.266
1715672128.675402,3433728.000,38395,1,TH,1,100,36.266
1715672128.808533,3433855.000,38414,1,TH,1,100,36.365
1715672128.941665,3433982.000,38431,1,TH,1,100,36.365
1715672129.072701,3434107.000,38447,1,TH,1,100,36.438
1715672129.205832,3434234.000,38482,1,TH,1,100,36.438
1715672129.338964,3434361.000,38499,1,TH,1,100,36.369
1715672129.473144,3434489.000,38516,1,TH,1,100,36.369
1715672129.606276,3434616.000,38536,1,TH,1,100,36.337
1715672129.741504,3434745.000,38556,1,TH,1,100,36.337
1715672129.875684,3434873.000,38575,1,TH,1,100,36.406
1715672130.007768,3434999.000,38591,1,TH,1,100,36.406
1715672130.139851,3435125.000,38623,1,TH,1,100,36.300
1715672130.271935,3435251.000,38640,1,TH,1,100,36.301
1715672130.401922,3435375.000,38660,1,TH,1,100,36.468
1715672130.538198,3435505.000,38677,1,TH,1,100,36.468
1715672130.671330,3435632.000,38693,1,TH,1,100,36.346
1715672130.804462,3435759.000,38725,1,TH,1,100,36.346
1715672130.938642,3435887.000,38747,1,TH,1,100,36.374
1715672131.070726,3436013.000,38763,1,TH,1,100,36.374
1715672131.203857,3436140.000,38783,1,TH,1,100,36.316
1715672131.335941,3436266.000,38814,1,TH,1,100,36.316
1715672131.469073,3436393.000,38831,1,TH,1,100,36.337
1715672131.603253,3436521.000,38848,1,TH,1,100,36.337
1715672131.736385,3436648.000,38867,1,TH,1,100,36.383
1715672131.870565,3436776.000,38901,1,TH,1,100,36.383
1715672132.004745,3436904.000,38918,1,TH,1,100,36.392
1715672132.137877,3437031.000,38935,1,TH,1,100,36.392
1715672132.271008,3437158.000,38955,1,TH,1,100,36.337
1715672132.402044,3437283.000,38987,1,TH,1,100,36.337
1715672132.535175,3437410.000,39003,1,TH,1,100,36.326
1715672132.667259,3437536.000,39020,1,TH,1,100,36.326
1715672132.801439,3437664.000,39037,1,TH,1,100,36.314
1715672132.934571,3437791.000,39070,1,TH,1,100,36.314
1715672133.069799,3437920.000,39090,1,TH,1,100,36.305
1715672133.203979,3438048.000,39107,1,TH,1,100,36.305
1715672133.336063,3438174.000,39138,1,TH,1,100,36.305
1715672133.468146,3438300.000,39156,1,TH,1,100,36.305
1715672133.600230,3438426.000,39172,1,TH,1,100,36.369
1715672133.730217,3438550.000,39189,1,TH,1,100,36.377
1715672133.866493,3438680.000,39206,1,TH,1,100,36.422
1715672133.999625,3438807.000,39239,1,TH,1,100,36.415
1715672134.132757,3438934.000,39257,1,TH,1,100,36.388
1715672134.266937,3439062.000,39276,1,TH,1,100,36.388
1715672134.399020,3439188.000,39293,1,TH,1,100,36.328
1715672134.532152,3439315.000,39325,1,TH,1,100,36.328
1715672134.664236,3439441.000,39341,1,TH,1,100,36.342
1715672134.797368,3439568.000,39360,1,TH,1,100,36.342
1715672134.930499,3439695.000,39384,1,TH,1,100,36.388
1715672135.063631,3439822.000,39400,1,TH,1,100,36.395
1715672135.197811,3439950.000,39417,1,TH,1,100,36.299
1715672135.331991,3440078.000,39433,1,TH,1,100,36.299
1715672135.465123,3440205.000,39451,1,TH,1,100,36.400
1715672135.598255,3440332.000,39470,1,TH,1,100,36.400
1715672135.729290,3440457.000,39502,1,TH,1,100,36.358
1715672135.861374,3440583.000,39519,1,TH,1,100,36.358
1715672135.993457,3440709.000,39535,1,TH,1,100,36.328
1715672136.127637,3440837.000,39555,1,TH,1,100,36.328
1715672136.260769,3440964.000,39588,1,TH,1,100,36.358
1715672136.395997,3441093.000,39605,1,TH,1,100,36.358
1715672136.530177,3441221.000,39622,1,TH,1,100,36.374
1715672136.662261,3441347.000,39638,1,TH,1,100,36.367
1715672136.795393,3441474.000,39673,1,TH,1,100,36.348
1715672136.927476,3441600.000,39690,1,TH,1,100,36.356
1715672137.057463,3441724.000,39708,1,TH,1,100,36.404
1715672137.193740,3441854.000,39726,1,TH,1,100,36.404
1715672137.326872,3441981.000,39760,1,TH,1,100,36.314
1715672137.460003,3442108.000,39777,1,TH,1,100,36.314
1715672137.594183,3442236.000,39794,1,TH,1,100,36.381
1715672137.727315,3442363.000,39810,1,TH,1,100,36.381
1715672137.860447,3442490.000,39842,1,TH,1,100,36.418
1715672137.992531,3442616.000,39859,1,TH,1,100,36.411
1715672138.125662,3442743.000,39879,1,TH,1,100,36.328
1715672138.257746,3442869.000,39898,1,TH,1,100,36.335
1715672138.390878,3442996.000,39930,1,TH,1,100,36.379
1715672138.525058,3443124.000,39946,1,TH,1,100,36.379
1715672138.659238,3443252.000,39963,1,TH,1,100,36.393
1715672138.792370,3443379.000,39980,1,TH,1,100,36.393
1715672138.925501,3443506.000,40011,1,TH,1,100,36.395
1715672139.056537,3443631.000,40028,1,TH,1,100,36.395
1715672139.187572,3443756.000,40047,1,TH,1,100,36.409
1715672139.319655,3443882.000,40064,1,TH,1,100,36.409
1715672139.453835,3444010.000,40102,1,TH,1,100,36.358
1715672139.586967,3444137.000,40118,1,TH,1,100,36.358
1715672139.722196,3444266.000,40135,1,TH,1,100,36.354
1715672139.856376,3444394.000,40152,1,TH,1,100,36.354
1715672139.988459,3444520.000,40172,1,TH,1,100,36.384
1715672140.122639,3444648.000,40206,1,TH,1,100,36.384
1715672140.253675,3444773.000,40226,2,TH,1,100,36.358
1715672140.384710,3444898.000,40226,2,TH,1,100,36.358
1715672140.520986,3445028.000,40244,1,TH,1,100,36.386
1715672140.653070,3445154.000,40275,1,TH,1,100,36.386
1715672140.786202,3445281.000,40295,1,TH,1,100,36.322
1715672140.920382,3445409.000,40312,1,TH,1,100,36.322
1715672141.053514,3445536.000,40328,1,TH,1,100,36.370
1715672141.186645,3445663.000,40364,1,TH,1,100,36.370
1715672141.318729,3445789.000,40381,1,TH,1,100,36.347
1715672141.451861,3445916.000,40401,1,TH,1,100,36.347
1715672141.582896,3446041.000,40418,1,TH,1,100,36.390
1715672141.716027,3446168.000,40450,1,TH,1,100,36.390
1715672141.850208,3446296.000,40466,1,TH,1,100,36.365
1715672141.984388,3446424.000,40486,1,TH,1,100,36.365
1715672142.117520,3446551.000,40505,1,TH,1,100,36.473
1715672142.250651,3446678.000,40522,1,TH,1,100,36.473
1715672142.381686,3446803.000,40554,1,TH,1,100,36.377
1715672142.513770,3446929.000,40570,1,TH,1,100,36.377
1715672142.645854,3447055.000,40587,1,TH,1,100,36.422
1715672142.780034,3447183.000,40604,1,TH,1,100,36.422
1715672142.913165,3447310.000,40635,1,TH,1,100,36.375
1715672143.048394,3447439.000,40652,1,TH,1,100,36.375
1715672143.182574,3447567.000,40671,1,TH,1,100,36.404
1715672143.314657,3447693.000,40691,1,TH,1,100,36.404
1715672143.449886,3447822.000,40723,1,TH,1,100,36.400
1715672143.581969,3447948.000,40739,1,TH,1,100,36.400
1715672143.711956,3448072.000,40756,1,TH,1,100,36.452
1715672143.848233,3448202.000,40776,1,TH,1,100,36.452
1715672143.980316,3448328.000,40807,1,TH,1,100,36.344
1715672144.113448,3448455.000,40825,1,TH,1,100,36.345
1715672144.247628,3448583.000,40843,1,TH,1,100,36.335
1715672144.380760,3448710.000,40860,1,TH,1,100,36.335
1715672144.513892,3448837.000,40892,1,TH,1,100,36.395
1715672144.645975,3448963.000,40911,1,TH,1,100,36.395
1715672144.779107,3449090.000,40929,1,TH,1,100,36.400
1715672144.910142,3449215.000,40945,1,TH,1,100,36.400
1715672145.043274,3449342.000,40963,1,TH,1,100,36.411
1715672145.177454,3449470.000,40984,2,TH,1,100,36.411
1715672145.311634,3449598.000,40984,2,TH,1,100,36.377
1715672145.444766,3449725.000,41016,1,TH,1,100,36.377
1715672145.577898,3449852.000,41033,1,TH,1,100,36.395
1715672145.708933,3449977.000,41055,1,TH,1,100,36.395
1715672145.841017,3450103.000,41075,2,TH,1,100,36.289
1715672145.973100,3450229.000,41075,2,TH,1,100,36.289
1715672146.107280,3450357.000,41109,1,TH,1,100,36.386
1715672146.240412,3450484.000,41127,1,TH,1,100,36.386
1715672146.375640,3450613.000,41147,1,TH,1,100,36.443
1715672146.509820,3450741.000,41164,1,TH,1,100,36.443
1715672146.641904,3450867.000,41195,1,TH,1,100,36.335
1715672146.777132,3450996.000,41213,1,TH,1,100,36.335
1715672146.909216,3451122.000,41229,1,TH,1,100,36.361
1715672147.039203,3451246.000,41247,1,TH,1,100,36.361
1715672147.174431,3451375.000,41266,1,TH,1,100,36.384
1715672147.306515,3451501.000,41285,1,TH,1,100,36.384
1715672147.439646,3451628.000,41302,1,TH,1,100,36.416
1715672147.573827,3451756.000,41319,1,TH,1,100,36.416
1715672147.706958,3451883.000,41354,1,TH,1,100,36.317
1715672147.840090,3452010.000,41370,1,TH,1,100,36.317
1715672147.972173,3452136.000,41387,1,TH,1,100,36.338
1715672148.104257,3452262.000,41404,1,TH,1,100,36.338
1715672148.235292,3452387.000,41437,1,TH,1,100,36.363
1715672148.368424,3452514.000,41454,1,TH,1,100,36.363
1715672148.502604,3452642.000,41471,1,TH,1,100,36.384
1715672148.636784,3452770.000,41488,1,TH,1,100,36.384
1715672148.769916,3452897.000,41523,1,TH,1,100,36.379
1715672148.902524,3453023.500,41543,2,TH,1,100,36.379
1715672149.035131,3453150.000,41543,2,TH,1,100,36.413
1715672149.167215,3453276.000,41560,1,TH,1,100,36.413
1715672149.299298,3453402.000,41577,1,TH,1,100,36.438
1715672149.433478,3453530.000,41611,1,TH,1,100,36.438
1715672149.565562,3453656.000,41627,1,TH,1,100,36.375
1715672149.700790,3453785.000,41644,1,TH,1,100,36.375
1715672149.834970,3453913.000,41664,1,TH,1,100,36.393
1715672149.968102,3454040.000,41695,1,TH,1,100,36.393
1715672150.103330,3454169.000,41713,1,TH,1,100,36.363
1715672150.235414,3454295.000,41729,1,TH,1,100,36.363
1715672150.365401,3454419.000,41748,1,TH,1,100,36.494
1715672150.499581,3454547.000,41780,1,TH,1,100,36.494
1715672150.631665,3454673.000,41799,1,TH,1,100,36.365
1715672150.764796,3454800.000,41817,1,TH,1,100,36.365
1715672150.898976,3454928.000,41833,1,TH,1,100,36.333
1715672151.032108,3455055.000,41859,2,TH,1,100,36.333
1715672151.165240,3455182.000,41859,2,TH,1,100,36.402
1715672151.297323,3455308.000,41877,1,TH,1,100,36.402
1715672151.429407,3455434.000,41897,1,TH,1,100,36.361
1715672151.560442,3455559.000,41916,1,TH,1,100,36.361
1715672151.693574,3455686.000,41933,1,TH,1,100,36.365
1715672151.827754,3455814.000,41965,1,TH,1,100,36.365
1715672151.961934,3455942.000,41981,1,TH,1,100,36.423
1715672152.095066,3456069.000,41999,1,TH,1,100,36.423
1715672152.228198,3456196.000,42015,1,TH,1,100,36.333
1715672152.361330,3456323.000,42035,1,TH,1,100,36.333
1715672152.493413,3456449.000,42069,1,TH,1,100,36.361
1715672152.625497,3456575.000,42085,1,TH,1,100,36.361
1715672152.759677,3456703.000,42103,1,TH,1,100,36.347
1715672152.891760,3456829.000,42119,1,TH,1,100,36.347
1715672153.026989,3456958.000,42151,1,TH,1,100,36.391
1715672153.160645,3457085.500,42168,2,TH,1,100,36.391
1715672153.294300,3457213.000,42168,2,TH,1,100,36.375
1715672153.429529,3457342.000,42200,1,TH,1,100,36.375
1715672153.561612,3457468.000,42221,1,TH,1,100,36.370
1715672153.691599,3457592.000,42238,1,TH,1,100,36.370
1715672153.825779,3457720.000,42255,1,TH,1,100,36.319
1715672153.957863,3457846.000,42286,1,TH,1,100,36.319
1715672154.090995,3457973.000,42304,1,TH,1,100,36.363
1715672154.225175,3458101.000,42320,1,TH,1,100,36.363
1715672154.358306,3458228.000,42337,1,TH,1,100,36.386
1715672154.491438,3458355.000,42369,1,TH,1,100,36.393
1715672154.623522,3458481.000,42387,1,TH,1,100,36.379
1715672154.755605,3458607.000,42405,1,TH,1,100,36.379
1715672154.886641,3458732.000,42424,1,TH,1,100,36.423
1715672155.019772,3458859.000,42456,1,TH,1,100,36.416
1715672155.153952,3458987.000,42473,2,TH,1,100,36.379
1715672155.288132,3459115.000,42473,2,TH,1,100,36.379
1715672155.421264,3459242.000,42490,1,TH,1,100,36.365
1715672155.554396,3459369.000,42526,1,TH,1,100,36.365
1715672155.687528,3459496.000,42543,1,TH,1,100,36.384
1715672155.819611,3459622.000,42560,1,TH,1,100,36.384
1715672155.951695,3459748.000,42577,1,TH,1,100,36.384
1715672156.085875,3459876.000,42614,1,TH,1,100,36.384
1715672156.216910,3460001.000,42630,1,TH,1,100,36.294
1715672156.352139,3460130.000,42647,1,TH,1,100,36.294
1715672156.485270,3460257.000,42669,1,TH,1,100,36.367
1715672156.619450,3460385.000,42691,1,TH,1,100,36.375
1715672156.754679,3460514.000,42708,1,TH,1,100,36.336
1715672156.886762,3460640.000,42725,1,TH,1,100,36.336
1715672157.016749,3460764.000,42741,1,TH,1,100,36.377
1715672157.149357,3460890.500,42773,2,TH,1,100,36.370
1715672157.281965,3461017.000,42773,2,TH,1,100,36.397
1715672157.415096,3461144.000,42808,1,TH,1,100,36.405
1715672157.549276,3461272.000,42825,1,TH,1,100,36.382
1715672157.682408,3461399.000,42841,1,TH,1,100,36.382
1715672157.815540,3461526.000,42861,1,TH,1,100,36.423
1715672157.947623,3461652.000,42895,1,TH,1,100,36.416
1715672158.080755,3461779.000,42912,1,TH,1,100,36.397
1715672158.211790,3461904.000,42929,1,TH,1,100,36.397
1715672158.344922,3462031.000,42945,1,TH,1,100,36.434
1715672158.479102,3462159.000,42977,1,TH,1,100,36.434
1715672158.613282,3462287.000,42994,1,TH,1,100,36.338
1715672158.746414,3462414.000,43016,1,TH,1,100,36.338
1715672158.879546,3462541.000,43033,1,TH,1,100,36.384
1715672159.013726,3462669.000,43065,1,TH,1,100,36.391
1715672159.145809,3462795.000,43082,2,TH,1,100,36.469
1715672159.277893,3462921.000,43082,2,TH,1,100,36.462
1715672159.411374,3463048.333,43101,3,TH,1,100,36.379
1715672159.544855,3463175.667,43101,3,TH,1,100,36.379
1715672159.678337,3463303.000,43101,3,TH,1,100,36.368
1715672159.812866,3463431.333,43124,3,TH,1,100,36.375
1715672159.947396,3463559.667,43124,3,TH,1,100,36.375
1715672160.081925,3463688.000,43124,3,TH,1,100,36.368
1715672160.211912,3463812.000,43140,1,TH,1,100,36.423
1715672160.341899,3463936.000,43158,1,TH,1,100,36.430
1715672160.475031,3464063.000,43177,1,TH,1,100,36.327
1715672160.607114,3464189.000,43194,1,TH,1,100,36.319
1715672160.740246,3464316.000,43226,1,TH,1,100,36.292
1715672160.874426,3464444.000,43244,1,TH,1,100,36.299
1715672161.007558,3464571.000,43261,1,TH,1,100,36.460
1715672161.140690,3464698.000,43280,1,TH,1,100,36.460
1715672161.273822,3464825.000,43300,1,TH,1,100,36.473
1715672161.406953,3464952.000,43332,1,TH,1,100,36.473
1715672161.537989,3465077.000,43348,1,TH,1,100,36.331
1715672161.671120,3465204.000,43365,1,TH,1,100,36.331
1715672161.805300,3465332.000,43393,1,TH,1,100,36.409
1715672161.939481,3465460.000,43409,1,TH,1,100,36.409
1715672162.072612,3465587.000,43426,1,TH,1,100,36.363
1715672162.205744,3465714.000,43442,1,TH,1,100,36.363
1715672162.339924,3465842.000,43459,1,TH,1,100,36.341
1715672162.472008,3465968.000,43476,1,TH,1,100,36.341
1715672162.604091,3466094.000,43510,1,TH,1,100,36.375
1715672162.737223,3466221.000,43530,1,TH,1,100,36.375
1715672162.868258,3466346.000,43546,1,TH,1,100,36.336
1715672163.003487,3466475.000,43563,1,TH,1,100,36.336
1715672163.136618,3466602.000,43598,1,TH,1,100,36.458
1715672163.269750,3466729.000,43614,1,TH,1,100,36.458
1715672163.404979,3466858.000,43632,1,TH,1,100,36.361
1715672163.537062,3466984.000,43648,1,TH,1,100,36.361
1715672163.667049,3467108.000,43680,1,TH,1,100,36.407
1715672163.800181,3467235.000,43700,1,TH,1,100,36.407
1715672163.932264,3467361.000,43718,1,TH,1,100,36.313
1715672164.065396,3467488.000,43736,1,TH,1,100,36.313
1715672164.199576,3467616.000,43767,1,TH,1,100,36.428
1715672164.332708,3467743.000,43787,1,TH,1,100,36.428
1715672164.465840,3467870.000,43804,1,TH,1,100,36.501
1715672164.598972,3467997.000,43820,1,TH,1,100,36.501
1715672164.732103,3468124.000,43854,1,TH,1,100,36.437
1715672164.863139,3468249.000,43871,1,TH,1,100,36.437
1715672164.996270,3468376.000,43887,1,TH,1,100,36.388
1715672165.129402,3468503.000,43905,1,TH,1,100,36.388
1715672165.263582,3468631.000,43924,1,TH,1,100,36.501
1715672165.396714,3468758.000,43956,1,TH,1,100,36.501
1715672165.529846,3468885.000,43973,1,TH,1,100,36.354
1715672165.664026,3469013.000,43992,1,TH,1,100,36.354
1715672165.796109,3469139.000,44012,1,TH,1,100,36.389
1715672165.928193,3469265.000,44043,1,TH,1,100,36.389
1715672166.060277,3469391.000,44060,1,TH,1,100,36.382
1715672166.191312,3469516.000,44079,1,TH,1,100,36.382
1715672166.326540,3469645.000,44095,1,TH,1,100,36.368
1715672166.459672,3469772.000,44130,1,TH,1,100,36.368
1715672166.592804,3469899.000,44147,1,TH,1,100,36.336
1715672166.728032,3470028.000,44164,1,TH,1,100,36.336
1715672166.860116,3470154.000,44197,1,TH,1,100,36.423
1715672166.991151,3470279.000,44218,1,TH,1,100,36.423
1715672167.123758,3470405.500,44239,2,TH,1,100,36.354
1715672167.256366,3470532.000,44239,2,TH,1,100,36.354
1715672167.389498,3470659.000,44256,1,TH,1,100,36.302
1715672167.523678,3470787.000,44273,1,TH,1,100,36.302
1715672167.656810,3470914.000,44310,1,TH,1,100,36.359
1715672167.789942,3471041.000,44326,1,TH,1,100,36.359
1715672167.924122,3471169.000,44343,1,TH,1,100,36.432
1715672168.057253,3471296.000,44360,1,TH,1,100,36.432
1715672168.188288,3471421.000,44391,1,TH,1,100,36.377
1715672168.321420,3471548.000,44409,1,TH,1,100,36.377
1715672168.454552,3471675.000,44425,1,TH,1,100,36.418
1715672168.588732,3471803.000,44442,1,TH,1,100,36.418
1715672168.721864,3471930.000,44476,1,TH,1,100,36.361
1715672168.854996,3472057.000,44492,1,TH,1,100,36.361
1715672168.989176,3472185.000,44512,1,TH,1,100,36.423
1715672169.121259,3472311.000,44529,1,TH,1,100,36.423
1715672169.253343,3472437.000,44560,1,TH,1,100,36.423
1715672169.385426,3472563.000,44578,1,TH,1,100,36.423
1715672169.516462,3472688.000,44597,1,TH,1,100,36.398
1715672169.651690,3472817.000,44614,1,TH,1,100,36.398
1715672169.784822,3472944.000,44633,1,TH,1,100,36.426
1715672169.917953,3473071.000,44664,1,TH,1,100,36.426
1715672170.053182,3473200.000,44682,1,TH,1,100,36.467
1715672170.185266,3473326.000,44698,1,TH,1,100,36.467
1715672170.316301,3473451.000,44733,1,TH,1,100,36.265
1715672170.449432,3473578.000,44750,1,TH,1,100,36.265
1715672170.581516,3473704.000,44766,1,TH,1,100,36.432
1715672170.714648,3473831.000,44786,1,TH,1,100,36.432
1715672170.848828,3473959.000,44820,1,TH,1,100,36.373
1715672170.981960,3474086.000,44837,1,TH,1,100,36.373
1715672171.115091,3474213.000,44856,1,TH,1,100,36.412
1715672171.250320,3474342.000,44872,1,TH,1,100,36.412
1715672171.383451,3474469.000,44904,1,TH,1,100,36.352
1715672171.514487,3474594.000,44924,1,TH,1,100,36.352
1715672171.648667,3474722.000,44943,1,TH,1,100,36.444
1715672171.780750,3474848.000,44960,1,TH,1,100,36.444
1715672171.914930,3474976.000,44976,1,TH,1,100,36.423
1715672172.048062,3475103.000,45011,1,TH,1,100,36.423
1715672172.181194,3475230.000,45028,1,TH,1,100,36.345
1715672172.315374,3475358.000,45044,1,TH,1,100,36.345
1715672172.447458,3475484.000,45062,1,TH,1,100,36.412
1715672172.579541,3475610.000,45084,1,TH,1,100,36.412
1715672172.711625,3475736.000,45102,1,TH,1,100,36.371
1715672172.842660,3475861.000,45123,1,TH,1,100,36.371
1715672172.977888,3475990.000,45140,1,TH,1,100,36.467
1715672173.111020,3476117.000,45172,1,TH,1,100,36.467
1715672173.244152,3476244.000,45188,1,TH,1,100,36.380
1715672173.379380,3476373.000,45206,1,TH,1,100,36.380
1715672173.511464,3476499.000,45240,1,TH,1,100,36.384
1715672173.643547,3476625.000,45257,1,TH,1,100,36.384
1715672173.776679,3476752.000,45274,1,TH,1,100,36.371
1715672173.908762,3476878.000,45292,1,TH,1,100,36.371
1715672174.041894,3477005.000,45327,1,TH,1,100,36.407
1715672174.176074,3477133.000,45344,1,TH,1,100,36.407
1715672174.309206,3477260.000,45360,1,TH,1,100,36.329
1715672174.442338,3477387.000,45378,1,TH,1,100,36.329
1715672174.577566,3477516.000,45412,1,TH,1,100,36.393
1715672174.710698,3477643.000,45429,1,TH,1,100,36.393
1715672174.841733,3477768.000,45446,1,TH,1,100,36.430
1715672174.973817,3477894.000,45462,1,TH,1,100,36.430
1715672175.105900,3478020.000,45496,1,TH,1,100,36.345
1715672175.240080,3478148.000,45513,1,TH,1,100,36.345
1715672175.373212,3478275.000,45530,1,TH,1,100,36.363
1715672175.506344,3478402.000,45550,1,TH,1,100,36.363
1715672175.640524,3478530.000,45582,1,TH,1,100,36.478
1715672175.772608,3478656.000,45598,1,TH,1,100,36.478
1715672175.904691,3478782.000,45615,1,TH,1,100,36.421
1715672176.036775,3478908.000,45632,1,TH,1,100,36.421
1715672176.167810,3479033.000,45667,1,TH,1,100,36.371
1715672176.303038,3479162.000,45685,1,TH,1,100,36.371
1715672176.436170,3479289.000,45701,1,TH,1,100,36.384
1715672176.569302,3479416.000,45718,1,TH,1,100,36.384
1715672176.704530,3479545.000,45753,1,TH,1,100,36.403
1715672176.837662,3479672.000,45769,1,TH,1,100,36.403
1715672176.970794,3479799.000,45787,1,TH,1,100,36.386
1715672177.103925,3479926.000,45805,1,TH,1,100,36.386
1715672177.236009,3480052.000,45822,1,TH,1,100,36.412
1715672177.368093,3480178.000,45854,1,TH,1,100,36.412
1715672177.502273,3480306.000,45870,1,TH,1,100,36.444
1715672177.635404,3480433.000,45887,1,TH,1,100,36.444
1715672177.768536,3480560.000,45905,1,TH,1,100,36.444
1715672177.902716,3480688.000,45931,2,TH,1,100,36.444
1715672178.036896,3480816.000,45931,2,TH,1,100,36.348
1715672178.167932,3480941.000,45949,1,TH,1,100,36.348
1715672178.300015,3481067.000,45967,1,TH,1,100,36.371
1715672178.432099,3481193.000,45983,1,TH,1,100,36.371
1715672178.566279,3481321.000,46003,1,TH,1,100,36.348
1715672178.699410,3481448.000,46020,1,TH,1,100,36.348
1715672178.832542,3481575.000,46051,1,TH,1,100,36.343
1715672178.966722,3481703.000,46069,1,TH,1,100,36.343
1715672179.098806,3481829.000,46085,1,TH,1,100,36.375
1715672179.232986,3481957.000,46102,1,TH,1,100,36.375
1715672179.365069,3482083.000,46139,1,TH,1,100,36.444
1715672179.496105,3482208.000,46155,1,TH,1,100,36.444
1715672179.630285,3482336.000,46172,1,TH,1,100,36.401
1715672179.763417,3482463.000,46189,1,TH,1,100,36.401
1715672179.896548,3482590.000,46223,1,TH,1,100,36.393
1715672180.031777,3482719.000,46241,1,TH,1,100,36.393
1715672180.164908,3482846.000,46257,1,TH,1,100,36.355
1715672180.298040,3482973.000,46276,1,TH,1,100,36.355
1715672180.431172,3483100.000,46308,1,TH,1,100,36.426
1715672180.563256,3483226.000,46327,1,TH,1,100,36.426
1715672180.694291,3483351.000,46345,1,TH,1,100,36.416
1715672180.828471,3483479.000,46361,1,TH,1,100,36.424
1715672180.961603,3483606.000,46393,1,TH,1,100,36.481
1715672181.094734,3483733.000,46412,1,TH,1,100,36.474
1715672181.229963,3483862.000,46430,1,TH,1,100,36.471
1715672181.363095,3483989.000,46448,1,TH,1,100,36.471
1715672181.495178,3484115.000,46479,1,TH,1,100,36.458
1715672181.627262,3484241.000,46496,1,TH,1,100,36.458
1715672181.759345,3484367.000,46513,1,TH,1,100,36.426
1715672181.893525,3484495.000,46532,1,TH,1,100,36.426
1715672182.026657,3484622.000,46564,1,TH,1,100,36.403
1715672182.159789,3484749.000,46581,1,TH,1,100,36.403
1715672182.293969,3484877.000,46600,1,TH,1,100,36.423
1715672182.427101,3485004.000,46620,1,TH,1,100,36.423
1715672182.561281,3485132.000,46651,1,TH,1,100,36.382
1715672182.693364,3485258.000,46668,1,TH,1,100,36.390
1715672182.824399,3485383.000,46685,1,TH,1,100,36.378
1715672182.957531,3485510.000,46701,1,TH,1,100,36.378
1715672183.090663,3485637.000,46736,1,TH,1,100,36.419
1715672183.223795,3485764.000,46753,1,TH,1,100,36.412
1715672183.359023,3485893.000,46775,1,TH,1,100,36.391
1715672183.492155,3486020.000,46792,1,TH,1,100,36.391
1715672183.625287,3486147.000,46809,1,TH,1,100,36.419
1715672183.758419,3486274.000,46826,1,TH,1,100,36.426
1715672183.889454,3486399.000,46842,1,TH,1,100,36.362
1715672184.020489,3486524.000,46874,1,TH,1,100,36.355
1715672184.154669,3486652.000,46891,1,TH,1,100,36.405
1715672184.287801,3486779.000,46907,1,TH,1,100,36.405
1715672184.420933,3486906.000,46930,1,TH,1,100,36.426
1715672184.556161,3487035.000,46961,1,TH,1,100,36.433
1715672184.689293,3487162.000,46978,1,TH,1,100,36.334
1715672184.821376,3487288.000,46995,1,TH,1,100,36.327
1715672184.953460,3487414.000,47014,1,TH,1,100,36.428
1715672185.085543,3487540.000,47046,1,TH,1,100,36.435
1715672185.219723,3487668.000,47063,1,TH,1,100,36.318
1715672185.352855,3487795.000,47080,1,TH,1,100,36.311
1715672185.485987,3487922.000,47099,1,TH,1,100,36.398
1715672185.620167,3488050.000,47134,1,TH,1,100,36.405
1715672185.754347,3488178.000,47150,1,TH,1,100,36.456
1715672185.888527,3488306.000,47167,1,TH,1,100,36.456
1715672186.020611,3488432.000,47184,1,TH,1,100,36.392
1715672186.151646,3488557.000,47220,1,TH,1,100,36.392
1715672186.283729,3488683.000,47238,1,TH,1,100,36.502
1715672186.416861,3488810.000,47254,1,TH,1,100,36.502
1715672186.549993,3488937.000,47273,1,TH,1,100,36.447
1715672186.685221,3489066.000,47305,1,TH,1,100,36.439
1715672186.818353,3489193.000,47321,1,TH,1,100,36.403
1715672186.951485,3489320.000,47338,1,TH,1,100,36.403
1715672187.084617,3489447.000,47358,1,TH,1,100,36.405
1715672187.216700,3489573.000,47389,1,TH,1,100,36.405
1715672187.347735,3489698.000,47407,1,TH,1,100,36.421
1715672187.481915,3489826.000,47425,1,TH,1,100,36.421
1715672187.615047,3489953.000,47442,1,TH,1,100,36.378
1715672187.748179,3490080.000,47477,1,TH,1,100,36.385
1715672187.883408,3490209.000,47493,1,TH,1,100,36.492
1715672188.016539,3490336.000,47511,1,TH,1,100,36.492
1715672188.150719,3490464.000,47527,1,TH,1,100,36.371
1715672188.282803,3490590.000,47562,1,TH,1,100,36.363
1715672188.414886,3490716.000,47579,1,TH,1,100,36.437
1715672188.548018,3490843.000,47597,1,TH,1,100,36.437
1715672188.681150,3490970.000,47615,1,TH,1,100,36.437
1715672188.814282,3491097.000,47635,1,TH,1,100,36.445
1715672188.948462,3491225.000,47651,1,TH,1,100,36.412
1715672189.082642,3491353.000,47669,1,TH,1,100,36.405
1715672189.216822,3491481.000,47685,1,TH,1,100,36.393
1715672189.348906,3491607.000,47717,1,TH,1,100,36.401
1715672189.479941,3491732.000,47737,1,TH,1,100,36.472
1715672189.610976,3491857.000,47755,1,TH,1,100,36.472
1715672189.744108,3491984.000,47773,1,TH,1,100,36.367
1715672189.877239,3492111.000,47804,1,TH,1,100,36.367
1715672190.012468,3492240.000,47821,1,TH,1,100,36.444
1715672190.145600,3492367.000,47838,1,TH,1,100,36.444
1715672190.278732,3492494.000,47854,1,TH,1,100,36.419
1715672190.411863,3492621.000,47886,1,TH,1,100,36.419
1715672190.543947,3492747.000,47903,1,TH,1,100,36.428
1715672190.674982,3492872.000,47922,1,TH,1,100,36.428
1715672190.809162,3493000.000,47939,1,TH,1,100,36.392
1715672190.942294,3493127.000,47974,1,TH,1,100,36.392
1715672191.075426,3493254.000,47992,1,TH,1,100,36.298
1715672191.210654,3493383.000,48009,1,TH,1,100,36.298
1715672191.344834,3493511.000,48029,1,TH,1,100,36.490
1715672191.479014,3493639.000,48060,1,TH,1,100,36.490
1715672191.611098,3493765.000,48077,1,TH,1,100,36.373
1715672191.743181,3493891.000,48094,1,TH,1,100,36.373
1715672191.875265,3494017.000,48113,1,TH,1,100,36.435
1715672192.008396,3494144.000,48145,1,TH,1,100,36.435
1715672192.141528,3494271.000,48164,1,TH,1,100,36.412
1715672192.275708,3494399.000,48181,1,TH,1,100,36.412
1715672192.409889,3494527.000,48213,1,TH,1,100,36.433
1715672192.544069,3494655.000,48229,1,TH,1,100,36.433
1715672192.676152,3494781.000,48250,1,TH,1,100,36.337
1715672192.807187,3494906.000,48268,1,TH,1,100,36.337
1715672192.938222,3495031.000,48300,1,TH,1,100,36.467
1715672193.071354,3495158.000,48317,1,TH,1,100,36.467
1715672193.204486,3495285.000,48333,1,TH,1,100,36.373
1715672193.339714,3495414.000,48351,1,TH,1,100,36.373
1715672193.472846,3495541.000,48385,1,TH,1,100,36.417
1715672193.605978,3495668.000,48402,1,TH,1,100,36.417
1715672193.740158,3495796.000,48419,1,TH,1,100,36.371
1715672193.872241,3495922.000,48437,1,TH,1,100,36.371
1715672194.003277,3496047.000,48458,1,TH,1,100,36.396
1715672194.137457,3496175.000,48478,1,TH,1,100,36.396
1715672194.269540,3496301.000,48495,1,TH,1,100,36.341
1715672194.402672,3496428.000,48512,1,TH,1,100,36.341
1715672194.537900,3496557.000,48528,1,TH,1,100,36.362
1715672194.672081,3496685.000,48563,1,TH,1,100,36.362
1715672194.806261,3496813.000,48580,1,TH,1,100,36.460
1715672194.938344,3496939.000,48598,1,TH,1,100,36.460
1715672195.070428,3497065.000,48616,1,TH,1,100,36.424
1715672195.201463,3497190.000,48647,1,TH,1,100,36.424
1715672195.334595,3497317.000,48667,1,TH,1,100,36.431
1715672195.467726,3497444.000,48684,1,TH,1,100,36.431
1715672195.601907,3497572.000,48700,1,TH,1,100,36.367
1715672195.736087,3497700.000,48718,1,TH,1,100,36.367
1715672195.870267,3497828.000,48749,1,TH,1,100,36.374
1715672196.002350,3497954.000,48771,1,TH,1,100,36.374
1715672196.135482,3498081.000,48790,1,TH,1,100,36.463
1715672196.266517,3498206.000,48806,1,TH,1,100,36.463
1715672196.399649,3498333.000,48841,1,TH,1,100,36.401
1715672196.532781,3498460.000,48858,1,TH,1,100,36.401
1715672196.668009,3498589.000,48875,1,TH,1,100,36.300
1715672196.801141,3498716.000,48892,1,TH,1,100,36.300
1715672196.934273,3498843.000,48924,1,TH,1,100,36.481
1715672197.070549,3498973.000,48940,1,TH,1,100,36.481
1715672197.202633,3499099.000,48959,1,TH,1,100,36.387
1715672197.333668,3499224.000,48979,1,TH,1,100,36.387
1715672197.465752,3499350.000,49010,1,TH,1,100,36.405
1715672197.597835,3499476.000,49028,1,TH,1,100,36.405
1715672197.730967,3499603.000,49044,1,TH,1,100,36.355
1715672197.866195,3499732.000,49064,1,TH,1,100,36.355
1715672198.000376,3499860.000,49096,1,TH,1,100,36.387
1715672198.134556,3499988.000,49112,1,TH,1,100,36.387
1715672198.267687,3500115.000,49131,1,TH,1,100,36.412
1715672198.399771,3500241.000,49148,1,TH,1,100,36.412
1715672198.529758,3500365.000,49182,1,TH,1,100,36.396
1715672198.662889,3500492.000,49200,1,TH,1,100,36.396
1715672198.796021,3500619.000,49216,1,TH,1,100,36.419
1715672198.930201,3500747.000,49233,1,TH,1,100,36.419
1715672199.064381,3500875.000,49268,1,TH,1,100,36.337
1715672199.198561,3501003.000,49284,1,TH,1,100,36.337
1715672199.331693,3501130.000,49304,1,TH,1,100,36.360
1715672199.464825,3501257.000,49326,1,TH,1,100,36.360
1715672199.595860,3501382.000,49342,1,TH,1,100,36.373
1715672199.728992,3501509.000,49359,1,TH,1,100,36.373
1715672199.861076,3501635.000,49378,1,TH,1,100,36.295
1715672199.996304,3501764.000,49396,1,TH,1,100,36.295
1715672200.129436,3501891.000,49412,1,TH,1,100,36.380
1715672200.263616,3502019.000,49444,1,TH,1,100,36.380
1715672200.399893,3502149.000,49466,1,TH,1,100,36.348
1715672200.531976,3502275.000,49482,1,TH,1,100,36.348
1715672200.663011,3502400.000,49514,1,TH,1,100,36.380
1715672200.794046,3502525.000,49531,1,TH,1,100,36.380
1715672200.926130,3502651.000,49547,1,TH,1,100,36.467
1715672201.059262,3502778.000,49570,1,TH,1,100,36.467
1715672201.194490,3502907.000,49586,1,TH,1,100,36.399
1715672201.328670,3503035.000,49618,1,TH,1,100,36.399
1715672201.462850,3503163.000,49637,1,TH,1,100,36.426
1715672201.594934,3503289.000,49656,1,TH,1,100,36.426
1715672201.728065,3503416.000,49674,1,TH,1,100,36.472
1715672201.858052,3503540.000,49705,1,TH,1,100,36.472
1715672201.991184,3503667.000,49722,1,TH,1,100,36.412
1715672202.124316,3503794.000,49739,1,TH,1,100,36.412
1715672202.258496,3503922.000,49755,1,TH,1,100,36.295
1715672202.392676,3504050.000,49792,1,TH,1,100,36.295
1715672202.526856,3504178.000,49809,1,TH,1,100,36.419
1715672202.661036,3504306.000,49826,1,TH,1,100,36.419
1715672202.794168,3504433.000,49843,1,TH,1,100,36.458
1715672202.925203,3504558.000,49878,1,TH,1,100,36.458
1715672203.057287,3504684.000,49894,1,TH,1,100,36.440
1715672203.189370,3504810.000,49911,1,TH,1,100,36.440
1715672203.324599,3504939.000,49928,1,TH,1,100,36.458
1715672203.457731,3505066.000,49961,1,TH,1,100,36.458
1715672203.591911,3505194.000,49979,1,TH,1,100,36.437
1715672203.728187,3505324.000,49998,1,TH,1,100,36.437
1715672203.860271,3505450.000,50015,1,TH,1,100,36.378
1715672203.991306,3505575.000,50047,1,TH,1,100,36.378
1715672204.122341,3505700.000,50063,1,TH,1,100,36.300
1715672204.254425,3505826.000,50080,1,TH,1,100,36.300
1715672204.387557,3505953.000,50100,1,TH,1,100,36.422
1715672204.522785,3506082.000,50117,1,TH,1,100,36.422
1715672204.656965,3506210.000,50151,1,TH,1,100,36.437
1715672204.790097,3506337.000,50173,2,TH,1,100,36.437
1715672204.923229,3506464.000,50173,2,TH,1,100,36.412
1715672205.056360,3506591.000,50193,1,TH,1,100,36.412
1715672205.186347,3506715.000,50210,1,TH,1,100,36.440
1715672205.319479,3506842.000,50227,1,TH,1,100,36.440
1715672205.452611,3506969.000,50244,1,TH,1,100,36.339
1715672205.586791,3507097.000,50278,1,TH,1,100,36.339
1715672205.720971,3507225.000,50294,1,TH,1,100,36.362
1715672205.855151,3507353.000,50311,1,TH,1,100,36.362
1715672205.989331,3507481.000,50345,1,TH,1,100,36.424
1715672206.122463,3507608.000,50361,1,TH,1,100,36.424
1715672206.253498,3507733.000,50382,1,TH,1,100,36.382
1715672206.385582,3507859.000,50398,1,TH,1,100,36.382
1715672206.517665,3507985.000,50415,1,TH,1,100,36.456
1715672206.652894,3508114.000,50449,1,TH,1,100,36.456
1715672206.786025,3508241.000,50468,1,TH,1,100,36.380
1715672206.920205,3508369.000,50485,1,TH,1,100,36.380
1715672207.056482,3508499.000,50502,1,TH,1,100,36.396
1715672207.188565,3508625.000,50533,1,TH,1,100,36.396
1715672207.319601,3508750.000,50551,1,TH,1,100,36.412
1715672207.450636,3508875.000,50567,1,TH,1,100,36.412
1715672207.582720,3509001.000,50587,1,TH,1,100,36.394
1715672207.715851,3509128.000,50621,1,TH,1,100,36.394
1715672207.851080,3509257.000,50637,1,TH,1,100,36.415
1715672207.985260,3509385.000,50655,1,TH,1,100,36.415
1715672208.119440,3509513.000,50674,1,TH,1,100,36.376
1715672208.251523,3509639.000,50706,1,TH,1,100,36.376
1715672208.385704,3509767.000,50723,1,TH,1,100,36.495
1715672208.515690,3509891.000,50739,1,TH,1,100,36.495
1715672208.648822,3510018.000,50757,1,TH,1,100,36.408
1715672208.781954,3510145.000,50778,1,TH,1,100,36.408
1715672208.916134,3510273.000,50810,1,TH,1,100,36.341
1715672209.050314,3510401.000,50827,1,TH,1,100,36.341
1715672209.184494,3510529.000,50843,1,TH,1,100,36.426
1715672209.318674,3510657.000,50864,1,TH,1,100,36.426
1715672209.451806,3510784.000,50895,1,TH,1,100,36.419
1715672209.582841,3510909.000,50912,1,TH,1,100,36.419
1715672209.714925,3511035.000,50929,1,TH,1,100,36.408
1715672209.847008,3511161.000,50948,1,TH,1,100,36.408
1715672209.982237,3511290.000,50965,1,TH,1,100,36.394
1715672210.115368,3511417.000,50985,1,TH,1,100,36.394
1715672210.249548,3511545.000,51007,1,TH,1,100,36.470
1715672210.385825,3511675.000,51024,1,TH,1,100,36.470
1715672210.516860,3511800.000,51040,1,TH,1,100,36.481
1715672210.648944,3511926.000,51058,1,TH,1,100,36.481
1715672210.779979,3512051.000,51074,1,TH,1,100,36.380
1715672210.912063,3512177.000,51112,1,TH,1,100,36.380
1715672211.045194,3512304.000,51130,1,TH,1,100,36.399
1715672211.180423,3512433.000,51146,1,TH,1,100,36.399
1715672211.314603,3512561.000,51167,1,TH,1,100,36.470
1715672211.448783,3512689.000,51183,1,TH,1,100,36.470
1715672211.581915,3512816.000,51215,1,TH,1,100,36.458
1715672211.716095,3512944.000,51232,1,TH,1,100,36.458
1715672211.846082,3513068.000,51251,1,TH,1,100,36.424
1715672211.979213,3513195.000,51271,1,TH,1,100,36.424
1715672212.111297,3513321.000,51302,1,TH,1,100,36.454
1715672212.245477,3513449.000,51319,1,TH,1,100,36.454
1715672212.379657,3513577.000,51336,1,TH,1,100,36.367
1715672212.513837,3513705.000,51352,1,TH,1,100,36.367
1715672212.648017,3513833.000,51387,1,TH,1,100,36.440
1715672212.781149,3513960.000,51404,1,TH,1,100,36.440
1715672212.912184,3514085.000,51420,1,TH,1,100,36.447
1715672213.043220,3514210.000,51440,1,TH,1,100,36.447
1715672213.175303,3514336.000,51474,1,TH,1,100,36.412
1715672213.310531,3514465.000,51491,1,TH,1,100,36.412
1715672213.443663,3514592.000,51508,1,TH,1,100,36.403
1715672213.577843,3514720.000,51524,1,TH,1,100,36.403
1715672213.714120,3514850.000,51542,1,TH,1,100,36.475
1715672213.845155,3514975.000,51576,1,TH,1,100,36.475
1715672213.977239,3515101.000,51593,1,TH,1,100,36.458
1715672214.108274,3515226.000,51612,1,TH,1,100,36.458
1715672214.240357,3515352.000,51628,1,TH,1,100,36.390
1715672214.373489,3515479.000,51646,1,TH,1,100,36.390
1715672214.508718,3515608.000,51680,1,TH,1,100,36.403
1715672214.642898,3515736.000,51697,1,TH,1,100,36.403
1715672214.777078,3515864.000,51714,1,TH,1,100,36.408
1715672214.911258,3515992.000,51730,1,TH,1,100,36.408
1715672215.045438,3516120.000,51762,1,TH,1,100,36.385
1715672215.175425,3516244.000,51784,1,TH,1,100,36.385
1715672215.308557,3516371.000,51801,1,TH,1,100,36.426
1715672215.439592,3516496.000,51818,1,TH,1,100,36.426
1715672215.573772,3516624.000,51853,2,TH,1,100,36.344
1715672215.707952,3516752.000,51853,2,TH,1,100,36.344
1715672215.842132,3516880.000,51871,1,TH,1,100,36.353
1715672215.976312,3517008.000,51905,1,TH,1,100,36.353
1715672216.109444,3517135.000,51922,1,TH,1,100,36.438
1715672216.240479,3517260.000,51938,1,TH,1,100,36.438
1715672216.370466,3517384.000,51958,1,TH,1,100,36.463
1715672216.502550,3517510.000,51992,1,TH,1,100,36.463
1715672216.637778,3517639.000,52009,1,TH,1,100,36.465
1715672216.770910,3517766.000,52026,1,TH,1,100,36.465
1715672216.905090,3517894.000,52042,1,TH,1,100,36.461
1715672217.041367,3518024.000,52074,1,TH,1,100,36.461
1715672217.172402,3518149.000,52091,1,TH,1,100,36.449
1715672217.305533,3518276.000,52108,1,TH,1,100,36.449
1715672217.436569,3518401.000,52127,1,TH,1,100,36.449
1715672217.568652,3518527.000,52159,1,TH,1,100,36.449
1715672217.701784,3518654.000,52175,1,TH,1,100,36.382
1715672217.837012,3518783.000,52195,1,TH,1,100,36.382
1715672217.971192,3518911.000,52212,1,TH,1,100,36.403
1715672218.105372,3519039.000,52229,1,TH,1,100,36.403
1715672218.238504,3519166.000,52261,1,TH,1,100,36.500
1715672218.372684,3519294.000,52279,1,TH,1,100,36.499
1715672218.502671,3519418.000,52296,1,TH,1,100,36.364
1715672218.635803,3519545.000,52313,1,TH,1,100,36.364
1715672218.766838,3519670.000,52344,1,TH,1,100,36.417
1715672218.901018,3519798.000,52364,1,TH,1,100,36.417
1715672219.035198,3519926.000,52381,1,TH,1,100,36.470
1715672219.169379,3520054.000,52401,1,TH,1,100,36.470
1715672219.303559,3520182.000,52433,1,TH,1,100,36.447
1715672219.436691,3520309.000,52451,1,TH,1,100,36.447
1715672219.568774,3520435.000,52468,1,TH,1,100,36.369
1715672219.698761,3520559.000,52488,1,TH,1,100,36.369
1715672219.830844,3520685.000,52519,1,TH,1,100,36.467
1715672219.966073,3520814.000,52537,1,TH,1,100,36.467
1715672220.099205,3520941.000,52553,1,TH,1,100,36.490
1715672220.233385,3521069.000,52570,1,TH,1,100,36.490
1715672220.369661,3521199.000,52605,1,TH,1,100,36.454
1715672220.500696,3521324.000,52621,1,TH,1,100,36.454
1715672220.634876,3521452.000,52641,1,TH,1,100,36.447
1715672220.765912,3521577.000,52657,1,TH,1,100,36.447
1715672220.897471,3521702.500,52698,2,TH,1,100,36.408
1715672221.029031,3521828.000,52698,2,TH,1,100,36.408
1715672221.164259,3521957.000,52717,1,TH,1,100,36.348
1715672221.298439,3522085.000,52734,1,TH,1,100,36.348
1715672221.432619,3522213.000,52765,1,TH,1,100,36.433
1715672221.565751,3522340.000,52785,1,TH,1,100,36.433
1715672221.699931,3522468.000,52804,1,TH,1,100,36.392
1715672221.829918,3522592.000,52821,1,TH,1,100,36.392
1715672221.960953,3522717.000,52853,1,TH,1,100,36.360
1715672222.091988,3522842.000,52872,1,TH,1,100,36.360
1715672222.226168,3522970.000,52890,1,TH,1,100,36.474
1715672222.360348,3523098.000,52906,1,TH,1,100,36.474
1715672222.494529,3523226.000,52925,1,TH,1,100,36.350
1715672222.628709,3523354.000,52957,1,TH,1,100,36.350
1715672222.761840,3523481.000,52973,1,TH,1,100,36.502
1715672222.894972,3523608.000,52990,1,TH,1,100,36.502
1715672223.024959,3523732.000,53007,1,TH,1,100,36.522
1715672223.157043,3523858.000,53040,1,TH,1,100,36.522
1715672223.292271,3523987.000,53058,1,TH,1,100,36.401
1715672223.425403,3524114.000,53074,1,TH,1,100,36.401
1715672223.559583,3524242.000,53097,1,TH,1,100,36.318
1715672223.695859,3524372.000,53114,1,TH,1,100,36.318
1715672223.827943,3524498.000,53145,1,TH,1,100,36.460
1715672223.962123,3524626.000,53163,1,TH,1,100,36.460
1715672224.093158,3524751.000,53179,1,TH,1,100,36.467
1715672224.225242,3524877.000,53196,1,TH,1,100,36.467
1715672224.355229,3525001.000,53216,1,TH,1,100,36.408
1715672224.490457,3525130.000,53249,1,TH,1,100,36.408
1715672224.624637,3525258.000,53267,1,TH,1,100,36.364
1715672224.758817,3525386.000,53285,1,TH,1,100,36.364
1715672224.891949,3525513.000,53320,1,TH,1,100,36.367
1715672225.026129,3525641.000,53337,1,TH,1,100,36.367
1715672225.156116,3525765.000,53353,1,TH,1,100,36.422
1715672225.287151,3525890.000,53371,1,TH,1,100,36.422
1715672225.418187,3526015.000,53387,1,TH,1,100,36.470
1715672225.552367,3526143.000,53422,1,TH,1,100,36.470
1715672225.686547,3526271.000,53439,1,TH,1,100,36.380
1715672225.820727,3526399.000,53457,1,TH,1,100,36.380
1715672225.954907,3526527.000,53494,1,TH,1,100,36.385
1715672226.088039,3526654.000,53511,1,TH,1,100,36.385
1715672226.223267,3526783.000,53527,1,TH,1,100,36.497
1715672226.353254,3526907.000,53548,1,TH,1,100,36.497
1715672226.485337,3527033.000,53563,1,TH,1,100,36.371
1715672226.619518,3527161.000,53583,1,TH,1,100,36.371
1715672226.752649,3527288.000,53599,1,TH,1,100,36.415
1715672226.886829,3527416.000,53616,1,TH,1,100,36.415
1715672227.023106,3527546.000,53636,1,TH,1,100,36.422
1715672227.155190,3527672.000,53667,1,TH,1,100,36.422
1715672227.289370,3527800.000,53687,1,TH,1,100,36.403
1715672227.420405,3527925.000,53706,1,TH,1,100,36.403
1715672227.551440,3528050.000,53723,1,TH,1,100,36.479
1715672227.681427,3528174.000,53755,1,TH,1,100,36.479
1715672227.816655,3528303.000,53771,1,TH,1,100,36.376
1715672227.950835,3528431.000,53789,1,TH,1,100,36.376
1715672228.085016,3528559.000,53808,1,TH,1,100,36.369
1715672228.218147,3528686.000,53842,1,TH,1,100,36.369
1715672228.352327,3528814.000,53859,1,TH,1,100,36.346
1715672228.483363,3528939.000,53875,1,TH,1,100,36.346
1715672228.614398,3529064.000,53898,1,TH,1,100,36.410
1715672228.745433,3529189.000,53914,1,TH,1,100,36.410
1715672228.879613,3529317.000,53946,1,TH,1,100,36.426
1715672229.013793,3529445.000,53963,1,TH,1,100,36.426
1715672229.147973,3529573.000,53981,1,TH,1,100,36.396
1715672229.282153,3529701.000,53999,1,TH,1,100,36.396
1715672229.415285,3529828.000,54033,1,TH,1,100,36.344
1715672229.550514,3529957.000,54049,1,TH,1,100,36.344
1715672229.680501,3530081.000,54067,1,TH,1,100,36.341
1715672229.812584,3530207.000,54083,1,TH,1,100,36.334
1715672229.945716,3530334.000,54118,1,TH,1,100,36.439
1715672230.078848,3530461.000,54135,1,TH,1,100,36.447
1715672230.213028,3530589.000,54151,1,TH,1,100,36.408
1715672230.349304,3530719.000,54183,1,TH,1,100,36.408
1715672230.481388,3530845.000,54200,1,TH,1,100,36.412
1715672230.615568,3530973.000,54217,1,TH,1,100,36.412
1715672230.746603,3531098.000,54239,1,TH,1,100,36.390
1715672230.877638,3531223.000,54255,1,TH,1,100,36.390
1715672231.007625,3531347.000,54289,1,TH,1,100,36.387
1715672231.142853,3531476.000,54311,1,TH,1,100,36.380
1715672231.277034,3531604.000,54328,1,TH,1,100,36.396
1715672231.411214,3531732.000,54345,1,TH,1,100,36.403
1715672231.544346,3531859.000,54377,1,TH,1,100,36.408
1715672231.677477,3531986.000,54395,2,TH,1,100,36.401
1715672231.810609,3532113.000,54395,2,TH,1,100,36.421
1715672231.941644,3532238.000,54432,1,TH,1,100,36.428
1715672232.072680,3532363.000,54448,1,TH,1,100,36.424
1715672232.206860,3532491.000,54465,1,TH,1,100,36.424
1715672232.339992,3532618.000,54482,1,TH,1,100,36.486
1715672232.474172,3532746.000,54516,1,TH,1,100,36.478
1715672232.608352,3532874.000,54534,1,TH,1,100,36.387
1715672232.741483,3533001.000,54550,1,TH,1,100,36.387
1715672232.876712,3533130.000,54567,1,TH,1,100,36.414
1715672233.006699,3533254.000,54599,1,TH,1,100,36.414
1715672233.138782,3533380.000,54615,1,TH,1,100,36.336
1715672233.270866,3533506.000,54636,1,TH,1,100,36.343
1715672233.403997,3533633.000,54652,1,TH,1,100,36.451
1715672233.538177,3533761.000,54684,1,TH,1,100,36.444
1715672233.674454,3533891.000,54701,1,TH,1,100,36.453
1715672233.806538,3534017.000,54720,1,TH,1,100,36.453
1715672233.940718,3534145.000,54738,1,TH,1,100,36.405
1715672234.071753,3534270.000,54771,1,TH,1,100,36.405
1715672234.202788,3534395.000,54788,1,TH,1,100,36.412
1715672234.333823,3534520.000,54805,1,TH,1,100,36.412
1715672234.469052,3534649.000,54821,1,TH,1,100,36.458
1715672234.603232,3534777.000,54856,1,TH,1,100,36.458
1715672234.737412,3534905.000,54873,1,TH,1,100,36.423
1715672234.870544,3535032.000,54889,1,TH,1,100,36.423
1715672235.004724,3535160.000,54907,1,TH,1,100,36.366
1715672235.137856,3535287.000,54941,1,TH,1,100,36.366
1715672235.268891,3535412.000,54960,1,TH,1,100,36.338
1715672235.399926,3535537.000,54977,1,TH,1,100,36.338
1715672235.534106,3535665.000,54993,1,TH,1,100,36.348
1715672235.667238,3535792.000,55025,1,TH,1,100,36.348
1715672235.801418,3535920.000,55045,1,TH,1,100,36.391
1715672235.935598,3536048.000,55062,1,TH,1,100,36.391
1715672236.068730,3536175.000,55081,1,TH,1,100,36.361
1715672236.203958,3536304.000,55113,1,TH,1,100,36.361
1715672236.333945,3536428.000,55132,1,TH,1,100,36.432
1715672236.466029,3536554.000,55149,1,TH,1,100,36.432
1715672236.598112,3536680.000,55166,1,TH,1,100,36.338
1715672236.731244,3536807.000,55197,1,TH,1,100,36.338
1715672236.865424,3536935.000,55215,1,TH,1,100,36.386
1715672237.001701,3537065.000,55234,1,TH,1,100,36.386
1715672237.133784,3537191.000,55256,1,TH,1,100,36.311
1715672237.267964,3537319.000,55272,1,TH,1,100,36.311
1715672237.398999,3537444.000,55289,1,TH,1,100,36.430
1715672237.530035,3537569.000,55307,1,TH,1,100,36.430
1715672237.661070,3537694.000,55328,1,TH,1,100,36.435
1715672237.796298,3537823.000,55344,1,TH,1,100,36.435
1715672237.930478,3537951.000,55376,1,TH,1,100,36.407
1715672238.064658,3538079.000,55393,1,TH,1,100,36.400
1715672238.197790,3538206.000,55409,1,TH,1,100,36.372
1715672238.331970,3538334.000,55427,1,TH,1,100,36.372
1715672238.466151,3538462.000,55460,1,TH,1,100,36.405
1715672238.597186,3538587.000,55480,1,TH,1,100,36.405
1715672238.728221,3538712.000,55497,1,TH,1,100,36.430
1715672238.861353,3538839.000,55513,1,TH,1,100,36.430
1715672238.994484,3538966.000,55548,1,TH,1,100,36.367
1715672239.128664,3539094.000,55565,1,TH,1,100,36.367
1715672239.262845,3539222.000,55582,1,TH,1,100,36.379
1715672239.395977,3539349.000,55599,1,TH,1,100,36.379
1715672239.531205,3539478.000,55633,1,TH,1,100,36.388
1715672239.661192,3539602.000,55649,1,TH,1,100,36.388
1715672239.793275,3539728.000,55669,1,TH,1,100,36.338
1715672239.925359,3539854.000,55686,1,TH,1,100,36.338
1715672240.058491,3539981.000,55717,1,TH,1,100,36.342
1715672240.192671,3540109.000,55735,1,TH,1,100,36.342
1715672240.328947,3540239.000,55754,1,TH,1,100,36.390
1715672240.461031,3540365.000,55771,1,TH,1,100,36.390
1715672240.595211,3540493.000,55805,1,TH,1,100,36.434
1715672240.728343,3540620.000,55821,1,TH,1,100,36.434
1715672240.859378,3540745.000,55838,1,TH,1,100,36.344
1715672240.990413,3540870.000,55857,1,TH,1,100,36.345
1715672241.125641,3540999.000,55891,1,TH,1,100,36.365
1715672241.259821,3541127.000,55909,1,TH,1,100,36.365
1715672241.394001,3541255.000,55925,1,TH,1,100,36.349
1715672241.527133,3541382.000,55942,1,TH,1,100,36.342
1715672241.661314,3541510.000,55974,1,TH,1,100,36.360
1715672241.795494,3541638.000,55992,1,TH,1,100,36.360
1715672241.926529,3541763.000,56009,1,TH,1,100,36.388
1715672242.057564,3541888.000,56025,1,TH,1,100,36.388
1715672242.189647,3542014.000,56042,1,TH,1,100,36.369
1715672242.322779,3542141.000,56062,1,TH,1,100,36.369
1715672242.456959,3542269.000,56079,1,TH,1,100,36.381
1715672242.591139,3542397.000,56099,1,TH,1,100,36.381
1715672242.724271,3542524.000,56118,1,TH,1,100,36.408
1715672242.859500,3542653.000,56137,1,TH,1,100,36.408
1715672242.989486,3542777.000,56169,1,TH,1,100,36.381
1715672243.121570,3542903.000,56186,1,TH,1,100,36.381
1715672243.253654,3543029.000,56203,1,TH,1,100,36.298
1715672243.386785,3543156.000,56220,1,TH,1,100,36.298
1715672243.520965,3543284.000,56252,1,TH,1,100,36.388
1715672243.657242,3543414.000,56271,1,TH,1,100,36.388
1715672243.789325,3543540.000,56288,1,TH,1,100,36.408
1715672243.923506,3543668.000,56307,1,TH,1,100,36.408
1715672244.056638,3543795.000,56338,1,TH,1,100,36.365
1715672244.187673,3543920.000,56356,1,TH,1,100,36.365
1715672244.319756,3544046.000,56372,1,TH,1,100,36.353
1715672244.453936,3544174.000,56389,1,TH,1,100,36.353
1715672244.587068,3544301.000,56421,1,TH,1,100,36.406
1715672244.721248,3544429.000,56437,1,TH,1,100,36.406
1715672244.854380,3544556.000,56454,1,TH,1,100,36.426
1715672244.988560,3544684.000,56474,1,TH,1,100,36.426
1715672245.122740,3544812.000,56507,1,TH,1,100,36.326
1715672245.253775,3544937.000,56525,1,TH,1,100,36.326
1715672245.384810,3545062.000,56541,1,TH,1,100,36.330
1715672245.515846,3545187.000,56558,1,TH,1,100,36.330
1715672245.648978,3545314.000,56590,1,TH,1,100,36.385
1715672245.783158,3545442.000,56606,1,TH,1,100,36.385
1715672245.917338,3545570.000,56624,1,TH,1,100,36.436
1715672246.050469,3545697.000,56644,1,TH,1,100,36.436
1715672246.185698,3545826.000,56679,1,TH,1,100,36.426
1715672246.315685,3545950.000,56696,1,TH,1,100,36.426
1715672246.448817,3546077.000,56712,1,TH,1,100,36.323
1715672246.580900,3546203.000,56730,1,TH,1,100,36.323
1715672246.714032,3546330.000,56761,1,TH,1,100,36.394
1715672246.848212,3546458.000,56781,1,TH,1,100,36.394
1715672246.984488,3546588.000,56798,1,TH,1,100,36.337
1715672247.116572,3546714.000,56814,1,TH,1,100,36.337
1715672247.250752,3546842.000,56848,1,TH,1,100,36.373
1715672247.384932,3546970.000,56865,1,TH,1,100,36.366
1715672247.515967,3547095.000,56884,1,TH,1,100,36.399
1715672247.648051,3547221.000,56902,1,TH,1,100,36.399
1715672247.782231,3547349.000,56933,1,TH,1,100,36.329
1715672247.915887,3547476.500,56959,2,TH,1,100,36.329
1715672248.049543,3547604.000,56959,2,TH,1,100,36.332
1715672248.182675,3547731.000,56975,1,TH,1,100,36.332
1715672248.316855,3547859.000,57009,1,TH,1,100,36.392
1715672248.451035,3547987.000,57026,1,TH,1,100,36.392
1715672248.582070,3548112.000,57043,1,TH,1,100,36.380
1715672248.713105,3548237.000,57063,1,TH,1,100,36.380
1715672248.844141,3548362.000,57095,1,TH,1,100,36.369
1715672248.977272,3548489.000,57111,1,TH,1,100,36.369
1715672249.111452,3548617.000,57128,1,TH,1,100,36.385
1715672249.245632,3548745.000,57148,1,TH,1,100,36.385
1715672249.378764,3548872.000,57181,1,TH,1,100,36.352
1715672249.513993,3549001.000,57199,1,TH,1,100,36.352
1715672249.643980,3549125.000,57215,1,TH,1,100,36.350
1715672249.777111,3549252.000,57232,1,TH,1,100,36.350
1715672249.909195,3549378.000,57264,1,TH,1,100,36.398
1715672250.042327,3549505.000,57283,1,TH,1,100,36.398
1715672250.176507,3549633.000,57300,1,TH,1,100,36.440
1715672250.312783,3549763.000,57317,1,TH,1,100,36.440
1715672250.444867,3549889.000,57354,1,TH,1,100,36.405
1715672250.579047,3550017.000,57371,1,TH,1,100,36.405
1715672250.713227,3550145.000,57387,1,TH,1,100,36.354
1715672250.844262,3550270.000,57404,1,TH,1,100,36.355
1715672250.976346,3550396.000,57423,1,TH,1,100,36.380
1715672251.110526,3550524.000,57454,1,TH,1,100,36.380
1715672251.243658,3550651.000,57472,1,TH,1,100,36.313
1715672251.377838,3550779.000,57491,1,TH,1,100,36.313
1715672251.510969,3550906.000,57508,1,TH,1,100,36.412
1715672251.645149,3551034.000,57542,1,TH,1,100,36.412
1715672251.779330,3551162.000,57558,1,TH,1,100,36.352
1715672251.910365,3551287.000,57576,1,TH,1,100,36.352
1715672252.041400,3551412.000,57592,1,TH,1,100,36.385
1715672252.172435,3551537.000,57624,1,TH,1,100,36.385
1715672252.305567,3551664.000,57641,1,TH,1,100,36.352
1715672252.439747,3551792.000,57657,1,TH,1,100,36.352
1715672252.573927,3551920.000,57675,1,TH,1,100,36.336
1715672252.707059,3552047.000,57711,1,TH,1,100,36.336
1715672252.842287,3552176.000,57728,1,TH,1,100,36.357
1715672252.972274,3552300.000,57745,1,TH,1,100,36.357
1715672253.105406,3552427.000,57761,1,TH,1,100,36.357
1715672253.238014,3552553.500,57803,2,TH,1,100,36.357
1715672253.370621,3552680.000,57803,2,TH,1,100,36.316
1715672253.504802,3552808.000,57819,1,TH,1,100,36.316
1715672253.641078,3552938.000,57837,1,TH,1,100,36.355
1715672253.773162,3553064.000,57871,1,TH,1,100,36.355
1715672253.907342,3553192.000,57890,1,TH,1,100,36.341
1715672254.041522,3553320.000,57907,1,TH,1,100,36.341
1715672254.172557,3553445.000,57923,1,TH,1,100,36.352
1715672254.304641,3553571.000,57941,1,TH,1,100,36.352
1715672254.438821,3553699.000,57975,1,TH,1,100,36.385
1715672254.571952,3553826.000,57992,1,TH,1,100,36.377
1715672254.706132,3553954.000,58009,1,TH,1,100,36.375
1715672254.839264,3554081.000,58025,1,TH,1,100,36.382
1715672254.973444,3554209.000,58059,1,TH,1,100,36.261
1715672255.107625,3554337.000,58076,1,TH,1,100,36.253
1715672255.238660,3554462.000,58096,1,TH,1,100,36.373
1715672255.369695,3554587.000,58127,1,TH,1,100,36.373
1715672255.500730,3554712.000,58145,1,TH,1,100,36.347
1715672255.633862,3554839.000,58161,1,TH,1,100,36.347
1715672255.768042,3554967.000,58181,1,TH,1,100,36.269
1715672255.902222,3555095.000,58215,1,TH,1,100,36.277
1715672256.035354,3555222.000,58233,1,TH,1,100,36.306
1715672256.170582,3555351.000,58250,1,TH,1,100,36.306
1715672256.300569,3555475.000,58267,1,TH,1,100,36.359
1715672256.433701,3555602.000,58301,1,TH,1,100,36.352
1715672256.565784,3555728.000,58319,1,TH,1,100,36.248
1715672256.698916,3555855.000,58335,1,TH,1,100,36.248
1715672256.833096,3555983.000,58352,1,TH,1,100,36.373
1715672256.969373,3556113.000,58384,1,TH,1,100,36.373
1715672257.101456,3556239.000,58403,1,TH,1,100,36.386
1715672257.235636,3556367.000,58423,1,TH,1,100,36.386
1715672257.369817,3556495.000,58439,1,TH,1,100,36.361
1715672257.500852,3556620.000,58471,1,TH,1,100,36.361
1715672257.632935,3556746.000,58488,1,TH,1,100,36.280
1715672257.767115,3556874.000,58507,1,TH,1,100,36.281
1715672257.900247,3557001.000,58525,1,TH,1,100,36.370
1715672258.034427,3557129.000,58556,1,TH,1,100,36.370
1715672258.167559,3557256.000,58573,1,TH,1,100,36.386
1715672258.301739,3557384.000,58593,1,TH,1,100,36.394
1715672258.435919,3557512.000,58611,1,TH,1,100,36.281
1715672258.566954,3557637.000,58648,2,TH,1,100,36.274
1715672258.697990,3557762.000,58648,2,TH,1,100,36.352
1715672258.829025,3557887.000,58664,1,TH,1,100,36.352
1715672258.962157,3558014.000,58685,1,TH,1,100,36.288
1715672259.096337,3558142.000,58701,1,TH,1,100,36.288
1715672259.230517,3558270.000,58733,1,TH,1,100,36.246
1715672259.363649,3558397.000,58750,1,TH,1,100,36.246
1715672259.498877,3558526.000,58768,1,TH,1,100,36.345
1715672259.628864,3558650.000,58800,1,TH,1,100,36.345
1715672259.761996,3558777.000,58817,1,TH,1,100,36.343
1715672259.894079,3558903.000,58834,1,TH,1,100,36.343
1715672260.027211,3559030.000,58851,1,TH,1,100,36.423
1715672260.161391,3559158.000,58867,1,TH,1,100,36.423
1715672260.297668,3559288.000,58902,1,TH,1,100,36.356
1715672260.429751,3559414.000,58919,1,TH,1,100,36.356
1715672260.563931,3559542.000,58936,1,TH,1,100,36.324
1715672260.698111,3559670.000,58969,1,TH,1,100,36.324
1715672260.829147,3559795.000,58987,1,TH,1,100,36.419
1715672260.961230,3559921.000,59005,1,TH,1,100,36.419
1715672261.094362,3560048.000,59022,1,TH,1,100,36.370
1715672261.226445,3560174.000,59054,1,TH,1,100,36.370
1715672261.360626,3560302.000,59070,1,TH,1,100,36.315
1715672261.493757,3560429.000,59087,1,TH,1,100,36.315
1715672261.627937,3560557.000,59104,1,TH,1,100,36.347
1715672261.762117,3560685.000,59140,1,TH,1,100,36.347
1715672261.893153,3560810.000,59158,1,TH,1,100,36.324
1715672262.024188,3560935.000,59174,1,TH,1,100,36.324
1715672262.155223,3561060.000,59191,1,TH,1,100,36.317
1715672262.288355,3561187.000,59226,1,TH,1,100,36.317
1715672262.422535,3561315.000,59242,1,TH,1,100,36.301
1715672262.556715,3561443.000,59260,1,TH,1,100,36.301
1715672262.689847,3561570.000,59276,1,TH,1,100,36.336
1715672262.825075,3561699.000,59310,1,TH,1,100,36.336
1715672262.956110,3561824.000,59330,1,TH,1,100,36.368
1715672263.089242,3561951.000,59346,1,TH,1,100,36.368
1715672263.221326,3562077.000,59364,1,TH,1,100,36.299
1715672263.354458,3562204.000,59380,1,TH,1,100,36.299
1715672263.487589,3562331.000,59415,1,TH,1,100,36.299
1715672263.623866,3562461.000,59432,1,TH,1,100,36.299
1715672263.755949,3562587.000,59448,1,TH,1,100,36.345
1715672263.890130,3562715.000,59466,1,TH,1,100,36.345
1715672264.024310,3562843.000,59490,1,TH,1,100,36.347
1715672264.155869,3562968.500,59510,2,TH,1,100,36.347
1715672264.287428,3563094.000,59510,2,TH,1,100,36.303
1715672264.419512,3563220.000,59527,1,TH,1,100,36.303
1715672264.550547,3563345.000,59544,1,TH,1,100,36.379
1715672264.685776,3563474.000,59578,1,TH,1,100,36.379
1715672264.818907,3563601.000,59596,1,TH,1,100,36.324
1715672264.953087,3563729.000,59612,1,TH,1,100,36.324
1715672265.087267,3563857.000,59631,1,TH,1,100,36.239
1715672265.218303,3563982.000,59663,1,TH,1,100,36.239
1715672265.350386,3564108.000,59679,1,TH,1,100,36.205
1715672265.481421,3564233.000,59699,1,TH,1,100,36.205
1715672265.614553,3564360.000,59716,1,TH,1,100,36.210
1715672265.748733,3564488.000,59747,1,TH,1,100,36.210
1715672265.882913,3564616.000,59767,1,TH,1,100,36.253
1715672266.016045,3564743.000,59785,1,TH,1,100,36.253
1715672266.151273,3564872.000,59802,1,TH,1,100,36.251
1715672266.284405,3564999.000,59834,1,TH,1,100,36.251
1715672266.417537,3565126.000,59850,1,TH,1,100,36.405
1715672266.549621,3565252.000,59868,1,TH,1,100,36.405
1715672266.682752,3565379.000,59884,1,TH,1,100,36.336
1715672266.814836,3565505.000,59919,1,TH,1,100,36.336
1715672266.951113,3565635.000,59938,1,TH,1,100,36.347
1715672267.083196,3565761.000,59954,1,TH,1,100,36.347
1715672267.217376,3565889.000,59972,1,TH,1,100,36.322
1715672267.351556,3566017.000,60006,1,TH,1,100,36.322
1715672267.482591,3566142.000,60023,1,TH,1,100,36.269
1715672267.614675,3566268.000,60040,1,TH,1,100,36.269
1715672267.746758,3566394.000,60056,1,TH,1,100,36.283
1715672267.877794,3566519.000,60090,1,TH,1,100,36.283
1715672268.013022,3566648.000,60110,1,TH,1,100,36.389
1715672268.146154,3566775.000,60126,1,TH,1,100,36.388
1715672268.280334,3566903.000,60144,1,TH,1,100,36.297
1715672268.414514,3567031.000,60175,1,TH,1,100,36.297
1715672268.545549,3567156.000,60192,1,TH,1,100,36.326
1715672268.678681,3567283.000,60209,1,TH,1,100,36.326
1715672268.809716,3567408.000,60227,1,TH,1,100,36.324
1715672268.942848,3567535.000,60259,1,TH,1,100,36.324
1715672269.077028,3567663.000,60276,1,TH,1,100,36.299
1715672269.211208,3567791.000,60293,1,TH,1,100,36.299
1715672269.345388,3567919.000,60318,2,TH,1,100,36.297
1715672269.479568,3568047.000,60318,2,TH,1,100,36.297
1715672269.612700,3568174.000,60336,1,TH,1,100,36.352
1715672269.745832,3568301.000,60352,1,TH,1,100,36.352
1715672269.877915,3568427.000,60372,1,TH,1,100,36.425
1715672270.009999,3568553.000,60403,1,TH,1,100,36.425
1715672270.142082,3568679.000,60419,1,TH,1,100,36.379
1715672270.278359,3568809.000,60437,1,TH,1,100,36.379
1715672270.410443,3568935.000,60453,1,TH,1,100,36.338
1715672270.544623,3569063.000,60485,1,TH,1,100,36.338
1715672270.678803,3569191.000,60505,1,TH,1,100,36.356
1715672270.809838,3569316.000,60521,1,TH,1,100,36.356
1715672270.941921,3569442.000,60557,1,TH,1,100,36.340
1715672271.074005,3569568.000,60577,1,TH,1,100,36.340
1715672271.205040,3569693.000,60594,1,TH,1,100,36.285
1715672271.340269,3569822.000,60611,1,TH,1,100,36.285
1715672271.473400,3569949.000,60643,1,TH,1,100,36.370
1715672271.607580,3570077.000,60659,1,TH,1,100,36.370
1715672271.741760,3570205.000,60676,1,TH,1,100,36.381
1715672271.873844,3570331.000,60695,1,TH,1,100,36.381
1715672272.006976,3570458.000,60726,1,TH,1,100,36.361
1715672272.138011,3570583.000,60744,1,TH,1,100,36.361
1715672272.271143,3570710.000,60760,1,TH,1,100,36.244
1715672272.404274,3570837.000,60780,1,TH,1,100,36.244
1715672272.538455,3570965.000,60800,1,TH,1,100,36.338
1715672272.671587,3571092.000,60831,1,TH,1,100,36.338
1715672272.806815,3571221.000,60848,1,TH,1,100,36.354
1715672272.939947,3571348.000,60865,1,TH,1,100,36.354
1715672273.073078,3571475.000,60884,1,TH,1,100,36.370
1715672273.205162,3571601.000,60919,1,TH,1,100,36.370
1715672273.336197,3571726.000,60935,1,TH,1,100,36.343
1715672273.468281,3571852.000,60952,1,TH,1,100,36.343
1715672273.604557,3571982.000,60969,1,TH,1,100,36.269
1715672273.736641,3572108.000,61000,1,TH,1,100,36.269
1715672273.870821,3572236.000,61018,1,TH,1,100,36.340
1715672274.005001,3572364.000,61035,1,TH,1,100,36.340
1715672274.136036,3572489.000,61054,1,TH,1,100,36.267
1715672274.269168,3572616.000,61071,1,TH,1,100,36.267
1715672274.401252,3572742.000,61087,1,TH,1,100,36.320
1715672274.532287,3572867.000,61108,1,TH,1,100,36.320
1715672274.666467,3572995.000,61144,2,TH,1,100,36.329
1715672274.800647,3573123.000,61144,2,TH,1,100,36.329
1715672274.934827,3573251.000,61161,1,TH,1,100,36.292
1715672275.069007,3573379.000,61178,1,TH,1,100,36.292
1715672275.202139,3573506.000,61212,1,TH,1,100,36.269
1715672275.335271,3573633.000,61228,1,TH,1,100,36.269
1715672275.466306,3573758.000,61245,1,TH,1,100,36.329
1715672275.599437,3573885.000,61262,1,TH,1,100,36.329
1715672275.731521,3574011.000,61296,1,TH,1,100,36.324
1715672275.865701,3574139.000,61316,1,TH,1,100,36.324
1715672275.998833,3574266.000,61332,1,TH,1,100,36.336
1715672276.134061,3574395.000,61349,1,TH,1,100,36.336
1715672276.267193,3574522.000,61384,1,TH,1,100,36.255
1715672276.400325,3574649.000,61402,1,TH,1,100,36.255
1715672276.532408,3574775.000,61420,1,TH,1,100,36.391
1715672276.663444,3574900.000,61436,1,TH,1,100,36.391
1715672276.795527,3575026.000,61468,1,TH,1,100,36.317
1715672276.931804,3575156.000,61485,1,TH,1,100,36.317
1715672277.063887,3575282.000,61504,1,TH,1,100,36.276
1715672277.198067,3575410.000,61522,1,TH,1,100,36.276
1715672277.332247,3575538.000,61553,1,TH,1,100,36.329
1715672277.463283,3575663.000,61572,1,TH,1,100,36.329
1715672277.597463,3575791.000,61589,1,TH,1,100,36.317
1715672277.729546,3575917.000,61605,1,TH,1,100,36.317
1715672277.860581,3576042.000,61637,1,TH,1,100,36.338
1715672277.994761,3576170.000,61654,1,TH,1,100,36.338
1715672278.128942,3576298.000,61670,1,TH,1,100,36.361
1715672278.263122,3576426.000,61688,1,TH,1,100,36.361
1715672278.397302,3576554.000,61707,1,TH,1,100,36.375
1715672278.530434,3576681.000,61741,1,TH,1,100,36.375
1715672278.663565,3576808.000,61758,1,TH,1,100,36.265
1715672278.794600,3576933.000,61774,1,TH,1,100,36.265
1715672278.926684,3577059.000,61792,1,TH,1,100,36.311
1715672279.058768,3577185.000,61823,1,TH,1,100,36.311
1715672279.192948,3577313.000,61840,1,TH,1,100,36.317
1715672279.326079,3577440.000,61857,1,TH,1,100,36.317
1715672279.461308,3577569.000,61873,1,TH,1,100,36.329
1715672279.594440,3577696.000,61910,1,TH,1,100,36.329
1715672279.727571,3577823.000,61927,1,TH,1,100,36.244
1715672279.861752,3577951.000,61944,1,TH,1,100,36.244
1715672279.992787,3578076.000,61961,1,TH,1,100,36.283
1715672280.124870,3578202.000,61987,1,TH,1,100,36.283
1715672280.261147,3578332.000,62003,1,TH,1,100,36.356
1715672280.393230,3578458.000,62020,1,TH,1,100,36.356
1715672280.527411,3578586.000,62037,1,TH,1,100,36.313
1715672280.661591,3578714.000,62056,1,TH,1,100,36.313
1715672280.794722,3578841.000,62088,1,TH,1,100,36.290
1715672280.928902,3578969.000,62109,1,TH,1,100,36.290
1715672281.060986,3579095.000,62126,1,TH,1,100,36.336
1715672281.192021,3579220.000,62143,1,TH,1,100,36.336
1715672281.325153,3579347.000,62174,1,TH,1,100,36.400
1715672281.459333,3579475.000,62191,1,TH,1,100,36.400
1715672281.593513,3579603.000,62211,1,TH,1,100,36.244
1715672281.727693,3579731.000,62228,1,TH,1,100,36.244
1715672281.860825,3579858.000,62262,1,TH,1,100,36.320
1715672281.993957,3579985.000,62278,1,TH,1,100,36.320
1715672282.124992,3580110.000,62295,1,TH,1,100,36.398
1715672282.256027,3580235.000,62315,1,TH,1,100,36.398
1715672282.388111,3580361.000,62346,1,TH,1,100,36.343
1715672282.522291,3580489.000,62364,1,TH,1,100,36.343
1715672282.655422,3580616.000,62383,1,TH,1,100,36.361
1715672282.790651,3580745.000,62402,1,TH,1,100,36.361
1715672282.923783,3580872.000,62434,1,TH,1,100,36.313
1715672283.056915,3580999.000,62450,1,TH,1,100,36.313
1715672283.192143,3581128.000,62468,1,TH,1,100,36.366
1715672283.323178,3581253.000,62484,1,TH,1,100,36.366
1715672283.455261,3581379.000,62519,1,TH,1,100,36.356
1715672283.591538,3581509.000,62536,1,TH,1,100,36.356
1715672283.723622,3581635.000,62552,1,TH,1,100,36.225
1715672283.857802,3581763.000,62570,1,TH,1,100,36.225
1715672283.991982,3581891.000,62606,1,TH,1,100,36.349
1715672284.125114,3582018.000,62623,1,TH,1,100,36.349
1715672284.259294,3582146.000,62640,1,TH,1,100,36.326
1715672284.391377,3582272.000,62656,1,TH,1,100,36.326
1715672284.522413,3582397.000,62688,1,TH,1,100,36.333
1715672284.654496,3582523.000,62708,1,TH,1,100,36.333
1715672284.788676,3582651.000,62725,1,TH,1,100,36.356
1715672284.922856,3582779.000,62742,1,TH,1,100,36.356
1715672285.057036,3582907.000,62760,1,TH,1,100,36.301
1715672285.190168,3583034.000,62795,1,TH,1,100,36.301
1715672285.323300,3583161.000,62812,1,TH,1,100,36.317
1715672285.454335,3583286.000,62835,1,TH,1,100,36.317
1715672285.586419,3583412.000,62850,1,TH,1,100,36.301
1715672285.718502,3583538.000,62867,1,TH,1,100,36.301
1715672285.852682,3583666.000,62886,1,TH,1,100,36.347
1715672285.985814,3583793.000,62903,1,TH,1,100,36.347
1715672286.121042,3583922.000,62924,1,TH,1,100,36.324
1715672286.254174,3584049.000,62956,1,TH,1,100,36.324
1715672286.387306,3584176.000,62973,1,TH,1,100,36.306
1715672286.522534,3584305.000,62990,1,TH,1,100,36.306
1715672286.653569,3584430.000,63010,1,TH,1,100,36.313
1715672286.785653,3584556.000,63042,1,TH,1,100,36.313
1715672286.920881,3584685.000,63058,1,TH,1,100,36.308
1715672287.052965,3584811.000,63075,1,TH,1,100,36.308
1715672287.187145,3584939.000,63094,1,TH,1,100,36.336
1715672287.321325,3585067.000,63114,1,TH,1,100,36.336
1715672287.454457,3585194.000,63146,1,TH,1,100,36.297
1715672287.588637,3585322.000,63162,1,TH,1,100,36.297
1715672287.720720,3585448.000,63179,1,TH,1,100,36.315
1715672287.850707,3585572.000,63196,1,TH,1,100,36.315
1715672287.982791,3585698.000,63230,1,TH,1,100,36.311
1715672288.116971,3585826.000,63247,1,TH,1,100,36.311
1715672288.251151,3585954.000,63264,1,TH,1,100,36.294
1715672288.385331,3586082.000,63283,1,TH,1,100,36.294
1715672288.518463,3586209.000,63318,1,TH,1,100,36.370
1715672288.651595,3586336.000,63334,1,TH,1,100,36.370
1715672288.783678,3586462.000,63351,1,TH,1,100,36.324
1715672288.915762,3586588.000,63383,1,TH,1,100,36.324
1715672289.047845,3586714.000,63399,1,TH,1,100,36.265
1715672289.182025,3586842.000,63417,1,TH,1,100,36.272
1715672289.315157,3586969.000,63433,1,TH,1,100,36.364
1715672289.450385,3587098.000,63452,1,TH,1,100,36.356
1715672289.583517,3587225.000,63484,1,TH,1,100,36.389
1715672289.716649,3587352.000,63500,1,TH,1,100,36.388
1715672289.851877,3587481.000,63518,1,TH,1,100,36.370
1715672289.982913,3587606.000,63552,1,TH,1,100,36.370
1715672290.114996,3587732.000,63569,1,TH,1,100,36.347
1715672290.250224,3587861.000,63586,1,TH,1,100,36.347
1715672290.382308,3587987.000,63602,1,TH,1,100,36.343
1715672290.516488,3588115.000,63625,1,TH,1,100,36.343
1715672290.650668,3588243.000,63656,1,TH,1,100,36.329
1715672290.783800,3588370.000,63676,1,TH,1,100,36.329
1715672290.917980,3588498.000,63695,1,TH,1,100,36.437
1715672291.050063,3588624.000,63710,1,TH,1,100,36.437
1715672291.180050,3588748.000,63731,1,TH,1,100,36.354
1715672291.312134,3588874.000,63747,1,TH,1,100,36.354
1715672291.446314,3589002.000,63766,1,TH,1,100,36.301
1715672291.579446,3589129.000,63798,1,TH,1,100,36.301
1715672291.714674,3589258.000,63814,1,TH,1,100,36.366
1715672291.847806,3589385.000,63835,1,TH,1,100,36.366
1715672291.980938,3589512.000,63851,1,TH,1,100,36.295
1715672292.114069,3589639.000,63883,1,TH,1,100,36.295
1715672292.246153,3589765.000,63900,1,TH,1,100,36.377
1715672292.378237,3589891.000,63918,1,TH,1,100,36.377
1715672292.512417,3590019.000,63939,1,TH,1,100,36.255
1715672292.643452,3590144.000,63970,1,TH,1,100,36.255
1715672292.778680,3590273.000,63987,1,TH,1,100,36.389
1715672292.911812,3590400.000,64004,1,TH,1,100,36.388
1715672293.044944,3590527.000,64020,1,TH,1,100,36.283
1715672293.180172,3590656.000,64052,1,TH,1,100,36.283
1715672293.311207,3590781.000,64069,1,TH,1,100,36.255
1715672293.443291,3590907.000,64085,1,TH,1,100,36.255
1715672293.576423,3591034.000,64105,1,TH,1,100,36.308
1715672293.708506,3591160.000,64139,1,TH,1,100,36.308
1715672293.842686,3591288.000,64156,1,TH,1,100,36.288
1715672293.976866,3591416.000,64173,1,TH,1,100,36.288
1715672294.109998,3591543.000,64189,1,TH,1,100,36.324
1715672294.244178,3591671.000,64221,1,TH,1,100,36.324
1715672294.376262,3591797.000,64241,1,TH,1,100,36.242
1715672294.508345,3591923.000,64260,1,TH,1,100,36.242
1715672294.640429,3592049.000,64277,1,TH,1,100,36.386
1715672294.774609,3592177.000,64293,1,TH,1,100,36.386
1715672294.907741,3592304.000,64328,1,TH,1,100,36.352
1715672295.042969,3592433.000,64345,1,TH,1,100,36.352
1715672295.176101,3592560.000,64362,1,TH,1,100,36.364
1715672295.309232,3592687.000,64379,1,TH,1,100,36.364
1715672295.443413,3592815.000,64414,1,TH,1,100,36.359
1715672295.575496,3592941.000,64432,1,TH,1,100,36.359
1715672295.707580,3593067.000,64449,1,TH,1,100,36.324
1715672295.840711,3593194.000,64466,1,TH,1,100,36.332
1715672295.971747,3593319.000,64499,1,TH,1,100,36.380
1715672296.105927,3593447.000,64522,2,TH,1,100,36.373
1715672296.240107,3593575.000,64522,2,TH,1,100,36.341
1715672296.373239,3593702.000,64542,1,TH,1,100,36.341
1715672296.508467,3593831.000,64559,1,TH,1,100,36.329
1715672296.639502,3593956.000,64578,1,TH,1,100,36.336
1715672296.770537,3594081.000,64610,1,TH,1,100,36.277
1715672296.903669,3594208.000,64626,1,TH,1,100,36.277
1715672297.035753,3594334.000,64643,1,TH,1,100,36.348
1715672297.169933,3594462.000,64660,1,TH,1,100,36.348
1715672297.304113,3594590.000,64694,1,TH,1,100,36.336
1715672297.437245,3594717.000,64712,1,TH,1,100,36.336
1715672297.571425,3594845.000,64730,1,TH,1,100,36.339
1715672297.705605,3594973.000,64750,1,TH,1,100,36.339
1715672297.837688,3595099.000,64782,1,TH,1,100,36.318
1715672297.969772,3595225.000,64798,1,TH,1,100,36.311
1715672298.103952,3595353.000,64815,1,TH,1,100,36.272
1715672298.236035,3595479.000,64832,1,TH,1,100,36.272
1715672298.371264,3595608.000,64863,1,TH,1,100,36.352
1715672298.504395,3595735.000,64883,1,TH,1,100,36.359
1715672298.637527,3595862.000,64902,1,TH,1,100,36.336
1715672298.771707,3595990.000,64919,1,TH,1,100,36.336
1715672298.903791,3596116.000,64954,1,TH,1,100,36.295
1715672299.035874,3596242.000,64970,1,TH,1,100,36.288
1715672299.167958,3596368.000,64988,1,TH,1,100,36.361
1715672299.298993,3596493.000,65004,1,TH,1,100,36.361
1715672299.434222,3596622.000,65039,1,TH,1,100,36.322
1715672299.567353,3596749.000,65058,1,TH,1,100,36.330
1715672299.700485,3596876.000,65074,1,TH,1,100,36.318
1715672299.835713,3597005.000,65092,1,TH,1,100,36.318
1715672299.966749,3597130.000,65123,1,TH,1,100,36.400
1715672300.098832,3597256.000,65139,1,TH,1,100,36.400
1715672300.231964,3597383.000,65160,1,TH,1,100,36.368
1715672300.364048,3597509.000,65178,1,TH,1,100,36.368
1715672300.498228,3597637.000,65210,1,TH,1,100,36.341
1715672300.632408,3597765.000,65227,1,TH,1,100,36.341
1715672300.765539,3597892.000,65243,1,TH,1,100,36.327
1715672300.899719,3598020.000,65263,1,TH,1,100,36.327
1715672301.033900,3598148.000,65296,1,TH,1,100,36.304
1715672301.165983,3598274.000,65313,1,TH,1,100,36.304
1715672301.298067,3598400.000,65330,1,TH,1,100,36.316
1715672301.431198,3598527.000,65371,2,TH,1,100,36.316
1715672301.564330,3598654.000,65371,2,TH,1,100,36.444
1715672301.699558,3598783.000,65387,1,TH,1,100,36.444
1715672301.832690,3598910.000,65405,1,TH,1,100,36.375
1715672301.965822,3599037.000,65424,1,TH,1,100,36.375
1715672302.100002,3599165.000,65456,1,TH,1,100,36.332
1715672302.232086,3599291.000,65475,1,TH,1,100,36.332
1715672302.364169,3599417.000,65491,1,TH,1,100,36.368
1715672302.496253,3599543.000,65509,1,TH,1,100,36.368
1715672302.627288,3599668.000,4,1,TH,1,100,36.313
1715672302.762516,3599797.000,21,1,TH,1,100,36.313
1715672302.895648,3599924.000,41,1,TH,1,100,36.339
1715672303.028780,3600051.000,57,1,TH,1,100,36.339
1715672303.164008,3600180.000,91,1,TH,1,100,36.318
1715672303.295043,3600305.000,108,1,TH,1,100,36.318
1715672303.428175,3600432.000,127,1,TH,1,100,36.343
1715672303.561307,3600559.000,145,1,TH,1,100,36.343
1715672303.693391,3600685.000,176,1,TH,1,100,36.362
1715672303.827571,3600813.000,193,1,TH,1,100,36.362
1715672303.961751,3600941.000,210,1,TH,1,100,36.345
1715672304.094882,3601068.000,226,1,TH,1,100,36.345
1715672304.229063,3601196.000,263,1,TH,1,100,36.297
1715672304.363243,3601324.000,280,1,TH,1,100,36.297
1715672304.495326,3601450.000,297,1,TH,1,100,36.373
1715672304.627410,3601576.000,314,1,TH,1,100,36.373
1715672304.761590,3601704.000,349,1,TH,1,100,36.357
1715672304.892625,3601829.000,365,1,TH,1,100,36.357
1715672305.027853,3601958.000,382,1,TH,1,100,36.329
1715672305.160985,3602085.000,399,1,TH,1,100,36.329
1715672305.294117,3602212.000,430,1,TH,1,100,36.350
1715672305.428297,3602340.000,453,1,TH,1,100,36.350
1715672305.560380,3602466.000,469,1,TH,1,100,36.291
1715672305.692464,3602592.000,486,1,TH,1,100,36.291
1715672305.824548,3602718.000,503,1,TH,1,100,36.387
1715672305.955583,3602843.000,525,1,TH,1,100,36.387
1715672306.090811,3602972.000,541,1,TH,1,100,36.288
1715672306.223943,3603099.000,573,1,TH,1,100,36.288
1715672306.357075,3603226.000,592,1,TH,1,100,36.348
1715672306.492303,3603355.000,609,1,TH,1,100,36.348
1715672306.624387,3603481.000,626,1,TH,1,100,36.403
1715672306.757518,3603608.000,658,1,TH,1,100,36.403
1715672306.890650,3603735.000,682,1,TH,1,100,36.352
1715672307.022734,3603861.000,699,1,TH,1,100,36.352
1715672307.155865,3603988.000,716,1,TH,1,100,36.313
1715672307.290045,3604116.000,750,1,TH,1,100,36.313
1715672307.423177,3604243.000,768,1,TH,1,100,36.364
1715672307.557357,3604371.000,786,1,TH,1,100,36.364
1715672307.691537,3604499.000,803,1,TH,1,100,36.380
1715672307.823621,3604625.000,835,1,TH,1,100,36.380
1715672307.955704,3604751.000,851,1,TH,1,100,36.329
1715672308.088836,3604878.000,871,1,TH,1,100,36.329
1715672308.219872,3605003.000,888,1,TH,1,100,36.348
1715672308.355100,3605132.000,919,1,TH,1,100,36.348
1715672308.488232,3605259.000,937,1,TH,1,100,36.304
1715672308.621363,3605386.000,955,1,TH,1,100,36.304
1715672308.755543,3605514.000,972,1,TH,1,100,36.343
1715672308.887627,3605640.000,1004,1,TH,1,100,36.343
1715672309.020759,3605767.000,1020,1,TH,1,100,36.339
1715672309.152842,3605893.000,1038,1,TH,1,100,36.339
1715672309.283877,3606018.000,1057,1,TH,1,100,36.327
1715672309.418057,3606146.000,1089,1,TH,1,100,36.327
1715672309.551189,3606273.000,1108,1,TH,1,100,36.368
1715672309.684321,3606400.000,1124,1,TH,1,100,36.368
1715672309.819550,3606529.000,1142,1,TH,1,100,36.396
1715672309.952681,3606656.000,1176,1,TH,1,100,36.396
1715672310.085813,3606783.000,1192,1,TH,1,100,36.270
1715672310.218945,3606910.000,1210,1,TH,1,100,36.270
1715672310.351028,3607036.000,1226,1,TH,1,100,36.355
1715672310.482064,3607161.000,1258,1,TH,1,100,36.355
1715672310.616244,3607289.000,1280,1,TH,1,100,36.348
1715672310.749376,3607416.000,1296,1,TH,1,100,36.348
1715672310.883556,3607544.000,1316,1,TH,1,100,36.337
1715672311.017736,3607672.000,1347,1,TH,1,100,36.337
1715672311.149819,3607798.000,1364,1,TH,1,100,36.341
1715672311.281903,3607924.000,1381,1,TH,1,100,36.341
1715672311.413986,3608050.000,1397,1,TH,1,100,36.293
1715672311.545021,3608175.000,1429,1,TH,1,100,36.293
1715672311.680250,3608304.000,1446,1,TH,1,100,36.352
1715672311.813381,3608431.000,1465,1,TH,1,100,36.352
1715672311.946513,3608558.000,1485,1,TH,1,100,36.329
1715672312.080693,3608686.000,1517,1,TH,1,100,36.329
1715672312.212777,3608812.000,1538,1,TH,1,100,36.297
1715672312.346957,3608940.000,1555,1,TH,1,100,36.297
1715672312.479040,3609066.000,1572,1,TH,1,100,36.330
1715672312.610076,3609191.000,1589,1,TH,1,100,36.329
1715672312.743207,3609318.000,1623,1,TH,1,100,36.430
1715672312.876339,3609445.000,1639,1,TH,1,100,36.430
1715672313.009471,3609572.000,1656,1,TH,1,100,36.329
1715672313.144699,3609701.000,1676,1,TH,1,100,36.329
1715672313.277831,3609828.000,1707,1,TH,1,100,36.334
1715672313.410963,3609955.000,1725,1,TH,1,100,36.334
1715672313.544095,3610082.000,1741,1,TH,1,100,36.274
1715672313.675130,3610207.000,1758,1,TH,1,100,36.274
1715672313.806165,3610332.000,1793,1,TH,1,100,36.369
1715672313.940345,3610460.000,1811,1,TH,1,100,36.369
1715672314.073477,3610587.000,1828,1,TH,1,100,36.297
1715672314.207657,3610715.000,1845,1,TH,1,100,36.297
1715672314.341837,3610843.000,1876,1,TH,1,100,36.348
1715672314.473921,3610969.000,1894,1,TH,1,100,36.348
1715672314.607053,3611096.000,1913,1,TH,1,100,36.352
1715672314.739136,3611222.000,1930,1,TH,1,100,36.352
1715672314.870171,3611347.000,1947,1,TH,1,100,36.385
1715672315.005400,3611476.000,1980,1,TH,1,100,36.385
1715672315.138531,3611603.000,2001,1,TH,1,100,36.304
1715672315.271663,3611730.000,2017,1,TH,1,100,36.304
1715672315.405843,3611858.000,2049,1,TH,1,100,36.311
1715672315.538975,3611985.000,2066,1,TH,1,100,36.311
1715672315.673155,3612113.000,2082,1,TH,1,100,36.362
1715672315.805239,3612239.000,2100,1,TH,1,100,36.362
1715672315.936274,3612364.000,2138,1,TH,1,100,36.316
1715672316.068357,3612490.000,2155,1,TH,1,100,36.316
1715672316.201489,3612617.000,2172,1,TH,1,100,36.355
1715672316.334621,3612744.000,2188,1,TH,1,100,36.355
1715672316.469849,3612873.000,2223,1,TH,1,100,36.334
1715672316.602981,3613000.000,2240,1,TH,1,100,36.334
1715672316.736113,3613127.000,2256,1,TH,1,100,36.350
1715672316.869245,3613254.000,2274,1,TH,1,100,36.350
1715672317.000280,3613379.000,2311,1,TH,1,100,36.314
1715672317.131315,3613504.000,2327,1,TH,1,100,36.314
1715672317.265495,3613632.000,2344,1,TH,1,100,36.279
1715672317.398627,3613759.000,2360,1,TH,1,100,36.279
1715672317.532807,3613887.000,2378,1,TH,1,100,36.330
1715672317.666987,3614015.000,2403,1,TH,1,100,36.329
1715672317.799071,3614141.000,2420,1,TH,1,100,36.380
1715672317.934299,3614270.000,2437,1,TH,1,100,36.380
1715672318.066383,3614396.000,2455,1,TH,1,100,36.398
1715672318.197418,3614521.000,2473,1,TH,1,100,36.398
1715672318.331598,3614649.000,2504,1,TH,1,100,36.314
1715672318.464730,3614776.000,2521,1,TH,1,100,36.314
1715672318.597862,3614903.000,2541,1,TH,1,100,36.272
1715672318.732042,3615031.000,2557,1,TH,1,100,36.272
1715672318.866222,3615159.000,2589,1,TH,1,100,36.295
1715672319.000402,3615287.000,2609,1,TH,1,100,36.295
1715672319.132485,3615413.000,2628,1,TH,1,100,36.417
1715672319.263520,3615538.000,2645,1,TH,1,100,36.417
1715672319.394556,3615663.000,2677,1,TH,1,100,36.382
1715672319.527688,3615790.000,2693,1,TH,1,100,36.382
1715672319.660819,3615917.000,2710,1,TH,1,100,36.291
1715672319.796048,3616046.000,2730,1,TH,1,100,36.291
1715672319.929179,3616173.000,2761,1,TH,1,100,36.318
1715672320.062311,3616300.000,2780,1,TH,1,100,36.318
1715672320.196491,3616428.000,2797,1,TH,1,100,36.380
1715672320.327527,3616553.000,2814,1,TH,1,100,36.380
1715672320.458562,3616678.000,2846,1,TH,1,100,36.316
1715672320.592742,3616806.000,2862,1,TH,1,100,36.316
1715672320.724825,3616932.000,2879,1,TH,1,100,36.352
1715672320.859005,3617060.000,2898,1,TH,1,100,36.352
1715672320.993186,3617188.000,2932,1,TH,1,100,36.311
1715672321.126317,3617315.000,2950,1,TH,1,100,36.311
1715672321.261546,3617444.000,2968,1,TH,1,100,36.320
1715672321.393629,3617570.000,3000,1,TH,1,100,36.320
1715672321.524664,3617695.000,3017,1,TH,1,100,36.360
1715672321.656748,3617821.000,3033,1,TH,1,100,36.360
1715672321.789880,3617948.000,3051,1,TH,1,100,36.373
1715672321.921963,3618074.000,3082,1,TH,1,100,36.373
1715672322.057192,3618203.000,3099,1,TH,1,100,36.284
1715672322.191372,3618331.000,3116,1,TH,1,100,36.291
1715672322.325552,3618459.000,3137,1,TH,1,100,36.374
1715672322.457635,3618585.000,3169,1,TH,1,100,36.374
1715672322.589719,3618711.000,3186,1,TH,1,100,36.355
1715672322.720754,3618836.000,3202,1,TH,1,100,36.355
1715672322.853886,3618963.000,3223,1,TH,1,100,36.286
1715672322.987018,3619090.000,3242,1,TH,1,100,36.279
1715672323.122246,3619219.000,3274,1,TH,1,100,36.362
1715672323.255378,3619346.000,3291,1,TH,1,100,36.362
1715672323.388510,3619473.000,3309,1,TH,1,100,36.339
1715672323.523738,3619602.000,3327,1,TH,1,100,36.339
1715672323.654773,3619727.000,3361,1,TH,1,100,36.314
1715672323.785808,3619852.000,3378,1,TH,1,100,36.321
1715672323.918940,3619979.000,3395,1,TH,1,100,36.353
1715672324.051023,3620105.000,3411,1,TH,1,100,36.353
1715672324.185204,3620233.000,3432,1,TH,1,100,36.341
1715672324.319384,3620361.000,3463,1,TH,1,100,36.334
1715672324.452516,3620488.000,3480,1,TH,1,100,36.357
1715672324.587744,3620617.000,3499,1,TH,1,100,36.364
1715672324.719827,3620743.000,3531,1,TH,1,100,36.273
1715672324.850863,3620868.000,3550,1,TH,1,100,36.265
1715672324.981898,3620993.000,3567,1,TH,1,100,36.316
1715672325.115030,3621120.000,3584,1,TH,1,100,36.323
1715672325.247113,3621246.000,3601,1,TH,1,100,36.445
1715672325.382341,3621375.000,3636,1,TH,1,100,36.445
1715672325.516521,3621503.000,3652,1,TH,1,100,36.399
1715672325.650702,3621631.000,3671,1,TH,1,100,36.399
1715672325.782785,3621757.000,3705,1,TH,1,100,36.403
1715672325.915917,3621884.000,3721,1,TH,1,100,36.403
1715672326.046952,3622009.000,3738,1,TH,1,100,36.371
1715672326.180084,3622136.000,3758,1,TH,1,100,36.371
1715672326.313216,3622263.000,3775,1,TH,1,100,36.348
1715672326.448444,3622392.000,3807,1,TH,1,100,36.348
1715672326.581576,3622519.000,3825,1,TH,1,100,36.376
1715672326.715756,3622647.000,3842,1,TH,1,100,36.376
1715672326.852033,3622777.000,3862,1,TH,1,100,36.413
1715672326.983068,3622902.000,3893,1,TH,1,100,36.413
1715672327.114103,3623027.000,3911,1,TH,1,100,36.436
1715672327.246186,3623153.000,3927,1,TH,1,100,36.436
1715672327.378270,3623279.000,3947,1,TH,1,100,36.381
1715672327.512450,3623407.000,3979,1,TH,1,100,36.381
1715672327.646630,3623535.000,3997,1,TH,1,100,36.387
1715672327.779762,3623662.000,4015,1,TH,1,100,36.387
1715672327.914990,3623791.000,4031,1,TH,1,100,36.351
1715672328.047074,3623917.000,4066,1,TH,1,100,36.351
1715672328.178109,3624042.000,4083,1,TH,1,100,36.335
1715672328.309144,3624167.000,4104,1,TH,1,100,36.335
1715672328.442276,3624294.000,4122,1,TH,1,100,36.369
1715672328.574360,3624420.000,4138,1,TH,1,100,36.369
1715672328.709588,3624549.000,4158,1,TH,1,100,36.371
1715672328.843768,3624677.000,4192,1,TH,1,100,36.371
1715672328.977948,3624805.000,4208,1,TH,1,100,36.335
1715672329.112128,3624933.000,4226,1,TH,1,100,36.335
1715672329.245260,3625060.000,4242,1,TH,1,100,36.346
1715672329.376295,3625185.000,4277,1,TH,1,100,36.339
1715672329.509427,3625312.000,4294,1,TH,1,100,36.387
1715672329.641510,3625438.000,4310,1,TH,1,100,36.394
1715672329.776739,3625567.000,4330,1,TH,1,100,36.355
1715672329.909871,3625694.000,4364,1,TH,1,100,36.355
1715672330.044051,3625822.000,4381,1,TH,1,100,36.355
1715672330.180327,3625952.000,4398,1,TH,1,100,36.355
1715672330.311363,3626077.000,4414,1,TH,1,100,36.371
1715672330.442398,3626202.000,4432,1,TH,1,100,36.371
1715672330.573433,3626327.000,4463,1,TH,1,100,36.381
1715672330.705517,3626453.000,4479,1,TH,1,100,36.381
1715672330.839697,3626581.000,4499,1,TH,1,100,36.394
1715672330.973877,3626709.000,4517,1,TH,1,100,36.394
1715672331.107008,3626836.000,4549,1,TH,1,100,36.408
1715672331.242237,3626965.000,4569,1,TH,1,100,36.408
1715672331.374321,3627091.000,4585,1,TH,1,100,36.413
1715672331.507452,3627218.000,4603,1,TH,1,100,36.413
1715672331.638487,3627343.000,4634,1,TH,1,100,36.360
1715672331.771619,3627470.000,4651,1,TH,1,100,36.360
1715672331.903703,3627596.000,4668,1,TH,1,100,36.381
1715672332.038931,3627725.000,4686,1,TH,1,100,36.381
1715672332.173111,3627853.000,4718,1,TH,1,100,36.261
1715672332.307291,3627981.000,4735,1,TH,1,100,36.261
1715672332.441471,3628109.000,4752,1,TH,1,100,36.401
1715672332.574603,3628236.000,4772,1,TH,1,100,36.401
1715672332.705638,3628361.000,4804,1,TH,1,100,36.333
1715672332.837722,3628487.000,4820,1,TH,1,100,36.325
1715672332.969805,3628613.000,4837,1,TH,1,100,36.316
1715672333.105034,3628742.000,4857,1,TH,1,100,36.323
1715672333.238165,3628869.000,4890,1,TH,1,100,36.326
1715672333.372346,3628997.000,4908,1,TH,1,100,36.326
1715672333.508622,3629127.000,4924,1,TH,1,100,36.321
1715672333.639657,3629252.000,4941,1,TH,1,100,36.314
1715672333.770693,3629377.000,4981,1,TH,1,100,36.344
1715672333.901728,3629502.000,4997,1,TH,1,100,36.351
1715672334.033811,3629628.000,5014,1,TH,1,100,36.303
1715672334.167991,3629756.000,5031,1,TH,1,100,36.303
1715672334.302171,3629884.000,5067,1,TH,1,100,36.330
1715672334.435303,3630011.000,5085,1,TH,1,100,36.330
1715672334.570532,3630140.000,5101,1,TH,1,100,36.278
1715672334.702615,3630266.000,5118,1,TH,1,100,36.278
1715672334.835747,3630393.000,5150,1,TH,1,100,36.376
1715672334.966782,3630518.000,5166,1,TH,1,100,36.376
1715672335.099914,3630645.000,5187,1,TH,1,100,36.339
1715672335.230949,3630770.000,5203,1,TH,1,100,36.339
1715672335.366178,3630899.000,5237,1,TH,1,100,36.326
1715672335.499309,3631026.000,5254,1,TH,1,100,36.326
1715672335.633489,3631154.000,5273,1,TH,1,100,36.344
1715672335.767669,3631282.000,5291,1,TH,1,100,36.344
1715672335.900801,3631409.000,5324,1,TH,1,100,36.326
1715672336.031837,3631534.000,5341,1,TH,1,100,36.326
1715672336.162872,3631659.000,5360,1,TH,1,100,36.395
1715672336.294955,3631785.000,5376,1,TH,1,100,36.395
1715672336.430184,3631914.000,5411,1,TH,1,100,36.326
1715672336.563315,3632041.000,5428,1,TH,1,100,36.326
1715672336.697495,3632169.000,5444,1,TH,1,100,36.383
1715672336.833772,3632299.000,5462,1,TH,1,100,36.383
1715672336.964807,3632424.000,5496,1,TH,1,100,36.356
1715672337.096891,3632550.000,5513,1,TH,1,100,36.356
1715672337.227926,3632675.000,5532,1,TH,1,100,36.360
1715672337.360010,3632801.000,5548,1,TH,1,100,36.360
1715672337.494190,3632929.000,5580,1,TH,1,100,36.360
1715672337.628370,3633057.000,5597,1,TH,1,100,36.360
1715672337.761502,3633184.000,5614,1,TH,1,100,36.358
1715672337.896730,3633313.000,5631,1,TH,1,100,36.358
1715672338.030910,3633441.000,5652,1,TH,1,100,36.440
1715672338.164042,3633568.000,5670,1,TH,1,100,36.440
1715672338.295077,3633693.000,5687,1,TH,1,100,36.278
1715672338.428209,3633820.000,5704,1,TH,1,100,36.278
1715672338.559244,3633945.000,5735,1,TH,1,100,36.326
1715672338.694472,3634074.000,5753,1,TH,1,100,36.326
1715672338.827604,3634201.000,5769,1,TH,1,100,36.353
1715672338.961784,3634329.000,5786,1,TH,1,100,36.353
1715672339.095964,3634457.000,5811,1,TH,1,100,36.344
1715672339.229096,3634584.000,5844,1,TH,1,100,36.344
1715672339.360131,3634709.000,5862,1,TH,1,100,36.341
1715672339.491167,3634834.000,5881,1,TH,1,100,36.341
1715672339.623250,3634960.000,5898,1,TH,1,100,36.415
1715672339.758478,3635089.000,5915,1,TH,1,100,36.415
1715672339.891610,3635216.000,5946,1,TH,1,100,36.339
1715672340.025790,3635344.000,5963,1,TH,1,100,36.339
1715672340.162067,3635474.000,5980,1,TH,1,100,36.362
1715672340.293102,3635599.000,6014,1,TH,1,100,36.362
1715672340.425186,3635725.000,6034,1,TH,1,100,36.403
1715672340.556221,3635850.000,6050,1,TH,1,100,36.403
1715672340.688304,3635976.000,6067,1,TH,1,100,36.326
1715672340.822484,3636104.000,6101,1,TH,1,100,36.326
1715672340.956665,3636232.000,6117,1,TH,1,100,36.385
1715672341.089796,3636359.000,6135,1,TH,1,100,36.385
1715672341.225025,3636488.000,6151,1,TH,1,100,36.369
1715672341.358156,3636615.000,6183,1,TH,1,100,36.369
1715672341.491288,3636742.000,6202,1,TH,1,100,36.378
1715672341.622324,3636867.000,6221,1,TH,1,100,36.378
1715672341.755455,3636994.000,6239,1,TH,1,100,36.330
1715672341.885442,3637118.000,6270,1,TH,1,100,36.330
1715672342.020671,3637247.000,6287,1,TH,1,100,36.390
1715672342.153802,3637374.000,6307,1,TH,1,100,36.390
1715672342.287982,3637502.000,6323,1,TH,1,100,36.342
1715672342.422163,3637630.000,6341,1,TH,1,100,36.342
1715672342.555294,3637757.000,6374,1,TH,1,100,36.401
1715672342.686330,3637882.000,6390,1,TH,1,100,36.401
1715672342.816317,3638006.000,6411,1,TH,1,100,36.353
1715672342.948400,3638132.000,6427,1,TH,1,100,36.353
1715672343.083628,3638261.000,6459,1,TH,1,100,36.376
1715672343.216760,3638388.000,6476,1,TH,1,100,36.376
1715672343.350940,3638516.000,6495,1,TH,1,100,36.422
1715672343.487217,3638646.000,6513,1,TH,1,100,36.422
1715672343.618252,3638771.000,6546,1,TH,1,100,36.353
1715672343.751384,3638898.000,6563,1,TH,1,100,36.353
1715672343.882419,3639023.000,6580,1,TH,1,100,36.403
1715672344.014503,3639149.000,6596,1,TH,1,100,36.403
1715672344.148683,3639277.000,6631,1,TH,1,100,36.362
1715672344.282863,3639405.000,6648,1,TH,1,100,36.362
1715672344.415995,3639532.000,6670,1,TH,1,100,36.353
1715672344.551223,3639661.000,6687,1,TH,1,100,36.353
1715672344.685403,3639789.000,6706,1,TH,1,100,36.371
1715672344.818535,3639916.000,6740,1,TH,1,100,36.371
1715672344.949570,3640041.000,6757,1,TH,1,100,36.397
1715672345.082702,3640168.000,6774,1,TH,1,100,36.397
1715672345.212689,3640292.000,6791,1,TH,1,100,36.307
1715672345.347917,3640421.000,6826,1,TH,1,100,36.307
1715672345.481049,3640548.000,6842,1,TH,1,100,36.316
1715672345.614181,3640675.000,6859,1,TH,1,100,36.316
1715672345.749409,3640804.000,6876,1,TH,1,100,36.362
1715672345.882541,3640931.000,6911,1,TH,1,100,36.362
1715672346.013576,3641056.000,6928,1,TH,1,100,36.326
1715672346.143563,3641180.000,6945,1,TH,1,100,36.326
1715672346.275646,3641306.000,6962,1,TH,1,100,36.385
1715672346.410875,3641435.000,6994,1,TH,1,100,36.385
1715672346.544007,3641562.000,7010,1,TH,1,100,36.371
1715672346.678187,3641690.000,7030,1,TH,1,100,36.371
1715672346.814463,3641820.000,7047,1,TH,1,100,36.280
1715672346.945499,3641945.000,7080,1,TH,1,100,36.280
1715672347.078630,3642072.000,7098,1,TH,1,100,36.337
1715672347.209666,3642197.000,7114,1,TH,1,100,36.337
1715672347.341749,3642323.000,7131,1,TH,1,100,36.355
1715672347.475929,3642451.000,7163,1,TH,1,100,36.355
1715672347.610109,3642579.000,7179,1,TH,1,100,36.353
1715672347.743241,3642706.000,7197,1,TH,1,100,36.353
1715672347.878469,3642835.000,7228,1,TH,1,100,36.353
1715672348.012650,3642963.000,7250,1,TH,1,100,36.353
1715672348.145781,3643090.000,7267,1,TH,1,100,36.401
1715672348.276817,3643215.000,7283,1,TH,1,100,36.401
1715672348.408900,3643341.000,7315,1,TH,1,100,36.339
1715672348.538887,3643465.000,7335,1,TH,1,100,36.339
1715672348.674115,3643594.000,7351,1,TH,1,100,36.358
1715672348.807247,3643721.000,7369,1,TH,1,100,36.358
1715672348.940379,3643848.000,7400,1,TH,1,100,36.431
1715672349.075607,3643977.000,7417,1,TH,1,100,36.431
1715672349.208739,3644104.000,7436,1,TH,1,100,36.358
1715672349.340823,3644230.000,7455,1,TH,1,100,36.358
1715672349.470809,3644354.000,7487,1,TH,1,100,36.374
1715672349.602893,3644480.000,7504,1,TH,1,100,36.374
1715672349.738122,3644609.000,7521,1,TH,1,100,36.365
1715672349.871253,3644736.000,7543,1,TH,1,100,36.365
1715672350.005433,3644864.000,7562,1,TH,1,100,36.378
1715672350.141710,3644994.000,7594,1,TH,1,100,36.378
1715672350.272745,3645119.000,7611,1,TH,1,100,36.351
1715672350.406925,3645247.000,7630,1,TH,1,100,36.351
1715672350.537961,3645372.000,7664,1,TH,1,100,36.383
1715672350.670044,3645498.000,7682,1,TH,1,100,36.383
1715672350.803176,3645625.000,7700,1,TH,1,100,36.378
1715672350.937356,3645753.000,7717,1,TH,1,100,36.378
1715672351.070488,3645880.000,7752,1,TH,1,100,36.388
1715672351.205716,3646009.000,7768,1,TH,1,100,36.388
1715672351.339896,3646137.000,7785,1,TH,1,100,36.390
1715672351.473028,3646264.000,7804,1,TH,1,100,36.390
1715672351.604063,3646389.000,7821,1,TH,1,100,36.362
1715672351.735098,3646514.000,7853,1,TH,1,100,36.362
1715672351.865085,3646638.000,7872,1,TH,1,100,36.371
1715672352.000314,3646767.000,7889,1,TH,1,100,36.371
1715672352.133446,3646894.000,7906,1,TH,1,100,36.348
1715672352.266577,3647021.000,7937,1,TH,1,100,36.348
1715672352.401806,3647150.000,7955,1,TH,1,100,36.319
1715672352.534937,3647277.000,7974,1,TH,1,100,36.319
1715672352.668069,3647404.000,7993,1,TH,1,100,36.330
1715672352.798056,3647528.000,8025,1,TH,1,100,36.330
1715672352.930140,3647654.000,8041,1,TH,1,100,36.406
1715672353.065368,3647783.000,8059,1,TH,1,100,36.406
1715672353.198500,3647910.000,8075,1,TH,1,100,36.374
1715672353.332680,3648038.000,8110,1,TH,1,100,36.374
1715672353.468956,3648168.000,8127,1,TH,1,100,36.287
1715672353.601040,3648294.000,8143,1,TH,1,100,36.287
1715672353.735220,3648422.000,8180,1,TH,1,100,36.394
1715672353.866255,3648547.000,8197,1,TH,1,100,36.394
1715672353.998339,3648673.000,8213,1,TH,1,100,36.374
1715672354.130422,3648799.000,8231,1,TH,1,100,36.374
1715672354.264602,3648927.000,8262,1,TH,1,100,36.291
1715672354.397734,3649054.000,8282,1,TH,1,100,36.291
1715672354.532963,3649183.000,8299,1,TH,1,100,36.401
1715672354.667143,3649311.000,8315,1,TH,1,100,36.401
1715672354.800274,3649438.000,8349,1,TH,1,100,36.305
1715672354.931310,3649563.000,8369,1,TH,1,100,36.305
1715672355.062345,3649688.000,8386,1,TH,1,100,36.346
1715672355.192332,3649812.000,8408,1,TH,1,100,36.346
1715672355.327560,3649941.000,8424,1,TH,1,100,36.369
1715672355.460692,3650068.000,8456,1,TH,1,100,36.369
1715672355.593824,3650195.000,8473,1,TH,1,100,36.376
1715672355.729052,3650324.000,8493,1,TH,1,100,36.376
1715672355.862184,3650451.000,8512,1,TH,1,100,36.401
1715672355.996364,3650579.000,8546,1,TH,1,100,36.401
1715672356.126351,3650703.000,8562,1,TH,1,100,36.374
1715672356.258434,3650829.000,8579,1,TH,1,100,36.374
1715672356.392614,3650957.000,8599,1,TH,1,100,36.342
1715672356.525746,3651084.000,8616,1,TH,1,100,36.342
1715672356.659926,3651212.000,8648,1,TH,1,100,36.303
1715672356.796203,3651342.000,8664,1,TH,1,100,36.303
1715672356.928287,3651468.000,8684,1,TH,1,100,36.424
1715672357.062467,3651596.000,8701,1,TH,1,100,36.424
1715672357.193502,3651721.000,8734,1,TH,1,100,36.259
1715672357.324537,3651846.000,8752,1,TH,1,100,36.259
1715672357.456620,3651972.000,8771,1,TH,1,100,36.319
1715672357.590801,3652100.000,8788,1,TH,1,100,36.319
1715672357.723933,3652227.000,8820,1,TH,1,100,36.376
1715672357.859161,3652356.000,8836,1,TH,1,100,36.376
1715672357.993341,3652484.000,8853,1,TH,1,100,36.328
1715672358.126473,3652611.000,8870,1,TH,1,100,36.328
1715672358.258556,3652737.000,8906,1,TH,1,100,36.411
1715672358.389591,3652862.000,8924,1,TH,1,100,36.411
1715672358.519578,3652986.000,8940,1,TH,1,100,36.378
1715672358.654807,3653115.000,8957,1,TH,1,100,36.378
1715672358.787938,3653242.000,8989,1,TH,1,100,36.360
1715672358.921070,3653369.000,9005,1,TH,1,100,36.360
1715672359.056298,3653498.000,9023,1,TH,1,100,36.417
1715672359.189430,3653625.000,9039,1,TH,1,100,36.417
1715672359.324659,3653754.000,9073,1,TH,1,100,36.307
1715672359.454646,3653878.000,9090,1,TH,1,100,36.314
1715672359.586729,3654004.000,9109,1,TH,1,100,36.384
1715672359.719861,3654131.000,9127,1,TH,1,100,36.376
1715672359.852993,3654258.000,9158,1,TH,1,100,36.319
1715672359.987173,3654386.000,9174,1,TH,1,100,36.326
1715672360.123450,3654516.000,9192,1,TH,1,100,36.418
1715672360.255533,3654642.000,9208,1,TH,1,100,36.418
1715672360.389713,3654770.000,9242,1,TH,1,100,36.351
1715672360.520748,3654895.000,9264,1,TH,1,100,36.351
1715672360.650735,3655019.000,9280,1,TH,1,100,36.461
1715672360.782819,3655145.000,9300,1,TH,1,100,36.461
1715672360.916999,3655273.000,9334,1,TH,1,100,36.328
1715672361.050131,3655400.000,9351,1,TH,1,100,36.328
1715672361.185359,3655529.000,9368,1,TH,1,100,36.303
1715672361.319539,3655657.000,9384,1,TH,1,100,36.303
1715672361.452671,3655784.000,9421,1,TH,1,100,36.324
1715672361.585803,3655911.000,9438,1,TH,1,100,36.324
1715672361.716838,3656036.000,9455,1,TH,1,100,36.306
1715672361.846825,3656160.000,9472,1,TH,1,100,36.306
1715672361.982053,3656289.000,9488,1,TH,1,100,36.418
1715672362.115185,3656416.000,9523,1,TH,1,100,36.418
1715672362.248317,3656543.000,9540,1,TH,1,100,36.377
1715672362.383545,3656672.000,9557,1,TH,1,100,36.377
1715672362.516677,3656799.000,9590,1,TH,1,100,36.370
1715672362.651905,3656928.000,9608,1,TH,1,100,36.370
1715672362.781892,3657052.000,9624,1,TH,1,100,36.409
1715672362.913976,3657178.000,9641,1,TH,1,100,36.409
1715672363.046059,3657304.000,9673,1,TH,1,100,36.299
1715672363.179191,3657431.000,9689,1,TH,1,100,36.299
1715672363.313371,3657559.000,9706,1,TH,1,100,36.386
1715672363.449648,3657689.000,9723,1,TH,1,100,36.386
1715672363.581731,3657815.000,9759,1,TH,1,100,36.409
1715672363.715911,3657943.000,9777,1,TH,1,100,36.409
1715672363.846946,3658068.000,9793,1,TH,1,100,36.388
1715672363.977982,3658193.000,9813,1,TH,1,100,36.388
1715672364.110065,3658319.000,9845,1,TH,1,100,36.409
1715672364.244245,3658447.000,9861,1,TH,1,100,36.409
1715672364.377377,3658574.000,9879,1,TH,1,100,36.340
1715672364.512605,3658703.000,9895,1,TH,1,100,36.340
1715672364.646785,3658831.000,9930,1,TH,1,100,36.338
1715672364.779917,3658958.000,9949,1,TH,1,100,36.338
1715672364.915146,3659087.000,9965,1,TH,1,100,36.381
1715672365.046181,3659212.000,9983,1,TH,1,100,36.381
1715672365.176168,3659336.000,10014,1,TH,1,100,36.393
1715672365.310348,3659464.000,10031,1,TH,1,100,36.393
1715672365.443480,3659591.000,10048,1,TH,1,100,36.379
1715672365.576612,3659718.000,10064,1,TH,1,100,36.379
1715672365.711840,3659847.000,10098,1,TH,1,100,36.393
1715672365.846544,3659975.500,10124,2,TH,1,100,36.393
1715672365.981248,3660104.000,10124,2,TH,1,100,36.416
1715672366.111235,3660228.000,10141,1,TH,1,100,36.416
1715672366.243319,3660354.000,10157,1,TH,1,100,36.464
1715672366.375402,3660480.000,10175,1,TH,1,100,36.464
1715672366.508534,3660607.000,10191,1,TH,1,100,36.374
1715672366.642714,3660735.000,10211,1,TH,1,100,36.374
1715672366.778991,3660865.000,10245,1,TH,1,100,36.404
1715672366.911074,3660991.000,10261,1,TH,1,100,36.404
1715672367.045254,3661119.000,10279,1,TH,1,100,36.425
1715672367.178386,3661246.000,10310,1,TH,1,100,36.425
1715672367.309421,3661371.000,10327,1,TH,1,100,36.326
1715672367.441505,3661497.000,10347,1,TH,1,100,36.326
1715672367.575685,3661625.000,10363,1,TH,1,100,36.367
1715672367.706720,3661750.000,10384,1,TH,1,100,36.367
1715672367.841949,3661879.000,10402,1,TH,1,100,36.365
1715672367.977177,3662008.000,10434,1,TH,1,100,36.365
1715672368.110309,3662135.000,10451,1,TH,1,100,36.400
1715672368.245537,3662264.000,10467,1,TH,1,100,36.392
1715672368.376572,3662389.000,10485,1,TH,1,100,36.429
1715672368.506559,3662513.000,10519,1,TH,1,100,36.437
1715672368.638643,3662639.000,10536,1,TH,1,100,36.326
1715672368.771775,3662766.000,10553,1,TH,1,100,36.326
1715672368.904906,3662893.000,10571,1,TH,1,100,36.462
1715672369.040135,3663022.000,10589,1,TH,1,100,36.462
1715672369.174315,3663150.000,10623,1,TH,1,100,36.411
1715672369.309543,3663279.000,10639,1,TH,1,100,36.411
1715672369.439530,3663403.000,10657,1,TH,1,100,36.407
1715672369.572662,3663530.000,10688,1,TH,1,100,36.407
1715672369.705270,3663656.500,10711,2,TH,1,100,36.200
1715672369.837877,3663783.000,10711,2,TH,1,100,36.200
1715672369.972057,3663911.000,10728,1,TH,1,100,36.354
1715672370.108334,3664041.000,10745,1,TH,1,100,36.354
1715672370.240417,3664167.000,10761,1,TH,1,100,36.314
1715672370.374598,3664295.000,10782,1,TH,1,100,36.314
1715672370.508778,3664423.000,10813,1,TH,1,100,36.390
1715672370.639813,3664548.000,10830,1,TH,1,100,36.390
1715672370.771896,3664674.000,10849,1,TH,1,100,36.377
1715672370.905028,3664801.000,10865,1,TH,1,100,36.377
1715672371.036063,3664926.000,10900,1,TH,1,100,36.361
1715672371.171292,3665055.000,10919,1,TH,1,100,36.361
1715672371.305472,3665183.000,10941,1,TH,1,100,36.370
1715672371.438603,3665310.000,10958,1,TH,1,100,36.370
1715672371.573832,3665439.000,10974,1,TH,1,100,36.416
1715672371.704867,3665564.000,11009,1,TH,1,100,36.416
1715672371.834854,3665688.000,11026,1,TH,1,100,36.413
1715672371.966938,3665814.000,11042,1,TH,1,100,36.413
1715672372.100069,3665941.000,11060,1,TH,1,100,36.416
1715672372.233201,3666068.000,11076,1,TH,1,100,36.416
1715672372.368429,3666197.000,11113,1,TH,1,100,36.411
1715672372.502609,3666325.000,11130,1,TH,1,100,36.411
1715672372.637838,3666454.000,11146,1,TH,1,100,36.397
1715672372.768873,3666579.000,11164,1,TH,1,100,36.397
1715672372.902005,3666706.000,11195,1,TH,1,100,36.349
1715672373.034088,3666832.000,11215,1,TH,1,100,36.349
1715672373.167220,3666959.000,11232,1,TH,1,100,36.393
1715672373.300352,3667086.000,11248,1,TH,1,100,36.393
1715672373.436629,3667216.000,11268,1,TH,1,100,36.397
1715672373.568712,3667342.000,11299,1,TH,1,100,36.397
1715672373.702892,3667470.000,11319,1,TH,1,100,36.427
1715672373.837072,3667598.000,11336,1,TH,1,100,36.427
1715672373.968107,3667723.000,11352,1,TH,1,100,36.310
1715672374.100191,3667849.000,11387,1,TH,1,100,36.310
1715672374.232275,3667975.000,11404,1,TH,1,100,36.388
1715672374.363310,3668100.000,11421,1,TH,1,100,36.388
1715672374.498538,3668229.000,11438,1,TH,1,100,36.383
1715672374.632718,3668357.000,11472,1,TH,1,100,36.383
1715672374.765850,3668484.000,11488,1,TH,1,100,36.324
1715672374.901078,3668613.000,11505,1,TH,1,100,36.324
1715672375.032114,3668738.000,11525,1,TH,1,100,36.352
1715672375.163149,3668863.000,11556,1,TH,1,100,36.352
1715672375.295232,3668989.000,11574,1,TH,1,100,36.338
1715672375.428364,3669116.000,11590,1,TH,1,100,36.338
1715672375.561496,3669243.000,11607,1,TH,1,100,36.372
1715672375.696724,3669372.000,11643,1,TH,1,100,36.372
1715672375.830904,3669500.000,11659,1,TH,1,100,36.395
1715672375.965085,3669628.000,11676,1,TH,1,100,36.395
1715672376.098216,3669755.000,11693,1,TH,1,100,36.393
1715672376.231348,3669882.000,11727,1,TH,1,100,36.393
1715672376.363431,3670008.000,11745,1,TH,1,100,36.420
1715672376.496563,3670135.000,11761,1,TH,1,100,36.420
1715672376.628647,3670261.000,11778,1,TH,1,100,36.420
1715672376.764924,3670391.000,11805,1,TH,1,100,36.420
1715672376.897007,3670517.000,11836,1,TH,1,100,36.377
1715672377.031187,3670645.000,11854,1,TH,1,100,36.377
1715672377.165367,3670773.000,11870,1,TH,1,100,36.375
1715672377.296402,3670898.000,11887,1,TH,1,100,36.375
1715672377.428486,3671024.000,11922,1,TH,1,100,36.402
1715672377.560569,3671150.000,11938,1,TH,1,100,36.402
1715672377.691605,3671275.000,11958,1,TH,1,100,36.393
1715672377.826833,3671404.000,11974,1,TH,1,100,36.393
1715672377.961013,3671532.000,11991,1,TH,1,100,36.375
1715672378.094145,3671659.000,12026,1,TH,1,100,36.375
1715672378.229373,3671788.000,12042,1,TH,1,100,36.439
1715672378.360408,3671913.000,12060,1,TH,1,100,36.439
1715672378.492492,3672039.000,12076,1,TH,1,100,36.377
1715672378.624575,3672165.000,12108,1,TH,1,100,36.377
1715672378.757707,3672292.000,12127,1,TH,1,100,36.340
1715672378.890839,3672419.000,12146,1,TH,1,100,36.347
1715672379.026067,3672548.000,12164,1,TH,1,100,36.345
1715672379.160248,3672676.000,12195,1,TH,1,100,36.338
1715672379.294428,3672804.000,12215,1,TH,1,100,36.337
1715672379.428608,3672932.000,12232,1,TH,1,100,36.345
1715672379.561739,3673059.000,12248,1,TH,1,100,36.409
1715672379.693823,3673185.000,12268,1,TH,1,100,36.409
1715672379.826955,3673312.000,12299,1,TH,1,100,36.338
1715672379.959038,3673438.000,12316,1,TH,1,100,36.338
1715672380.095315,3673568.000,12333,1,TH,1,100,36.380
1715672380.227398,3673694.000,12352,1,TH,1,100,36.372
1715672380.361578,3673822.000,12384,1,TH,1,100,36.425
1715672380.495759,3673950.000,12401,1,TH,1,100,36.432
1715672380.626794,3674075.000,12419,1,TH,1,100,36.363
1715672380.758877,3674201.000,12442,1,TH,1,100,36.363
1715672380.890961,3674327.000,12473,1,TH,1,100,36.405
1715672381.021996,3674452.000,12490,1,TH,1,100,36.405
1715672381.157224,3674581.000,12507,1,TH,1,100,36.363
1715672381.291404,3674709.000,12523,1,TH,1,100,36.363
1715672381.424536,3674836.000,12544,1,TH,1,100,36.377
1715672381.559765,3674965.000,12577,1,TH,1,100,36.377
1715672381.690800,3675090.000,12594,1,TH,1,100,36.458
1715672381.822883,3675216.000,12611,1,TH,1,100,36.450
1715672381.954967,3675342.000,12630,1,TH,1,100,36.379
1715672382.088099,3675469.000,12653,1,TH,1,100,36.386
1715672382.220182,3675595.000,12669,1,TH,1,100,36.322
1715672382.355410,3675724.000,12701,1,TH,1,100,36.322
1715672382.489591,3675852.000,12720,1,TH,1,100,36.329
1715672382.623771,3675980.000,12736,1,TH,1,100,36.329
1715672382.757951,3676108.000,12757,1,TH,1,100,36.460
1715672382.891083,3676235.000,12788,1,TH,1,100,36.460
1715672383.023166,3676361.000,12805,1,TH,1,100,36.407
1715672383.155250,3676487.000,12824,1,TH,1,100,36.407
1715672383.287333,3676613.000,12859,1,TH,1,100,36.418
1715672383.423610,3676743.000,12875,1,TH,1,100,36.411
1715672383.555693,3676869.000,12892,1,TH,1,100,36.297
1715672383.689873,3676997.000,12909,1,TH,1,100,36.304
1715672383.824053,3677125.000,12943,1,TH,1,100,36.402
1715672383.955089,3677250.000,12961,1,TH,1,100,36.402
1715672384.087172,3677376.000,12979,1,TH,1,100,36.396
1715672384.219255,3677502.000,12996,1,TH,1,100,36.396
1715672384.350291,3677627.000,13028,1,TH,1,100,36.379
1715672384.485519,3677756.000,13047,1,TH,1,100,36.379
1715672384.619699,3677884.000,13064,1,TH,1,100,36.391
1715672384.752831,3678011.000,13081,1,TH,1,100,36.391
1715672384.888059,3678140.000,13112,1,TH,1,100,36.391
1715672385.020143,3678266.000,13130,1,TH,1,100,36.391
1715672385.152226,3678392.000,13146,1,TH,1,100,36.416
1715672385.284310,3678518.000,13168,1,TH,1,100,36.416
1715672385.417442,3678645.000,13200,1,TH,1,100,36.425
1715672385.549525,3678771.000,13216,1,TH,1,100,36.425
1715672385.684753,3678900.000,13234,1,TH,1,100,36.428
1715672385.818933,3679028.000,13255,1,TH,1,100,36.428
1715672385.953114,3679156.000,13287,1,TH,1,100,36.389
1715672386.087294,3679284.000,13304,1,TH,1,100,36.389
1715672386.220426,3679411.000,13322,1,TH,1,100,36.308
1715672386.352509,3679537.000,13340,1,TH,1,100,36.308
1715672386.484593,3679663.000,13374,1,TH,1,100,36.410
1715672386.616676,3679789.000,13391,1,TH,1,100,36.410
1715672386.752953,3679919.000,13408,1,TH,1,100,36.396
1715672386.885036,3680045.000,13424,1,TH,1,100,36.396
1715672387.019216,3680173.000,13459,1,TH,1,100,36.403
1715672387.153396,3680301.000,13476,1,TH,1,100,36.403
1715672387.284432,3680426.000,13494,1,TH,1,100,36.453
1715672387.416515,3680552.000,13517,1,TH,1,100,36.453
1715672387.548599,3680678.000,13533,1,TH,1,100,36.377
1715672387.679634,3680803.000,13551,1,TH,1,100,36.377
1715672387.814862,3680932.000,13585,1,TH,1,100,36.384
1715672387.949042,3681060.000,13602,1,TH,1,100,36.384
1715672388.082174,3681187.000,13619,1,TH,1,100,36.341
1715672388.217402,3681316.000,13635,1,TH,1,100,36.341
1715672388.349486,3681442.000,13672,1,TH,1,100,36.451
1715672388.481570,3681568.000,13689,1,TH,1,100,36.451
1715672388.613653,3681694.000,13705,1,TH,1,100,36.384
1715672388.746785,3681821.000,13723,1,TH,1,100,36.384
1715672388.877820,3681946.000,13754,1,TH,1,100,36.386
1715672389.013048,3682075.000,13774,1,TH,1,100,36.386
1715672389.147228,3682203.000,13791,1,TH,1,100,36.302
1715672389.281409,3682331.000,13807,1,TH,1,100,36.302
1715672389.415589,3682459.000,13841,1,TH,1,100,36.377
1715672389.548720,3682586.000,13861,1,TH,1,100,36.377
1715672389.680804,3682712.000,13878,1,TH,1,100,36.375
1715672389.811839,3682837.000,13895,1,TH,1,100,36.375
1715672389.943923,3682963.000,13927,1,TH,1,100,36.341
1715672390.080199,3683093.000,13943,1,TH,1,100,36.341
1715672390.212283,3683219.000,13960,1,TH,1,100,36.386
1715672390.346463,3683347.000,13977,1,TH,1,100,36.386
1715672390.480643,3683475.000,14013,1,TH,1,100,36.373
1715672390.611678,3683600.000,14031,1,TH,1,100,36.373
1715672390.744810,3683727.000,14049,1,TH,1,100,36.469
1715672390.876894,3683853.000,14066,1,TH,1,100,36.469
1715672391.007929,3683978.000,14101,1,TH,1,100,36.441
1715672391.143157,3684107.000,14117,1,TH,1,100,36.441
1715672391.277337,3684235.000,14134,1,TH,1,100,36.416
1715672391.410469,3684362.000,14151,1,TH,1,100,36.416
1715672391.545697,3684491.000,14184,1,TH,1,100,36.373
1715672391.678829,3684618.000,14202,1,TH,1,100,36.373
1715672391.810913,3684744.000,14221,1,TH,1,100,36.405
1715672391.942996,3684870.000,14238,1,TH,1,100,36.405
1715672392.076128,3684997.000,14270,1,TH,1,100,36.418
1715672392.206115,3685121.000,14289,1,TH,1,100,36.418
1715672392.341343,3685250.000,14307,1,TH,1,100,36.412
1715672392.475523,3685378.000,14325,1,TH,1,100,36.412
1715672392.609703,3685506.000,14357,1,TH,1,100,36.485
1715672392.743883,3685634.000,14379,1,TH,1,100,36.485
1715672392.877015,3685761.000,14398,1,TH,1,100,36.467
1715672393.009099,3685887.000,14416,1,TH,1,100,36.467
1715672393.140134,3686012.000,14432,1,TH,1,100,36.421
1715672393.272217,3686138.000,14466,1,TH,1,100,36.421
1715672393.408494,3686268.000,14486,1,TH,1,100,36.389
1715672393.540578,3686394.000,14502,1,TH,1,100,36.389
1715672393.674758,3686522.000,14520,1,TH,1,100,36.352
1715672393.808938,3686650.000,14551,1,TH,1,100,36.352
1715672393.939973,3686775.000,14568,1,TH,1,100,36.389
1715672394.074153,3686903.000,14585,1,TH,1,100,36.389
1715672394.206237,3687029.000,14603,1,TH,1,100,36.515
1715672394.337272,3687154.000,14638,1,TH,1,100,36.515
1715672394.472500,3687283.000,14655,1,TH,1,100,36.396
1715672394.606680,3687411.000,14671,1,TH,1,100,36.396
1715672394.739812,3687538.000,14689,1,TH,1,100,36.499
1715672394.875040,3687667.000,14720,1,TH,1,100,36.499
1715672395.008172,3687794.000,14737,1,TH,1,100,36.371
1715672395.140256,3687920.000,14756,1,TH,1,100,36.371
1715672395.272339,3688046.000,14772,1,TH,1,100,36.343
1715672395.404423,3688172.000,14807,1,TH,1,100,36.343
1715672395.534410,3688296.000,14824,1,TH,1,100,36.329
1715672395.669638,3688425.000,14841,1,TH,1,100,36.329
1715672395.803818,3688553.000,14860,1,TH,1,100,36.448
1715672395.937998,3688681.000,14892,1,TH,1,100,36.448
1715672396.072178,3688809.000,14913,1,TH,1,100,36.384
1715672396.205310,3688936.000,14930,1,TH,1,100,36.384
1715672396.338442,3689063.000,14947,1,TH,1,100,36.421
1715672396.469477,3689188.000,14978,1,TH,1,100,36.421
1715672396.601560,3689314.000,14996,1,TH,1,100,36.334
1715672396.737837,3689444.000,15015,1,TH,1,100,36.334
1715672396.869921,3689570.000,15032,1,TH,1,100,36.375
1715672397.004101,3689698.000,15049,1,TH,1,100,36.375
1715672397.138281,3689826.000,15082,1,TH,1,100,36.338
1715672397.270364,3689952.000,15099,1,TH,1,100,36.338
1715672397.404544,3690080.000,15119,1,TH,1,100,36.435
1715672397.536628,3690206.000,15136,1,TH,1,100,36.435
1715672397.667663,3690331.000,15168,1,TH,1,100,36.391
1715672397.800795,3690458.000,15184,1,TH,1,100,36.391
1715672397.934975,3690586.000,15201,1,TH,1,100,36.393
1715672398.068107,3690713.000,15218,1,TH,1,100,36.401
1715672398.203335,3690842.000,15245,1,TH,1,100,36.394
1715672398.336467,3690969.000,15277,1,TH,1,100,36.386
1715672398.468550,3691095.000,15293,1,TH,1,100,36.348
1715672398.600634,3691221.000,15310,1,TH,1,100,36.348
1715672398.732718,3691347.000,15327,1,TH,1,100,36.361
1715672398.862704,3691471.000,15358,1,TH,1,100,36.361
1715672398.997933,3691600.000,15376,1,TH,1,100,36.426
1715672399.132113,3691728.000,15392,1,TH,1,100,36.426
1715672399.266293,3691856.000,15409,1,TH,1,100,36.295
1715672399.400473,3691984.000,15443,1,TH,1,100,36.295
1715672399.533605,3692111.000,15459,1,TH,1,100,36.391
1715672399.667785,3692239.000,15477,1,TH,1,100,36.391
1715672399.798820,3692364.000,15493,1,TH,1,100,36.368
1715672399.930903,3692490.000,15528,1,TH,1,100,36.368
1715672400.067180,3692620.000,15545,1,TH,1,100,36.401
1715672400.199264,3692746.000,15561,1,TH,1,100,36.408
1715672400.333444,3692874.000,15581,1,TH,1,100,36.350
1715672400.467624,3693002.000,15612,1,TH,1,100,36.343
1715672400.600756,3693129.000,15631,1,TH,1,100,36.442
1715672400.734936,3693257.000,15651,1,TH,1,100,36.442
1715672400.866495,3693382.500,15684,2,TH,1,100,36.396
1715672400.998055,3693508.000,15684,2,TH,1,100,36.396
1715672401.130138,3693634.000,15703,1,TH,1,100,36.405
1715672401.264318,3693762.000,15720,1,TH,1,100,36.405
1715672401.397450,3693889.000,15739,1,TH,1,100,36.375
1715672401.532678,3694018.000,15770,1,TH,1,100,36.375
1715672401.665810,3694145.000,15788,1,TH,1,100,36.446
1715672401.797894,3694271.000,15804,1,TH,1,100,36.446
1715672401.929977,3694397.000,15821,1,TH,1,100,36.384
1715672402.062061,3694523.000,15856,1,TH,1,100,36.384
1715672402.192047,3694647.000,15872,1,TH,1,100,36.311
1715672402.327276,3694776.000,15890,1,TH,1,100,36.318
1715672402.461456,3694904.000,15911,1,TH,1,100,36.417
1715672402.595636,3695032.000,15943,1,TH,1,100,36.417
1715672402.729816,3695160.000,15960,1,TH,1,100,36.389
1715672402.862948,3695287.000,15976,1,TH,1,100,36.389
1715672402.997128,3695415.000,15994,1,TH,1,100,36.442
1715672403.129211,3695541.000,16025,1,TH,1,100,36.442
1715672403.261295,3695667.000,16046,1,TH,1,100,36.327
1715672403.396523,3695796.000,16064,1,TH,1,100,36.327
1715672403.528607,3695922.000,16085,1,TH,1,100,36.442
1715672403.662787,3696050.000,16117,1,TH,1,100,36.442
1715672403.796967,3696178.000,16134,1,TH,1,100,36.373
1715672403.930099,3696305.000,16150,1,TH,1,100,36.373
1715672404.064279,3696433.000,16168,1,TH,1,100,36.397
1715672404.196362,3696559.000,16199,1,TH,1,100,36.397
1715672404.326349,3696683.000,16216,1,TH,1,100,36.422
1715672404.458433,3696809.000,16235,1,TH,1,100,36.422
1715672404.592613,3696937.000,16254,1,TH,1,100,36.405
1715672404.725745,3697064.000,16286,1,TH,1,100,36.405
1715672404.860973,3697193.000,16303,1,TH,1,100,36.378
1715672404.994105,3697320.000,16320,1,TH,1,100,36.378
1715672405.126188,3697446.000,16337,1,TH,1,100,36.467
1715672405.259320,3697573.000,16372,1,TH,1,100,36.467
1715672405.391404,3697699.000,16388,1,TH,1,100,36.334
1715672405.521390,3697823.000,16407,1,TH,1,100,36.335
1715672405.656619,3697952.000,16424,1,TH,1,100,36.396
1715672405.789751,3698079.000,16446,1,TH,1,100,36.396
1715672405.923931,3698207.000,16478,1,TH,1,100,36.401
1715672406.058111,3698335.000,16494,1,TH,1,100,36.401
1715672406.191243,3698462.000,16511,1,TH,1,100,36.422
1715672406.325423,3698590.000,16528,1,TH,1,100,36.422
1715672406.457506,3698716.000,16561,1,TH,1,100,36.399
1715672406.589590,3698842.000,16579,1,TH,1,100,36.399
1715672406.723770,3698970.000,16595,1,TH,1,100,36.415
1715672406.855853,3699096.000,16612,1,TH,1,100,36.415
1715672406.990033,3699224.000,16647,1,TH,1,100,36.396
1715672407.124213,3699352.000,16663,1,TH,1,100,36.396
1715672407.257345,3699479.000,16680,1,TH,1,100,36.447
1715672407.391525,3699607.000,16697,1,TH,1,100,36.447
1715672407.523609,3699733.000,16733,1,TH,1,100,36.460
1715672407.654644,3699858.000,16751,1,TH,1,100,36.460
1715672407.786728,3699984.000,16767,1,TH,1,100,36.369
1715672407.920908,3700112.000,16784,1,TH,1,100,36.369
1715672408.054039,3700239.000,16816,1,TH,1,100,36.424
1715672408.189268,3700368.000,16832,1,TH,1,100,36.424
1715672408.322400,3700495.000,16850,1,TH,1,100,36.435
1715672408.454483,3700621.000,16869,1,TH,1,100,36.435
1715672408.588663,3700749.000,16903,1,TH,1,100,36.401
1715672408.720747,3700875.000,16920,1,TH,1,100,36.401
1715672408.850734,3700999.000,16941,1,TH,1,100,36.458
1715672408.985962,3701128.000,16962,1,TH,1,100,36.458
1715672409.119094,3701255.000,16978,1,TH,1,100,36.442
1715672409.253274,3701383.000,17010,1,TH,1,100,36.442
1715672409.387454,3701511.000,17027,1,TH,1,100,36.412
1715672409.520586,3701638.000,17045,1,TH,1,100,36.412
1715672409.654766,3701766.000,17077,1,TH,1,100,36.415
1715672409.786849,3701892.000,17094,1,TH,1,100,36.415
1715672409.918933,3702018.000,17113,1,TH,1,100,36.392
1715672410.053113,3702146.000,17131,1,TH,1,100,36.392
1715672410.185196,3702272.000,17162,1,TH,1,100,36.382
1715672410.319376,3702400.000,17179,1,TH,1,100,36.382
1715672410.453557,3702528.000,17196,1,TH,1,100,36.392
1715672410.586688,3702655.000,17212,1,TH,1,100,36.392
1715672410.720868,3702783.000,17251,1,TH,1,100,36.403
1715672410.852952,3702909.000,17268,1,TH,1,100,36.403
1715672410.983987,3703034.000,17285,1,TH,1,100,36.399
1715672411.116071,3703160.000,17305,1,TH,1,100,36.399
1715672411.250251,3703288.000,17321,1,TH,1,100,36.417
1715672411.383383,3703415.000,17353,1,TH,1,100,36.417
1715672411.518611,3703544.000,17370,1,TH,1,100,36.412
1715672411.651743,3703671.000,17387,1,TH,1,100,36.412
1715672411.783826,3703797.000,17420,1,TH,1,100,36.399
1715672411.918006,3703925.000,17438,1,TH,1,100,36.399
1715672412.050090,3704051.000,17454,1,TH,1,100,36.385
1715672412.180077,3704175.000,17471,1,TH,1,100,36.385
1715672412.315305,3704304.000,17503,1,TH,1,100,36.373
1715672412.448437,3704431.000,17522,1,TH,1,100,36.373
1715672412.582617,3704559.000,17541,1,TH,1,100,36.495
1715672412.716797,3704687.000,17558,1,TH,1,100,36.495
1715672412.849929,3704814.000,17589,1,TH,1,100,36.454
1715672412.984109,3704942.000,17610,1,TH,1,100,36.454
1715672413.116192,3705068.000,17626,1,TH,1,100,36.325
1715672413.248276,3705194.000,17643,1,TH,1,100,36.325
1715672413.382456,3705322.000,17660,1,TH,1,100,36.422
1715672413.514539,3705448.000,17677,1,TH,1,100,36.422
1715672413.648720,3705576.000,17714,1,TH,1,100,36.547
1715672413.782900,3705704.000,17730,1,TH,1,100,36.547
1715672413.916031,3705831.000,17747,1,TH,1,100,36.403
1715672414.050211,3705959.000,17764,1,TH,1,100,36.403
1715672414.182295,3706085.000,17800,1,TH,1,100,36.420
1715672414.313330,3706210.000,17818,1,TH,1,100,36.420
1715672414.445414,3706336.000,17834,1,TH,1,100,36.401
1715672414.580642,3706465.000,17851,1,TH,1,100,36.401
1715672414.713774,3706592.000,17885,1,TH,1,100,36.431
1715672414.849002,3706721.000,17904,1,TH,1,100,36.431
1715672414.982134,3706848.000,17922,1,TH,1,100,36.433
1715672415.114218,3706974.000,17938,1,TH,1,100,36.433
1715672415.248398,3707102.000,17970,1,TH,1,100,36.360
1715672415.380481,3707228.000,17987,1,TH,1,100,36.360
1715672415.510468,3707352.000,18003,1,TH,1,100,36.397
1715672415.645696,3707481.000,18021,1,TH,1,100,36.397
1715672415.777780,3707607.000,18056,1,TH,1,100,36.376
1715672415.911960,3707735.000,18073,1,TH,1,100,36.376
1715672416.046140,3707863.000,18090,1,TH,1,100,36.447
1715672416.179272,3707990.000,18106,1,TH,1,100,36.447
1715672416.313452,3708118.000,18141,1,TH,1,100,36.417
1715672416.445535,3708244.000,18158,1,TH,1,100,36.417
1715672416.577619,3708370.000,18174,1,TH,1,100,36.390
1715672416.710751,3708497.000,18194,1,TH,1,100,36.390
1715672416.842834,3708623.000,18228,1,TH,1,100,36.353
1715672416.977014,3708751.000,18245,1,TH,1,100,36.353
1715672417.111194,3708879.000,18262,1,TH,1,100,36.422
1715672417.244326,3709006.000,18278,1,TH,1,100,36.422
1715672417.378506,3709134.000,18310,1,TH,1,100,36.428
1715672417.510590,3709260.000,18327,1,TH,1,100,36.428
1715672417.642673,3709386.000,18346,1,TH,1,100,36.424
1715672417.774757,3709512.000,18363,1,TH,1,100,36.424
1715672417.908413,3709639.500,18401,2,TH,1,100,36.410
1715672418.042069,3709767.000,18401,2,TH,1,100,36.410
1715672418.177297,3709896.000,18418,1,TH,1,100,36.426
1715672418.310429,3710023.000,18450,1,TH,1,100,36.426
1715672418.442512,3710149.000,18468,1,TH,1,100,36.367
1715672418.577741,3710278.000,18485,1,TH,1,100,36.367
1715672418.709824,3710404.000,18502,1,TH,1,100,36.394
1715672418.839811,3710528.000,18536,1,TH,1,100,36.394
1715672418.975039,3710657.000,18554,1,TH,1,100,36.373
1715672419.107123,3710783.000,18570,1,TH,1,100,36.373
1715672419.241303,3710911.000,18587,1,TH,1,100,36.452
1715672419.375483,3711039.000,18624,1,TH,1,100,36.452
1715672419.508615,3711166.000,18640,1,TH,1,100,36.417
1715672419.642795,3711294.000,18663,1,TH,1,100,36.417
1715672419.774879,3711420.000,18679,1,TH,1,100,36.445
1715672419.905914,3711545.000,18696,1,TH,1,100,36.445
1715672420.039046,3711672.000,18716,1,TH,1,100,36.406
1715672420.171129,3711798.000,18735,1,TH,1,100,36.406
1715672420.305309,3711926.000,18767,1,TH,1,100,36.465
1715672420.439489,3712054.000,18783,1,TH,1,100,36.465
1715672420.572621,3712181.000,18800,1,TH,1,100,36.371
1715672420.706801,3712309.000,18819,1,TH,1,100,36.371
1715672420.838885,3712435.000,18850,1,TH,1,100,36.412
1715672420.970968,3712561.000,18870,1,TH,1,100,36.412
1715672421.103052,3712687.000,18886,1,TH,1,100,36.481
1715672421.237232,3712815.000,18903,1,TH,1,100,36.481
1715672421.370363,3712942.000,18938,1,TH,1,100,36.380
1715672421.505592,3713071.000,18954,1,TH,1,100,36.388
1715672421.638724,3713198.000,18972,1,TH,1,100,36.448
1715672421.770807,3713324.000,18988,1,TH,1,100,36.440
1715672421.906035,3713453.000,19020,1,TH,1,100,36.360
1715672422.038119,3713579.000,19039,1,TH,1,100,36.360
1715672422.168106,3713703.000,19055,1,TH,1,100,36.387
1715672422.302286,3713831.000,19073,1,TH,1,100,36.387
1715672422.434370,3713957.000,19104,1,TH,1,100,36.422
1715672422.568550,3714085.000,19120,1,TH,1,100,36.422
1715672422.702730,3714213.000,19138,1,TH,1,100,36.348
1715672422.835861,3714340.000,19155,1,TH,1,100,36.348
1715672422.970042,3714468.000,19189,1,TH,1,100,36.447
1715672423.102125,3714594.000,19206,1,TH,1,100,36.454
1715672423.233160,3714719.000,19222,1,TH,1,100,36.408
1715672423.366292,3714846.000,19240,1,TH,1,100,36.401
1715672423.498376,3714972.000,19271,1,TH,1,100,36.417
1715672423.632556,3715100.000,19293,1,TH,1,100,36.417
1715672423.766736,3715228.000,19310,1,TH,1,100,36.435
1715672423.899868,3715355.000,19326,1,TH,1,100,36.443
1715672424.034048,3715483.000,19363,1,TH,1,100,36.466
1715672424.167179,3715610.000,19380,1,TH,1,100,36.458
1715672424.299263,3715736.000,19397,1,TH,1,100,36.406
1715672424.431346,3715862.000,19414,1,TH,1,100,36.406
1715672424.565526,3715990.000,19430,1,TH,1,100,36.394
1715672424.697610,3716116.000,19462,1,TH,1,100,36.394
1715672424.832838,3716245.000,19479,1,TH,1,100,36.449
1715672424.965970,3716372.000,19496,1,TH,1,100,36.449
1715672425.098054,3716498.000,19520,1,TH,1,100,36.424
1715672425.233282,3716627.000,19555,1,TH,1,100,36.424
1715672425.365366,3716753.000,19571,1,TH,1,100,36.367
1715672425.495353,3716877.000,19588,1,TH,1,100,36.367
1715672425.628484,3717004.000,19605,1,TH,1,100,36.415
1715672425.760568,3717130.000,19627,1,TH,1,100,36.415
1715672425.894748,3717258.000,19661,1,TH,1,100,36.394
1715672426.028928,3717386.000,19677,1,TH,1,100,36.394
1715672426.162060,3717513.000,19694,1,TH,1,100,36.397
1715672426.296240,3717641.000,19711,1,TH,1,100,36.397
1715672426.428323,3717767.000,19745,1,TH,1,100,36.387
1715672426.560407,3717893.000,19762,1,TH,1,100,36.387
1715672426.693539,3718020.000,19779,1,TH,1,100,36.374
1715672426.825622,3718146.000,19796,1,TH,1,100,36.374
1715672426.959802,3718274.000,19833,1,TH,1,100,36.346
1715672427.093982,3718402.000,19849,1,TH,1,100,36.346
1715672427.227114,3718529.000,19866,1,TH,1,100,36.401
1715672427.361294,3718657.000,19883,1,TH,1,100,36.401
1715672427.495474,3718785.000,19914,1,TH,1,100,36.351
1715672427.627558,3718911.000,19932,1,TH,1,100,36.358
1715672427.759641,3719037.000,19951,1,TH,1,100,36.452
1715672427.893821,3719165.000,19985,1,TH,1,100,36.445
1715672428.025905,3719291.000,20002,1,TH,1,100,36.401
1715672428.161133,3719420.000,20018,1,TH,1,100,36.401
1715672428.294265,3719547.000,20039,1,TH,1,100,36.380
1715672428.426348,3719673.000,20070,1,TH,1,100,36.380
1715672428.561577,3719802.000,20087,1,TH,1,100,36.447
1715672428.693660,3719928.000,20104,1,TH,1,100,36.447
1715672428.823647,3720052.000,20122,1,TH,1,100,36.397
1715672428.956779,3720179.000,20154,1,TH,1,100,36.397
1715672429.088863,3720305.000,20174,1,TH,1,100,36.406
1715672429.223043,3720433.000,20190,1,TH,1,100,36.406
1715672429.357223,3720561.000,20208,1,TH,1,100,36.344
1715672429.490355,3720688.000,20239,1,TH,1,100,36.351
1715672429.624535,3720816.000,20259,1,TH,1,100,36.433
1715672429.756618,3720942.000,20278,1,TH,1,100,36.433
1715672429.889750,3721069.000,20294,1,TH,1,100,36.360
1715672430.022882,3721196.000,20326,1,TH,1,100,36.360
1715672430.154965,3721322.000,20343,1,TH,1,100,36.470
1715672430.289145,3721450.000,20360,1,TH,1,100,36.470
1715672430.423325,3721578.000,20385,1,TH,1,100,36.454
1715672430.556457,3721705.000,20401,1,TH,1,100,36.447
1715672430.690637,3721833.000,20437,1,TH,1,100,36.415
1715672430.824817,3721961.000,20457,1,TH,1,100,36.415
1715672430.956901,3722087.000,20474,1,TH,1,100,36.452
1715672431.088984,3722213.000,20491,1,TH,1,100,36.459
1715672431.223164,3722341.000,20507,1,TH,1,100,36.486
1715672431.354200,3722466.000,20539,1,TH,1,100,36.479
1715672431.489428,3722595.000,20556,1,TH,1,100,36.378
1715672431.622560,3722722.000,20576,1,TH,1,100,36.378
1715672431.754643,3722848.000,20595,1,TH,1,100,36.486
1715672431.889872,3722977.000,20627,1,TH,1,100,36.486
1715672432.021431,3723102.500,20647,2,TH,1,100,36.374
1715672432.152990,3723228.000,20647,2,TH,1,100,36.381
1715672432.286122,3723355.000,20664,1,TH,1,100,36.434
1715672432.418206,3723481.000,20681,1,TH,1,100,36.434
1715672432.552386,3723609.000,20697,1,TH,1,100,36.413
1715672432.686566,3723737.000,20731,1,TH,1,100,36.413
1715672432.819698,3723864.000,20748,1,TH,1,100,36.381
1715672432.953878,3723992.000,20768,1,TH,1,100,36.381
1715672433.087009,3724119.000,20785,1,TH,1,100,36.496
1715672433.220141,3724246.000,20817,1,TH,1,100,36.496
1715672433.353273,3724373.000,20833,1,TH,1,100,36.456
1715672433.485357,3724499.000,20853,1,TH,1,100,36.456
1715672433.618488,3724626.000,20872,1,TH,1,100,36.429
1715672433.752668,3724754.000,20903,1,TH,1,100,36.429
1715672433.885800,3724881.000,20920,1,TH,1,100,36.514
1715672434.019980,3725009.000,20937,1,TH,1,100,36.514
1715672434.154160,3725137.000,20954,1,TH,1,100,36.363
1715672434.286244,3725263.000,20974,1,TH,1,100,36.363
1715672434.418327,3725389.000,21007,1,TH,1,100,36.420
1715672434.550411,3725515.000,21025,1,TH,1,100,36.420
1715672434.681446,3725640.000,21041,1,TH,1,100,36.454
1715672434.816674,3725769.000,21058,1,TH,1,100,36.454
1715672434.949806,3725896.000,21093,1,TH,1,100,36.404
1715672435.081890,3726022.000,21109,1,TH,1,100,36.404
1715672435.217118,3726151.000,21126,1,TH,1,100,36.441
1715672435.349202,3726277.000,21143,1,TH,1,100,36.441
1715672435.481285,3726403.000,21179,1,TH,1,100,36.454
1715672435.614417,3726530.000,21197,1,TH,1,100,36.454
1715672435.746500,3726656.000,21215,1,TH,1,100,36.450
1715672435.880681,3726784.000,21237,1,TH,1,100,36.450
1715672436.014861,3726912.000,21254,1,TH,1,100,36.471
1715672436.147992,3727039.000,21285,1,TH,1,100,36.471
1715672436.282172,3727167.000,21303,1,TH,1,100,36.450
1715672436.416353,3727295.000,21321,1,TH,1,100,36.450
1715672436.549484,3727422.000,21338,1,TH,1,100,36.369
1715672436.681568,3727548.000,21370,1,TH,1,100,36.369
1715672436.813651,3727674.000,21389,1,TH,1,100,36.436
1715672436.945735,3727800.000,21407,1,TH,1,100,36.436
1715672437.079915,3727928.000,21423,1,TH,1,100,36.450
1715672437.213047,3728055.000,21455,1,TH,1,100,36.450
1715672437.347227,3728183.000,21474,1,TH,1,100,36.463
1715672437.481407,3728311.000,21493,1,TH,1,100,36.463
1715672437.613490,3728437.000,21511,1,TH,1,100,36.461
1715672437.745574,3728563.000,21542,1,TH,1,100,36.461
1715672437.877657,3728689.000,21558,1,TH,1,100,36.390
1715672438.008693,3728814.000,21576,1,TH,1,100,36.390
1715672438.143921,3728943.000,21595,1,TH,1,100,36.496
1715672438.277053,3729070.000,21627,1,TH,1,100,36.496
1715672438.409136,3729196.000,21646,1,TH,1,100,36.379
1715672438.544365,3729325.000,21665,1,TH,1,100,36.379
1715672438.676448,3729451.000,21683,1,TH,1,100,36.353
1715672438.809580,3729578.000,21714,1,TH,1,100,36.353
1715672438.942712,3729705.000,21731,1,TH,1,100,36.471
1715672439.074795,3729831.000,21748,1,TH,1,100,36.471
1715672439.208975,3729959.000,21764,1,TH,1,100,36.381
1715672439.343155,3730087.000,21801,1,TH,1,100,36.381
1715672439.476287,3730214.000,21818,1,TH,1,100,36.468
1715672439.610467,3730342.000,21835,1,TH,1,100,36.468
1715672439.744647,3730470.000,21852,1,TH,1,100,36.386
1715672439.877779,3730597.000,21884,1,TH,1,100,36.386
1715672440.009863,3730723.000,21900,1,TH,1,100,36.443
1715672440.141946,3730849.000,21917,1,TH,1,100,36.443
1715672440.272981,3730974.000,21934,1,TH,1,100,36.466
1715672440.407161,3731102.000,21967,1,TH,1,100,36.466
1715672440.540293,3731229.000,21984,1,TH,1,100,36.395
1715672440.674473,3731357.000,22006,1,TH,1,100,36.395
1715672440.808653,3731485.000,22023,1,TH,1,100,36.408
1715672440.940737,3731611.000,22055,1,TH,1,100,36.408
1715672441.073869,3731738.000,22071,1,TH,1,100,36.500
1715672441.205952,3731864.000,22093,1,TH,1,100,36.500
1715672441.336987,3731989.000,22110,1,TH,1,100,36.344
1715672441.472216,3732118.000,22143,1,TH,1,100,36.344
1715672441.605348,3732245.000,22161,1,TH,1,100,36.441
1715672441.737431,3732371.000,22177,1,TH,1,100,36.441
1715672441.872659,3732500.000,22194,1,TH,1,100,36.365
1715672442.005791,3732627.000,22229,1,TH,1,100,36.365
1715672442.138923,3732754.000,22245,1,TH,1,100,36.436
1715672442.272055,3732881.000,22263,1,TH,1,100,36.436
1715672442.404138,3733007.000,22279,1,TH,1,100,36.457
1715672442.537270,3733134.000,22316,1,TH,1,100,36.457
1715672442.671450,3733262.000,22333,1,TH,1,100,36.420
1715672442.804582,3733389.000,22349,1,TH,1,100,36.420
1715672442.938762,3733517.000,22367,1,TH,1,100,36.461
1715672443.072942,3733645.000,22398,1,TH,1,100,36.461
1715672443.206074,3733772.000,22415,1,TH,1,100,36.500
1715672443.338157,3733898.000,22432,1,TH,1,100,36.500
1715672443.469193,3734023.000,22453,1,TH,1,100,36.413
1715672443.600228,3734148.000,22471,1,TH,1,100,36.413
1715672443.734408,3734276.000,22487,1,TH,1,100,36.473
1715672443.867540,3734403.000,22519,1,TH,1,100,36.473
1715672444.001720,3734531.000,22536,1,TH,1,100,36.454
1715672444.135900,3734659.000,22552,1,TH,1,100,36.454
1715672444.267983,3734785.000,22584,1,TH,1,100,36.408
1715672444.402164,3734913.000,22604,1,TH,1,100,36.408
1715672444.534247,3735039.000,22620,1,TH,1,100,36.507
1715672444.665282,3735164.000,22640,1,TH,1,100,36.507
1715672444.800511,3735293.000,22671,1,TH,1,100,36.413
1715672444.933642,3735420.000,22688,1,TH,1,100,36.413
1715672445.065726,3735546.000,22708,1,TH,1,100,36.379
1715672445.200954,3735675.000,22724,1,TH,1,100,36.379
1715672445.334086,3735802.000,22742,1,TH,1,100,36.456
1715672445.467218,3735929.000,22773,1,TH,1,100,36.456
1715672445.600350,3736056.000,22790,1,TH,1,100,36.365
1715672445.732433,3736182.000,22814,1,TH,1,100,36.365
1715672445.864516,3736308.000,22830,1,TH,1,100,36.441
1715672445.998697,3736436.000,22862,1,TH,1,100,36.441
1715672446.131829,3736563.000,22879,1,TH,1,100,36.386
1715672446.266009,3736691.000,22896,1,TH,1,100,36.386
1715672446.400189,3736819.000,22913,1,TH,1,100,36.503
1715672446.533320,3736946.000,22950,1,TH,1,100,36.503
1715672446.665404,3737072.000,22968,1,TH,1,100,36.454
1715672446.797487,3737198.000,22985,1,TH,1,100,36.454
1715672446.928523,3737323.000,23002,1,TH,1,100,36.448
1715672447.062703,3737451.000,23036,1,TH,1,100,36.448
1715672447.195835,3737578.000,23055,1,TH,1,100,36.450
1715672447.330015,3737706.000,23072,1,TH,1,100,36.450
1715672447.464195,3737834.000,23089,1,TH,1,100,36.399
1715672447.596278,3737960.000,23124,1,TH,1,100,36.399
1715672447.731507,3738089.000,23140,1,TH,1,100,36.429
1715672447.864638,3738216.000,23158,1,TH,1,100,36.429
1715672447.995674,3738341.000,23174,1,TH,1,100,36.378
1715672448.128805,3738468.000,23191,1,TH,1,100,36.378
1715672448.261937,3738595.000,23223,1,TH,1,100,36.457
1715672448.394021,3738721.000,23242,1,TH,1,100,36.457
1715672448.529249,3738850.000,23259,1,TH,1,100,36.443
1715672448.662381,3738977.000,23276,1,TH,1,100,36.443
1715672448.795513,3739104.000,23307,1,TH,1,100,36.466
1715672448.928644,3739231.000,23328,1,TH,1,100,36.466
1715672449.059680,3739356.000,23344,1,TH,1,100,36.441
1715672449.190715,3739481.000,23361,1,TH,1,100,36.441
1715672449.324895,3739609.000,23393,1,TH,1,100,36.436
1715672449.458027,3739736.000,23409,1,TH,1,100,36.436
1715672449.592207,3739864.000,23430,1,TH,1,100,36.445
1715672449.726387,3739992.000,23448,1,TH,1,100,36.445
1715672449.859519,3740119.000,23465,1,TH,1,100,36.436
1715672449.992651,3740246.000,23497,1,TH,1,100,36.436
1715672450.124734,3740372.000,23513,1,TH,1,100,36.436
1715672450.255769,3740497.000,23531,1,TH,1,100,36.436
1715672450.389949,3740625.000,23547,1,TH,1,100,36.404
1715672450.522033,3740751.000,23579,1,TH,1,100,36.404
1715672450.656213,3740879.000,23598,1,TH,1,100,36.479
1715672450.790393,3741007.000,23614,1,TH,1,100,36.479
1715672450.923525,3741134.000,23634,1,TH,1,100,36.445
1715672451.058753,3741263.000,23668,1,TH,1,100,36.445
1715672451.190837,3741389.000,23684,1,TH,1,100,36.434
1715672451.321872,3741514.000,23702,1,TH,1,100,36.434
1715672451.453955,3741640.000,23718,1,TH,1,100,36.363
1715672451.587087,3741767.000,23753,1,TH,1,100,36.363
1715672451.719171,3741893.000,23770,1,TH,1,100,36.395
1715672451.854399,3742022.000,23786,1,TH,1,100,36.395
1715672451.987531,3742149.000,23809,1,TH,1,100,36.436
1715672452.120662,3742276.000,23845,1,TH,1,100,36.436
1715672452.253794,3742403.000,23862,1,TH,1,100,36.438
1715672452.385878,3742529.000,23879,1,TH,1,100,36.438
1715672452.516913,3742654.000,23895,1,TH,1,100,36.443
1715672452.651093,3742782.000,23930,1,TH,1,100,36.443
1715672452.784225,3742909.000,23947,1,TH,1,100,36.399
1715672452.918405,3743037.000,23964,1,TH,1,100,36.399
1715672453.052585,3743165.000,23981,1,TH,1,100,36.448
1715672453.185717,3743292.000,24015,1,TH,1,100,36.448
1715672453.319897,3743420.000,24031,1,TH,1,100,36.528
1715672453.451980,3743546.000,24048,1,TH,1,100,36.528
1715672453.583016,3743671.000,24068,1,TH,1,100,36.441
1715672453.716147,3743798.000,24099,1,TH,1,100,36.441
1715672453.848231,3743924.000,24117,1,TH,1,100,36.351
1715672453.982411,3744052.000,24136,1,TH,1,100,36.351
1715672454.116591,3744180.000,24153,1,TH,1,100,36.503
1715672454.249723,3744307.000,24170,1,TH,1,100,36.503
1715672454.384951,3744436.000,24203,1,TH,1,100,36.386
1715672454.517035,3744562.000,24221,1,TH,1,100,36.386
1715672454.648070,3744687.000,24237,1,TH,1,100,36.461
1715672454.780154,3744813.000,24257,1,TH,1,100,36.461
1715672454.913285,3744940.000,24289,1,TH,1,100,36.422
1715672455.045369,3745066.000,24305,1,TH,1,100,36.422
1715672455.180597,3745195.000,24322,1,TH,1,100,36.429
1715672455.313729,3745322.000,24344,1,TH,1,100,36.429
1715672455.446861,3745449.000,24375,1,TH,1,100,36.482
1715672455.579993,3745576.000,24395,1,TH,1,100,36.482
1715672455.713124,3745703.000,24411,1,TH,1,100,36.413
1715672455.844160,3745828.000,24428,1,TH,1,100,36.413
1715672455.978340,3745956.000,24460,1,TH,1,100,36.477
1715672456.111471,3746083.000,24479,1,TH,1,100,36.477
1715672456.245651,3746211.000,24497,1,TH,1,100,36.418
1715672456.379832,3746339.000,24515,1,TH,1,100,36.418
1715672456.512963,3746466.000,24547,1,TH,1,100,36.432
1715672456.648192,3746595.000,24564,1,TH,1,100,36.432
1715672456.780275,3746721.000,24580,1,TH,1,100,36.404
1715672456.911310,3746846.000,24598,1,TH,1,100,36.404
1715672457.045491,3746974.000,24629,1,TH,1,100,36.475
1715672457.177574,3747100.000,24646,1,TH,1,100,36.475
1715672457.311754,3747228.000,24673,1,TH,1,100,36.378
1715672457.445934,3747356.000,24689,1,TH,1,100,36.378
1715672457.579066,3747483.000,24707,1,TH,1,100,36.408
1715672457.714294,3747612.000,24723,1,TH,1,100,36.408
1715672457.846378,3747738.000,24758,1,TH,1,100,36.461
1715672457.977413,3747863.000,24775,1,TH,1,100,36.461
1715672458.108448,3747988.000,24791,1,TH,1,100,36.448
1715672458.241580,3748115.000,24809,1,TH,1,100,36.448
1715672458.373664,3748241.000,24842,1,TH,1,100,36.491
1715672458.508892,3748370.000,24859,1,TH,1,100,36.491
1715672458.642024,3748497.000,24879,1,TH,1,100,36.491
1715672458.775156,3748624.000,24895,1,TH,1,100,36.491
1715672458.909336,3748752.000,24927,1,TH,1,100,36.459
1715672459.042467,3748879.000,24944,1,TH,1,100,36.459
1715672459.173503,3749004.000,24963,1,TH,1,100,36.411
1715672459.307683,3749132.000,24981,1,TH,1,100,36.411
1715672459.440814,3749259.000,25014,1,TH,1,100,36.361
1715672459.574995,3749387.000,25031,1,TH,1,100,36.361
1715672459.709175,3749515.000,25048,1,TH,1,100,36.381
1715672459.842306,3749642.000,25064,1,TH,1,100,36.381
1715672459.977535,3749771.000,25096,1,TH,1,100,36.441
1715672460.109618,3749897.000,25113,1,TH,1,100,36.441
1715672460.240654,3750022.000,25133,1,TH,1,100,36.376
1715672460.372737,3750148.000,25150,1,TH,1,100,36.376
1715672460.505869,3750275.000,25187,1,TH,1,100,36.454
1715672460.640049,3750403.000,25205,1,TH,1,100,36.454
1715672460.774229,3750531.000,25222,1,TH,1,100,36.496
1715672460.907361,3750658.000,25254,1,TH,1,100,36.496
1715672461.042589,3750787.000,25270,1,TH,1,100,36.438
1715672461.174673,3750913.000,25290,1,TH,1,100,36.438
1715672461.305708,3751038.000,25307,1,TH,1,100,36.413
1715672461.436743,3751163.000,25324,1,TH,1,100,36.413
1715672461.569875,3751290.000,25361,1,TH,1,100,36.431
1715672461.701958,3751416.000,25377,1,TH,1,100,36.431
1715672461.837187,3751545.000,25394,1,TH,1,100,36.395
1715672461.970319,3751672.000,25411,1,TH,1,100,36.395
1715672462.103450,3751799.000,25442,1,TH,1,100,36.399
1715672462.238679,3751928.000,25460,1,TH,1,100,36.399
1715672462.371810,3752055.000,25479,1,TH,1,100,36.505
1715672462.502846,3752180.000,25496,1,TH,1,100,36.505
1715672462.637026,3752308.000,25515,1,TH,1,100,36.475
1715672462.769109,3752434.000,25551,1,TH,1,100,36.475
1715672462.903289,3752562.000,25572,1,TH,1,100,36.436
1715672463.036945,3752689.500,25589,2,TH,1,100,36.436
1715672463.170601,3752817.000,25589,2,TH,1,100,36.324
1715672463.305830,3752946.000,25606,1,TH,1,100,36.324
1715672463.437913,3753072.000,25623,1,TH,1,100,36.425
1715672463.568948,3753197.000,25657,1,TH,1,100,36.425
1715672463.699984,3753322.000,25676,1,TH,1,100,36.358
1715672463.834164,3753450.000,25693,1,TH,1,100,36.358
1715672463.968344,3753578.000,25710,1,TH,1,100,36.384
1715672464.102524,3753706.000,25741,1,TH,1,100,36.384
1715672464.235656,3753833.000,25759,1,TH,1,100,36.395
1715672464.370884,3753962.000,25775,1,TH,1,100,36.395
1715672464.502967,3754088.000,25792,1,TH,1,100,36.431
1715672464.636099,3754215.000,25826,1,TH,1,100,36.431
1715672464.767134,3754340.000,25842,1,TH,1,100,36.473
1715672464.900266,3754467.000,25860,1,TH,1,100,36.473
1715672465.032350,3754593.000,25879,1,TH,1,100,36.346
1715672465.167578,3754722.000,25911,1,TH,1,100,36.346
1715672465.300710,3754849.000,25928,1,TH,1,100,36.415
1715672465.433842,3754976.000,25944,1,TH,1,100,36.415
1715672465.569070,3755105.000,25962,1,TH,1,100,36.452
1715672465.702202,3755232.000,26000,1,TH,1,100,36.452
1715672465.833237,3755357.000,26016,1,TH,1,100,36.418
1715672465.966369,3755484.000,26034,1,TH,1,100,36.418
1715672466.098452,3755610.000,26050,1,TH,1,100,36.436
1715672466.232632,3755738.000,26082,1,TH,1,100,36.436
1715672466.366812,3755866.000,26102,1,TH,1,100,36.445
1715672466.499944,3755993.000,26118,1,TH,1,100,36.445
1715672466.635173,3756122.000,26136,1,TH,1,100,36.466
1715672466.767256,3756248.000,26172,1,TH,1,100,36.466
1715672466.898291,3756373.000,26189,1,TH,1,100,36.404
1715672467.028278,3756497.000,26206,1,TH,1,100,36.404
1715672467.161410,3756624.000,26222,1,TH,1,100,36.422
1715672467.295590,3756752.000,26254,1,TH,1,100,36.422
1715672467.429770,3756880.000,26271,1,TH,1,100,36.461
1715672467.562902,3757007.000,26288,1,TH,1,100,36.461
1715672467.698130,3757136.000,26308,1,TH,1,100,36.381
1715672467.830214,3757262.000,26342,1,TH,1,100,36.381
1715672467.963346,3757389.000,26358,1,TH,1,100,36.386
1715672468.094381,3757514.000,26383,1,TH,1,100,36.386
1715672468.227513,3757641.000,26400,1,TH,1,100,36.475
1715672468.358548,3757766.000,26417,1,TH,1,100,36.475
1715672468.493776,3757895.000,26433,1,TH,1,100,36.431
1715672468.626908,3758022.000,26451,1,TH,1,100,36.431
1715672468.760040,3758149.000,26482,1,TH,1,100,36.434
1715672468.895268,3758278.000,26504,1,TH,1,100,36.434
1715672469.028400,3758405.000,26521,1,TH,1,100,36.399
1715672469.159435,3758530.000,26537,1,TH,1,100,36.399
1715672469.291519,3758656.000,26569,1,TH,1,100,36.456
1715672469.423602,3758782.000,26586,1,TH,1,100,36.456
1715672469.557782,3758910.000,26603,1,TH,1,100,36.441
1715672469.691962,3759038.000,26620,1,TH,1,100,36.441
1715672469.825094,3759165.000,26652,1,TH,1,100,36.480
1715672469.960323,3759294.000,26670,1,TH,1,100,36.480
1715672470.092406,3759420.000,26690,1,TH,1,100,36.390
1715672470.224490,3759546.000,26707,1,TH,1,100,36.390
1715672470.354477,3759670.000,26724,1,TH,1,100,36.486
1715672470.487608,3759797.000,26756,1,TH,1,100,36.486
1715672470.621789,3759925.000,26774,1,TH,1,100,36.433
1715672470.755969,3760053.000,26794,1,TH,1,100,36.433
1715672470.889100,3760180.000,26811,1,TH,1,100,36.450
1715672471.024329,3760309.000,26844,1,TH,1,100,36.450
1715672471.158509,3760437.000,26861,1,TH,1,100,36.427
1715672471.291641,3760564.000,26878,1,TH,1,100,36.427
1715672471.422676,3760689.000,26912,1,TH,1,100,36.413
1715672471.555808,3760816.000,26930,1,TH,1,100,36.413
1715672471.685795,3760940.000,26946,1,TH,1,100,36.416
1715672471.821023,3761069.000,26963,1,TH,1,100,36.416
1715672471.954155,3761196.000,26980,1,TH,1,100,36.450
1715672472.087286,3761323.000,27013,1,TH,1,100,36.450
1715672472.222515,3761452.000,27031,1,TH,1,100,36.369
1715672472.355647,3761579.000,27047,1,TH,1,100,36.369
1715672472.486682,3761704.000,27064,1,TH,1,100,36.433
1715672472.617717,3761829.000,27099,1,TH,1,100,36.433
1715672472.749801,3761955.000,27115,1,TH,1,100,36.401
1715672472.883981,3762083.000,27133,1,TH,1,100,36.401
1715672473.018161,3762211.000,27149,1,TH,1,100,36.443
1715672473.151293,3762338.000,27181,1,TH,1,100,36.443
1715672473.286521,3762467.000,27200,1,TH,1,100,36.450
1715672473.419129,3762593.500,27219,2,TH,1,100,36.450
1715672473.551736,3762720.000,27219,2,TH,1,100,36.415
1715672473.681723,3762844.000,27235,1,TH,1,100,36.415
1715672473.814855,3762971.000,27267,1,TH,1,100,36.321
1715672473.949035,3763099.000,27284,1,TH,1,100,36.321
1715672474.083215,3763227.000,27303,1,TH,1,100,36.386
1715672474.216347,3763354.000,27321,1,TH,1,100,36.386
1715672474.351575,3763483.000,27354,1,TH,1,100,36.468
1715672474.484707,3763610.000,27370,1,TH,1,100,36.468
1715672474.617839,3763737.000,27391,1,TH,1,100,36.404
1715672474.748874,3763862.000,27407,1,TH,1,100,36.404
1715672474.882006,3763989.000,27439,1,TH,1,100,36.434
1715672475.011993,3764113.000,27456,1,TH,1,100,36.434
1715672475.147221,3764242.000,27472,1,TH,1,100,36.388
1715672475.280353,3764369.000,27490,1,TH,1,100,36.388
1715672475.413485,3764496.000,27526,1,TH,1,100,36.372
1715672475.548713,3764625.000,27543,1,TH,1,100,36.372
1715672475.681845,3764752.000,27562,1,TH,1,100,36.461
1715672475.812880,3764877.000,27578,1,TH,1,100,36.461
1715672475.943915,3765002.000,27613,1,TH,1,100,36.498
1715672476.075999,3765128.000,27630,1,TH,1,100,36.498
1715672476.210179,3765256.000,27647,1,TH,1,100,36.386
1715672476.344359,3765384.000,27664,1,TH,1,100,36.386
1715672476.477491,3765511.000,27698,1,TH,1,100,36.422
1715672476.612719,3765640.000,27717,1,TH,1,100,36.422
1715672476.744803,3765766.000,27734,1,TH,1,100,36.436
1715672476.877934,3765893.000,27751,1,TH,1,100,36.436
1715672477.007921,3766017.000,27785,1,TH,1,100,36.450
1715672477.141053,3766144.000,27803,1,TH,1,100,36.450
1715672477.275233,3766272.000,27819,1,TH,1,100,36.381
1715672477.409413,3766400.000,27836,1,TH,1,100,36.381
1715672477.542545,3766527.000,27870,1,TH,1,100,36.411
1715672477.677773,3766656.000,27886,1,TH,1,100,36.411
1715672477.811954,3766784.000,27903,1,TH,1,100,36.381
1715672477.945085,3766911.000,27923,1,TH,1,100,36.381
1715672478.076121,3767036.000,27954,1,TH,1,100,36.448
1715672478.209252,3767163.000,27972,1,TH,1,100,36.448
1715672478.339239,3767287.000,27988,1,TH,1,100,36.395
1715672478.474468,3767416.000,28005,1,TH,1,100,36.395
1715672478.607599,3767543.000,28037,1,TH,1,100,36.454
1715672478.740731,3767670.000,28060,1,TH,1,100,36.454
1715672478.875960,3767799.000,28078,1,TH,1,100,36.395
1715672479.009091,3767926.000,28094,1,TH,1,100,36.395
1715672479.140127,3768051.000,28114,1,TH,1,100,36.505
1715672479.271162,3768176.000,28146,1,TH,1,100,36.505
1715672479.403245,3768302.000,28162,1,TH,1,100,36.438
1715672479.537426,3768430.000,28180,1,TH,1,100,36.438
1715672479.671606,3768558.000,28196,1,TH,1,100,36.374
1715672479.804737,3768685.000,28230,1,TH,1,100,36.374
1715672479.939966,3768814.000,28247,1,TH,1,100,36.424
1715672480.072049,3768940.000,28263,1,TH,1,100,36.424
1715672480.205181,3769067.000,28281,1,TH,1,100,36.459
1715672480.335168,3769191.000,28315,1,TH,1,100,36.459
1715672480.468300,3769318.000,28332,1,TH,1,100,36.498
1715672480.602480,3769446.000,28351,1,TH,1,100,36.498
1715672480.736660,3769574.000,28367,1,TH,1,100,36.445
1715672480.869792,3769701.000,28390,1,TH,1,100,36.445
1715672481.005020,3769830.000,28421,1,TH,1,100,36.351
1715672481.139200,3769958.000,28437,1,TH,1,100,36.351
1715672481.272332,3770085.000,28455,1,TH,1,100,36.411
1715672481.403367,3770210.000,28471,1,TH,1,100,36.411
1715672481.535451,3770336.000,28503,1,TH,1,100,36.445
1715672481.665437,3770460.000,28520,1,TH,1,100,36.445
1715672481.800666,3770589.000,28536,1,TH,1,100,36.450
1715672481.933798,3770716.000,28554,1,TH,1,100,36.450
1715672482.066930,3770843.000,28590,1,TH,1,100,36.402
1715672482.202158,3770972.000,28610,1,TH,1,100,36.402
1715672482.335290,3771099.000,28627,1,TH,1,100,36.411
1715672482.466325,3771224.000,28643,1,TH,1,100,36.411
1715672482.597360,3771349.000,28661,1,TH,1,100,36.441
1715672482.729444,3771475.000,28692,1,TH,1,100,36.441
1715672482.863624,3771603.000,28711,1,TH,1,100,36.404
1715672482.997804,3771731.000,28731,1,TH,1,100,36.404
1715672483.130935,3771858.000,28747,1,TH,1,100,36.411
1715672483.266164,3771987.000,28779,1,TH,1,100,36.411
1715672483.398247,3772113.000,28796,1,TH,1,100,36.411
1715672483.532428,3772241.000,28816,1,TH,1,100,36.411
1715672483.662414,3772365.000,28833,1,TH,1,100,36.480
1715672483.795546,3772492.000,28867,1,TH,1,100,36.480
1715672483.927630,3772618.000,28883,1,TH,1,100,36.363
1715672484.061810,3772746.000,28900,1,TH,1,100,36.363
1715672484.194942,3772873.000,28922,1,TH,1,100,36.424
1715672484.330170,3773002.000,28956,1,TH,1,100,36.424
1715672484.464350,3773130.000,28974,1,TH,1,100,36.473
1715672484.597482,3773257.000,28992,1,TH,1,100,36.473
1715672484.728517,3773382.000,29009,1,TH,1,100,36.420
1715672484.859552,3773507.000,29044,1,TH,1,100,36.420
1715672484.989539,3773631.000,29060,1,TH,1,100,36.454
1715672485.124768,3773760.000,29077,1,TH,1,100,36.454
1715672485.257899,3773887.000,29094,1,TH,1,100,36.431
1715672485.391031,3774014.000,29127,1,TH,1,100,36.431
1715672485.526259,3774143.000,29150,1,TH,1,100,36.436
1715672485.659391,3774270.000,29166,1,TH,1,100,36.436
1715672485.791475,3774396.000,29183,1,TH,1,100,36.431
1715672485.922510,3774521.000,29215,1,TH,1,100,36.431
1715672486.054594,3774647.000,29234,1,TH,1,100,36.448
1715672486.188774,3774775.000,29254,1,TH,1,100,36.448
1715672486.322954,3774903.000,29270,1,TH,1,100,36.381
1715672486.456085,3775030.000,29302,1,TH,1,100,36.381
1715672486.591314,3775159.000,29319,1,TH,1,100,36.372
1715672486.724446,3775286.000,29335,1,TH,1,100,36.372
1715672486.858626,3775414.000,29353,1,TH,1,100,36.477
1715672486.988613,3775538.000,29387,1,TH,1,100,36.477
1715672487.121744,3775665.000,29403,1,TH,1,100,36.427
1715672487.252780,3775790.000,29421,1,TH,1,100,36.427
1715672487.386960,3775918.000,29440,1,TH,1,100,36.441
1715672487.520092,3776045.000,29474,1,TH,1,100,36.441
1715672487.655320,3776174.000,29491,1,TH,1,100,36.353
1715672487.790548,3776303.000,29507,1,TH,1,100,36.353
1715672487.923680,3776430.000,29525,1,TH,1,100,36.386
1715672488.054715,3776555.000,29559,1,TH,1,100,36.386
1715672488.185750,3776680.000,29576,1,TH,1,100,36.463
1715672488.315737,3776804.000,29593,1,TH,1,100,36.463
1715672488.450966,3776933.000,29609,1,TH,1,100,36.468
1715672488.584098,3777060.000,29627,1,TH,1,100,36.468
1715672488.717229,3777187.000,29663,1,TH,1,100,36.376
1715672488.852458,3777316.000,29680,1,TH,1,100,36.376
1715672488.985590,3777443.000,29697,1,TH,1,100,36.420
1715672489.118721,3777570.000,29713,1,TH,1,100,36.420
1715672489.249757,3777695.000,29745,1,TH,1,100,36.413
1715672489.381840,3777821.000,29765,1,TH,1,100,36.413
1715672489.516020,3777949.000,29787,1,TH,1,100,36.399
1715672489.650200,3778077.000,29806,1,TH,1,100,36.399
1715672489.783332,3778204.000,29822,1,TH,1,100,36.381
1715672489.918560,3778333.000,29854,1,TH,1,100,36.381
1715672490.051692,3778460.000,29871,1,TH,1,100,36.477
1715672490.185872,3778588.000,29888,1,TH,1,100,36.477
1715672490.315859,3778712.000,29905,1,TH,1,100,36.367
1715672490.448991,3778839.000,29937,1,TH,1,100,36.367
1715672490.580026,3778964.000,29955,1,TH,1,100,36.395
1715672490.714206,3779092.000,29975,1,TH,1,100,36.395
1715672490.847338,3779219.000,29994,1,TH,1,100,36.420
1715672490.982566,3779348.000,30025,1,TH,1,100,36.420
1715672491.116746,3779476.000,30043,1,TH,1,100,36.436
1715672491.249878,3779603.000,30062,1,TH,1,100,36.436
1715672491.380913,3779728.000,30079,1,TH,1,100,36.441
1715672491.511949,3779853.000,30111,1,TH,1,100,36.441
1715672491.641936,3779977.000,30127,1,TH,1,100,36.475
1715672491.777164,3780106.000,30144,1,TH,1,100,36.475
1715672491.910296,3780233.000,30163,1,TH,1,100,36.484
1715672492.043428,3780360.000,30197,1,TH,1,100,36.484
1715672492.178656,3780489.000,30215,1,TH,1,100,36.433
1715672492.311788,3780616.000,30231,1,TH,1,100,36.433
1715672492.444920,3780743.000,30248,1,TH,1,100,36.358
1715672492.575955,3780868.000,30280,1,TH,1,100,36.358
1715672492.708038,3780994.000,30296,1,TH,1,100,36.456
1715672492.841170,3781121.000,30316,1,TH,1,100,36.456
1715672492.975350,3781249.000,30332,1,TH,1,100,36.493
1715672493.108482,3781376.000,30364,1,TH,1,100,36.493
1715672493.243710,3781505.000,30384,1,TH,1,100,36.484
1715672493.376842,3781632.000,30400,1,TH,1,100,36.484
1715672493.511022,3781760.000,30418,1,TH,1,100,36.500
1715672493.641009,3781884.000,30449,1,TH,1,100,36.500
1715672493.773093,3782010.000,30466,1,TH,1,100,36.395
1715672493.904128,3782135.000,30486,1,TH,1,100,36.395
1715672494.038308,3782263.000,30504,1,TH,1,100,36.392
1715672494.172488,3782391.000,30537,2,TH,1,100,36.392
1715672494.306668,3782519.000,30537,2,TH,1,100,36.404
1715672494.440848,3782647.000,30554,1,TH,1,100,36.404
1715672494.573980,3782774.000,30574,1,TH,1,100,36.370
1715672494.706064,3782900.000,30590,1,TH,1,100,36.370
1715672494.836575,3783024.500,30627,2,TH,1,100,36.436
1715672494.967086,3783149.000,30627,2,TH,1,100,36.436
1715672495.102314,3783278.000,30664,1,TH,1,100,36.431
1715672495.235446,3783405.000,30681,1,TH,1,100,36.431
1715672495.368577,3783532.000,30697,1,TH,1,100,36.390
1715672495.503806,3783661.000,30715,1,TH,1,100,36.390
1715672495.636938,3783788.000,30733,1,TH,1,100,36.411
1715672495.771118,3783916.000,30768,1,TH,1,100,36.411
1715672495.902153,3784041.000,30785,1,TH,1,100,36.395
1715672496.034236,3784167.000,30801,1,TH,1,100,36.395
1715672496.166320,3784293.000,30819,1,TH,1,100,36.441
1715672496.300500,3784421.000,30837,1,TH,1,100,36.441
1715672496.433632,3784548.000,30857,1,TH,1,100,36.427
1715672496.568860,3784677.000,30874,1,TH,1,100,36.427
1715672496.701992,3784804.000,30905,1,TH,1,100,36.319
1715672496.836172,3784932.000,30923,1,TH,1,100,36.319
1715672496.966159,3785056.000,30939,1,TH,1,100,36.464
1715672497.098243,3785182.000,30956,1,TH,1,100,36.463
1715672497.229278,3785307.000,30991,1,TH,1,100,36.447
1715672497.362410,3785434.000,31009,1,TH,1,100,36.447
1715672497.496590,3785562.000,31027,1,TH,1,100,36.452
1715672497.631818,3785691.000,31043,1,TH,1,100,36.452
1715672497.765998,3785819.000,31063,1,TH,1,100,36.353
1715672497.899130,3785946.000,31095,1,TH,1,100,36.353
1715672498.032262,3786073.000,31111,1,TH,1,100,36.367
1715672498.163297,3786198.000,31129,1,TH,1,100,36.367
1715672498.293284,3786322.000,31148,1,TH,1,100,36.431
1715672498.428512,3786451.000,31168,1,TH,1,100,36.431
1715672498.561644,3786578.000,31184,1,TH,1,100,36.335
1715672498.694776,3786705.000,31201,1,TH,1,100,36.335
1715672498.830004,3786834.000,31236,1,TH,1,100,36.418
1715672498.964184,3786962.000,31252,1,TH,1,100,36.418
1715672499.098364,3787090.000,31269,1,TH,1,100,36.422
1715672499.229399,3787215.000,31286,1,TH,1,100,36.422
1715672499.361483,3787341.000,31317,1,TH,1,100,36.370
1715672499.492518,3787466.000,31337,1,TH,1,100,36.370
1715672499.626698,3787594.000,31356,1,TH,1,100,36.390
1715672499.759830,3787721.000,31373,1,TH,1,100,36.390
1715672499.895058,3787850.000,31405,1,TH,1,100,36.395
1715672500.028190,3787977.000,31421,1,TH,1,100,36.395
1715672500.162370,3788105.000,31439,1,TH,1,100,36.411
1715672500.292357,3788229.000,31461,1,TH,1,100,36.411
1715672500.424441,3788355.000,31478,1,TH,1,100,36.381
1715672500.555476,3788480.000,31497,1,TH,1,100,36.381
1715672500.688608,3788607.000,31515,1,TH,1,100,36.468
1715672500.822788,3788735.000,31533,1,TH,1,100,36.468
1715672500.958016,3788864.000,31567,1,TH,1,100,36.406
1715672501.092196,3788992.000,31584,1,TH,1,100,36.406
1715672501.225328,3789119.000,31601,1,TH,1,100,36.441
1715672501.359508,3789247.000,31617,1,TH,1,100,36.441
1715672501.490543,3789372.000,31649,1,TH,1,100,36.477
1715672501.620530,3789496.000,31666,1,TH,1,100,36.477
1715672501.754710,3789624.000,31684,1,TH,1,100,36.418
1715672501.887842,3789751.000,31702,1,TH,1,100,36.418
1715672502.020974,3789878.000,31733,1,TH,1,100,36.356
1715672502.156202,3790007.000,31753,1,TH,1,100,36.356
1715672502.290382,3790135.000,31770,1,TH,1,100,36.433
1715672502.424562,3790263.000,31787,1,TH,1,100,36.433
1715672502.555598,3790388.000,31804,1,TH,1,100,36.454
1715672502.687681,3790514.000,31820,1,TH,1,100,36.454
1715672502.818717,3790639.000,31857,1,TH,1,100,36.473
1715672502.952897,3790767.000,31874,1,TH,1,100,36.473
1715672503.086028,3790894.000,31890,1,TH,1,100,36.337
1715672503.221257,3791023.000,31908,1,TH,1,100,36.337
1715672503.354388,3791150.000,31939,1,TH,1,100,36.418
1715672503.488569,3791278.000,31956,1,TH,1,100,36.418
1715672503.619604,3791403.000,31973,1,TH,1,100,36.427
1715672503.751687,3791529.000,31989,1,TH,1,100,36.427
1715672503.882723,3791654.000,32024,1,TH,1,100,36.353
1715672504.015854,3791781.000,32043,1,TH,1,100,36.353
1715672504.148986,3791908.000,32063,1,TH,1,100,36.491
1715672504.284214,3792037.000,32080,1,TH,1,100,36.491
1715672504.417871,3792164.500,32113,2,TH,1,100,36.468
1715672504.551526,3792292.000,32113,2,TH,1,100,36.468
1715672504.686755,3792421.000,32144,1,TH,1,100,36.470
1715672504.817790,3792546.000,32164,1,TH,1,100,36.470
1715672504.947777,3792670.000,32181,1,TH,1,100,36.445
1715672505.080909,3792797.000,32199,1,TH,1,100,36.445
1715672505.214041,3792924.000,32231,1,TH,1,100,36.466
1715672505.347172,3793051.000,32251,1,TH,1,100,36.466
1715672505.482401,3793180.000,32268,1,TH,1,100,36.452
1715672505.616581,3793308.000,32287,1,TH,1,100,36.452
1715672505.750761,3793436.000,32308,1,TH,1,100,36.378
1715672505.881796,3793561.000,32340,1,TH,1,100,36.371
1715672506.013880,3793687.000,32357,1,TH,1,100,36.470
1715672506.144915,3793812.000,32379,1,TH,1,100,36.470
1715672506.279095,3793940.000,32396,1,TH,1,100,36.392
1715672506.413275,3794068.000,32429,2,TH,1,100,36.392
1715672506.547455,3794196.000,32429,2,TH,1,100,36.355
1715672506.680587,3794323.000,32448,1,TH,1,100,36.363
1715672506.814767,3794451.000,32480,1,TH,1,100,36.431
1715672506.946850,3794577.000,32497,1,TH,1,100,36.431
1715672507.078934,3794703.000,32513,1,TH,1,100,36.388
1715672507.209969,3794828.000,32533,1,TH,1,100,36.388
1715672507.343101,3794955.000,32567,1,TH,1,100,36.388
1715672507.475184,3795081.000,32584,1,TH,1,100,36.388
1715672507.610413,3795210.000,32601,1,TH,1,100,36.496
1715672507.744593,3795338.000,32617,1,TH,1,100,36.496
1715672507.877725,3795465.000,32649,1,TH,1,100,36.390
1715672508.012953,3795594.000,32666,1,TH,1,100,36.390
1715672508.143988,3795719.000,32683,1,TH,1,100,36.365
1715672508.273975,3795843.000,32702,1,TH,1,100,36.365
1715672508.406059,3795969.000,32734,1,TH,1,100,36.433
1715672508.539889,3796096.667,32755,3,TH,1,100,36.433
1715672508.673720,3796224.333,32755,3,TH,1,100,36.360
1715672508.807551,3796352.000,32755,3,TH,1,100,36.360
1715672508.941381,3796479.667,32774,3,TH,1,100,36.415
1715672509.075212,3796607.333,32774,3,TH,1,100,36.415
1715672509.209043,3796735.000,32774,3,TH,1,100,36.454
1715672509.340602,3796860.500,32796,2,TH,1,100,36.454
1715672509.472161,3796986.000,32796,2,TH,1,100,36.491
1715672509.605293,3797113.000,32812,1,TH,1,100,36.491
1715672509.738425,3797240.000,32829,1,TH,1,100,36.413
1715672509.873653,3797369.000,32848,1,TH,1,100,36.413
1715672510.006785,3797496.000,32865,1,TH,1,100,36.356
1715672510.140965,3797624.000,32882,1,TH,1,100,36.356
1715672510.274097,3797751.000,32899,1,TH,1,100,36.454
1715672510.406180,3797877.000,32934,1,TH,1,100,36.454
1715672510.537215,3798002.000,32954,1,TH,1,100,36.484
1715672510.669299,3798128.000,32971,1,TH,1,100,36.484
1715672510.801383,3798254.000,32988,1,TH,1,100,36.491
1715672510.936611,3798383.000,33019,1,TH,1,100,36.491
1715672511.070267,3798510.500,33042,2,TH,1,100,36.358
1715672511.203923,3798638.000,33042,2,TH,1,100,36.358
1715672511.339151,3798767.000,33061,1,TH,1,100,36.337
1715672511.470186,3798892.000,33095,1,TH,1,100,36.330
1715672511.600173,3799016.000,33112,1,TH,1,100,36.365
1715672511.732257,3799142.000,33128,1,TH,1,100,36.372
1715672511.865389,3799269.000,33146,1,TH,1,100,36.381
1715672511.998520,3799396.000,33177,1,TH,1,100,36.381
1715672512.133749,3799525.000,33194,1,TH,1,100,36.376
1715672512.267929,3799653.000,33211,1,TH,1,100,36.376
1715672512.402109,3799781.000,33227,1,TH,1,100,36.528
1715672512.534193,3799907.000,33264,1,TH,1,100,36.528
1715672512.667324,3800034.000,33281,1,TH,1,100,36.381
1715672512.798359,3800159.000,33298,1,TH,1,100,36.374
1715672512.932539,3800287.000,33315,1,TH,1,100,36.408
1715672513.064623,3800413.000,33347,1,TH,1,100,36.415
1715672513.199852,3800542.000,33363,1,TH,1,100,36.408
1715672513.332983,3800669.000,33380,1,TH,1,100,36.408
1715672513.467163,3800797.000,33397,1,TH,1,100,36.510
1715672513.601343,3800925.000,33428,1,TH,1,100,36.510
1715672513.733427,3801051.000,33448,1,TH,1,100,36.392
1715672513.864462,3801176.000,33467,1,TH,1,100,36.392
1715672513.995497,3801301.000,33484,1,TH,1,100,36.481
1715672514.127581,3801427.000,33516,1,TH,1,100,36.481
1715672514.262809,3801556.000,33535,1,TH,1,100,36.424
1715672514.396989,3801684.000,33552,1,TH,1,100,36.424
1715672514.530121,3801811.000,33569,1,TH,1,100,36.463
1715672514.665349,3801940.000,33600,1,TH,1,100,36.463
1715672514.796385,3802065.000,33620,1,TH,1,100,36.413
1715672514.928468,3802191.000,33636,1,TH,1,100,36.413
1715672515.060552,3802317.000,33653,1,TH,1,100,36.427
1715672515.193683,3802444.000,33688,1,TH,1,100,36.427
1715672515.326815,3802571.000,33704,1,TH,1,100,36.454
1715672515.462044,3802700.000,33722,1,TH,1,100,36.454
1715672515.596224,3802828.000,33740,1,TH,1,100,36.406
1715672515.730404,3802956.000,33772,1,TH,1,100,36.406
1715672515.864584,3803084.000,33791,1,TH,1,100,36.406
1715672515.997716,3803211.000,33807,1,TH,1,100,36.406
1715672516.128751,3803336.000,33825,1,TH,1,100,36.482
1715672516.261883,3803463.000,33859,1,TH,1,100,36.482
1715672516.395015,3803590.000,33882,2,TH,1,100,36.388
1715672516.528146,3803717.000,33882,2,TH,1,100,36.388
1715672516.661278,3803844.000,33898,1,TH,1,100,36.468
1715672516.795458,3803972.000,33916,1,TH,1,100,36.468
1715672516.929638,3804100.000,33934,1,TH,1,100,36.436
1715672517.061722,3804226.000,33966,1,TH,1,100,36.436
1715672517.193805,3804352.000,33983,1,TH,1,100,36.390
1715672517.324840,3804477.000,33999,1,TH,1,100,36.390
1715672517.456924,3804603.000,34017,1,TH,1,100,36.557
1715672517.592152,3804732.000,34048,1,TH,1,100,36.557
1715672517.726332,3804860.000,34067,1,TH,1,100,36.376
1715672517.859464,3804987.000,34085,1,TH,1,100,36.376
1715672517.994693,3805116.000,34103,1,TH,1,100,36.431
1715672518.126776,3805242.000,34135,1,TH,1,100,36.431
1715672518.258859,3805368.000,34155,1,TH,1,100,36.441
1715672518.390943,3805494.000,34171,1,TH,1,100,36.441
1715672518.524075,3805621.000,34189,1,TH,1,100,36.413
1715672518.656158,3805747.000,34220,1,TH,1,100,36.413
1715672518.791387,3805876.000,34237,1,TH,1,100,36.425
1715672518.925567,3806004.000,34257,1,TH,1,100,36.425
1715672519.059747,3806132.000,34275,1,TH,1,100,36.386
1715672519.193927,3806260.000,34307,1,TH,1,100,36.378
1715672519.327059,3806387.000,34324,1,TH,1,100,36.475
1715672519.458094,3806512.000,34344,1,TH,1,100,36.482
1715672519.590178,3806638.000,34361,1,TH,1,100,36.466
1715672519.721213,3806763.000,34393,1,TH,1,100,36.466
1715672519.856441,3806892.000,34409,1,TH,1,100,36.431
1715672519.989573,3807019.000,34428,1,TH,1,100,36.424
1715672520.123753,3807147.000,34445,1,TH,1,100,36.424
1715672520.257933,3807275.000,34479,1,TH,1,100,36.431
1715672520.390017,3807401.000,34496,1,TH,1,100,36.376
1715672520.523148,3807528.000,34515,1,TH,1,100,36.369
1715672520.654183,3807653.000,34532,1,TH,1,100,36.452
1715672520.786267,3807779.000,34564,1,TH,1,100,36.459
1715672520.921495,3807908.000,34580,1,TH,1,100,36.420
1715672521.053579,3808034.000,34599,1,TH,1,100,36.420
1715672521.187759,3808162.000,34616,1,TH,1,100,36.431
1715672521.322987,3808291.000,34647,1,TH,1,100,36.431
1715672521.456119,3808418.000,34668,1,TH,1,100,36.433
1715672521.588202,3808544.000,34684,1,TH,1,100,36.433
1715672521.720286,3808670.000,34701,1,TH,1,100,36.477
1715672521.853418,3808797.000,34724,1,TH,1,100,36.477
1715672521.983405,3808921.000,34743,1,TH,1,100,36.411
1715672522.118633,3809050.000,34761,1,TH,1,100,36.411
1715672522.252813,3809178.000,34779,1,TH,1,100,36.456
1715672522.386993,3809306.000,34796,1,TH,1,100,36.456
1715672522.521173,3809434.000,34828,1,TH,1,100,36.431
1715672522.654305,3809561.000,34844,1,TH,1,100,36.431
1715672522.785341,3809686.000,34862,1,TH,1,100,36.404
1715672522.917424,3809812.000,34896,1,TH,1,100,36.404
1715672523.048459,3809937.000,34913,1,TH,1,100,36.356
1715672523.183687,3810066.000,34930,1,TH,1,100,36.356
1715672523.316819,3810193.000,34951,1,TH,1,100,36.404
1715672523.450999,3810321.000,34969,1,TH,1,100,36.404
1715672523.585180,3810449.000,35000,1,TH,1,100,36.411
1715672523.717263,3810575.000,35017,1,TH,1,100,36.411
1715672523.851443,3810703.000,35034,1,TH,1,100,36.486
1715672523.982478,3810828.000,35050,1,TH,1,100,36.486
1715672524.114562,3810954.000,35082,1,TH,1,100,36.418
1715672524.248742,3811082.000,35099,1,TH,1,100,36.418
1715672524.380825,3811208.000,35117,1,TH,1,100,36.413
1715672524.515005,3811336.000,35135,1,TH,1,100,36.413
1715672524.650234,3811465.000,35169,1,TH,1,100,36.431
1715672524.783365,3811592.000,35186,1,TH,1,100,36.431
1715672524.915449,3811718.000,35203,1,TH,1,100,36.450
1715672525.047533,3811844.000,35219,1,TH,1,100,36.450
1715672525.179616,3811970.000,35237,1,TH,1,100,36.459
1715672525.309603,3812094.000,35271,1,TH,1,100,36.459
1715672525.444831,3812223.000,35290,1,TH,1,100,36.459
1715672525.579011,3812351.000,35309,1,TH,1,100,36.459
1715672525.713192,3812479.000,35325,1,TH,1,100,36.418
1715672525.847372,3812607.000,35360,1,TH,1,100,36.418
1715672525.980503,3812734.000,35377,1,TH,1,100,36.390
1715672526.113635,3812861.000,35394,1,TH,1,100,36.390
1715672526.245719,3812987.000,35411,1,TH,1,100,36.454
1715672526.376754,3813112.000,35445,1,TH,1,100,36.454
1715672526.511982,3813241.000,35461,1,TH,1,100,36.452
1715672526.645114,3813368.000,35481,1,TH,1,100,36.452
1715672526.779294,3813496.000,35498,1,TH,1,100,36.441
1715672526.913474,3813624.000,35529,1,TH,1,100,36.441
1715672527.047130,3813751.500,35550,2,TH,1,100,36.445
1715672527.180786,3813879.000,35550,2,TH,1,100,36.445
1715672527.312346,3814004.500,35567,2,TH,1,100,36.514
1715672527.443905,3814130.000,35567,2,TH,1,100,36.514
1715672527.577037,3814257.000,35586,1,TH,1,100,36.500
1715672527.709120,3814383.000,35602,1,TH,1,100,36.500
1715672527.843300,3814511.000,35634,1,TH,1,100,36.427
1715672527.978528,3814640.000,35654,1,TH,1,100,36.427
1715672528.111660,3814767.000,35671,1,TH,1,100,36.399
1715672528.243744,3814893.000,35702,1,TH,1,100,36.399
1715672528.375827,3815019.000,35720,1,TH,1,100,36.459
1715672528.507911,3815145.000,35739,1,TH,1,100,36.459
1715672528.637898,3815269.000,35758,1,TH,1,100,36.397
1715672528.773126,3815398.000,35790,1,TH,1,100,36.397
1715672528.907306,3815526.000,35806,1,TH,1,100,36.383
1715672529.041486,3815654.000,35823,1,TH,1,100,36.383
1715672529.175666,3815782.000,35843,1,TH,1,100,36.447
1715672529.308798,3815909.000,35860,1,TH,1,100,36.447
1715672529.442978,3816037.000,35877,1,TH,1,100,36.418
1715672529.575062,3816163.000,35894,1,TH,1,100,36.418
1715672529.706097,3816288.000,35912,1,TH,1,100,36.388
1715672529.840277,3816416.000,35944,1,TH,1,100,36.388
1715672529.972361,3816542.000,35961,1,TH,1,100,36.401
1715672530.106541,3816670.000,35978,1,TH,1,100,36.401
1715672530.240721,3816798.000,35995,1,TH,1,100,36.342
1715672530.373852,3816925.000,36030,1,TH,1,100,36.342
1715672530.508033,3817053.000,36048,1,TH,1,100,36.518
1715672530.639068,3817178.000,36065,1,TH,1,100,36.518
1715672530.770103,3817303.000,36084,1,TH,1,100,36.452
1715672530.902187,3817429.000,36115,1,TH,1,100,36.452
1715672531.034270,3817555.000,36133,1,TH,1,100,36.471
1715672531.168450,3817683.000,36149,1,TH,1,100,36.471
1715672531.303679,3817812.000,36166,1,TH,1,100,36.445
1715672531.436810,3817939.000,36183,1,TH,1,100,36.445
1715672531.568894,3818065.000,36200,1,TH,1,100,36.468
1715672531.702026,3818192.000,36218,1,TH,1,100,36.468
1715672531.834109,3818318.000,36253,1,TH,1,100,36.436
1715672531.964096,3818442.000,36270,1,TH,1,100,36.436
1715672532.099324,3818571.000,36287,1,TH,1,100,36.404
1715672532.232456,3818698.000,36304,1,TH,1,100,36.404
1715672532.366636,3818826.000,36323,1,TH,1,100,36.427
1715672532.500292,3818953.500,36362,2,TH,1,100,36.427
1715672532.633948,3819081.000,36362,2,TH,1,100,36.503
1715672532.768128,3819209.000,36380,1,TH,1,100,36.503
1715672532.900212,3819335.000,36396,1,TH,1,100,36.388
1715672533.031247,3819460.000,36431,1,TH,1,100,36.388
1715672533.164379,3819587.000,36448,1,TH,1,100,36.496
1715672533.296462,3819713.000,36464,1,TH,1,100,36.496
1715672533.430642,3819841.000,36484,1,TH,1,100,36.331
1715672533.564822,3819969.000,36500,1,TH,1,100,36.331
1715672533.697954,3820096.000,36517,1,TH,1,100,36.402
1715672533.832134,3820224.000,36549,1,TH,1,100,36.402
1715672533.963170,3820349.000,36565,1,TH,1,100,36.353
1715672534.095253,3820475.000,36583,1,TH,1,100,36.353
1715672534.227337,3820601.000,36601,1,TH,1,100,36.477
1715672534.359420,3820727.000,36634,1,TH,1,100,36.477
1715672534.493600,3820855.000,36651,1,TH,1,100,36.452
1715672534.628829,3820984.000,36669,1,TH,1,100,36.452
1715672534.761960,3821111.000,36687,1,TH,1,100,36.427
1715672534.894044,3821237.000,36721,1,TH,1,100,36.427
1715672535.028224,3821365.000,36740,1,TH,1,100,36.450
1715672535.160307,3821491.000,36757,1,TH,1,100,36.450
1715672535.290294,3821615.000,36773,1,TH,1,100,36.424
1715672535.425523,3821744.000,36791,1,TH,1,100,36.424
1715672535.558655,3821871.000,36812,1,TH,1,100,36.422
1715672535.692835,3821999.000,36829,1,TH,1,100,36.422
1715672535.827015,3822127.000,36846,1,TH,1,100,36.479
1715672535.960146,3822254.000,36879,1,TH,1,100,36.479
1715672536.094326,3822382.000,36897,1,TH,1,100,36.463
1715672536.226410,3822508.000,36913,1,TH,1,100,36.463
1715672536.357445,3822633.000,36930,1,TH,1,100,36.402
1715672536.490577,3822760.000,36962,1,TH,1,100,36.402
1715672536.622661,3822886.000,36978,1,TH,1,100,36.450
1715672536.756841,3823014.000,36996,1,TH,1,100,36.450
1715672536.891021,3823142.000,37017,1,TH,1,100,36.418
1715672537.024153,3823269.000,37049,1,TH,1,100,36.418
1715672537.158333,3823397.000,37066,1,TH,1,100,36.404
1715672537.289368,3823522.000,37082,1,TH,1,100,36.404
1715672537.422500,3823649.000,37103,1,TH,1,100,36.433
1715672537.554583,3823775.000,37119,1,TH,1,100,36.433
1715672537.686666,3823901.000,37137,1,TH,1,100,36.441
1715672537.820847,3824029.000,37155,1,TH,1,100,36.441
1715672537.956075,3824158.000,37177,1,TH,1,100,36.461
1715672538.089207,3824285.000,37194,1,TH,1,100,36.461
1715672538.221290,3824411.000,37214,1,TH,1,100,36.418
1715672538.356519,3824540.000,37230,1,TH,1,100,36.418
1715672538.488602,3824666.000,37262,1,TH,1,100,36.463
1715672538.618589,3824790.000,37281,1,TH,1,100,36.463
1715672538.753818,3824919.000,37298,1,TH,1,100,36.390
1715672538.885901,3825045.000,37318,1,TH,1,100,36.390
1715672539.020081,3825173.000,37350,1,TH,1,100,36.422
1715672539.154261,3825301.000,37366,1,TH,1,100,36.422
1715672539.287393,3825428.000,37383,1,TH,1,100,36.466
1715672539.421573,3825556.000,37404,1,TH,1,100,36.466
1715672539.553657,3825682.000,37420,1,TH,1,100,36.374
1715672539.684692,3825807.000,37438,1,TH,1,100,36.374
1715672539.816775,3825933.000,37454,1,TH,1,100,36.408
1715672539.948859,3826059.000,37474,1,TH,1,100,36.408
1715672540.083039,3826187.000,37506,1,TH,1,100,36.544
1715672540.217219,3826315.000,37522,1,TH,1,100,36.544
1715672540.350351,3826442.000,37539,1,TH,1,100,36.427
1715672540.484531,3826570.000,37558,1,TH,1,100,36.427
1715672540.616614,3826696.000,37591,1,TH,1,100,36.425
1715672540.749746,3826823.000,37612,1,TH,1,100,36.425
1715672540.881830,3826949.000,37628,1,TH,1,100,36.503
1715672541.013913,3827075.000,37645,1,TH,1,100,36.503
1715672541.148093,3827203.000,37679,1,TH,1,100,36.392
1715672541.282273,3827331.000,37700,2,TH,1,100,36.392
1715672541.416453,3827459.000,37700,2,TH,1,100,36.489
1715672541.549585,3827586.000,37718,3,TH,1,100,36.489
1715672541.682717,3827713.000,37718,3,TH,1,100,36.436
1715672541.815849,3827840.000,37718,3,TH,1,100,36.436
1715672541.947932,3827966.000,37739,3,TH,1,100,36.399
1715672542.080016,3828092.000,37739,3,TH,1,100,36.399
1715672542.212099,3828218.000,37739,3,TH,1,100,36.408
1715672542.344183,3828344.000,37756,1,TH,1,100,36.408
1715672542.478363,3828472.000,37773,1,TH,1,100,36.413
1715672542.611495,3828599.000,37789,1,TH,1,100,36.413
1715672542.745675,3828727.000,37807,1,TH,1,100,36.429
1715672542.877758,3828853.000,37823,1,TH,1,100,36.429
1715672543.009842,3828979.000,37857,1,TH,1,100,36.404
1715672543.141925,3829105.000,37874,1,TH,1,100,36.404
1715672543.275057,3829232.000,37900,2,TH,1,100,36.468
1715672543.408189,3829359.000,37900,2,TH,1,100,36.468
1715672543.542369,3829487.000,37918,1,TH,1,100,36.441
1715672543.675501,3829614.000,37935,1,TH,1,100,36.441
1715672543.809681,3829742.000,37970,1,TH,1,100,36.413
1715672543.942812,3829869.000,37986,1,TH,1,100,36.413
1715672544.075944,3829996.000,38004,1,TH,1,100,36.418
1715672544.208028,3830122.000,38020,1,TH,1,100,36.418
1715672544.340111,3830248.000,38052,1,TH,1,100,36.408
1715672544.473243,3830375.000,38069,1,TH,1,100,36.408
1715672544.608471,3830504.000,38088,1,TH,1,100,36.486
1715672544.741603,3830631.000,38106,1,TH,1,100,36.486
1715672544.873687,3830757.000,38137,1,TH,1,100,36.448
1715672545.008915,3830886.000,38154,1,TH,1,100,36.448
1715672545.140999,3831012.000,38174,1,TH,1,100,36.399
1715672545.270986,3831136.000,38190,1,TH,1,100,36.399
1715672545.404117,3831263.000,38224,1,TH,1,100,36.386
1715672545.536201,3831389.000,38243,1,TH,1,100,36.386
1715672545.670381,3831517.000,38259,1,TH,1,100,36.445
1715672545.804561,3831645.000,38277,1,TH,1,100,36.445
1715672545.937693,3831772.000,38311,1,TH,1,100,36.390
1715672546.071873,3831900.000,38328,1,TH,1,100,36.390
1715672546.203956,3832026.000,38345,1,TH,1,100,36.340
1715672546.337088,3832153.000,38361,1,TH,1,100,36.340
1715672546.469172,3832279.000,38396,1,TH,1,100,36.420
1715672546.601255,3832405.000,38413,1,TH,1,100,36.420
1715672546.735435,3832533.000,38430,1,TH,1,100,36.356
1715672546.869615,3832661.000,38447,1,TH,1,100,36.356
1715672547.002747,3832788.000,38479,1,TH,1,100,36.367
1715672547.136927,3832916.000,38498,1,TH,1,100,36.367
1715672547.270059,3833043.000,38517,1,TH,1,100,36.491
1715672547.403191,3833170.000,38534,1,TH,1,100,36.491
1715672547.535274,3833296.000,38565,1,TH,1,100,36.438
1715672547.666310,3833421.000,38586,1,TH,1,100,36.438
1715672547.798393,3833547.000,38602,1,TH,1,100,36.418
1715672547.933621,3833676.000,38619,1,TH,1,100,36.418
1715672548.066753,3833803.000,38655,1,TH,1,100,36.463
1715672548.198837,3833929.000,38671,1,TH,1,100,36.463
1715672548.334065,3834058.000,38688,1,TH,1,100,36.454
1715672548.466149,3834184.000,38705,1,TH,1,100,36.454
1715672548.598232,3834310.000,38745,2,TH,1,100,36.415
1715672548.730316,3834436.000,38745,2,TH,1,100,36.415
1715672548.862399,3834562.000,38764,1,TH,1,100,36.452
1715672548.996579,3834690.000,38780,1,TH,1,100,36.445
1715672549.130759,3834818.000,38815,1,TH,1,100,36.465
1715672549.263891,3834945.000,38832,1,TH,1,100,36.465
1715672549.398071,3835073.000,38849,1,TH,1,100,36.424
1715672549.531203,3835200.000,38866,1,TH,1,100,36.431
1715672549.664335,3835327.000,38900,1,TH,1,100,36.386
1715672549.796418,3835453.000,38919,1,TH,1,100,36.378
1715672549.928502,3835579.000,38936,1,TH,1,100,36.431
1715672550.060585,3835705.000,38953,1,TH,1,100,36.438
1715672550.194765,3835833.000,38984,1,TH,1,100,36.413
1715672550.327897,3835960.000,39002,1,TH,1,100,36.406
1715672550.462077,3836088.000,39020,1,TH,1,100,36.394
1715672550.595209,3836215.000,39037,1,TH,1,100,36.394
1715672550.728341,3836342.000,39071,1,TH,1,100,36.394
1715672550.860424,3836468.000,39087,1,TH,1,100,36.394
1715672550.991460,3836593.000,39107,1,TH,1,100,36.454
1715672551.123543,3836719.000,39124,1,TH,1,100,36.454
1715672551.258771,3836848.000,39155,1,TH,1,100,36.410
1715672551.392951,3836976.000,39173,1,TH,1,100,36.410
1715672551.525035,3837102.000,39191,1,TH,1,100,36.351
1715672551.660263,3837231.000,39211,1,TH,1,100,36.351
1715672551.792347,3837357.000,39243,1,TH,1,100,36.412
1715672551.925479,3837484.000,39259,1,TH,1,100,36.412
1715672552.058610,3837611.000,39277,1,TH,1,100,36.493
1715672552.190694,3837737.000,39293,1,TH,1,100,36.493
1715672552.324874,3837865.000,39328,1,TH,1,100,36.401
1715672552.459054,3837993.000,39347,1,TH,1,100,36.401
1715672552.592186,3838120.000,39363,1,TH,1,100,36.435
1715672552.726366,3838248.000,39381,1,TH,1,100,36.435
1715672552.860546,3838376.000,39412,1,TH,1,100,36.445
1715672552.993678,3838503.000,39428,1,TH,1,100,36.445
1715672553.125761,3838629.000,39446,1,TH,1,100,36.357
1715672553.257845,3838755.000,39462,1,TH,1,100,36.357
1715672553.388880,3838880.000,39496,1,TH,1,100,36.447
1715672553.523060,3839008.000,39513,1,TH,1,100,36.447
1715672553.656192,3839135.000,39529,1,TH,1,100,36.367
1715672553.790372,3839263.000,39547,1,TH,1,100,36.367
1715672553.923504,3839390.000,39592,2,TH,1,100,36.445
1715672554.056636,3839517.000,39592,2,TH,1,100,36.445
1715672554.188719,3839643.000,39609,2,TH,1,100,36.385
1715672554.320803,3839769.000,39609,2,TH,1,100,36.385
1715672554.452886,3839895.000,39641,1,TH,1,100,36.440
1715672554.588115,3840024.000,39657,1,TH,1,100,36.440
1715672554.721246,3840151.000,39675,1,TH,1,100,36.367
1715672554.854378,3840278.000,39691,1,TH,1,100,36.367
1715672554.989606,3840407.000,39728,1,TH,1,100,36.412
1715672555.122738,3840534.000,39745,1,TH,1,100,36.412
1715672555.255870,3840661.000,39761,1,TH,1,100,36.355
1715672555.389002,3840788.000,39795,1,TH,1,100,36.355
1715672555.521085,3840914.000,39812,1,TH,1,100,36.403
1715672555.654217,3841041.000,39828,1,TH,1,100,36.403
1715672555.788397,3841169.000,39846,1,TH,1,100,36.394
1715672555.921529,3841296.000,39879,1,TH,1,100,36.394
1715672556.055709,3841424.000,39896,1,TH,1,100,36.490
1715672556.189889,3841552.000,39916,1,TH,1,100,36.490
1715672556.323021,3841679.000,39932,1,TH,1,100,36.492
1715672556.455104,3841805.000,39950,1,TH,1,100,36.492
1715672556.586140,3841930.000,39983,1,TH,1,100,36.369
1715672556.717175,3842055.000,40003,1,TH,1,100,36.369
1715672556.851355,3842183.000,40020,1,TH,1,100,36.463
1715672556.984487,3842310.000,40036,1,TH,1,100,36.463
1715672557.118667,3842438.000,40068,1,TH,1,100,36.463
1715672557.251799,3842565.000,40085,1,TH,1,100,36.463
1715672557.384930,3842692.000,40102,1,TH,1,100,36.415
1715672557.519110,3842820.000,40135,1,TH,1,100,36.415
1715672557.651194,3842946.000,40156,1,TH,1,100,36.426
1715672557.783278,3843072.000,40172,1,TH,1,100,36.426
1715672557.917458,3843200.000,40189,1,TH,1,100,36.403
1715672558.050589,3843327.000,40206,1,TH,1,100,36.403
1715672558.183721,3843454.000,40237,1,TH,1,100,36.380
1715672558.318949,3843583.000,40257,1,TH,1,100,36.380
1715672558.452081,3843710.000,40273,1,TH,1,100,36.518
1715672558.585213,3843837.000,40293,1,TH,1,100,36.518
1715672558.718345,3843964.000,40328,1,TH,1,100,36.350
1715672558.850428,3844090.000,40344,1,TH,1,100,36.350
1715672558.981464,3844215.000,40361,1,TH,1,100,36.449
1715672559.115644,3844343.000,40378,1,TH,1,100,36.449
1715672559.248775,3844470.000,40400,1,TH,1,100,36.426
1715672559.382956,3844598.000,40423,1,TH,1,100,36.426
1715672559.517136,3844726.000,40439,1,TH,1,100,36.405
1715672559.650267,3844853.000,40457,1,TH,1,100,36.405
1715672559.783399,3844980.000,40473,1,TH,1,100,36.426
1715672559.915483,3845106.000,40490,1,TH,1,100,36.426
1715672560.046518,3845231.000,40511,1,TH,1,100,36.360
1715672560.180698,3845359.000,40529,1,TH,1,100,36.360
1715672560.313830,3845486.000,40546,1,TH,1,100,36.398
1715672560.448010,3845614.000,40565,1,TH,1,100,36.398
1715672560.581142,3845741.000,40585,1,TH,1,100,36.396
1715672560.715322,3845869.000,40617,1,TH,1,100,36.396
1715672560.850550,3845998.000,40633,1,TH,1,100,36.360
1715672560.982634,3846124.000,40650,1,TH,1,100,36.360
1715672561.114717,3846250.000,40667,1,TH,1,100,36.440
1715672561.246801,3846376.000,40700,1,TH,1,100,36.440
1715672561.379932,3846503.000,40721,1,TH,1,100,36.422
1715672561.513064,3846630.000,40737,1,TH,1,100,36.422
1715672561.648293,3846759.000,40754,1,TH,1,100,36.435
1715672561.781424,3846886.000,40789,1,TH,1,100,36.435
1715672561.914556,3847013.000,40805,1,TH,1,100,36.387
1715672562.047688,3847140.000,40823,1,TH,1,100,36.387
1715672562.179771,3847266.000,40841,1,TH,1,100,36.417
1715672562.310807,3847391.000,40873,1,TH,1,100,36.410
1715672562.444987,3847519.000,40890,1,TH,1,100,36.373
1715672562.578119,3847646.000,40909,1,TH,1,100,36.373
1715672562.712299,3847774.000,40927,1,TH,1,100,36.368
1715672562.846479,3847902.000,40958,1,TH,1,100,36.368
1715672562.979610,3848029.000,40974,1,TH,1,100,36.421
1715672563.114839,3848158.000,40995,1,TH,1,100,36.421
1715672563.246922,3848284.000,41013,1,TH,1,100,36.410
1715672563.377958,3848409.000,41045,1,TH,1,100,36.410
1715672563.510041,3848535.000,41062,1,TH,1,100,36.389
1715672563.643173,3848662.000,41078,1,TH,1,100,36.389
1715672563.777353,3848790.000,41096,1,TH,1,100,36.412
1715672563.910485,3848917.000,41130,1,TH,1,100,36.412
1715672564.044665,3849045.000,41147,1,TH,1,100,36.375
1715672564.179893,3849174.000,41166,1,TH,1,100,36.375
1715672564.310928,3849299.000,41182,1,TH,1,100,36.426
1715672564.443012,3849425.000,41217,1,TH,1,100,36.426
1715672564.574047,3849550.000,41234,1,TH,1,100,36.403
1715672564.707179,3849677.000,41257,2,TH,1,100,36.403
1715672564.840311,3849804.000,41257,2,TH,1,100,36.433
1715672564.975539,3849933.000,41289,1,TH,1,100,36.433
1715672565.108671,3850060.000,41310,1,TH,1,100,36.400
1715672565.241803,3850187.000,41327,1,TH,1,100,36.400
1715672565.375983,3850315.000,41344,1,TH,1,100,36.412
1715672565.509115,3850442.000,41377,1,TH,1,100,36.412
1715672565.640150,3850567.000,41395,1,TH,1,100,36.405
1715672565.774330,3850695.000,41411,1,TH,1,100,36.405
1715672565.906413,3850821.000,41428,1,TH,1,100,36.357
1715672566.040593,3850949.000,41462,1,TH,1,100,36.357
1715672566.174773,3851077.000,41478,1,TH,1,100,36.357
1715672566.307905,3851204.000,41495,1,TH,1,100,36.357
1715672566.443134,3851333.000,41515,1,TH,1,100,36.384
1715672566.575217,3851459.000,41546,1,TH,1,100,36.384
1715672566.706252,3851584.000,41564,1,TH,1,100,36.435
1715672566.837288,3851709.000,41580,1,TH,1,100,36.435
1715672566.970419,3851836.000,41600,1,TH,1,100,36.458
1715672567.104599,3851964.000,41634,1,TH,1,100,36.458
1715672567.237731,3852091.000,41650,1,TH,1,100,36.338
1715672567.371911,3852219.000,41668,1,TH,1,100,36.338
1715672567.507140,3852348.000,41684,1,TH,1,100,36.453
1715672567.638175,3852473.000,41716,1,TH,1,100,36.453
1715672567.772355,3852601.000,41736,1,TH,1,100,36.432
1715672567.903390,3852726.000,41752,1,TH,1,100,36.432
1715672568.036522,3852853.000,41772,1,TH,1,100,36.382
1715672568.169654,3852980.000,41803,1,TH,1,100,36.382
1715672568.304882,3853109.000,41823,1,TH,1,100,36.419
1715672568.438014,3853236.000,41840,1,TH,1,100,36.419
1715672568.571146,3853363.000,41856,1,TH,1,100,36.329
1715672568.706374,3853492.000,41888,1,TH,1,100,36.329
1715672568.839506,3853619.000,41905,1,TH,1,100,36.371
1715672568.970541,3853744.000,41921,1,TH,1,100,36.371
1715672569.103673,3853871.000,41944,1,TH,1,100,36.396
1715672569.235756,3853997.000,41975,1,TH,1,100,36.396
1715672569.369936,3854125.000,41992,1,TH,1,100,36.373
1715672569.504117,3854253.000,42009,1,TH,1,100,36.373
1715672569.637248,3854380.000,42028,1,TH,1,100,36.373
1715672569.772477,3854509.000,42060,1,TH,1,100,36.373
1715672569.904560,3854635.000,42077,1,TH,1,100,36.405
1715672570.036644,3854761.000,42094,1,TH,1,100,36.405
1715672570.166631,3854885.000,42114,1,TH,1,100,36.389
1715672570.299762,3855012.000,42134,1,TH,1,100,36.389
1715672570.433943,3855140.000,42153,1,TH,1,100,36.386
1715672570.567074,3855267.000,42169,1,TH,1,100,36.386
1715672570.701254,3855395.000,42187,1,TH,1,100,36.426
1715672570.836483,3855524.000,42221,1,TH,1,100,36.426
1715672570.968566,3855650.000,42238,1,TH,1,100,36.359
1715672571.102746,3855778.000,42257,1,TH,1,100,36.359
1715672571.233782,3855903.000,42273,1,TH,1,100,36.384
1715672571.366913,3856030.000,42305,1,TH,1,100,36.384
1715672571.498997,3856156.000,42322,1,TH,1,100,36.435
1715672571.634225,3856285.000,42341,1,TH,1,100,36.435
1715672571.767357,3856412.000,42359,1,TH,1,100,36.405
1715672571.900489,3856539.000,42390,1,TH,1,100,36.405
1715672572.035717,3856668.000,42407,1,TH,1,100,36.329
1715672572.168849,3856795.000,42426,1,TH,1,100,36.329
1715672572.299884,3856920.000,42442,1,TH,1,100,36.348
1715672572.430919,3857045.000,42474,1,TH,1,100,36.348
1715672572.563003,3857171.000,42492,1,TH,1,100,36.354
1715672572.697183,3857299.000,42509,1,TH,1,100,36.354
1715672572.831363,3857427.000,42526,1,TH,1,100,36.377
1715672572.964495,3857554.000,42547,1,TH,1,100,36.377
1715672573.099723,3857683.000,42581,1,TH,1,100,36.467
1715672573.231807,3857809.000,42598,1,TH,1,100,36.467
1715672573.364938,3857936.000,42615,1,TH,1,100,36.366
1715672573.494925,3858060.000,42635,1,TH,1,100,36.366
1715672573.628057,3858187.000,42667,1,TH,1,100,36.446
1715672573.761189,3858314.000,42683,1,TH,1,100,36.446
1715672573.894321,3858441.000,42700,1,TH,1,100,36.396
1715672574.028501,3858569.000,42717,1,TH,1,100,36.388
1715672574.163729,3858698.000,42751,1,TH,1,100,36.352
1715672574.295813,3858824.000,42769,1,TH,1,100,36.359
1715672574.429993,3858952.000,42787,1,TH,1,100,36.345
1715672574.561028,3859077.000,42804,1,TH,1,100,36.338
1715672574.693112,3859203.000,42839,1,TH,1,100,36.370
1715672574.825195,3859329.000,42855,1,TH,1,100,36.370
1715672574.960423,3859458.000,42872,1,TH,1,100,36.285
1715672575.093555,3859585.000,42889,1,TH,1,100,36.285
1715672575.226687,3859712.000,42922,1,TH,1,100,36.460
1715672575.361915,3859841.000,42942,1,TH,1,100,36.460
1715672575.494523,3859967.500,42967,2,TH,1,100,36.400
1715672575.627131,3860094.000,42967,2,TH,1,100,36.407
1715672575.758166,3860219.000,42984,1,TH,1,100,36.366
1715672575.890249,3860345.000,43001,1,TH,1,100,36.358
1715672576.024430,3860473.000,43036,1,TH,1,100,36.361
1715672576.158610,3860601.000,43052,1,TH,1,100,36.361
1715672576.291741,3860728.000,43069,1,TH,1,100,36.471
1715672576.426970,3860857.000,43088,1,TH,1,100,36.471
1715672576.560102,3860984.000,43119,1,TH,1,100,36.400
1715672576.694282,3861112.000,43138,1,TH,1,100,36.400
1715672576.824269,3861236.000,43156,1,TH,1,100,36.345
1715672576.957400,3861363.000,43188,1,TH,1,100,36.345
1715672577.088436,3861488.000,43205,1,TH,1,100,36.393
1715672577.221567,3861615.000,43221,1,TH,1,100,36.393
1715672577.355747,3861743.000,43241,1,TH,1,100,36.292
1715672577.490976,3861872.000,43272,1,TH,1,100,36.292
1715672577.623059,3861998.000,43289,1,TH,1,100,36.365
1715672577.757239,3862126.000,43306,1,TH,1,100,36.365
1715672577.888275,3862251.000,43322,1,TH,1,100,36.395
1715672578.018262,3862375.000,43343,1,TH,1,100,36.395
1715672578.150345,3862501.000,43374,1,TH,1,100,36.370
1715672578.285573,3862630.000,43390,1,TH,1,100,36.370
1715672578.418705,3862757.000,43410,1,TH,1,100,36.370
1715672578.551837,3862884.000,43426,1,TH,1,100,36.370
1715672578.687065,3863013.000,43461,1,TH,1,100,36.400
1715672578.820197,3863140.000,43478,1,TH,1,100,36.400
1715672578.953329,3863267.000,43494,1,TH,1,100,36.315
1715672579.084364,3863392.000,43512,1,TH,1,100,36.315
1715672579.216448,3863518.000,43543,1,TH,1,100,36.413
1715672579.349580,3863645.000,43565,1,TH,1,100,36.413
1715672579.483760,3863773.000,43582,1,TH,1,100,36.356
1715672579.616891,3863900.000,43614,1,TH,1,100,36.356
1715672579.752120,3864029.000,43630,1,TH,1,100,36.439
1715672579.885252,3864156.000,43650,1,TH,1,100,36.439
1715672580.019432,3864284.000,43667,1,TH,1,100,36.329
1715672580.149419,3864408.000,43698,1,TH,1,100,36.329
1715672580.281502,3864534.000,43718,1,TH,1,100,36.349
1715672580.412537,3864659.000,43736,1,TH,1,100,36.349
1715672580.545669,3864786.000,43756,1,TH,1,100,36.367
1715672580.679849,3864914.000,43788,1,TH,1,100,36.367
1715672580.814029,3865042.000,43805,2,TH,1,100,36.337
1715672580.948209,3865170.000,43805,2,TH,1,100,36.337
1715672581.082389,3865298.000,43823,1,TH,1,100,36.400
1715672581.215521,3865425.000,43859,1,TH,1,100,36.400
1715672581.345508,3865549.000,43876,1,TH,1,100,36.384
1715672581.477592,3865675.000,43893,1,TH,1,100,36.384
1715672581.612820,3865804.000,43909,1,TH,1,100,36.432
1715672581.743855,3865929.000,43941,1,TH,1,100,36.432
1715672581.878035,3866057.000,43961,1,TH,1,100,36.276
1715672582.013264,3866186.000,43978,1,TH,1,100,36.276
1715672582.147444,3866314.000,43995,1,TH,1,100,36.315
1715672582.281624,3866442.000,44029,1,TH,1,100,36.315
1715672582.412659,3866567.000,44048,1,TH,1,100,36.418
1715672582.544743,3866693.000,44065,1,TH,1,100,36.418
1715672582.675778,3866818.000,44082,1,TH,1,100,36.462
1715672582.809958,3866946.000,44113,1,TH,1,100,36.462
1715672582.943089,3867073.000,44131,1,TH,1,100,36.315
1715672583.078318,3867202.000,44150,1,TH,1,100,36.315
1715672583.211450,3867329.000,44167,1,TH,1,100,36.379
1715672583.345630,3867457.000,44201,1,TH,1,100,36.379
1715672583.475617,3867581.000,44217,1,TH,1,100,36.374
1715672583.607700,3867707.000,44237,1,TH,1,100,36.374
1715672583.738735,3867832.000,44254,1,TH,1,100,36.404
1715672583.871867,3867959.000,44285,1,TH,1,100,36.404
1715672584.006047,3868087.000,44303,1,TH,1,100,36.427
1715672584.141276,3868216.000,44319,1,TH,1,100,36.427
1715672584.274407,3868343.000,44336,1,TH,1,100,36.374
1715672584.408588,3868471.000,44355,1,TH,1,100,36.374
1715672584.543816,3868600.000,44389,1,TH,1,100,36.347
1715672584.673803,3868724.000,44407,1,TH,1,100,36.347
1715672584.805887,3868850.000,44423,1,TH,1,100,36.404
1715672584.940067,3868978.000,44440,1,TH,1,100,36.404
1715672585.071102,3869103.000,44475,1,TH,1,100,36.386
1715672585.205282,3869231.000,44491,1,TH,1,100,36.386
1715672585.340510,3869360.000,44509,1,TH,1,100,36.340
1715672585.474690,3869488.000,44529,1,TH,1,100,36.340
1715672585.608870,3869616.000,44561,1,TH,1,100,36.312
1715672585.739906,3869741.000,44578,1,TH,1,100,36.312
1715672585.871989,3869867.000,44594,1,TH,1,100,36.335
1715672586.003024,3869992.000,44629,1,TH,1,100,36.335
1715672586.136680,3870119.500,44657,2,TH,1,100,36.418
1715672586.270336,3870247.000,44657,2,TH,1,100,36.418
1715672586.404516,3870375.000,44674,2,TH,1,100,36.289
1715672586.538696,3870503.000,44674,2,TH,1,100,36.289
1715672586.672876,3870631.000,44706,1,TH,1,100,36.413
1715672586.804960,3870757.000,44722,1,TH,1,100,36.413
1715672586.937043,3870883.000,44742,1,TH,1,100,36.386
1715672587.068079,3871008.000,44759,1,TH,1,100,36.386
1715672587.201210,3871135.000,44790,1,TH,1,100,36.427
1715672587.334342,3871262.000,44810,1,TH,1,100,36.427
1715672587.469570,3871391.000,44829,1,TH,1,100,36.427
1715672587.602702,3871518.000,44846,1,TH,1,100,36.427
1715672587.736882,3871646.000,44878,1,TH,1,100,36.294
1715672587.872111,3871775.000,44894,1,TH,1,100,36.287
1715672588.002098,3871899.000,44912,1,TH,1,100,36.383
1715672588.134181,3872025.000,44928,1,TH,1,100,36.383
1715672588.266265,3872151.000,44962,1,TH,1,100,36.392
1715672588.397300,3872276.000,44982,1,TH,1,100,36.392
1715672588.531480,3872404.000,44998,1,TH,1,100,36.454
1715672588.666708,3872533.000,45016,1,TH,1,100,36.454
1715672588.800889,3872661.000,45050,1,TH,1,100,36.420
1715672588.935069,3872789.000,45067,1,TH,1,100,36.420
1715672589.066104,3872914.000,45084,1,TH,1,100,36.339
1715672589.199235,3873041.000,45100,1,TH,1,100,36.347
1715672589.330271,3873166.000,45134,1,TH,1,100,36.308
1715672589.464451,3873294.000,45154,1,TH,1,100,36.308
1715672589.597583,3873421.000,45171,1,TH,1,100,36.351
1715672589.732811,3873550.000,45188,1,TH,1,100,36.344
1715672589.865943,3873677.000,45204,1,TH,1,100,36.374
1715672590.000123,3873805.000,45239,1,TH,1,100,36.381
1715672590.133255,3873932.000,45256,1,TH,1,100,36.365
1715672590.265338,3874058.000,45272,1,TH,1,100,36.358
1715672590.396373,3874183.000,45292,1,TH,1,100,36.367
1715672590.528457,3874309.000,45325,1,TH,1,100,36.367
1715672590.660540,3874435.000,45342,1,TH,1,100,36.530
1715672590.795769,3874564.000,45362,1,TH,1,100,36.530
1715672590.928900,3874691.000,45378,1,TH,1,100,36.383
1715672591.063081,3874819.000,45410,1,TH,1,100,36.390
1715672591.198309,3874948.000,45427,1,TH,1,100,36.425
1715672591.328296,3875072.000,45447,1,TH,1,100,36.417
1715672591.460379,3875198.000,45466,1,TH,1,100,36.449
1715672591.592463,3875324.000,45488,1,TH,1,100,36.449
1715672591.723498,3875449.000,45505,1,TH,1,100,36.420
1715672591.857678,3875577.000,45521,1,TH,1,100,36.427
1715672591.992907,3875706.000,45539,1,TH,1,100,36.395
1715672592.127087,3875834.000,45555,1,TH,1,100,36.388
1715672592.261267,3875962.000,45575,1,TH,1,100,36.399
1715672592.393350,3876088.000,45592,1,TH,1,100,36.399
1715672592.526482,3876215.000,45611,1,TH,1,100,36.312
1715672592.657517,3876340.000,45643,1,TH,1,100,36.319
1715672592.791697,3876468.000,45659,1,TH,1,100,36.390
1715672592.923781,3876594.000,45676,1,TH,1,100,36.390
1715672593.059009,3876723.000,45693,1,TH,1,100,36.298
1715672593.192141,3876850.000,45724,1,TH,1,100,36.291
1715672593.326321,3876978.000,45742,1,TH,1,100,36.356
1715672593.460501,3877106.000,45758,1,TH,1,100,36.356
1715672593.592585,3877232.000,45780,1,TH,1,100,36.385
1715672593.723620,3877357.000,45812,1,TH,1,100,36.385
1715672593.854655,3877482.000,45828,1,TH,1,100,36.319
1715672593.986739,3877608.000,45846,1,TH,1,100,36.319
1715672594.121967,3877737.000,45862,1,TH,1,100,36.287
1715672594.254050,3877863.000,45894,1,TH,1,100,36.287
1715672594.388231,3877991.000,45911,1,TH,1,100,36.381
1715672594.523459,3878120.000,45929,1,TH,1,100,36.381
1715672594.653446,3878244.000,45947,1,TH,1,100,36.385
1715672594.785529,3878370.000,45981,1,TH,1,100,36.385
1715672594.917613,3878496.000,45998,1,TH,1,100,36.399
1715672595.048648,3878621.000,46015,1,TH,1,100,36.399
1715672595.182828,3878749.000,46031,1,TH,1,100,36.247
1715672595.319105,3878879.000,46068,1,TH,1,100,36.248
1715672595.453285,3879007.000,46085,1,TH,1,100,36.365
1715672595.587465,3879135.000,46103,1,TH,1,100,36.365
1715672595.721645,3879263.000,46121,1,TH,1,100,36.433
1715672595.854777,3879390.000,46152,1,TH,1,100,36.433
1715672595.985812,3879515.000,46169,1,TH,1,100,36.358
1715672596.119992,3879643.000,46189,1,TH,1,100,36.358
1715672596.251027,3879768.000,46205,1,TH,1,100,36.346
1715672596.386256,3879897.000,46223,1,TH,1,100,36.346
1715672596.519387,3880024.000,46256,1,TH,1,100,36.337
1715672596.653568,3880152.000,46273,1,TH,1,100,36.337
1715672596.787748,3880280.000,46290,1,TH,1,100,36.333
1715672596.919831,3880406.000,46306,1,TH,1,100,36.333
1715672597.050866,3880531.000,46329,1,TH,1,100,36.461
1715672597.181902,3880656.000,46345,1,TH,1,100,36.461
1715672597.313985,3880782.000,46363,1,TH,1,100,36.298
1715672597.449214,3880911.000,46382,1,TH,1,100,36.298
1715672597.581297,3881037.000,46416,1,TH,1,100,36.365
1715672597.715477,3881165.000,46433,1,TH,1,100,36.365
1715672597.850705,3881294.000,46449,1,TH,1,100,36.337
1715672597.980692,3881418.000,46467,1,TH,1,100,36.337
1715672598.113824,3881545.000,46501,1,TH,1,100,36.289
1715672598.245908,3881671.000,46518,1,TH,1,100,36.289
1715672598.376943,3881796.000,46535,1,TH,1,100,36.397
1715672598.510075,3881923.000,46553,1,TH,1,100,36.397
1715672598.646351,3882053.000,46588,1,TH,1,100,36.348
1715672598.780531,3882181.000,46605,1,TH,1,100,36.348
1715672598.914711,3882309.000,46621,1,TH,1,100,36.344
1715672599.048892,3882437.000,46639,1,TH,1,100,36.344
1715672599.182023,3882564.000,46670,1,TH,1,100,36.339
1715672599.313059,3882689.000,46687,1,TH,1,100,36.339
1715672599.446190,3882816.000,46704,1,TH,1,100,36.371
1715672599.577226,3882941.000,46738,1,TH,1,100,36.371
1715672599.712454,3883070.000,46754,1,TH,1,100,36.463
1715672599.845586,3883197.000,46771,1,TH,1,100,36.463
1715672599.979766,3883325.000,46788,1,TH,1,100,36.328
1715672600.113946,3883453.000,46822,1,TH,1,100,36.328
1715672600.246029,3883579.000,46840,1,TH,1,100,36.383
1715672600.379161,3883706.000,46858,1,TH,1,100,36.383
1715672600.510196,3883831.000,46875,1,TH,1,100,36.376
1715672600.642280,3883957.000,46909,1,TH,1,100,36.376
1715672600.777508,3884086.000,46925,1,TH,1,100,36.314
1715672600.909592,3884212.000,46942,1,TH,1,100,36.314
1715672601.043772,3884340.000,46959,1,TH,1,100,36.429
1715672601.179000,3884469.000,46993,1,TH,1,100,36.429
1715672601.311084,3884595.000,47011,1,TH,1,100,36.355
1715672601.444216,3884722.000,47027,1,TH,1,100,36.355
1715672601.576299,3884848.000,47046,1,TH,1,100,36.417
1715672601.707334,3884973.000,47063,1,TH,1,100,36.417
1715672601.838370,3885098.000,47097,1,TH,1,100,36.316
1715672601.974646,3885228.000,47115,1,TH,1,100,36.316
1715672602.108826,3885356.000,47131,1,TH,1,100,36.346
1715672602.243006,3885484.000,47148,1,TH,1,100,36.346
1715672602.377186,3885612.000,47169,1,TH,1,100,36.344
1715672602.510318,3885739.000,47187,1,TH,1,100,36.344
1715672602.641353,3885864.000,47208,1,TH,1,100,36.445
1715672602.773437,3885990.000,47224,1,TH,1,100,36.445
1715672602.904472,3886115.000,47241,1,TH,1,100,36.397
1715672603.039701,3886244.000,47273,1,TH,1,100,36.397
1715672603.172832,3886371.000,47289,1,TH,1,100,36.312
1715672603.307012,3886499.000,47307,1,TH,1,100,36.312
1715672603.441192,3886627.000,47323,1,TH,1,100,36.362
1715672603.573276,3886753.000,47357,1,TH,1,100,36.362
1715672603.707456,3886881.000,47374,1,TH,1,100,36.376
1715672603.838491,3887006.000,47391,1,TH,1,100,36.376
1715672603.970575,3887132.000,47411,1,TH,1,100,36.273
1715672604.104755,3887260.000,47442,1,TH,1,100,36.273
1715672604.236838,3887386.000,47459,1,TH,1,100,36.381
1715672604.371018,3887514.000,47476,1,TH,1,100,36.381
1715672604.506247,3887643.000,47492,1,TH,1,100,36.339
1715672604.639379,3887770.000,47526,1,TH,1,100,36.339
1715672604.772510,3887897.000,47543,1,TH,1,100,36.362
1715672604.904594,3888023.000,47559,1,TH,1,100,36.362
1715672605.034581,3888147.000,47577,1,TH,1,100,36.392
1715672605.165616,3888272.000,47609,1,TH,1,100,36.392
1715672605.301893,3888402.000,47626,1,TH,1,100,36.280
1715672605.436073,3888530.000,47647,1,TH,1,100,36.280
1715672605.570253,3888658.000,47665,1,TH,1,100,36.293
1715672605.704433,3888786.000,47697,1,TH,1,100,36.293
1715672605.837565,3888913.000,47714,1,TH,1,100,36.356
1715672605.970696,3889040.000,47731,1,TH,1,100,36.356
1715672606.102780,3889166.000,47751,1,TH,1,100,36.284
1715672606.233815,3889291.000,47783,1,TH,1,100,36.284
1715672606.369044,3889420.000,47799,1,TH,1,100,36.415
1715672606.502175,3889547.000,47816,1,TH,1,100,36.415
1715672606.636355,3889675.000,47835,1,TH,1,100,36.353
1715672606.770535,3889803.000,47866,1,TH,1,100,36.353
1715672606.903667,3889930.000,47884,1,TH,1,100,36.390
1715672607.037847,3890058.000,47900,1,TH,1,100,36.390
1715672607.168883,3890183.000,47917,1,TH,1,100,36.454
1715672607.300966,3890309.000,47955,1,TH,1,100,36.454
1715672607.434098,3890436.000,47971,1,TH,1,100,36.310
1715672607.566181,3890562.000,47988,1,TH,1,100,36.310
1715672607.700361,3890690.000,48013,1,TH,1,100,36.397
1715672607.835590,3890819.000,48028,1,TH,1,100,36.397
1715672607.968722,3890946.000,48046,1,TH,1,100,36.403
1715672608.101853,3891073.000,48062,1,TH,1,100,36.403
1715672608.233937,3891199.000,48079,1,TH,1,100,36.337
1715672608.364972,3891324.000,48111,1,TH,1,100,36.337
1715672608.496007,3891449.000,48127,1,TH,1,100,36.401
1715672608.632284,3891579.000,48145,1,TH,1,100,36.401
1715672608.764368,3891705.000,48163,1,TH,1,100,36.314
1715672608.899596,3891834.000,48180,1,TH,1,100,36.314
1715672609.033776,3891962.000,48212,1,TH,1,100,36.330
1715672609.166908,3892089.000,48228,1,TH,1,100,36.330
1715672609.301088,3892217.000,48246,1,TH,1,100,36.312
1715672609.433171,3892343.000,48277,1,TH,1,100,36.312
1715672609.564207,3892468.000,48294,1,TH,1,100,36.326
