LocalTimestamp,EmotiBitTimestamp,PacketNumber,DataLength,TypeTag,ProtocolVersion,DataReliability,LC,LM,
1715670753.151438,2121558,19165,4,TX,1,100,486187.4005106,2231511.7144089,
1715670754.234313,2122591,19337,4,TX,1,100,486187.9338478,2231512.2477461,
1715670754.370590,2122721,19357,4,TX,1,100,486188.6671637,2231512.9810620,
1715670754.997462,2123319,19461,4,TX,1,100,486189.1844892,2231513.4983596,
1715670755.783674,2124069,19580,4,TX,1,100,486189.9838353,2231514.2977057,
1715670756.308863,2124570,19667,4,TX,1,100,486190.5672513,2231514.8811218,
1715670756.942025,2125174,19769,4,TX,1,100,486191.2345651,2231515.5484266,
1715670757.557367,2125761,19872,4,TX,1,100,486191.8172100,2231516.1310715,
1715670758.342530,2126510,19996,4,TX,1,100,486192.5672490,2231516.8811105,
1715670759.294369,2127418,20151,4,TX,1,100,486193.1007042,2231517.4145213,
1715670759.606757,2127716,20204,4,TX,1,100,486193.8340441,2231518.1478612,
1715670760.152912,2128237,20289,4,TX,1,100,486194.4006685,2231518.7144856,
1715670761.256753,2129290,20459,4,TX,1,100,486195.1505229,2231519.4643540,
1715670761.549224,2129569,20512,4,TX,1,100,486195.7505961,2231520.0644272,
1715670762.086992,2130082,20597,4,TX,1,100,486196.3673127,2231520.6811438,
1715670762.634195,2130604,20685,4,TX,1,100,486196.9007676,2231521.2145987,
1715670763.408876,2131343,20808,4,TX,1,100,486197.6178544,2231521.9316935,
1715670763.926727,2131837,20897,4,TX,1,100,486198.1507042,2231522.4645432,
1715670764.679393,2132555,21016,4,TX,1,100,486198.9173089,2231523.2311480,
1715670765.196196,2133048,21103,4,TX,1,100,486199.4507113,2231523.7645187,
1715670765.954104,2133771,21222,4,TX,1,100,486200.2172401,2231524.5310475,
1715670766.524369,2134315,21307,4,TX,1,100,486200.8007073,2231525.1145147,
1715670767.263408,2135020,21428,4,TX,1,100,486201.5172413,2231525.8310617,
1715670767.888184,2135616,21530,4,TX,1,100,486202.0507048,2231526.3645252,
1715670768.676492,2136368,21653,4,TX,1,100,486202.8507697,2231527.1645900,
1715670769.237323,2136903,21744,4,TX,1,100,486203.3840318,2231527.6978543,
1715670769.873630,2137510,21846,4,TX,1,100,486204.1339707,2231528.4477933,
1715670770.408253,2138020,21932,4,TX,1,100,486204.6507481,2231528.9645706,
1715670771.139954,2138718,22049,4,TX,1,100,486205.4172923,2231529.7310683,
1715670771.793034,2139341,22153,4,TX,1,100,486205.9340380,2231530.2478140,
1715670772.342333,2139865,22239,4,TX,1,100,486206.6173464,2231530.9311224,
1715670772.886392,2140384,22326,4,TX,1,100,486207.1674304,2231531.4812629,
1715670773.712438,2141172,22465,4,TX,1,100,486207.9840368,2231532.2978693,
1715670774.346648,2141777,22555,4,TX,1,100,486208.5340376,2231532.8478701,
1715670775.341468,2142726,22710,4,TX,1,100,486209.2173543,2231533.5311218,
1715670775.876091,2143236,22797,4,TX,1,100,486209.7840722,2231534.0978397,
1715670776.284921,2143626,22851,4,TX,1,100,486210.5009902,2231534.8147577,
1715670777.655026,2144933,23068,4,TX,1,100,486211.8341917,2231536.1479547,
1715670778.079580,2145338,23139,4,TX,1,100,486212.3677918,2231536.6815548,
1715670778.746287,2145974,23243,4,TX,1,100,486213.0174553,2231537.3312011,
1715670779.366870,2146566,23346,4,TX,1,100,486213.6174632,2231537.9312090,
1715670780.082846,2147249,23453,4,TX,1,100,486214.3674189,2231538.6811647,
1715670780.811402,2147944,23574,4,TX,1,100,486214.9675254,2231539.2813263,
1715670781.485447,2148587,23678,4,TX,1,100,486215.6841112,2231539.9979121,
1715670782.006444,2149084,23763,4,TX,1,100,486216.2341951,2231540.5479960,
1715670782.632268,2149681,23867,4,TX,1,100,486216.8841373,2231541.1979382,
1715670783.163747,2150188,23953,4,TX,1,100,486217.4007870,2231541.7145340,
1715670783.949958,2150938,24074,4,TX,1,100,486218.1841708,2231542.4979178,
1715670784.451037,2151416,24158,4,TX,1,100,486218.7341617,2231543.0479087,
1715670785.185882,2152117,24270,4,TX,1,100,486219.4516984,2231543.7654671,
1715670785.819045,2152721,24374,4,TX,1,100,486220.0341997,2231544.3479684,
1715670786.557035,2153425,24490,4,TX,1,100,486220.7346342,2231545.0484029,
1715670787.863194,2154671,24695,4,TX,1,100,486222.0508978,2231546.3646176,
1715670789.351754,2156091,24931,4,TX,1,100,486222.6175145,2231546.9312343,
1715670789.367479,2156106,24934,4,TX,1,100,486223.3508340,2231547.6645378,
1715670789.598100,2156326,24971,4,TX,1,100,486223.8509519,2231548.1646557,
1715670790.445112,2157134,25097,4,TX,1,100,486224.6012696,2231548.9149734,
1715670790.978688,2157643,25184,4,TX,1,100,486225.1843637,2231549.4980673,
1715670791.624429,2158259,25286,4,TX,1,100,486225.8842975,2231550.1980010,
1715670792.248157,2158854,25390,4,TX,1,100,486226.4842534,2231550.7979569,
1715670792.921154,2159496,25493,4,TX,1,100,486227.1842506,2231551.4979659,
1715670794.308031,2160819,25714,4,TX,1,100,486228.5345617,2231552.8482770,
1715670794.962159,2161443,25816,4,TX,1,100,486229.0843719,2231553.3981046,
1715670795.575403,2162028,25920,4,TX,1,100,486229.8174799,2231554.1312126,
1715670796.159297,2162585,26013,4,TX,1,100,486230.4175464,2231554.7312791,
1715670796.886804,2163279,26133,4,TX,1,100,486231.0843120,2231555.3980177,
1715670797.424573,2163792,26217,4,TX,1,100,486231.6842775,2231555.9979832,
1715670798.054590,2164393,26320,4,TX,1,100,486232.3341906,2231556.6478963,
1715670798.696138,2165005,26423,4,TX,1,100,486232.9342303,2231557.2479360,
1715670799.448805,2165723,26544,4,TX,1,100,486233.6510502,2231557.9647279,
1715670799.885938,2166140,26613,4,TX,1,100,486234.1677590,2231558.4814367,
1715670800.653281,2166872,26734,4,TX,1,100,486234.8843548,2231559.1980325,
1715670801.194194,2167388,26810,4,TX,1,100,486235.4678303,2231559.7814545,
1715670801.918557,2168079,26929,4,TX,1,100,486236.1844503,2231560.4980745,
1715670802.584216,2168714,27033,4,TX,1,100,486236.7849674,2231561.0985916,
1715670803.207943,2169309,27134,4,TX,1,100,486237.4175288,2231561.7312189,
1715670804.567565,2170606,27357,4,TX,1,100,486238.7510198,2231563.0647099,
1715670805.104285,2171118,27441,4,TX,1,100,486239.3344189,2231563.6480599,
1715670805.885255,2171863,27562,4,TX,1,100,486240.0175509,2231564.3311920,
1715670806.365368,2172321,27635,4,TX,1,100,486240.6010714,2231564.9147125,
1715670807.020545,2172946,27739,4,TX,1,100,486241.3013285,2231565.6149572,
1715670807.615968,2173514,27824,4,TX,1,100,486241.8344833,2231566.1481120,
1715670808.390649,2174253,27943,4,TX,1,100,486242.6179404,2231566.9315691,
1715670808.945190,2174782,28032,4,TX,1,100,486243.1678463,2231567.4814741,
1715670809.665359,2175469,28151,4,TX,1,100,486243.9344008,2231568.2480286,
1715670810.322632,2176096,28255,4,TX,1,100,486244.4678445,2231568.7814724,
1715670811.218913,2176951,28391,4,TX,1,100,486245.1677365,2231569.4814267,
1715670812.213733,2177900,28550,4,TX,1,100,486246.4343580,2231570.7480482,
1715670812.738922,2178401,28635,4,TX,1,100,486246.9683861,2231571.2820059,
1715670813.591175,2179214,28773,4,TX,1,100,486247.7845070,2231572.0981267,
1715670814.059757,2179661,28842,4,TX,1,100,486248.3178673,2231572.6314871,
1715670815.113280,2180666,29013,4,TX,1,100,486249.0175551,2231573.3312104,
1715670815.550414,2181083,29083,4,TX,1,100,486249.5677384,2231573.8813937,
1715670815.999078,2181511,29151,4,TX,1,100,486250.2510104,2231574.5646657,
1715670816.510640,2181999,29238,4,TX,1,100,486250.7683445,2231575.0819998,
1715670817.360796,2182810,29377,4,TX,1,100,486251.6010830,2231575.9147056,
1715670817.915338,2183339,29466,4,TX,1,100,486252.1845169,2231576.4981395,
1715670818.552693,2183947,29570,4,TX,1,100,486252.8175852,2231577.1312078,
1715670820.340013,2185652,29854,4,TX,1,100,486254.1678414,2231578.4814149,
1715670820.470000,2185776,29875,4,TX,1,100,486254.6678736,2231578.9814471,
1715670821.215329,2186487,29995,4,TX,1,100,486255.4844662,2231579.7980416,
1715670821.731083,2186979,30079,4,TX,1,100,486255.9845572,2231580.2981326,
1715670822.389404,2187607,30182,4,TX,1,100,486256.6678528,2231580.9814282,
1715670822.979587,2188170,30276,4,TX,1,100,486257.2678965,2231581.5814620,
1715670823.921992,2189069,30429,4,TX,1,100,486258.0512358,2231582.3648013,
1715670824.350740,2189478,30499,4,TX,1,100,486258.6346545,2231582.9482200,
1715670825.089778,2190183,30618,4,TX,1,100,486259.3345870,2231583.6481681,
1715670825.545781,2190618,30689,4,TX,1,100,486259.8345044,2231584.1480855,
1715670826.384406,2191418,30823,4,TX,1,100,486260.5678776,2231584.8814587,
1715670826.899113,2191909,30909,4,TX,1,100,486261.1013010,2231585.4148871,
1715670827.575254,2192554,31013,4,TX,1,100,486261.8679516,2231586.1815377,
1715670828.189548,2193140,31120,4,TX,1,100,486262.4680043,2231586.7815904,
1715670828.843676,2193764,31226,4,TX,1,100,486263.1179742,2231587.4315146,
1715670829.411844,2194306,31313,4,TX,1,100,486263.6684841,2231587.9820245,
1715670830.466416,2195312,31482,4,TX,1,100,486264.4012825,2231588.7148229,
1715670830.707521,2195542,31519,4,TX,1,100,486264.9847784,2231589.2983223,
1715670831.459139,2196259,31638,4,TX,1,100,486265.7345768,2231590.0481207,
1715670832.105929,2196876,31740,4,TX,1,100,486266.3178984,2231590.6314423,
1715670832.721270,2197463,31844,4,TX,1,100,486266.9514086,2231591.2649525,
1715670833.341853,2198055,31933,4,TX,1,100,486267.5513242,2231591.8648454,
1715670833.984450,2198668,32040,4,TX,1,100,486268.2680244,2231592.5815456,
1715670834.545280,2199203,32126,4,TX,1,100,486268.8183558,2231593.1318771,
1715670835.383906,2200003,32262,4,TX,1,100,486269.5845988,2231593.8981626,
1715670836.024406,2200614,32366,4,TX,1,100,486270.1847068,2231594.4982706,
1715670836.568464,2201133,32452,4,TX,1,100,486270.7847117,2231595.0982755,
1715670837.088412,2201629,32539,4,TX,1,100,486271.3680847,2231595.6816040,
1715670837.923893,2202426,32674,4,TX,1,100,486272.1180579,2231596.4315772,
1715670838.357881,2202840,32744,4,TX,1,100,486272.6349819,2231596.9485012,
1715670839.077003,2203526,32823,4,TX,1,100,486273.3679963,2231597.6815051,
1715670839.679765,2204101,32923,4,TX,1,100,486273.8850853,2231598.1985941,
1715670840.397838,2204786,33027,4,TX,1,100,486274.6513509,2231598.9648597,
1715670841.022614,2205382,33131,4,TX,1,100,486275.1848485,2231599.4983182,
1715670841.683031,2206012,33233,4,TX,1,100,486275.9348000,2231600.2482697,
1715670842.209269,2206514,33321,4,TX,1,100,486276.4848999,2231600.7983696,
1715670843.056281,2207322,33457,4,TX,1,100,486277.2512955,2231601.5647578,
1715670843.582518,2207824,33545,4,TX,1,100,486277.8514438,2231602.1649061,
1715670844.294301,2208503,33638,4,TX,1,100,486278.5346344,2231602.8480967,
1715670845.592074,2209741,33841,4,TX,1,100,486279.8346861,2231604.1482147,
1715670846.131939,2210256,33926,4,TX,1,100,486280.3680630,2231604.6815916,
1715670846.877268,2210967,34045,4,TX,1,100,486281.1515298,2231605.4649999,
1715670847.407698,2211473,34132,4,TX,1,100,486281.7015075,2231606.0149776,
1715670848.139399,2212171,34251,4,TX,1,100,486282.4348583,2231606.7483284,
1715670848.665637,2212673,34339,4,TX,1,100,486282.9350577,2231607.2485278,
1715670849.531517,2213499,34464,4,TX,1,100,486283.6514915,2231607.9649440,
1715670850.009534,2213955,34534,4,TX,1,100,486284.2015829,2231608.5150354,
1715670850.730752,2214643,34654,4,TX,1,100,486284.9692463,2231609.2826988,
1715670851.315693,2215201,34739,4,TX,1,100,486285.5514742,2231609.8649567,
1715670852.058925,2215910,34860,4,TX,1,100,486286.2848714,2231610.5983539,
1715670852.574680,2216402,34946,4,TX,1,100,486286.8352033,2231611.1486858,
1715670853.324201,2217117,35067,4,TX,1,100,486287.5681425,2231611.8815974,
1715670854.321117,2218068,35220,4,TX,1,100,486288.1515519,2231612.4650068,
1715670854.629312,2218362,35273,4,TX,1,100,486288.7849382,2231613.0983931,
1715670855.099990,2218811,35331,4,TX,1,100,486289.3016939,2231613.6151242,
1715670855.821208,2219499,35451,4,TX,1,100,486290.0847643,2231614.3981946,
1715670856.354784,2220008,35537,4,TX,1,100,486290.6182274,2231614.9316577,
1715670857.135754,2220753,35656,4,TX,1,100,486291.4185531,2231615.7319662,
1715670857.758433,2221347,35759,4,TX,1,100,486291.9849596,2231616.2983727,
1715670858.402078,2221961,35863,4,TX,1,100,486292.6182394,2231616.9316525,
1715670859.041530,2222571,35967,4,TX,1,100,486293.2182520,2231617.5316577,
1715670859.701948,2223201,36068,4,TX,1,100,486293.9347677,2231618.2481734,
1715670860.356076,2223825,36163,4,TX,1,100,486294.4515596,2231618.7649653,
1715670861.040604,2224478,36268,4,TX,1,100,486295.2683246,2231619.5817324,
1715670861.584662,2224997,36353,4,TX,1,100,486295.8354119,2231620.1488197,
1715670862.304832,2225684,36471,4,TX,1,100,486296.5349512,2231620.8483590,
1715670862.828972,2226184,36557,4,TX,1,100,486297.1025775,2231621.4159622,
1715670863.484149,2226809,36663,4,TX,1,100,486297.7682948,2231622.0816796,
1715670864.115214,2227411,36767,4,TX,1,100,486298.3518662,2231622.6652510,
1715670864.855301,2228117,36885,4,TX,1,100,486299.0352532,2231623.3486378,
1715670865.380490,2228618,36972,4,TX,1,100,486299.6194388,2231623.9328234,
1715670866.067115,2229273,37064,4,TX,1,100,486300.3515980,2231624.6649827,
1715670867.317715,2230466,37267,4,TX,1,100,486301.6017031,2231625.9150864,
1715670867.951926,2231071,37370,4,TX,1,100,486302.1517040,2231626.4650873,
1715670868.611295,2231700,37476,4,TX,1,100,486302.8849703,2231627.1983537,
1715670869.223491,2232284,37578,4,TX,1,100,486303.4516348,2231627.7649939,
1715670870.191056,2233207,37700,4,TX,1,100,486304.1688796,2231628.4822388,
1715670870.487719,2233490,37753,4,TX,1,100,486304.7517900,2231629.0651491,
1715670871.286510,2234252,37863,4,TX,1,100,486305.5018714,2231629.8152500,
1715670871.803313,2234745,37949,4,TX,1,100,486306.0517859,2231630.3651645,
1715670872.742573,2235641,38102,4,TX,1,100,486306.9851713,2231631.2985203,
1715670873.341142,2236212,38191,4,TX,1,100,486307.5685015,2231631.8818505,
1715670873.972208,2236814,38295,4,TX,1,100,486308.2518786,2231632.5652277,
1715670874.505784,2237323,38380,4,TX,1,100,486308.7851135,2231633.0984625,
1715670875.169346,2237956,38484,4,TX,1,100,486309.4517047,2231633.7650533,
1715670875.703970,2238466,38572,4,TX,1,100,486309.9851619,2231634.2985105,
1715670876.678872,2239396,38712,4,TX,1,100,486310.7851391,2231635.0984878,
1715670877.014322,2239716,38766,4,TX,1,100,486311.3018131,2231635.6151397,
1715670877.844561,2240508,38903,4,TX,1,100,486312.0851721,2231636.3984987,
1715670878.394909,2241033,38991,4,TX,1,100,486312.6024566,2231636.9157832,
1715670879.062665,2241670,39093,4,TX,1,100,486313.3350867,2231637.6484719,
1715670879.680103,2242259,39197,4,TX,1,100,486313.9351923,2231638.2485774,
1715670880.339472,2242888,39299,4,TX,1,100,486314.6349437,2231638.9483288,
1715670880.949572,2243470,39398,4,TX,1,100,486315.1684680,2231639.4818128,
1715670881.636197,2244125,39502,4,TX,1,100,486315.9183358,2231640.2316806,
1715670882.246297,2244707,39594,4,TX,1,100,486316.5184200,2231640.8317648,
1715670882.882604,2245314,39698,4,TX,1,100,486317.1685934,2231641.4819003,
1715670883.535683,2245937,39802,4,TX,1,100,486317.7518874,2231642.0651943,
1715670884.211825,2246582,39905,4,TX,1,100,486318.4854822,2231642.7987891,
1715670884.813539,2247156,40007,4,TX,1,100,486319.0184711,2231643.3317927,
1715670885.586123,2247893,40127,4,TX,1,100,486319.8184840,2231644.1318056,
1715670886.148001,2248429,40213,4,TX,1,100,486320.3518311,2231644.6651527,
1715670886.758101,2249011,40316,4,TX,1,100,486321.0357446,2231645.3490431,
1715670887.452064,2249673,40409,4,TX,1,100,486321.6185409,2231645.9318394,
1715670888.107240,2250298,40511,4,TX,1,100,486322.3855278,2231646.6988263,
1715670888.642912,2250809,40600,4,TX,1,100,486322.9185542,2231647.2318527,
1715670889.371468,2251504,40721,4,TX,1,100,486323.6186285,2231647.9318819,
1715670889.919719,2252027,40806,4,TX,1,100,486324.1685846,2231648.4818380,
1715670890.676579,2252749,40925,4,TX,1,100,486324.9519913,2231649.2652447,
1715670891.287727,2253332,41029,4,TX,1,100,486325.5519960,2231649.8652971,
1715670891.972255,2253985,41130,4,TX,1,100,486326.2185846,2231650.5318857,
1715670892.713391,2254692,41239,4,TX,1,100,486326.8186172,2231651.1319183,
1715670893.367518,2255316,41348,4,TX,1,100,486327.4857548,2231651.7990599,
1715670893.808845,2255737,41416,4,TX,1,100,486328.0602657,2231652.3735708,
1715670894.525870,2256421,41534,4,TX,1,100,486328.7686626,2231653.0819677,
1715670895.078314,2256948,41620,4,TX,1,100,486329.3686111,2231653.6819356,
1715670895.904361,2257736,41757,4,TX,1,100,486330.0685759,2231654.3819004,
1715670896.382377,2258192,41828,4,TX,1,100,486330.6186143,2231654.9319388,
1715670897.012394,2258793,41930,4,TX,1,100,486331.2852837,2231655.5985513,
1715670897.644508,2259396,42034,4,TX,1,100,486331.8854057,2231656.1986733,
1715670898.316457,2260037,42128,4,TX,1,100,486332.6025080,2231656.9157756,
1715670898.846888,2260543,42213,4,TX,1,100,486333.1354751,2231657.4486985,
1715670899.690754,2261348,42349,4,TX,1,100,486333.8854027,2231658.1986261,
1715670900.207557,2261841,42435,4,TX,1,100,486334.4520969,2231658.7653203,
1715670900.950789,2262550,42555,4,TX,1,100,486335.1853570,2231659.4985770,
1715670901.592338,2263162,42641,4,TX,1,100,486335.7854510,2231660.0986710,
1715670902.229693,2263770,42744,4,TX,1,100,486336.4854941,2231660.7987141,
1715670902.864952,2264376,42846,4,TX,1,100,486337.0186764,2231661.3319330,
1715670903.567301,2265046,42941,4,TX,1,100,486337.7687224,2231662.0819790,
1715670904.092490,2265547,43026,4,TX,1,100,486338.3020863,2231662.6153430,
1715670904.823142,2266244,43147,4,TX,1,100,486339.0686522,2231663.3818593,
1715670905.347283,2266744,43234,4,TX,1,100,486339.6028734,2231663.9160805,
1715670906.107287,2267469,43353,4,TX,1,100,486340.3523494,2231664.6655565,
1715670906.628284,2267966,43438,4,TX,1,100,486340.9021113,2231665.2153184,
1715670907.373612,2268677,43559,4,TX,1,100,486341.5520822,2231665.8652854,
1715670907.889367,2269169,43645,4,TX,1,100,486342.1522191,2231666.4654222,
1715670908.549784,2269799,43749,4,TX,1,100,486342.8353492,2231667.1485523,
1715670909.200767,2270420,43841,4,TX,1,100,486343.4103279,2231667.7235312,
1715670909.939806,2271125,43962,4,TX,1,100,486344.1853892,2231668.4985925,
1715670910.480719,2271641,44046,4,TX,1,100,486344.7187194,2231669.0319227,
1715670911.151620,2272281,44151,4,TX,1,100,486345.4354281,2231669.7486446,
1715670912.519627,2273586,44368,4,TX,1,100,486346.0354276,2231670.3486442,
1715670912.542690,2273608,44371,4,TX,1,100,486346.7687711,2231671.0819877,
1715670913.096182,2274136,44459,4,TX,1,100,486347.3688692,2231671.6820908,
1715670913.748214,2274758,44564,4,TX,1,100,486348.0354119,2231672.3486335,
1715670914.378231,2275359,44653,4,TX,1,100,486348.5691468,2231672.8823683,
1715670915.021876,2275973,44755,4,TX,1,100,486349.3021783,2231673.6153357,
1715670915.653990,2276576,44859,4,TX,1,100,486349.8523005,2231674.1654579,
1715670916.293442,2277186,44961,4,TX,1,100,486350.5688454,2231674.8820029,
1715670916.909832,2277774,45064,4,TX,1,100,486351.1356194,2231675.4487744,
1715670917.689753,2278518,45183,4,TX,1,100,486351.8855577,2231676.1987127,
1715670918.214943,2279019,45268,4,TX,1,100,486352.4188670,2231676.7320220,
1715670918.942450,2279713,45391,4,TX,1,100,486353.1856089,2231677.4987552,
1715670919.549405,2280292,45467,4,TX,1,100,486353.7021906,2231678.0153368,
1715670920.246513,2280957,45569,4,TX,1,100,486354.4532352,2231678.7663815,
1715670920.765412,2281452,45656,4,TX,1,100,486354.9856772,2231679.2988234,
1715670921.541141,2282192,45777,4,TX,1,100,486355.7022170,2231680.0153458,
1715670922.101972,2282727,45862,4,TX,1,100,486356.2856277,2231680.5987565,
1715670922.728844,2283325,45966,4,TX,1,100,486356.9522876,2231681.2654164,
1715670923.286530,2283857,46054,4,TX,1,100,486357.5523285,2231681.8654589,
1715670924.029762,2284566,46174,4,TX,1,100,486358.2688424,2231682.5819728,
1715670925.324390,2285801,46365,4,TX,1,100,486359.6023532,2231683.9154660,
1715670925.872641,2286324,46453,4,TX,1,100,486360.1023549,2231684.4154677,
1715670926.613777,2287031,46572,4,TX,1,100,486360.8188558,2231685.1319686,
1715670927.054055,2287451,46640,4,TX,1,100,486361.3189455,2231685.6320459,
1715670928.468187,2288800,46862,4,TX,1,100,486362.1357458,2231686.4488462,
1715670928.482863,2288814,46865,4,TX,1,100,486362.7357030,2231687.0488034,
1715670929.338261,2289630,47003,4,TX,1,100,486363.4355788,2231687.7486750,
1715670929.775395,2290047,47073,4,TX,1,100,486363.9856067,2231688.2987028,
1715670930.499757,2290738,47181,4,TX,1,100,486364.7189516,2231689.0320477,
1715670931.023898,2291238,47267,4,TX,1,100,486365.2858486,2231689.5989976,
1715670931.791240,2291970,47386,4,TX,1,100,486366.0189929,2231690.3321419,
1715670932.439079,2292588,47472,4,TX,1,100,486366.5360436,2231690.8491926,
1715670932.992572,2293116,47560,4,TX,1,100,486367.2355539,2231691.5486725,
1715670934.281958,2294346,47765,4,TX,1,100,486368.5190678,2231692.8321864,
1715670934.828113,2294867,47852,4,TX,1,100,486369.0858074,2231693.3988779,
1715670935.654159,2295655,47971,4,TX,1,100,486369.7857291,2231694.0987996,
1715670936.040975,2296024,48028,4,TX,1,100,486370.3024528,2231694.6155233,
1715670936.985477,2296925,48180,4,TX,1,100,486371.1524465,2231695.4654991,
1715670937.426804,2297346,48248,4,TX,1,100,486371.7028596,2231696.0159121,
1715670938.065207,2297955,48352,4,TX,1,100,486372.3357053,2231696.6487578,
1715670938.680549,2298542,48456,4,TX,1,100,486372.9357543,2231697.2488068,
1715670939.530705,2299353,48591,4,TX,1,100,486373.7189840,2231698.0320784,
1715670940.068474,2299866,48679,4,TX,1,100,486374.3024987,2231698.6155931,
1715670940.729940,2300497,48781,4,TX,1,100,486374.9357631,2231699.2488575,
1715670941.995216,2301704,48974,4,TX,1,100,486376.2690534,2231700.5821309,
1715670942.618943,2302299,49078,4,TX,1,100,486376.8191007,2231701.1321782,
1715670943.393624,2303038,49199,4,TX,1,100,486377.5024228,2231701.8154780,
1715670943.817130,2303442,49267,4,TX,1,100,486378.0525741,2231702.3656293,
1715670944.560361,2304151,49388,4,TX,1,100,486378.8191341,2231703.1321893,
1715670945.301497,2304858,49509,4,TX,1,100,486379.4026427,2231703.7156922,
1715670945.852893,2305384,49594,4,TX,1,100,486380.0857638,2231704.3988133,
1715670946.530083,2306030,49686,4,TX,1,100,486380.6859320,2231704.9989815,
1715670947.156955,2306628,49788,4,TX,1,100,486381.3524161,2231705.6655063,
1715670947.685290,2307132,49876,4,TX,1,100,486381.8858727,2231706.1989629,
1715670948.440053,2307852,49996,4,TX,1,100,486382.6857127,2231706.9988029,
1715670949.066925,2308450,50098,4,TX,1,100,486383.2192078,2231707.5322097,
1715670949.742018,2309094,50203,4,TX,1,100,486383.9524814,2231708.2654833,
1715670950.250435,2309579,50288,4,TX,1,100,486384.4859480,2231708.7989499,
1715670951.322828,2310602,50457,4,TX,1,100,486385.1857525,2231709.4987976,
1715670951.527242,2310797,50493,4,TX,1,100,486385.7525465,2231710.0655917,
1715670952.311357,2311545,50599,4,TX,1,100,486386.5357932,2231710.8488384,
1715670952.862754,2312071,50686,4,TX,1,100,486387.1191022,2231711.4321435,
1715670953.490674,2312670,50791,4,TX,1,100,486387.7358911,2231712.0489324,
1715670954.044167,2313198,50877,4,TX,1,100,486388.2526654,2231712.5657067,
1715670954.881744,2313997,51015,4,TX,1,100,486389.1191664,2231713.4321610,
1715670955.513858,2314600,51114,4,TX,1,100,486389.6693394,2231713.9823340,
1715670956.150165,2315207,51218,4,TX,1,100,486390.3530493,2231714.6660439,
1715670956.594637,2315631,51287,4,TX,1,100,486390.8527101,2231715.1657047,
1715670957.355690,2316357,51400,4,TX,1,100,486391.6026283,2231715.9156487,
1715670957.898700,2316875,51488,4,TX,1,100,486392.1693473,2231716.4823677,
1715670958.666042,2317607,51609,4,TX,1,100,486392.9194951,2231717.2325155,
1715670959.201714,2318118,51695,4,TX,1,100,486393.4691920,2231717.7821916,
1715670960.027760,2318906,51831,4,TX,1,100,486394.2027661,2231718.5157657,
1715670961.638969,2320443,52083,4,TX,1,100,486395.4860735,2231719.7990708,
1715670961.754280,2320553,52102,4,TX,1,100,486395.9859021,2231720.2988994,
1715670962.511139,2321275,52211,4,TX,1,100,486396.7363816,2231721.0493789,
1715670963.070922,2321809,52297,4,TX,1,100,486397.3027611,2231721.6157035,
1715670963.783754,2322489,52387,4,TX,1,100,486398.0360321,2231722.3489745,
1715670964.298460,2322980,52474,4,TX,1,100,486398.5694116,2231722.8823540,
1715670965.254493,2323892,52626,4,TX,1,100,486399.3525889,2231723.6655404,
1715670965.777586,2324391,52697,4,TX,1,100,486399.8527430,2231724.1656945,
1715670966.417037,2325001,52801,4,TX,1,100,486400.6693423,2231724.9822938,
1715670967.906646,2326422,53009,4,TX,1,100,486401.8861233,2231726.1990761,
1715670968.187586,2326690,53048,4,TX,1,100,486402.4192900,2231726.7322427,
1715670969.013632,2327478,53186,4,TX,1,100,486403.2193116,2231727.5322335,
1715670969.665663,2328100,53290,4,TX,1,100,486403.8032644,2231728.1161862,
1715670970.243266,2328651,53374,4,TX,1,100,486404.5027765,2231728.8156983,
1715670970.883766,2329262,53478,4,TX,1,100,486405.1027703,2231729.4156914,
1715670971.522170,2329871,53580,4,TX,1,100,486405.7526836,2231730.0656046,
1715670972.103966,2330426,53666,4,TX,1,100,486406.3028066,2231730.6157277,
1715670972.819943,2331109,53783,4,TX,1,100,486407.0359730,2231731.3488691,
1715670974.163840,2332391,53978,4,TX,1,100,486408.3694877,2231732.6823839,
1715670974.686933,2332890,54065,4,TX,1,100,486408.9027521,2231733.2156483,
1715670975.375654,2333547,54168,4,TX,1,100,486409.6361193,2231733.9490243,
1715670976.127272,2334264,54272,4,TX,1,100,486410.1861688,2231734.4990738,
1715670976.658751,2334771,54358,4,TX,1,100,486410.8700894,2231735.1829944,
1715670977.212244,2335299,54445,4,TX,1,100,486411.4695849,2231735.7824724,
1715670977.946041,2335999,54564,4,TX,1,100,486412.1695224,2231736.4824099,
1715670978.845467,2336857,54610,4,TX,1,100,486412.7029419,2231737.0158295,
1715670979.369608,2337357,54652,4,TX,1,100,486413.5028656,2231737.8157552,
1715670979.863348,2337828,54722,4,TX,1,100,486414.0529463,2231738.3658359,
1715670980.486028,2338422,54826,4,TX,1,100,486414.7362141,2231739.0491037,
1715670981.121287,2339028,54928,4,TX,1,100,486415.3362667,2231739.6491616,
1715670981.855084,2339728,55047,4,TX,1,100,486416.0695126,2231740.3824075,
1715670982.404384,2340252,55132,4,TX,1,100,486416.6032701,2231740.9161650,
1715670983.580556,2341374,55322,4,TX,1,100,486417.3028202,2231741.6157311,
1715670983.687481,2341476,55342,4,TX,1,100,486417.8360523,2231742.1489632,
1715670984.349995,2342108,55432,4,TX,1,100,486418.6029175,2231742.9158284,
1715670984.877280,2342611,55520,4,TX,1,100,486419.1029990,2231743.4158885,
1715670986.453896,2344115,55770,4,TX,1,100,486419.8695444,2231744.1824339,
1715670986.470669,2344131,55773,4,TX,1,100,486420.4529838,2231744.7658733,
1715670986.885788,2344527,55844,4,TX,1,100,486421.1029193,2231745.4157872,
1715670987.449764,2345065,55929,4,TX,1,100,486421.7029449,2231746.0158127,
1715670988.186706,2345768,56052,4,TX,1,100,486422.4362693,2231746.7491372,
1715670988.744392,2346300,56137,4,TX,1,100,486422.9862989,2231747.2991668,
1715670989.607128,2347123,56260,4,TX,1,100,486423.7194640,2231748.0323243,
1715670990.045310,2347541,56333,4,TX,1,100,486424.2529667,2231748.5658271,
1715670990.709921,2348175,56435,4,TX,1,100,486424.9528913,2231749.2657517,
1715670991.310586,2348748,56537,4,TX,1,100,486425.5196548,2231749.8324694,
1715670992.066397,2349469,56656,4,TX,1,100,486426.2864151,2231750.5992297,
1715670992.699559,2350073,56760,4,TX,1,100,486426.8363748,2231751.1491894,
1715670993.278211,2350625,56848,4,TX,1,100,486427.5195693,2231751.8323952,
1715670994.639929,2351924,57067,4,TX,1,100,486428.8196330,2231753.1324589,
1715670995.177698,2352437,57142,4,TX,1,100,486429.3530060,2231753.6658360,
1715670995.894722,2353121,57262,4,TX,1,100,486430.1197966,2231754.4326266,
1715670996.467084,2353667,57347,4,TX,1,100,486430.6864208,2231754.9992507,
1715670997.180964,2354348,57436,4,TX,1,100,486431.4196824,2231755.7324825,
1715670997.797354,2354936,57538,4,TX,1,100,486431.9696789,2231756.2824789,
1715670998.560503,2355664,57660,4,TX,1,100,486432.7363889,2231757.0491890,
1715670999.020699,2356103,57729,4,TX,1,100,486433.2531543,2231757.5659739,
1715670999.861421,2356905,57864,4,TX,1,100,486433.9864078,2231758.2992273,
1715671000.319520,2357342,57923,4,TX,1,100,486434.5031084,2231758.8159280,
1715671000.994614,2357986,58009,4,TX,1,100,486435.2363839,2231759.5491645,
1715671001.612051,2358575,58113,4,TX,1,100,486435.8364250,2231760.1492056,
1715671002.351090,2359280,58231,4,TX,1,100,486436.6031961,2231760.9159767,
1715671003.588063,2360460,58420,4,TX,1,100,486437.8032043,2231762.1159718,
1715671004.150990,2360997,58507,4,TX,1,100,486438.3365003,2231762.6492678,
1715671004.963408,2361772,58626,4,TX,1,100,486439.1697515,2231763.4825261,
1715671005.489646,2362274,58714,4,TX,1,100,486439.7030728,2231764.0158474,
1715671006.238119,2362988,58819,4,TX,1,100,486440.4197386,2231764.7325132,
1715671006.795805,2363520,58904,4,TX,1,100,486440.9864811,2231765.2992556,
1715671007.612417,2364299,59025,4,TX,1,100,486441.7865885,2231766.0993635,
1715671008.474104,2365121,59163,4,TX,1,100,486442.3536716,2231766.6664465,
1715671008.993004,2365616,59231,4,TX,1,100,486443.0865000,2231767.3992696,
1715671009.531821,2366130,59319,4,TX,1,100,486443.6864561,2231767.9992257,
1715671010.182804,2366751,59421,4,TX,1,100,486444.3699697,2231768.6827393,
1715671010.689124,2367234,59507,4,TX,1,100,486444.9037640,2231769.2165336,
1715671011.774096,2368269,59565,4,TX,1,100,486445.6698568,2231769.9826290,
1715671012.076001,2368557,59589,4,TX,1,100,486446.2368996,2231770.5496718,
1715671012.752142,2369202,59691,4,TX,1,100,486447.0031843,2231771.3159565,
1715671013.396836,2369817,59797,4,TX,1,100,486447.5532954,2231771.8660286,
1715671014.140068,2370526,59919,4,TX,1,100,486448.2866605,2231772.5993937,
1715671014.584539,2370950,59987,4,TX,1,100,486448.8366287,2231773.1493619,
1715671015.255440,2371590,60091,4,TX,1,100,486449.5034097,2231773.8161671,
1715671015.907471,2372212,60193,4,TX,1,100,486450.1036081,2231774.4163655,
1715671016.775448,2373040,60319,4,TX,1,100,486450.8697959,2231775.1825533,
1715671017.919124,2374131,60505,4,TX,1,100,486452.1364835,2231776.4492259,
1715671018.384561,2374575,60578,4,TX,1,100,486452.6365975,2231776.9493399,
1715671019.256731,2375407,60713,4,TX,1,100,486453.3702719,2231777.6830292,
1715671019.703299,2375833,60783,4,TX,1,100,486453.8864981,2231778.1992554,
1715671020.433952,2376530,60904,4,TX,1,100,486454.6531514,2231778.9659087,
1715671021.072355,2377139,61006,4,TX,1,100,486455.1866154,2231779.4993407,
1715671021.720194,2377757,61109,4,TX,1,100,486455.9699388,2231780.2826641,
1715671022.400528,2378406,61213,4,TX,1,100,486456.5371000,2231780.8498253,
1715671023.053608,2379029,61317,4,TX,1,100,486457.2699863,2231781.5826924,
1715671023.668949,2379616,61421,4,TX,1,100,486457.8701082,2231782.1828143,
1715671024.325174,2380242,61523,4,TX,1,100,486458.5533355,2231782.8660416,
1715671024.947853,2380836,61627,4,TX,1,100,486459.0867055,2231783.3993637,
1715671025.591498,2381450,61731,4,TX,1,100,486459.7868515,2231784.0995097,
1715671026.099915,2381935,61816,4,TX,1,100,486460.2865972,2231784.5992554,
1715671026.868306,2382668,61935,4,TX,1,100,486461.1037293,2231785.4164012,
1715671027.528723,2383298,62027,4,TX,1,100,486461.6532990,2231785.9659709,
1715671028.171320,2383911,62131,4,TX,1,100,486462.3534178,2231786.6660897,
1715671028.692316,2384408,62218,4,TX,1,100,486462.8868434,2231787.1995153,
1715671029.522555,2385200,62339,4,TX,1,100,486463.6198434,2231787.9325146,
1715671030.060324,2385713,62424,4,TX,1,100,486464.2198976,2231788.5325688,
1715671030.693486,2386317,62528,4,TX,1,100,486464.9201588,2231789.2328300,
1715671031.227062,2386826,62613,4,TX,1,100,486465.4705987,2231789.7832609,
1715671031.957714,2387523,62733,4,TX,1,100,486466.2034028,2231790.5160650,
1715671032.504917,2388045,62819,4,TX,1,100,486466.7200361,2231791.0326983,
1715671033.277501,2388782,62930,4,TX,1,100,486467.4701051,2231791.7827210,
1715671033.790111,2389271,63017,4,TX,1,100,486468.0201252,2231792.3327410,
1715671034.571080,2390016,63136,4,TX,1,100,486468.7535158,2231793.0661317,
1715671035.199001,2390615,63240,4,TX,1,100,486469.3540639,2231793.6667260,
1715671036.051254,2391428,63375,4,TX,1,100,486470.2201145,2231794.5327766,
1715671036.633051,2391983,63461,4,TX,1,100,486470.8201480,2231795.1328101,
1715671037.254682,2392576,63565,4,TX,1,100,486471.5034803,2231795.8161009,
1715671037.881554,2393174,63668,4,TX,1,100,486472.0701567,2231796.3827774,
1715671038.561889,2393823,63761,4,TX,1,100,486472.7873048,2231797.0999254,
1715671039.195052,2394427,63865,4,TX,1,100,486473.3368097,2231797.6494683,
1715671039.918366,2395117,63982,4,TX,1,100,486474.1368579,2231798.4495165,
1715671040.456135,2395630,64069,4,TX,1,100,486474.7035642,2231799.0162228,
1715671041.228718,2396367,64190,4,TX,1,100,486475.4034619,2231799.7160792,
1715671041.752859,2396867,64275,4,TX,1,100,486475.9536137,2231800.2662310,
1715671042.419566,2397503,64379,4,TX,1,100,486476.6701982,2231800.9828155,
1715671043.057970,2398112,64483,4,TX,1,100,486477.2535820,2231801.5662039,
1715671043.783381,2398804,64591,4,TX,1,100,486477.9868646,2231802.2994865,
1715671044.328488,2399324,64675,4,TX,1,100,486478.5706834,2231802.8833053,
1715671045.085347,2400046,64797,4,TX,1,100,486479.2701866,2231803.5827771,
1715671045.626261,2400562,64884,4,TX,1,100,486479.8701678,2231804.1827583,
1715671046.255230,2401162,64985,4,TX,1,100,486480.4700778,2231804.7826683,
1715671046.872668,2401751,65089,4,TX,1,100,486481.0536977,2231805.3662730,
1715671047.633720,2402477,65206,4,TX,1,100,486481.7868842,2231806.0994595,
1715671048.092868,2402915,65278,4,TX,1,100,486482.3201560,2231806.6327313,
1715671048.950362,2403733,65404,4,TX,1,100,486483.0870207,2231807.3995817,
1715671049.461924,2404221,65490,4,TX,1,100,486483.6369580,2231807.9495190,
1715671050.329901,2405049,90,4,TX,1,100,486484.5706369,2231808.8831979,
1715671050.957822,2405648,193,4,TX,1,100,486485.1208155,2231809.4333762,
1715671051.524942,2406189,279,4,TX,1,100,486485.7536770,2231810.0662376,
1715671052.147622,2406783,382,4,TX,1,100,486486.3537120,2231810.6662727,
1715671052.893998,2407495,503,4,TX,1,100,486487.1370102,2231811.4495403,
1715671053.524016,2408096,606,4,TX,1,100,486487.7036785,2231812.0162086,
1715671054.140406,2408684,698,4,TX,1,100,486488.3537328,2231812.6662629,
1715671054.641484,2409162,769,4,TX,1,100,486488.8703869,2231813.1829169,
1715671055.362702,2409850,887,4,TX,1,100,486489.6036978,2231813.9162513,
1715671055.892085,2410355,973,4,TX,1,100,486490.1370641,2231814.4496176,
1715671056.764255,2411187,1111,4,TX,1,100,486490.8869408,2231815.1994943,
1715671057.278961,2411678,1197,4,TX,1,100,486491.4704450,2231815.7829914,
1715671057.925751,2412295,1298,4,TX,1,100,486492.1703363,2231816.4828827,
1715671058.666887,2413002,1420,4,TX,1,100,486492.7419806,2231817.0545270,
1715671059.397539,2413699,1541,4,TX,1,100,486493.5036891,2231817.8162022,
1715671059.847252,2414128,1614,4,TX,1,100,486494.0371398,2231818.3496529,
1715671060.705795,2414947,1750,4,TX,1,100,486494.8370823,2231819.1495953,
1715671061.254046,2415470,1835,4,TX,1,100,486495.3371099,2231819.6496268,
1715671061.855760,2416044,1922,4,TX,1,100,486496.0202369,2231820.3327537,
1715671062.404011,2416567,2008,4,TX,1,100,486496.6203636,2231820.9328804,
1715671063.157726,2417286,2131,4,TX,1,100,486497.3871227,2231821.6996308,
1715671063.773067,2417873,2234,4,TX,1,100,486497.9703676,2231822.2828757,
1715671064.424050,2418494,2334,4,TX,1,100,486498.6536875,2231822.9661956,
1715671064.969157,2419014,2426,4,TX,1,100,486499.2038230,2231823.5163273,
1715671065.697713,2419709,2546,4,TX,1,100,486499.9204724,2231824.2329767,
1715671066.232337,2420219,2632,4,TX,1,100,486500.4371084,2231824.7496127,
1715671067.074107,2421022,2768,4,TX,1,100,486501.2370897,2231825.5495837,
1715671067.643324,2421565,2855,4,TX,1,100,486501.8208387,2231826.1333327,
1715671068.285921,2422178,2959,4,TX,1,100,486502.5203764,2231826.8328704,
1715671068.898117,2422762,3062,4,TX,1,100,486503.1041582,2231827.4166444,
1715671069.555390,2423389,3164,4,TX,1,100,486503.7873647,2231828.0998509,
1715671070.228387,2424031,3273,4,TX,1,100,486504.3870178,2231828.6995041,
1715671070.786073,2424563,3359,4,TX,1,100,486505.0204133,2231829.3328996,
1715671072.146743,2425861,3579,4,TX,1,100,486506.3708739,2231830.6833510,
1715671072.688704,2426378,3664,4,TX,1,100,486506.9371920,2231831.2496691,
1715671073.528378,2427179,3803,4,TX,1,100,486507.6538120,2231831.9662717,
1715671074.078726,2427704,3889,4,TX,1,100,486508.2538643,2231832.5663240,
1715671074.718178,2428314,3993,4,TX,1,100,486508.9538399,2231833.2662995,
1715671075.256995,2428828,4079,4,TX,1,100,486509.4872074,2231833.7996481,
1715671075.998130,2429535,4202,4,TX,1,100,486510.1874709,2231834.4999115,
1715671076.679513,2430185,4304,4,TX,1,100,486510.7877197,2231835.1001604,
1715671077.631353,2431093,4459,4,TX,1,100,486511.5205179,2231835.8329662,
1715671077.860927,2431312,4494,4,TX,1,100,486512.1037886,2231836.4162369,
1715671078.515055,2431936,4600,4,TX,1,100,486512.7705301,2231837.0829784,
1715671079.122010,2432515,4702,4,TX,1,100,486513.3540175,2231837.6664479,
1715671079.909269,2433266,4823,4,TX,1,100,486514.0708355,2231838.3832659,
1715671080.420831,2433754,4908,4,TX,1,100,486514.6538274,2231838.9662578,
1715671081.063428,2434367,5016,4,TX,1,100,486515.2872675,2231839.5997029,
1715671081.723845,2434997,5117,4,TX,1,100,486515.8373203,2231840.1497557,
1715671082.606498,2435839,5254,4,TX,1,100,486516.5538587,2231840.8662941,
1715671082.848652,2436070,5291,4,TX,1,100,486517.1039674,2231841.4163759,
1715671083.711388,2436893,5429,4,TX,1,100,486517.9378796,2231842.2502881,
1715671084.239722,2437397,5515,4,TX,1,100,486518.4708740,2231842.7832825,
1715671084.971422,2438095,5636,4,TX,1,100,486519.1704883,2231843.4829032,
1715671085.515481,2438614,5721,4,TX,1,100,486519.7705502,2231844.0829651,
1715671086.639239,2439686,5891,4,TX,1,100,486520.5037918,2231844.8162067,
1715671086.869861,2439906,5928,4,TX,1,100,486521.1039466,2231845.4163331,
1715671087.499878,2440507,6032,4,TX,1,100,486521.7039431,2231846.0163296,
1715671088.020874,2441004,6120,4,TX,1,100,486522.2707260,2231846.5831125,
1715671088.877321,2441821,6255,4,TX,1,100,486523.0705994,2231847.3829930,
1715671089.424524,2442343,6342,4,TX,1,100,486523.6206108,2231847.9330045,
1715671090.170900,2443055,6463,4,TX,1,100,486524.3206793,2231848.6330729,
1715671090.601744,2443466,6531,4,TX,1,100,486524.8374161,2231849.1498097,
1715671091.347072,2444177,6653,4,TX,1,100,486525.5874187,2231849.8997995,
1715671091.995959,2444796,6761,4,TX,1,100,486526.1876819,2231850.5000627,
1715671092.685728,2445454,6865,4,TX,1,100,486526.9373258,2231851.2497066,
1715671093.331470,2446070,6971,4,TX,1,100,486527.4873953,2231851.7997707,
1715671094.050591,2446756,7070,4,TX,1,100,486528.1206672,2231852.4330425,
1715671094.469904,2447156,7141,4,TX,1,100,486528.6713549,2231852.9837303,
1715671095.219425,2447871,7260,4,TX,1,100,486529.4205896,2231853.7329594,
1715671095.777112,2448403,7348,4,TX,1,100,486530.0205697,2231854.3329395,
1715671096.525585,2449117,7468,4,TX,1,100,486530.7540566,2231855.0664264,
1715671097.166085,2449728,7573,4,TX,1,100,486531.3374166,2231855.6498006,
1715671097.825454,2450357,7677,4,TX,1,100,486532.0708078,2231856.3831918,
1715671098.345402,2450853,7764,4,TX,1,100,486532.6044426,2231856.9168266,
1715671099.080247,2451554,7885,4,TX,1,100,486533.3208352,2231857.6331807,
1715671099.728086,2452172,7989,4,TX,1,100,486533.8541062,2231858.1664517,
1715671100.362296,2452777,8090,4,TX,1,100,486534.5874896,2231858.8998351,
1715671100.913692,2453303,8176,4,TX,1,100,486535.1707560,2231859.4831031,
1715671101.751270,2454102,8313,4,TX,1,100,486535.9040588,2231860.2164059,
1715671102.281700,2454608,8398,4,TX,1,100,486536.4374575,2231860.7498047,
1715671102.943166,2455239,8509,4,TX,1,100,486537.1541794,2231861.4665083,
1715671103.450534,2455723,8594,4,TX,1,100,486537.7041820,2231862.0165109,
1715671104.310126,2456543,8730,4,TX,1,100,486538.4873659,2231862.7996948,
1715671104.745162,2456958,8800,4,TX,1,100,486538.9877474,2231863.3000763,
1715671105.480008,2457659,8919,4,TX,1,100,486539.7375467,2231864.0498624,
1715671106.042935,2458196,9007,4,TX,1,100,486540.2875469,2231864.5998627,
1715671106.772540,2458892,9125,4,TX,1,100,486540.9876558,2231865.2999715,
1715671107.309260,2459404,9212,4,TX,1,100,486541.5040972,2231865.8164068,
1715671108.057733,2460118,9338,4,TX,1,100,486542.2541083,2231866.5664179,
1715671108.524218,2460563,9408,4,TX,1,100,486542.7708223,2231867.0831319,
1715671109.363892,2461364,9544,4,TX,1,100,486543.6046371,2231867.9169507,
1715671109.911095,2461886,9631,4,TX,1,100,486544.1708513,2231868.4831649,
1715671110.644892,2462586,9750,4,TX,1,100,486544.9041287,2231869.2164423,
1715671111.274910,2463187,9852,4,TX,1,100,486545.5041414,2231869.8164363,
1715671112.030721,2463908,9972,4,TX,1,100,486546.1877742,2231870.5000691,
1715671112.566393,2464419,10057,4,TX,1,100,486546.7543174,2231871.0666123,
1715671113.333735,2465151,10185,4,TX,1,100,486547.4876099,2231871.7998912,
1715671113.859973,2465653,10270,4,TX,1,100,486548.0208961,2231872.3331774,
1715671114.508859,2466272,10374,4,TX,1,100,486548.6875983,2231872.9998796,
1715671115.579155,2467293,10543,4,TX,1,100,486549.2708813,2231873.5831672,
1715671115.776232,2467481,10578,4,TX,1,100,486549.9543519,2231874.2666377,
1715671116.976515,2468626,10765,4,TX,1,100,486551.2377313,2231875.5500020,
1715671117.917872,2469524,10918,4,TX,1,100,486551.8043919,2231876.1166626,
1715671118.377019,2469962,10989,4,TX,1,100,486552.6208575,2231876.9331282,
1715671118.918981,2470479,11081,4,TX,1,100,486553.1710608,2231877.4833200,
1715671119.654875,2471181,11200,4,TX,1,100,486553.8543401,2231878.1665993,
1715671120.211513,2471712,11285,4,TX,1,100,486554.4544864,2231878.7667456,
1715671120.876123,2472346,11389,4,TX,1,100,486555.1042108,2231879.4164649,
1715671121.494609,2472936,11492,4,TX,1,100,486555.6876302,2231879.9998843,
1715671122.238889,2473646,11611,4,TX,1,100,486556.4209631,2231880.7332173,
1715671122.710616,2474096,11682,4,TX,1,100,486556.9544077,2231881.2666618,
1715671123.548193,2474895,11821,4,TX,1,100,486557.7210641,2231882.0332922,
1715671124.066045,2475389,11897,4,TX,1,100,486558.2542905,2231882.5665186,
1715671124.805084,2476094,12018,4,TX,1,100,486559.0377386,2231883.3499667,
1715671125.433004,2476693,12120,4,TX,1,100,486559.6381035,2231883.9503342,
1715671126.151077,2477378,12224,4,TX,1,100,486560.3375489,2231884.6497796,
1715671126.671025,2477874,12311,4,TX,1,100,486560.8377565,2231885.1499872,
1715671127.319911,2478493,12413,4,TX,1,100,486561.5709602,2231885.8831834,
1715671127.943639,2479088,12519,4,TX,1,100,486562.1710775,2231886.4833007,
1715671128.685823,2479796,12638,4,TX,1,100,486562.8877041,2231887.1999273,
1715671129.447924,2480523,12741,4,TX,1,100,486563.4048010,2231887.7170125,
1715671129.893443,2480948,12811,4,TX,1,100,486564.1376200,2231888.4498315,
1715671130.412343,2481443,12897,4,TX,1,100,486564.6544958,2231888.9667073,
1715671131.278224,2482269,13035,4,TX,1,100,486565.4543560,2231889.7665870,
1715671131.840103,2482805,13122,4,TX,1,100,486566.0209995,2231890.3332304,
1715671132.566562,2483498,13240,4,TX,1,100,486566.7545215,2231891.0667525,
1715671133.745879,2484623,13428,4,TX,1,100,486567.9882142,2231892.3003909,
1715671134.386379,2485234,13530,4,TX,1,100,486568.5881057,2231892.9002825,
1715671135.009059,2485828,13637,4,TX,1,100,486569.2377812,2231893.5499741,
1715671135.560455,2486354,13722,4,TX,1,100,486569.7880629,2231894.1002558,
1715671136.403274,2487158,13858,4,TX,1,100,486570.5378134,2231894.8500063,
1715671136.855083,2487589,13926,4,TX,1,100,486571.0878992,2231895.4000589,
1715671137.585736,2488286,14047,4,TX,1,100,486571.8049867,2231896.1171464,
1715671138.219946,2488891,14152,4,TX,1,100,486572.3881884,2231896.7003480,
1715671138.888750,2489529,14255,4,TX,1,100,486573.1378508,2231897.4500137,
1715671139.504091,2490116,14358,4,TX,1,100,486573.7045224,2231898.0166853,
1715671140.147736,2490730,14451,4,TX,1,100,486574.3545629,2231898.6667258,
1715671140.618415,2491179,14523,4,TX,1,100,486574.8714587,2231899.1836216,
1715671141.453895,2491976,14658,4,TX,1,100,486575.7044781,2231900.0166424,
1715671141.987471,2492485,14743,4,TX,1,100,486576.2211742,2231900.5333386,
1715671142.726510,2493190,14863,4,TX,1,100,486576.9711800,2231901.2833443,
1715671143.265326,2493704,14953,4,TX,1,100,486577.4715474,2231901.7837113,
1715671144.012751,2494417,15069,4,TX,1,100,486578.2379088,2231902.5500727,
1715671144.556810,2494936,15156,4,TX,1,100,486578.7881342,2231903.1002981,
1715671145.394387,2495735,15294,4,TX,1,100,486579.5044476,2231903.8165770,
1715671145.853534,2496173,15367,4,TX,1,100,486580.0379446,2231904.3500740,
1715671146.603056,2496888,15488,4,TX,1,100,486580.8046466,2231905.1167761,
1715671147.235170,2497491,15590,4,TX,1,100,486581.4045910,2231905.7167144,
1715671147.974208,2498196,15711,4,TX,1,100,486582.1546999,2231906.4668233,
1715671148.418680,2498620,15781,4,TX,1,100,486582.6713204,2231906.9834438,
1715671149.147236,2499315,15899,4,TX,1,100,486583.3712922,2231907.6834140,
1715671149.690246,2499833,15987,4,TX,1,100,486583.8713718,2231908.1834936,
1715671150.453395,2500561,16105,4,TX,1,100,486584.7045836,2231909.0167054,
1715671151.087605,2501166,16214,4,TX,1,100,486585.3045813,2231909.6167200,
1715671151.752216,2501800,16317,4,TX,1,100,486586.0046627,2231910.3168014,
1715671152.372799,2502392,16418,4,TX,1,100,486586.5379440,2231910.8500827,
1715671153.003865,2502994,16524,4,TX,1,100,486587.2046808,2231911.5168014,
1715671154.282768,2504214,16726,4,TX,1,100,486588.4713094,2231912.7834301,
1715671154.944234,2504845,16829,4,TX,1,100,486589.0380774,2231913.3501980,
1715671155.582638,2505454,16931,4,TX,1,100,486589.8047881,2231914.1168629,
1715671156.106779,2505954,17018,4,TX,1,100,486590.3379881,2231914.6500629,
1715671156.956935,2506765,17144,4,TX,1,100,486591.1380078,2231915.4501026,
1715671157.614208,2507392,17229,4,TX,1,100,486591.6880040,2231916.0000988,
1715671158.154073,2507907,17321,4,TX,1,100,486592.4046471,2231916.7167419,
1715671158.906739,2508625,17440,4,TX,1,100,486593.0046903,2231917.3167851,
1715671159.457088,2509150,17525,4,TX,1,100,486593.7046693,2231918.0167582,
1715671159.993808,2509662,17613,4,TX,1,100,486594.2381102,2231918.5501990,
1715671160.666805,2510304,17715,4,TX,1,100,486594.8880662,2231919.2001551,
1715671161.236022,2510847,17801,4,TX,1,100,486595.4547545,2231919.7668079,
1715671161.972964,2511550,17927,4,TX,1,100,486596.1713772,2231920.4834306,
1715671163.275978,2512793,18133,4,TX,1,100,486597.4881476,2231921.8001928,
1715671163.822133,2513314,18217,4,TX,1,100,486598.0715197,2231922.3835649,
1715671164.652372,2514106,18353,4,TX,1,100,486598.8213993,2231923.1334445,
1715671165.223686,2514651,18439,4,TX,1,100,486599.4048411,2231923.7168922,
1715671165.890393,2515287,18545,4,TX,1,100,486600.1213613,2231924.4334124,
1715671166.516217,2515884,18646,4,TX,1,100,486600.6881347,2231925.0001858,
1715671167.160911,2516499,18754,4,TX,1,100,486601.4047300,2231925.7167566,
1715671167.811894,2517120,18856,4,TX,1,100,486602.0048972,2231926.3169238,
1715671168.509001,2517785,18963,4,TX,1,100,486602.6547455,2231926.9667721,
1715671169.025804,2518278,19048,4,TX,1,100,486603.2548984,2231927.5669603,
1715671169.861285,2519075,19186,4,TX,1,100,486603.9548951,2231928.2669570,
1715671170.299466,2519493,19256,4,TX,1,100,486604.5214126,2231928.8334744,
1715671170.960932,2520124,19358,4,TX,1,100,486605.1883022,2231929.5003208,
1715671171.492411,2520631,19445,4,TX,1,100,486605.7215336,2231930.0335522,
1715671172.385547,2521483,19585,4,TX,1,100,486606.4382064,2231930.7502250,
1715671172.727287,2521809,19639,4,TX,1,100,486606.9715465,2231931.2835651,
1715671173.563816,2522607,19777,4,TX,1,100,486607.7888089,2231932.1008254,
1715671174.122550,2523140,19862,4,TX,1,100,486608.3381900,2231932.6502066,
1715671174.858444,2523842,19983,4,TX,1,100,486609.0881419,2231933.4001725,
1715671175.605869,2524555,20103,4,TX,1,100,486609.6882367,2231934.0002672,
1715671176.214921,2525136,20203,4,TX,1,100,486610.3215567,2231934.6335873,
1715671176.645765,2525547,20275,4,TX,1,100,486610.8214871,2231935.1335176,
1715671177.399479,2526266,20392,4,TX,1,100,486611.6215368,2231935.9335179,
1715671178.015869,2526854,20484,4,TX,1,100,486612.1885102,2231936.5004912,
1715671178.665804,2527474,20586,4,TX,1,100,486612.9048730,2231937.2168540,
1715671179.289531,2528069,20688,4,TX,1,100,486613.4384128,2231937.7504157,
1715671180.030667,2528776,20809,4,TX,1,100,486614.2215592,2231938.5335621,
1715671180.487717,2529212,20877,4,TX,1,100,486614.7216551,2231939.0336580,
1715671181.199501,2529891,20998,4,TX,1,100,486615.4383872,2231939.7503461,
1715671181.761380,2530427,21085,4,TX,1,100,486615.9887617,2231940.3007206,
1715671182.598957,2531226,21219,4,TX,1,100,486616.7882217,2231941.1001806,
1715671183.228975,2531827,21308,4,TX,1,100,486617.3216935,2231941.6336597,
1715671183.791902,2532364,21394,4,TX,1,100,486618.0382464,2231942.3502126,
1715671184.433450,2532976,21498,4,TX,1,100,486618.6383261,2231942.9502923,
1715671185.091771,2533604,21602,4,TX,1,100,486619.3383074,2231943.6502706,
1715671185.714451,2534198,21704,4,TX,1,100,486619.9049085,2231944.2168716,
1715671186.447200,2534897,21822,4,TX,1,100,486620.6549666,2231944.9669297,
1715671186.989161,2535414,21908,4,TX,1,100,486621.1716661,2231945.4836161,
1715671187.628613,2536024,22012,4,TX,1,100,486621.8720111,2231946.1839611,
1715671188.259679,2536626,22118,4,TX,1,100,486622.4384485,2231946.7503985,
1715671189.047987,2537378,22207,4,TX,1,100,486623.1716700,2231947.4836028,
1715671190.207386,2538484,22394,4,TX,1,100,486624.4050788,2231948.7170115,
1715671190.843694,2539091,22498,4,TX,1,100,486625.0050883,2231949.3170211,
1715671191.495725,2539713,22601,4,TX,1,100,486625.7216988,2231950.0336320,
1715671192.056556,2540248,22687,4,TX,1,100,486626.3050510,2231950.6169842,
1715671192.788256,2540946,22809,4,TX,1,100,486627.0216276,2231951.3335608,
1715671193.419322,2541548,22910,4,TX,1,100,486627.5717751,2231951.8836900,
1715671194.121671,2542218,23022,4,TX,1,100,486628.3551425,2231952.6670574,
1715671194.743302,2542811,23125,4,TX,1,100,486628.9384268,2231953.2503417,
1715671195.391140,2543429,23226,4,TX,1,100,486629.6385368,2231953.9504739,
1715671195.914233,2543928,23313,4,TX,1,100,486630.1384615,2231954.4503985,
1715671196.658513,2544638,23432,4,TX,1,100,486630.8717390,2231955.1836761,
1715671197.306351,2545256,23536,4,TX,1,100,486631.4217570,2231955.7336678,
1715671198.044342,2545960,23656,4,TX,1,100,486632.2055069,2231956.5174177,
1715671198.576869,2546468,23742,4,TX,1,100,486632.7552280,2231957.0671388,
1715671199.240431,2547101,23851,4,TX,1,100,486633.4551092,2231957.7670038,
1715671199.787634,2547623,23935,4,TX,1,100,486634.0385791,2231958.3504737,
1715671200.558121,2548358,24057,4,TX,1,100,486634.7555706,2231959.0674652,
1715671201.399892,2549161,24190,4,TX,1,100,486635.3051114,2231959.6170114,
1715671202.249000,2549971,24326,4,TX,1,100,486636.0051969,2231960.3170970,
1715671202.302462,2550022,24329,4,TX,1,100,486636.5217882,2231960.8336882,
1715671203.142136,2550823,24469,4,TX,1,100,486637.3384878,2231961.6503920,
1715671203.600235,2551260,24537,4,TX,1,100,486637.8385509,2231962.1504551,
1715671204.417895,2552040,24672,4,TX,1,100,486638.6217070,2231962.9336112,
1715671204.884380,2552485,24750,4,TX,1,100,486639.1219853,2231963.4338490,
1715671205.683171,2553247,24869,4,TX,1,100,486639.8223833,2231964.1342470,
1715671206.623480,2554144,25023,4,TX,1,100,486640.4218114,2231964.7336751,
1715671206.936916,2554443,25074,4,TX,1,100,486641.1385221,2231965.4503736,
1715671207.489361,2554970,25162,4,TX,1,100,486641.7219590,2231966.0338105,
1715671208.220013,2555667,25282,4,TX,1,100,486642.4718801,2231966.7837316,
1715671208.751492,2556174,25373,4,TX,1,100,486642.9892237,2231967.3010752,
1715671209.608987,2556992,25511,4,TX,1,100,486643.7383947,2231968.0502800,
1715671210.099582,2557460,25586,4,TX,1,100,486644.3051990,2231968.6170844,
1715671210.809269,2558137,25703,4,TX,1,100,486644.9888643,2231969.3007496,
1715671211.347038,2558650,25788,4,TX,1,100,486645.5385578,2231969.8504095,
1715671212.014793,2559287,25892,4,TX,1,100,486646.2719253,2231970.5837770,
1715671212.645859,2559889,25994,4,TX,1,100,486646.8218805,2231971.1337322,
1715671213.385946,2560595,26116,4,TX,1,100,486647.6052735,2231971.9171034,
1715671213.903797,2561089,26202,4,TX,1,100,486648.1386537,2231972.4504837,
1715671215.079969,2562211,26383,4,TX,1,100,486648.8218979,2231973.1337278,
1715671215.114563,2562244,26386,4,TX,1,100,486649.3722562,2231973.6841041,
1715671215.948995,2563040,26527,4,TX,1,100,486650.1552330,2231974.4670809,
1715671216.828504,2563879,26663,4,TX,1,100,486650.6554107,2231974.9672586,
1715671217.147181,2564183,26719,4,TX,1,100,486651.4052971,2231975.7171083,
1715671217.780344,2564787,26825,4,TX,1,100,486651.9553686,2231976.2671798,
1715671218.629452,2565597,26960,4,TX,1,100,486652.7220419,2231977.0338531,
1715671219.079165,2566026,27028,4,TX,1,100,486653.3054284,2231977.6172471,
1715671219.806672,2566720,27149,4,TX,1,100,486653.9896470,2231978.3014657,
1715671220.419917,2567305,27234,4,TX,1,100,486654.5053596,2231978.8171782,
1715671221.157907,2568009,27360,4,TX,1,100,486655.3053261,2231979.6171275,
1715671221.611814,2568442,27429,4,TX,1,100,486655.8720596,2231980.1838610,
1715671222.356094,2569152,27549,4,TX,1,100,486656.5554511,2231980.8672525,
1715671222.880234,2569652,27638,4,TX,1,100,486657.1386759,2231981.4504603,
1715671223.614032,2570352,27756,4,TX,1,100,486657.8721348,2231982.1839192,
1715671224.254532,2570963,27859,4,TX,1,100,486658.4554799,2231982.7672643,
1715671225.004054,2571678,27979,4,TX,1,100,486659.1888428,2231983.5006495,
1715671225.543919,2572193,28065,4,TX,1,100,486659.7891435,2231984.1009502,
1715671226.261992,2572878,28174,4,TX,1,100,486660.4219978,2231984.7338046,
1715671226.785084,2573377,28259,4,TX,1,100,486661.0220792,2231985.3338859,
1715671227.517833,2574076,28380,4,TX,1,100,486661.7053534,2231986.0171155,
1715671228.087050,2574619,28469,4,TX,1,100,486662.2721237,2231986.5838858,
1715671228.710778,2575214,28570,4,TX,1,100,486662.9728963,2231987.2846584,
1715671229.451913,2575921,28690,4,TX,1,100,486663.5725911,2231987.8843611,
1715671230.638568,2577053,28875,4,TX,1,100,486664.3053650,2231988.6171350,
1715671230.654293,2577068,28878,4,TX,1,100,486664.8221426,2231989.1339126,
1715671231.391235,2577771,28999,4,TX,1,100,486665.5555180,2231989.8672759,
1715671231.872396,2578230,29075,4,TX,1,100,486666.1222404,2231990.4339984,
1715671232.639738,2578962,29194,4,TX,1,100,486666.8890500,2231991.2008079,
1715671233.157590,2579456,29281,4,TX,1,100,486667.4067046,2231991.7184417,
1715671233.906063,2580170,29401,4,TX,1,100,486668.1222304,2231992.4339675,
1715671235.169242,2581375,29602,4,TX,1,100,486669.3889453,2231993.7006722,
1715671235.749990,2581929,29692,4,TX,1,100,486669.9555569,2231994.2672838,
1715671236.374767,2582525,29791,4,TX,1,100,486670.6389010,2231994.9506279,
1715671237.022605,2583143,29900,4,TX,1,100,486671.1890769,2231995.5008202,
1715671237.754305,2583841,30021,4,TX,1,100,486671.9556517,2231996.2673950,
1715671238.265867,2584329,30108,4,TX,1,100,486672.4888894,2231996.8006327,
1715671239.038451,2585066,30227,4,TX,1,100,486673.3054890,2231997.6172012,
1715671239.692579,2585690,30328,4,TX,1,100,486673.8555556,2231998.1672678,
1715671240.427424,2586391,30450,4,TX,1,100,486674.5388077,2231998.8505199,
1715671240.837302,2586782,30518,4,TX,1,100,486675.0558857,2231999.3675979,
1715671241.594162,2587504,30638,4,TX,1,100,486675.8060495,2232000.1177931,
1715671242.138220,2588023,30724,4,TX,1,100,486676.4060670,2232000.7178106,
1715671242.961121,2588808,30849,4,TX,1,100,486677.1559688,2232001.4676946,
1715671243.405593,2589232,30920,4,TX,1,100,486677.6556455,2232001.9673713,
1715671244.151969,2589944,31039,4,TX,1,100,486678.3555797,2232002.6673055,
1715671244.696028,2590463,31125,4,TX,1,100,486678.8889319,2232003.2006577,
1715671245.644723,2591368,31278,4,TX,1,100,486679.7222566,2232004.0339596,
1715671245.993801,2591701,31330,4,TX,1,100,486680.2390615,2232004.5507645,
1715671246.739129,2592412,31451,4,TX,1,100,486681.0056668,2232005.3173698,
1715671247.957232,2593574,31626,4,TX,1,100,486681.5055741,2232005.8172601,
1715671247.964570,2593581,31629,4,TX,1,100,486682.1891429,2232006.5008289,
1715671249.234040,2594792,31832,4,TX,1,100,486683.4723103,2232007.7840013,
1715671250.631399,2596125,32051,4,TX,1,100,486684.0556261,2232008.3673171,
1715671250.647124,2596140,32054,4,TX,1,100,486684.8389971,2232009.1506881,
1715671251.272948,2596737,32157,4,TX,1,100,486685.3891611,2232009.7008309,
1715671251.937558,2597371,32244,4,TX,1,100,486686.1395187,2232010.4511885,
1715671252.571769,2597976,32346,4,TX,1,100,486686.6890879,2232011.0007577,
1715671253.270973,2598643,32439,4,TX,1,100,486687.4056808,2232011.7173457,
1715671253.700768,2599053,32508,4,TX,1,100,486687.9389900,2232012.2506550,
1715671254.437711,2599756,32628,4,TX,1,100,486688.6222066,2232012.9338716,
1715671255.723953,2600983,32831,4,TX,1,100,486689.9222837,2232014.2339396,
1715671256.362356,2601592,32933,4,TX,1,100,486690.5223528,2232014.8340088,
1715671257.317341,2602503,33087,4,TX,1,100,486691.2222610,2232015.5339196,
1715671257.639163,2602810,33138,4,TX,1,100,486691.8223159,2232016.1339745,
1715671258.292243,2603433,33244,4,TX,1,100,486692.5223832,2232016.8340418,
1715671258.853074,2603968,33306,4,TX,1,100,486693.0225365,2232017.3341950,
1715671259.581630,2604663,33427,4,TX,1,100,486693.7900882,2232018.1017254,
1715671260.121495,2605178,33512,4,TX,1,100,486694.3724489,2232018.6840861,
1715671260.961169,2605979,33647,4,TX,1,100,486695.1564630,2232019.4681168,
1715671261.490551,2606484,33735,4,TX,1,100,486695.6890109,2232020.0006647,
1715671262.141534,2607105,33837,4,TX,1,100,486696.4057333,2232020.7173871,
1715671262.785179,2607719,33943,4,TX,1,100,486697.0058666,2232021.3175204,
1715671263.441403,2608345,34044,4,TX,1,100,486697.7057116,2232022.0173461,
1715671264.011668,2608889,34120,4,TX,1,100,486698.2057432,2232022.5173777,
1715671264.679424,2609526,34225,4,TX,1,100,486698.9227783,2232023.2344128,
1715671265.406932,2610220,34343,4,TX,1,100,486699.4940663,2232023.8056911,
1715671265.978245,2610765,34430,4,TX,1,100,486700.2224296,2232024.5340544,
1715671266.730912,2611483,34550,4,TX,1,100,486700.8224856,2232025.1341104,
1715671267.377702,2612100,34652,4,TX,1,100,486701.5057355,2232025.8173452,
1715671268.646122,2613310,34856,4,TX,1,100,486702.0892342,2232026.4008439,
1715671268.662895,2613326,34859,4,TX,1,100,486702.8224903,2232027.1341000,
1715671269.295009,2613929,34951,4,TX,1,100,486703.3725403,2232027.6841284,
1715671269.852695,2614461,35040,4,TX,1,100,486704.1058019,2232028.4173900,
1715671270.410381,2614993,35126,4,TX,1,100,486704.6558615,2232028.9674496,
1715671271.121116,2615671,35245,4,TX,1,100,486705.3724897,2232029.6840854,
1715671271.678802,2616203,35331,4,TX,1,100,486705.9225792,2232030.2341748,
1715671272.441951,2616931,35450,4,TX,1,100,486706.7058215,2232031.0174172,
1715671272.951416,2617417,35536,4,TX,1,100,486707.2059206,2232031.5174927,
1715671273.707227,2618138,35658,4,TX,1,100,486707.9058213,2232032.2173934,
1715671274.287975,2618692,35745,4,TX,1,100,486708.4733228,2232032.7848949,
1715671275.019676,2619390,35854,4,TX,1,100,486709.2726556,2232033.5842245,
1715671276.728375,2621020,36123,4,TX,1,100,486710.5225105,2232034.8340794,
1715671276.932790,2621215,36158,4,TX,1,100,486711.1225528,2232035.4341057,
1715671277.671829,2621920,36281,4,TX,1,100,486711.8726317,2232036.1841846,
1715671278.203308,2622427,36368,4,TX,1,100,486712.3726099,2232036.6841628,
1715671278.864774,2623058,36468,4,TX,1,100,486713.1059483,2232037.4175012,
1715671279.481164,2623646,36572,4,TX,1,100,486713.7058657,2232038.0174092,
1715671280.262133,2624391,36680,4,TX,1,100,486714.4392189,2232038.7507624,
1715671280.788371,2624893,36768,4,TX,1,100,486714.9559746,2232039.2675181,
1715671281.436209,2625511,36872,4,TX,1,100,486715.6560186,2232039.9675538,
1715671282.054695,2626101,36974,4,TX,1,100,486716.2393688,2232040.5509040,
1715671282.840907,2626851,37078,4,TX,1,100,486716.9393431,2232041.2508783,
1715671284.019176,2627975,37265,4,TX,1,100,486718.2559454,2232042.5674623,
1715671284.581054,2628511,37352,4,TX,1,100,486718.8394248,2232043.1509417,
1715671285.439597,2629330,37475,4,TX,1,100,486719.5393924,2232043.8508908,
1715671285.935435,2629803,37548,4,TX,1,100,486720.0902371,2232044.4017355,
1715671286.585369,2630423,37651,4,TX,1,100,486720.8393476,2232045.1508460,
1715671287.197566,2631007,37752,4,TX,1,100,486721.3726795,2232045.6841757,
1715671287.941846,2631717,37875,4,TX,1,100,486722.1560775,2232046.4675737,
1715671288.501629,2632251,37961,4,TX,1,100,486722.7226603,2232047.0341565,
1715671289.118018,2632839,38064,4,TX,1,100,486723.3560912,2232047.6675860,
1715671289.646352,2633343,38152,4,TX,1,100,486723.8732180,2232048.1847128,
1715671290.504895,2634162,38285,4,TX,1,100,486724.6893673,2232049.0008622,
1715671291.686309,2635289,38462,4,TX,1,100,486725.9394356,2232050.2509231,
1715671292.333099,2635906,38566,4,TX,1,100,486726.4739100,2232050.7853975,
1715671293.063751,2636603,38687,4,TX,1,100,486727.2727812,2232051.5842475,
1715671293.615147,2637129,38771,4,TX,1,100,486727.7727453,2232052.0842116,
1715671294.576422,2638046,38924,4,TX,1,100,486728.5062314,2232052.8176977,
1715671295.619462,2639041,39093,4,TX,1,100,486729.8561236,2232054.1675851,
1715671296.183438,2639579,39169,4,TX,1,100,486730.4062656,2232054.7177271,
1715671296.908849,2640271,39274,4,TX,1,100,486731.0895217,2232055.4009832,
1715671297.428797,2640767,39359,4,TX,1,100,486731.6227793,2232055.9342221,
1715671298.153159,2641458,39480,4,TX,1,100,486732.3393972,2232056.6508400,
1715671298.691976,2641972,39566,4,TX,1,100,486732.9061836,2232057.2176263,
1715671299.466656,2642711,39686,4,TX,1,100,486733.6561259,2232057.9675659,
1715671299.982411,2643203,39771,4,TX,1,100,486734.1897325,2232058.5011725,
1715671300.756043,2643941,39892,4,TX,1,100,486734.9897701,2232059.3012101,
1715671301.317922,2644477,39978,4,TX,1,100,486735.5061682,2232059.8175999,
1715671302.017126,2645144,40069,4,TX,1,100,486736.2395612,2232060.5509929,
1715671302.533929,2645637,40156,4,TX,1,100,486736.7565932,2232061.0680249,
1715671303.407148,2646470,40296,4,TX,1,100,486737.5904580,2232061.9018847,
1715671303.920806,2646960,40380,4,TX,1,100,486738.1395762,2232062.4510029,
1715671304.575982,2647585,40484,4,TX,1,100,486738.7728684,2232063.0842951,
1715671305.952376,2648898,40703,4,TX,1,100,486740.1395084,2232064.4509333,
1715671306.516352,2649436,40790,4,TX,1,100,486740.6903116,2232065.0017365,
1715671307.151611,2650042,40882,4,TX,1,100,486741.3897046,2232065.7011148,
1715671307.799449,2650660,40988,4,TX,1,100,486741.9728702,2232066.2842804,
1715671308.449383,2651280,41092,4,TX,1,100,486742.7068590,2232067.0182692,
1715671309.066821,2651869,41193,4,TX,1,100,486743.2561825,2232067.5675923,
1715671309.717804,2652490,41296,4,TX,1,100,486743.9396185,2232068.2510283,
1715671310.254525,2653002,41381,4,TX,1,100,486744.4896159,2232068.8010257,
1715671311.021867,2653734,41503,4,TX,1,100,486745.2396280,2232069.5510346,
1715671311.646643,2654330,41606,4,TX,1,100,486745.7898278,2232070.1012344,
1715671312.549214,2655191,41730,4,TX,1,100,486746.5229052,2232070.8343118,
1715671312.784029,2655415,41769,4,TX,1,100,486747.0228544,2232071.3342611,
1715671313.614268,2656207,41907,4,TX,1,100,486747.7898625,2232072.1012472,
1715671314.131071,2656700,41959,4,TX,1,100,486748.3564448,2232072.6678295,
1715671314.785199,2657324,42063,4,TX,1,100,486749.0396557,2232073.3510404,
1715671315.328209,2657842,42148,4,TX,1,100,486749.5564830,2232073.8678809,
1715671316.168931,2658644,42285,4,TX,1,100,486750.3901240,2232074.7015219,
1715671316.720327,2659170,42373,4,TX,1,100,486750.9731037,2232075.2845016,
1715671317.450979,2659867,42492,4,TX,1,100,486751.6730315,2232075.9844092,
1715671317.999231,2660390,42570,4,TX,1,100,486752.2230301,2232076.5344078,
1715671318.757139,2661113,42688,4,TX,1,100,486752.9564125,2232077.2677902,
1715671319.269748,2661602,42774,4,TX,1,100,486753.4562979,2232077.7676708,
1715671319.933311,2662235,42878,4,TX,1,100,486754.1729190,2232078.4842919,
1715671320.465838,2662743,42962,4,TX,1,100,486754.6898491,2232079.0012220,
1715671321.286643,2663526,43098,4,TX,1,100,486755.4896762,2232079.8010295,
1715671321.839087,2664053,43185,4,TX,1,100,486756.0730359,2232080.3843893,
1715671322.599092,2664778,43306,4,TX,1,100,486756.8397597,2232081.1511130,
1715671323.179840,2665332,43382,4,TX,1,100,486757.3902935,2232081.7016375,
1715671323.819292,2665942,43486,4,TX,1,100,486758.0565039,2232082.3678479,
1715671324.360205,2666458,43572,4,TX,1,100,486758.6064800,2232082.9178240,
1715671325.292128,2667347,43724,4,TX,1,100,486759.4064023,2232083.7177323,
1715671326.390727,2668395,43893,4,TX,1,100,486759.9402507,2232084.2515807,
1715671326.406451,2668410,43896,4,TX,1,100,486760.6063783,2232084.9177083,
1715671326.933737,2668913,43985,4,TX,1,100,486761.1565098,2232085.4678780,
1715671327.676969,2669622,44104,4,TX,1,100,486761.9069437,2232086.2183119,
1715671328.410766,2670322,44213,4,TX,1,100,486762.5064510,2232086.8178192,
1715671329.048121,2670930,44319,4,TX,1,100,486763.2564308,2232087.5677598,
1715671329.583793,2671441,44404,4,TX,1,100,486763.7902584,2232088.1015874,
1715671330.338556,2672161,44523,4,TX,1,100,486764.4896814,2232088.8010104,
1715671330.783028,2672585,44593,4,TX,1,100,486765.0231638,2232089.3344928,
1715671331.519970,2673288,44712,4,TX,1,100,486765.7730487,2232090.0843791,
1715671332.034676,2673779,44799,4,TX,1,100,486766.2731764,2232090.5845068,
1715671332.818791,2674527,44922,4,TX,1,100,486767.0731922,2232091.3845226,
1715671333.449857,2675129,45023,4,TX,1,100,486767.6564648,2232091.9677384,
1715671334.182606,2675828,45130,4,TX,1,100,486768.4065672,2232092.7178408,
1715671334.727712,2676348,45216,4,TX,1,100,486768.9065702,2232093.2178438,
1715671335.410144,2676999,45320,4,TX,1,100,486769.5903023,2232093.9016260,
1715671335.937429,2677502,45407,4,TX,1,100,486770.1731940,2232094.4845177,
1715671336.794924,2678320,45544,4,TX,1,100,486770.8897653,2232095.2010890,
1715671337.233106,2678738,45612,4,TX,1,100,486771.4733917,2232095.7846737,
1715671338.052862,2679520,45750,4,TX,1,100,486772.2565362,2232096.5678182,
1715671338.514106,2679960,45819,4,TX,1,100,486772.7733429,2232097.0846249,
1715671339.319187,2680728,45947,4,TX,1,100,486773.5232647,2232097.8345557,
1715671339.897838,2681280,46034,4,TX,1,100,486774.1065214,2232098.4178124,
1715671340.516325,2681870,46135,4,TX,1,100,486774.7566377,2232099.0679287,
1715671341.034176,2682364,46223,4,TX,1,100,486775.2565767,2232099.5678569,
1715671341.907394,2683197,46359,4,TX,1,100,486776.0899160,2232100.4011962,
1715671342.435729,2683701,46443,4,TX,1,100,486776.6565979,2232100.9678781,
1715671343.166381,2684398,46566,4,TX,1,100,486777.3569025,2232101.6681638,
1715671343.945254,2685141,46685,4,TX,1,100,486777.8899448,2232102.2012061,
1715671344.653893,2685817,46776,4,TX,1,100,486778.6899577,2232103.0012190,
1715671345.034419,2686180,46813,4,TX,1,100,486779.2734165,2232103.5846698,
1715671345.746202,2686859,46920,4,TX,1,100,486779.9400436,2232104.2512969,
1715671346.261957,2687351,47005,4,TX,1,100,486780.5066202,2232104.8178735,
1715671347.281935,2688324,47158,4,TX,1,100,486781.2066466,2232105.5178779,
1715671348.319734,2689314,47329,4,TX,1,100,486782.4900018,2232106.8012331,
1715671348.849117,2689819,47416,4,TX,1,100,486783.0568497,2232107.3680810,
1715671349.602831,2690538,47518,4,TX,1,100,486783.8067509,2232108.1179759,
1715671350.167855,2691077,47594,4,TX,1,100,486784.3065774,2232108.6178023,
1715671350.912135,2691787,47716,4,TX,1,100,486785.0900065,2232109.4012315,
1715671351.419504,2692271,47786,4,TX,1,100,486785.6734096,2232109.9846365,
1715671352.137577,2692956,47904,4,TX,1,100,486786.3233718,2232110.6345987,
1715671352.708890,2693501,47992,4,TX,1,100,486786.9238068,2232111.2350337,
1715671353.372453,2694134,48096,4,TX,1,100,486787.5904214,2232111.9016386,
1715671353.962636,2694697,48185,4,TX,1,100,486788.1906808,2232112.5018980,
1715671354.702723,2695403,48302,4,TX,1,100,486788.9401211,2232113.2513383,
1715671355.341126,2696012,48377,4,TX,1,100,486789.5407903,2232113.8519876,
1715671356.322318,2696948,48516,4,TX,1,100,486790.2233768,2232114.5345741,
1715671356.553988,2697169,48552,4,TX,1,100,486790.7903830,2232115.1015803,
1715671357.265772,2697848,48656,4,TX,1,100,486791.4568372,2232115.7680200,
1715671357.729112,2698290,48730,4,TX,1,100,486791.9734974,2232116.2846802,
1715671358.559351,2699082,48865,4,TX,1,100,486792.8069033,2232117.1180861,
1715671359.456681,2699938,48969,4,TX,1,100,486793.3903617,2232117.7015526,
1715671359.934697,2700394,48990,4,TX,1,100,486794.0402163,2232118.3514072,
1715671360.509156,2700942,49047,4,TX,1,100,486794.5568465,2232118.8680375,
1715671361.097242,2701503,49126,4,TX,1,100,486795.3067151,2232119.6179225,
1715671361.719921,2702097,49228,4,TX,1,100,486795.8568084,2232120.1680158,
1715671362.358325,2702706,49332,4,TX,1,100,486796.5734189,2232120.8846263,
1715671362.987294,2703306,49437,4,TX,1,100,486797.1066729,2232121.4178803,
1715671363.733670,2704018,49554,4,TX,1,100,486797.9401398,2232122.2513303,
1715671365.029347,2705254,49757,4,TX,1,100,486799.1569481,2232123.4680981,
1715671365.555584,2705756,49845,4,TX,1,100,486799.7402212,2232124.0513712,
1715671366.264223,2706432,49938,4,TX,1,100,486800.4400708,2232124.7512208,
1715671366.778929,2706923,50022,4,TX,1,100,486800.9904496,2232125.3015996,
1715671367.536837,2707646,50146,4,TX,1,100,486801.7401549,2232126.0513068,
1715671368.818886,2708869,50346,4,TX,1,100,486802.3401519,2232126.6513037,
1715671368.834610,2708884,50349,4,TX,1,100,486802.9735291,2232127.2846809,
1715671369.401730,2709425,50437,4,TX,1,100,486803.5236454,2232127.8347762,
1715671370.130286,2710120,50555,4,TX,1,100,486804.3402036,2232128.6513344,
1715671370.772883,2710733,50659,4,TX,1,100,486804.8736647,2232129.1847955,
1715671371.529742,2711455,50766,4,TX,1,100,486805.5907538,2232129.9018808,
1715671372.592700,2712469,50940,4,TX,1,100,486806.8403305,2232131.1514575,
1715671373.161917,2713012,51027,4,TX,1,100,486807.3913456,2232131.7024665,
1715671374.004736,2713816,51163,4,TX,1,100,486808.1907559,2232132.5018768,
1715671374.554035,2714340,51248,4,TX,1,100,486808.7237049,2232133.0348258,
1715671375.278398,2715031,51369,4,TX,1,100,486809.3903727,2232133.7015052,
1715671375.759559,2715490,51439,4,TX,1,100,486809.9908913,2232134.3020238,
1715671376.623344,2716314,51577,4,TX,1,100,486810.7569552,2232135.0680877,
1715671377.070960,2716741,51634,4,TX,1,100,486811.2903543,2232135.6014543,
1715671377.990303,2717618,51758,4,TX,1,100,486812.0235337,2232136.3346337,
1715671378.727245,2718321,51878,4,TX,1,100,486812.5236294,2232136.8347294,
1715671379.055357,2718634,51930,4,TX,1,100,486813.2736710,2232137.5847719,
1715671379.581595,2719136,52015,4,TX,1,100,486813.8070233,2232138.1181242,
1715671380.402400,2719919,52136,4,TX,1,100,486814.5571325,2232138.8682334,
1715671380.970568,2720461,52224,4,TX,1,100,486815.1570777,2232139.4681688,
1715671381.600586,2721062,52325,4,TX,1,100,486815.8070293,2232140.1181204,
1715671382.309224,2721738,52420,4,TX,1,100,486816.3907031,2232140.7017942,
1715671382.976980,2722375,52527,4,TX,1,100,486817.1236713,2232141.4347624,
1715671383.499024,2722873,52614,4,TX,1,100,486817.7070080,2232142.0180889,
1715671384.184601,2723527,52718,4,TX,1,100,486818.4070492,2232142.7181301,
1715671384.755914,2724072,52802,4,TX,1,100,486818.9237934,2232143.2348744,
1715671385.481325,2724764,52923,4,TX,1,100,486819.6903922,2232144.0014792,
1715671386.829416,2726050,53127,4,TX,1,100,486821.0403989,2232145.3514859,
1715671387.456288,2726648,53230,4,TX,1,100,486821.6237148,2232145.9347714,
1715671388.083161,2727246,53302,4,TX,1,100,486822.3071302,2232146.6181867,
1715671388.627219,2727765,53389,4,TX,1,100,486822.8738693,2232147.1849258,
1715671389.288685,2728396,53494,4,TX,1,100,486823.5403766,2232147.8514421,
1715671389.904026,2728983,53595,4,TX,1,100,486824.0904646,2232148.4015301,
1715671390.624196,2729670,53699,4,TX,1,100,486824.8404895,2232149.1515550,
1715671391.191316,2730211,53785,4,TX,1,100,486825.4242249,2232149.7352589,
1715671391.908341,2730895,53905,4,TX,1,100,486826.1237111,2232150.4347451,
1715671392.808815,2731754,53945,4,TX,1,100,486826.6238207,2232150.9348547,
1715671393.358115,2732278,53992,4,TX,1,100,486827.3913062,2232151.7023465,
1715671393.790007,2732690,54064,4,TX,1,100,486827.9905489,2232152.3015892,
1715671394.644356,2733505,54198,4,TX,1,100,486828.7404792,2232153.0515195,
1715671395.110842,2733950,54269,4,TX,1,100,486829.3070738,2232153.6181153,
1715671395.731425,2734542,54372,4,TX,1,100,486829.9738230,2232154.2848645,
1715671396.369828,2735151,54473,4,TX,1,100,486830.5740566,2232154.8850981,
1715671397.041777,2735792,54577,4,TX,1,100,486831.2237206,2232155.5347568,
1715671397.553339,2736280,54664,4,TX,1,100,486831.7737832,2232156.0848194,
1715671398.397206,2737085,54801,4,TX,1,100,486832.5576989,2232156.8687351,
1715671398.877319,2737543,54861,4,TX,1,100,486833.0738978,2232157.3849341,
1715671399.611116,2738243,54981,4,TX,1,100,486833.8238435,2232158.1348389,
1715671400.226457,2738830,55083,4,TX,1,100,486834.4238531,2232158.7348485,
1715671401.013717,2739581,55202,4,TX,1,100,486835.1572716,2232159.4682934,
1715671401.450850,2739998,55272,4,TX,1,100,486835.6905583,2232160.0015801,
1715671402.188841,2740702,55393,4,TX,1,100,486836.4071669,2232160.7181887,
1715671403.900685,2742335,55651,4,TX,1,100,486837.6739695,2232161.9849477,
1715671404.209928,2742630,55689,4,TX,1,100,486838.2406764,2232162.5516546,
1715671404.750842,2743146,55776,4,TX,1,100,486839.0076604,2232163.3186386,
1715671405.363038,2743730,55880,4,TX,1,100,486839.5239707,2232163.8349552,
1715671406.017166,2744354,55982,4,TX,1,100,486840.2739987,2232164.5849831,
1715671406.640894,2744949,56085,4,TX,1,100,486840.8410345,2232165.1520190,
1715671407.386222,2745660,56202,4,TX,1,100,486841.5573213,2232165.8683208,
1715671407.905122,2746155,56292,4,TX,1,100,486842.1072471,2232166.4182466,
1715671408.663029,2746878,56412,4,TX,1,100,486842.8406743,2232167.1516737,
1715671409.318206,2747503,56501,4,TX,1,100,486843.4239605,2232167.7349093,
1715671409.890568,2748049,56591,4,TX,1,100,486844.1239470,2232168.4348958,
1715671410.629606,2748754,56693,4,TX,1,100,486844.6905766,2232169.0015254,
1715671411.197775,2749296,56783,4,TX,1,100,486845.3573185,2232169.6682726,
1715671411.726109,2749800,56867,4,TX,1,100,486845.9407492,2232170.2517033,
1715671412.479824,2750519,56989,4,TX,1,100,486846.6410160,2232170.9519701,
1715671413.754534,2751735,57191,4,TX,1,100,486847.9240513,2232172.2350025,
1715671414.286013,2752242,57278,4,TX,1,100,486848.5240765,2232172.8350277,
1715671414.931755,2752858,57371,4,TX,1,100,486849.1740084,2232173.4849537,
1715671415.492586,2753393,57456,4,TX,1,100,486849.7244377,2232174.0353830,
1715671416.249445,2754115,57577,4,TX,1,100,486850.4906875,2232174.8016329,
1715671416.872124,2754709,57677,4,TX,1,100,486851.0406780,2232175.3516233,
1715671417.601729,2755405,57799,4,TX,1,100,486851.7911969,2232176.1021550,
1715671418.141594,2755920,57887,4,TX,1,100,486852.3406826,2232176.6516407,
1715671418.819832,2756567,57989,4,TX,1,100,486853.0739624,2232177.3849205,
1715671419.482346,2757199,58093,4,TX,1,100,486853.6750413,2232177.9859382,
1715671420.228723,2757911,58202,4,TX,1,100,486854.3407386,2232178.6516355,
1715671420.741333,2758400,58287,4,TX,1,100,486854.8741606,2232179.1850575,
1715671421.489806,2759114,58408,4,TX,1,100,486855.6906646,2232180.0015625,
1715671422.675413,2760245,58595,4,TX,1,100,486856.2908467,2232180.6017446,
1715671422.789675,2760354,58616,4,TX,1,100,486856.9575428,2232181.2684407,
1715671423.398727,2760935,58718,4,TX,1,100,486857.4907858,2232181.8016913,
1715671424.070676,2761576,58819,4,TX,1,100,486858.2578327,2232182.5687382,
1715671424.584334,2762066,58906,4,TX,1,100,486858.8073600,2232183.1182654,
1715671425.332807,2762780,59027,4,TX,1,100,486859.5407152,2232183.8516190,
1715671426.004756,2763421,59117,4,TX,1,100,486860.0908135,2232184.4017173,
1715671426.528897,2763921,59204,4,TX,1,100,486860.7740934,2232185.0849972,
1715671427.146335,2764510,59306,4,TX,1,100,486861.3575814,2232185.6685066,
1715671427.794173,2765128,59410,4,TX,1,100,486862.0239891,2232186.3349144,
1715671428.320410,2765630,59495,4,TX,1,100,486862.5241859,2232186.8351112,
1715671429.170567,2766441,59633,4,TX,1,100,486863.3742041,2232187.6850674,
1715671429.729301,2766974,59720,4,TX,1,100,486863.9742737,2232188.2851370,
1715671430.462050,2767673,59838,4,TX,1,100,486864.6574240,2232188.9682873,
1715671431.048040,2768232,59914,4,TX,1,100,486865.2241935,2232189.5350581,
1715671431.790223,2768940,60034,4,TX,1,100,486865.9407698,2232190.2516344,
1715671432.431772,2769552,60138,4,TX,1,100,486866.5159769,2232190.8268415,
1715671432.956961,2770053,60224,4,TX,1,100,486867.1919845,2232191.5028428,
1715671433.524081,2770594,60310,4,TX,1,100,486867.7742165,2232192.0850748,
1715671434.257879,2771294,60430,4,TX,1,100,486868.5074629,2232192.8183212,
1715671434.885799,2771893,60534,4,TX,1,100,486869.0742586,2232193.3851169,
1715671435.562989,2772539,60636,4,TX,1,100,486869.8083275,2232194.1191612,
1715671436.189862,2773137,60727,4,TX,1,100,486870.3075733,2232194.6184070,
1715671436.766417,2773687,60814,4,TX,1,100,486870.9917725,2232195.3026062,
1715671437.399579,2774291,60919,4,TX,1,100,486871.5911325,2232195.9020103,
1715671438.126039,2774984,61039,4,TX,1,100,486872.3576397,2232196.6685175,
1715671439.393411,2776193,61242,4,TX,1,100,486873.6241000,2232197.9349999,
1715671439.935373,2776710,61327,4,TX,1,100,486874.1579707,2232198.4688705,
1715671440.693281,2777433,61446,4,TX,1,100,486874.9241724,2232199.2350723,
1715671441.334829,2778045,61549,4,TX,1,100,486875.5242675,2232199.8351044,
1715671441.990005,2778670,61641,4,TX,1,100,486876.2242919,2232200.5351287,
1715671442.646230,2779296,61731,4,TX,1,100,486876.8077473,2232201.1185841,
1715671443.287778,2779908,61833,4,TX,1,100,486877.4575001,2232201.7683243,
1715671443.812967,2780409,61920,4,TX,1,100,486878.0409592,2232202.3517834,
1715671444.543620,2781106,62039,4,TX,1,100,486878.7409543,2232203.0517785,
1715671445.088726,2781626,62124,4,TX,1,100,486879.3410365,2232203.6518385,
1715671445.830910,2782334,62245,4,TX,1,100,486880.0576864,2232204.3684885,
1715671447.111910,2783556,62435,4,TX,1,100,486881.3242795,2232205.6351143,
1715671447.622423,2784043,62523,4,TX,1,100,486881.8577456,2232206.1685804,
1715671448.371945,2784758,62644,4,TX,1,100,486882.5910758,2232206.9019106,
1715671449.010349,2785367,62745,4,TX,1,100,486883.1410323,2232207.4518670,
1715671449.794463,2786115,62866,4,TX,1,100,486883.9745567,2232208.2853474,
1715671450.325942,2786622,62951,4,TX,1,100,486884.5577352,2232208.8685259,
1715671451.154085,2787412,63087,4,TX,1,100,486885.3745790,2232209.6853365,
1715671451.719109,2787951,63175,4,TX,1,100,486885.9251663,2232210.2359238,
1715671452.413071,2788613,63266,4,TX,1,100,486886.6410423,2232210.9517998,
1715671452.928826,2789105,63354,4,TX,1,100,486887.1746737,2232211.4854362,
1715671453.673106,2789815,63474,4,TX,1,100,486887.9088649,2232212.2196274,
1715671454.316751,2790429,63576,4,TX,1,100,486888.4581816,2232212.7689441,
1715671454.950962,2791034,63678,4,TX,1,100,486889.2076641,2232213.5184225,
1715671455.506551,2791564,63765,4,TX,1,100,486889.7412278,2232214.0519862,
1715671456.238252,2792262,63884,4,TX,1,100,486890.4410765,2232214.7518349,
1715671456.783358,2792782,63970,4,TX,1,100,486891.0161225,2232215.3268809,
1715671457.659722,2793618,64097,4,TX,1,100,486891.6909972,2232216.0017694,
1715671458.069600,2794009,64154,4,TX,1,100,486892.2578778,2232216.5686500,
1715671458.801301,2794707,64270,4,TX,1,100,486893.0077155,2232217.3184877,
1715671459.420835,2795298,64374,4,TX,1,100,486893.5912576,2232217.9020072,
1715671460.165116,2796008,64495,4,TX,1,100,486894.2744269,2232218.5851765,
1715671460.602249,2796425,64563,4,TX,1,100,486894.8245295,2232219.1352791,
1715671461.382171,2797169,64685,4,TX,1,100,486895.6245577,2232219.9352886,
1715671461.919939,2797682,64769,4,TX,1,100,486896.1578822,2232220.4686132,
1715671462.683089,2798410,64890,4,TX,1,100,486896.9244291,2232221.2351600,
1715671463.316251,2799014,64982,4,TX,1,100,486897.4911900,2232221.8019053,
1715671463.979813,2799647,65084,4,TX,1,100,486898.1412404,2232222.4519557,
1715671464.529113,2800171,65172,4,TX,1,100,486898.6579664,2232222.9686817,
1715671465.352014,2800956,65307,4,TX,1,100,486899.4745765,2232223.7852868,
1715671465.902362,2801481,65394,4,TX,1,100,486900.0249932,2232224.3357035,
1715671466.542862,2802092,65498,4,TX,1,100,486900.7412430,2232225.0519533,
1715671467.831201,2803321,165,4,TX,1,100,486901.9918745,2232226.3025850,
1715671468.472749,2803933,272,4,TX,1,100,486902.5912672,2232226.9019777,
1715671469.010518,2804446,358,4,TX,1,100,486903.2579471,2232227.5686365,
1715671469.626907,2805034,462,4,TX,1,100,486903.8580086,2232228.1686980,
1715671470.352318,2805726,580,4,TX,1,100,486904.5578781,2232228.8685674,
1715671470.896377,2806245,666,4,TX,1,100,486905.0912745,2232229.4019638,
1715671471.578808,2806896,769,4,TX,1,100,486905.8077728,2232230.1184604,
1715671472.198343,2807487,873,4,TX,1,100,486906.3913393,2232230.7020269,
1715671472.931092,2808186,993,4,TX,1,100,486907.1747326,2232231.4853969,
1715671473.568447,2808794,1096,4,TX,1,100,486907.7246644,2232232.0353288,
1715671474.255072,2809449,1204,4,TX,1,100,486908.4746368,2232232.7853011,
1715671474.771874,2809942,1272,4,TX,1,100,486908.9914568,2232233.3021211,
1715671475.533975,2810669,1389,4,TX,1,100,486909.7413996,2232234.0520727,
1715671476.080130,2811190,1475,4,TX,1,100,486910.2917303,2232234.6024034,
1715671476.819169,2811895,1593,4,TX,1,100,486910.9913397,2232235.3020128,
1715671477.238482,2812295,1661,4,TX,1,100,486911.4924711,2232235.8031176,
1715671478.187177,2813200,1816,4,TX,1,100,486912.3246690,2232236.6353155,
1715671478.607538,2813601,1886,4,TX,1,100,486912.8588266,2232237.1694731,
1715671479.387460,2814345,2012,4,TX,1,100,486913.5914462,2232237.9021032,
1715671479.924180,2814857,2097,4,TX,1,100,486914.1581203,2232238.4687773,
1715671480.663218,2815562,2218,4,TX,1,100,486914.8747080,2232239.1853650,
1715671481.199939,2816074,2305,4,TX,1,100,486915.4414231,2232239.7520611,
1715671481.880274,2816723,2409,4,TX,1,100,486916.1246959,2232240.4353339,
1715671482.434815,2817252,2497,4,TX,1,100,486916.6748105,2232240.9854485,
1715671483.159178,2817943,2617,4,TX,1,100,486917.3913175,2232241.7019135,
1715671483.814353,2818568,2719,4,TX,1,100,486917.9248085,2232242.2354045,
1715671484.504123,2819226,2828,4,TX,1,100,486918.6748505,2232242.9854465,
1715671484.934967,2819637,2898,4,TX,1,100,486919.2082394,2232243.5188532,
1715671485.762061,2820426,3034,4,TX,1,100,486920.0081295,2232244.3187433,
1715671486.297733,2820937,3121,4,TX,1,100,486920.5081927,2232244.8188066,
1715671487.033627,2821639,3242,4,TX,1,100,486921.3086067,2232245.6192195,
1715671487.573492,2822154,3328,4,TX,1,100,486921.8247718,2232246.1353846,
1715671488.296807,2822844,3448,4,TX,1,100,486922.5415045,2232246.8521173,
1715671488.879651,2823400,3533,4,TX,1,100,486923.1085525,2232247.4191653,
1715671489.608207,2824095,3654,4,TX,1,100,486923.8079779,2232248.1186067,
1715671490.136541,2824599,3731,4,TX,1,100,486924.3915212,2232248.7021501,
1715671490.965732,2825390,3867,4,TX,1,100,486925.1581873,2232249.4688162,
1715671491.504549,2825904,3951,4,TX,1,100,486925.7416602,2232250.0522471,
1715671492.793936,2827134,4156,4,TX,1,100,486926.4585225,2232250.7691094,
1715671492.809660,2827149,4159,4,TX,1,100,486927.0081452,2232251.3187321,
1715671493.445967,2827756,4263,4,TX,1,100,486927.6581785,2232251.9687821,
1715671493.995267,2828280,4351,4,TX,1,100,486928.2582563,2232252.5688599,
1715671494.731160,2828982,4468,4,TX,1,100,486928.9915252,2232253.3021288,
1715671495.303522,2829528,4562,4,TX,1,100,486929.5417612,2232253.8523278,
1715671495.962892,2830157,4666,4,TX,1,100,486930.2414551,2232254.5520217,
1715671496.903200,2831054,4815,4,TX,1,100,486930.8249686,2232255.1355352,
1715671497.227119,2831363,4871,4,TX,1,100,486931.5082842,2232255.8188495,
1715671497.785854,2831896,4958,4,TX,1,100,486932.0249346,2232256.3354999,
1715671498.523844,2832600,5077,4,TX,1,100,486932.7754012,2232257.0859665,
1715671499.147572,2833195,5181,4,TX,1,100,486933.3586333,2232257.6691854,
1715671499.827907,2833844,5285,4,TX,1,100,486934.0751273,2232258.3856794,
1715671501.510399,2835449,5556,4,TX,1,100,486935.4416094,2232259.7521676,
1715671501.846898,2835770,5609,4,TX,1,100,486936.0415877,2232260.3521460,
1715671502.389908,2836288,5697,4,TX,1,100,486936.6416745,2232260.9522328,
1715671503.005249,2836875,5801,4,TX,1,100,486937.2419353,2232261.5524682,
1715671503.870081,2837700,5936,4,TX,1,100,486937.9922518,2232262.3027847,
1715671504.281008,2838092,6007,4,TX,1,100,486938.5418357,2232262.8523686,
1715671504.954005,2838734,6109,4,TX,1,100,486939.2082674,2232263.5188115,
1715671505.477098,2839233,6195,4,TX,1,100,486939.7083028,2232264.0188469,
1715671506.314675,2840032,6338,4,TX,1,100,486940.5583531,2232264.8688972,
1715671506.878650,2840570,6406,4,TX,1,100,486941.1366966,2232265.4472407,
1715671507.522295,2841184,6512,4,TX,1,100,486941.7916718,2232266.1021885,
1715671508.256093,2841884,6631,4,TX,1,100,486942.3926809,2232266.7031977,
1715671508.841034,2842442,6718,4,TX,1,100,486943.0749589,2232267.3854757,
1715671509.366223,2842943,6805,4,TX,1,100,486943.6251213,2232267.9356286,
1715671510.193317,2843732,6942,4,TX,1,100,486944.3916440,2232268.7021513,
1715671510.657706,2844175,7011,4,TX,1,100,486944.9418221,2232269.2523294,
1715671511.421904,2844904,7136,4,TX,1,100,486945.6583617,2232269.9688996,
1715671511.959672,2845417,7224,4,TX,1,100,486946.2415917,2232270.5521297,
1715671512.663069,2846088,7344,4,TX,1,100,486946.9249485,2232271.2354865,
1715671513.233335,2846632,7430,4,TX,1,100,486947.4584630,2232271.7689616,
1715671514.933648,2848254,7698,4,TX,1,100,486948.2083412,2232272.5188398,
1715671514.948324,2848268,7701,4,TX,1,100,486948.7583550,2232273.0688536,
1715671515.250229,2848556,7754,4,TX,1,100,486949.4916946,2232273.8021755,
1715671515.817349,2849097,7841,4,TX,1,100,486950.0251079,2232274.3355888,
1715671516.575257,2849820,7965,4,TX,1,100,486950.8250956,2232275.1355765,
1715671517.092060,2850313,8054,4,TX,1,100,486951.3753081,2232275.6858169,
1715671517.854161,2851040,8172,4,TX,1,100,486952.0916616,2232276.4021704,
1715671518.366771,2851529,8260,4,TX,1,100,486952.5917730,2232276.9022818,
1715671519.105809,2852234,8380,4,TX,1,100,486953.3421238,2232277.6526022,
1715671519.648819,2852752,8468,4,TX,1,100,486953.8584890,2232278.1689674,
1715671520.379472,2853449,8586,4,TX,1,100,486954.5922265,2232278.9027049,
1715671520.949737,2853993,8672,4,TX,1,100,486955.1917420,2232279.5022034,
1715671521.773687,2854779,8807,4,TX,1,100,486955.9585174,2232280.2689787,
1715671522.246462,2855230,8885,4,TX,1,100,486956.5089362,2232280.8193976,
1715671522.987597,2855937,9003,4,TX,1,100,486957.2417650,2232281.5522148,
1715671523.540042,2856464,9088,4,TX,1,100,486957.7585148,2232282.0689645,
1715671524.195218,2857089,9192,4,TX,1,100,486958.4752184,2232282.7856682,
1715671524.826283,2857691,9296,4,TX,1,100,486959.0750950,2232283.3855447,
1715671525.459446,2858295,9396,4,TX,1,100,486959.7252018,2232284.0356459,
1715671526.196388,2858998,9514,4,TX,1,100,486960.3252413,2232284.6356854,
1715671526.754074,2859530,9600,4,TX,1,100,486961.0417951,2232285.3522392,
1715671527.305470,2860056,9692,4,TX,1,100,486961.5418954,2232285.8523752,
1715671528.057088,2860773,9813,4,TX,1,100,486962.3418569,2232286.6523367,
1715671528.697588,2861384,9915,4,TX,1,100,486962.9419501,2232287.2524299,
1715671529.459689,2862111,10031,4,TX,1,100,486963.6586109,2232287.9690247,
1715671529.984878,2862612,10117,4,TX,1,100,486964.2586683,2232288.5690821,
1715671530.621185,2863219,10219,4,TX,1,100,486964.9085464,2232289.2189602,
1715671531.153713,2863727,10303,4,TX,1,100,486965.4251663,2232289.7355703,
1715671531.909524,2864448,10423,4,TX,1,100,486966.1753512,2232290.4857552,
1715671532.555265,2865064,10527,4,TX,1,100,486966.7586433,2232291.0690473,
1715671533.197862,2865677,10634,4,TX,1,100,486967.4752406,2232291.7856497,
1715671533.841507,2866291,10733,4,TX,1,100,486968.0586689,2232292.3690780,
1715671534.487249,2866907,10835,4,TX,1,100,486968.7586603,2232293.0690694,
1715671535.758815,2868120,11040,4,TX,1,100,486969.9918012,2232294.3022083,
1715671536.287149,2868624,11125,4,TX,1,100,486970.5754392,2232294.8858463,
1715671537.028284,2869331,11244,4,TX,1,100,486971.3086716,2232295.6190761,
1715671537.663543,2869937,11350,4,TX,1,100,486971.8085635,2232296.1189680,
1715671538.330250,2870573,11440,4,TX,1,100,486972.5586819,2232296.8690864,
1715671538.882694,2871100,11528,4,TX,1,100,486973.1419434,2232297.4523479,
1715671539.618588,2871802,11648,4,TX,1,100,486973.8587142,2232298.1690845,
1715671540.133295,2872293,11733,4,TX,1,100,486974.3586588,2232298.6690291,
1715671540.921602,2873045,11853,4,TX,1,100,486975.2084706,2232299.5188577,
1715671541.552668,2873647,11956,4,TX,1,100,486975.7253232,2232300.0357103,
1715671542.193168,2874258,12060,4,TX,1,100,486976.4085248,2232300.7189118,
1715671542.622964,2874668,12130,4,TX,1,100,486976.9087987,2232301.2191858,
1715671543.500376,2875505,12273,4,TX,1,100,486977.7587336,2232302.0691026,
1715671544.158697,2876133,12375,4,TX,1,100,486978.3587590,2232302.6691280,
1715671544.693321,2876643,12462,4,TX,1,100,486978.9753255,2232303.2856945,
1715671545.304469,2877226,12566,4,TX,1,100,486979.5253055,2232303.8356837,
1715671546.092777,2877978,12685,4,TX,1,100,486980.3585804,2232304.6689586,
1715671546.614821,2878476,12770,4,TX,1,100,486980.8588647,2232305.1692429,
1715671547.343377,2879171,12892,4,TX,1,100,486981.5919255,2232305.9023044,
1715671547.892677,2879695,12978,4,TX,1,100,486982.1754118,2232306.4857907,
1715671548.792103,2880553,13118,4,TX,1,100,486982.9087808,2232307.2191597,
1715671550.086731,2881788,13323,4,TX,1,100,486984.1587503,2232308.4690797,
1715671550.392829,2882080,13376,4,TX,1,100,486984.6754766,2232308.9858060,
1715671551.158075,2882810,13495,4,TX,1,100,486985.4254195,2232309.7357526,
1715671551.771319,2883395,13599,4,TX,1,100,486985.9420704,2232310.2524035,
1715671552.541807,2884130,13720,4,TX,1,100,486986.6930292,2232311.0033623,
1715671553.002002,2884569,13790,4,TX,1,100,486987.2589343,2232311.5692591,
1715671553.840628,2885369,13928,4,TX,1,100,486988.0254289,2232312.3357538,
1715671554.299775,2885807,14002,4,TX,1,100,486988.5254105,2232312.8357353,
1715671555.044055,2886517,14122,4,TX,1,100,486989.2754811,2232313.5857954,
1715671555.673024,2887117,14224,4,TX,1,100,486989.8420664,2232314.1523807,
1715671556.296752,2887712,14326,4,TX,1,100,486990.5588041,2232314.8691184,
1715671556.960315,2888345,14428,4,TX,1,100,486991.1587770,2232315.4690913,
1715671557.592428,2888948,14532,4,TX,1,100,486991.8420576,2232316.1523684,
1715671558.225591,2889552,14636,4,TX,1,100,486992.3754891,2232316.6857999,
1715671559.097761,2890384,14769,4,TX,1,100,486993.1920672,2232317.5023780,
1715671559.550619,2890816,14843,4,TX,1,100,486993.7426398,2232318.0529299,
1715671560.192168,2891428,14945,4,TX,1,100,486994.4593804,2232318.7696706,
1715671560.748805,2891959,15032,4,TX,1,100,486994.9922965,2232319.3025866,
1715671561.493085,2892669,15152,4,TX,1,100,486995.7588478,2232320.0691480,
1715671562.114716,2893262,15258,4,TX,1,100,486996.3426414,2232320.6529416,
1715671562.742637,2893861,15359,4,TX,1,100,486996.9755932,2232321.2858933,
1715671563.261537,2894356,15446,4,TX,1,100,486997.5092822,2232321.8195739,
1715671564.051941,2895110,15566,4,TX,1,100,486998.2932762,2232322.6035680,
1715671564.585516,2895619,15651,4,TX,1,100,486998.8259255,2232323.1362173,
1715671565.333990,2896333,15777,4,TX,1,100,486999.5589682,2232323.8692292,
1715671565.883289,2896857,15862,4,TX,1,100,487000.0922053,2232324.4024663,
1715671566.621280,2897561,15983,4,TX,1,100,487000.8260077,2232325.1362687,
1715671567.142276,2898058,16072,4,TX,1,100,487001.3756341,2232325.6859143,
1715671567.926391,2898806,16189,4,TX,1,100,487002.1587936,2232326.4690738,
1715671568.559553,2899410,16293,4,TX,1,100,487002.7427313,2232327.0530115,
1715671569.289157,2900106,16413,4,TX,1,100,487003.4590415,2232327.7692858,
1715671569.835312,2900627,16481,4,TX,1,100,487004.0423177,2232328.3525620,
1715671570.427591,2901192,16574,4,TX,1,100,487004.7091133,2232329.0193576,
1715671571.056560,2901792,16678,4,TX,1,100,487005.2591700,2232329.5694032,
1715671571.783020,2902485,16795,4,TX,1,100,487005.9922959,2232330.3025291,
1715671572.319740,2902997,16885,4,TX,1,100,487006.5757582,2232330.8859914,
1715671572.994833,2903641,16986,4,TX,1,100,487007.2756858,2232331.5859193,
1715671573.624851,2904242,17088,4,TX,1,100,487007.7756438,2232332.0858774,
1715671574.269544,2904857,17192,4,TX,1,100,487008.5256549,2232332.8358884,
1715671574.894320,2905453,17296,4,TX,1,100,487009.1095086,2232333.4197421,
1715671575.527482,2906057,17397,4,TX,1,100,487009.8090164,2232334.1192262,
1715671576.079927,2906584,17489,4,TX,1,100,487010.3424548,2232334.6526646,
1715671576.921697,2907387,17623,4,TX,1,100,487011.1256876,2232335.4358975,
1715671577.447935,2907889,17712,4,TX,1,100,487011.6592140,2232335.9694099,
1715671578.098917,2908510,17816,4,TX,1,100,487012.3757149,2232336.6859108,
1715671578.733128,2909115,17918,4,TX,1,100,487012.9429109,2232337.2531068,
1715671579.465877,2909814,18037,4,TX,1,100,487013.7256539,2232338.0358758,
1715671580.115812,2910434,18138,4,TX,1,100,487014.3257828,2232338.6360047,
1715671580.737443,2911027,18240,4,TX,1,100,487014.9591179,2232339.2693398,
1715671581.294080,2911558,18314,4,TX,1,100,487015.5090706,2232339.8192667,
1715671582.903193,2913093,18570,4,TX,1,100,487016.2424088,2232340.5526049,
1715671582.918917,2913108,18573,4,TX,1,100,487016.8173216,2232341.1275177,
1715671583.238643,2913413,18624,4,TX,1,100,487017.4927220,2232341.8028984,
1715671583.865516,2914011,18728,4,TX,1,100,487018.0757443,2232342.3859207,
1715671584.613989,2914725,18849,4,TX,1,100,487018.8757019,2232343.1858783,
1715671585.139178,2915226,18934,4,TX,1,100,487019.3925814,2232343.7027715,
1715671585.883458,2915936,19051,4,TX,1,100,487020.1091435,2232344.4193336,
1715671586.399213,2916428,19135,4,TX,1,100,487020.6423924,2232344.9525825,
1715671587.108900,2917105,19244,4,TX,1,100,487021.3761525,2232345.6863077,
1715671587.725290,2917693,19346,4,TX,1,100,487021.9762880,2232346.2864432,
1715671588.402480,2918339,19451,4,TX,1,100,487022.6590930,2232346.9692482,
1715671588.924524,2918837,19538,4,TX,1,100,487023.1592157,2232347.4693708,
1715671589.745329,2919620,19671,4,TX,1,100,487023.9592020,2232348.2693674,
1715671590.288339,2920138,19756,4,TX,1,100,487024.4923619,2232348.8025273,
1715671590.977060,2920795,19859,4,TX,1,100,487025.2426410,2232349.5527686,
1715671591.536842,2921329,19945,4,TX,1,100,487025.7925490,2232350.1026767,
1715671592.238143,2921998,20057,4,TX,1,100,487026.5091661,2232350.8192937,
1715671592.863967,2922595,20159,4,TX,1,100,487027.1091828,2232351.4193105,
1715671593.605102,2923302,20275,4,TX,1,100,487027.7924346,2232352.1025522,
1715671594.151257,2923823,20361,4,TX,1,100,487028.3599287,2232352.6700463,
1715671594.879813,2924518,20479,4,TX,1,100,487029.0595091,2232353.3696267,
1715671595.397664,2925012,20564,4,TX,1,100,487029.6091807,2232353.9193487,
1715671596.262497,2925837,20700,4,TX,1,100,487030.4093350,2232354.7195030,
1715671596.806555,2926356,20786,4,TX,1,100,487031.0092006,2232355.3193686,
1715671597.956520,2927453,20978,4,TX,1,100,487031.6091253,2232355.9192630,
1715671597.971196,2927467,20981,4,TX,1,100,487032.1426415,2232356.4527792,
1715671598.699752,2928162,21100,4,TX,1,100,487032.9258855,2232357.2360232,
1715671599.228086,2928666,21189,4,TX,1,100,487033.4759243,2232357.7860464,
1715671599.989139,2929392,21305,4,TX,1,100,487034.2259764,2232358.5360986,
1715671600.609721,2929984,21407,4,TX,1,100,487034.8263582,2232359.1364804,
1715671601.265946,2930610,21495,4,TX,1,100,487035.5093747,2232359.8194623,
1715671601.880239,2931196,21596,4,TX,1,100,487036.0426447,2232360.3527323,
1715671602.549043,2931834,21701,4,TX,1,100,487036.7925275,2232361.1026151,
1715671603.194784,2932450,21793,4,TX,1,100,487037.3926353,2232361.7027209,
1715671603.843671,2933069,21897,4,TX,1,100,487038.0759016,2232362.3859872,
1715671604.401357,2933601,21982,4,TX,1,100,487038.6759839,2232362.9860695,
1715671605.040809,2934211,22086,4,TX,1,100,487039.3094266,2232363.6195107,
1715671605.679212,2934820,22190,4,TX,1,100,487039.8760196,2232364.1861037,
1715671606.392044,2935500,22307,4,TX,1,100,487040.6425762,2232364.9526603,
1715671607.694010,2936742,22513,4,TX,1,100,487041.9094641,2232366.2195221,
1715671608.213958,2937238,22589,4,TX,1,100,487042.4594536,2232366.7695116,
1715671609.057825,2938043,22724,4,TX,1,100,487043.2594594,2232367.5695190,
1715671609.614462,2938574,22812,4,TX,1,100,487043.8594583,2232368.1695179,
1715671610.248673,2939179,22916,4,TX,1,100,487044.4760130,2232368.7860726,
1715671610.781200,2939687,23001,4,TX,1,100,487045.0428322,2232369.3528918,
1715671611.556929,2940427,23122,4,TX,1,100,487045.8092631,2232370.1193068,
1715671612.194284,2941035,23228,4,TX,1,100,487046.4093826,2232370.7194263,
1715671612.913405,2941721,23346,4,TX,1,100,487047.0595495,2232371.3695932,
1715671613.422870,2942207,23422,4,TX,1,100,487047.6427421,2232371.9527823,
1715671614.715402,2943440,23627,4,TX,1,100,487048.3761245,2232372.6861647,
1715671614.733222,2943457,23630,4,TX,1,100,487048.8926281,2232373.2026683,
1715671615.447103,2944138,23750,4,TX,1,100,487049.6759366,2232373.9859889,
1715671616.104375,2944765,23851,4,TX,1,100,487050.2262184,2232374.5362707,
1715671616.641095,2945277,23937,4,TX,1,100,487050.8760534,2232375.1861057,
1715671617.167333,2945779,24025,4,TX,1,100,487051.4094638,2232375.7194986,
1715671618.016441,2946589,24162,4,TX,1,100,487052.2427950,2232376.5528298,
1715671618.644362,2947188,24264,4,TX,1,100,487052.7929387,2232377.1029735,
1715671619.311069,2947824,24372,4,TX,1,100,487053.5260096,2232377.8360195,
1715671619.853031,2948341,24456,4,TX,1,100,487054.0764924,2232378.3865023,
1715671620.487242,2948946,24560,4,TX,1,100,487054.7095674,2232379.0195773,
1715671621.798642,2950197,24764,4,TX,1,100,487056.0427802,2232380.3527798,
1715671622.416080,2950786,24867,4,TX,1,100,487056.6262789,2232380.9362785,
1715671623.045049,2951386,24969,4,TX,1,100,487057.2929153,2232381.6029390,
1715671623.579673,2951896,25055,4,TX,1,100,487057.8095440,2232382.1195677,
1715671624.357498,2952638,25180,4,TX,1,100,487058.5928638,2232382.9028875,
1715671624.997998,2953249,25282,4,TX,1,100,487059.1604913,2232383.4705150,
1715671625.741230,2953958,25403,4,TX,1,100,487059.8930912,2232384.2031222,
1715671626.316737,2954507,25490,4,TX,1,100,487060.4596217,2232384.7696527,
1715671626.939416,2955101,25591,4,TX,1,100,487061.1261395,2232385.4361705,
1715671627.465654,2955603,25679,4,TX,1,100,487061.7100596,2232386.0200360,
1715671628.253962,2956355,25798,4,TX,1,100,487062.4427551,2232386.7527315,
1715671629.599955,2957639,26005,4,TX,1,100,487063.7264344,2232388.0364035,
1715671630.029751,2958049,26077,4,TX,1,100,487064.2429512,2232388.5529203,
1715671630.821204,2958804,26197,4,TX,1,100,487065.0261904,2232389.3361596,
1715671631.334862,2959294,26283,4,TX,1,100,487065.5762616,2232389.8862480,
1715671632.201791,2960121,26405,4,TX,1,100,487066.2931334,2232390.6031197,
1715671633.279425,2961149,26574,4,TX,1,100,487067.5430292,2232391.8529839,
1715671633.809855,2961655,26662,4,TX,1,100,487068.0763325,2232392.3862872,
1715671634.646384,2962453,26797,4,TX,1,100,487068.9101054,2232393.2200601,
1715671635.217698,2962998,26889,4,TX,1,100,487069.4267758,2232393.7367172,
1715671636.006006,2963750,27008,4,TX,1,100,487070.1096549,2232394.4195963,
1715671636.445236,2964169,27079,4,TX,1,100,487070.6266038,2232394.9365452,
1715671637.277571,2964963,27215,4,TX,1,100,487071.4928592,2232395.8028064,
1715671637.816388,2965477,27303,4,TX,1,100,487072.0763690,2232396.3863162,
1715671638.450599,2966082,27405,4,TX,1,100,487072.7097111,2232397.0196583,
1715671638.985223,2966592,27491,4,TX,1,100,487073.2430829,2232397.5529994,
1715671639.840621,2967408,27625,4,TX,1,100,487074.0096530,2232398.3195695,
1715671640.384679,2967927,27717,4,TX,1,100,487074.6096377,2232398.9195542,
1715671641.110090,2968619,27836,4,TX,1,100,487075.2763305,2232399.5862570,
1715671641.570286,2969058,27907,4,TX,1,100,487075.7930676,2232400.1029941,
1715671642.400525,2969850,28046,4,TX,1,100,487076.5596217,2232400.8695483,
1715671642.850238,2970279,28115,4,TX,1,100,487077.1098248,2232401.4197513,
1715671643.621773,2971015,28235,4,TX,1,100,487077.8598532,2232402.1697580,
1715671644.236066,2971601,28337,4,TX,1,100,487078.4599225,2232402.7698273,
1715671644.886001,2972221,28439,4,TX,1,100,487079.1431901,2232403.4530949,
1715671645.505536,2972812,28543,4,TX,1,100,487079.6435617,2232403.9534507,
1715671646.181677,2973457,28633,4,TX,1,100,487080.3764127,2232404.6863017,
1715671646.720494,2973971,28719,4,TX,1,100,487080.9098406,2232405.2197296,
1715671647.558071,2974770,28857,4,TX,1,100,487081.7599302,2232406.0698221,
1715671648.094792,2975282,28945,4,TX,1,100,487082.2934209,2232406.6033128,
1715671648.851651,2976004,29062,4,TX,1,100,487083.0264226,2232407.3363145,
1715671649.376840,2976505,29149,4,TX,1,100,487083.5597688,2232407.8696909,
1715671650.104348,2977199,29268,4,TX,1,100,487084.3266696,2232408.6365917,
1715671650.973374,2978028,29403,4,TX,1,100,487084.8764698,2232409.1863919,
1715671651.400024,2978435,29478,4,TX,1,100,487085.6097498,2232409.9196084,
1715671651.945131,2978955,29561,4,TX,1,100,487086.1265368,2232410.4363955,
1715671652.586679,2979567,29667,4,TX,1,100,487086.7932327,2232411.1030913,
1715671653.155896,2980110,29753,4,TX,1,100,487087.3932013,2232411.7030715,
1715671653.921142,2980840,29874,4,TX,1,100,487088.1764971,2232412.4863674,
1715671654.530194,2981421,29977,4,TX,1,100,487088.6935309,2232413.0034012,
1715671655.189563,2982050,30080,4,TX,1,100,487089.3941642,2232413.7040149,
1715671656.019802,2982842,30215,4,TX,1,100,487089.8933060,2232414.2031567,
1715671656.492577,2983293,30291,4,TX,1,100,487090.7431568,2232415.0530075,
1715671657.105822,2983878,30394,4,TX,1,100,487091.2935484,2232415.6033839,
1715671657.737936,2984481,30498,4,TX,1,100,487091.9765864,2232416.2864219,
1715671658.393112,2985106,30600,4,TX,1,100,487092.5766116,2232416.8864471,
1715671659.126909,2985806,30719,4,TX,1,100,487093.2431501,2232417.5530228,
1715671659.553560,2986213,30789,4,TX,1,100,487093.7931462,2232418.1030189,
1715671660.406862,2987027,30925,4,TX,1,100,487094.5932027,2232418.9030754,
1715671660.855526,2987455,30995,4,TX,1,100,487095.0936474,2232419.4035201,
1715671661.589324,2988155,31113,4,TX,1,100,487095.8432095,2232420.1530502,
1715671662.919593,2989424,31307,4,TX,1,100,487097.0766761,2232421.3865168,
1715671663.464700,2989944,31395,4,TX,1,100,487097.6600314,2232421.9698779,
1715671664.208980,2990654,31515,4,TX,1,100,487098.3932451,2232422.7030916,
1715671664.844239,2991260,31615,4,TX,1,100,487098.9936230,2232423.3034695,
1715671665.479497,2991866,31719,4,TX,1,100,487099.6598750,2232423.9697007,
1715671666.024604,2992386,31807,4,TX,1,100,487100.2266671,2232424.5364929,
1715671666.758401,2993086,31925,4,TX,1,100,487100.9932294,2232425.3030552,
1715671667.409384,2993707,32036,4,TX,1,100,487101.5932531,2232425.9030841,
1715671668.175678,2994438,32153,4,TX,1,100,487102.2933593,2232426.6031903,
1715671668.612812,2994855,32223,4,TX,1,100,487102.8267110,2232427.1365420,
1715671669.340319,2995549,32344,4,TX,1,100,487103.5439811,2232427.8537805,
1715671669.884378,2996068,32429,4,TX,1,100,487104.0766861,2232428.3864855,
1715671670.520685,2996675,32533,4,TX,1,100,487104.7766214,2232429.0864208,
1715671672.000859,2998087,32772,4,TX,1,100,487105.3266580,2232429.6364441,
1715671672.424365,2998491,32840,4,TX,1,100,487106.1435902,2232430.4533764,
1715671672.572172,2998632,32848,4,TX,1,100,487106.6937572,2232431.0035433,
1715671673.156065,2999189,32938,4,TX,1,100,487107.3600007,2232431.6697859,
1715671673.797614,2999801,33040,4,TX,1,100,487107.8937495,2232432.2035347,
1715671674.460128,3000433,33140,4,TX,1,100,487108.7099867,2232433.0197719,
1715671675.320767,3001254,33279,4,TX,1,100,487109.2107107,2232433.5204959,
1715671675.753708,3001667,33348,4,TX,1,100,487110.0100008,2232434.3197605,
1715671676.287283,3002176,33433,4,TX,1,100,487110.5266306,2232434.8363903,
1715671677.027370,3002882,33556,4,TX,1,100,487111.2765848,2232435.5863653,
1715671677.656339,3003482,33660,4,TX,1,100,487111.8766777,2232436.1864582,
1715671678.373364,3004166,33766,4,TX,1,100,487112.5100996,2232436.8198802,
1715671678.798966,3004572,33836,4,TX,1,100,487113.0434514,2232437.3532320,
1715671679.980380,3005699,34021,4,TX,1,100,487113.7600647,2232438.0698185,
1715671680.934316,3006609,34174,4,TX,1,100,487115.1266462,2232439.4364000,
1715671681.451119,3007102,34259,4,TX,1,100,487115.6268725,2232439.9366319,
1715671682.191206,3007808,34382,4,TX,1,100,487116.4266875,2232440.7364468,
1715671682.745747,3008337,34470,4,TX,1,100,487116.9601551,2232441.2699145,
1715671683.523572,3009079,34579,4,TX,1,100,487117.6268133,2232441.9365272,
1715671684.285673,3009806,34697,4,TX,1,100,487118.1935515,2232442.5032654,
1715671684.693455,3010195,34769,4,TX,1,100,487118.9101375,2232443.2198514,
1715671685.320328,3010793,34872,4,TX,1,100,487119.5101139,2232443.8198512,
1715671686.017435,3011458,34975,4,TX,1,100,487120.2269211,2232444.5366584,
1715671686.655839,3012067,35078,4,TX,1,100,487120.7934796,2232445.1032169,
1715671687.274325,3012657,35181,4,TX,1,100,487121.4601999,2232445.7699235,
1715671687.802659,3013161,35269,4,TX,1,100,487121.9935705,2232446.3032941,
1715671688.925369,3014232,35425,4,TX,1,100,487122.7938280,2232447.1035515,
1715671689.151798,3014448,35462,4,TX,1,100,487123.3268036,2232447.6365361,
1715671689.914947,3015176,35581,4,TX,1,100,487124.1267501,2232448.4364826,
1715671690.767200,3015989,35718,4,TX,1,100,487124.6269227,2232448.9366552,
1715671691.279810,3016478,35805,4,TX,1,100,487125.3938670,2232449.7035897,
1715671691.745247,3016922,35874,4,TX,1,100,487125.9768825,2232450.2866052,
1715671692.468561,3017612,35994,4,TX,1,100,487126.6603193,2232450.9700420,
1715671693.010523,3018129,36080,4,TX,1,100,487127.1940441,2232451.5037668,
1715671693.750610,3018835,36197,4,TX,1,100,487127.9935510,2232452.3032485,
1715671694.461345,3019513,36261,4,TX,1,100,487128.5769824,2232452.8866798,
1715671695.030562,3020056,36348,4,TX,1,100,487129.2602018,2232453.5698825,
1715671695.587200,3020587,36433,4,TX,1,100,487129.8438329,2232454.1535136,
1715671696.350349,3021315,36557,4,TX,1,100,487130.5436459,2232454.8533266,
1715671696.865055,3021806,36643,4,TX,1,100,487131.1103599,2232455.4200406,
1715671697.614577,3022521,36766,4,TX,1,100,487131.7936804,2232456.1033456,
1715671698.236208,3023114,36865,4,TX,1,100,487132.3603303,2232456.6699955,
1715671698.872515,3023721,36969,4,TX,1,100,487133.0770326,2232457.3866978,
1715671699.421815,3024245,37057,4,TX,1,100,487133.6603248,2232457.9699808,
1715671700.137791,3024928,37166,4,TX,1,100,487134.3436708,2232458.6533268,
1715671700.688139,3025453,37253,4,TX,1,100,487134.8942452,2232459.2039012,
1715671701.533054,3026259,37386,4,TX,1,100,487135.6942221,2232460.0038952,
1715671701.969140,3026675,37457,4,TX,1,100,487136.2102849,2232460.5199580,
1715671702.714468,3027386,37580,4,TX,1,100,487136.9769313,2232461.2866044,
1715671703.331906,3027975,37684,4,TX,1,100,487137.5269774,2232461.8366153,
1715671703.968213,3028582,37786,4,TX,1,100,487138.2102333,2232462.5198712,
1715671704.613955,3029198,37888,4,TX,1,100,487138.8103460,2232463.1199839,
1715671705.249213,3029804,37977,4,TX,1,100,487139.4938409,2232463.8034706,
1715671705.870845,3030397,38081,4,TX,1,100,487140.0275095,2232464.3371392,
1715671706.514490,3031011,38181,4,TX,1,100,487140.7771087,2232465.0867384,
1715671707.143459,3031611,38286,4,TX,1,100,487141.3438198,2232465.6534410,
1715671707.783959,3032222,38388,4,TX,1,100,487142.0436558,2232466.3532769,
1715671708.408735,3032818,38492,4,TX,1,100,487142.5936783,2232466.9032995,
1715671709.151967,3033527,38611,4,TX,1,100,487143.3771249,2232467.6867535,
1715671710.444498,3034760,38802,4,TX,1,100,487144.6604101,2232468.9700387,
1715671711.029439,3035318,38888,4,TX,1,100,487145.1938342,2232469.5034628,
1715671711.716064,3035973,38992,4,TX,1,100,487145.9603461,2232470.2699902,
1715671712.247543,3036480,39080,4,TX,1,100,487146.5105044,2232470.8201485,
1715671712.989726,3037188,39200,4,TX,1,100,487147.1603207,2232471.4699648,
1715671713.633371,3037802,39304,4,TX,1,100,487147.7270333,2232472.0366383,
1715671714.369265,3038504,39421,4,TX,1,100,487148.5271211,2232472.8367262,
1715671714.782288,3038898,39492,4,TX,1,100,487149.0438717,2232473.3534767,
1715671716.063289,3040120,39682,4,TX,1,100,487149.7604559,2232474.0700517,
1715671716.813859,3040836,39802,4,TX,1,100,487151.0604028,2232475.3699985,
1715671717.342192,3041340,39890,4,TX,1,100,487151.5771234,2232475.8867300,
1715671718.085424,3042049,40008,4,TX,1,100,487152.3105551,2232476.6201617,
1715671718.544572,3042487,40081,4,TX,1,100,487152.8103715,2232477.1199781,
1715671719.386342,3043290,40215,4,TX,1,100,487153.6104791,2232477.9200575,
1715671720.033132,3043907,40318,4,TX,1,100,487154.1938788,2232478.5034572,
1715671720.771122,3044611,40439,4,TX,1,100,487154.8938761,2232479.2034545,
1715671721.513306,3045319,40531,4,TX,1,100,487155.4942281,2232479.8038254,
1715671721.928426,3045715,40604,4,TX,1,100,487156.1604540,2232480.4700513,
1715671722.458856,3046221,40689,4,TX,1,100,487156.6942759,2232481.0038732,
1715671723.214667,3046942,40810,4,TX,1,100,487157.4438021,2232481.7533636,
1715671723.855167,3047553,40913,4,TX,1,100,487158.0272761,2232482.3368376,
1715671724.528164,3048195,41015,4,TX,1,100,487158.7271229,2232483.0366844,
1715671725.117299,3048757,41085,4,TX,1,100,487159.2773255,2232483.5868742,
1715671725.754654,3049365,41189,4,TX,1,100,487159.9773026,2232484.2868513,
1715671727.145724,3050692,41384,4,TX,1,100,487161.2941178,2232485.6036643,
1715671727.588099,3051114,41457,4,TX,1,100,487161.8272723,2232486.1368189,
1715671728.430918,3051918,41590,4,TX,1,100,487162.6439540,2232486.9535005,
1715671729.077708,3052535,41678,4,TX,1,100,487163.1445832,2232487.4541297,
1715671729.643780,3053075,41766,4,TX,1,100,487163.9106597,2232488.2202019,
1715671730.262266,3053665,41868,4,TX,1,100,487164.4439596,2232488.7535018,
1715671731.006546,3054375,41987,4,TX,1,100,487165.1776245,2232489.4871667,
1715671731.504480,3054850,42054,4,TX,1,100,487165.6772980,2232489.9868421,
1715671732.299078,3055608,42169,4,TX,1,100,487166.4940592,2232490.8036033,
1715671732.809591,3056095,42255,4,TX,1,100,487167.0772869,2232491.3868310,
1715671733.525567,3056778,42358,4,TX,1,100,487167.7272324,2232492.0367686,
1715671734.053901,3057282,42444,4,TX,1,100,487168.2606031,2232492.5701393,
1715671734.784554,3057979,42564,4,TX,1,100,487168.9939272,2232493.3034634,
1715671735.294019,3058465,42633,4,TX,1,100,487169.4944237,2232493.8039461,
1715671736.054023,3059190,42752,4,TX,1,100,487170.2943095,2232494.6038320,
1715671736.591792,3059703,42838,4,TX,1,100,487170.8440012,2232495.1535237,
1715671737.429369,3060502,42948,4,TX,1,100,487171.5273246,2232495.8368230,
1715671737.809895,3060865,43002,4,TX,1,100,487172.0774158,2232496.3869142,
1715671738.668438,3061684,43138,4,TX,1,100,487172.8440420,2232497.1535405,
1715671739.292166,3062279,43242,4,TX,1,100,487173.4106610,2232497.7201692,
1715671740.214654,3063159,43294,4,TX,1,100,487174.0941713,2232498.4036795,
1715671740.514462,3063445,43318,4,TX,1,100,487174.6274887,2232498.9369969,
1715671741.217859,3064116,43421,4,TX,1,100,487175.4608171,2232499.7702987,
1715671742.171796,3065026,43575,4,TX,1,100,487176.0107567,2232500.3202382,
1715671742.601591,3065436,43648,4,TX,1,100,487176.7441935,2232501.0536750,
1715671743.017759,3065833,43704,4,TX,1,100,487177.2443700,2232501.5538516,
1715671743.779860,3066560,43823,4,TX,1,100,487178.0441085,2232502.3535917,
1715671745.027316,3067750,44026,4,TX,1,100,487179.2608680,2232503.5703377,
1715671745.572422,3068270,44113,4,TX,1,100,487179.7774863,2232504.0869560,
1715671746.312509,3068976,44233,4,TX,1,100,487180.5607185,2232504.8701882,
1715671746.838747,3069478,44320,4,TX,1,100,487181.0775168,2232505.3869865,
1715671748.025402,3070610,44503,4,TX,1,100,487181.7941046,2232506.1035601,
1715671748.049512,3070633,44506,4,TX,1,100,487182.3116503,2232506.6211058,
1715671748.857737,3071404,44618,4,TX,1,100,487183.0774835,2232507.3869389,
1715671749.315836,3071841,44688,4,TX,1,100,487183.5775550,2232507.8869947,
1715671750.180669,3072666,44823,4,TX,1,100,487184.4274713,2232508.7369110,
1715671750.719486,3073180,44909,4,TX,1,100,487184.9775515,2232509.2869912,
1715671751.449090,3073876,45029,4,TX,1,100,487185.6607849,2232509.9702084,
1715671751.990003,3074392,45116,4,TX,1,100,487186.1941656,2232510.5035891,
1715671752.826532,3075190,45251,4,TX,1,100,487186.9941481,2232511.3035716,
1715671753.380025,3075718,45338,4,TX,1,100,487187.5942398,2232511.9036606,
1715671754.015284,3076324,45430,4,TX,1,100,487188.2440969,2232512.5535177,
1715671754.667315,3076946,45532,4,TX,1,100,487188.8442880,2232513.1537089,
1715671755.384340,3077630,45654,4,TX,1,100,487189.5775803,2232513.8870037,
1715671755.946219,3078166,45740,4,TX,1,100,487190.1609484,2232514.4703718,
1715671756.676872,3078863,45858,4,TX,1,100,487190.8775537,2232515.1869771,
1715671757.303744,3079461,45962,4,TX,1,100,487191.4775661,2232515.7869752,
1715671757.879251,3080010,46050,4,TX,1,100,487192.1442255,2232516.4536346,
1715671758.469433,3080573,46122,4,TX,1,100,487192.6608671,2232516.9702762,
1715671759.244114,3081312,46226,4,TX,1,100,487193.3612135,2232517.6706248,
1715671759.657137,3081706,46296,4,TX,1,100,487193.8775692,2232518.1869805,
1715671760.472700,3082484,46416,4,TX,1,100,487194.6609433,2232518.9703546,
1715671761.012565,3082999,46504,4,TX,1,100,487195.2609601,2232519.5703714,
1715671761.744266,3083697,46621,4,TX,1,100,487195.9609583,2232520.2703570,
1715671762.291469,3084219,46692,4,TX,1,100,487196.4948280,2232520.8042267,
1715671763.043087,3084936,46813,4,TX,1,100,487197.2948250,2232521.6041949,
1715671763.683587,3085547,46915,4,TX,1,100,487197.8108911,2232522.1202610,
1715671764.306267,3086141,47002,4,TX,1,100,487198.4775317,2232522.7869016,
1715671764.844035,3086654,47078,4,TX,1,100,487199.0613867,2232523.3707566,
1715671765.578881,3087355,47195,4,TX,1,100,487199.8443027,2232524.1536576,
1715671766.241395,3087987,47279,4,TX,1,100,487200.3953964,2232524.7047512,
1715671766.900764,3088616,47386,4,TX,1,100,487201.1276252,2232525.4369800,
1715671768.277158,3089929,47589,4,TX,1,100,487202.3776749,2232526.6870298,
1715671768.700664,3090333,47659,4,TX,1,100,487202.8776914,2232527.1870463,
1715671769.443896,3091042,47778,4,TX,1,100,487203.6610273,2232527.9703562,
1715671770.009968,3091582,47854,4,TX,1,100,487204.2444235,2232528.5537524,
1715671770.714413,3092254,47958,4,TX,1,100,487204.9276638,2232529.2369927,
1715671771.249037,3092764,48045,4,TX,1,100,487205.5110836,2232529.8204170,
1715671772.031055,3093510,48166,4,TX,1,100,487206.2444205,2232530.5537539,
1715671772.926288,3094364,48221,4,TX,1,100,487206.8277947,2232531.1371281,
1715671773.686292,3095089,48313,4,TX,1,100,487207.5610484,2232531.8704394,
1715671773.892804,3095286,48349,4,TX,1,100,487208.1276291,2232532.4370200,
1715671774.517580,3095882,48451,4,TX,1,100,487208.7776285,2232533.0870195,
1715671775.052204,3096392,48538,4,TX,1,100,487209.3110650,2232533.6204267,
1715671775.907602,3097208,48658,4,TX,1,100,487210.0949053,2232534.4042670,
1715671776.436984,3097713,48743,4,TX,1,100,487210.6777612,2232534.9871229,
1715671777.180216,3098422,48864,4,TX,1,100,487211.3778454,2232535.6871456,
1715671777.721129,3098938,48951,4,TX,1,100,487211.9610727,2232536.2703729,
1715671778.997936,3100156,49154,4,TX,1,100,487212.6777708,2232536.9870710,
1715671779.012612,3100170,49157,4,TX,1,100,487213.2283720,2232537.5376722,
1715671779.731734,3100856,49277,4,TX,1,100,487213.9444115,2232538.2536987,
1715671780.282082,3101381,49363,4,TX,1,100,487214.4947890,2232538.8040763,
1715671781.047327,3102111,49471,4,TX,1,100,487215.2445365,2232539.5538238,
1715671781.588241,3102627,49558,4,TX,1,100,487215.8445850,2232540.1538645,
1715671782.323086,3103328,49679,4,TX,1,100,487216.5779634,2232540.8872429,
1715671782.989794,3103964,49783,4,TX,1,100,487217.1612706,2232541.4705502,
1715671783.284361,3104245,49834,4,TX,1,100,487217.4810153,2232541.7903101,
1715671887.366167,3203533,291,4,TX,1,100,487321.5962698,2232645.9050887,
1715671888.674423,3204781,499,4,TX,1,100,487322.9289199,2232647.2377388,
1715671889.214288,3205296,583,4,TX,1,100,487323.4623596,2232647.7711579,
1715671889.988968,3206035,703,4,TX,1,100,487324.2457230,2232648.5545213,
1715671890.499481,3206522,787,4,TX,1,100,487324.7457570,2232649.0545553,
1715671891.273113,3207260,906,4,TX,1,100,487325.5293323,2232649.8381276,
1715671892.978668,3208887,1161,4,TX,1,100,487326.7955903,2232651.1043856,
1715671893.187276,3209086,1199,4,TX,1,100,487327.3290014,2232651.6378042,
1715671893.860273,3209728,1306,4,TX,1,100,487328.0790003,2232652.3878031,
1715671894.393848,3210237,1393,4,TX,1,100,487328.6292203,2232652.9380231,
1715671895.072086,3210884,1496,4,TX,1,100,487329.3289738,2232653.6377503,
1715671895.604614,3211392,1583,4,TX,1,100,487329.8624033,2232654.1711799,
1715671896.367763,3212120,1704,4,TX,1,100,487330.6460490,2232654.9548255,
1715671896.900290,3212628,1790,4,TX,1,100,487331.1791310,2232655.4879075,
1715671897.878337,3213561,1943,4,TX,1,100,487332.1289096,2232656.4376874,
1715671899.105875,3214732,2133,4,TX,1,100,487333.3624162,2232657.6711739,
1715671899.745327,3215342,2236,4,TX,1,100,487333.8789775,2232658.1877352,
1715671900.398407,3215965,2338,4,TX,1,100,487334.6794798,2232658.9882376,
1715671901.046245,3216583,2442,4,TX,1,100,487335.2625125,2232659.5712702,
1715671901.664731,3217173,2548,4,TX,1,100,487335.9458492,2232660.2545945,
1715671902.206692,3217690,2632,4,TX,1,100,487336.4791322,2232660.7878775,
1715671902.938393,3218388,2752,4,TX,1,100,487337.1790964,2232661.4878417,
1715671904.376636,3219760,2960,4,TX,1,100,487338.4965112,2232662.8052506,
1715671904.823204,3220186,3030,4,TX,1,100,487338.9958670,2232663.3046064,
1715671905.654491,3220979,3166,4,TX,1,100,487339.7957635,2232664.1045303,
1715671906.097915,3221402,3236,4,TX,1,100,487340.3289979,2232664.6377647,
1715671906.832760,3222103,3359,4,TX,1,100,487341.0790360,2232665.3878028,
1715671907.369481,3222615,3444,4,TX,1,100,487341.5957458,2232665.9044799,
1715671908.119002,3223330,3563,4,TX,1,100,487342.3457630,2232666.6544971,
1715671908.635805,3223823,3648,4,TX,1,100,487342.8628872,2232667.1716213,
1715671909.294126,3224451,3752,4,TX,1,100,487343.5624288,2232667.8712096,
1715671909.839232,3224971,3842,4,TX,1,100,487344.0961708,2232668.4049516,
1715671910.676810,3225770,3980,4,TX,1,100,487344.9462082,2232669.2549890,
1715671911.307875,3226372,4082,4,TX,1,100,487345.5460386,2232669.8547614,
1715671911.977727,3227011,4186,4,TX,1,100,487346.2129066,2232670.5216293,
1715671912.500820,3227510,4272,4,TX,1,100,487346.7624522,2232671.0711749,
1715671913.236714,3228212,4394,4,TX,1,100,487347.4791713,2232671.7878641,
1715671913.885600,3228831,4496,4,TX,1,100,487348.0297049,2232672.3383978,
1715671914.509328,3229426,4597,4,TX,1,100,487348.7290334,2232673.0377263,
1715671915.846936,3230702,4805,4,TX,1,100,487349.9958372,2232674.3045273,
1715671916.279876,3231115,4877,4,TX,1,100,487350.5458886,2232674.8545787,
1715671917.550394,3232327,5081,4,TX,1,100,487351.3459754,2232675.6546570,
1715671917.643691,3232416,5100,4,TX,1,100,487351.8792371,2232676.1879187,
1715671918.385874,3233124,5219,4,TX,1,100,487352.5958423,2232676.9045239,
1715671919.672116,3234351,5422,4,TX,1,100,487353.8793193,2232678.1880067,
1715671920.213029,3234867,5509,4,TX,1,100,487354.4294072,2232678.7380946,
1715671920.977227,3235596,5633,4,TX,1,100,487355.1959239,2232679.5046113,
1715671921.431133,3236029,5703,4,TX,1,100,487355.6963287,2232680.0049831,
1715671922.294917,3236853,5843,4,TX,1,100,487356.4965685,2232680.8052229,
1715671922.737292,3237275,5911,4,TX,1,100,487357.0128575,2232681.3215119,
1715671923.572773,3238072,6047,4,TX,1,100,487357.7959647,2232682.1046005,
1715671924.839097,3239280,6236,4,TX,1,100,487359.0128875,2232683.3215233,
1715671926.147353,3240528,6444,4,TX,1,100,487360.3460991,2232684.6547400,
1715671926.781563,3241133,6549,4,TX,1,100,487360.9209085,2232685.2295494,
1715671927.440933,3241762,6653,4,TX,1,100,487361.6626914,2232685.9713375,
1715671928.805796,3243064,6872,4,TX,1,100,487362.9461481,2232687.2547942,
1715671929.896009,3244104,7042,4,TX,1,100,487364.1794319,2232688.4880688,
1715671930.516592,3244696,7146,4,TX,1,100,487364.7293611,2232689.0379980,
1715671931.264016,3245409,7253,4,TX,1,100,487365.4460768,2232689.7546851,
1715671931.785012,3245906,7341,4,TX,1,100,487365.9461752,2232690.2547835,
1715671932.514617,3246602,7461,4,TX,1,100,487366.7794516,2232691.0880599,
1715671933.812390,3247840,7663,4,TX,1,100,487368.0133571,2232692.3219810,
1715671934.247427,3248255,7732,4,TX,1,100,487368.5294236,2232692.8380475,
1715671935.089197,3249058,7869,4,TX,1,100,487369.3127111,2232693.6213350,
1715671936.183603,3250102,8038,4,TX,1,100,487369.8633178,2232694.1719218,
1715671936.380680,3250290,8063,4,TX,1,100,487370.6127774,2232694.9213814,
1715671936.849262,3250737,8138,4,TX,1,100,487371.1294225,2232695.4380265,
1715671937.687887,3251537,8274,4,TX,1,100,487371.9293516,2232696.2379400,
1715671938.996143,3252785,8477,4,TX,1,100,487373.2629067,2232697.5714951,
1715671940.179653,3253914,8664,4,TX,1,100,487374.4460657,2232698.7546646,
1715671940.804429,3254510,8766,4,TX,1,100,487374.9961663,2232699.3047652,
1715671941.577013,3255247,8888,4,TX,1,100,487375.8294937,2232700.1380841,
1715671942.131554,3255776,8979,4,TX,1,100,487376.3294520,2232700.6380424,
1715671942.875834,3256486,9098,4,TX,1,100,487377.0794690,2232701.3880594,
1715671943.299340,3256890,9170,4,TX,1,100,487377.5795714,2232701.8881483,
1715671944.167317,3257718,9305,4,TX,1,100,487378.3795835,2232702.6881604,
1715671944.690410,3258217,9391,4,TX,1,100,487378.9510910,2232703.2596679,
1715671945.521698,3259010,9527,4,TX,1,100,487379.6628838,2232703.9714391,
1715671945.969314,3259437,9597,4,TX,1,100,487380.1962183,2232704.5047736,
1715671946.716739,3260150,9717,4,TX,1,100,487380.9295131,2232705.2380684,
1715671947.258701,3260667,9795,4,TX,1,100,487381.4630258,2232705.7715954,
1715671948.092085,3261462,9930,4,TX,1,100,487382.2461147,2232706.5546843,
1715671948.522928,3261873,10001,4,TX,1,100,487382.7796131,2232707.0881827,
1715671949.257774,3262574,10120,4,TX,1,100,487383.5293629,2232707.8379400,
1715671950.530388,3263788,10323,4,TX,1,100,487384.7628271,2232709.0714042,
1715671951.124764,3264355,10408,4,TX,1,100,487385.3629166,2232709.6714591,
1715671951.758975,3264960,10513,4,TX,1,100,487386.0296303,2232710.3381728,
1715671952.383750,3265556,10615,4,TX,1,100,487386.5629389,2232710.8714814,
1715671953.164720,3266301,10742,4,TX,1,100,487387.3628311,2232711.6713561,
1715671954.540066,3267613,10957,4,TX,1,100,487388.6630590,2232712.9715840,
1715671954.959379,3268013,11025,4,TX,1,100,487389.1629293,2232713.4714543,
1715671955.802197,3268817,11144,4,TX,1,100,487389.8461303,2232714.1546512,
1715671956.137648,3269137,11199,4,TX,1,100,487390.3963374,2232714.7048583,
1715671956.893459,3269858,11321,4,TX,1,100,487391.1631052,2232715.4716261,
1715671957.502511,3270439,11423,4,TX,1,100,487391.7130341,2232716.0215555,
1715671958.211149,3271115,11532,4,TX,1,100,487392.4630270,2232716.7715484,
1715671958.840118,3271715,11636,4,TX,1,100,487393.0131755,2232717.3216969,
1715671959.563433,3272405,11756,4,TX,1,100,487393.7797370,2232718.0882573,
1715671960.145229,3272960,11841,4,TX,1,100,487394.3513128,2232718.6598332,
1715671961.205042,3273971,12011,4,TX,1,100,487395.0631165,2232719.3716369,
1715671962.077213,3274803,12146,4,TX,1,100,487396.3130079,2232720.6214780,
1715671962.711423,3275408,12250,4,TX,1,100,487396.9130339,2232721.2215040,
1715671963.455703,3276118,12375,4,TX,1,100,487397.6297010,2232721.9381691,
1715671964.616151,3277225,12560,4,TX,1,100,487398.8632228,2232723.1716909,
1715671965.165451,3277749,12647,4,TX,1,100,487399.3963764,2232723.7048503,
1715671965.999883,3278545,12782,4,TX,1,100,487400.2135967,2232724.5220706,
1715671966.535555,3279056,12870,4,TX,1,100,487400.7465364,2232725.0550103,
1715671967.192828,3279683,12974,4,TX,1,100,487401.4143605,2232725.7228337,
1715671968.444476,3280877,13175,4,TX,1,100,487402.6971109,2232727.0055840,
1715671969.812484,3282182,13383,4,TX,1,100,487404.0631090,2232728.3715654,
1715671971.059939,3283372,13587,4,TX,1,100,487405.2464248,2232729.5548813,
1715671971.601901,3283889,13674,4,TX,1,100,487405.8463824,2232730.1548815,
1715671972.434237,3284683,13809,4,TX,1,100,487406.6135204,2232730.9220195,
1715671973.000309,3285223,13897,4,TX,1,100,487407.1629943,2232731.4714934,
1715671973.616699,3285811,13999,4,TX,1,100,487407.8297325,2232732.1381735,
1715671974.171240,3286340,14091,4,TX,1,100,487408.3803397,2232732.6887807,
1715671974.920761,3287055,14212,4,TX,1,100,487409.1631347,2232733.4715757,
1715671975.547634,3287653,14314,4,TX,1,100,487409.6974325,2232734.0058719,
1715671976.177651,3288254,14417,4,TX,1,100,487410.3964965,2232734.7049359,
1715671976.632606,3288688,14488,4,TX,1,100,487410.8966475,2232735.2050869,
1715671977.457603,3289475,14624,4,TX,1,100,487411.6968002,2232736.0052335,
1715671978.093910,3290082,14727,4,TX,1,100,487412.2463677,2232736.5548010,
1715671978.783680,3290740,14829,4,TX,1,100,487413.0298945,2232737.3383278,
1715671979.406359,3291334,14921,4,TX,1,100,487413.6299102,2232737.9383296,
1715671980.155881,3292049,15043,4,TX,1,100,487414.2464941,2232738.5549135,
1715671980.566807,3292441,15111,4,TX,1,100,487414.8218972,2232739.1303166,
1715671981.323667,3293163,15231,4,TX,1,100,487415.5632626,2232739.8716549,
1715671981.865628,3293680,15319,4,TX,1,100,487416.0633865,2232740.3717788,
1715671982.686433,3294463,15454,4,TX,1,100,487416.8465247,2232741.1549170,
1715671983.124615,3294881,15525,4,TX,1,100,487417.3472242,2232741.6556302,
1715671983.902440,3295623,15644,4,TX,1,100,487418.1466472,2232742.4550532,
1715671984.411905,3296109,15730,4,TX,1,100,487418.6465515,2232742.9549575,
1715671985.144654,3296808,15840,4,TX,1,100,487419.3965945,2232743.7049910,
1715671985.801927,3297435,15944,4,TX,1,100,487419.9801281,2232744.2885246,
1715671986.430896,3298035,16048,4,TX,1,100,487420.6799751,2232744.9883716,
1715671986.955037,3298535,16132,4,TX,1,100,487421.1965578,2232745.5049543,
1715671987.939373,3299474,16270,4,TX,1,100,487422.1633635,2232746.4717124,
1715671988.494963,3300004,16358,4,TX,1,100,487422.7133205,2232747.0216694,
1715671989.151187,3300630,16460,4,TX,1,100,487423.4132963,2232747.7216814,
1715671989.772818,3301223,16564,4,TX,1,100,487423.9300106,2232748.2383957,
1715671990.549595,3301964,16685,4,TX,1,100,487424.7299556,2232749.0383407,
1715671991.716333,3303077,16875,4,TX,1,100,487425.9305123,2232750.2388583,
1715671992.258295,3303594,16960,4,TX,1,100,487426.4470834,2232750.7554294,
1715671993.341170,3304627,17129,4,TX,1,100,487427.2634487,2232751.5717947,
1715671994.281478,3305524,17282,4,TX,1,100,487428.4972674,2232752.8056332,
1715671994.808764,3306027,17369,4,TX,1,100,487429.0467193,2232753.3550851,
1715671995.605458,3306787,17476,4,TX,1,100,487429.8637630,2232754.1721030,
1715671996.873879,3307997,17681,4,TX,1,100,487431.0799652,2232755.3883052,
1715671997.407455,3308506,17768,4,TX,1,100,487431.6301345,2232755.9384672,
1715671998.142300,3309207,17888,4,TX,1,100,487432.3801518,2232756.6884844,
1715671998.664345,3309705,17973,4,TX,1,100,487432.8800888,2232757.1884215,
1715672000.187498,3311158,18209,4,TX,1,100,487433.6634466,2232757.9717558,
1715672000.204271,3311174,18212,4,TX,1,100,487434.2134272,2232758.5217364,
1715672000.809129,3311751,18303,4,TX,1,100,487434.9968061,2232759.3051153,
1715672001.245215,3312167,18374,4,TX,1,100,487435.4978488,2232759.8061639,
1715672002.117385,3312999,18513,4,TX,1,100,487436.2801244,2232760.5884395,
1715672002.632092,3313490,18599,4,TX,1,100,487436.8635211,2232761.1718362,
1715672003.377420,3314201,18717,4,TX,1,100,487437.5132930,2232761.8215995,
1715672003.914140,3314713,18805,4,TX,1,100,487438.0468793,2232762.3551857,
1715672004.647938,3315413,18923,4,TX,1,100,487438.8467945,2232763.1551010,
1715672005.206672,3315946,19009,4,TX,1,100,487439.3801272,2232763.6884468,
1715672005.946759,3316652,19129,4,TX,1,100,487440.1468085,2232764.4551281,
1715672006.434210,3317117,19187,4,TX,1,100,487440.6801425,2232764.9884621,
1715672007.186876,3317835,19307,4,TX,1,100,487441.3802035,2232765.6884871,
1715672007.709969,3318334,19393,4,TX,1,100,487441.8801637,2232766.1884473,
1715672008.442718,3319033,19513,4,TX,1,100,487442.6468767,2232766.9551603,
1715672009.712187,3320244,19715,4,TX,1,100,487443.9301460,2232768.2384342,
1715672010.996332,3321469,19918,4,TX,1,100,487445.2133958,2232769.5216841,
1715672011.476445,3321927,19994,4,TX,1,100,487445.7138622,2232770.0221510,
1715672012.321360,3322733,20131,4,TX,1,100,487446.5634914,2232770.8717802,
1715672013.282635,3323650,20283,4,TX,1,100,487447.0641471,2232771.3724359,
1715672013.606554,3323959,20337,4,TX,1,100,487447.8301848,2232772.1384482,
1715672014.135936,3324464,20424,4,TX,1,100,487448.3302725,2232772.6385359,
1715672014.833044,3325129,20525,4,TX,1,100,487449.0639167,2232773.3721801,
1715672016.106706,3326344,20728,4,TX,1,100,487450.3473035,2232774.6555583,
1715672016.659151,3326871,20815,4,TX,1,100,487450.8470000,2232775.1552549,
1715672017.535514,3327707,20958,4,TX,1,100,487451.6134786,2232775.9217281,
1715672017.909751,3328064,21011,4,TX,1,100,487452.1135937,2232776.4218432,
1715672018.750473,3328866,21130,4,TX,1,100,487452.9302613,2232777.2385108,
1715672019.493705,3329575,21251,4,TX,1,100,487453.4971049,2232777.8053417,
1715672020.046149,3330102,21335,4,TX,1,100,487454.2469029,2232778.5551397,
1715672020.558759,3330591,21423,4,TX,1,100,487454.7469697,2232779.0552065,
1715672021.308280,3331306,21541,4,TX,1,100,487455.5469790,2232779.8552060,
1715672021.837663,3331811,21629,4,TX,1,100,487456.0470665,2232780.3552936,
1715672022.610246,3332548,21754,4,TX,1,100,487456.8136359,2232781.1218630,
1715672023.784322,3333668,21941,4,TX,1,100,487458.0303942,2232782.3386138,
1715672024.316849,3334176,22027,4,TX,1,100,487458.5636941,2232782.8719137,
1715672025.190068,3335009,22163,4,TX,1,100,487459.4136493,2232783.7218424,
1715672025.807506,3335598,22265,4,TX,1,100,487459.9920704,2232784.3002635,
1715672026.449054,3336210,22371,4,TX,1,100,487460.6304159,2232784.9386089,
1715672026.994161,3336730,22458,4,TX,1,100,487461.2019278,2232785.5101208,
1715672027.724813,3337427,22582,4,TX,1,100,487461.9137030,2232786.2218902,
1715672029.108546,3338747,22802,4,TX,1,100,487463.1807910,2232787.4889781,
1715672029.538341,3339157,22870,4,TX,1,100,487463.7641391,2232788.0723199,
1715672030.313021,3339896,22990,4,TX,1,100,487464.4972808,2232788.8054616,
1715672030.824583,3340384,23076,4,TX,1,100,487465.0304749,2232789.3386557,
1715672031.677884,3341198,23213,4,TX,1,100,487465.7811072,2232790.0892900,
1715672032.100342,3341601,23285,4,TX,1,100,487466.2804009,2232790.5885838,
1715672032.854057,3342320,23402,4,TX,1,100,487467.0637458,2232791.3719287,
1715672033.428515,3342868,23495,4,TX,1,100,487467.5971281,2232791.9052913,
1715672034.189568,3343594,23616,4,TX,1,100,487468.3804138,2232792.6885770,
1715672035.359450,3344710,23801,4,TX,1,100,487469.5972348,2232793.9053853,
1715672035.987371,3345309,23903,4,TX,1,100,487470.1471777,2232794.4553282,
1715672036.743182,3346030,24025,4,TX,1,100,487470.9637172,2232795.2718677,
1715672038.006362,3347235,24226,4,TX,1,100,487472.2305400,2232796.5386795,
1715672038.560903,3347764,24319,4,TX,1,100,487472.7304388,2232797.0385783,
1715672039.223417,3348396,24421,4,TX,1,100,487473.4639726,2232797.7721178,
1715672039.727640,3348877,24508,4,TX,1,100,487473.9640176,2232798.2721628,
1715672040.693108,3349798,24661,4,TX,1,100,487474.8138083,2232799.1219535,
1715672041.883956,3350934,24848,4,TX,1,100,487476.0472236,2232800.3553481,
1715672042.407049,3351433,24934,4,TX,1,100,487476.5973213,2232800.9054458,
1715672043.130363,3352123,25052,4,TX,1,100,487477.3305385,2232801.6386630,
1715672043.940685,3352896,25161,4,TX,1,100,487477.8482100,2232802.1563303,
1715672044.359998,3353296,25229,4,TX,1,100,487478.5806161,2232802.8887364,
1715672044.892525,3353804,25317,4,TX,1,100,487479.1310381,2232803.4391584,
1715672045.657771,3354534,25438,4,TX,1,100,487479.8982357,2232804.2063397,
1715672047.016344,3355830,25658,4,TX,1,100,487481.1809813,2232805.4890854,
1715672047.648458,3356433,25761,4,TX,1,100,487481.7522115,2232806.0603039,
1715672048.234447,3356992,25847,4,TX,1,100,487482.4305444,2232806.7386368,
1715672049.664304,3358356,26056,4,TX,1,100,487483.7806932,2232808.0887872,
1715672050.202072,3358869,26143,4,TX,1,100,487484.3139201,2232808.6220141,
1715672050.966270,3359598,26262,4,TX,1,100,487485.0805992,2232809.3886932,
1715672051.424369,3360035,26334,4,TX,1,100,487485.6522196,2232809.9603062,
1715672052.149780,3360727,26454,4,TX,1,100,487486.3143992,2232810.6224858,
1715672052.683356,3361236,26541,4,TX,1,100,487486.8139532,2232811.1220398,
1715672053.444408,3361962,26660,4,TX,1,100,487487.6139931,2232811.9220610,
1715672054.697105,3363157,26851,4,TX,1,100,487488.9307226,2232813.2387905,
1715672055.228584,3363664,26938,4,TX,1,100,487489.4643697,2232813.7724402,
1715672056.068258,3364465,27074,4,TX,1,100,487490.1973034,2232814.5053739,
1715672057.252816,3365595,27261,4,TX,1,100,487490.7721615,2232815.0802320,
1715672057.276927,3365618,27264,4,TX,1,100,487491.4979022,2232815.8059660,
1715672057.792681,3366110,27352,4,TX,1,100,487492.0310540,2232816.3391178,
1715672058.561072,3366843,27470,4,TX,1,100,487492.7807599,2232817.0888237,
1715672059.091502,3367349,27558,4,TX,1,100,487493.3143665,2232817.6224302,
1715672059.807479,3368032,27665,4,TX,1,100,487493.9813193,2232818.2893843,
1715672060.356779,3368556,27754,4,TX,1,100,487494.4974382,2232818.8055032,
1715672061.126217,3369290,27873,4,TX,1,100,487495.2807713,2232819.5888363,
1715672062.391494,3370497,28078,4,TX,1,100,487496.6143933,2232820.9224383,
1715672063.031994,3371108,28182,4,TX,1,100,487497.1923603,2232821.5004053,
1715672063.680880,3371727,28284,4,TX,1,100,487497.8641362,2232822.1721703,
1715672064.215504,3372237,28370,4,TX,1,100,487498.4140467,2232822.7220807,
1715672064.945108,3372933,28487,4,TX,1,100,487499.1307009,2232823.4387349,
1715672065.465056,3373429,28579,4,TX,1,100,487499.6645959,2232823.9726285,
1715672066.256509,3374184,28698,4,TX,1,100,487500.4307021,2232824.7387347,
1715672066.871850,3374771,28804,4,TX,1,100,487501.0307927,2232825.3388253,
1715672067.517592,3375387,28906,4,TX,1,100,487501.7140985,2232826.0221217,
1715672068.168575,3376008,29008,4,TX,1,100,487502.2141526,2232826.5221758,
1715672069.016635,3376817,29146,4,TX,1,100,487502.9974884,2232827.3055116,
1715672070.152972,3377901,29329,4,TX,1,100,487504.3307016,2232828.6387132,
1715672070.737913,3378459,29422,4,TX,1,100,487504.9024676,2232829.2104793,
1715672071.394138,3379085,29527,4,TX,1,100,487505.6144669,2232829.9224428,
1715672071.910941,3379578,29613,4,TX,1,100,487506.1308612,2232830.4388371,
1715672072.649980,3380283,29732,4,TX,1,100,487506.8312046,2232831.1391805,
1715672073.197183,3380805,29816,4,TX,1,100,487507.3475663,2232831.6555422,
1715672074.050484,3381619,29953,4,TX,1,100,487508.1476005,2232832.4555962,
1715672074.598735,3382142,30041,4,TX,1,100,487508.6982007,2232833.0061965,
1715672075.227705,3382742,30143,4,TX,1,100,487509.3812113,2232833.6891731,
1715672076.505560,3383961,30353,4,TX,1,100,487510.7310616,2232835.0390234,
1715672077.149205,3384575,30457,4,TX,1,100,487511.2475195,2232835.5554812,
1715672077.799140,3385195,30558,4,TX,1,100,487512.0307172,2232836.3386884,
1715672078.347391,3385718,30647,4,TX,1,100,487512.5309214,2232836.8388926,
1715672079.160858,3386494,30781,4,TX,1,100,487513.3149667,2232837.6229379,
1715672079.632585,3386944,30850,4,TX,1,100,487513.8647449,2232838.1727050,
1715672080.375817,3387653,30971,4,TX,1,100,487514.5975377,2232838.9054978,
1715672081.734390,3388949,31181,4,TX,1,100,487515.8808176,2232840.1887969,
1715672082.286834,3389476,31267,4,TX,1,100,487516.4146105,2232840.7225899,
1715672082.911610,3390072,31371,4,TX,1,100,487517.0809224,2232841.3889018,
1715672084.292197,3391389,31590,4,TX,1,100,487517.6813577,2232841.9892949,
1715672084.308970,3391405,31593,4,TX,1,100,487518.3976298,2232842.7055670,
1715672084.735621,3391812,31663,4,TX,1,100,487518.8979104,2232843.2058476,
1715672085.463128,3392506,31781,4,TX,1,100,487519.6476331,2232843.9555580,
1715672086.007186,3393025,31869,4,TX,1,100,487520.1814554,2232844.4893803,
1715672086.783963,3393766,31994,4,TX,1,100,487520.9643392,2232845.2722641,
1715672088.084881,3395007,32199,4,TX,1,100,487522.2977148,2232846.6056586,
1715672088.603781,3395502,32284,4,TX,1,100,487522.8309807,2232847.1389245,
1715672089.476999,3396335,32420,4,TX,1,100,487523.5810705,2232847.8889880,
1715672089.901553,3396740,32489,4,TX,1,100,487524.1309772,2232848.4388946,
1715672090.644785,3397449,32609,4,TX,1,100,487524.8143591,2232849.1222766,
1715672091.269561,3398045,32714,4,TX,1,100,487525.3477827,2232849.6557001,
1715672092.054724,3398794,32821,4,TX,1,100,487526.0810173,2232850.3889340,
1715672092.430009,3399152,32874,4,TX,1,100,487526.6643611,2232850.9722778,
1715672093.178483,3399866,32995,4,TX,1,100,487527.3814944,2232851.6893738,
1715672094.534959,3401160,33213,4,TX,1,100,487528.6309944,2232852.9388738,
1715672095.812815,3402379,33415,4,TX,1,100,487529.9977985,2232854.3056925,
1715672097.000518,3403512,33603,4,TX,1,100,487531.2309364,2232855.5388304,
1715672097.655694,3404137,33696,4,TX,1,100,487531.8144037,2232856.1222825,
1715672098.381105,3404829,33814,4,TX,1,100,487532.5810815,2232856.8889603,
1715672098.920970,3405344,33899,4,TX,1,100,487533.0811907,2232857.3890695,
1715672099.666299,3406055,34020,4,TX,1,100,487533.8811267,2232858.1889944,
1715672100.295268,3406655,34124,4,TX,1,100,487534.4527760,2232858.7606437,
1715672100.916899,3407248,34223,4,TX,1,100,487535.0983070,2232859.4061747,
1715672101.362419,3407673,34298,4,TX,1,100,487535.5978928,2232859.9057548,
1715672102.201044,3408473,34431,4,TX,1,100,487536.3978667,2232860.7057287,
1715672103.430679,3409646,34609,4,TX,1,100,487537.6649531,2232861.9728137,
1715672104.049165,3410236,34710,4,TX,1,100,487538.2429159,2232862.5507765,
1715672104.780866,3410934,34830,4,TX,1,100,487538.9645117,2232863.2723722,
1715672105.307103,3411436,34915,4,TX,1,100,487539.4811831,2232863.7890294,
1715672106.072349,3412166,35035,4,TX,1,100,487540.2987115,2232864.6065578,
1715672106.707608,3412772,35141,4,TX,1,100,487540.8727497,2232865.1805960,
1715672107.355446,3413390,35243,4,TX,1,100,487541.5311523,2232865.8389722,
1715672107.981270,3413987,35346,4,TX,1,100,487542.0812822,2232866.3891021,
1715672108.650074,3414625,35436,4,TX,1,100,487542.8312092,2232867.1390291,
1715672109.157442,3415109,35522,4,TX,1,100,487543.3318768,2232867.6396967,
1715672110.031709,3415943,35660,4,TX,1,100,487544.1312213,2232868.4390543,
1715672110.562140,3416449,35745,4,TX,1,100,487544.7028845,2232869.0107175,
1715672111.212075,3417069,35849,4,TX,1,100,487545.3978087,2232869.7056601,
1715672112.544441,3418340,36038,4,TX,1,100,487546.7147903,2232871.0226417,
1715672113.068582,3418840,36125,4,TX,1,100,487547.2646376,2232871.5724890,
1715672113.795041,3419533,36232,4,TX,1,100,487547.9980243,2232872.3058247,
1715672114.374741,3420086,36320,4,TX,1,100,487548.5480679,2232872.8558683,
1715672115.042496,3420723,36421,4,TX,1,100,487549.2312349,2232873.5390353,
1715672116.754341,3422356,36677,4,TX,1,100,487550.5812689,2232874.8890424,
1715672116.953514,3422546,36713,4,TX,1,100,487551.1145655,2232875.4223390,
1715672117.687312,3423246,36830,4,TX,1,100,487551.7817020,2232876.0894980,
1715672118.170569,3423707,36900,4,TX,1,100,487552.3664303,2232876.6742263,
1715672118.996616,3424495,37007,4,TX,1,100,487553.0649574,2232877.3727534,
1715672120.217864,3425660,37192,4,TX,1,100,487554.4316019,2232878.7394029,
1715672120.727329,3426146,37262,4,TX,1,100,487554.9479449,2232879.2557458,
1715672121.574341,3426954,37402,4,TX,1,100,487555.7147334,2232880.0225324,
1715672122.003088,3427363,37470,4,TX,1,100,487556.2152285,2232880.5230275,
1715672122.731644,3428058,37570,4,TX,1,100,487556.9646733,2232881.2724723,
1715672124.013692,3429281,37773,4,TX,1,100,487558.2147880,2232882.5225403,
1715672124.691931,3429928,37851,4,TX,1,100,487558.7653429,2232883.0730952,
1715672125.316707,3430524,37953,4,TX,1,100,487559.5318425,2232883.8396049,
1715672126.282174,3431445,38107,4,TX,1,100,487560.0648725,2232884.3726349,
1715672127.022261,3432151,38159,4,TX,1,100,487560.8312928,2232885.1390552,
1715672127.398594,3432510,38182,4,TX,1,100,487561.3654970,2232885.6732594,
1715672127.905963,3432994,38256,4,TX,1,100,487562.0813427,2232886.3890970,
1715672129.157611,3434188,38458,4,TX,1,100,487563.3647015,2232887.6724558,
1715672129.809643,3434810,38547,4,TX,1,100,487563.8984295,2232888.2061687,
1715672130.457481,3435428,38651,4,TX,1,100,487564.6651945,2232888.9729337,
1715672130.988960,3435935,38736,4,TX,1,100,487565.1982431,2232889.5059823,
1715672131.721709,3436634,38859,4,TX,1,100,487565.9314678,2232890.2392143,
1715672132.265767,3437153,38946,4,TX,1,100,487566.4648593,2232890.7726058,
1715672133.099151,3437948,39081,4,TX,1,100,487567.2985458,2232891.6062923,
1715672134.298385,3439092,39268,4,TX,1,100,487568.5150360,2232892.8227407,
1715672134.900099,3439666,39370,4,TX,1,100,487569.0482465,2232893.3559513,
1715672135.582531,3440317,39462,4,TX,1,100,487569.7815975,2232894.0892849,
1715672136.865628,3441541,39664,4,TX,1,100,487571.0982944,2232895.4059818,
1715672137.393962,3442045,39751,4,TX,1,100,487571.5982958,2232895.9059970,
1715672138.139290,3442756,39870,4,TX,1,100,487572.3482646,2232896.6559658,
1715672139.412952,3443971,40075,4,TX,1,100,487572.8815000,2232897.1892012,
1715672139.437063,3443994,40078,4,TX,1,100,487573.6315047,2232897.9392192,
1715672139.984266,3444516,40163,4,TX,1,100,487574.1652410,2232898.4729555,
1715672140.822891,3445316,40286,4,TX,1,100,487574.9980820,2232899.3057964,
1715672141.489599,3445952,40392,4,TX,1,100,487575.5482961,2232899.8559697,
1715672142.034705,3446472,40478,4,TX,1,100,487576.2649940,2232900.5726676,
1715672143.313609,3447692,40683,4,TX,1,100,487577.5318021,2232901.8394688,
1715672143.835654,3448190,40767,4,TX,1,100,487578.0654138,2232902.3730805,
1715672144.683713,3448999,40903,4,TX,1,100,487578.8650506,2232903.1727173,
1715672145.303248,3449590,40974,4,TX,1,100,487579.3650028,2232903.6726695,
1715672145.972052,3450228,41066,4,TX,1,100,487580.0651331,2232904.3727776,
1715672146.415475,3450651,41138,4,TX,1,100,487580.5986126,2232904.9062571,
1715672147.252004,3451449,41258,4,TX,1,100,487581.4148767,2232905.7225485,
1715672147.770903,3451944,41344,4,TX,1,100,487581.9482707,2232906.2559425,
1715672148.826523,3452951,41513,4,TX,1,100,487582.6983574,2232907.0060293,
1715672149.074966,3453188,41534,4,TX,1,100,487583.1983390,2232907.5060109,
1715672149.829729,3453908,41655,4,TX,1,100,487583.9483375,2232908.2560096,
1715672150.695610,3454734,41791,4,TX,1,100,487584.4482562,2232908.7559283,
1715672151.217654,3455232,41849,4,TX,1,100,487585.2316813,2232909.5393534,
1715672151.591891,3455589,41908,4,TX,1,100,487585.7649387,2232910.0725888,
1715672152.362378,3456324,42027,4,TX,1,100,487586.5655826,2232910.8732327,
1715672153.603544,3457508,42211,4,TX,1,100,487587.7817688,2232912.0894306,
1715672154.888737,3458734,42416,4,TX,1,100,487589.1316389,2232913.4393007,
1715672155.530286,3459346,42502,4,TX,1,100,487589.7032062,2232914.0108399,
1715672156.151917,3459939,42605,4,TX,1,100,487590.3156156,2232914.6232493,
1715672156.690733,3460453,42680,4,TX,1,100,487590.8817161,2232915.1893498,
1715672157.468559,3461195,42799,4,TX,1,100,487591.6651312,2232915.9727402,
1715672158.018907,3461720,42886,4,TX,1,100,487592.1984675,2232916.5060765,
1715672158.763187,3462430,43005,4,TX,1,100,487592.9650267,2232917.2726357,
1715672160.090312,3463696,43112,4,TX,1,100,487594.1984440,2232918.5060648,
1715672160.506479,3464093,43169,4,TX,1,100,487594.6990656,2232919.0066864,
1715672161.279063,3464830,43291,4,TX,1,100,487595.4651335,2232919.7727376,
1715672161.803204,3465330,43376,4,TX,1,100,487595.9819391,2232920.2895432,
1715672162.590464,3466081,43488,4,TX,1,100,487596.7650676,2232921.0726717,
1715672163.102025,3466569,43574,4,TX,1,100,487597.2985967,2232921.6062008,
1715672163.853643,3467286,43691,4,TX,1,100,487598.0652513,2232922.3728402,
1715672164.375688,3467784,43778,4,TX,1,100,487598.5651441,2232922.8727330,
1715672165.228989,3468598,43916,4,TX,1,100,487599.3985014,2232923.7060548,
1715672165.683943,3469032,43984,4,TX,1,100,487599.9319064,2232924.2394598,
1715672166.516279,3469826,44122,4,TX,1,100,487600.6652231,2232924.9727765,
1715672167.050903,3470336,44208,4,TX,1,100,487601.1984920,2232925.5060455,
1715672167.725996,3470980,44301,4,TX,1,100,487601.9651046,2232926.2726805,
1715672169.005948,3472201,44503,4,TX,1,100,487603.2155814,2232927.5231573,
1715672169.553151,3472723,44589,4,TX,1,100,487603.7485883,2232928.0561377,
1715672170.300576,3473436,44709,4,TX,1,100,487604.4991340,2232928.8066834,
1715672170.828910,3473940,44797,4,TX,1,100,487605.0491683,2232929.3567178,
1715672171.596253,3474672,44915,4,TX,1,100,487605.7819372,2232930.0895010,
1715672172.099428,3475152,45002,4,TX,1,100,487606.2991513,2232930.6067151,
1715672172.859432,3475877,45113,4,TX,1,100,487607.0653218,2232931.3728855,
1715672173.490498,3476479,45217,4,TX,1,100,487607.6152254,2232931.9227836,
1715672174.115274,3477075,45319,4,TX,1,100,487608.3155251,2232932.6230833,
1715672174.669815,3477604,45404,4,TX,1,100,487608.8935599,2232933.2011181,
1715672175.491668,3478388,45541,4,TX,1,100,487609.6987799,2232934.0063235,
1715672176.816696,3479652,45745,4,TX,1,100,487610.9486168,2232935.2561604,
1715672178.117614,3480893,45921,4,TX,1,100,487612.2157195,2232936.5232409,
1715672178.577810,3481332,45994,4,TX,1,100,487612.7652895,2232937.0728109,
1715672179.330476,3482050,46113,4,TX,1,100,487613.5487231,2232937.8562542,
1715672179.865100,3482560,46200,4,TX,1,100,487614.0652987,2232938.3728298,
1715672180.600994,3483262,46319,4,TX,1,100,487614.8157112,2232939.1232423,
1715672181.883042,3484485,46524,4,TX,1,100,487616.0156484,2232940.3231564,
1715672182.319128,3484901,46592,4,TX,1,100,487616.5319441,2232940.8394521,
1715672183.164043,3485707,46728,4,TX,1,100,487617.3820935,2232941.6896015,
1715672184.426174,3486911,46918,4,TX,1,100,487618.6161864,2232942.9236979,
1715672184.956605,3487417,47006,4,TX,1,100,487619.1654337,2232943.4729452,
1715672185.671533,3488099,47124,4,TX,1,100,487619.8987525,2232944.2062216,
1715672186.231315,3488633,47213,4,TX,1,100,487620.3989049,2232944.7063740,
1715672187.079375,3489442,47349,4,TX,1,100,487621.2821199,2232945.5895890,
1715672187.704151,3490038,47453,4,TX,1,100,487621.8154199,2232946.1228871,
1715672188.348845,3490653,47553,4,TX,1,100,487622.5320212,2232946.8394884,
1715672189.540741,3491790,47729,4,TX,1,100,487623.7987814,2232948.1062505,
1715672190.902459,3493089,47950,4,TX,1,100,487625.0320179,2232949.3394870,
1715672191.333303,3493500,48020,4,TX,1,100,487625.5655108,2232949.8729491,
1715672192.168784,3494297,48156,4,TX,1,100,487626.3987936,2232950.7062319,
1715672192.710745,3494814,48240,4,TX,1,100,487626.9159110,2232951.2233493,
1715672193.535743,3495601,48377,4,TX,1,100,487627.6987850,2232952.0062309,
1715672194.011663,3496055,48449,4,TX,1,100,487628.2488015,2232952.5562475,
1715672194.752798,3496762,48556,4,TX,1,100,487628.9487814,2232953.2562273,
1715672195.397492,3497377,48658,4,TX,1,100,487629.4996022,2232953.8070550,
1715672196.053716,3498003,48760,4,TX,1,100,487630.1820824,2232954.4895352,
1715672196.464643,3498395,48833,4,TX,1,100,487630.6820865,2232954.9895393,
1715672197.310606,3499202,48970,4,TX,1,100,487631.5654240,2232955.8728571,
1715672197.849423,3499716,49055,4,TX,1,100,487632.0989666,2232956.4063997,
1715672198.582172,3500415,49174,4,TX,1,100,487632.7821000,2232957.0895331,
1715672199.116796,3500925,49259,4,TX,1,100,487633.3324674,2232957.6399005,
1715672199.907200,3501679,49370,4,TX,1,100,487634.0989035,2232958.4063307,
1715672200.440775,3502188,49455,4,TX,1,100,487634.6159755,2232958.9234027,
1715672201.081276,3502799,49560,4,TX,1,100,487635.3155605,2232959.6229877,
1715672201.609610,3503303,49648,4,TX,1,100,487635.8656802,2232960.1730871,
1715672202.469201,3504123,49782,4,TX,1,100,487636.6321521,2232960.9395590,
1715672202.909479,3504543,49854,4,TX,1,100,487637.1655791,2232961.4729860,
1715672203.754394,3505349,49990,4,TX,1,100,487637.9488755,2232962.2562941,
1715672204.398039,3505963,50091,4,TX,1,100,487638.5238353,2232962.8312540,
1715672205.112967,3506645,50184,4,TX,1,100,487639.1988445,2232963.5062631,
1715672206.317443,3507794,50372,4,TX,1,100,487640.5321925,2232964.8396233,
1715672206.836343,3508289,50460,4,TX,1,100,487641.0488943,2232965.3563251,
1715672207.574333,3508993,50578,4,TX,1,100,487641.8156630,2232966.1230353,
1715672208.114198,3509508,50666,4,TX,1,100,487642.3656572,2232966.6730295,
1715672208.776713,3510140,50768,4,TX,1,100,487643.0322605,2232967.3396328,
1715672209.327060,3510665,50855,4,TX,1,100,487643.5494224,2232967.8567931,
1715672210.139479,3511440,50976,4,TX,1,100,487644.3661585,2232968.6735291,
1715672211.030519,3512290,51103,4,TX,1,100,487644.9440608,2232969.2514315,
1715672211.347100,3512592,51157,4,TX,1,100,487645.5826553,2232969.8900318,
1715672211.859710,3513081,51243,4,TX,1,100,487646.0823339,2232970.3897104,
1715672212.714059,3513896,51378,4,TX,1,100,487646.9656637,2232971.2730402,
1715672213.284324,3514440,51467,4,TX,1,100,487647.5157804,2232971.8231380,
1715672213.947887,3515073,51568,4,TX,1,100,487648.1824860,2232972.4898436,
1715672214.482511,3515583,51657,4,TX,1,100,487648.7157050,2232973.0230625,
1715672215.224694,3516291,51774,4,TX,1,100,487649.4322240,2232973.7395951,
1715672215.853663,3516891,51863,4,TX,1,100,487649.9492155,2232974.2565866,
1715672216.568591,3517573,51984,4,TX,1,100,487650.7823007,2232975.0896718,
1715672217.891523,3518835,52187,4,TX,1,100,487652.0158000,2232976.3231560,
1715672218.937708,3519833,52355,4,TX,1,100,487652.5656585,2232976.8730145,
1715672219.155751,3520041,52392,4,TX,1,100,487653.3657088,2232977.6730648,
1715672219.667312,3520529,52479,4,TX,1,100,487653.8991570,2232978.2064969,
1715672220.439896,3521266,52596,4,TX,1,100,487654.6322663,2232978.9396062,
1715672220.881223,3521687,52668,4,TX,1,100,487655.1325196,2232979.4398595,
1715672221.725090,3522492,52796,4,TX,1,100,487655.9162370,2232980.2235590,
1715672222.177948,3522924,52864,4,TX,1,100,487656.4168210,2232980.7241430,
1715672223.555390,3524238,53085,4,TX,1,100,487657.2491066,2232981.5564286,
1715672223.579500,3524261,53088,4,TX,1,100,487657.7828186,2232982.0901337,
1715672224.344746,3524991,53207,4,TX,1,100,487658.4991716,2232982.8064868,
1715672224.857356,3525480,53296,4,TX,1,100,487659.0491401,2232983.3564553,
1715672225.603732,3526192,53413,4,TX,1,100,487659.7490951,2232984.0564137,
1715672226.052397,3526620,53487,4,TX,1,100,487660.2824143,2232984.5897329,
1715672227.003189,3527527,53627,4,TX,1,100,487661.0823044,2232985.3896230,
1715672227.450805,3527954,53698,4,TX,1,100,487661.6540612,2232985.9613916,
1715672228.189844,3528659,53819,4,TX,1,100,487662.3656805,2232986.6730109,
1715672228.641653,3529090,53887,4,TX,1,100,487662.9008076,2232987.2081380,
1715672229.473989,3529884,54024,4,TX,1,100,487663.6491358,2232987.9564211,
1715672230.003371,3530389,54109,4,TX,1,100,487664.1828980,2232988.4901833,
1715672230.781196,3531131,54229,4,TX,1,100,487664.9490864,2232989.2563717,
1715672231.209944,3531540,54301,4,TX,1,100,487665.4658876,2232989.7731553,
1715672232.019217,3532312,54423,4,TX,1,100,487666.2324451,2232990.5397128,
1715672232.563276,3532831,54509,4,TX,1,100,487666.7492322,2232991.0564999,
1715672233.280300,3533515,54626,4,TX,1,100,487667.5159238,2232991.8231877,
1715672233.846372,3534055,54712,4,TX,1,100,487668.0492335,2232992.3564974,
1715672234.572832,3534748,54832,4,TX,1,100,487668.7991085,2232993.1063724,
1715672235.114794,3535265,54918,4,TX,1,100,487669.3330185,2232993.6402824,
1715672235.831818,3535949,55036,4,TX,1,100,487670.0324669,2232994.3397293,
1715672236.401035,3536492,55124,4,TX,1,100,487670.5492638,2232994.8565262,
1715672237.049922,3537111,55226,4,TX,1,100,487671.2992726,2232995.6065350,
1715672237.664215,3537697,55318,4,TX,1,100,487671.7993337,2232996.1065861,
1715672238.642262,3538630,55471,4,TX,1,100,487672.7324985,2232997.0397510,
1715672239.080444,3539048,55540,4,TX,1,100,487673.3324972,2232997.6397496,
1715672239.804806,3539739,55660,4,TX,1,100,487673.9994790,2232998.3067356,
1715672240.348865,3540258,55746,4,TX,1,100,487674.5325103,2232998.8397669,
1715672241.094193,3540969,55868,4,TX,1,100,487675.3157830,2232999.6230396,
1715672242.350035,3542167,56053,4,TX,1,100,487676.5493485,2233000.8565887,
1715672242.865789,3542659,56129,4,TX,1,100,487677.0826650,2233001.3899052,
1715672243.694980,3543450,56263,4,TX,1,100,487677.8824863,2233002.1897501,
1715672244.964449,3544661,56465,4,TX,1,100,487679.1493954,2233003.4566592,
1715672246.246498,3545884,56670,4,TX,1,100,487680.4491961,2233004.7564438,
1715672246.881757,3546490,56772,4,TX,1,100,487680.9827276,2233005.2899753,
1715672247.528547,3547107,56876,4,TX,1,100,487681.6992993,2233006.0065136,
1715672248.057929,3547612,56949,4,TX,1,100,487682.2331335,2233006.5403478,
1715672248.709960,3548234,57054,4,TX,1,100,487682.9659593,2233007.2731736,
1715672249.244584,3548744,57139,4,TX,1,100,487683.4998351,2233007.8070473,
1715672250.098934,3549559,57275,4,TX,1,100,487684.2995507,2233008.6067629,
1715672250.563323,3550002,57344,4,TX,1,100,487684.7993353,2233009.1065475,
1715672251.402997,3550803,57483,4,TX,1,100,487685.5993866,2233009.9065754,
1715672252.668273,3552010,57686,4,TX,1,100,487686.8827563,2233011.1899451,
1715672253.198703,3552516,57772,4,TX,1,100,487687.4330699,2233011.7402696,
1715672253.879038,3553165,57863,4,TX,1,100,487688.1326127,2233012.4398124,
1715672254.500669,3553758,57966,4,TX,1,100,487688.6660446,2233012.9732443,
1715672255.235515,3554459,58087,4,TX,1,100,487689.4661351,2233013.7733250,
1715672255.765945,3554965,58172,4,TX,1,100,487689.9998800,2233014.3070699,
1715672256.497646,3555663,58294,4,TX,1,100,487690.7160406,2233015.0232305,
1715672257.159112,3556294,58395,4,TX,1,100,487691.2494276,2233015.5566175,
1715672257.791226,3556897,58499,4,TX,1,100,487691.9993448,2233016.3065216,
1715672258.340526,3557421,58585,4,TX,1,100,487692.4998771,2233016.8070539,
1715672258.976833,3558028,58675,4,TX,1,100,487693.2329021,2233017.5400788,
1715672260.353227,3559341,58894,4,TX,1,100,487694.5993153,2233018.9064782,
1715672261.727524,3560652,59115,4,TX,1,100,487695.8828655,2233020.1900061,
1715672262.247472,3561148,59202,4,TX,1,100,487696.4169804,2233020.7241211,
1715672263.044166,3561908,59322,4,TX,1,100,487697.1829070,2233021.4900477,
1715672263.464527,3562309,59391,4,TX,1,100,487697.6828450,2233021.9899878,
1715672264.310491,3563116,59501,4,TX,1,100,487698.3995370,2233022.7066798,
1715672264.776976,3563561,59570,4,TX,1,100,487698.9498302,2233023.2569730,
1715672265.495049,3564246,59690,4,TX,1,100,487699.6996692,2233024.0068013,
1715672266.868298,3565556,59910,4,TX,1,100,487701.0168228,2233025.3239549,
1715672267.337929,3566004,59983,4,TX,1,100,487701.5328680,2233025.8400015,
1715672268.079064,3566711,60101,4,TX,1,100,487702.3327658,2233026.6398993,
1715672269.503679,3568070,60310,4,TX,1,100,487703.5829428,2233027.8900553,
1715672270.706058,3569217,60496,4,TX,1,100,487704.8999260,2233029.2070386,
1715672271.141095,3569632,60568,4,TX,1,100,487705.3996892,2233029.7068018,
1715672272.408468,3570841,60771,4,TX,1,100,487706.1327799,2233030.4398932,
1715672272.536358,3570963,60791,4,TX,1,100,487706.7045461,2233031.0116594,
1715672273.189438,3571586,60895,4,TX,1,100,487707.4171040,2233031.7242173,
1715672274.512369,3572848,61098,4,TX,1,100,487708.7497032,2233033.0568060,
1715672275.786032,3574063,61288,4,TX,1,100,487709.9996943,2233034.3067821,
1715672276.333235,3574585,61376,4,TX,1,100,487710.5328614,2233034.8399492,
1715672277.092191,3575309,61496,4,TX,1,100,487711.2829111,2233035.5899989,
1715672278.409881,3576566,61699,4,TX,1,100,487712.5995472,2233036.9066241,
1715672279.662578,3577761,61902,4,TX,1,100,487713.8829469,2233038.1900058,
1715672280.206636,3578280,61977,4,TX,1,100,487714.3996321,2233038.7066911,
1715672280.969785,3579008,62101,4,TX,1,100,487715.1830595,2233039.4901184,
1715672281.600851,3579610,62202,4,TX,1,100,487715.7834318,2233040.0904886,
1715672282.241351,3580221,62306,4,TX,1,100,487716.3663364,2233040.6733932,
1715672282.676388,3580636,62375,4,TX,1,100,487716.9163544,2233041.2234112,
1715672283.446875,3581371,62496,4,TX,1,100,487717.6996963,2233042.0067796,
1715672283.980451,3581880,62581,4,TX,1,100,487718.2334040,2233042.5404874,
1715672284.745697,3582610,62700,4,TX,1,100,487718.9662445,2233043.2733278,
1715672285.249920,3583091,62786,4,TX,1,100,487719.4997739,2233043.8068324,
1715672286.116849,3583918,62914,4,TX,1,100,487720.2498807,2233044.5569392,
1715672286.646231,3584423,63001,4,TX,1,100,487720.7663869,2233045.0734454,
1715672287.318180,3585064,63106,4,TX,1,100,487721.5663538,2233045.8734017,
1715672287.932473,3585650,63207,4,TX,1,100,487722.1498070,2233046.4568549,
1715672288.570877,3586259,63308,4,TX,1,100,487722.7997952,2233047.1068431,
1715672289.953561,3587578,63529,4,TX,1,100,487724.1831893,2233048.4902030,
1715672290.491329,3588091,63613,4,TX,1,100,487724.7330421,2233049.0400559,
1715672291.225127,3588791,63721,4,TX,1,100,487725.4664016,2233049.7734316,
1715672291.866675,3589403,63825,4,TX,1,100,487726.0447711,2233050.3518011,
1715672292.526044,3590032,63929,4,TX,1,100,487726.6829536,2233050.9899836,
1715672293.772451,3591221,64131,4,TX,1,100,487727.9831070,2233052.2901342,
1715672294.441255,3591859,64232,4,TX,1,100,487728.5329632,2233052.8399904,
1715672294.991603,3592384,64320,4,TX,1,100,487729.2334893,2233053.5405165,
1715672295.522034,3592890,64405,4,TX,1,100,487729.7663891,2233054.0733784,
1715672296.425653,3593752,64533,4,TX,1,100,487730.5665075,2233054.8734968,
1715672297.383782,3594666,64686,4,TX,1,100,487731.1447878,2233055.4517771,
1715672297.696170,3594964,64741,4,TX,1,100,487731.8831264,2233056.1900826,
1715672298.672121,3595895,64894,4,TX,1,100,487732.4333718,2233056.7403280,
1715672298.958302,3596168,64945,4,TX,1,100,487733.1665498,2233057.4735060,
1715672299.499215,3596684,65030,4,TX,1,100,487733.7002743,2233058.0072561,
1715672300.253978,3597404,65150,4,TX,1,100,487734.4497771,2233058.7567589,
1715672301.509820,3598602,65356,4,TX,1,100,487735.6831955,2233059.9901622,
1715672301.961629,3599033,65416,4,TX,1,100,487736.1833069,2233060.4902736,
1715672302.911372,3599939,32,4,TX,1,100,487737.0833057,2233061.3902723,
1715672303.444948,3600448,119,4,TX,1,100,487737.6332480,2233061.9401963,
1715672304.196566,3601165,237,4,TX,1,100,487738.4169179,2233062.7238662,
1715672304.723851,3601668,325,4,TX,1,100,487738.9332435,2233063.2401918,
1715672305.488049,3602397,441,4,TX,1,100,487739.7164732,2233064.0234194,
1715672305.982838,3602869,517,4,TX,1,100,487740.2168246,2233064.5237709,
1715672306.952499,3603794,674,4,TX,1,100,487741.0332254,2233065.3401716,
1715672307.343508,3604167,742,4,TX,1,100,487741.5666383,2233065.8735792,
1715672308.107705,3604896,862,4,TX,1,100,487742.3006357,2233066.6075766,
1715672309.285974,3606020,1049,4,TX,1,100,487743.5332431,2233067.8402125,
1715672309.896074,3606602,1153,4,TX,1,100,487744.0667213,2233068.3736908,
1715672310.660271,3607331,1269,4,TX,1,100,487744.8832409,2233069.1902103,
1715672311.927644,3608540,1476,4,TX,1,100,487746.1000890,2233070.4070155,
1715672313.141555,3609698,1667,4,TX,1,100,487747.3667194,2233071.6736459,
1715672313.775765,3610303,1769,4,TX,1,100,487747.9333623,2233072.2403035,
1715672314.654225,3611141,1905,4,TX,1,100,487748.8833828,2233073.1903240,
1715672315.168932,3611632,1991,4,TX,1,100,487749.4001456,2233073.7070868,
1715672315.904825,3612334,2113,4,TX,1,100,487750.1332695,2233074.4401801,
1715672316.529602,3612930,2215,4,TX,1,100,487750.7049525,2233075.0118630,
1715672317.118736,3613492,2301,4,TX,1,100,487751.3666721,2233075.6735827,
1715672317.739319,3614084,2394,4,TX,1,100,487751.8838125,2233076.1907260,
1715672318.607296,3614912,2532,4,TX,1,100,487752.7332575,2233077.0401710,
1715672319.028705,3615314,2600,4,TX,1,100,487753.2672447,2233077.5741582,
1715672319.787661,3616038,2721,4,TX,1,100,487754.0169030,2233078.3237916,
1715672321.048744,3617241,2924,4,TX,1,100,487755.2670363,2233079.5739249,
1715672322.310876,3618445,3127,4,TX,1,100,487756.5333126,2233080.8401974,
1715672322.844451,3618954,3213,4,TX,1,100,487757.0834350,2233081.3903198,
1715672323.719767,3619789,3352,4,TX,1,100,487757.8334760,2233082.1403461,
1715672324.184155,3620232,3423,4,TX,1,100,487758.4335638,2233082.7404339,
1715672324.911663,3620926,3542,4,TX,1,100,487759.1502118,2233083.4570819,
1715672325.432659,3621423,3626,4,TX,1,100,487759.6668485,2233083.9737164,
1715672326.223063,3622177,3749,4,TX,1,100,487760.4338958,2233084.7407637,
1715672326.835260,3622761,3853,4,TX,1,100,487761.0050557,2233085.3119236,
1715672327.389801,3623290,3938,4,TX,1,100,487761.6333716,2233085.9402304,
1715672328.003046,3623875,4042,4,TX,1,100,487762.2050385,2233086.5118973,
1715672328.721119,3624560,4150,4,TX,1,100,487762.9505961,2233087.2574549,
1715672329.338557,3625149,4253,4,TX,1,100,487763.5006399,2233087.8074689,
1715672330.013651,3625793,4357,4,TX,1,100,487764.1839608,2233088.4907898,
1715672331.281023,3627002,4561,4,TX,1,100,487765.5167801,2233089.8236154,
1715672332.585086,3628246,4764,4,TX,1,100,487766.7838612,2233091.0906966,
1715672333.109227,3628746,4848,4,TX,1,100,487767.3169333,2233091.6237687,
1715672333.846169,3629449,4972,4,TX,1,100,487768.0834784,2233092.3902957,
1715672334.392324,3629970,5059,4,TX,1,100,487768.6190402,2233092.9258575,
1715672335.115638,3630660,5177,4,TX,1,100,487769.3503791,2233093.6571964,
1715672335.645020,3631165,5265,4,TX,1,100,487769.8669566,2233094.1737912,
1715672336.391397,3631877,5387,4,TX,1,100,487770.6342343,2233094.9410689,
1715672336.912393,3632374,5473,4,TX,1,100,487771.1503442,2233095.4571788,
1715672338.102193,3633509,5642,4,TX,1,100,487771.9172916,2233096.2241213,
1715672339.069757,3634432,5797,4,TX,1,100,487773.2173959,2233097.5242256,
1715672339.520519,3634862,5873,4,TX,1,100,487773.7170258,2233098.0238302,
1715672340.267943,3635575,5991,4,TX,1,100,487774.5003389,2233098.8071433,
1715672341.644337,3636888,6213,4,TX,1,100,487775.8339124,2233100.1407001,
1715672342.198879,3637417,6298,4,TX,1,100,487776.3837611,2233100.6905488,
1715672342.841475,3638030,6401,4,TX,1,100,487777.0836509,2233101.3904386,
1715672343.382389,3638546,6487,4,TX,1,100,487777.6173186,2233101.9241095,
1715672344.107800,3639238,6607,4,TX,1,100,487778.3335642,2233102.6403551,
1715672344.673872,3639778,6698,4,TX,1,100,487778.8836505,2233103.1904414,
1715672345.413959,3640484,6816,4,TX,1,100,487779.6175539,2233103.9243050,
1715672346.698104,3641709,7021,4,TX,1,100,487780.9335670,2233105.2403181,
1715672348.067160,3643015,7239,4,TX,1,100,487782.2836665,2233106.5904208,
1715672348.602832,3643526,7326,4,TX,1,100,487782.8337807,2233107.1405350,
1715672349.345016,3644234,7447,4,TX,1,100,487783.5839146,2233107.8906462,
1715672349.991806,3644851,7554,4,TX,1,100,487784.1839062,2233108.4906378,
1715672350.607147,3645438,7657,4,TX,1,100,487784.8511399,2233109.1578715,
1715672351.149109,3645955,7743,4,TX,1,100,487785.3504729,2233109.6572045,
1715672351.905968,3646677,7864,4,TX,1,100,487786.1503637,2233110.4571272,
1715672352.540179,3647282,7966,4,TX,1,100,487786.7253763,2233111.0321398,
1715672353.279217,3647987,8086,4,TX,1,100,487787.4341160,2233111.7408795,
1715672353.812793,3648496,8170,4,TX,1,100,487788.0338702,2233112.3405914,
1715672354.456438,3649110,8273,4,TX,1,100,487788.6843806,2233112.9911018,
1715672354.991062,3649620,8360,4,TX,1,100,487789.2004155,2233113.5071367,
1715672355.743728,3650338,8484,4,TX,1,100,487790.0004210,2233114.3071614,
1715672356.421966,3650985,8590,4,TX,1,100,487790.5753869,2233114.8821273,
1715672356.946107,3651485,8675,4,TX,1,100,487791.2004998,2233115.5072402,
1715672357.475490,3651990,8763,4,TX,1,100,487791.7339613,2233116.0406872,
1715672358.320405,3652796,8898,4,TX,1,100,487792.5670721,2233116.8737980,
1715672359.585681,3654003,9101,4,TX,1,100,487793.7838122,2233118.0905337,
1715672360.900226,3655257,9311,4,TX,1,100,487795.0837310,2233119.3904525,
1715672361.430657,3655763,9395,4,TX,1,100,487795.6177082,2233119.9244273,
1715672362.170744,3656469,9515,4,TX,1,100,487796.3671636,2233120.6738827,
1715672363.553428,3657788,9734,4,TX,1,100,487797.6838194,2233121.9905045,
1715672363.975885,3658191,9804,4,TX,1,100,487798.2339037,2233122.5405888,
1715672364.722262,3658903,9922,4,TX,1,100,487798.9505695,2233123.2572546,
1715672366.056725,3660176,10113,4,TX,1,100,487800.2504909,2233124.5571779,
1715672366.620700,3660714,10202,4,TX,1,100,487800.8005160,2233125.1072030,
1715672367.519078,3661571,10339,4,TX,1,100,487801.4504212,2233125.7571082,
1715672367.750748,3661792,10375,4,TX,1,100,487802.0005523,2233126.3072256,
1715672368.582036,3662585,10511,4,TX,1,100,487802.8173355,2233127.1240088,
1715672369.208908,3663183,10614,4,TX,1,100,487803.4006804,2233127.7073537,
1715672369.921740,3663863,10699,4,TX,1,100,487804.0504383,2233128.3571028,
1715672370.374598,3664295,10772,4,TX,1,100,487804.5506762,2233128.8573407,
1715672371.119926,3665006,10893,4,TX,1,100,487805.3344220,2233129.6410865,
1715672371.675515,3665536,10985,4,TX,1,100,487805.8839672,2233130.1906272,
1715672372.351657,3666181,11087,4,TX,1,100,487806.6005979,2233130.9072579,
1715672373.070778,3666867,11206,4,TX,1,100,487807.1506823,2233131.4573423,
1715672373.740630,3667506,11310,4,TX,1,100,487807.9173442,2233132.2239971,
1715672374.178812,3667924,11379,4,TX,1,100,487808.4339926,2233132.7406455,
1715672375.022679,3668729,11516,4,TX,1,100,487809.2505890,2233133.5572419,
1715672376.215624,3669867,11704,4,TX,1,100,487810.4506211,2233134.7572657,
1715672376.768068,3670394,11794,4,TX,1,100,487810.9672111,2233135.2738557,
1715672377.535411,3671126,11914,4,TX,1,100,487811.7507470,2233136.0573819,
1715672378.079469,3671645,12002,4,TX,1,100,487812.3256304,2233136.6322653,
1715672378.915998,3672443,12138,4,TX,1,100,487813.0513400,2233137.3579749,
1715672379.383532,3672889,12206,4,TX,1,100,487813.6006083,2233137.9072162,
1715672380.213771,3673681,12344,4,TX,1,100,487814.3841240,2233138.6907319,
1715672380.738960,3674182,12432,4,TX,1,100,487814.9339150,2233139.2405229,
1715672381.418247,3674830,12535,4,TX,1,100,487815.6172819,2233139.9238899,
1715672381.951822,3675339,12622,4,TX,1,100,487816.1956940,2233140.5023020,
1715672382.748516,3676099,12748,4,TX,1,100,487816.9339644,2233141.2405724,
1715672383.250643,3676578,12835,4,TX,1,100,487817.4840997,2233141.7906995,
1715672383.918399,3677215,12936,4,TX,1,100,487818.1673588,2233142.4739585,
1715672384.543175,3677811,13039,4,TX,1,100,487818.7174109,2233143.0240107,
1715672385.287455,3678521,13157,4,TX,1,100,487819.4506622,2233143.7572619,
1715672385.822078,3679031,13247,4,TX,1,100,487820.0340278,2233144.3406425,
1715672386.574745,3679749,13366,4,TX,1,100,487820.7673533,2233145.0739681,
1715672387.094693,3680245,13451,4,TX,1,100,487821.3011053,2233145.6077201,
1715672387.878807,3680993,13577,4,TX,1,100,487822.0506916,2233146.3572778,
1715672388.421817,3681511,13661,4,TX,1,100,487822.6259689,2233146.9325551,
1715672389.061269,3682121,13765,4,TX,1,100,487823.3011018,2233147.6076880,
1715672389.614762,3682649,13853,4,TX,1,100,487823.8174127,2233148.1239889,
1715672390.458629,3683454,13988,4,TX,1,100,487824.6508205,2233148.9573967,
1715672390.980673,3683952,14077,4,TX,1,100,487825.1509816,2233149.4575578,
1715672391.823492,3684756,14213,4,TX,1,100,487825.9173654,2233150.2239357,
1715672392.243853,3685157,14281,4,TX,1,100,487826.4674199,2233150.7739902,
1715672392.942008,3685823,14390,4,TX,1,100,487827.1340964,2233151.4406667,
1715672393.467198,3686324,14477,4,TX,1,100,487827.6841614,2233151.9907234,
1715672394.303727,3687122,14614,4,TX,1,100,487828.5012143,2233152.8077763,
1715672395.485140,3688249,14799,4,TX,1,100,487829.7178251,2233154.0243746,
1715672396.118303,3688853,14903,4,TX,1,100,487830.2958831,2233154.6024326,
1715672396.783962,3689488,15007,4,TX,1,100,487830.9674382,2233155.2739877,
1715672397.398255,3690074,15110,4,TX,1,100,487831.5510301,2233155.8575639,
1715672398.201239,3690840,15234,4,TX,1,100,487832.3175459,2233156.6240797,
1715672399.989607,3692546,15519,4,TX,1,100,487833.6341836,2233157.9407121,
1715672400.630108,3693157,15623,4,TX,1,100,487834.8341420,2233159.1406705,
1715672401.187793,3693689,15695,4,TX,1,100,487835.3341868,2233159.6407153,
1715672402.031660,3694494,15832,4,TX,1,100,487836.1508285,2233160.4573600,
1715672402.463552,3694906,15901,4,TX,1,100,487836.7013663,2233161.0078977,
1715672403.311612,3695715,16036,4,TX,1,100,487837.5011381,2233161.8076520,
1715672404.596806,3696941,16246,4,TX,1,100,487838.7843223,2233163.0908362,
1715672405.231016,3697546,16348,4,TX,1,100,487839.3343867,2233163.6409006,
1715672405.793944,3698083,16438,4,TX,1,100,487840.0343023,2233164.3408214,
1715672407.035110,3699267,16637,4,TX,1,100,487841.2508774,2233165.5573965,
1715672407.596988,3699803,16723,4,TX,1,100,487841.8259466,2233166.1324395,
1715672408.435614,3700603,16861,4,TX,1,100,487842.6181104,2233166.9246034,
1715672409.003783,3701145,16952,4,TX,1,100,487843.1675669,2233167.4740599,
1715672409.941995,3702040,17105,4,TX,1,100,487844.0177213,2233168.3241863,
1715672410.690468,3702754,17223,4,TX,1,100,487844.5677270,2233168.8741920,
1715672411.131795,3703175,17296,4,TX,1,100,487845.3011584,2233169.6076234,
1715672412.512382,3704492,17514,4,TX,1,100,487846.6343895,2233170.9408567,
1715672413.091034,3705044,17601,4,TX,1,100,487847.1843273,2233171.4907944,
1715672413.629850,3705558,17688,4,TX,1,100,487847.8675743,2233172.1740141,
1715672414.915044,3706784,17896,4,TX,1,100,487849.1346162,2233173.4410560,
1715672416.288293,3708094,18118,4,TX,1,100,487850.5011066,2233174.8075417,
1715672416.893152,3708671,18219,4,TX,1,100,487851.0518230,2233175.3582581,
1715672418.016910,3709743,18389,4,TX,1,100,487851.7177045,2233176.0241436,
1715672418.043117,3709768,18392,4,TX,1,100,487852.2511154,2233176.5575545,
1715672418.808363,3710498,18513,4,TX,1,100,487853.0010236,2233177.3074628,
1715672419.333552,3710999,18598,4,TX,1,100,487853.5512619,2233177.8576852,
1715672420.063156,3711695,18707,4,TX,1,100,487854.3010442,2233178.6074675,
1715672421.414391,3712984,18929,4,TX,1,100,487855.5678317,2233179.8742530,
1715672423.668197,3715134,19281,4,TX,1,100,487856.8510369,2233181.1574583,
1715672423.683921,3715149,19284,4,TX,1,100,487857.4010459,2233181.7074673,
1715672423.999454,3715450,19337,4,TX,1,100,487858.1511393,2233182.4575510,
1715672425.300372,3716691,19545,4,TX,1,100,487859.4853805,2233183.7918036,
1715672425.763713,3717133,19619,4,TX,1,100,487859.9845023,2233184.2909253,
1715672426.497510,3717833,19737,4,TX,1,100,487860.7177685,2233185.0241916,
1715672427.013264,3718325,19823,4,TX,1,100,487861.2350014,2233185.5414244,
1715672427.768028,3719045,19943,4,TX,1,100,487861.9849198,2233186.2913259,
1715672428.304748,3719557,20030,4,TX,1,100,487862.5177476,2233186.8241537,
1715672429.154904,3720368,20166,4,TX,1,100,487863.3344944,2233187.6409005,
1715672429.673804,3720863,20250,4,TX,1,100,487863.8678654,2233188.1742752,
1715672430.410746,3721566,20371,4,TX,1,100,487864.5845090,2233188.8909188,
1715672430.904487,3722037,20449,4,TX,1,100,487865.1345665,2233189.4409763,
1715672431.636187,3722735,20567,4,TX,1,100,487865.8177828,2233190.1241713,
1715672432.204356,3723277,20638,4,TX,1,100,487866.3178096,2233190.6241981,
1715672432.965409,3724003,20759,4,TX,1,100,487867.1679338,2233191.4743223,
1715672433.500032,3724513,20844,4,TX,1,100,487867.6678655,2233191.9742439,
1715672434.284147,3725261,20965,4,TX,1,100,487868.4848058,2233192.7911842,
1715672434.898440,3725847,21069,4,TX,1,100,487869.0513151,2233193.3576935,
1715672435.546278,3726465,21171,4,TX,1,100,487869.7178591,2233194.0242154,
1715672436.854534,3727713,21381,4,TX,1,100,487871.0513203,2233195.3576766,
1715672437.486648,3728316,21485,4,TX,1,100,487871.6261568,2233195.9325135,
1715672438.147066,3728946,21587,4,TX,1,100,487872.2514063,2233196.5577630,
1715672438.578958,3729358,21657,4,TX,1,100,487872.7845575,2233197.0909142,
1715672439.312755,3730058,21775,4,TX,1,100,487873.5179429,2233197.8242771,
1715672440.691246,3731373,21997,4,TX,1,100,487874.8012982,2233199.1076324,
1715672441.971198,3732594,22205,4,TX,1,100,487876.1345902,2233200.4409644,
1715672442.510015,3733108,22290,4,TX,1,100,487876.6512503,2233200.9576244,
1715672443.505883,3734058,22443,4,TX,1,100,487877.3680142,2233201.6743884,
1715672444.446191,3734955,22595,4,TX,1,100,487878.6514334,2233202.9577499,
1715672445.094029,3735573,22699,4,TX,1,100,487879.1852071,2233203.4915236,
1715672445.748157,3736197,22803,4,TX,1,100,487879.9681019,2233204.2744184,
1715672447.123503,3737509,23028,4,TX,1,100,487881.3180536,2233205.6243701,
1715672447.708444,3738067,23115,4,TX,1,100,487881.8681231,2233206.1744396,
1715672448.428614,3738754,23234,4,TX,1,100,487882.5845896,2233206.8909062,
1715672448.956948,3739258,23318,4,TX,1,100,487883.0852189,2233207.3915354,
1715672449.647766,3739917,23421,4,TX,1,100,487883.8514512,2233208.1577555,
1715672451.027305,3741233,23645,4,TX,1,100,487885.1680988,2233209.4744031,
1715672451.545156,3741727,23729,4,TX,1,100,487885.7180381,2233210.0243570,
1715672452.211863,3742363,23837,4,TX,1,100,487886.4347479,2233210.7410668,
1715672452.731811,3742859,23923,4,TX,1,100,487886.9680726,2233211.2743914,
1715672453.585112,3743673,24059,4,TX,1,100,487887.6686867,2233211.9749738,
1715672454.035873,3744103,24128,4,TX,1,100,487888.2014134,2233212.5077005,
1715672454.764429,3744798,24248,4,TX,1,100,487888.9685072,2233213.2747943,
1715672455.334695,3745342,24333,4,TX,1,100,487889.5681941,2233213.8744746,
1715672456.174368,3746143,24471,4,TX,1,100,487890.2347190,2233214.5409995,
1715672457.380941,3747294,24662,4,TX,1,100,487891.5687543,2233215.8749972,
1715672457.922902,3747811,24750,4,TX,1,100,487892.1180935,2233216.4243364,
1715672458.667182,3748521,24870,4,TX,1,100,487892.8182819,2233217.1245248,
1715672459.197613,3749027,24955,4,TX,1,100,487893.3180433,2233217.6242862,
1715672460.255330,3750036,25124,4,TX,1,100,487894.0862054,2233218.3924570,
1715672460.450310,3750222,25161,4,TX,1,100,487894.6350365,2233218.9412881,
1715672461.217652,3750954,25281,4,TX,1,100,487895.3682797,2233219.6745313,
1715672461.666317,3751382,25350,4,TX,1,100,487895.9015014,2233220.2077400,
1715672462.407452,3752089,25471,4,TX,1,100,487896.6187058,2233220.9249444,
1715672462.968283,3752624,25562,4,TX,1,100,487897.1966730,2233221.5029115,
1715672463.760784,3753380,25668,4,TX,1,100,487897.9687094,2233222.2749364,
1715672465.006143,3754568,25871,4,TX,1,100,487899.2348591,2233223.5410860,
1715672465.669705,3755201,25975,4,TX,1,100,487899.8014082,2233224.1076709,
1715672466.399309,3755897,26093,4,TX,1,100,487900.5515652,2233224.8578279,
1715672466.843781,3756321,26161,4,TX,1,100,487901.0685898,2233225.3748525,
1715672467.699179,3757137,26299,4,TX,1,100,487901.8348662,2233226.1410779,
1715672468.189775,3757605,26374,4,TX,1,100,487902.3348914,2233226.6411031,
1715672468.928813,3758310,26493,4,TX,1,100,487903.1015138,2233227.4077255,
1715672470.135386,3759461,26682,4,TX,1,100,487904.3682664,2233228.6744927,
1715672470.770644,3760067,26785,4,TX,1,100,487904.9182691,2233229.2244954,
1715672471.500249,3760763,26905,4,TX,1,100,487905.6516541,2233229.9578938,
1715672472.699483,3761907,27090,4,TX,1,100,487906.9182907,2233231.2245304,
1715672474.087408,3763231,27295,4,TX,1,100,487908.2683339,2233232.5745728,
1715672474.639853,3763758,27381,4,TX,1,100,487908.7849506,2233233.0911895,
1715672475.370505,3764455,27501,4,TX,1,100,487909.5516296,2233233.8578148,
1715672475.895694,3764956,27589,4,TX,1,100,487910.0852239,2233234.3914091,
1715672476.676664,3765701,27709,4,TX,1,100,487910.8350408,2233235.1412260,
1715672477.100170,3766105,27778,4,TX,1,100,487911.3350572,2233235.6412424,
1715672477.919927,3766887,27914,4,TX,1,100,487912.0353906,2233236.3415983,
1715672479.141175,3768052,28105,4,TX,1,100,487913.3350485,2233237.6412561,
1715672480.393872,3769247,28307,4,TX,1,100,487914.5849852,2233238.8911575,
1715672480.867695,3769699,28379,4,TX,1,100,487915.0855777,2233239.3917500,
1715672482.147647,3770920,28581,4,TX,1,100,487915.9521039,2233240.2583290,
1715672482.276586,3771043,28601,4,TX,1,100,487916.4517791,2233240.7580042,
1715672483.013528,3771746,28722,4,TX,1,100,487917.2015714,2233241.5077965,
1715672483.554441,3772262,28807,4,TX,1,100,487917.7183666,2233242.0245227,
1715672484.421371,3773089,28948,4,TX,1,100,487918.5351261,2233242.8412821,
1715672484.832297,3773481,29020,4,TX,1,100,487919.0518460,2233243.3580020,
1715672485.570287,3774185,29140,4,TX,1,100,487919.7684846,2233244.0746581,
1715672486.095477,3774686,29226,4,TX,1,100,487920.3017826,2233244.6079562,
1715672486.937247,3775489,29364,4,TX,1,100,487921.1018020,2233245.4079755,
1715672487.397443,3775928,29432,4,TX,1,100,487921.6350612,2233245.9412034,
1715672488.162688,3776658,29551,4,TX,1,100,487922.3850811,2233246.6912233,
1715672488.790609,3777257,29655,4,TX,1,100,487922.9182430,2233247.2243852,
1715672489.425868,3777863,29756,4,TX,1,100,487923.6519072,2233247.9580086,
1715672490.749848,3779126,29966,4,TX,1,100,487924.9184789,2233249.2245803,
1715672491.281327,3779633,30054,4,TX,1,100,487925.4685535,2233249.7746549,
1715672492.027703,3780345,30174,4,TX,1,100,487926.2351004,2233250.5412370,
1715672493.298221,3781557,30375,4,TX,1,100,487927.5183882,2233251.8245325,
1715672493.927190,3782157,30477,4,TX,1,100,487928.0523217,2233252.3584659,
1715672494.601235,3782800,30565,4,TX,1,100,487928.8017300,2233253.1078743,
1715672495.210287,3783381,30654,4,TX,1,100,487929.4017259,2233253.7078702,
1715672495.826677,3783969,30759,4,TX,1,100,487930.0350897,2233254.3412040,
1715672496.464032,3784577,30848,4,TX,1,100,487930.5686092,2233254.8747235,
1715672497.183153,3785263,30967,4,TX,1,100,487931.3851477,2233255.6912620,
1715672497.762853,3785816,31054,4,TX,1,100,487931.9568851,2233256.2629773,
1715672498.380291,3786405,31140,4,TX,1,100,487932.5852659,2233256.8913581,
1715672498.893949,3786895,31227,4,TX,1,100,487933.0857522,2233257.3918444,
1715672499.659195,3787625,31348,4,TX,1,100,487933.8856722,2233258.1917595,
1715672500.922375,3788830,31544,4,TX,1,100,487935.1517914,2233259.4578787,
1715672502.211761,3790060,31744,4,TX,1,100,487936.4352203,2233260.7412996,
1715672502.788316,3790610,31831,4,TX,1,100,487936.9686208,2233261.2747001,
1715672503.966585,3791734,32016,4,TX,1,100,487937.7519927,2233262.0580489,
1715672504.157372,3791916,32054,4,TX,1,100,487938.2852906,2233262.5913468,
1715672504.867059,3792593,32155,4,TX,1,100,487939.0352665,2233263.3413227,
1715672505.389103,3793091,32242,4,TX,1,100,487939.6069520,2233263.9130219,
1715672506.160639,3793827,32368,4,TX,1,100,487940.3519952,2233264.6580651,
1715672506.676394,3794319,32440,4,TX,1,100,487940.8685974,2233265.1746673,
1715672507.420674,3795029,32558,4,TX,1,100,487941.6520263,2233265.9580903,
1715672508.856820,3796399,32745,4,TX,1,100,487942.8857468,2233267.1918108,
1715672509.560217,3797070,32784,4,TX,1,100,487943.4352751,2233267.7413391,
1715672509.950178,3797442,32840,4,TX,1,100,487944.1520275,2233268.4580546,
1715672510.447063,3797916,32924,4,TX,1,100,487944.6686905,2233268.9747176,
1715672511.349634,3798777,33053,4,TX,1,100,487945.4353605,2233269.7413876,
1715672512.503792,3799878,33238,4,TX,1,100,487946.7353683,2233271.0413997,
1715672513.887524,3801198,33459,4,TX,1,100,487947.9853990,2233272.2914327,
1715672514.315223,3801606,33527,4,TX,1,100,487948.5522812,2233272.8583149,
1715672515.166428,3802418,33664,4,TX,1,100,487949.3520155,2233273.6580493,
1715672516.352035,3803549,33851,4,TX,1,100,487950.6020689,2233274.9080998,
1715672517.765119,3804897,34059,4,TX,1,100,487951.8520833,2233276.1581181,
1715672518.298694,3805406,34146,4,TX,1,100,487952.4020711,2233276.7081059,
1715672518.953870,3806031,34248,4,TX,1,100,487953.1854136,2233277.4914484,
1715672519.467528,3806521,34335,4,TX,1,100,487953.6855086,2233277.9915625,
1715672520.220195,3807239,34456,4,TX,1,100,487954.4353610,2233278.7414149,
1715672521.522161,3808481,34659,4,TX,1,100,487955.6688699,2233279.9748415,
1715672522.062026,3808996,34735,4,TX,1,100,487956.2021065,2233280.5080782,
1715672522.890169,3809786,34873,4,TX,1,100,487957.0521218,2233281.3580934,
1715672523.360847,3810235,34941,4,TX,1,100,487957.5854324,2233281.8914190,
1715672524.626123,3811442,35146,4,TX,1,100,487958.2521905,2233282.5581771,
1715672525.363065,3812145,35262,4,TX,1,100,487959.5526350,2233283.8586024,
1715672525.822213,3812583,35337,4,TX,1,100,487960.0522700,2233284.3582374,
1715672526.656645,3813379,35472,4,TX,1,100,487960.8354668,2233285.1414342,
1715672527.996349,3814657,35645,4,TX,1,100,487962.1854754,2233286.4914049,
1715672528.543552,3815179,35731,4,TX,1,100,487962.7355857,2233287.0415152,
1715672529.191391,3815797,35834,4,TX,1,100,487963.4021426,2233287.7080721,
1715672530.428363,3816977,36020,4,TX,1,100,487964.6522625,2233288.9582363,
1715672531.893861,3818375,36245,4,TX,1,100,487966.0022241,2233290.3081618,
1715672532.364540,3818824,36315,4,TX,1,100,487966.5522887,2233290.8582264,
1715672533.082613,3819509,36422,4,TX,1,100,487967.2860187,2233291.5919564,
1715672534.631973,3820987,36661,4,TX,1,100,487968.5189213,2233292.8248886,
1715672534.860499,3821205,36698,4,TX,1,100,487969.0521972,2233293.3581645,
1715672535.613165,3821923,36804,4,TX,1,100,487969.8022378,2233294.1081751,
1715672536.887876,3823139,37007,4,TX,1,100,487971.1188726,2233295.4248098,
1715672537.506362,3823729,37093,4,TX,1,100,487971.6689974,2233295.9748816,
1715672538.245401,3824434,37205,4,TX,1,100,487972.4522659,2233296.7581501,
1715672538.882756,3825042,37309,4,TX,1,100,487973.0190347,2233297.3249189,
1715672539.519063,3825649,37394,4,TX,1,100,487973.7022838,2233298.0082100,
1715672539.949907,3826060,37465,4,TX,1,100,487974.2022005,2233298.5081267,
1715672540.787484,3826859,37602,4,TX,1,100,487974.9855911,2233299.2915173,
1715672541.482495,3827522,37690,4,TX,1,100,487975.5191023,2233299.8249807,
1715672542.230968,3828236,37729,4,TX,1,100,487976.3189686,2233300.6248470,
1715672543.420768,3829371,37890,4,TX,1,100,487977.5690935,2233301.8749835,
1715672543.878867,3829808,37962,4,TX,1,100,487978.0690465,2233302.3749365,
1715672544.631534,3830526,38080,4,TX,1,100,487978.8689741,2233303.1748641,
1715672545.169302,3831039,38165,4,TX,1,100,487979.3856632,2233303.6915532,
1715672545.903100,3831739,38288,4,TX,1,100,487980.1357481,2233304.4416495,
1715672546.421999,3832234,38372,4,TX,1,100,487980.6357726,2233304.9416740,
1715672547.167327,3832945,38490,4,TX,1,100,487981.4022880,2233305.7081894,
1715672547.708241,3833461,38576,4,TX,1,100,487981.9190035,2233306.2248601,
1715672548.573073,3834286,38716,4,TX,1,100,487982.7190418,2233307.0248984,
1715672549.087780,3834777,38791,4,TX,1,100,487983.2974176,2233307.6032742,
1715672549.844639,3835499,38911,4,TX,1,100,487984.0190976,2233308.3249467,
1715672551.025005,3836625,39098,4,TX,1,100,487985.2690571,2233309.5749062,
1715672551.659215,3837230,39202,4,TX,1,100,487985.8473270,2233310.1531907,
1715672552.390916,3837928,39319,4,TX,1,100,487986.5857376,2233310.8916013,
1715672553.896249,3839364,39558,4,TX,1,100,487987.7857399,2233312.0916241,
1715672554.144691,3839601,39581,4,TX,1,100,487988.3190073,2233312.6248915,
1715672554.949772,3840369,39702,4,TX,1,100,487989.1025085,2233313.4083927,
1715672556.234965,3841595,39907,4,TX,1,100,487990.4525755,2233314.7584135,
1715672556.753865,3842090,39994,4,TX,1,100,487991.0023968,2233315.3082348,
1715672557.731912,3843023,40146,4,TX,1,100,487991.7362729,2233316.0421632,
1715672558.600937,3843852,40284,4,TX,1,100,487992.3358082,2233316.6416986,
1715672558.791725,3844034,40320,4,TX,1,100,487993.0023760,2233317.3082664,
1715672559.247727,3844469,40389,4,TX,1,100,487993.5025382,2233317.8084286,
1715672560.121994,3845303,40501,4,TX,1,100,487994.3024104,2233318.6082250,
1715672560.585335,3845745,40577,4,TX,1,100,487994.8358469,2233319.1416615,
1715672561.433395,3846554,40711,4,TX,1,100,487995.5357749,2233319.8415944,
1715672561.865287,3846966,40780,4,TX,1,100,487996.0860136,2233320.3918331,
1715672562.596988,3847664,40901,4,TX,1,100,487996.8358534,2233321.1416729,
1715672563.123225,3848166,40985,4,TX,1,100,487997.3693523,2233321.6751718,
1715672563.968140,3848972,41121,4,TX,1,100,487998.1192189,2233322.4250093,
1715672564.422046,3849405,41194,4,TX,1,100,487998.6530876,2233322.9588780,
1715672565.154795,3850104,41300,4,TX,1,100,487999.3858651,2233323.6916555,
1715672566.457810,3851347,41506,4,TX,1,100,488000.6860215,2233324.9918057,
1715672566.984047,3851849,41591,4,TX,1,100,488001.2026050,2233325.5083892,
1715672567.815335,3852642,41727,4,TX,1,100,488001.9866305,2233326.2924175,
1715672568.353103,3853155,41814,4,TX,1,100,488002.5694844,2233326.8752714,
1715672569.080611,3853849,41932,4,TX,1,100,488003.2864849,2233327.5922719,
1715672569.621524,3854365,42020,4,TX,1,100,488003.8360123,2233328.1417584,
1715672570.389915,3855098,42125,4,TX,1,100,488004.5194095,2233328.8251556,
1715672570.879462,3855565,42212,4,TX,1,100,488005.0192964,2233329.3250425,
1715672571.664625,3856314,42333,4,TX,1,100,488005.8529857,2233330.1587638,
1715672572.942481,3857533,42536,4,TX,1,100,488006.3526334,2233330.6584115,
1715672572.957157,3857547,42539,4,TX,1,100,488007.1359692,2233331.4417473,
1715672573.483394,3858049,42626,4,TX,1,100,488007.6693233,2233331.9750814,
1715672574.437331,3858959,42779,4,TX,1,100,488008.3859575,2233332.6917156,
1715672574.785360,3859291,42830,4,TX,1,100,488008.9360702,2233333.2418283,
1715672575.642855,3860109,42958,4,TX,1,100,488009.6865590,2233333.9923014,
1715672575.986691,3860437,43012,4,TX,1,100,488010.2026720,2233334.5084144,
1715672576.811689,3861224,43148,4,TX,1,100,488010.9527000,2233335.2584424,
1715672578.019310,3862376,43334,4,TX,1,100,488012.2527078,2233336.5584870,
1715672578.633603,3862962,43437,4,TX,1,100,488012.7698468,2233337.0756260,
1715672579.379980,3863674,43554,4,TX,1,100,488013.5694321,2233337.8751897,
1715672579.903072,3864173,43641,4,TX,1,100,488014.0865700,2233338.3923277,
1715672580.558249,3864798,43747,4,TX,1,100,488014.7859861,2233339.0917438,
1715672581.202942,3865413,43834,4,TX,1,100,488015.3361363,2233339.6418939,
1715672581.915773,3866093,43952,4,TX,1,100,488016.1361111,2233340.4418251,
1715672582.467170,3866619,44040,4,TX,1,100,488016.6862558,2233340.9919698,
1715672583.118153,3867240,44142,4,TX,1,100,488017.3696747,2233341.6753887,
1715672583.646487,3867744,44228,4,TX,1,100,488017.8864005,2233342.1921025,
1715672584.508174,3868566,44366,4,TX,1,100,488018.7033753,2233343.0090772,
1715672585.031267,3869065,44451,4,TX,1,100,488019.2528517,2233343.5585537,
1715672586.109949,3870094,44622,4,TX,1,100,488019.8865578,2233344.1922539,
1715672586.364681,3870337,44646,4,TX,1,100,488020.4577108,2233344.7634069,
1715672586.961154,3870906,44733,4,TX,1,100,488021.1860489,2233345.4917450,
1715672587.489488,3871410,44821,4,TX,1,100,488021.7193091,2233346.0250459,
1715672588.439231,3872316,44973,4,TX,1,100,488022.5695117,2233346.8752485,
1715672588.896282,3872752,45042,4,TX,1,100,488023.1193866,2233347.4251234,
1715672589.556700,3873382,45146,4,TX,1,100,488023.7861697,2233348.0918502,
1715672590.082937,3873884,45230,4,TX,1,100,488024.3194959,2233348.6251764,
1715672590.838748,3874605,45354,4,TX,1,100,488025.0699031,2233349.3755836,
1715672591.380710,3875122,45438,4,TX,1,100,488025.6196259,2233349.9253306,
1715672592.311584,3876010,45566,4,TX,1,100,488026.5027982,2233350.8085029,
1715672593.585247,3877225,45769,4,TX,1,100,488027.8362387,2233352.1419257,
1715672594.878826,3878459,45974,4,TX,1,100,488029.1195853,2233353.4252723,
1715672595.387243,3878944,46060,4,TX,1,100,488029.6363353,2233353.9420368,
1715672596.170310,3879691,46181,4,TX,1,100,488030.3529207,2233354.6586222,
1715672597.449214,3880911,46374,4,TX,1,100,488031.7028391,2233356.0084855,
1715672598.077134,3881510,46478,4,TX,1,100,488032.2363067,2233356.5419531,
1715672598.701910,3882106,46579,4,TX,1,100,488032.9361539,2233357.2418003,
1715672600.090884,3883431,46799,4,TX,1,100,488034.2528323,2233358.5584716,
1715672601.247139,3884534,46986,4,TX,1,100,488035.4862251,2233359.7918644,
1715672601.888687,3885146,47089,4,TX,1,100,488036.0530034,2233360.3586448,
1715672602.699009,3885919,47198,4,TX,1,100,488036.8363220,2233361.1419634,
1715672603.940175,3887103,47401,4,TX,1,100,488038.1029110,2233362.4085319,
1715672605.447604,3888541,47638,4,TX,1,100,488039.3863862,2233363.6920071,
1715672606.119552,3889182,47743,4,TX,1,100,488039.9197709,2233364.2253827,
1715672607.264276,3890274,47928,4,TX,1,100,488040.6697760,2233364.9753878,
1715672607.272662,3890282,47931,4,TX,1,100,488041.2530867,2233365.5586985,
