LocalTimestamp,EmotiBitTimestamp,PacketNumber,DataLength,TypeTag,ProtocolVersion,DataReliability,LR,LM,LC,LD,
1715670753.142004,2121549,19164,8,LM,1,100,486187.4005106,2231511.7144089,486187.4053591,14,
1715670754.232217,2122589,19336,8,LM,1,100,486187.9338478,2231512.2477461,486187.9391444,16,
1715670754.360107,2122711,19356,8,LM,1,100,486188.6671637,2231512.9810620,486188.6717793,14,
1715670754.986979,2123309,19460,8,LM,1,100,486189.1844892,2231513.4983596,486189.2059425,16,
1715670755.772143,2124058,19579,8,LM,1,100,486189.9838353,2231514.2977057,486190.0048514,14,
1715670756.297332,2124559,19666,8,LM,1,100,486190.5672513,2231514.8811218,486190.5717949,16,
1715670756.931542,2125164,19768,8,LM,1,100,486191.2345651,2231515.5484266,486191.2387249,14,
1715670757.546884,2125751,19871,8,LM,1,100,486191.8172100,2231516.1310715,486191.8389671,16,
1715670758.330998,2126499,19995,8,LM,1,100,486192.5672490,2231516.8811105,486192.5718694,15,
1715670759.283887,2127408,20150,8,LM,1,100,486193.1007042,2231517.4145213,486193.1056641,18,
1715670759.596275,2127706,20203,8,LM,1,100,486193.8340441,2231518.1478612,486193.8392791,14,
1715670760.141381,2128226,20288,8,LM,1,100,486194.4006685,2231518.7144856,486194.4054595,16,
1715670761.247319,2129281,20458,8,LM,1,100,486195.1505229,2231519.4643540,486195.1726824,14,
1715670761.537693,2129558,20511,8,LM,1,100,486195.7505961,2231520.0644272,486195.7722476,16,
1715670762.075461,2130071,20596,8,LM,1,100,486196.3673127,2231520.6811438,486196.3722330,14,
1715670762.624761,2130595,20684,8,LM,1,100,486196.9007676,2231521.2145987,486196.9060866,16,
1715670763.398393,2131333,20807,8,LM,1,100,486197.6178544,2231521.9316935,486197.6389078,14,
1715670763.917292,2131828,20896,8,LM,1,100,486198.1507042,2231522.4645432,486198.1722085,16,
1715670764.668911,2132545,21015,8,LM,1,100,486198.9173089,2231523.2311480,486198.9388853,14,
1715670765.185713,2133038,21102,8,LM,1,100,486199.4507113,2231523.7645187,486199.4716788,16,
1715670765.943621,2133761,21221,8,LM,1,100,486200.2172401,2231524.5310475,486200.2388460,14,
1715670766.513886,2134305,21306,8,LM,1,100,486200.8007073,2231525.1145147,486200.8050656,16,
1715670767.252925,2135010,21427,8,LM,1,100,486201.5172413,2231525.8310617,486201.5384820,15,
1715670767.877701,2135606,21529,8,LM,1,100,486202.0507048,2231526.3645252,486202.0717002,18,
1715670768.666009,2136358,21652,8,LM,1,100,486202.8507697,2231527.1645900,486202.8718712,14,
1715670769.220550,2136887,21743,8,LM,1,100,486203.3840318,2231527.6978543,486203.4051042,16,
1715670769.862099,2137499,21845,8,LM,1,100,486204.1339707,2231528.4477933,486204.1384352,14,
1715670770.396722,2138009,21931,8,LM,1,100,486204.6507481,2231528.9645706,486204.6714985,16,
1715670771.130520,2138709,22048,8,LM,1,100,486205.4172923,2231529.7310683,486205.4382414,14,
1715670771.783599,2139332,22152,8,LM,1,100,486205.9340380,2231530.2478140,486205.9383913,16,
1715670772.330802,2139854,22238,8,LM,1,100,486206.6173464,2231530.9311224,486206.6384362,15,
1715670772.875909,2140374,22325,8,LM,1,100,486207.1674304,2231531.4812629,486207.1719225,18,
1715670773.703003,2141163,22464,8,LM,1,100,486207.9840368,2231532.2978693,486208.0052155,14,
1715670774.336165,2141767,22554,8,LM,1,100,486208.5340376,2231532.8478701,486208.5384335,16,
1715670775.340419,2142725,22709,8,LM,1,100,486209.2173543,2231533.5311218,486209.2385234,14,
1715670775.864560,2143225,22796,8,LM,1,100,486209.7840722,2231534.0978397,486209.8051185,16,
1715670776.273390,2143615,22850,8,LM,1,100,486210.5009902,2231534.8147577,486210.5051866,15,
1715670777.637205,2144916,23067,8,LM,1,100,486211.8341917,2231536.1479547,486211.8385766,14,
1715670778.070145,2145329,23138,8,LM,1,100,486212.3677918,2231536.6815548,486212.3719457,16,
1715670778.735804,2145964,23242,8,LM,1,100,486213.0174553,2231537.3312011,486213.0385182,14,
1715670779.356387,2146556,23345,8,LM,1,100,486213.6174632,2231537.9312090,486213.6386749,16,
1715670780.070267,2147237,23452,8,LM,1,100,486214.3674189,2231538.6811647,486214.3715886,14,
1715670780.800920,2147934,23573,8,LM,1,100,486214.9675254,2231539.2813263,486214.9719279,16,
1715670781.474965,2148577,23677,8,LM,1,100,486215.6841112,2231539.9979121,486215.7050949,14,
1715670781.995961,2149074,23762,8,LM,1,100,486216.2341951,2231540.5479960,486216.2390233,16,
1715670782.621785,2149671,23866,8,LM,1,100,486216.8841373,2231541.1979382,486216.9052484,14,
1715670783.154312,2150179,23952,8,LM,1,100,486217.4007870,2231541.7145340,486217.4052835,16,
1715670783.939475,2150928,24073,8,LM,1,100,486218.1841708,2231542.4979178,486218.2053601,14,
1715670784.440554,2151406,24157,8,LM,1,100,486218.7341617,2231543.0479087,486218.7385420,16,
1715670785.175400,2152107,24269,8,LM,1,100,486219.4516984,2231543.7654671,486219.4724882,14,
1715670785.808562,2152711,24373,8,LM,1,100,486220.0341997,2231544.3479684,486220.0388172,16,
1715670786.545504,2153414,24489,8,LM,1,100,486220.7346342,2231545.0484029,486220.7385929,15,
1715670787.846421,2154655,24694,8,LM,1,100,486222.0508978,2231546.3646176,486222.0719417,14,
1715670789.350706,2156090,24930,8,LM,1,100,486222.6175145,2231546.9312343,486222.6391656,16,
1715670789.365382,2156104,24933,8,LM,1,100,486223.3508340,2231547.6645378,486223.3720754,14,
1715670789.579232,2156308,24970,8,LM,1,100,486223.8509519,2231548.1646557,486223.8724426,16,
1715670790.434629,2157124,25096,8,LM,1,100,486224.6012696,2231548.9149734,486224.6057180,14,
1715670790.969253,2157634,25183,8,LM,1,100,486225.1843637,2231549.4980673,486225.2059021,16,
1715670791.614995,2158250,25285,8,LM,1,100,486225.8842975,2231550.1980010,486225.9061010,14,
1715670792.237674,2158844,25389,8,LM,1,100,486226.4842534,2231550.7979569,486226.5055149,16,
1715670792.910671,2159486,25492,8,LM,1,100,486227.1842506,2231551.4979659,486227.2054844,15,
1715670794.298596,2160810,25713,8,LM,1,100,486228.5345617,2231552.8482770,486228.5386736,14,
1715670794.945386,2161427,25815,8,LM,1,100,486229.0843719,2231553.3981046,486229.1053682,16,
1715670795.563872,2162017,25919,8,LM,1,100,486229.8174799,2231554.1312126,486229.8390652,14,
1715670796.144620,2162571,26011,8,LM,1,100,486230.4175464,2231554.7312791,486230.4388444,16,
1715670796.875273,2163268,26132,8,LM,1,100,486231.0843120,2231555.3980177,486231.1051491,14,
1715670797.415138,2163783,26216,8,LM,1,100,486231.6842775,2231555.9979832,486231.7054982,16,
1715670798.045156,2164384,26319,8,LM,1,100,486232.3341906,2231556.6478963,486232.3391678,14,
1715670798.685656,2164995,26422,8,LM,1,100,486232.9342303,2231557.2479360,486232.9386943,16,
1715670799.437274,2165712,26543,8,LM,1,100,486233.6510502,2231557.9647279,486233.6722025,14,
1715670799.874407,2166129,26612,8,LM,1,100,486234.1677590,2231558.4814367,486234.1725400,16,
1715670800.641750,2166861,26733,8,LM,1,100,486234.8843548,2231559.1980325,486234.9054035,14,
1715670801.184760,2167379,26809,8,LM,1,100,486235.4678303,2231559.7814545,486235.4721100,16,
1715670801.908074,2168069,26928,8,LM,1,100,486236.1844503,2231560.4980745,486236.2057047,14,
1715670802.574781,2168705,27032,8,LM,1,100,486236.7849674,2231561.0985916,486236.8054993,16,
1715670803.197461,2169299,27133,8,LM,1,100,486237.4175288,2231561.7312189,486237.4392134,15,
1715670804.556034,2170595,27356,8,LM,1,100,486238.7510198,2231563.0647099,486238.7726683,14,
1715670805.094851,2171109,27440,8,LM,1,100,486239.3344189,2231563.6480599,486239.3388662,16,
1715670805.874773,2171853,27561,8,LM,1,100,486240.0175509,2231564.3311920,486240.0391376,14,
1715670806.352789,2172309,27634,8,LM,1,100,486240.6010714,2231564.9147125,486240.6058436,16,
1715670807.010062,2172936,27738,8,LM,1,100,486241.3013285,2231565.6149572,486241.3062777,14,
1715670807.605486,2173504,27823,8,LM,1,100,486241.8344833,2231566.1481120,486241.8393592,16,
1715670808.380166,2174243,27942,8,LM,1,100,486242.6179404,2231566.9315691,486242.6388867,14,
1715670808.934707,2174772,28031,8,LM,1,100,486243.1678463,2231567.4814741,486243.1721160,16,
1715670809.655925,2175460,28150,8,LM,1,100,486243.9344008,2231568.2480286,486243.9389783,14,
1715670810.304811,2176079,28254,8,LM,1,100,486244.4678445,2231568.7814724,486244.4726512,16,
1715670811.207382,2176940,28390,8,LM,1,100,486245.1677365,2231569.4814267,486245.1721753,15,
1715670812.203250,2177890,28549,8,LM,1,100,486246.4343580,2231570.7480482,486246.4388114,14,
1715670812.728439,2178391,28634,8,LM,1,100,486246.9683861,2231571.2820059,486246.9721735,16,
1715670813.580692,2179204,28772,8,LM,1,100,486247.7845070,2231572.0981267,486247.8055517,14,
1715670814.049274,2179651,28841,8,LM,1,100,486248.3178673,2231572.6314871,486248.3395256,16,
1715670815.103846,2180657,29012,8,LM,1,100,486249.0175551,2231573.3312104,486249.0394473,14,
1715670815.448730,2180986,29065,8,LM,1,100,486249.5677384,2231573.8813937,486249.5724893,16,
1715670815.982306,2181495,29150,8,LM,1,100,486250.2510104,2231574.5646657,486250.2733454,14,
1715670816.500157,2181989,29237,8,LM,1,100,486250.7683445,2231575.0819998,486250.7722379,16,
1715670817.344024,2182794,29376,8,LM,1,100,486251.6010830,2231575.9147056,486251.6063550,14,
1715670817.904855,2183329,29465,8,LM,1,100,486252.1845169,2231576.4981395,486252.2058116,16,
1715670818.541162,2183936,29569,8,LM,1,100,486252.8175852,2231577.1312078,486252.8393570,15,
1715670820.327434,2185640,29853,8,LM,1,100,486254.1678414,2231578.4814149,486254.1728782,14,
1715670820.459517,2185766,29874,8,LM,1,100,486254.6678736,2231578.9814471,486254.6728385,16,
1715670821.204846,2186477,29994,8,LM,1,100,486255.4844662,2231579.7980416,486255.5058674,14,
1715670821.721649,2186970,30078,8,LM,1,100,486255.9845572,2231580.2981326,486256.0059651,16,
1715670822.377873,2187596,30181,8,LM,1,100,486256.6678528,2231580.9814282,486256.6724913,14,
1715670822.968056,2188159,30275,8,LM,1,100,486257.2678965,2231581.5814620,486257.2726861,16,
1715670823.911510,2189059,30428,8,LM,1,100,486258.0512358,2231582.3648013,486258.0726458,14,
1715670824.339209,2189467,30498,8,LM,1,100,486258.6346545,2231582.9482200,486258.6390999,16,
1715670825.080344,2190174,30617,8,LM,1,100,486259.3345870,2231583.6481681,486259.3398176,14,
1715670825.534250,2190607,30688,8,LM,1,100,486259.8345044,2231584.1480855,486259.8395512,16,
1715670826.373924,2191408,30822,8,LM,1,100,486260.5678776,2231584.8814587,486260.5724076,14,
1715670826.887582,2191898,30908,8,LM,1,100,486261.1013010,2231585.4148871,486261.1057458,16,
1715670827.565820,2192545,31012,8,LM,1,100,486261.8679516,2231586.1815377,486261.8728622,14,
1715670828.176968,2193128,31119,8,LM,1,100,486262.4680043,2231586.7815904,486262.4731285,16,
1715670828.833193,2193754,31225,8,LM,1,100,486263.1179742,2231587.4315146,486263.1391912,15,
1715670829.395072,2194290,31312,8,LM,1,100,486263.6684841,2231587.9820245,486263.6732290,18,
1715670830.456981,2195303,31481,8,LM,1,100,486264.4012825,2231588.7148229,486264.4062203,14,
1715670830.695990,2195531,31518,8,LM,1,100,486264.9847784,2231589.2983223,486265.0061670,16,
1715670831.447608,2196248,31637,8,LM,1,100,486265.7345768,2231590.0481207,486265.7392679,14,
1715670832.094398,2196865,31739,8,LM,1,100,486266.3178984,2231590.6314423,486266.3390193,16,
1715670832.708691,2197451,31843,8,LM,1,100,486266.9514086,2231591.2649525,486266.9724235,14,
1715670833.324032,2198038,31932,8,LM,1,100,486267.5513242,2231591.8648454,486267.5723708,16,
1715670833.973967,2198658,32039,8,LM,1,100,486268.2680244,2231592.5815456,486268.2723491,15,
1715670834.534798,2199193,32125,8,LM,1,100,486268.8183558,2231593.1318771,486268.8390614,18,
1715670835.372375,2199992,32261,8,LM,1,100,486269.5845988,2231593.8981626,486269.6056039,14,
1715670836.012875,2200603,32365,8,LM,1,100,486270.1847068,2231594.4982706,486270.2056724,16,
1715670836.556933,2201122,32451,8,LM,1,100,486270.7847117,2231595.0982755,486270.8057736,14,
1715670837.076881,2201618,32538,8,LM,1,100,486271.3680847,2231595.6816040,486271.3723565,16,
1715670837.913410,2202416,32673,8,LM,1,100,486272.1180579,2231596.4315772,486272.1390911,14,
1715670838.347399,2202830,32743,8,LM,1,100,486272.6349819,2231596.9485012,486272.6396348,16,
1715670839.067568,2203517,32822,8,LM,1,100,486273.3679963,2231597.6815051,486273.3724799,14,
1715670839.669282,2204091,32922,8,LM,1,100,486273.8850853,2231598.1985941,486273.9058830,16,
1715670840.388403,2204777,33026,8,LM,1,100,486274.6513509,2231598.9648597,486274.6723054,14,
1715670841.012131,2205372,33130,8,LM,1,100,486275.1848485,2231599.4983182,486275.2058690,16,
1715670841.673597,2206003,33232,8,LM,1,100,486275.9348000,2231600.2482697,486275.9396421,14,
1715670842.197738,2206503,33320,8,LM,1,100,486276.4848999,2231600.7983696,486276.5067341,16,
1715670843.046846,2207313,33456,8,LM,1,100,486277.2512955,2231601.5647578,486277.2724330,14,
1715670843.572035,2207814,33544,8,LM,1,100,486277.8514438,2231602.1649061,486277.8724977,16,
1715670844.283818,2208493,33637,8,LM,1,100,486278.5346344,2231602.8480967,486278.5398466,15,
1715670845.580543,2209730,33840,8,LM,1,100,486279.8346861,2231604.1482147,486279.8395581,14,
1715670846.121457,2210246,33925,8,LM,1,100,486280.3680630,2231604.6815916,486280.3725829,16,
1715670846.867833,2210958,34044,8,LM,1,100,486281.1515298,2231605.4649999,486281.1726739,14,
1715670847.397216,2211463,34131,8,LM,1,100,486281.7015075,2231606.0149776,486281.7060284,16,
1715670848.129965,2212162,34250,8,LM,1,100,486282.4348583,2231606.7483284,486282.4392246,15,
1715670848.654105,2212662,34338,8,LM,1,100,486282.9350577,2231607.2485278,486282.9392316,18,
1715670849.519986,2213488,34463,8,LM,1,100,486283.6514915,2231607.9649440,486283.6727093,14,
1715670849.895271,2213846,34517,8,LM,1,100,486284.2015829,2231608.5150354,486284.2057655,16,
1715670850.720269,2214633,34653,8,LM,1,100,486284.9692463,2231609.2826988,486284.9730349,14,
1715670851.304162,2215190,34738,8,LM,1,100,486285.5514742,2231609.8649567,486285.5726917,16,
1715670852.048442,2215900,34859,8,LM,1,100,486286.2848714,2231610.5983539,486286.3063881,14,
1715670852.564197,2216392,34945,8,LM,1,100,486286.8352033,2231611.1486858,486286.8396553,16,
1715670853.313718,2217107,35066,8,LM,1,100,486287.5681425,2231611.8815974,486287.5731121,14,
1715670854.309586,2218057,35219,8,LM,1,100,486288.1515519,2231612.4650068,486288.1729993,16,
1715670854.618829,2218352,35272,8,LM,1,100,486288.7849382,2231613.0983931,486288.8061613,14,
1715670855.088459,2218800,35330,8,LM,1,100,486289.3016939,2231613.6151242,486289.3063417,16,
1715670855.809677,2219488,35450,8,LM,1,100,486290.0847643,2231614.3981946,486290.1068326,15,
1715670856.344301,2219998,35536,8,LM,1,100,486290.6182274,2231614.9316577,486290.6399521,18,
1715670857.125271,2220743,35655,8,LM,1,100,486291.4185531,2231615.7319662,486291.4392806,14,
1715670857.748999,2221338,35758,8,LM,1,100,486291.9849596,2231616.2983727,486292.0066397,16,
1715670858.390547,2221950,35862,8,LM,1,100,486292.6182394,2231616.9316525,486292.6392702,14,
1715670859.031047,2222561,35966,8,LM,1,100,486293.2182520,2231617.5316577,486293.2393527,16,
1715670859.692513,2223192,36067,8,LM,1,100,486293.9347677,2231618.2481734,486293.9393119,14,
1715670860.338255,2223808,36162,8,LM,1,100,486294.4515596,2231618.7649653,486294.4726207,16,
1715670861.024879,2224463,36267,8,LM,1,100,486295.2683246,2231619.5817324,486295.2724170,14,
1715670861.567889,2224981,36352,8,LM,1,100,486295.8354119,2231620.1488197,486295.8396586,16,
1715670862.294348,2225674,36470,8,LM,1,100,486296.5349512,2231620.8483590,486296.5393362,14,
1715670862.819538,2226175,36556,8,LM,1,100,486297.1025775,2231621.4159622,486297.1060755,16,
1715670863.472617,2226798,36662,8,LM,1,100,486297.7682948,2231622.0816796,486297.7724145,14,
1715670864.103683,2227400,36766,8,LM,1,100,486298.3518662,2231622.6652510,486298.3728019,16,
1715670864.843770,2228106,36884,8,LM,1,100,486299.0352532,2231623.3486378,486299.0392610,14,
1715670865.370008,2228608,36971,8,LM,1,100,486299.6194388,2231623.9328234,486299.6394344,16,
1715670866.056632,2229263,37063,8,LM,1,100,486300.3515980,2231624.6649827,486300.3727381,15,
1715670867.306184,2230455,37266,8,LM,1,100,486301.6017031,2231625.9150864,486301.6071456,14,
1715670867.940394,2231060,37369,8,LM,1,100,486302.1517040,2231626.4650873,486302.1733692,16,
1715670868.599764,2231689,37475,8,LM,1,100,486302.8849703,2231627.1983537,486302.9062186,14,
1715670869.211960,2232273,37577,8,LM,1,100,486303.4516348,2231627.7649939,486303.4729283,16,
1715670870.019137,2233043,37679,8,LM,1,100,486304.1688796,2231628.4822388,486304.1732154,14,
1715670870.477237,2233480,37752,8,LM,1,100,486304.7517900,2231629.0651491,486304.7732558,16,
1715670871.276027,2234242,37862,8,LM,1,100,486305.5018714,2231629.8152500,486305.5065717,14,
1715670871.791782,2234734,37948,8,LM,1,100,486306.0517859,2231630.3651645,486306.0732527,16,
1715670872.733139,2235632,38101,8,LM,1,100,486306.9851713,2231631.2985203,486307.0067332,14,
1715670873.324370,2236196,38190,8,LM,1,100,486307.5685015,2231631.8818505,486307.5733330,16,
1715670873.960677,2236803,38294,8,LM,1,100,486308.2518786,2231632.5652277,486308.2740101,15,
1715670874.493204,2237311,38379,8,LM,1,100,486308.7851135,2231633.0984625,486308.8068492,18,
1715670875.158863,2237946,38483,8,LM,1,100,486309.4517047,2231633.7650533,486309.4727796,14,
1715670875.692439,2238455,38571,8,LM,1,100,486309.9851619,2231634.2985105,486310.0061920,16,
1715670876.668389,2239386,38711,8,LM,1,100,486310.7851391,2231635.0984878,486310.8064795,14,
1715670876.997550,2239700,38765,8,LM,1,100,486311.3018131,2231635.6151397,486311.3070924,16,
1715670877.834078,2240498,38902,8,LM,1,100,486312.0851721,2231636.3984987,486312.1065235,15,
1715670878.378137,2241017,38990,8,LM,1,100,486312.6024566,2231636.9157832,486312.6069017,18,
1715670879.051134,2241659,39092,8,LM,1,100,486313.3350867,2231637.6484719,486313.3400529,14,
1715670879.668571,2242248,39196,8,LM,1,100,486313.9351923,2231638.2485774,486313.9394913,16,
1715670880.327941,2242877,39298,8,LM,1,100,486314.6349437,2231638.9483288,486314.6395240,14,
1715670880.940137,2243461,39397,8,LM,1,100,486315.1684680,2231639.4818128,486315.1728629,16,
1715670881.625714,2244115,39501,8,LM,1,100,486315.9183358,2231640.2316806,486315.9401489,14,
1715670882.235814,2244697,39593,8,LM,1,100,486316.5184200,2231640.8317648,486316.5403870,16,
1715670882.871073,2245303,39697,8,LM,1,100,486317.1685934,2231641.4819003,486317.1737856,14,
1715670883.525200,2245927,39801,8,LM,1,100,486317.7518874,2231642.0651943,486317.7729438,16,
1715670884.200294,2246571,39904,8,LM,1,100,486318.4854822,2231642.7987891,486318.5068844,14,
1715670884.803056,2247146,40006,8,LM,1,100,486319.0184711,2231643.3317927,486319.0398813,16,
1715670885.575640,2247883,40126,8,LM,1,100,486319.8184840,2231644.1318056,486319.8402222,14,
1715670886.137519,2248419,40212,8,LM,1,100,486320.3518311,2231644.6651527,486320.3730063,16,
1715670886.746570,2249000,40315,8,LM,1,100,486321.0357446,2231645.3490431,486321.0402379,14,
1715670887.440533,2249662,40408,8,LM,1,100,486321.6185409,2231645.9318394,486321.6398668,16,
1715670888.097806,2250289,40510,8,LM,1,100,486322.3855278,2231646.6988263,486322.4065005,15,
1715670888.631381,2250798,40599,8,LM,1,100,486322.9185542,2231647.2318527,486322.9396607,18,
1715670889.360985,2251494,40720,8,LM,1,100,486323.6186285,2231647.9318819,486323.6395175,14,
1715670889.909237,2252017,40805,8,LM,1,100,486324.1685846,2231648.4818380,486324.1744128,16,
1715670890.665048,2252738,40924,8,LM,1,100,486324.9519913,2231649.2652447,486324.9730410,14,
1715670891.276196,2253321,41028,8,LM,1,100,486325.5519960,2231649.8652971,486325.5735115,16,
1715670891.962821,2253976,41129,8,LM,1,100,486326.2185846,2231650.5318857,486326.2405613,14,
1715670892.696618,2254676,41238,8,LM,1,100,486326.8186172,2231651.1319183,486326.8399101,16,
1715670893.357036,2255306,41347,8,LM,1,100,486327.4857548,2231651.7990599,486327.5072738,15,
1715670893.796266,2255725,41415,8,LM,1,100,486328.0602657,2231652.3735708,486328.0736723,18,
1715670894.516435,2256412,41533,8,LM,1,100,486328.7686626,2231653.0819677,486328.7730764,14,
1715670895.066783,2256937,41619,8,LM,1,100,486329.3686111,2231653.6819356,486329.3732933,16,
1715670895.892829,2257725,41756,8,LM,1,100,486330.0685759,2231654.3819004,486330.0731077,14,
1715670896.371894,2258182,41827,8,LM,1,100,486330.6186143,2231654.9319388,486330.6403473,16,
1715670897.001912,2258783,41929,8,LM,1,100,486331.2852837,2231655.5985513,486331.3063183,14,
1715670897.632977,2259385,42033,8,LM,1,100,486331.8854057,2231656.1986733,486331.9067907,16,
1715670898.304926,2260026,42127,8,LM,1,100,486332.6025080,2231656.9157756,486332.6066540,14,
1715670898.836405,2260533,42212,8,LM,1,100,486333.1354751,2231657.4486985,486333.1405388,16,
1715670899.680272,2261338,42348,8,LM,1,100,486333.8854027,2231658.1986261,486333.9066246,14,
1715670900.197075,2261831,42434,8,LM,1,100,486334.4520969,2231658.7653203,486334.4732401,16,
1715670900.941355,2262541,42554,8,LM,1,100,486335.1853570,2231659.4985770,486335.2070538,14,
1715670901.582903,2263153,42640,8,LM,1,100,486335.7854510,2231660.0986710,486335.8066048,16,
1715670902.220258,2263761,42743,8,LM,1,100,486336.4854941,2231660.7987141,486336.5069391,15,
1715670902.853421,2264365,42845,8,LM,1,100,486337.0186764,2231661.3319330,486337.0402694,18,
1715670903.556818,2265036,42940,8,LM,1,100,486337.7687224,2231662.0819790,486337.7730726,14,
1715670904.082007,2265537,43025,8,LM,1,100,486338.3020863,2231662.6153430,486338.3064673,16,
1715670904.811611,2266233,43146,8,LM,1,100,486339.0686522,2231663.3818593,486339.0732923,14,
1715670905.336800,2266734,43233,8,LM,1,100,486339.6028734,2231663.9160805,486339.6062247,16,
1715670906.090515,2267453,43352,8,LM,1,100,486340.3523494,2231664.6655565,486340.3730935,14,
1715670906.612559,2267951,43437,8,LM,1,100,486340.9021113,2231665.2153184,486340.9062417,16,
1715670907.363129,2268667,43558,8,LM,1,100,486341.5520822,2231665.8652854,486341.5728178,14,
1715670907.878884,2269159,43644,8,LM,1,100,486342.1522191,2231666.4654222,486342.1730231,16,
1715670908.539301,2269789,43748,8,LM,1,100,486342.8353492,2231667.1485523,486342.8399357,15,
1715670909.191333,2270411,43840,8,LM,1,100,486343.4103279,2231667.7235312,486343.4398673,18,
1715670909.929323,2271115,43961,8,LM,1,100,486344.1853892,2231668.4985925,486344.2065113,14,
1715670910.471285,2271632,44045,8,LM,1,100,486344.7187194,2231669.0319227,486344.7396481,16,
1715670911.136944,2272267,44150,8,LM,1,100,486345.4354281,2231669.7486446,486345.4394649,14,
1715670912.509145,2273576,44367,8,LM,1,100,486346.0354276,2231670.3486442,486346.0395809,16,
1715670912.533255,2273599,44370,8,LM,1,100,486346.7687711,2231671.0819877,486346.7730857,14,
1715670913.084651,2274125,44458,8,LM,1,100,486347.3688692,2231671.6820908,486347.3731649,16,
1715670913.737731,2274748,44563,8,LM,1,100,486348.0354119,2231672.3486335,486348.0398519,15,
1715670914.282837,2275268,44634,8,LM,1,100,486348.5691468,2231672.8823683,486348.5731769,18,
1715670915.005104,2275957,44754,8,LM,1,100,486349.3021783,2231673.6153357,486349.3064635,14,
1715670915.634073,2276557,44858,8,LM,1,100,486349.8523005,2231674.1654579,486349.8732370,16,
1715670916.282959,2277176,44960,8,LM,1,100,486350.5688454,2231674.8820029,486350.5732654,14,
1715670916.899349,2277764,45063,8,LM,1,100,486351.1356194,2231675.4487744,486351.1398628,16,
1715670917.678222,2278507,45182,8,LM,1,100,486351.8855577,2231676.1987127,486351.9066300,14,
1715670918.203412,2279008,45267,8,LM,1,100,486352.4188670,2231676.7320220,486352.4398027,16,
1715670918.930919,2279702,45390,8,LM,1,100,486353.1856089,2231677.4987552,486353.2066993,14,
1715670919.531585,2280275,45466,8,LM,1,100,486353.7021906,2231678.0153368,486353.7066229,16,
1715670920.231837,2280943,45568,8,LM,1,100,486354.4532352,2231678.7663815,486354.4733503,14,
1715670920.754930,2281442,45655,8,LM,1,100,486354.9856772,2231679.2988234,486355.0066642,16,
1715670921.525417,2282177,45776,8,LM,1,100,486355.7022170,2231680.0153458,486355.7067215,14,
1715670922.091489,2282717,45861,8,LM,1,100,486356.2856277,2231680.5987565,486356.3065135,16,
1715670922.717313,2283314,45965,8,LM,1,100,486356.9522876,2231681.2654164,486356.9732812,14,
1715670923.276047,2283847,46053,8,LM,1,100,486357.5523285,2231681.8654589,486357.5732180,16,
1715670924.011941,2284549,46173,8,LM,1,100,486358.2688424,2231682.5819728,486358.2733060,15,
1715670925.313907,2285791,46364,8,LM,1,100,486359.6023532,2231683.9154660,486359.6066017,14,
1715670925.861110,2286313,46452,8,LM,1,100,486360.1023549,2231684.4154677,486360.1065676,16,
1715670926.595956,2287014,46571,8,LM,1,100,486360.8188558,2231685.1319686,486360.8399358,14,
1715670927.042524,2287440,46639,8,LM,1,100,486361.3189455,2231685.6320459,486361.3400028,16,
1715670928.466091,2288798,46861,8,LM,1,100,486362.1357458,2231686.4488462,486362.1397230,14,
1715670928.481815,2288813,46864,8,LM,1,100,486362.7357030,2231687.0488034,486362.7403438,16,
1715670929.325682,2289618,47002,8,LM,1,100,486363.4355788,2231687.7486750,486363.4401831,14,
1715670929.765960,2290038,47072,8,LM,1,100,486363.9856067,2231688.2987028,486364.0066572,16,
1715670930.489275,2290728,47180,8,LM,1,100,486364.7189516,2231689.0320477,486364.7402144,14,
1715670931.012367,2291227,47266,8,LM,1,100,486365.2858486,2231689.5989976,486365.3065488,16,
1715670931.779709,2291959,47385,8,LM,1,100,486366.0189929,2231690.3321419,486366.0401234,14,
1715670932.429644,2292579,47471,8,LM,1,100,486366.5360436,2231690.8491926,486366.5401628,16,
1715670932.982089,2293106,47559,8,LM,1,100,486367.2355539,2231691.5486725,486367.2400334,15,
1715670934.267282,2294332,47764,8,LM,1,100,486368.5190678,2231692.8321864,486368.5399621,14,
1715670934.815534,2294855,47851,8,LM,1,100,486369.0858074,2231693.3988779,486369.1067459,16,
1715670935.636338,2295638,47970,8,LM,1,100,486369.7857291,2231694.0987996,486369.8067289,14,
1715670936.030492,2296014,48027,8,LM,1,100,486370.3024528,2231694.6155233,486370.3066407,16,
1715670936.967656,2296908,48179,8,LM,1,100,486371.1524465,2231695.4654991,486371.1734531,14,
1715670937.416321,2297336,48247,8,LM,1,100,486371.7028596,2231696.0159121,486371.7066850,16,
1715670938.049483,2297940,48351,8,LM,1,100,486372.3357053,2231696.6487578,486372.3400465,14,
1715670938.670066,2298532,48455,8,LM,1,100,486372.9357543,2231697.2488068,486372.9399686,16,
1715670939.519174,2299342,48590,8,LM,1,100,486373.7189840,2231698.0320784,486373.7400297,14,
1715670940.059039,2299857,48678,8,LM,1,100,486374.3024987,2231698.6155931,486374.3065950,16,
1715670940.719457,2300487,48780,8,LM,1,100,486374.9357631,2231699.2488575,486374.9401536,15,
1715670941.984733,2301694,48973,8,LM,1,100,486376.2690534,2231700.5821309,486376.2734698,14,
1715670942.608461,2302289,49077,8,LM,1,100,486376.8191007,2231701.1321782,486376.8404630,16,
1715670943.383141,2303028,49198,8,LM,1,100,486377.5024228,2231701.8154780,486377.5071084,14,
1715670943.805598,2303431,49266,8,LM,1,100,486378.0525741,2231702.3656293,486378.0734605,16,
1715670944.548830,2304140,49387,8,LM,1,100,486378.8191341,2231703.1321893,486378.8404266,14,
1715670945.291014,2304848,49508,8,LM,1,100,486379.4026427,2231703.7156922,486379.4067850,16,
1715670945.842410,2305374,49593,8,LM,1,100,486380.0857638,2231704.3988133,486380.1068579,14,
1715670946.519600,2306020,49685,8,LM,1,100,486380.6859320,2231704.9989815,486380.7066003,16,
1715670947.146473,2306618,49787,8,LM,1,100,486381.3524161,2231705.6655063,486381.3734848,14,
1715670947.674807,2307122,49875,8,LM,1,100,486381.8858727,2231706.1989629,486381.9070089,16,
1715670948.429570,2307842,49995,8,LM,1,100,486382.6857127,2231706.9988029,486382.7068419,14,
1715670949.056442,2308440,50097,8,LM,1,100,486383.2192078,2231707.5322097,486383.2401803,16,
1715670949.731536,2309084,50202,8,LM,1,100,486383.9524814,2231708.2654833,486383.9736130,15,
1715670950.238904,2309568,50287,8,LM,1,100,486384.4859480,2231708.7989499,486384.5069918,18,
1715670951.312345,2310592,50456,8,LM,1,100,486385.1857525,2231709.4987976,486385.2067210,14,
1715670951.517808,2310788,50492,8,LM,1,100,486385.7525465,2231710.0655917,486385.7739314,16,
1715670952.299826,2311534,50598,8,LM,1,100,486386.5357932,2231710.8488384,486386.5401037,14,
1715670952.853319,2312062,50685,8,LM,1,100,486387.1191022,2231711.4321435,486387.1400851,16,
1715670953.480191,2312660,50790,8,LM,1,100,486387.7358911,2231712.0489324,486387.7402581,14,
1715670954.028443,2313183,50876,8,LM,1,100,486388.2526654,2231712.5657067,486388.2735707,16,
1715670954.870213,2313986,51014,8,LM,1,100,486389.1191664,2231713.4321610,486389.1402282,14,
1715670955.503376,2314590,51113,8,LM,1,100,486389.6693394,2231713.9823340,486389.6738964,16,
1715670956.140731,2315198,51217,8,LM,1,100,486390.3530493,2231714.6660439,486390.3743185,14,
1715670956.583106,2315620,51286,8,LM,1,100,486390.8527101,2231715.1657047,486390.8739929,16,
1715670957.344158,2316346,51399,8,LM,1,100,486391.6026283,2231715.9156487,486391.6077882,14,
1715670957.887168,2316864,51487,8,LM,1,100,486392.1693473,2231716.4823677,486392.1738442,16,
1715670958.655559,2317597,51608,8,LM,1,100,486392.9194951,2231717.2325155,486392.9407232,14,
1715670959.192279,2318109,51694,8,LM,1,100,486393.4691920,2231717.7821916,486393.4740164,16,
1715670960.017277,2318896,51830,8,LM,1,100,486394.2027661,2231718.5157657,486394.2069215,15,
1715670961.636872,2320441,52082,8,LM,1,100,486395.4860735,2231719.7990708,486395.5073989,14,
1715670961.743797,2320543,52101,8,LM,1,100,486395.9859021,2231720.2988994,486396.0078054,16,
1715670962.500657,2321265,52210,8,LM,1,100,486396.7363816,2231721.0493789,486396.7403683,14,
1715670963.060439,2321799,52296,8,LM,1,100,486397.3027611,2231721.6157035,486397.3070318,16,
1715670963.774319,2322480,52386,8,LM,1,100,486398.0360321,2231722.3489745,486398.0404152,14,
1715670964.289025,2322971,52473,8,LM,1,100,486398.5694116,2231722.8823540,486398.5739456,16,
1715670965.244010,2323882,52625,8,LM,1,100,486399.3525889,2231723.6655404,486399.3737150,14,
1715670965.768151,2324382,52696,8,LM,1,100,486399.8527430,2231724.1656945,486399.8737432,16,
1715670966.406555,2324991,52800,8,LM,1,100,486400.6693423,2231724.9822938,486400.6739509,15,
1715670967.896163,2326412,53008,8,LM,1,100,486401.8861233,2231726.1990761,486401.9074255,14,
1715670968.178151,2326681,53047,8,LM,1,100,486402.4192900,2231726.7322427,486402.4408955,16,
1715670969.004197,2327469,53185,8,LM,1,100,486403.2193116,2231727.5322335,486403.2406490,14,
1715670969.655180,2328090,53289,8,LM,1,100,486403.8032644,2231728.1161862,486403.8072436,16,
1715670970.232783,2328641,53373,8,LM,1,100,486404.5027765,2231728.8156983,486404.5070868,14,
1715670970.873284,2329252,53477,8,LM,1,100,486405.1027703,2231729.4156914,486405.1076630,16,
1715670971.511687,2329861,53579,8,LM,1,100,486405.7526836,2231730.0656046,486405.7744422,14,
1715670972.092435,2330415,53665,8,LM,1,100,486406.3028066,2231730.6157277,486406.3080266,16,
1715670972.810508,2331100,53782,8,LM,1,100,486407.0359730,2231731.3488691,486407.0410843,15,
1715670974.153358,2332381,53977,8,LM,1,100,486408.3694877,2231732.6823839,486408.3737199,14,
1715670974.675402,2332879,54064,8,LM,1,100,486408.9027521,2231733.2156483,486408.9071322,16,
1715670975.365171,2333537,54167,8,LM,1,100,486409.6361193,2231733.9490243,486409.6408088,14,
1715670976.108403,2334246,54271,8,LM,1,100,486410.1861688,2231734.4990738,486410.2077808,16,
1715670976.647220,2334760,54357,8,LM,1,100,486410.8700894,2231735.1829944,486410.8745882,14,
1715670977.201761,2335289,54444,8,LM,1,100,486411.4695849,2231735.7824724,486411.4737816,16,
1715670977.936606,2335990,54563,8,LM,1,100,486412.1695224,2231736.4824099,486412.1745657,14,
1715670978.826598,2336839,54609,8,LM,1,100,486412.7029419,2231737.0158295,486412.7071124,16,
1715670979.358077,2337346,54651,8,LM,1,100,486413.5028656,2231737.8157552,486413.5075917,14,
1715670979.846576,2337812,54721,8,LM,1,100,486414.0529463,2231738.3658359,486414.0746652,16,
1715670980.474497,2338411,54825,8,LM,1,100,486414.7362141,2231739.0491037,486414.7402687,14,
1715670981.109756,2339017,54927,8,LM,1,100,486415.3362667,2231739.6491616,486415.3403298,16,
1715670981.843553,2339717,55046,8,LM,1,100,486416.0695126,2231740.3824075,486416.0747612,14,
1715670982.385514,2340234,55131,8,LM,1,100,486416.6032701,2231740.9161650,486416.6077741,16,
1715670983.029160,2340848,55235,8,LM,1,100,486417.3028202,2231741.6157311,486417.3071110,15,
1715670983.675950,2341465,55341,8,LM,1,100,486417.8360523,2231742.1489632,486417.8406602,18,
1715670984.337415,2342096,55431,8,LM,1,100,486418.6029175,2231742.9158284,486418.6071619,14,
1715670984.860508,2342595,55519,8,LM,1,100,486419.1029990,2231743.4158885,486419.1073992,16,
1715670986.452848,2344114,55769,8,LM,1,100,486419.8695444,2231744.1824339,486419.8740571,14,
1715670986.468572,2344129,55772,8,LM,1,100,486420.4529838,2231744.7658733,486420.4740463,16,
1715670986.869016,2344511,55843,8,LM,1,100,486421.1029193,2231745.4157872,486421.1072652,14,
1715670987.439281,2345055,55928,8,LM,1,100,486421.7029449,2231746.0158127,486421.7077224,16,
1715670988.175175,2345757,56051,8,LM,1,100,486422.4362693,2231746.7491372,486422.4403747,14,
1715670988.731813,2346288,56136,8,LM,1,100,486422.9862989,2231747.2991668,486423.0072595,16,
1715670989.596645,2347113,56259,8,LM,1,100,486423.7194640,2231748.0323243,486423.7409985,14,
1715670990.035875,2347532,56332,8,LM,1,100,486424.2529667,2231748.5658271,486424.2745527,16,
1715670990.699438,2348165,56434,8,LM,1,100,486424.9528913,2231749.2657517,486424.9741620,14,
1715670991.299055,2348737,56536,8,LM,1,100,486425.5196548,2231749.8324694,486425.5406697,16,
1715670992.054866,2349458,56655,8,LM,1,100,486426.2864151,2231750.5992297,486426.3070339,14,
1715670992.690125,2350064,56759,8,LM,1,100,486426.8363748,2231751.1491894,486426.8410843,16,
1715670993.267728,2350615,56847,8,LM,1,100,486427.5195693,2231751.8323952,486427.5415145,15,
1715670994.630495,2351915,57066,8,LM,1,100,486428.8196330,2231753.1324589,486428.8407809,14,
1715670995.168263,2352428,57141,8,LM,1,100,486429.3530060,2231753.6658360,486429.3741056,16,
1715670995.885288,2353112,57261,8,LM,1,100,486430.1197966,2231754.4326266,486430.1413368,14,
1715670996.455553,2353656,57346,8,LM,1,100,486430.6864208,2231754.9992507,486430.7072011,16,
1715670997.170481,2354338,57435,8,LM,1,100,486431.4196824,2231755.7324825,486431.4414065,14,
1715670997.785823,2354925,57537,8,LM,1,100,486431.9696789,2231756.2824789,486431.9748540,16,
1715670998.551069,2355655,57659,8,LM,1,100,486432.7363889,2231757.0491890,486432.7412993,14,
1715670999.010216,2356093,57728,8,LM,1,100,486433.2531543,2231757.5659739,486433.2750263,16,
1715670999.843600,2356888,57863,8,LM,1,100,486433.9864078,2231758.2992273,486434.0072904,14,
1715671000.300651,2357324,57922,8,LM,1,100,486434.5031084,2231758.8159280,486434.5080737,16,
1715671000.982034,2357974,58008,8,LM,1,100,486435.2363839,2231759.5491645,486435.2414972,14,
1715671001.601569,2358565,58112,8,LM,1,100,486435.8364250,2231760.1492056,486435.8408106,16,
1715671002.340607,2359270,58230,8,LM,1,100,486436.6031961,2231760.9159767,486436.6073244,15,
1715671003.577580,2360450,58419,8,LM,1,100,486437.8032043,2231762.1159718,486437.8075238,14,
1715671004.136314,2360983,58506,8,LM,1,100,486438.3365003,2231762.6492678,486438.3413505,16,
1715671004.951877,2361761,58625,8,LM,1,100,486439.1697515,2231763.4825261,486439.1739631,14,
1715671005.479163,2362264,58713,8,LM,1,100,486439.7030728,2231764.0158474,486439.7082177,16,
1715671006.220299,2362971,58818,8,LM,1,100,486440.4197386,2231764.7325132,486440.4415440,14,
1715671006.785322,2363510,58903,8,LM,1,100,486440.9864811,2231765.2992556,486441.0082012,16,
1715671007.600886,2364288,59024,8,LM,1,100,486441.7865885,2231766.0993635,486441.8082150,14,
1715671008.463622,2365111,59162,8,LM,1,100,486442.3536716,2231766.6664465,486442.3748813,16,
1715671008.980424,2365604,59230,8,LM,1,100,486443.0865000,2231767.3992696,486443.1074252,14,
1715671009.515048,2366114,59318,8,LM,1,100,486443.6864561,2231767.9992257,486443.7073653,16,
1715671010.167079,2366736,59420,8,LM,1,100,486444.3699697,2231768.6827393,486444.3744719,14,
1715671010.678641,2367224,59506,8,LM,1,100,486444.9037640,2231769.2165336,486444.9077733,16,
1715671011.762564,2368258,59564,8,LM,1,100,486445.6698568,2231769.9826290,486445.6742594,14,
1715671012.065518,2368547,59588,8,LM,1,100,486446.2368996,2231770.5496718,486446.2408250,16,
1715671012.741660,2369192,59690,8,LM,1,100,486447.0031843,2231771.3159565,486447.0076003,15,
1715671013.387401,2369808,59796,8,LM,1,100,486447.5532954,2231771.8660286,486447.5742463,18,
1715671014.063543,2370453,59901,8,LM,1,100,486448.2866605,2231772.5993937,486448.3073784,14,
1715671014.573008,2370939,59986,8,LM,1,100,486448.8366287,2231773.1493619,486448.8411694,16,
1715671015.244957,2371580,60090,8,LM,1,100,486449.5034097,2231773.8161671,486449.5074971,14,
1715671015.894892,2372200,60192,8,LM,1,100,486450.1036081,2231774.4163655,486450.1079287,16,
1715671016.764965,2373030,60318,8,LM,1,100,486450.8697959,2231775.1825533,486450.8748559,15,
1715671017.909689,2374122,60504,8,LM,1,100,486452.1364835,2231776.4492259,486452.1410052,14,
1715671018.375126,2374566,60577,8,LM,1,100,486452.6365975,2231776.9493399,486452.6413192,16,
1715671019.238910,2375390,60712,8,LM,1,100,486453.3702719,2231777.6830292,486453.3749355,14,
1715671019.693865,2375824,60782,8,LM,1,100,486453.8864981,2231778.1992554,486453.9083524,16,
1715671020.422421,2376519,60903,8,LM,1,100,486454.6531514,2231778.9659087,486454.6745571,14,
1715671021.060824,2377128,61005,8,LM,1,100,486455.1866154,2231779.4993407,486455.2083877,16,
1715671021.709711,2377747,61108,8,LM,1,100,486455.9699388,2231780.2826641,486455.9748435,14,
1715671022.390046,2378396,61212,8,LM,1,100,486456.5371000,2231780.8498253,486456.5411311,16,
1715671023.042077,2379018,61316,8,LM,1,100,486457.2699863,2231781.5826924,486457.2750833,14,
1715671023.659515,2379607,61420,8,LM,1,100,486457.8701082,2231782.1828143,486457.8746437,16,
1715671024.314691,2380232,61522,8,LM,1,100,486458.5533355,2231782.8660416,486458.5742953,15,
1715671024.937371,2380826,61626,8,LM,1,100,486459.0867055,2231783.3993637,486459.1085584,18,
1715671025.579967,2381439,61730,8,LM,1,100,486459.7868515,2231784.0995097,486459.8081236,14,
1715671026.089432,2381925,61815,8,LM,1,100,486460.2865972,2231784.5992554,486460.3076021,16,
1715671026.856775,2382657,61934,8,LM,1,100,486461.1037293,2231785.4164012,486461.1084625,14,
1715671027.517192,2383287,62026,8,LM,1,100,486461.6532990,2231785.9659709,486461.6741902,16,
1715671028.160837,2383901,62130,8,LM,1,100,486462.3534178,2231786.6660897,486462.3743393,14,
1715671028.679737,2384396,62217,8,LM,1,100,486462.8868434,2231787.1995153,486462.9082759,16,
1715671029.503686,2385182,62338,8,LM,1,100,486463.6198434,2231787.9325146,486463.6410009,14,
1715671030.049841,2385703,62423,8,LM,1,100,486464.2198976,2231788.5325688,486464.2411066,16,
1715671030.680907,2386305,62527,8,LM,1,100,486464.9201588,2231789.2328300,486464.9417999,15,
1715671031.216579,2386816,62612,8,LM,1,100,486465.4705987,2231789.7832609,486465.4748093,18,
1715671031.947231,2387513,62732,8,LM,1,100,486466.2034028,2231790.5160650,486466.2076507,14,
1715671032.493386,2388034,62818,8,LM,1,100,486466.7200361,2231791.0326983,486466.7415615,16,
1715671033.267018,2388772,62929,8,LM,1,100,486467.4701051,2231791.7827210,486467.4742622,14,
1715671033.778579,2389260,63016,8,LM,1,100,486468.0201252,2231792.3327410,486468.0407903,16,
1715671034.561646,2390007,63135,8,LM,1,100,486468.7535158,2231793.0661317,486468.7748079,14,
1715671035.187470,2390604,63239,8,LM,1,100,486469.3540639,2231793.6667260,486469.3750655,16,
1715671036.033434,2391411,63374,8,LM,1,100,486470.2201145,2231794.5327766,486470.2417205,14,
1715671036.615230,2391966,63460,8,LM,1,100,486470.8201480,2231795.1328101,486470.8410402,16,
1715671037.245247,2392567,63564,8,LM,1,100,486471.5034803,2231795.8161009,486471.5081115,14,
1715671037.870023,2393163,63667,8,LM,1,100,486472.0701567,2231796.3827774,486472.0749705,16,
1715671038.551407,2393813,63760,8,LM,1,100,486472.7873048,2231797.0999254,486472.8085741,15,
1715671039.184569,2394417,63864,8,LM,1,100,486473.3368097,2231797.6494683,486473.3413163,18,
1715671039.907883,2395107,63981,8,LM,1,100,486474.1368579,2231798.4495165,486474.1416173,14,
1715671040.446700,2395621,64068,8,LM,1,100,486474.7035642,2231799.0162228,486474.7076424,16,
1715671041.212994,2396352,64189,8,LM,1,100,486475.4034619,2231799.7160792,486475.4084982,14,
1715671041.741328,2396856,64274,8,LM,1,100,486475.9536137,2231800.2662310,486475.9749064,16,
1715671042.410132,2397494,64378,8,LM,1,100,486476.6701982,2231800.9828155,486476.6752265,14,
1715671043.041198,2398096,64482,8,LM,1,100,486477.2535820,2231801.5662039,486477.2743673,16,
1715671043.772898,2398794,64590,8,LM,1,100,486477.9868646,2231802.2994865,486478.0078237,14,
1715671044.316957,2399313,64674,8,LM,1,100,486478.5706834,2231802.8833053,486478.5749287,16,
1715671045.073816,2400035,64796,8,LM,1,100,486479.2701866,2231803.5827771,486479.2745865,14,
1715671045.614729,2400551,64883,8,LM,1,100,486479.8701678,2231804.1827583,486479.8753075,16,
1715671046.244747,2401152,64984,8,LM,1,100,486480.4700778,2231804.7826683,486480.4745962,14,
1715671046.863233,2401742,65088,8,LM,1,100,486481.0536977,2231805.3662730,486481.0752991,16,
1715671047.623237,2402467,65205,8,LM,1,100,486481.7868842,2231806.0994595,486481.8079236,14,
1715671048.082385,2402905,65277,8,LM,1,100,486482.3201560,2231806.6327313,486482.3415420,16,
1715671048.939879,2403723,65403,8,LM,1,100,486483.0870207,2231807.3995817,486483.1081634,15,
1715671049.449344,2404209,65489,8,LM,1,100,486483.6369580,2231807.9495190,486483.6412641,18,
1715671050.315225,2405035,89,8,LM,1,100,486484.5706369,2231808.8831979,486484.5749975,14,
1715671050.948387,2405639,192,8,LM,1,100,486485.1208155,2231809.4333762,486485.1418399,16,
1715671051.514460,2406179,278,8,LM,1,100,486485.7536770,2231810.0662376,486485.7745427,14,
1715671052.137139,2406773,381,8,LM,1,100,486486.3537120,2231810.6662727,486486.3752190,16,
1715671052.883516,2407485,502,8,LM,1,100,486487.1370102,2231811.4495403,486487.1416788,14,
1715671053.512485,2408085,605,8,LM,1,100,486487.7036785,2231812.0162086,486487.7084557,16,
1715671054.130971,2408675,697,8,LM,1,100,486488.3537328,2231812.6662629,486488.3754063,14,
1715671054.631001,2409152,768,8,LM,1,100,486488.8703869,2231813.1829169,486488.8750284,16,
1715671055.352219,2409840,886,8,LM,1,100,486489.6036978,2231813.9162513,486489.6079548,14,
1715671055.881602,2410345,972,8,LM,1,100,486490.1370641,2231814.4496176,486490.1411982,16,
1715671056.754820,2411178,1110,8,LM,1,100,486490.8869408,2231815.1994943,486490.9081691,14,
1715671057.268479,2411668,1196,8,LM,1,100,486491.4704450,2231815.7829914,486491.4744578,16,
1715671057.915268,2412285,1297,8,LM,1,100,486492.1703363,2231816.4828827,486492.1746923,15,
1715671058.656404,2412992,1419,8,LM,1,100,486492.7419806,2231817.0545270,486492.7744370,18,
1715671059.314725,2413620,1523,8,LM,1,100,486493.5036891,2231817.8162022,486493.5076399,14,
1715671059.836769,2414118,1613,8,LM,1,100,486494.0371398,2231818.3496529,486494.0409230,16,
1715671060.694263,2414936,1749,8,LM,1,100,486494.8370823,2231819.1495953,486494.8414323,14,
1715671061.240418,2415457,1834,8,LM,1,100,486495.3371099,2231819.6496268,486495.3413234,16,
1715671061.838987,2416028,1921,8,LM,1,100,486496.0202369,2231820.3327537,486496.0413274,14,
1715671062.394577,2416558,2007,8,LM,1,100,486496.6203636,2231820.9328804,486496.6412652,16,
1715671063.147243,2417276,2130,8,LM,1,100,486497.3871227,2231821.6996308,486497.4079243,14,
1715671063.761536,2417862,2233,8,LM,1,100,486497.9703676,2231822.2828757,486497.9749788,16,
1715671064.412519,2418483,2333,8,LM,1,100,486498.6536875,2231822.9661956,486498.6745761,14,
1715671064.957626,2419003,2425,8,LM,1,100,486499.2038230,2231823.5163273,486499.2081025,16,
1715671065.687230,2419699,2545,8,LM,1,100,486499.9204724,2231824.2329767,486499.9413285,15,
1715671066.220805,2420208,2631,8,LM,1,100,486500.4371084,2231824.7496127,486500.4413394,18,
1715671067.057334,2421006,2767,8,LM,1,100,486501.2370897,2231825.5495837,486501.2412555,14,
1715671067.632841,2421555,2854,8,LM,1,100,486501.8208387,2231826.1333327,486501.8410969,16,
1715671068.276486,2422169,2958,8,LM,1,100,486502.5203764,2231826.8328704,486502.5413120,14,
1715671068.887634,2422752,3061,8,LM,1,100,486503.1041582,2231827.4166444,486503.1076687,16,
1715671069.542810,2423377,3163,8,LM,1,100,486503.7873647,2231828.0998509,486503.8077084,14,
1715671070.217904,2424021,3272,8,LM,1,100,486504.3870178,2231828.6995041,486504.4079404,16,
1715671070.775590,2424553,3358,8,LM,1,100,486505.0204133,2231829.3328996,486505.0413010,15,
1715671072.129970,2425845,3578,8,LM,1,100,486506.3708739,2231830.6833510,486506.3747975,14,
1715671072.679270,2426369,3663,8,LM,1,100,486506.9371920,2231831.2496691,486506.9416225,16,
1715671073.517895,2427169,3802,8,LM,1,100,486507.6538120,2231831.9662717,486507.6746289,14,
1715671074.063002,2427689,3888,8,LM,1,100,486508.2538643,2231832.5663240,486508.2747352,16,
1715671074.707695,2428304,3992,8,LM,1,100,486508.9538399,2231833.2662995,486508.9749095,14,
1715671075.245464,2428817,4078,8,LM,1,100,486509.4872074,2231833.7996481,486509.5081003,16,
1715671075.987647,2429525,4201,8,LM,1,100,486510.1874709,2231834.4999115,486510.2082433,14,
1715671076.661692,2430168,4303,8,LM,1,100,486510.7877197,2231835.1001604,486510.8080430,16,
1715671077.619822,2431082,4458,8,LM,1,100,486511.5205179,2231835.8329662,486511.5412460,14,
1715671077.850444,2431302,4493,8,LM,1,100,486512.1037886,2231836.4162369,486512.1078073,16,
1715671078.504572,2431926,4599,8,LM,1,100,486512.7705301,2231837.0829784,486512.7746561,14,
1715671079.110479,2432504,4701,8,LM,1,100,486513.3540175,2231837.6664479,486513.3748377,16,
1715671079.898787,2433256,4822,8,LM,1,100,486514.0708355,2231838.3832659,486514.0748153,14,
1715671080.411397,2433745,4907,8,LM,1,100,486514.6538274,2231838.9662578,486514.6746818,16,
1715671081.051897,2434356,5015,8,LM,1,100,486515.2872675,2231839.5997029,486515.3081687,15,
1715671081.710218,2434984,5116,8,LM,1,100,486515.8373203,2231840.1497557,486515.8415617,18,
1715671082.594967,2435828,5253,8,LM,1,100,486516.5538587,2231840.8662941,486516.5747726,14,
1715671082.837121,2436059,5290,8,LM,1,100,486517.1039674,2231841.4163759,486517.1080815,16,
1715671083.699857,2436882,5428,8,LM,1,100,486517.9378796,2231842.2502881,486517.9414842,14,
1715671084.230287,2437388,5514,8,LM,1,100,486518.4708740,2231842.7832825,486518.4748057,16,
1715671084.959891,2438084,5635,8,LM,1,100,486519.1704883,2231843.4829032,486519.1748156,14,
1715671085.503950,2438603,5720,8,LM,1,100,486519.7705502,2231844.0829651,486519.7747604,16,
1715671086.636094,2439683,5890,8,LM,1,100,486520.5037918,2231844.8162067,486520.5079527,14,
1715671086.859378,2439896,5927,8,LM,1,100,486521.1039466,2231845.4163331,486521.1082653,16,
1715671087.483106,2440491,6031,8,LM,1,100,486521.7039431,2231846.0163296,486521.7082245,14,
1715671088.010391,2440994,6119,8,LM,1,100,486522.2707260,2231846.5831125,486522.2748075,16,
1715671088.859500,2441804,6254,8,LM,1,100,486523.0705994,2231847.3829930,486523.0745574,15,
1715671089.415089,2442334,6341,8,LM,1,100,486523.6206108,2231847.9330045,486523.6415269,18,
1715671090.160417,2443045,6462,8,LM,1,100,486524.3206793,2231848.6330729,486524.3414124,14,
1715671090.592309,2443457,6530,8,LM,1,100,486524.8374161,2231849.1498097,486524.8415082,16,
1715671091.336590,2444167,6652,8,LM,1,100,486525.5874187,2231849.8997995,486525.6083850,14,
1715671091.985476,2444786,6760,8,LM,1,100,486526.1876819,2231850.5000627,486526.2082329,16,
1715671092.668956,2445438,6864,8,LM,1,100,486526.9373258,2231851.2497066,486526.9419514,14,
1715671093.322035,2446061,6970,8,LM,1,100,486527.4873953,2231851.7997707,486527.5083367,16,
1715671094.031722,2446738,7069,8,LM,1,100,486528.1206672,2231852.4330425,486528.1416152,14,
1715671094.458373,2447145,7140,8,LM,1,100,486528.6713549,2231852.9837303,486528.6750098,16,
1715671095.209991,2447862,7259,8,LM,1,100,486529.4205896,2231853.7329594,486529.4414849,14,
1715671095.767677,2448394,7347,8,LM,1,100,486530.0205697,2231854.3329395,486530.0415672,16,
1715671096.515102,2449107,7467,8,LM,1,100,486530.7540566,2231855.0664264,486530.7746535,14,
1715671097.155602,2449718,7572,8,LM,1,100,486531.3374166,2231855.6498006,486531.3414813,16,
1715671097.814971,2450347,7676,8,LM,1,100,486532.0708078,2231856.3831918,486532.0750849,15,
1715671098.334919,2450843,7763,8,LM,1,100,486532.6044426,2231856.9168266,486532.6082436,18,
1715671099.069765,2451544,7884,8,LM,1,100,486533.3208352,2231857.6331807,486533.3415877,14,
1715671099.717603,2452162,7988,8,LM,1,100,486533.8541062,2231858.1664517,486533.8752431,16,
1715671100.350765,2452766,8089,8,LM,1,100,486534.5874896,2231858.8998351,486534.6083486,14,
1715671100.902161,2453292,8175,8,LM,1,100,486535.1707560,2231859.4831031,486535.1748463,16,
1715671101.739738,2454091,8312,8,LM,1,100,486535.9040588,2231860.2164059,486535.9083152,14,
1715671102.269121,2454596,8397,8,LM,1,100,486536.4374575,2231860.7498047,486536.4415532,16,
1715671102.932683,2455229,8508,8,LM,1,100,486537.1541794,2231861.4665083,486537.1750369,14,
1715671103.440052,2455713,8593,8,LM,1,100,486537.7041820,2231862.0165109,486537.7079942,16,
1715671104.299643,2456533,8729,8,LM,1,100,486538.4873659,2231862.7996948,486538.5084032,14,
1715671104.735728,2456949,8799,8,LM,1,100,486538.9877474,2231863.3000763,486539.0084583,16,
1715671105.469525,2457649,8918,8,LM,1,100,486539.7375467,2231864.0498624,486539.7416717,15,
1715671106.032453,2458186,9006,8,LM,1,100,486540.2875469,2231864.5998627,486540.3084785,18,
1715671106.762057,2458882,9124,8,LM,1,100,486540.9876558,2231865.2999715,486541.0083039,14,
1715671107.298777,2459394,9211,8,LM,1,100,486541.5040972,2231865.8164068,486541.5082710,16,
1715671108.048299,2460109,9337,8,LM,1,100,486542.2541083,2231866.5664179,486542.2747588,14,
1715671108.512687,2460552,9407,8,LM,1,100,486542.7708223,2231867.0831319,486542.7748497,16,
1715671109.353409,2461354,9543,8,LM,1,100,486543.6046371,2231867.9169507,486543.6082968,14,
1715671109.901661,2461877,9630,8,LM,1,100,486544.1708513,2231868.4831649,486544.1752020,16,
1715671110.634410,2462576,9749,8,LM,1,100,486544.9041287,2231869.2164423,486544.9082544,14,
1715671111.264427,2463177,9851,8,LM,1,100,486545.5041414,2231869.8164363,486545.5083014,16,
1715671112.011852,2463890,9971,8,LM,1,100,486546.1877742,2231870.5000691,486546.2081254,14,
1715671112.555910,2464409,10056,8,LM,1,100,486546.7543174,2231871.0666123,486546.7751403,16,
1715671113.323253,2465141,10184,8,LM,1,100,486547.4876099,2231871.7998912,486547.5085208,14,
1715671113.848442,2465642,10269,8,LM,1,100,486548.0208961,2231872.3331774,486548.0421202,16,
1715671114.492087,2466256,10373,8,LM,1,100,486548.6875983,2231872.9998796,486548.7087181,14,
1715671115.567624,2467282,10542,8,LM,1,100,486549.2708813,2231873.5831672,486549.2749869,16,
1715671115.766798,2467472,10577,8,LM,1,100,486549.9543519,2231874.2666377,486549.9754831,15,
1715671116.966032,2468616,10764,8,LM,1,100,486551.2377313,2231875.5500020,486551.2419092,14,
1715671117.908437,2469515,10917,8,LM,1,100,486551.8043919,2231876.1166626,486551.8083406,16,
1715671118.366536,2469952,10988,8,LM,1,100,486552.6208575,2231876.9331282,486552.6417625,14,
1715671118.906402,2470467,11080,8,LM,1,100,486553.1710608,2231877.4833200,486553.1751528,16,
1715671119.637054,2471164,11199,8,LM,1,100,486553.8543401,2231878.1665993,486553.8753207,14,
1715671120.199981,2471701,11284,8,LM,1,100,486554.4544864,2231878.7667456,486554.4752860,16,
1715671120.865640,2472336,11388,8,LM,1,100,486555.1042108,2231879.4164649,486555.1084143,14,
1715671121.484127,2472926,11491,8,LM,1,100,486555.6876302,2231879.9998843,486555.7091242,16,
1715671122.229455,2473637,11610,8,LM,1,100,486556.4209631,2231880.7332173,486556.4427442,14,
1715671122.700134,2474086,11681,8,LM,1,100,486556.9544077,2231881.2666618,486556.9755263,16,
1715671123.538759,2474886,11820,8,LM,1,100,486557.7210641,2231882.0332922,486557.7427341,15,
1715671124.055562,2475379,11896,8,LM,1,100,486558.2542905,2231882.5665186,486558.2760645,18,
1715671124.795649,2476085,12017,8,LM,1,100,486559.0377386,2231883.3499667,486559.0419450,14,
1715671125.422521,2476683,12119,8,LM,1,100,486559.6381035,2231883.9503342,486559.6429187,16,
1715671126.140594,2477368,12223,8,LM,1,100,486560.3375489,2231884.6497796,486560.3424618,14,
1715671126.661591,2477865,12310,8,LM,1,100,486560.8377565,2231885.1499872,486560.8425291,16,
1715671127.303139,2478477,12412,8,LM,1,100,486561.5709602,2231885.8831834,486561.5757151,14,
1715671127.933156,2479078,12518,8,LM,1,100,486562.1710775,2231886.4833007,486562.1757911,16,
1715671128.675340,2479786,12637,8,LM,1,100,486562.8877041,2231887.1999273,486562.9087814,14,
1715671129.433248,2480509,12740,8,LM,1,100,486563.4048010,2231887.7170125,486563.4085207,16,
1715671129.884009,2480939,12810,8,LM,1,100,486564.1376200,2231888.4498315,486564.1419562,14,
1715671130.401860,2481433,12896,8,LM,1,100,486564.6544958,2231888.9667073,486564.6757549,16,
1715671131.267741,2482259,13034,8,LM,1,100,486565.4543560,2231889.7665870,486565.4757506,14,
1715671131.820185,2482786,13121,8,LM,1,100,486566.0209995,2231890.3332304,486566.0429792,16,
1715671132.556079,2483488,13239,8,LM,1,100,486566.7545215,2231891.0667525,486566.7760346,15,
1715671133.735396,2484613,13427,8,LM,1,100,486567.9882142,2231892.3003909,486568.0095176,14,
1715671134.375896,2485224,13529,8,LM,1,100,486568.5881057,2231892.9002825,486568.6095516,16,
1715671134.997528,2485817,13636,8,LM,1,100,486569.2377812,2231893.5499741,486569.2420259,14,
1715671135.541586,2486336,13721,8,LM,1,100,486569.7880629,2231894.1002558,486569.8086362,16,
1715671136.392791,2487148,13857,8,LM,1,100,486570.5378134,2231894.8500063,486570.5420979,15,
1715671136.843552,2487578,13925,8,LM,1,100,486571.0878992,2231895.4000589,486571.1091769,18,
1715671137.575253,2488276,14046,8,LM,1,100,486571.8049867,2231896.1171464,486571.8091020,14,
1715671138.209463,2488881,14151,8,LM,1,100,486572.3881884,2231896.7003480,486572.4090644,16,
1715671138.877219,2489518,14254,8,LM,1,100,486573.1378508,2231897.4500137,486573.1425342,14,
1715671139.494657,2490107,14357,8,LM,1,100,486573.7045224,2231898.0166853,486573.7093752,16,
1715671140.129915,2490713,14450,8,LM,1,100,486574.3545629,2231898.6667258,486574.3755329,14,
1715671140.607932,2491169,14522,8,LM,1,100,486574.8714587,2231899.1836216,486574.8754371,16,
1715671141.443413,2491966,14657,8,LM,1,100,486575.7044781,2231900.0166424,486575.7085909,14,
1715671141.975940,2492474,14742,8,LM,1,100,486576.2211742,2231900.5333386,486576.2425952,16,
1715671142.716027,2493180,14862,8,LM,1,100,486576.9711800,2231901.2833443,486576.9754426,14,
1715671143.253795,2493693,14952,8,LM,1,100,486577.4715474,2231901.7837113,486577.4757885,16,
1715671144.000172,2494405,15068,8,LM,1,100,486578.2379088,2231902.5500727,486578.2420498,15,
1715671144.545279,2494925,15155,8,LM,1,100,486578.7881342,2231903.1002981,486578.8094527,18,
1715671145.383904,2495725,15293,8,LM,1,100,486579.5044476,2231903.8165770,486579.5086730,14,
1715671145.843051,2496163,15366,8,LM,1,100,486580.0379446,2231904.3500740,486580.0427945,16,
1715671146.593621,2496879,15487,8,LM,1,100,486580.8046466,2231905.1167761,486580.8093629,14,
1715671147.225735,2497482,15589,8,LM,1,100,486581.4045910,2231905.7167144,486581.4088204,16,
1715671147.964774,2498187,15710,8,LM,1,100,486582.1546999,2231906.4668233,486582.1753623,15,
1715671148.407149,2498609,15780,8,LM,1,100,486582.6713204,2231906.9834438,486582.6754653,18,
1715671149.136753,2499305,15898,8,LM,1,100,486583.3712922,2231907.6834140,486583.3755472,14,
1715671149.679763,2499823,15986,8,LM,1,100,486583.8713718,2231908.1834936,486583.8760664,16,
1715671150.442912,2500551,16104,8,LM,1,100,486584.7045836,2231909.0167054,486584.7090952,14,
1715671151.076074,2501155,16213,8,LM,1,100,486585.3045813,2231909.6167200,486585.3094137,16,
1715671151.741733,2501790,16316,8,LM,1,100,486586.0046627,2231910.3168014,486586.0093687,14,
1715671152.361268,2502381,16417,8,LM,1,100,486586.5379440,2231910.8500827,486586.5423364,16,
1715671152.991285,2502982,16523,8,LM,1,100,486587.2046808,2231911.5168014,486587.2091437,15,
1715671154.272286,2504204,16725,8,LM,1,100,486588.4713094,2231912.7834301,486588.4760059,14,
1715671154.926414,2504828,16828,8,LM,1,100,486589.0380774,2231913.3501980,486589.0426108,16,
1715671155.572155,2505444,16930,8,LM,1,100,486589.8047881,2231914.1168629,486589.8091867,14,
1715671156.097344,2505945,17017,8,LM,1,100,486590.3379881,2231914.6500629,486590.3423154,16,
1715671156.946453,2506755,17143,8,LM,1,100,486591.1380078,2231915.4501026,486591.1419812,14,
1715671157.596387,2507375,17228,8,LM,1,100,486591.6880040,2231916.0000988,486591.7099421,16,
1715671158.143590,2507897,17320,8,LM,1,100,486592.4046471,2231916.7167419,486592.4088350,14,
1715671158.896257,2508615,17439,8,LM,1,100,486593.0046903,2231917.3167851,486593.0092011,16,
1715671159.445556,2509139,17524,8,LM,1,100,486593.7046693,2231918.0167582,486593.7091601,14,
1715671159.982277,2509651,17612,8,LM,1,100,486594.2381102,2231918.5501990,486594.2429861,16,
1715671160.655274,2510293,17714,8,LM,1,100,486594.8880662,2231919.2001551,486594.9093467,14,
1715671161.226587,2510838,17800,8,LM,1,100,486595.4547545,2231919.7668079,486595.4761650,16,
1715671161.962481,2511540,17926,8,LM,1,100,486596.1713772,2231920.4834306,486596.1763901,15,
1715671163.266544,2512784,18132,8,LM,1,100,486597.4881476,2231921.8001928,486597.5098643,14,
1715671163.811650,2513304,18216,8,LM,1,100,486598.0715197,2231922.3835649,486598.0765244,16,
1715671164.635600,2514090,18352,8,LM,1,100,486598.8213993,2231923.1334445,486598.8427501,14,
1715671165.212155,2514640,18438,8,LM,1,100,486599.4048411,2231923.7168922,486599.4093545,16,
1715671165.879910,2515277,18544,8,LM,1,100,486600.1213613,2231924.4334124,486600.1428857,14,
1715671166.499445,2515868,18645,8,LM,1,100,486600.6881347,2231925.0001858,486600.7089023,16,
1715671167.150428,2516489,18753,8,LM,1,100,486601.4047300,2231925.7167566,486601.4092832,14,
1715671167.802459,2517111,18855,8,LM,1,100,486602.0048972,2231926.3169238,486602.0095000,16,
1715671168.491180,2517768,18962,8,LM,1,100,486602.6547455,2231926.9667721,486602.6756378,14,
1715671169.016370,2518269,19047,8,LM,1,100,486603.2548984,2231927.5669603,486603.2757658,16,
1715671169.851850,2519066,19185,8,LM,1,100,486603.9548951,2231928.2669570,486603.9761980,14,
1715671170.287935,2519482,19255,8,LM,1,100,486604.5214126,2231928.8334744,486604.5424369,16,
1715671170.951498,2520115,19357,8,LM,1,100,486605.1883022,2231929.5003208,486605.2093756,15,
1715671171.481928,2520621,19444,8,LM,1,100,486605.7215336,2231930.0335522,486605.7423719,18,
1715671172.375064,2521473,19584,8,LM,1,100,486606.4382064,2231930.7502250,486606.4424570,14,
1715671172.715756,2521798,19638,8,LM,1,100,486606.9715465,2231931.2835651,486606.9765861,16,
1715671173.548092,2522592,19776,8,LM,1,100,486607.7888089,2231932.1008254,486607.8087865,14,
1715671174.112067,2523130,19861,8,LM,1,100,486608.3381900,2231932.6502066,486608.3425063,16,
1715671174.847961,2523832,19982,8,LM,1,100,486609.0881419,2231933.4001725,486609.1092216,14,
1715671175.594338,2524544,20102,8,LM,1,100,486609.6882367,2231934.0002672,486609.7096110,16,
1715671176.203390,2525125,20202,8,LM,1,100,486610.3215567,2231934.6335873,486610.3424495,14,
1715671176.634233,2525536,20274,8,LM,1,100,486610.8214871,2231935.1335176,486610.8425803,16,
1715671177.388996,2526256,20391,8,LM,1,100,486611.6215368,2231935.9335179,486611.6425168,14,
1715671178.005386,2526844,20483,8,LM,1,100,486612.1885102,2231936.5004912,486612.2097897,16,
1715671178.655321,2527464,20585,8,LM,1,100,486612.9048730,2231937.2168540,486612.9096340,14,
1715671179.279048,2528059,20687,8,LM,1,100,486613.4384128,2231937.7504157,486613.4431063,16,
1715671180.019135,2528765,20808,8,LM,1,100,486614.2215592,2231938.5335621,486614.2424845,14,
1715671180.477235,2529202,20876,8,LM,1,100,486614.7216551,2231939.0336580,486614.7432555,16,
1715671181.190066,2529882,20997,8,LM,1,100,486615.4383872,2231939.7503461,486615.4432058,15,
1715671181.749849,2530416,21084,8,LM,1,100,486615.9887617,2231940.3007206,486616.0105076,18,
1715671182.587426,2531215,21218,8,LM,1,100,486616.7882217,2231941.1001806,486616.8105066,14,
1715671183.217443,2531816,21307,8,LM,1,100,486617.3216935,2231941.6336597,486617.3425910,16,
1715671183.781419,2532354,21393,8,LM,1,100,486618.0382464,2231942.3502126,486618.0427981,14,
1715671184.422967,2532966,21497,8,LM,1,100,486618.6383261,2231942.9502923,486618.6424479,16,
1715671185.080240,2533593,21601,8,LM,1,100,486619.3383074,2231943.6502706,486619.3427731,14,
1715671185.705016,2534189,21703,8,LM,1,100,486619.9049085,2231944.2168716,486619.9093668,16,
1715671186.436717,2534887,21821,8,LM,1,100,486620.6549666,2231944.9669297,486620.6756842,14,
1715671186.979727,2535405,21907,8,LM,1,100,486621.1716661,2231945.4836161,486621.1761633,16,
1715671187.618130,2536014,22011,8,LM,1,100,486621.8720111,2231946.1839611,486621.8759291,14,
1715671188.241858,2536609,22117,8,LM,1,100,486622.4384485,2231946.7503985,486622.4435496,16,
1715671189.030166,2537361,22206,8,LM,1,100,486623.1716700,2231947.4836028,486623.1758665,15,
1715671190.195855,2538473,22393,8,LM,1,100,486624.4050788,2231948.7170115,486624.4096943,14,
1715671190.832163,2539080,22497,8,LM,1,100,486625.0050883,2231949.3170211,486625.0095560,16,
1715671191.485242,2539703,22600,8,LM,1,100,486625.7216988,2231950.0336320,486625.7431850,14,
1715671192.045025,2540237,22686,8,LM,1,100,486626.3050510,2231950.6169842,486626.3093292,16,
1715671192.777774,2540936,22808,8,LM,1,100,486627.0216276,2231951.3335608,486627.0429788,14,
1715671193.409888,2541539,22909,8,LM,1,100,486627.5717751,2231951.8836900,486627.5757191,16,
1715671194.110140,2542207,23021,8,LM,1,100,486628.3551425,2231952.6670574,486628.3760219,14,
1715671194.732819,2542801,23124,8,LM,1,100,486628.9384268,2231953.2503417,486628.9433859,16,
1715671195.379609,2543418,23225,8,LM,1,100,486629.6385368,2231953.9504739,486629.6430852,14,
1715671195.903750,2543918,23312,8,LM,1,100,486630.1384615,2231954.4503985,486630.1423909,16,
1715671196.646982,2544627,23431,8,LM,1,100,486630.8717390,2231955.1836761,486630.8766843,14,
1715671197.295868,2545246,23535,8,LM,1,100,486631.4217570,2231955.7336678,486631.4425202,16,
1715671198.034907,2545951,23655,8,LM,1,100,486632.2055069,2231956.5174177,486632.2098783,15,
1715671198.566386,2546458,23741,8,LM,1,100,486632.7552280,2231957.0671388,486632.7759380,18,
1715671199.230997,2547092,23850,8,LM,1,100,486633.4551092,2231957.7670038,486633.4758008,14,
1715671199.777151,2547613,23934,8,LM,1,100,486634.0385791,2231958.3504737,486634.0429844,16,
1715671200.541349,2548342,24056,8,LM,1,100,486634.7555706,2231959.0674652,486634.7763649,14,
1715671201.389409,2549151,24189,8,LM,1,100,486635.3051114,2231959.6170114,486635.3096755,16,
1715671202.156751,2549883,24308,8,LM,1,100,486636.0051969,2231960.3170970,486636.0095306,14,
1715671202.290931,2550011,24328,8,LM,1,100,486636.5217882,2231960.8336882,486636.5426236,16,
1715671203.130605,2550812,24468,8,LM,1,100,486637.3384878,2231961.6503920,486637.3426523,14,
1715671203.590801,2551251,24536,8,LM,1,100,486637.8385509,2231962.1504551,486637.8427108,16,
1715671204.407412,2552030,24671,8,LM,1,100,486638.6217070,2231962.9336112,486638.6425625,14,
1715671204.873898,2552475,24749,8,LM,1,100,486639.1219853,2231963.4338490,486639.1432112,16,
1715671205.666399,2553231,24868,8,LM,1,100,486639.8223833,2231964.1342470,486639.8432912,14,
1715671206.299561,2553835,24969,8,LM,1,100,486640.4218114,2231964.7336751,486640.4430253,16,
1715671206.927482,2554434,25073,8,LM,1,100,486641.1385221,2231965.4503736,486641.1435439,14,
1715671207.477830,2554959,25161,8,LM,1,100,486641.7219590,2231966.0338105,486641.7428512,16,
1715671208.208482,2555656,25281,8,LM,1,100,486642.4718801,2231966.7837316,486642.4762906,15,
1715671208.739961,2556163,25372,8,LM,1,100,486642.9892237,2231967.3010752,486643.0098655,18,
1715671209.599552,2556983,25510,8,LM,1,100,486643.7383947,2231968.0502800,486643.7426957,14,
1715671210.087003,2557448,25585,8,LM,1,100,486644.3051990,2231968.6170844,486644.3099654,16,
1715671210.797738,2558126,25702,8,LM,1,100,486644.9888643,2231969.3007496,486645.0098463,14,
1715671211.336555,2558640,25787,8,LM,1,100,486645.5385578,2231969.8504095,486645.5428458,16,
1715671212.003262,2559276,25891,8,LM,1,100,486646.2719253,2231970.5837770,486646.2764415,14,
1715671212.635376,2559879,25993,8,LM,1,100,486646.8218805,2231971.1337322,486646.8431008,16,
1715671213.375463,2560585,26115,8,LM,1,100,486647.6052735,2231971.9171034,486647.6098696,14,
1715671213.893314,2561079,26201,8,LM,1,100,486648.1386537,2231972.4504837,486648.1434019,16,
1715671215.076825,2562208,26382,8,LM,1,100,486648.8218979,2231973.1337278,486648.8435405,15,
1715671215.104080,2562234,26385,8,LM,1,100,486649.3722562,2231973.6841041,486649.3769966,18,
1715671215.938512,2563030,26526,8,LM,1,100,486650.1552330,2231974.4670809,486650.1765087,14,
1715671216.404998,2563475,26596,8,LM,1,100,486650.6554107,2231974.9672586,486650.6761098,16,
1715671217.137747,2564174,26718,8,LM,1,100,486651.4052971,2231975.7171083,486651.4099662,14,
1715671217.770909,2564778,26824,8,LM,1,100,486651.9553686,2231976.2671798,486651.9770348,16,
1715671218.620017,2565588,26959,8,LM,1,100,486652.7220419,2231977.0338531,486652.7429807,14,
1715671219.068682,2566016,27027,8,LM,1,100,486653.3054284,2231977.6172471,486653.3099339,16,
1715671219.795141,2566709,27148,8,LM,1,100,486653.9896470,2231978.3014657,486654.0096982,15,
1715671220.409434,2567295,27233,8,LM,1,100,486654.5053596,2231978.8171782,486654.5092960,18,
1715671221.148473,2568000,27359,8,LM,1,100,486655.3053261,2231979.6171275,486655.3092702,14,
1715671221.602379,2568433,27428,8,LM,1,100,486655.8720596,2231980.1838610,486655.8762973,16,
1715671222.345611,2569142,27548,8,LM,1,100,486656.5554511,2231980.8672525,486656.5766155,14,
1715671222.868703,2569641,27637,8,LM,1,100,486657.1386759,2231981.4504603,486657.1436205,16,
1715671223.602501,2570341,27755,8,LM,1,100,486657.8721348,2231982.1839192,486657.8768663,14,
1715671224.243001,2570952,27858,8,LM,1,100,486658.4554799,2231982.7672643,486658.4766698,16,
1715671224.993571,2571668,27978,8,LM,1,100,486659.1888428,2231983.5006495,486659.2096903,14,
1715671225.533436,2572183,28064,8,LM,1,100,486659.7891435,2231984.1009502,486659.8096395,16,
1715671226.252557,2572869,28173,8,LM,1,100,486660.4219978,2231984.7338046,486660.4426838,14,
1715671226.773553,2573366,28258,8,LM,1,100,486661.0220792,2231985.3338859,486661.0435728,16,
1715671227.501061,2574060,28379,8,LM,1,100,486661.7053534,2231986.0171155,486661.7095693,14,
1715671228.075519,2574608,28468,8,LM,1,100,486662.2721237,2231986.5838858,486662.2763459,16,
1715671228.700295,2575204,28569,8,LM,1,100,486662.9728963,2231987.2846584,486662.9768000,14,
1715671229.441431,2575911,28689,8,LM,1,100,486663.5725911,2231987.8843611,486663.5769295,16,
1715671230.636472,2577051,28874,8,LM,1,100,486664.3053650,2231988.6171350,486664.3098347,15,
1715671230.652196,2577066,28877,8,LM,1,100,486664.8221426,2231989.1339126,486664.8434601,18,
1715671231.378655,2577759,28998,8,LM,1,100,486665.5555180,2231989.8672759,486665.5762074,14,
1715671231.861913,2578220,29074,8,LM,1,100,486666.1222404,2231990.4339984,486666.1434851,16,
1715671232.629256,2578952,29193,8,LM,1,100,486666.8890500,2231991.2008079,486666.9093663,14,
1715671233.146059,2579445,29280,8,LM,1,100,486667.4067046,2231991.7184417,486667.4104077,16,
1715671233.896628,2580161,29400,8,LM,1,100,486668.1222304,2231992.4339675,486668.1437294,15,
1715671235.159808,2581366,29601,8,LM,1,100,486669.3889453,2231993.7006722,486669.4101244,14,
1715671235.738459,2581918,29691,8,LM,1,100,486669.9555569,2231994.2672838,486669.9770494,16,
1715671236.364284,2582515,29790,8,LM,1,100,486670.6389010,2231994.9506279,486670.6434080,14,
1715671237.004784,2583126,29899,8,LM,1,100,486671.1890769,2231995.5008202,486671.2096410,16,
1715671237.743823,2583831,30020,8,LM,1,100,486671.9556517,2231996.2673950,486671.9763846,14,
1715671238.255384,2584319,30107,8,LM,1,100,486672.4888894,2231996.8006327,486672.5095820,16,
1715671239.026920,2585055,30226,8,LM,1,100,486673.3054890,2231997.6172012,486673.3095075,14,
1715671239.681047,2585679,30327,8,LM,1,100,486673.8555556,2231998.1672678,486673.8770440,16,
1715671240.415893,2586380,30449,8,LM,1,100,486674.5388077,2231998.8505199,486674.5432053,14,
1715671240.825771,2586771,30517,8,LM,1,100,486675.0558857,2231999.3675979,486675.0770024,16,
1715671241.577389,2587488,30637,8,LM,1,100,486675.8060495,2232000.1177931,486675.8103822,14,
1715671242.127737,2588013,30723,8,LM,1,100,486676.4060670,2232000.7178106,486676.4109784,16,
1715671242.949590,2588797,30848,8,LM,1,100,486677.1559688,2232001.4676946,486677.1766547,14,
1715671243.394062,2589221,30919,8,LM,1,100,486677.6556455,2232001.9673713,486677.6763266,16,
1715671244.141487,2589934,31038,8,LM,1,100,486678.3555797,2232002.6673055,486678.3771306,15,
1715671244.679255,2590447,31124,8,LM,1,100,486678.8889319,2232003.2006577,486678.9097801,18,
1715671245.635288,2591359,31277,8,LM,1,100,486679.7222566,2232004.0339596,486679.7434008,14,
1715671245.984366,2591692,31329,8,LM,1,100,486680.2390615,2232004.5507645,486680.2436643,16,
1715671246.727598,2592401,31450,8,LM,1,100,486681.0056668,2232005.3173698,486681.0096230,14,
1715671247.706693,2593335,31587,8,LM,1,100,486681.5055741,2232005.8172601,486681.5097208,16,
1715671247.961426,2593578,31628,8,LM,1,100,486682.1891429,2232006.5008289,486682.2096283,15,
1715671249.221460,2594780,31831,8,LM,1,100,486683.4723103,2232007.7840013,486683.4764583,14,
1715671250.621965,2596116,32050,8,LM,1,100,486684.0556261,2232008.3673171,486684.0763529,16,
1715671250.645027,2596138,32053,8,LM,1,100,486684.8389971,2232009.1506881,486684.8433349,14,
1715671251.262465,2596727,32156,8,LM,1,100,486685.3891611,2232009.7008309,486685.4097293,16,
1715671251.922883,2597357,32243,8,LM,1,100,486686.1395187,2232010.4511885,486686.1433670,14,
1715671252.561286,2597966,32345,8,LM,1,100,486686.6890879,2232011.0007577,486686.7096862,16,
1715671253.256297,2598629,32438,8,LM,1,100,486687.4056808,2232011.7173457,486687.4096273,14,
1715671253.685044,2599038,32507,8,LM,1,100,486687.9389900,2232012.2506550,486687.9431284,16,
1715671254.427228,2599746,32627,8,LM,1,100,486688.6222066,2232012.9338716,486688.6431846,15,
1715671255.713470,2600973,32830,8,LM,1,100,486689.9222837,2232014.2339396,486689.9428260,14,
1715671256.352921,2601583,32932,8,LM,1,100,486690.5223528,2232014.8340088,486690.5427674,16,
1715671257.306858,2602493,33086,8,LM,1,100,486691.2222610,2232015.5339196,486691.2429945,14,
1715671257.628680,2602800,33137,8,LM,1,100,486691.8223159,2232016.1339745,486691.8431821,16,
1715671258.282808,2603424,33243,8,LM,1,100,486692.5223832,2232016.8340418,486692.5432519,14,
1715671258.842591,2603958,33305,8,LM,1,100,486693.0225365,2232017.3341950,486693.0429545,16,
1715671259.571147,2604653,33426,8,LM,1,100,486693.7900882,2232018.1017254,486693.8098269,14,
1715671260.111012,2605168,33511,8,LM,1,100,486694.3724489,2232018.6840861,486694.3765661,16,
1715671260.949637,2605968,33646,8,LM,1,100,486695.1564630,2232019.4681168,486695.1772334,14,
1715671261.479020,2606473,33734,8,LM,1,100,486695.6890109,2232020.0006647,486695.7104980,16,
1715671262.131051,2607095,33836,8,LM,1,100,486696.4057333,2232020.7173871,486696.4104609,14,
1715671262.773648,2607708,33942,8,LM,1,100,486697.0058666,2232021.3175204,486697.0098949,16,
1715671263.429872,2608334,34043,8,LM,1,100,486697.7057116,2232022.0173461,486697.7102310,14,
1715671264.000138,2608878,34119,8,LM,1,100,486698.2057432,2232022.5173777,486698.2096609,16,
1715671264.662652,2609510,34224,8,LM,1,100,486698.9227783,2232023.2344128,486698.9431490,15,
1715671265.396449,2610210,34342,8,LM,1,100,486699.4940663,2232023.8056911,486699.5099770,18,
1715671265.966714,2610754,34429,8,LM,1,100,486700.2224296,2232024.5340544,486700.2433869,14,
1715671266.721477,2611474,34549,8,LM,1,100,486700.8224856,2232025.1341104,486700.8437028,16,
1715671267.365122,2612088,34651,8,LM,1,100,486701.5057355,2232025.8173452,486701.5098822,14,
1715671268.634591,2613299,34855,8,LM,1,100,486702.0892342,2232026.4008439,486702.1099662,16,
1715671268.660799,2613324,34858,8,LM,1,100,486702.8224903,2232027.1341000,486702.8430701,14,
1715671269.277188,2613912,34950,8,LM,1,100,486703.3725403,2232027.6841284,486703.3765693,16,
1715671269.840116,2614449,35039,8,LM,1,100,486704.1058019,2232028.4173900,486704.1097080,14,
1715671270.399898,2614983,35125,8,LM,1,100,486704.6558615,2232028.9674496,486704.6766386,16,
1715671271.110633,2615661,35244,8,LM,1,100,486705.3724897,2232029.6840854,486705.3769858,14,
1715671271.668319,2616193,35330,8,LM,1,100,486705.9225792,2232030.2341748,486705.9444906,16,
1715671272.432517,2616922,35449,8,LM,1,100,486706.7058215,2232031.0174172,486706.7097651,14,
1715671272.941982,2617408,35535,8,LM,1,100,486707.2059206,2232031.5174927,486707.2110589,16,
1715671273.690455,2618122,35657,8,LM,1,100,486707.9058213,2232032.2173934,486707.9100416,14,
1715671274.270154,2618675,35744,8,LM,1,100,486708.4733228,2232032.7848949,486708.4773026,16,
1715671275.008145,2619379,35853,8,LM,1,100,486709.2726556,2232033.5842245,486709.2772034,15,
1715671276.718941,2621011,36122,8,LM,1,100,486710.5225105,2232034.8340794,486710.5433375,14,
1715671276.922307,2621205,36157,8,LM,1,100,486711.1225528,2232035.4341057,486711.1433262,16,
1715671277.661346,2621910,36280,8,LM,1,100,486711.8726317,2232036.1841846,486711.8768143,14,
1715671278.191777,2622416,36367,8,LM,1,100,486712.3726099,2232036.6841628,486712.3767844,16,
1715671278.854291,2623048,36467,8,LM,1,100,486713.1059483,2232037.4175012,486713.1100089,14,
1715671279.470681,2623636,36571,8,LM,1,100,486713.7058657,2232038.0174092,486713.7101090,16,
1715671280.250602,2624380,36679,8,LM,1,100,486714.4392189,2232038.7507624,486714.4438119,14,
1715671280.777888,2624883,36767,8,LM,1,100,486714.9559746,2232039.2675181,486714.9772123,16,
1715671281.425726,2625501,36871,8,LM,1,100,486715.6560186,2232039.9675538,486715.6768940,14,
1715671282.044213,2626091,36973,8,LM,1,100,486716.2393688,2232040.5509040,486716.2435665,16,
1715671282.823086,2626834,37077,8,LM,1,100,486716.9393431,2232041.2508783,486716.9435842,15,
1715671284.008693,2627965,37264,8,LM,1,100,486718.2559454,2232042.5674623,486718.2775596,14,
1715671284.570572,2628501,37351,8,LM,1,100,486718.8394248,2232043.1509417,486718.8432125,16,
1715671285.427018,2629318,37474,8,LM,1,100,486719.5393924,2232043.8508908,486719.5435518,14,
1715671285.923903,2629792,37547,8,LM,1,100,486720.0902371,2232044.4017355,486720.1101868,16,
1715671286.574887,2630413,37650,8,LM,1,100,486720.8393476,2232045.1508460,486720.8435428,15,
1715671287.188132,2630998,37751,8,LM,1,100,486721.3726795,2232045.6841757,486721.3773945,18,
1715671287.930315,2631706,37874,8,LM,1,100,486722.1560775,2232046.4675737,486722.1769414,14,
1715671288.489049,2632239,37960,8,LM,1,100,486722.7226603,2232047.0341565,486722.7435714,16,
1715671289.108584,2632830,38063,8,LM,1,100,486723.3560912,2232047.6675860,486723.3772816,14,
1715671289.634821,2633332,38151,8,LM,1,100,486723.8732180,2232048.1847128,486723.8769578,16,
1715671290.493364,2634151,38284,8,LM,1,100,486724.6893673,2232049.0008622,486724.7100211,15,
1715671291.675826,2635279,38461,8,LM,1,100,486725.9394356,2232050.2509231,486725.9438439,14,
1715671292.321568,2635895,38565,8,LM,1,100,486726.4739100,2232050.7853975,486726.4769122,16,
1715671293.052220,2636592,38686,8,LM,1,100,486727.2727812,2232051.5842475,486727.2773547,14,
1715671293.604665,2637119,38770,8,LM,1,100,486727.7727453,2232052.0842116,486727.7769353,16,
1715671294.566987,2638037,38923,8,LM,1,100,486728.5062314,2232052.8176977,486728.5104552,15,
1715671295.608979,2639031,39092,8,LM,1,100,486729.8561236,2232054.1675851,486729.8774339,14,
1715671296.174003,2639570,39168,8,LM,1,100,486730.4062656,2232054.7177271,486730.4107025,16,
1715671296.898366,2640261,39273,8,LM,1,100,486731.0895217,2232055.4009832,486731.1107374,14,
1715671297.417265,2640756,39358,8,LM,1,100,486731.6227793,2232055.9342221,486731.6439651,16,
1715671298.141628,2641447,39479,8,LM,1,100,486732.3393972,2232056.6508400,486732.3436156,14,
1715671298.681493,2641962,39565,8,LM,1,100,486732.9061836,2232057.2176263,486732.9102436,16,
1715671299.456174,2642701,39685,8,LM,1,100,486733.6561259,2232057.9675659,486733.6770217,14,
1715671299.971928,2643193,39770,8,LM,1,100,486734.1897325,2232058.5011725,486734.2110136,16,
1715671300.745560,2643931,39891,8,LM,1,100,486734.9897701,2232059.3012101,486735.0105919,14,
1715671301.307439,2644467,39977,8,LM,1,100,486735.5061682,2232059.8175999,486735.5103867,16,
1715671302.006643,2645134,40068,8,LM,1,100,486736.2395612,2232060.5509929,486736.2436154,14,
1715671302.522398,2645626,40155,8,LM,1,100,486736.7565932,2232061.0680249,486736.7776330,16,
1715671303.395617,2646459,40295,8,LM,1,100,486737.5904580,2232061.9018847,486737.6110638,14,
1715671303.910323,2646950,40379,8,LM,1,100,486738.1395762,2232062.4510029,486738.1435985,16,
1715671304.565499,2647575,40483,8,LM,1,100,486738.7728684,2232063.0842951,486738.7774938,15,
1715671305.942942,2648889,40702,8,LM,1,100,486740.1395084,2232064.4509333,486740.1439252,14,
1715671306.505869,2649426,40789,8,LM,1,100,486740.6903116,2232065.0017365,486740.7104489,16,
1715671307.141128,2650032,40881,8,LM,1,100,486741.3897046,2232065.7011148,486741.4110380,14,
1715671307.787918,2650649,40987,8,LM,1,100,486741.9728702,2232066.2842804,486741.9770745,16,
1715671308.438901,2651270,41091,8,LM,1,100,486742.7068590,2232067.0182692,486742.7100829,15,
1715671309.056339,2651859,41192,8,LM,1,100,486743.2561825,2232067.5675923,486743.2778786,18,
1715671309.708370,2652481,41295,8,LM,1,100,486743.9396185,2232068.2510283,486743.9447236,14,
1715671310.245090,2652993,41380,8,LM,1,100,486744.4896159,2232068.8010257,486744.5110463,16,
1715671311.012433,2653725,41502,8,LM,1,100,486745.2396280,2232069.5510346,486745.2440307,14,
1715671311.629870,2654314,41605,8,LM,1,100,486745.7898278,2232070.1012344,486745.8101092,16,
1715671312.422372,2655070,41710,8,LM,1,100,486746.5229052,2232070.8343118,486746.5438350,14,
1715671312.773546,2655405,41768,8,LM,1,100,486747.0228544,2232071.3342611,486747.0443638,16,
1715671313.603785,2656197,41906,8,LM,1,100,486747.7898625,2232072.1012472,486747.8107791,14,
1715671314.120588,2656690,41958,8,LM,1,100,486748.3564448,2232072.6678295,486748.3770483,16,
1715671314.774716,2657314,42062,8,LM,1,100,486749.0396557,2232073.3510404,486749.0444401,15,
1715671315.317726,2657832,42147,8,LM,1,100,486749.5564830,2232073.8678809,486749.5774855,18,
1715671316.157400,2658633,42284,8,LM,1,100,486750.3901240,2232074.7015219,486750.4122695,14,
1715671316.708796,2659159,42372,8,LM,1,100,486750.9731037,2232075.2845016,486750.9770260,16,
1715671317.441545,2659858,42491,8,LM,1,100,486751.6730315,2232075.9844092,486751.6774354,14,
1715671317.987700,2660379,42569,8,LM,1,100,486752.2230301,2232076.5344078,486752.2438031,16,
1715671318.740366,2661097,42687,8,LM,1,100,486752.9564125,2232077.2677902,486752.9771420,14,
1715671319.259266,2661592,42773,8,LM,1,100,486753.4562979,2232077.7676708,486753.4769953,16,
1715671319.921780,2662224,42877,8,LM,1,100,486754.1729190,2232078.4842919,486754.1776326,14,
1715671320.454307,2662732,42961,8,LM,1,100,486754.6898491,2232079.0012220,486754.7105034,16,
1715671321.277208,2663517,43097,8,LM,1,100,486755.4896762,2232079.8010295,486755.5107859,14,
1715671321.829653,2664044,43184,8,LM,1,100,486756.0730359,2232080.3843893,486756.0771260,16,
1715671322.588609,2664768,43305,8,LM,1,100,486756.8397597,2232081.1511130,486756.8437466,14,
1715671323.168308,2665321,43381,8,LM,1,100,486757.3902935,2232081.7016375,486757.4109150,16,
1715671323.808809,2665932,43485,8,LM,1,100,486758.0565039,2232082.3678479,486758.0774253,15,
1715671324.344481,2666443,43571,8,LM,1,100,486758.6064800,2232082.9178240,486758.6107370,18,
1715671325.274307,2667330,43723,8,LM,1,100,486759.4064023,2232083.7177323,486759.4107266,14,
1715671326.388630,2668393,43892,8,LM,1,100,486759.9402507,2232084.2515807,486759.9442650,16,
1715671326.404355,2668408,43895,8,LM,1,100,486760.6063783,2232084.9177083,486760.6104239,14,
1715671326.923254,2668903,43984,8,LM,1,100,486761.1565098,2232085.4678780,486761.1777639,16,
1715671327.666486,2669612,44103,8,LM,1,100,486761.9069437,2232086.2183119,486761.9105416,14,
1715671328.400283,2670312,44212,8,LM,1,100,486762.5064510,2232086.8178192,486762.5106788,16,
1715671329.038687,2670921,44318,8,LM,1,100,486763.2564308,2232087.5677598,486763.2771728,14,
1715671329.573311,2671431,44403,8,LM,1,100,486763.7902584,2232088.1015874,486763.8105930,16,
1715671330.320735,2672144,44522,8,LM,1,100,486764.4896814,2232088.8010104,486764.5104679,15,
1715671330.771497,2672574,44592,8,LM,1,100,486765.0231638,2232089.3344928,486765.0445946,18,
1715671331.508439,2673277,44711,8,LM,1,100,486765.7730487,2232090.0843791,486765.7775098,14,
1715671332.024194,2673769,44798,8,LM,1,100,486766.2731764,2232090.5845068,486766.2774760,16,
1715671332.808308,2674517,44921,8,LM,1,100,486767.0731922,2232091.3845226,486767.0772852,14,
1715671333.440422,2675120,45022,8,LM,1,100,486767.6564648,2232091.9677384,486767.6775452,16,
1715671334.171075,2675817,45129,8,LM,1,100,486768.4065672,2232092.7178408,486768.4102970,14,
1715671334.717229,2676338,45215,8,LM,1,100,486768.9065702,2232093.2178438,486768.9111602,16,
1715671335.392323,2676982,45319,8,LM,1,100,486769.5903023,2232093.9016260,486769.6125333,14,
1715671335.926947,2677492,45406,8,LM,1,100,486770.1731940,2232094.4845177,486770.1772899,16,
1715671336.784441,2678310,45543,8,LM,1,100,486770.8897653,2232095.2010890,486770.9106673,14,
1715671337.223671,2678729,45611,8,LM,1,100,486771.4733917,2232095.7846737,486771.4776257,16,
1715671338.041331,2679509,45749,8,LM,1,100,486772.2565362,2232096.5678182,486772.2776337,15,
1715671338.504672,2679951,45818,8,LM,1,100,486772.7733429,2232097.0846249,486772.7771009,18,
1715671339.308704,2680718,45946,8,LM,1,100,486773.5232647,2232097.8345557,486773.5436576,14,
1715671339.882114,2681265,46033,8,LM,1,100,486774.1065214,2232098.4178124,486774.1108168,16,
1715671340.505842,2681860,46134,8,LM,1,100,486774.7566377,2232099.0679287,486774.7783032,14,
1715671341.024741,2682355,46222,8,LM,1,100,486775.2565767,2232099.5678569,486775.2774955,16,
1715671341.890622,2683181,46358,8,LM,1,100,486776.0899160,2232100.4011962,486776.1107634,14,
1715671342.424197,2683690,46442,8,LM,1,100,486776.6565979,2232100.9678781,486776.6779861,16,
1715671343.156946,2684389,46565,8,LM,1,100,486777.3569025,2232101.6681638,486777.3781708,14,
1715671343.933723,2685130,46684,8,LM,1,100,486777.8899448,2232102.2012061,486777.9111960,16,
1715671344.642362,2685806,46775,8,LM,1,100,486778.6899577,2232103.0012190,486778.7109222,14,
1715671345.024985,2686171,46812,8,LM,1,100,486779.2734165,2232103.5846698,486779.2777099,16,
1715671345.736768,2686850,46919,8,LM,1,100,486779.9400436,2232104.2512969,486779.9438739,14,
1715671346.251474,2687341,47004,8,LM,1,100,486780.5066202,2232104.8178735,486780.5111431,16,
1715671347.270404,2688313,47157,8,LM,1,100,486781.2066466,2232105.5178779,486781.2108210,15,
1715671348.309252,2689304,47328,8,LM,1,100,486782.4900018,2232106.8012331,486782.5112347,14,
1715671348.838634,2689809,47415,8,LM,1,100,486783.0568497,2232107.3680810,486783.0774635,16,
1715671349.591300,2690527,47517,8,LM,1,100,486783.8067509,2232108.1179759,486783.8107479,14,
1715671350.157372,2691067,47593,8,LM,1,100,486784.3065774,2232108.6178023,486784.3112038,16,
1715671350.900604,2691776,47715,8,LM,1,100,486785.0900065,2232109.4012315,486785.1113589,14,
1715671351.409021,2692261,47785,8,LM,1,100,486785.6734096,2232109.9846365,486785.6782641,16,
1715671352.128142,2692947,47903,8,LM,1,100,486786.3233718,2232110.6345987,486786.3440608,14,
1715671352.698408,2693491,47991,8,LM,1,100,486786.9238068,2232111.2350337,486786.9445362,16,
1715671353.361970,2694124,48095,8,LM,1,100,486787.5904214,2232111.9016386,486787.6112397,14,
1715671353.952153,2694687,48184,8,LM,1,100,486788.1906808,2232112.5018980,486788.2107746,16,
1715671354.692240,2695393,48301,8,LM,1,100,486788.9401211,2232113.2513383,486788.9446280,14,
1715671355.323305,2695995,48376,8,LM,1,100,486789.5407903,2232113.8519876,486789.5442311,16,
1715671356.311835,2696938,48515,8,LM,1,100,486790.2233768,2232114.5345741,486790.2448677,14,
1715671356.543505,2697159,48551,8,LM,1,100,486790.7903830,2232115.1015803,486790.8106758,16,
1715671357.250047,2697833,48655,8,LM,1,100,486791.4568372,2232115.7680200,486791.4780924,15,
1715671357.719677,2698281,48729,8,LM,1,100,486791.9734974,2232116.2846802,486791.9783582,18,
1715671358.549917,2699073,48864,8,LM,1,100,486792.8069033,2232117.1180861,486792.8109769,14,
1715671359.445149,2699927,48968,8,LM,1,100,486793.3903617,2232117.7015526,486793.4108090,16,
1715671359.916876,2700377,48989,8,LM,1,100,486794.0402163,2232118.3514072,486794.0449026,14,
1715671360.497624,2700931,49046,8,LM,1,100,486794.5568465,2232118.8680375,486794.5775917,16,
1715671361.086759,2701493,49125,8,LM,1,100,486795.3067151,2232119.6179225,486795.3114491,14,
1715671361.707342,2702085,49227,8,LM,1,100,486795.8568084,2232120.1680158,486795.8778584,16,
1715671362.347842,2702696,49331,8,LM,1,100,486796.5734189,2232120.8846263,486796.5775980,14,
1715671362.976811,2703296,49436,8,LM,1,100,486797.1066729,2232121.4178803,486797.1109753,16,
1715671363.723188,2704008,49553,8,LM,1,100,486797.9401398,2232122.2513303,486797.9448670,15,
1715671365.012574,2705238,49756,8,LM,1,100,486799.1569481,2232123.4680981,486799.1779037,14,
1715671365.545101,2705746,49844,8,LM,1,100,486799.7402212,2232124.0513712,486799.7443282,16,
1715671366.253740,2706422,49937,8,LM,1,100,486800.4400708,2232124.7512208,486800.4448281,14,
1715671366.767398,2706912,50021,8,LM,1,100,486800.9904496,2232125.3015996,486801.0106553,16,
1715671367.527402,2707637,50145,8,LM,1,100,486801.7401549,2232126.0513068,486801.7442529,14,
1715671368.816789,2708867,50345,8,LM,1,100,486802.3401519,2232126.6513037,486802.3444051,16,
1715671368.832513,2708882,50348,8,LM,1,100,486802.9735291,2232127.2846809,486802.9782500,14,
1715671369.383909,2709408,50436,8,LM,1,100,486803.5236454,2232127.8347762,486803.5442337,16,
1715671370.120852,2710111,50554,8,LM,1,100,486804.3402036,2232128.6513344,486804.3442288,14,
1715671370.761352,2710722,50658,8,LM,1,100,486804.8736647,2232129.1847955,486804.8775935,16,
1715671371.519259,2711445,50765,8,LM,1,100,486805.5907538,2232129.9018808,486805.6110254,15,
1715671372.582217,2712459,50939,8,LM,1,100,486806.8403305,2232131.1514575,486806.8449065,14,
1715671373.151434,2713002,51026,8,LM,1,100,486807.3913456,2232131.7024665,486807.4112107,16,
1715671373.995301,2713807,51162,8,LM,1,100,486808.1907559,2232132.5018768,486808.2108294,14,
1715671374.543553,2714330,51247,8,LM,1,100,486808.7237049,2232133.0348258,486808.7442765,16,
1715671375.267915,2715021,51368,8,LM,1,100,486809.3903727,2232133.7015052,486809.4111642,14,
1715671375.750125,2715481,51438,8,LM,1,100,486809.9908913,2232134.3020238,486810.0108944,16,
1715671376.605523,2716297,51576,8,LM,1,100,486810.7569552,2232135.0680877,486810.7773944,15,
1715671377.059429,2716730,51633,8,LM,1,100,486811.2903543,2232135.6014543,486811.3110485,18,
1715671377.979820,2717608,51757,8,LM,1,100,486812.0235337,2232136.3346337,486812.0443313,14,
1715671378.716763,2718311,51877,8,LM,1,100,486812.5236294,2232136.8347294,486812.5440800,16,
1715671379.043826,2718623,51929,8,LM,1,100,486813.2736710,2232137.5847719,486813.2778498,14,
1715671379.572160,2719127,52014,8,LM,1,100,486813.8070233,2232138.1181242,486813.8109946,16,
1715671380.392965,2719910,52135,8,LM,1,100,486814.5571325,2232138.8682334,486814.5777215,14,
1715671380.959037,2720450,52223,8,LM,1,100,486815.1570777,2232139.4681688,486815.1780868,16,
1715671381.589055,2721051,52324,8,LM,1,100,486815.8070293,2232140.1181204,486815.8117559,14,
1715671382.298742,2721728,52419,8,LM,1,100,486816.3907031,2232140.7017942,486816.4113067,16,
1715671382.959159,2722358,52526,8,LM,1,100,486817.1236713,2232141.4347624,486817.1446041,14,
1715671383.489590,2722864,52613,8,LM,1,100,486817.7070080,2232142.0180889,486817.7111417,16,
1715671384.175166,2723518,52717,8,LM,1,100,486818.4070492,2232142.7181301,486818.4108437,14,
1715671384.746480,2724063,52801,8,LM,1,100,486818.9237934,2232143.2348744,486818.9444219,16,
1715671385.463504,2724747,52922,8,LM,1,100,486819.6903922,2232144.0014792,486819.7116872,15,
1715671386.819981,2726041,53126,8,LM,1,100,486821.0403989,2232145.3514859,486821.0443800,14,
1715671387.445805,2726638,53229,8,LM,1,100,486821.6237148,2232145.9347714,486821.6448307,16,
1715671388.073726,2727237,53301,8,LM,1,100,486822.3071302,2232146.6181867,486822.3113236,14,
1715671388.616736,2727755,53388,8,LM,1,100,486822.8738693,2232147.1849258,486822.8779293,16,
1715671389.277154,2728385,53493,8,LM,1,100,486823.5403766,2232147.8514421,486823.5449563,14,
1715671389.892495,2728972,53594,8,LM,1,100,486824.0904646,2232148.4015301,486824.1118571,16,
1715671390.614761,2729661,53698,8,LM,1,100,486824.8404895,2232149.1515550,486824.8445035,14,
1715671391.180833,2730201,53784,8,LM,1,100,486825.4242249,2232149.7352589,486825.4449972,16,
1715671391.897858,2730885,53904,8,LM,1,100,486826.1237111,2232150.4347451,486826.1451075,15,
1715671392.790994,2731737,53944,8,LM,1,100,486826.6238207,2232150.9348547,486826.6444121,18,
1715671393.347632,2732268,53991,8,LM,1,100,486827.3913062,2232151.7023465,486827.4115508,14,
1715671393.778476,2732679,54063,8,LM,1,100,486827.9905489,2232152.3015892,486828.0119218,16,
1715671394.634922,2733496,54197,8,LM,1,100,486828.7404792,2232153.0515195,486828.7445564,14,
1715671395.100359,2733940,54268,8,LM,1,100,486829.3070738,2232153.6181153,486829.3113943,16,
1715671395.721990,2734533,54371,8,LM,1,100,486829.9738230,2232154.2848645,486829.9785238,14,
1715671396.358297,2735140,54472,8,LM,1,100,486830.5740566,2232154.8850981,486830.5780527,16,
1715671397.030246,2735781,54576,8,LM,1,100,486831.2237206,2232155.5347568,486831.2448483,14,
1715671397.542856,2736270,54663,8,LM,1,100,486831.7737832,2232156.0848194,486831.7785221,16,
1715671398.386723,2737075,54800,8,LM,1,100,486832.5576989,2232156.8687351,486832.5778524,14,
1715671398.867884,2737534,54860,8,LM,1,100,486833.0738978,2232157.3849341,486833.0777675,16,
1715671399.599585,2738232,54980,8,LM,1,100,486833.8238435,2232158.1348389,486833.8450785,14,
1715671400.215975,2738820,55082,8,LM,1,100,486834.4238531,2232158.7348485,486834.4449228,16,
1715671400.996944,2739565,55201,8,LM,1,100,486835.1572716,2232159.4682934,486835.1785180,14,
1715671401.440368,2739988,55271,8,LM,1,100,486835.6905583,2232160.0015801,486835.7118995,16,
1715671402.177310,2740691,55392,8,LM,1,100,486836.4071669,2232160.7181887,486836.4111993,15,
1715671403.888106,2742323,55650,8,LM,1,100,486837.6739695,2232161.9849477,486837.6785636,14,
1715671404.080990,2742507,55671,8,LM,1,100,486838.2406764,2232162.5516546,486838.2443121,16,
1715671404.740359,2743136,55775,8,LM,1,100,486839.0076604,2232163.3186386,486839.0117808,14,
1715671405.351507,2743719,55879,8,LM,1,100,486839.5239707,2232163.8349552,486839.5447288,16,
1715671406.005635,2744343,55981,8,LM,1,100,486840.2739987,2232164.5849831,486840.2780314,14,
1715671406.630411,2744939,56084,8,LM,1,100,486840.8410345,2232165.1520190,486840.8453265,16,
1715671407.370498,2745645,56201,8,LM,1,100,486841.5573213,2232165.8683208,486841.5789162,14,
1715671407.894639,2746145,56291,8,LM,1,100,486842.1072471,2232166.4182466,486842.1112372,16,
1715671408.653595,2746869,56411,8,LM,1,100,486842.8406743,2232167.1516737,486842.8452266,14,
1715671409.308771,2747494,56500,8,LM,1,100,486843.4239605,2232167.7349093,486843.4445700,16,
1715671409.877988,2748037,56590,8,LM,1,100,486844.1239470,2232168.4348958,486844.1448680,14,
1715671410.612834,2748738,56692,8,LM,1,100,486844.6905766,2232169.0015254,486844.7117051,16,
1715671411.186244,2749285,56782,8,LM,1,100,486845.3573185,2232169.6682726,486845.3783952,14,
1715671411.715626,2749790,56866,8,LM,1,100,486845.9407492,2232170.2517033,486845.9450498,16,
1715671412.464099,2750504,56988,8,LM,1,100,486846.6410160,2232170.9519701,486846.6452660,15,
1715671413.741955,2751723,57190,8,LM,1,100,486847.9240513,2232172.2350025,486847.9450717,14,
1715671414.275530,2752232,57277,8,LM,1,100,486848.5240765,2232172.8350277,486848.5446253,16,
1715671414.921272,2752848,57370,8,LM,1,100,486849.1740084,2232173.4849537,486849.1785249,14,
1715671415.481055,2753382,57455,8,LM,1,100,486849.7244377,2232174.0353830,486849.7448138,16,
1715671416.238962,2754105,57576,8,LM,1,100,486850.4906875,2232174.8016329,486850.5118448,14,
1715671416.861642,2754699,57676,8,LM,1,100,486851.0406780,2232175.3516233,486851.0447705,16,
1715671417.591246,2755395,57798,8,LM,1,100,486851.7911969,2232176.1021550,486851.8114821,14,
1715671418.123773,2755903,57886,8,LM,1,100,486852.3406826,2232176.6516407,486852.3450745,16,
1715671418.808301,2756556,57988,8,LM,1,100,486853.0739624,2232177.3849205,486853.0785932,14,
1715671419.471863,2757189,58092,8,LM,1,100,486853.6750413,2232177.9859382,486853.6785751,16,
1715671420.218240,2757901,58201,8,LM,1,100,486854.3407386,2232178.6516355,486854.3451990,15,
1715671420.731898,2758391,58286,8,LM,1,100,486854.8741606,2232179.1850575,486854.8783523,18,
1715671421.480371,2759105,58407,8,LM,1,100,486855.6906646,2232180.0015625,486855.7114320,14,
1715671422.663882,2760234,58594,8,LM,1,100,486856.2908467,2232180.6017446,486856.3119095,16,
1715671422.778144,2760343,58615,8,LM,1,100,486856.9575428,2232181.2684407,486856.9786776,14,
1715671423.388244,2760925,58717,8,LM,1,100,486857.4907858,2232181.8016913,486857.5114619,16,
1715671424.060193,2761566,58818,8,LM,1,100,486858.2578327,2232182.5687382,486858.2780470,14,
1715671424.573851,2762056,58905,8,LM,1,100,486858.8073600,2232183.1182654,486858.8116879,16,
1715671425.321276,2762769,59026,8,LM,1,100,486859.5407152,2232183.8516190,486859.5455532,15,
1715671425.990080,2763407,59116,8,LM,1,100,486860.0908135,2232184.4017173,486860.1120654,18,
1715671426.512124,2763905,59203,8,LM,1,100,486860.7740934,2232185.0849972,486860.7781223,14,
1715671427.135852,2764500,59305,8,LM,1,100,486861.3575814,2232185.6685066,486861.3784805,16,
1715671427.779497,2765114,59409,8,LM,1,100,486862.0239891,2232186.3349144,486862.0451770,14,
1715671428.308879,2765619,59494,8,LM,1,100,486862.5241859,2232186.8351112,486862.5447855,16,
1715671429.153794,2766425,59632,8,LM,1,100,486863.3742041,2232187.6850674,486863.3786170,14,
1715671429.712528,2766958,59719,8,LM,1,100,486863.9742737,2232188.2851370,486863.9782322,16,
1715671430.450519,2767662,59837,8,LM,1,100,486864.6574240,2232188.9682873,486864.6781180,14,
1715671431.037557,2768222,59913,8,LM,1,100,486865.2241935,2232189.5350581,486865.2445327,16,
1715671431.780789,2768931,60033,8,LM,1,100,486865.9407698,2232190.2516344,486865.9452228,15,
1715671432.422337,2769543,60137,8,LM,1,100,486866.5159769,2232190.8268415,486866.5447778,18,
1715671432.946478,2770043,60223,8,LM,1,100,486867.1919845,2232191.5028428,486867.2119946,14,
1715671433.513598,2770584,60309,8,LM,1,100,486867.7742165,2232192.0850748,486867.7787694,16,
1715671434.246347,2771283,60429,8,LM,1,100,486868.5074629,2232192.8183212,486868.5117497,14,
1715671434.875317,2771883,60533,8,LM,1,100,486869.0742586,2232193.3851169,486869.0787239,16,
1715671435.552507,2772529,60635,8,LM,1,100,486869.8083275,2232194.1191612,486869.8116916,14,
1715671436.172041,2773120,60726,8,LM,1,100,486870.3075733,2232194.6184070,486870.3120192,16,
1715671436.755934,2773677,60813,8,LM,1,100,486870.9917725,2232195.3026062,486871.0119538,14,
1715671437.389096,2774281,60918,8,LM,1,100,486871.5911325,2232195.9020103,486871.6121181,16,
1715671438.115556,2774974,61038,8,LM,1,100,486872.3576397,2232196.6685175,486872.3791840,15,
1715671439.382928,2776183,61241,8,LM,1,100,486873.6241000,2232197.9349999,486873.6454441,14,
1715671439.924890,2776700,61326,8,LM,1,100,486874.1579707,2232198.4688705,486874.1785197,16,
1715671440.682798,2777423,61445,8,LM,1,100,486874.9241724,2232199.2350723,486874.9455281,14,
1715671441.324346,2778035,61548,8,LM,1,100,486875.5242675,2232199.8351044,486875.5450341,16,
1715671441.980571,2778661,61640,8,LM,1,100,486876.2242919,2232200.5351287,486876.2455130,14,
1715671442.634699,2779285,61730,8,LM,1,100,486876.8077473,2232201.1185841,486876.8118545,16,
1715671443.269957,2779891,61832,8,LM,1,100,486877.4575001,2232201.7683243,486877.4789283,14,
1715671443.803533,2780400,61919,8,LM,1,100,486878.0409592,2232202.3517834,486878.0448885,16,
1715671444.534185,2781097,62038,8,LM,1,100,486878.7409543,2232203.0517785,486878.7450943,14,
1715671445.079292,2781617,62123,8,LM,1,100,486879.3410365,2232203.6518385,486879.3457583,16,
1715671445.819379,2782323,62244,8,LM,1,100,486880.0576864,2232204.3684885,486880.0788717,15,
1715671447.101428,2783546,62434,8,LM,1,100,486881.3242795,2232205.6351143,486881.3452819,14,
1715671447.610893,2784032,62522,8,LM,1,100,486881.8577456,2232206.1685804,486881.8783004,16,
1715671448.361462,2784748,62643,8,LM,1,100,486882.5910758,2232206.9019106,486882.6120252,14,
1715671448.999866,2785357,62744,8,LM,1,100,486883.1410323,2232207.4518670,486883.1457413,16,
1715671449.782932,2786104,62865,8,LM,1,100,486883.9745567,2232208.2853474,486883.9790858,14,
1715671450.311266,2786608,62950,8,LM,1,100,486884.5577352,2232208.8685259,486884.5792468,16,
1715671451.143602,2787402,63086,8,LM,1,100,486885.3745790,2232209.6853365,486885.3791504,14,
1715671451.707578,2787940,63174,8,LM,1,100,486885.9251663,2232210.2359238,486885.9457614,16,
1715671452.401540,2788602,63265,8,LM,1,100,486886.6410423,2232210.9517998,486886.6456704,14,
1715671452.918343,2789095,63353,8,LM,1,100,486887.1746737,2232211.4854362,486887.1790034,16,
1715671453.662623,2789805,63473,8,LM,1,100,486887.9088649,2232212.2196274,486887.9118544,14,
1715671454.305220,2790418,63575,8,LM,1,100,486888.4581816,2232212.7689441,486888.4786797,16,
1715671454.939431,2791023,63677,8,LM,1,100,486889.2076641,2232213.5184225,486889.2117065,14,
1715671455.490827,2791549,63764,8,LM,1,100,486889.7412278,2232214.0519862,486889.7450603,16,
1715671456.221479,2792246,63883,8,LM,1,100,486890.4410765,2232214.7518349,486890.4449631,15,
1715671456.773924,2792773,63969,8,LM,1,100,486891.0161225,2232215.3268809,486891.0456787,18,
1715671457.641901,2793601,64096,8,LM,1,100,486891.6909972,2232216.0017694,486891.7122285,14,
1715671458.058069,2793998,64153,8,LM,1,100,486892.2578778,2232216.5686500,486892.2794157,16,
1715671458.790818,2794697,64269,8,LM,1,100,486893.0077155,2232217.3184877,486893.0122285,14,
1715671459.411401,2795289,64373,8,LM,1,100,486893.5912576,2232217.9020072,486893.6117133,16,
1715671460.155681,2795999,64494,8,LM,1,100,486894.2744269,2232218.5851765,486894.2786919,14,
1715671460.590718,2796414,64562,8,LM,1,100,486894.8245295,2232219.1352791,486894.8458783,16,
1715671461.371688,2797159,64684,8,LM,1,100,486895.6245577,2232219.9352886,486895.6454907,14,
1715671461.909456,2797672,64768,8,LM,1,100,486896.1578822,2232220.4686132,486896.1791634,16,
1715671462.672606,2798400,64889,8,LM,1,100,486896.9244291,2232221.2351600,486896.9451603,14,
1715671463.305768,2799004,64981,8,LM,1,100,486897.4911900,2232221.8019053,486897.5125304,16,
1715671463.968282,2799636,65083,8,LM,1,100,486898.1412404,2232222.4519557,486898.1455230,14,
1715671464.519678,2800162,65171,8,LM,1,100,486898.6579664,2232222.9686817,486898.6782146,16,
1715671465.239848,2800849,65289,8,LM,1,100,486899.4745765,2232223.7852868,486899.4792500,14,
1715671465.891879,2801471,65393,8,LM,1,100,486900.0249932,2232224.3357035,486900.0457503,16,
1715671466.532379,2802082,65497,8,LM,1,100,486900.7412430,2232225.0519533,486900.7456102,15,
1715671467.820718,2803311,164,8,LM,1,100,486901.9918745,2232226.3025850,486902.0119189,14,
1715671468.462266,2803923,271,8,LM,1,100,486902.5912672,2232226.9019777,486902.6125563,16,
1715671469.001083,2804437,357,8,LM,1,100,486903.2579471,2232227.5686365,486903.2789159,14,
1715671469.616425,2805024,461,8,LM,1,100,486903.8580086,2232228.1686980,486903.8786780,16,
1715671470.342884,2805717,579,8,LM,1,100,486904.5578781,2232228.8685674,486904.5790756,14,
1715671470.886942,2806236,665,8,LM,1,100,486905.0912745,2232229.4019638,486905.1122697,16,
1715671471.563084,2806881,768,8,LM,1,100,486905.8077728,2232230.1184604,486905.8122816,14,
1715671472.183667,2807473,871,8,LM,1,100,486906.3913393,2232230.7020269,486906.4125213,16,
1715671472.921657,2808177,992,8,LM,1,100,486907.1747326,2232231.4853969,486907.1789563,14,
1715671473.557964,2808784,1095,8,LM,1,100,486907.7246644,2232232.0353288,486907.7458858,16,
1715671474.243541,2809438,1203,8,LM,1,100,486908.4746368,2232232.7853011,486908.4786187,14,
1715671474.761392,2809932,1271,8,LM,1,100,486908.9914568,2232233.3021211,486909.0117947,16,
1715671475.523493,2810659,1388,8,LM,1,100,486909.7413996,2232234.0520727,486909.7457956,15,
1715671476.069648,2811180,1474,8,LM,1,100,486910.2917303,2232234.6024034,486910.3120755,18,
1715671476.807638,2811884,1592,8,LM,1,100,486910.9913397,2232235.3020128,486911.0118917,14,
1715671477.227999,2812285,1660,8,LM,1,100,486911.4924711,2232235.8031176,486911.5119174,16,
1715671478.170404,2813184,1815,8,LM,1,100,486912.3246690,2232236.6353155,486912.3459701,14,
1715671478.596007,2813590,1885,8,LM,1,100,486912.8588266,2232237.1694731,486912.8793748,16,
1715671479.378025,2814336,2011,8,LM,1,100,486913.5914462,2232237.9021032,486913.6123574,14,
1715671479.913697,2814847,2096,8,LM,1,100,486914.1581203,2232238.4687773,486914.1784989,16,
1715671480.652735,2815552,2217,8,LM,1,100,486914.8747080,2232239.1853650,486914.8793604,14,
1715671481.188408,2816063,2304,8,LM,1,100,486915.4414231,2232239.7520611,486915.4455384,16,
1715671481.869791,2816713,2408,8,LM,1,100,486916.1246959,2232240.4353339,486916.1451191,14,
1715671482.425380,2817243,2496,8,LM,1,100,486916.6748105,2232240.9854485,486916.6785175,16,
1715671483.147646,2817932,2616,8,LM,1,100,486917.3913175,2232241.7019135,486917.4117531,14,
1715671483.803871,2818558,2718,8,LM,1,100,486917.9248085,2232242.2354045,486917.9462862,16,
1715671484.492592,2819215,2827,8,LM,1,100,486918.6748505,2232242.9854465,486918.6794406,14,
1715671484.924484,2819627,2897,8,LM,1,100,486919.2082394,2232243.5188532,486919.2126039,16,
1715671485.752627,2820417,3033,8,LM,1,100,486920.0081295,2232244.3187433,486920.0120097,15,
1715671486.285154,2820925,3120,8,LM,1,100,486920.5081927,2232244.8188066,486920.5126865,18,
1715671487.022096,2821628,3241,8,LM,1,100,486921.3086067,2232245.6192195,486921.3121264,14,
1715671487.563009,2822144,3327,8,LM,1,100,486921.8247718,2232246.1353846,486921.8452503,16,
1715671488.287372,2822835,3447,8,LM,1,100,486922.5415045,2232246.8521173,486922.5455783,14,
1715671488.869169,2823390,3532,8,LM,1,100,486923.1085525,2232247.4191653,486923.1127560,16,
1715671489.597724,2824085,3653,8,LM,1,100,486923.8079779,2232248.1186067,486923.8120546,14,
1715671490.123962,2824587,3730,8,LM,1,100,486924.3915212,2232248.7021501,486924.4125821,16,
1715671490.888159,2825316,3849,8,LM,1,100,486925.1581873,2232249.4688162,486925.1793541,14,
1715671491.495115,2825895,3950,8,LM,1,100,486925.7416602,2232250.0522471,486925.7460366,16,
1715671492.782405,2827123,4155,8,LM,1,100,486926.4585225,2232250.7691094,486926.4796448,15,
1715671492.806515,2827146,4158,8,LM,1,100,486927.0081452,2232251.3187321,486927.0124614,18,
1715671493.434436,2827745,4262,8,LM,1,100,486927.6581785,2232251.9687821,486927.6788316,14,
1715671493.983736,2828269,4350,8,LM,1,100,486928.2582563,2232252.5688599,486928.2789773,16,
1715671494.721726,2828973,4467,8,LM,1,100,486928.9915252,2232253.3021288,486929.0124408,14,
1715671495.291991,2829517,4561,8,LM,1,100,486929.5417612,2232253.8523278,486929.5460863,16,
1715671495.953457,2830148,4665,8,LM,1,100,486930.2414551,2232254.5520217,486930.2458229,14,
1715671496.901104,2831052,4814,8,LM,1,100,486930.8249686,2232255.1355352,486930.8451397,16,
1715671497.216637,2831353,4870,8,LM,1,100,486931.5082842,2232255.8188495,486931.5119165,14,
1715671497.775371,2831886,4957,8,LM,1,100,486932.0249346,2232256.3354999,486932.0457385,16,
1715671498.514410,2832591,5076,8,LM,1,100,486932.7754012,2232257.0859665,486932.7787117,14,
1715671499.137089,2833185,5180,8,LM,1,100,486933.3586333,2232257.6691854,486933.3789747,16,
1715671499.816376,2833833,5284,8,LM,1,100,486934.0751273,2232258.3856794,486934.0792192,15,
1715671501.500965,2835440,5555,8,LM,1,100,486935.4416094,2232259.7521676,486935.4455153,14,
1715671501.834318,2835758,5608,8,LM,1,100,486936.0415877,2232260.3521460,486936.0453150,16,
1715671502.380473,2836279,5696,8,LM,1,100,486936.6416745,2232260.9522328,486936.6456990,14,
1715671502.993718,2836864,5800,8,LM,1,100,486937.2419353,2232261.5524682,486937.2455413,16,
1715671503.859599,2837690,5935,8,LM,1,100,486937.9922518,2232262.3027847,486938.0125453,14,
1715671504.270525,2838082,6006,8,LM,1,100,486938.5418357,2232262.8523686,486938.5459916,16,
1715671504.943522,2838724,6108,8,LM,1,100,486939.2082674,2232263.5188115,486939.2127601,14,
1715671505.466615,2839223,6194,8,LM,1,100,486939.7083028,2232264.0188469,486939.7122700,16,
1715671506.305240,2840023,6337,8,LM,1,100,486940.5583531,2232264.8688972,486940.5789488,15,
1715671506.868167,2840560,6405,8,LM,1,100,486941.1366966,2232265.4472407,486941.1455297,18,
1715671507.512861,2841175,6511,8,LM,1,100,486941.7916718,2232266.1021885,486941.8122864,14,
1715671508.246658,2841875,6630,8,LM,1,100,486942.3926809,2232266.7031977,486942.4122073,16,
1715671508.831599,2842433,6717,8,LM,1,100,486943.0749589,2232267.3854757,486943.0795227,14,
1715671509.349451,2842927,6804,8,LM,1,100,486943.6251213,2232267.9356286,486943.6460701,16,
1715671510.117841,2843660,6925,8,LM,1,100,486944.3916440,2232268.7021513,486944.4121734,14,
1715671510.647223,2844165,7010,8,LM,1,100,486944.9418221,2232269.2523294,486944.9456576,16,
1715671511.404083,2844887,7135,8,LM,1,100,486945.6583617,2232269.9688996,486945.6790257,14,
1715671511.948141,2845406,7223,8,LM,1,100,486946.2415917,2232270.5521297,486946.2461363,16,
1715671512.652587,2846078,7343,8,LM,1,100,486946.9249485,2232271.2354865,486946.9460450,14,
1715671513.222852,2846622,7429,8,LM,1,100,486947.4584630,2232271.7689616,486947.4788058,16,
1715671514.923165,2848244,7697,8,LM,1,100,486948.2083412,2232272.5188398,486948.2125929,14,
1715671514.946227,2848266,7700,8,LM,1,100,486948.7583550,2232273.0688536,486948.7791885,16,
1715671515.239746,2848546,7753,8,LM,1,100,486949.4916946,2232273.8021755,486949.5123363,14,
1715671515.798480,2849079,7840,8,LM,1,100,486950.0251079,2232274.3355888,486950.0458455,16,
1715671516.565823,2849811,7964,8,LM,1,100,486950.8250956,2232275.1355765,486950.8455582,15,
1715671517.081577,2850303,8053,8,LM,1,100,486951.3753081,2232275.6858169,486951.3793822,18,
1715671517.844727,2851031,8171,8,LM,1,100,486952.0916616,2232276.4021704,486952.1128748,14,
1715671518.356288,2851519,8259,8,LM,1,100,486952.5917730,2232276.9022818,486952.6128226,16,
1715671519.095327,2852224,8379,8,LM,1,100,486953.3421238,2232277.6526022,486953.3456600,14,
1715671519.639385,2852743,8467,8,LM,1,100,486953.8584890,2232278.1689674,486953.8791894,16,
1715671520.368989,2853439,8585,8,LM,1,100,486954.5922265,2232278.9027049,486954.6124612,14,
1715671520.931916,2853976,8671,8,LM,1,100,486955.1917420,2232279.5022034,486955.2129303,16,
1715671521.763204,2854769,8806,8,LM,1,100,486955.9585174,2232280.2689787,486955.9793192,14,
1715671522.234931,2855219,8884,8,LM,1,100,486956.5089362,2232280.8193976,486956.5125813,16,
1715671522.977114,2855927,9002,8,LM,1,100,486957.2417650,2232281.5522148,486957.2456498,14,
1715671523.527462,2856452,9087,8,LM,1,100,486957.7585148,2232282.0689645,486957.7794589,16,
1715671524.183687,2857078,9191,8,LM,1,100,486958.4752184,2232282.7856682,486958.4793183,14,
1715671524.815801,2857681,9295,8,LM,1,100,486959.0750950,2232283.3855447,486959.0790846,16,
1715671525.447915,2858284,9395,8,LM,1,100,486959.7252018,2232284.0356459,486959.7461428,14,
1715671526.177519,2858980,9513,8,LM,1,100,486960.3252413,2232284.6356854,486960.3461424,16,
1715671526.744639,2859521,9599,8,LM,1,100,486961.0417951,2232285.3522392,486961.0461507,15,
1715671527.294987,2860046,9691,8,LM,1,100,486961.5418954,2232285.8523752,486961.5465448,18,
1715671528.044509,2860761,9812,8,LM,1,100,486962.3418569,2232286.6523367,486962.3459363,14,
1715671528.688154,2861375,9914,8,LM,1,100,486962.9419501,2232287.2524299,486962.9460083,16,
1715671529.441868,2862094,10030,8,LM,1,100,486963.6586109,2232287.9690247,486963.6795487,14,
1715671529.973347,2862601,10116,8,LM,1,100,486964.2586683,2232288.5690821,486964.2798101,16,
1715671530.610703,2863209,10218,8,LM,1,100,486964.9085464,2232289.2189602,486964.9128976,14,
1715671531.143230,2863717,10302,8,LM,1,100,486965.4251663,2232289.7355703,486965.4456929,16,
1715671531.899041,2864438,10422,8,LM,1,100,486966.1753512,2232290.4857552,486966.1795540,14,
1715671532.544783,2865054,10526,8,LM,1,100,486966.7586433,2232291.0690473,486966.7795686,16,
1715671533.188428,2865668,10633,8,LM,1,100,486967.4752406,2232291.7856497,486967.4795450,14,
1715671533.831024,2866281,10732,8,LM,1,100,486968.0586689,2232292.3690780,486968.0791226,16,
1715671534.477814,2866898,10834,8,LM,1,100,486968.7586603,2232293.0690694,486968.7791651,15,
1715671535.748332,2868110,11039,8,LM,1,100,486969.9918012,2232294.3022083,486970.0121850,14,
1715671536.276666,2868614,11124,8,LM,1,100,486970.5754392,2232294.8858463,486970.5788970,16,
1715671537.017801,2869321,11243,8,LM,1,100,486971.3086716,2232295.6190761,486971.3131480,14,
1715671537.653060,2869927,11349,8,LM,1,100,486971.8085635,2232296.1189680,486971.8133855,16,
1715671538.319767,2870563,11439,8,LM,1,100,486972.5586819,2232296.8690864,486972.5796783,14,
1715671538.865922,2871084,11527,8,LM,1,100,486973.1419434,2232297.4523479,486973.1459020,16,
1715671539.608105,2871792,11647,8,LM,1,100,486973.8587142,2232298.1690845,486973.8793056,14,
1715671540.122812,2872283,11732,8,LM,1,100,486974.3586588,2232298.6690291,486974.3799878,16,
1715671540.912168,2873036,11852,8,LM,1,100,486975.2084706,2232299.5188577,486975.2132159,14,
1715671541.542186,2873637,11955,8,LM,1,100,486975.7253232,2232300.0357103,486975.7466240,16,
1715671542.180589,2874246,12059,8,LM,1,100,486976.4085248,2232300.7189118,486976.4124603,15,
1715671542.612481,2874658,12129,8,LM,1,100,486976.9087987,2232301.2191858,486976.9125634,18,
1715671543.488845,2875494,12272,8,LM,1,100,486977.7587336,2232302.0691026,486977.7798140,14,
1715671544.148214,2876123,12374,8,LM,1,100,486978.3587590,2232302.6691280,486978.3792174,16,
1715671544.681789,2876632,12461,8,LM,1,100,486978.9753255,2232303.2856945,486978.9791479,14,
1715671545.292938,2877215,12565,8,LM,1,100,486979.5253055,2232303.8356837,486979.5457169,16,
1715671546.081246,2877967,12684,8,LM,1,100,486980.3585804,2232304.6689586,486980.3793279,14,
1715671546.605387,2878467,12769,8,LM,1,100,486980.8588647,2232305.1692429,486980.8802529,16,
1715671547.331846,2879160,12891,8,LM,1,100,486981.5919255,2232305.9023044,486981.6132970,14,
1715671547.881146,2879684,12977,8,LM,1,100,486982.1754118,2232306.4857907,486982.1795650,16,
1715671548.776378,2880538,13117,8,LM,1,100,486982.9087808,2232307.2191597,486982.9128255,15,
1715671550.073103,2881775,13322,8,LM,1,100,486984.1587503,2232308.4690797,486984.1794017,14,
1715671550.382346,2882070,13375,8,LM,1,100,486984.6754766,2232308.9858060,486984.6794163,16,
1715671551.147592,2882800,13494,8,LM,1,100,486985.4254195,2232309.7357526,486985.4467486,14,
1715671551.760837,2883385,13598,8,LM,1,100,486985.9420704,2232310.2524035,486985.9461849,16,
1715671552.527131,2884116,13719,8,LM,1,100,486986.6930292,2232311.0033623,486986.7132446,14,
1715671552.992568,2884560,13789,8,LM,1,100,486987.2589343,2232311.5692591,486987.2799369,16,
1715671553.830145,2885359,13927,8,LM,1,100,486988.0254289,2232312.3357538,486988.0462872,14,
1715671554.289292,2885797,14001,8,LM,1,100,486988.5254105,2232312.8357353,486988.5465597,16,
1715671555.033572,2886507,14121,8,LM,1,100,486989.2754811,2232313.5857954,486989.2801850,14,
1715671555.662542,2887107,14223,8,LM,1,100,486989.8420664,2232314.1523807,486989.8460385,16,
1715671556.286269,2887702,14325,8,LM,1,100,486990.5588041,2232314.8691184,486990.5801508,14,
1715671556.950880,2888336,14427,8,LM,1,100,486991.1587770,2232315.4690913,486991.1795754,16,
1715671557.580897,2888937,14531,8,LM,1,100,486991.8420576,2232316.1523684,486991.8465301,14,
1715671558.207770,2889535,14635,8,LM,1,100,486992.3754891,2232316.6857999,486992.3798161,16,
1715671559.086230,2890373,14768,8,LM,1,100,486993.1920672,2232317.5023780,486993.2132969,15,
1715671559.540136,2890806,14842,8,LM,1,100,486993.7426398,2232318.0529299,486993.7461397,18,
1715671560.181684,2891418,14944,8,LM,1,100,486994.4593804,2232318.7696706,486994.4800253,14,
1715671560.737274,2891948,15031,8,LM,1,100,486994.9922965,2232319.3025866,486995.0125991,16,
1715671561.482602,2892659,15151,8,LM,1,100,486995.7588478,2232320.0691480,486995.7800739,14,
1715671562.103185,2893251,15257,8,LM,1,100,486996.3426414,2232320.6529416,486996.3467556,16,
1715671562.730058,2893849,15358,8,LM,1,100,486996.9755932,2232321.2858933,486996.9793438,14,
1715671563.251054,2894346,15445,8,LM,1,100,486997.5092822,2232321.8195739,486997.5137208,16,
1715671564.042506,2895101,15565,8,LM,1,100,486998.2932762,2232322.6035680,486998.3132204,15,
1715671564.575034,2895609,15650,8,LM,1,100,486998.8259255,2232323.1362173,486998.8470750,18,
1715671565.322459,2896322,15776,8,LM,1,100,486999.5589682,2232323.8692292,486999.5801544,14,
1715671565.873855,2896848,15861,8,LM,1,100,487000.0922053,2232324.4024663,487000.1135001,16,
1715671566.611845,2897552,15982,8,LM,1,100,487000.8260077,2232325.1362687,487000.8468426,14,
1715671567.130745,2898047,16071,8,LM,1,100,487001.3756341,2232325.6859143,487001.3795542,16,
1715671567.915908,2898796,16188,8,LM,1,100,487002.1587936,2232326.4690738,487002.1799383,14,
1715671568.549070,2899400,16292,8,LM,1,100,487002.7427313,2232327.0530115,487002.7463873,16,
1715671569.279722,2900097,16412,8,LM,1,100,487003.4590415,2232327.7692858,487003.4801036,14,
1715671569.817491,2900610,16480,8,LM,1,100,487004.0423177,2232328.3525620,487004.0470107,16,
1715671570.417108,2901182,16573,8,LM,1,100,487004.7091133,2232329.0193576,487004.7128506,14,
1715671571.046077,2901782,16677,8,LM,1,100,487005.2591700,2232329.5694032,487005.2796014,16,
1715671571.771488,2902474,16794,8,LM,1,100,487005.9922959,2232330.3025291,487006.0128582,14,
1715671572.309257,2902987,16884,8,LM,1,100,487006.5757582,2232330.8859914,487006.5796160,16,
1715671572.984350,2903631,16985,8,LM,1,100,487007.2756858,2232331.5859193,487007.2793711,15,
1715671573.613320,2904231,17087,8,LM,1,100,487007.7756438,2232332.0858774,487007.7795915,18,
1715671574.259061,2904847,17191,8,LM,1,100,487008.5256549,2232332.8358884,487008.5465178,14,
1715671574.884886,2905444,17295,8,LM,1,100,487009.1095086,2232333.4197421,487009.1130411,16,
1715671575.516999,2906047,17396,8,LM,1,100,487009.8090164,2232334.1192262,487009.8131627,14,
1715671576.069444,2906574,17488,8,LM,1,100,487010.3424548,2232334.6526646,487010.3462495,16,
1715671576.902828,2907369,17622,8,LM,1,100,487011.1256876,2232335.4358975,487011.1460675,15,
1715671577.436404,2907878,17711,8,LM,1,100,487011.6592140,2232335.9694099,487011.6804863,18,
1715671578.088435,2908500,17815,8,LM,1,100,487012.3757149,2232336.6859108,487012.3801058,14,
1715671578.721597,2909104,17917,8,LM,1,100,487012.9429109,2232337.2531068,487012.9460777,16,
1715671579.454346,2909803,18036,8,LM,1,100,487013.7256539,2232338.0358758,487013.7469898,14,
1715671580.104281,2910423,18137,8,LM,1,100,487014.3257828,2232338.6360047,487014.3463696,16,
1715671580.728008,2911018,18239,8,LM,1,100,487014.9591179,2232339.2693398,487014.9802438,14,
1715671581.275212,2911540,18313,8,LM,1,100,487015.5090706,2232339.8192667,487015.5133320,16,
1715671581.961836,2912195,18420,8,LM,1,100,487016.2424088,2232340.5526049,487016.2462925,15,
1715671582.916821,2913106,18572,8,LM,1,100,487016.8173216,2232341.1275177,487016.8469326,18,
1715671583.227112,2913402,18623,8,LM,1,100,487017.4927220,2232341.8028984,487017.5127530,14,
1715671583.855033,2914001,18727,8,LM,1,100,487018.0757443,2232342.3859207,487018.0804797,16,
1715671584.603506,2914715,18848,8,LM,1,100,487018.8757019,2232343.1858783,487018.8800550,14,
1715671585.128695,2915216,18933,8,LM,1,100,487019.3925814,2232343.7027715,487019.4131749,16,
1715671585.872976,2915926,19050,8,LM,1,100,487020.1091435,2232344.4193336,487020.1128918,14,
1715671586.388730,2916418,19134,8,LM,1,100,487020.6423924,2232344.9525825,487020.6470802,16,
1715671587.098417,2917095,19243,8,LM,1,100,487021.3761525,2232345.6863077,487021.3803531,14,
1715671587.715855,2917684,19345,8,LM,1,100,487021.9762880,2232346.2864432,487021.9802925,16,
1715671588.391997,2918329,19450,8,LM,1,100,487022.6590930,2232346.9692482,487022.6803536,14,
1715671588.908800,2918822,19537,8,LM,1,100,487023.1592157,2232347.4693708,487023.1794910,16,
1715671589.734846,2919610,19670,8,LM,1,100,487023.9592020,2232348.2693674,487023.9803140,14,
1715671590.269469,2920120,19755,8,LM,1,100,487024.4923619,2232348.8025273,487024.5134092,16,
1715671590.967625,2920786,19858,8,LM,1,100,487025.2426410,2232349.5527686,487025.2470658,15,
1715671591.527408,2921320,19944,8,LM,1,100,487025.7925490,2232350.1026767,487025.8130689,18,
1715671592.226612,2921987,20056,8,LM,1,100,487026.5091661,2232350.8192937,487026.5138033,14,
1715671592.852436,2922584,20158,8,LM,1,100,487027.1091828,2232351.4193105,487027.1132898,16,
1715671593.589378,2923287,20274,8,LM,1,100,487027.7924346,2232352.1025522,487027.8136883,14,
1715671594.140774,2923813,20360,8,LM,1,100,487028.3599287,2232352.6700463,487028.3799258,16,
1715671594.869330,2924508,20478,8,LM,1,100,487029.0595091,2232353.3696267,487029.0798377,15,
1715671595.388230,2925003,20563,8,LM,1,100,487029.6091807,2232353.9193487,487029.6137848,18,
1715671596.250966,2925826,20699,8,LM,1,100,487030.4093350,2232354.7195030,487030.4138053,14,
1715671596.795024,2926345,20785,8,LM,1,100,487031.0092006,2232355.3193686,487031.0131356,16,
1715671597.952327,2927449,20977,8,LM,1,100,487031.6091253,2232355.9192630,487031.6132966,14,
1715671597.968051,2927464,20980,8,LM,1,100,487032.1426415,2232356.4527792,487032.1466236,16,
1715671598.690317,2928153,21099,8,LM,1,100,487032.9258855,2232357.2360232,487032.9464443,14,
1715671599.216555,2928655,21188,8,LM,1,100,487033.4759243,2232357.7860464,487033.4802322,16,
1715671599.978656,2929382,21304,8,LM,1,100,487034.2259764,2232358.5360986,487034.2471872,14,
1715671600.598190,2929973,21406,8,LM,1,100,487034.8263582,2232359.1364804,487034.8465652,16,
1715671601.255463,2930600,21494,8,LM,1,100,487035.5093747,2232359.8194623,487035.5137606,15,
1715671601.869756,2931186,21595,8,LM,1,100,487036.0426447,2232360.3527323,487036.0464289,18,
1715671602.538560,2931824,21700,8,LM,1,100,487036.7925275,2232361.1026151,487036.8132510,14,
1715671603.184302,2932440,21792,8,LM,1,100,487037.3926353,2232361.7027209,487037.4132512,16,
1715671603.826898,2933053,21896,8,LM,1,100,487038.0759016,2232362.3859872,487038.0801711,14,
1715671604.390874,2933591,21981,8,LM,1,100,487038.6759839,2232362.9860695,487038.6802489,16,
1715671605.030326,2934201,22085,8,LM,1,100,487039.3094266,2232363.6195107,487039.3138985,14,
1715671605.666633,2934808,22189,8,LM,1,100,487039.8760196,2232364.1861037,487039.8799516,16,
1715671606.381561,2935490,22306,8,LM,1,100,487040.6425762,2232364.9526603,487040.6466429,15,
1715671607.683527,2936732,22512,8,LM,1,100,487041.9094641,2232366.2195221,487041.9141571,14,
1715671608.203475,2937228,22588,8,LM,1,100,487042.4594536,2232366.7695116,487042.4803140,16,
1715671609.047342,2938033,22723,8,LM,1,100,487043.2594594,2232367.5695190,487043.2802313,14,
1715671609.605028,2938565,22811,8,LM,1,100,487043.8594583,2232368.1695179,487043.8802740,16,
1715671610.238190,2939169,22915,8,LM,1,100,487044.4760130,2232368.7860726,487044.4803726,14,
1715671610.769669,2939676,23000,8,LM,1,100,487045.0428322,2232369.3528918,487045.0463689,16,
1715671611.545398,2940416,23121,8,LM,1,100,487045.8092631,2232370.1193068,487045.8136528,14,
1715671612.182753,2941024,23227,8,LM,1,100,487046.4093826,2232370.7194263,487046.4135956,16,
1715671612.903971,2941712,23345,8,LM,1,100,487047.0595495,2232371.3695932,487047.0802901,14,
1715671613.412387,2942197,23421,8,LM,1,100,487047.6427421,2232371.9527823,487047.6471583,16,
1715671614.705967,2943431,23626,8,LM,1,100,487048.3761245,2232372.6861647,487048.3808695,14,
1715671614.732174,2943456,23629,8,LM,1,100,487048.8926281,2232373.2026683,487048.9133546,16,
1715671615.437668,2944129,23749,8,LM,1,100,487049.6759366,2232373.9859889,487049.6796331,14,
1715671616.093892,2944755,23850,8,LM,1,100,487050.2262184,2232374.5362707,487050.2469891,16,
1715671616.629564,2945266,23936,8,LM,1,100,487050.8760534,2232375.1861057,487050.8799847,15,
1715671617.155802,2945768,24024,8,LM,1,100,487051.4094638,2232375.7194986,487051.4140179,18,
1715671618.007007,2946580,24161,8,LM,1,100,487052.2427950,2232376.5528298,487052.2470650,14,
1715671618.633879,2947178,24263,8,LM,1,100,487052.7929387,2232377.1029735,487052.8133916,16,
1715671619.300586,2947814,24371,8,LM,1,100,487053.5260096,2232377.8360195,487053.5470377,14,
1715671619.837307,2948326,24455,8,LM,1,100,487054.0764924,2232378.3865023,487054.0803616,16,
1715671620.475710,2948935,24559,8,LM,1,100,487054.7095674,2232379.0195773,487054.7132595,15,
1715671621.789207,2950188,24763,8,LM,1,100,487056.0427802,2232380.3527798,487056.0467614,14,
1715671622.405597,2950776,24866,8,LM,1,100,487056.6262789,2232380.9362785,487056.6463883,16,
1715671623.034566,2951376,24968,8,LM,1,100,487057.2929153,2232381.6029390,487057.3137536,14,
1715671623.569190,2951886,25054,8,LM,1,100,487057.8095440,2232382.1195677,487057.8130550,16,
1715671624.347015,2952628,25179,8,LM,1,100,487058.5928638,2232382.9028875,487058.6140420,14,
1715671624.968646,2953221,25280,8,LM,1,100,487059.1604913,2232383.4705150,487059.1804631,16,
1715671625.730747,2953948,25402,8,LM,1,100,487059.8930912,2232384.2031222,487059.9138326,14,
1715671626.304157,2954495,25489,8,LM,1,100,487060.4596217,2232384.7696527,487060.4804005,16,
1715671626.928933,2955091,25590,8,LM,1,100,487061.1261395,2232385.4361705,487061.1470013,14,
1715671627.455171,2955593,25678,8,LM,1,100,487061.7100596,2232386.0200360,487061.7131536,16,
1715671628.243479,2956345,25797,8,LM,1,100,487062.4427551,2232386.7527315,487062.4466789,15,
1715671629.590521,2957630,26004,8,LM,1,100,487063.7264344,2232388.0364035,487063.7469667,14,
1715671630.018220,2958038,26076,8,LM,1,100,487064.2429512,2232388.5529203,487064.2471710,16,
1715671630.809673,2958793,26196,8,LM,1,100,487065.0261904,2232389.3361596,487065.0467829,14,
1715671631.324379,2959284,26282,8,LM,1,100,487065.5762616,2232389.8862480,487065.5801876,16,
1715671632.191308,2960111,26404,8,LM,1,100,487066.2931334,2232390.6031197,487066.3133298,15,
1715671633.268942,2961139,26573,8,LM,1,100,487067.5430292,2232391.8529839,487067.5473454,14,
1715671633.799372,2961645,26661,8,LM,1,100,487068.0763325,2232392.3862872,487068.0799937,16,
1715671634.636950,2962444,26796,8,LM,1,100,487068.9101054,2232393.2200601,487068.9134555,14,
1715671635.206167,2962987,26888,8,LM,1,100,487069.4267758,2232393.7367172,487069.4468692,16,
1715671635.995523,2963740,27007,8,LM,1,100,487070.1096549,2232394.4195963,487070.1134202,14,
1715671636.435801,2964160,27078,8,LM,1,100,487070.6266038,2232394.9365452,487070.6465282,16,
1715671637.267089,2964953,27214,8,LM,1,100,487071.4928592,2232395.8028064,487071.5142914,14,
1715671637.806954,2965468,27302,8,LM,1,100,487072.0763690,2232396.3863162,487072.0800904,16,
1715671638.440116,2966072,27404,8,LM,1,100,487072.7097111,2232397.0196583,487072.7141163,14,
1715671638.975788,2966583,27490,8,LM,1,100,487073.2430829,2232397.5529994,487073.2471211,16,
1715671639.831186,2967399,27624,8,LM,1,100,487074.0096530,2232398.3195695,487074.0138341,14,
1715671640.375244,2967918,27716,8,LM,1,100,487074.6096377,2232398.9195542,487074.6145825,16,
1715671641.100655,2968610,27835,8,LM,1,100,487075.2763305,2232399.5862570,487075.2805789,14,
1715671641.559803,2969048,27906,8,LM,1,100,487075.7930676,2232400.1029941,487075.8137469,16,
1715671642.390042,2969840,28045,8,LM,1,100,487076.5596217,2232400.8695483,487076.5799175,15,
1715671642.839755,2970269,28114,8,LM,1,100,487077.1098248,2232401.4197513,487077.1140966,18,
1715671643.602904,2970997,28234,8,LM,1,100,487077.8598532,2232402.1697580,487077.8812466,14,
1715671644.226632,2971592,28336,8,LM,1,100,487078.4599225,2232402.7698273,487078.4807847,16,
1715671644.874470,2972210,28438,8,LM,1,100,487079.1431901,2232403.4530949,487079.1472551,14,
1715671645.496101,2972803,28542,8,LM,1,100,487079.6435617,2232403.9534507,487079.6473451,16,
1715671646.171195,2973447,28632,8,LM,1,100,487080.3764127,2232404.6863017,487080.3807320,15,
1715671646.710011,2973961,28718,8,LM,1,100,487080.9098406,2232405.2197296,487080.9135452,18,
1715671647.547589,2974760,28856,8,LM,1,100,487081.7599302,2232406.0698221,487081.7803138,14,
1715671648.085357,2975273,28944,8,LM,1,100,487082.2934209,2232406.6033128,487082.3137924,16,
1715671648.840120,2975993,29061,8,LM,1,100,487083.0264226,2232407.3363145,487083.0467964,14,
1715671649.365309,2976494,29148,8,LM,1,100,487083.5597688,2232407.8696909,487083.5802177,16,
1715671650.093865,2977189,29267,8,LM,1,100,487084.3266696,2232408.6365917,487084.3474240,14,
1715671650.963939,2978019,29402,8,LM,1,100,487084.8764698,2232409.1863919,487084.8805156,16,
1715671651.390590,2978426,29477,8,LM,1,100,487085.6097498,2232409.9196084,487085.6135540,14,
1715671651.935696,2978946,29560,8,LM,1,100,487086.1265368,2232410.4363955,487086.1478355,16,
1715671652.576196,2979557,29666,8,LM,1,100,487086.7932327,2232411.1030913,487086.8138829,14,
1715671653.145413,2980100,29752,8,LM,1,100,487087.3932013,2232411.7030715,487087.4145599,16,
1715671653.909611,2980829,29873,8,LM,1,100,487088.1764971,2232412.4863674,487088.1805448,14,
1715671654.518663,2981410,29976,8,LM,1,100,487088.6935309,2232413.0034012,487088.7146923,16,
1715671655.178032,2982039,30079,8,LM,1,100,487089.3941642,2232413.7040149,487089.4141115,15,
1715671655.793373,2982626,30181,8,LM,1,100,487089.8933060,2232414.2031567,487089.9138321,18,
1715671656.481046,2983282,30290,8,LM,1,100,487090.7431568,2232415.0530075,487090.7469416,14,
1715671657.096388,2983869,30393,8,LM,1,100,487091.2935484,2232415.6033839,487091.3143544,16,
1715671657.726405,2984470,30497,8,LM,1,100,487091.9765864,2232416.2864219,487091.9803533,14,
1715671658.382629,2985096,30599,8,LM,1,100,487092.5766116,2232416.8864471,487092.5807140,16,
1715671659.116427,2985796,30718,8,LM,1,100,487093.2431501,2232417.5530228,487093.2468253,14,
1715671659.542029,2986202,30788,8,LM,1,100,487093.7931462,2232418.1030189,487093.8135267,16,
1715671660.397427,2987018,30924,8,LM,1,100,487094.5932027,2232418.9030754,487094.6134195,14,
1715671660.843995,2987444,30994,8,LM,1,100,487095.0936474,2232419.4035201,487095.1136929,16,
1715671661.577792,2988144,31112,8,LM,1,100,487095.8432095,2232420.1530502,487095.8470226,15,
1715671662.909110,2989414,31306,8,LM,1,100,487097.0766761,2232421.3865168,487097.0804148,14,
1715671663.453169,2989933,31394,8,LM,1,100,487097.6600314,2232421.9698779,487097.6803062,16,
1715671664.198497,2990644,31514,8,LM,1,100,487098.3932451,2232422.7030916,487098.4137511,14,
1715671664.833756,2991250,31614,8,LM,1,100,487098.9936230,2232423.3034695,487099.0136914,16,
1715671665.469015,2991856,31718,8,LM,1,100,487099.6598750,2232423.9697007,487099.6801852,14,
1715671666.013073,2992375,31806,8,LM,1,100,487100.2266671,2232424.5364929,487100.2470376,16,
1715671666.747918,2993076,31924,8,LM,1,100,487100.9932294,2232425.3030552,487101.0138513,14,
1715671667.399950,2993698,32035,8,LM,1,100,487101.5932531,2232425.9030841,487101.6140646,16,
1715671668.157857,2994421,32152,8,LM,1,100,487102.2933593,2232426.6031903,487102.3148449,14,
1715671668.596039,2994839,32222,8,LM,1,100,487102.8267110,2232427.1365420,487102.8477845,16,
1715671669.323547,2995533,32343,8,LM,1,100,487103.5439811,2232427.8537805,487103.5476664,14,
1715671669.873895,2996058,32428,8,LM,1,100,487104.0766861,2232428.3864855,487104.0810096,16,
1715671670.510202,2996665,32532,8,LM,1,100,487104.7766214,2232429.0864208,487104.7808155,14,
1715671671.998762,2998085,32771,8,LM,1,100,487105.3266580,2232429.6364441,487105.3472503,16,
1715671672.423316,2998490,32839,8,LM,1,100,487106.1435902,2232430.4533764,487106.1469532,15,
1715671672.560641,2998621,32847,8,LM,1,100,487106.6937572,2232431.0035433,487106.7140592,18,
1715671673.145582,2999179,32937,8,LM,1,100,487107.3600007,2232431.6697859,487107.3807394,14,
1715671673.780841,2999785,33039,8,LM,1,100,487107.8937495,2232432.2035347,487107.9137904,16,
1715671674.449645,3000423,33139,8,LM,1,100,487108.7099867,2232433.0197719,487108.7147714,14,
1715671675.301898,3001236,33278,8,LM,1,100,487109.2107107,2232433.5204959,487109.2142864,16,
1715671675.742177,3001656,33347,8,LM,1,100,487110.0100008,2232434.3197605,487110.0141526,14,
1715671676.276800,3002166,33432,8,LM,1,100,487110.5266306,2232434.8363903,487110.5469147,16,
1715671677.015839,3002871,33555,8,LM,1,100,487111.2765848,2232435.5863653,487111.2802820,14,
1715671677.644808,3003471,33659,8,LM,1,100,487111.8766777,2232436.1864582,487111.8807846,16,
1715671678.356591,3004150,33765,8,LM,1,100,487112.5100996,2232436.8198802,487112.5142788,14,
1715671678.788484,3004562,33835,8,LM,1,100,487113.0434514,2232437.3532320,487113.0476756,16,
1715671679.968849,3005688,34020,8,LM,1,100,487113.7600647,2232438.0698185,487113.7805260,15,
1715671680.923834,3006599,34173,8,LM,1,100,487115.1266462,2232439.4364000,487115.1478991,14,
1715671681.440637,3007092,34258,8,LM,1,100,487115.6268725,2232439.9366319,487115.6475497,16,
1715671682.180723,3007798,34381,8,LM,1,100,487116.4266875,2232440.7364468,487116.4480219,14,
1715671682.718492,3008311,34468,8,LM,1,100,487116.9601551,2232441.2699145,487116.9812418,16,
1715671683.505752,3009062,34578,8,LM,1,100,487117.6268133,2232441.9365272,487117.6478605,14,
1715671684.275191,3009796,34696,8,LM,1,100,487118.1935515,2232442.5032654,487118.2137832,16,
1715671684.682972,3010185,34768,8,LM,1,100,487118.9101375,2232443.2198514,487118.9139059,14,
1715671685.309845,3010783,34871,8,LM,1,100,487119.5101139,2232443.8198512,487119.5151383,16,
1715671686.000663,3011442,34974,8,LM,1,100,487120.2269211,2232444.5366584,487120.2479454,14,
1715671686.645356,3012057,35077,8,LM,1,100,487120.7934796,2232445.1032169,487120.8142209,16,
1715671687.262794,3012646,35180,8,LM,1,100,487121.4601999,2232445.7699235,487121.4804758,14,
1715671687.792176,3013151,35268,8,LM,1,100,487121.9935705,2232446.3032941,487122.0137508,16,
1715671688.914886,3014222,35424,8,LM,1,100,487122.7938280,2232447.1035515,487122.8140381,14,
1715671689.141315,3014438,35461,8,LM,1,100,487123.3268036,2232447.6365361,487123.3476705,16,
1715671689.899223,3015161,35580,8,LM,1,100,487124.1267501,2232448.4364826,487124.1475267,15,
1715671690.755669,3015978,35717,8,LM,1,100,487124.6269227,2232448.9366552,487124.6472812,18,
1715671691.267230,3016466,35804,8,LM,1,100,487125.3938670,2232449.7035897,487125.4143678,14,
1715671691.733716,3016911,35873,8,LM,1,100,487125.9768825,2232450.2866052,487125.9804579,16,
1715671692.458079,3017602,35993,8,LM,1,100,487126.6603193,2232450.9700420,487126.6811531,14,
1715671692.998992,3018118,36079,8,LM,1,100,487127.1940441,2232451.5037668,487127.2146476,16,
1715671693.741175,3018826,36196,8,LM,1,100,487127.9935510,2232452.3032485,487128.0140179,14,
1715671694.449814,3019502,36260,8,LM,1,100,487128.5769824,2232452.8866798,487128.5804564,16,
1715671695.020079,3020046,36347,8,LM,1,100,487129.2602018,2232453.5698825,487129.2814411,14,
1715671695.575669,3020576,36432,8,LM,1,100,487129.8438329,2232454.1535136,487129.8472772,16,
1715671696.339866,3021305,36556,8,LM,1,100,487130.5436459,2232454.8533266,487130.5475244,14,
1715671696.854573,3021796,36642,8,LM,1,100,487131.1103599,2232455.4200406,487131.1145825,16,
1715671697.604094,3022511,36765,8,LM,1,100,487131.7936804,2232456.1033456,487131.8154563,14,
1715671698.224677,3023103,36864,8,LM,1,100,487132.3603303,2232456.6699955,487132.3816607,16,
1715671698.862032,3023711,36968,8,LM,1,100,487133.0770326,2232457.3866978,487133.0810664,14,
1715671699.405042,3024229,37056,8,LM,1,100,487133.6603248,2232457.9699808,487133.6813083,16,
1715671700.128357,3024919,37165,8,LM,1,100,487134.3436708,2232458.6533268,487134.3472079,15,
1715671700.677656,3025443,37252,8,LM,1,100,487134.8942452,2232459.2039012,487134.9138681,18,
1715671701.523620,3026250,37385,8,LM,1,100,487135.6942221,2232460.0038952,487135.7146886,14,
1715671701.957608,3026664,37456,8,LM,1,100,487136.2102849,2232460.5199580,487136.2141603,16,
1715671702.702937,3027375,37579,8,LM,1,100,487136.9769313,2232461.2866044,487136.9808047,14,
1715671703.322471,3027966,37683,8,LM,1,100,487137.5269774,2232461.8366153,487137.5479459,16,
1715671703.958778,3028573,37785,8,LM,1,100,487138.2102333,2232462.5198712,487138.2140207,14,
1715671704.602423,3029187,37887,8,LM,1,100,487138.8103460,2232463.1199839,487138.8141169,16,
1715671705.237682,3029793,37976,8,LM,1,100,487139.4938409,2232463.8034706,487139.5146298,14,
1715671705.860362,3030387,38080,8,LM,1,100,487140.0275095,2232464.3371392,487140.0476380,16,
1715671706.504007,3031001,38180,8,LM,1,100,487140.7771087,2232465.0867384,487140.7812402,14,
1715671707.131927,3031600,38285,8,LM,1,100,487141.3438198,2232465.6534410,487141.3478887,16,
1715671707.773476,3032212,38387,8,LM,1,100,487142.0436558,2232466.3532769,487142.0477375,14,
1715671708.393011,3032803,38491,8,LM,1,100,487142.5936783,2232466.9032995,487142.6140612,16,
1715671709.141484,3033517,38610,8,LM,1,100,487143.3771249,2232467.6867535,487143.3811918,15,
1715671710.428774,3034745,38801,8,LM,1,100,487144.6604101,2232468.9700387,487144.6807431,14,
1715671711.018956,3035308,38887,8,LM,1,100,487145.1938342,2232469.5034628,487145.2140339,16,
1715671711.704533,3035962,38991,8,LM,1,100,487145.9603461,2232470.2699902,487145.9807363,14,
1715671712.238108,3036471,39079,8,LM,1,100,487146.5105044,2232470.8201485,487146.5141312,16,
1715671712.980292,3037179,39199,8,LM,1,100,487147.1603207,2232471.4699648,487147.1809534,14,
1715671713.616599,3037786,39303,8,LM,1,100,487147.7270333,2232472.0366383,487147.7475425,16,
1715671714.358783,3038494,39420,8,LM,1,100,487148.5271211,2232472.8367262,487148.5475337,14,
1715671714.771806,3038888,39491,8,LM,1,100,487149.0438717,2232473.3534767,487149.0481046,16,
1715671716.061192,3040118,39681,8,LM,1,100,487149.7604559,2232474.0700517,487149.7811112,15,
1715671716.802327,3040825,39801,8,LM,1,100,487151.0604028,2232475.3699985,487151.0809781,14,
1715671717.326468,3041325,39889,8,LM,1,100,487151.5771234,2232475.8867300,487151.5816812,16,
1715671718.074941,3042039,40007,8,LM,1,100,487152.3105551,2232476.6201617,487152.3148795,14,
1715671718.535137,3042478,40080,8,LM,1,100,487152.8103715,2232477.1199781,487152.8143335,16,
1715671719.375859,3043280,40214,8,LM,1,100,487153.6104791,2232477.9200575,487153.6141210,14,
1715671720.023697,3043898,40317,8,LM,1,100,487154.1938788,2232478.5034572,487154.2142084,16,
1715671720.760640,3044601,40438,8,LM,1,100,487154.8938761,2232479.2034545,487154.9143668,14,
1715671721.408478,3045219,40514,8,LM,1,100,487155.4942281,2232479.8038254,487155.5143044,16,
1715671721.916894,3045704,40603,8,LM,1,100,487156.1604540,2232480.4700513,487156.1808257,14,
1715671722.448373,3046211,40688,8,LM,1,100,487156.6942759,2232481.0038732,487156.7148855,16,
1715671723.203136,3046931,40809,8,LM,1,100,487157.4438021,2232481.7533636,487157.4474104,14,
1715671723.840492,3047539,40912,8,LM,1,100,487158.0272761,2232482.3368376,487158.0474251,16,
1715671724.510344,3048178,41014,8,LM,1,100,487158.7271229,2232483.0366844,487158.7475010,14,
1715671725.105768,3048746,41084,8,LM,1,100,487159.2773255,2232483.5868742,487159.2808723,16,
1715671725.745220,3049356,41188,8,LM,1,100,487159.9773026,2232484.2868513,487159.9810459,15,
1715671727.131048,3050678,41383,8,LM,1,100,487161.2941178,2232485.6036643,487161.3141364,14,
1715671727.576568,3051103,41456,8,LM,1,100,487161.8272723,2232486.1368189,487161.8476392,16,
1715671728.420435,3051908,41589,8,LM,1,100,487162.6439540,2232486.9535005,487162.6473173,14,
1715671729.059887,3052518,41677,8,LM,1,100,487163.1445832,2232487.4541297,487163.1477298,16,
1715671729.632249,3053064,41765,8,LM,1,100,487163.9106597,2232488.2202019,487163.9143078,14,
1715671730.244445,3053648,41867,8,LM,1,100,487164.4439596,2232488.7535018,487164.4473657,16,
1715671730.996063,3054365,41986,8,LM,1,100,487165.1776245,2232489.4871667,487165.1811399,14,
1715671731.487707,3054834,42053,8,LM,1,100,487165.6772980,2232489.9868421,487165.6811418,16,
1715671732.289643,3055599,42168,8,LM,1,100,487166.4940592,2232490.8036033,487166.5142754,14,
1715671732.798060,3056084,42254,8,LM,1,100,487167.0772869,2232491.3868310,487167.0809696,16,
1715671733.516133,3056769,42357,8,LM,1,100,487167.7272324,2232492.0367686,487167.7478907,14,
1715671734.042370,3057271,42443,8,LM,1,100,487168.2606031,2232492.5701393,487168.2811430,16,
1715671734.774071,3057969,42563,8,LM,1,100,487168.9939272,2232493.3034634,487169.0141642,15,
1715671735.283536,3058455,42632,8,LM,1,100,487169.4944237,2232493.8039461,487169.5142961,18,
1715671736.044589,3059181,42751,8,LM,1,100,487170.2943095,2232494.6038320,487170.3143708,14,
1715671736.581309,3059693,42837,8,LM,1,100,487170.8440012,2232495.1535237,487170.8475075,16,
1715671737.411548,3060485,42947,8,LM,1,100,487171.5273246,2232495.8368230,487171.5475348,14,
1715671737.798364,3060854,43001,8,LM,1,100,487172.0774158,2232496.3869142,487172.0811066,16,
1715671738.657955,3061674,43137,8,LM,1,100,487172.8440420,2232497.1535405,487172.8477304,14,
1715671739.282731,3062270,43241,8,LM,1,100,487173.4106610,2232497.7201692,487173.4143021,16,
1715671740.196833,3063142,43293,8,LM,1,100,487174.0941713,2232498.4036795,487174.1144717,14,
1715671740.502931,3063434,43317,8,LM,1,100,487174.6274887,2232498.9369969,487174.6475983,16,
1715671741.207376,3064106,43420,8,LM,1,100,487175.4608171,2232499.7702987,487175.4811374,14,
1715671742.161313,3065016,43574,8,LM,1,100,487176.0107567,2232500.3202382,487176.0144297,16,
1715671742.591109,3065426,43647,8,LM,1,100,487176.7441935,2232501.0536750,487176.7480160,14,
1715671743.008325,3065824,43703,8,LM,1,100,487177.2443700,2232501.5538516,487177.2476989,16,
1715671743.770426,3066551,43822,8,LM,1,100,487178.0441085,2232502.3535917,487178.0477602,15,
1715671745.015785,3067739,44025,8,LM,1,100,487179.2608680,2232503.5703377,487179.2808373,14,
1715671745.560891,3068259,44112,8,LM,1,100,487179.7774863,2232504.0869560,487179.7808301,16,
1715671746.302026,3068966,44232,8,LM,1,100,487180.5607185,2232504.8701882,487180.5812023,14,
1715671746.829312,3069469,44319,8,LM,1,100,487181.0775168,2232505.3869865,487181.0808616,16,
1715671748.015967,3070601,44502,8,LM,1,100,487181.7941046,2232506.1035601,487181.8145471,14,
1715671748.039029,3070623,44505,8,LM,1,100,487182.3116503,2232506.6211058,487182.3145957,16,
1715671748.846206,3071393,44617,8,LM,1,100,487183.0774835,2232507.3869389,487183.0811212,14,
1715671749.306402,3071832,44687,8,LM,1,100,487183.5775550,2232507.8869947,487183.5810185,16,
1715671750.170186,3072656,44822,8,LM,1,100,487184.4274713,2232508.7369110,487184.4483253,14,
1715671750.703762,3073165,44908,8,LM,1,100,487184.9775515,2232509.2869912,487184.9809154,16,
1715671751.438607,3073866,45028,8,LM,1,100,487185.6607849,2232509.9702084,487185.6810437,15,
1715671751.980569,3074383,45115,8,LM,1,100,487186.1941656,2232510.5035891,487186.2142528,18,
1715671752.815001,3075179,45250,8,LM,1,100,487186.9941481,2232511.3035716,487187.0146922,14,
1715671753.369542,3075708,45337,8,LM,1,100,487187.5942398,2232511.9036606,487187.6145453,16,
1715671754.004801,3076314,45429,8,LM,1,100,487188.2440969,2232512.5535177,487188.2477379,14,
1715671754.656832,3076936,45531,8,LM,1,100,487188.8442880,2232513.1537089,487188.8477727,16,
1715671755.374905,3077621,45653,8,LM,1,100,487189.5775803,2232513.8870037,487189.5813535,14,
1715671755.935736,3078156,45739,8,LM,1,100,487190.1609484,2232514.4703718,487190.1812660,16,
1715671756.666389,3078853,45857,8,LM,1,100,487190.8775537,2232515.1869771,487190.8812091,14,
1715671757.293261,3079451,45961,8,LM,1,100,487191.4775661,2232515.7869752,487191.4812776,16,
1715671757.869816,3080001,46049,8,LM,1,100,487192.1442255,2232516.4536346,487192.1478080,14,
1715671758.457902,3080562,46121,8,LM,1,100,487192.6608671,2232516.9702762,487192.6812390,16,
1715671759.233631,3081302,46225,8,LM,1,100,487193.3612135,2232517.6706248,487193.3813915,15,
1715671759.646654,3081696,46295,8,LM,1,100,487193.8775692,2232518.1869805,487193.8814151,18,
1715671760.461169,3082473,46415,8,LM,1,100,487194.6609433,2232518.9703546,487194.6826206,14,
1715671760.999986,3082987,46503,8,LM,1,100,487195.2609601,2232519.5703714,487195.2812288,16,
1715671761.733783,3083687,46620,8,LM,1,100,487195.9609583,2232520.2703570,487195.9817562,14,
1715671762.279938,3084208,46691,8,LM,1,100,487196.4948280,2232520.8042267,487196.5147126,16,
1715671763.033653,3084927,46812,8,LM,1,100,487197.2948250,2232521.6041949,487197.3150597,14,
1715671763.673104,3085537,46914,8,LM,1,100,487197.8108911,2232522.1202610,487197.8151531,16,
1715671764.295784,3086131,47001,8,LM,1,100,487198.4775317,2232522.7869016,487198.4813813,14,
1715671764.833552,3086644,47077,8,LM,1,100,487199.0613867,2232523.3707566,487199.0815297,16,
1715671765.569446,3087346,47194,8,LM,1,100,487199.8443027,2232524.1536576,487199.8487239,14,
1715671766.224622,3087971,47278,8,LM,1,100,487200.3953964,2232524.7047512,487200.4151249,16,
1715671766.890281,3088606,47385,8,LM,1,100,487201.1276252,2232525.4369800,487201.1484841,15,
1715671768.259337,3089912,47588,8,LM,1,100,487202.3776749,2232526.6870298,487202.3813111,14,
1715671768.690181,3090323,47658,8,LM,1,100,487202.8776914,2232527.1870463,487202.8815350,16,
1715671769.433413,3091032,47777,8,LM,1,100,487203.6610273,2232527.9703562,487203.6812062,14,
1715671769.999485,3091572,47853,8,LM,1,100,487204.2444235,2232528.5537524,487204.2485459,16,
1715671770.697641,3092238,47957,8,LM,1,100,487204.9276638,2232529.2369927,487204.9481127,14,
1715671771.237506,3092753,48044,8,LM,1,100,487205.5110836,2232529.8204170,487205.5147281,16,
1715671772.019524,3093499,48165,8,LM,1,100,487206.2444205,2232530.5537539,487206.2484177,14,
1715671772.910564,3094349,48220,8,LM,1,100,487206.8277947,2232531.1371281,487206.8486220,16,
1715671773.675810,3095079,48312,8,LM,1,100,487207.5610484,2232531.8704394,487207.5816027,14,
1715671773.883369,3095277,48348,8,LM,1,100,487208.1276291,2232532.4370200,487208.1480994,16,
1715671774.508145,3095873,48450,8,LM,1,100,487208.7776285,2232533.0870195,487208.7820254,15,
1715671775.042769,3096383,48537,8,LM,1,100,487209.3110650,2232533.6204267,487209.3147049,18,
1715671775.896070,3097197,48657,8,LM,1,100,487210.0949053,2232534.4042670,487210.1155243,14,
1715671776.426501,3097703,48742,8,LM,1,100,487210.6777612,2232534.9871229,487210.6823038,16,
1715671777.169733,3098412,48863,8,LM,1,100,487211.3778454,2232535.6871456,487211.3816047,14,
1715671777.710646,3098928,48950,8,LM,1,100,487211.9610727,2232536.2703729,487211.9822745,16,
1715671778.986405,3100145,49153,8,LM,1,100,487212.6777708,2232536.9870710,487212.6825275,15,
1715671779.011564,3100169,49156,8,LM,1,100,487213.2283720,2232537.5376722,487213.2484829,18,
1715671779.722299,3100847,49276,8,LM,1,100,487213.9444115,2232538.2536987,487213.9484533,14,
1715671780.272647,3101372,49362,8,LM,1,100,487214.4947890,2232538.8040763,487214.5154403,16,
1715671781.036844,3102101,49470,8,LM,1,100,487215.2445365,2232539.5538238,487215.2481061,14,
1715671781.578806,3102618,49557,8,LM,1,100,487215.8445850,2232540.1538645,487215.8486427,16,
1715671782.310507,3103316,49678,8,LM,1,100,487216.5779634,2232540.8872429,487216.5815291,14,
1715671782.971973,3103947,49782,8,LM,1,100,487217.1612706,2232541.4705502,487217.1819687,16,
1715671783.272830,3104234,49833,8,LM,1,100,487217.4810153,2232541.7903101,487217.5151883,11,
1715671887.354636,3203522,290,8,LM,1,100,487321.5962698,2232645.9050887,487321.6167504,21,
1715671888.664988,3204772,498,8,LM,1,100,487322.9289199,2232647.2377388,487322.9498344,25,
1715671889.204853,3205287,582,8,LM,1,100,487323.4623596,2232647.7711579,487323.4829602,28,
1715671889.976388,3206023,702,8,LM,1,100,487324.2457230,2232648.5545213,487324.2492603,25,
1715671890.488998,3206512,786,8,LM,1,100,487324.7457570,2232649.0545553,487324.7495521,28,
1715671891.261582,3207249,905,8,LM,1,100,487325.5293323,2232649.8381276,487325.5489454,25,
1715671892.967137,3208876,1160,8,LM,1,100,487326.7955903,2232651.1043856,487326.8157314,25,
1715671893.177841,3209077,1198,8,LM,1,100,487327.3290014,2232651.6378042,487327.3492474,28,
1715671893.849790,3209718,1305,8,LM,1,100,487328.0790003,2232652.3878031,487328.0833265,25,
1715671894.382317,3210226,1392,8,LM,1,100,487328.6292203,2232652.9380231,487328.6501304,28,
1715671895.061604,3210874,1495,8,LM,1,100,487329.3289738,2232653.6377503,487329.3493804,25,
1715671895.594131,3211382,1582,8,LM,1,100,487329.8624033,2232654.1711799,487329.8825830,28,
1715671896.356232,3212109,1703,8,LM,1,100,487330.6460490,2232654.9548255,487330.6499544,24,
1715671896.889807,3212618,1789,8,LM,1,100,487331.1791310,2232655.4879075,487331.1827704,26,
1715671897.866806,3213550,1942,8,LM,1,100,487332.1289096,2232656.4376874,487332.1494120,25,
1715671899.095392,3214722,2132,8,LM,1,100,487333.3624162,2232657.6711739,487333.3835785,25,
1715671899.735892,3215333,2235,8,LM,1,100,487333.8789775,2232658.1877352,487333.8829516,28,
1715671900.388972,3215956,2337,8,LM,1,100,487334.6794798,2232658.9882376,487334.6837335,24,
1715671901.030520,3216568,2441,8,LM,1,100,487335.2625125,2232659.5712702,487335.2836318,26,
1715671901.655296,3217164,2547,8,LM,1,100,487335.9458492,2232660.2545945,487335.9495569,25,
1715671902.195161,3217679,2631,8,LM,1,100,487336.4791322,2232660.7878775,487336.4834449,28,
1715671902.928959,3218379,2751,8,LM,1,100,487337.1790964,2232661.4878417,487337.1834457,25,
1715671904.358815,3219743,2959,8,LM,1,100,487338.4965112,2232662.8052506,487338.5163202,25,
1715671904.806432,3220170,3029,8,LM,1,100,487338.9958670,2232663.3046064,487339.0160747,28,
1715671905.644009,3220969,3165,8,LM,1,100,487339.7957635,2232664.1045303,487339.8167425,25,
1715671906.087432,3221392,3235,8,LM,1,100,487340.3289979,2232664.6377647,487340.3499853,28,
1715671906.821229,3222092,3358,8,LM,1,100,487341.0790360,2232665.3878028,487341.0833811,25,
1715671907.360046,3222606,3443,8,LM,1,100,487341.5957458,2232665.9044799,487341.6157676,28,
1715671908.108519,3223320,3562,8,LM,1,100,487342.3457630,2232666.6544971,487342.3494864,25,
1715671908.625322,3223813,3647,8,LM,1,100,487342.8628872,2232667.1716213,487342.8838200,28,
1715671909.283643,3224441,3751,8,LM,1,100,487343.5624288,2232667.8712096,487343.5829735,25,
1715671909.827701,3224960,3841,8,LM,1,100,487344.0961708,2232668.4049516,487344.1160653,28,
1715671910.667375,3225761,3979,8,LM,1,100,487344.9462082,2232669.2549890,487344.9503257,24,
1715671911.297393,3226362,4081,8,LM,1,100,487345.5460386,2232669.8547614,487345.5503782,26,
1715671911.967245,3227001,4185,8,LM,1,100,487346.2129066,2232670.5216293,487346.2163904,25,
1715671912.485096,3227495,4271,8,LM,1,100,487346.7624522,2232671.0711749,487346.7828804,28,
1715671913.227279,3228203,4393,8,LM,1,100,487347.4791713,2232671.7878641,487347.4828114,25,
1715671913.875118,3228821,4495,8,LM,1,100,487348.0297049,2232672.3383978,487348.0497007,28,
1715671914.491507,3229409,4596,8,LM,1,100,487348.7290334,2232673.0377263,487348.7501159,25,
1715671915.829115,3230685,4804,8,LM,1,100,487349.9958372,2232674.3045273,487350.0167803,25,
1715671916.268345,3231104,4876,8,LM,1,100,487350.5458886,2232674.8545787,487350.5496159,28,
1715671917.540959,3232318,5080,8,LM,1,100,487351.3459754,2232675.6546570,487351.3502311,24,
1715671917.632160,3232405,5099,8,LM,1,100,487351.8792371,2232676.1879187,487351.8834711,26,
1715671918.369102,3233108,5218,8,LM,1,100,487352.5958423,2232676.9045239,487352.6162807,25,
1715671919.661633,3234341,5421,8,LM,1,100,487353.8793193,2232678.1880067,487353.9165247,25,
1715671920.201498,3234856,5508,8,LM,1,100,487354.4294072,2232678.7380946,487354.4500428,28,
1715671920.966744,3235586,5632,8,LM,1,100,487355.1959239,2232679.5046113,487355.2166532,25,
1715671921.420650,3236019,5702,8,LM,1,100,487355.6963287,2232680.0049831,487355.7166585,28,
1715671922.276048,3236835,5842,8,LM,1,100,487356.4965685,2232680.8052229,487356.5160083,24,
1715671922.721568,3237260,5910,8,LM,1,100,487357.0128575,2232681.3215119,487357.0163474,26,
1715671923.562290,3238062,6046,8,LM,1,100,487357.7959647,2232682.1046005,487357.8167673,25,
1715671924.828614,3239270,6235,8,LM,1,100,487359.0128875,2232683.3215233,487359.0495244,25,
1715671926.135822,3240517,6443,8,LM,1,100,487360.3460991,2232684.6547400,487360.3833608,25,
1715671926.770032,3241122,6548,8,LM,1,100,487360.9209085,2232685.2295494,487360.9493374,28,
1715671927.430450,3241752,6652,8,LM,1,100,487361.6626914,2232685.9713375,487361.6833434,25,
1715671928.795313,3243054,6871,8,LM,1,100,487362.9461481,2232687.2547942,487362.9836520,25,
1715671929.884478,3244093,7041,8,LM,1,100,487364.1794319,2232688.4880688,487364.1831345,24,
1715671930.506109,3244686,7145,8,LM,1,100,487364.7293611,2232689.0379980,487364.7499488,26,
1715671931.252485,3245398,7252,8,LM,1,100,487365.4460768,2232689.7546851,487365.4497599,25,
1715671931.775578,3245897,7340,8,LM,1,100,487365.9461752,2232690.2547835,487365.9837439,28,
1715671932.504134,3246592,7460,8,LM,1,100,487366.7794516,2232691.0880599,487366.7828874,25,
1715671933.800858,3247829,7662,8,LM,1,100,487368.0133571,2232692.3219810,487368.0497039,25,
1715671934.235895,3248244,7731,8,LM,1,100,487368.5294236,2232692.8380475,487368.5338918,28,
1715671935.078714,3249048,7868,8,LM,1,100,487369.3127111,2232693.6213350,487369.3164990,25,
1715671936.181507,3250100,8037,8,LM,1,100,487369.8633178,2232694.1719218,487369.8836575,28,
1715671936.370197,3250280,8062,8,LM,1,100,487370.6127774,2232694.9213814,487370.6495140,25,
1715671936.838779,3250727,8137,8,LM,1,100,487371.1294225,2232695.4380265,487371.1334601,28,
1715671937.675308,3251525,8273,8,LM,1,100,487371.9293516,2232696.2379400,487371.9339859,25,
1715671938.985660,3252775,8476,8,LM,1,100,487373.2629067,2232697.5714951,487373.2832986,25,
1715671940.169171,3253904,8663,8,LM,1,100,487374.4460657,2232698.7546646,487374.4496061,24,
1715671940.793947,3254500,8765,8,LM,1,100,487374.9961663,2232699.3047652,487375.0164907,26,
1715671941.566530,3255237,8887,8,LM,1,100,487375.8294937,2232700.1380841,487375.8494108,25,
1715671942.121071,3255766,8978,8,LM,1,100,487376.3294520,2232700.6380424,487376.3330919,28,
1715671942.865351,3256476,9097,8,LM,1,100,487377.0794690,2232701.3880594,487377.1164661,25,
1715671943.289906,3256881,9169,8,LM,1,100,487377.5795714,2232701.8881483,487377.5828430,28,
1715671944.156835,3257708,9304,8,LM,1,100,487378.3795835,2232702.6881604,487378.3831088,25,
1715671944.678879,3258206,9390,8,LM,1,100,487378.9510910,2232703.2596679,487378.9666231,28,
1715671945.512263,3259001,9526,8,LM,1,100,487379.6628838,2232703.9714391,487379.6663024,25,
1715671945.958831,3259427,9596,8,LM,1,100,487380.1962183,2232704.5047736,487380.1998943,28,
1715671946.698918,3260133,9716,8,LM,1,100,487380.9295131,2232705.2380684,487380.9333935,25,
1715671947.249266,3260658,9794,8,LM,1,100,487381.4630258,2232705.7715954,487381.4664857,28,
1715671948.081602,3261452,9929,8,LM,1,100,487382.2461147,2232706.5546843,487382.2496702,25,
1715671948.511397,3261862,10000,8,LM,1,100,487382.7796131,2232707.0881827,487382.7830412,28,
1715671949.246243,3262563,10119,8,LM,1,100,487383.5293629,2232707.8379400,487383.5329997,25,
1715671950.519905,3263778,10322,8,LM,1,100,487384.7628271,2232709.0714042,487384.7828668,24,
1715671951.114281,3264345,10407,8,LM,1,100,487385.3629166,2232709.6714591,487385.3830967,26,
1715671951.748492,3264950,10512,8,LM,1,100,487386.0296303,2232710.3381728,487386.0332944,25,
1715671952.374316,3265547,10614,8,LM,1,100,487386.5629389,2232710.8714814,487386.5832405,28,
1715671953.153189,3266290,10741,8,LM,1,100,487387.3628311,2232711.6713561,487387.3830962,25,
1715671954.514907,3267589,10956,8,LM,1,100,487388.6630590,2232712.9715840,487388.6663776,25,
1715671954.949944,3268004,11024,8,LM,1,100,487389.1629293,2232713.4714543,487389.1830595,28,
1715671955.791715,3268807,11143,8,LM,1,100,487389.8461303,2232714.1546512,487389.8835909,25,
1715671956.126117,3269126,11198,8,LM,1,100,487390.3963374,2232714.7048583,487390.3998375,28,
1715671956.882976,3269848,11320,8,LM,1,100,487391.1631052,2232715.4716261,487391.1665821,25,
1715671957.492028,3270429,11422,8,LM,1,100,487391.7130341,2232716.0215555,487391.7166079,28,
1715671958.201715,3271106,11531,8,LM,1,100,487392.4630270,2232716.7715484,487392.4835289,24,
1715671958.830684,3271706,11635,8,LM,1,100,487393.0131755,2232717.3216969,487393.0497106,26,
1715671959.553998,3272396,11755,8,LM,1,100,487393.7797370,2232718.0882573,487393.7995767,25,
1715671960.127408,3272943,11840,8,LM,1,100,487394.3513128,2232718.6598332,487394.3832225,28,
1715671961.192463,3273959,12010,8,LM,1,100,487395.0631165,2232719.3716369,487395.0665885,25,
1715671962.066730,3274793,12145,8,LM,1,100,487396.3130079,2232720.6214780,487396.3499413,24,
1715671962.700940,3275398,12249,8,LM,1,100,487396.9130339,2232721.2215040,487396.9165796,26,
1715671963.444172,3276107,12374,8,LM,1,100,487397.6297010,2232721.9381691,487397.6332185,25,
1715671964.605668,3277215,12559,8,LM,1,100,487398.8632228,2232723.1716909,487398.8833472,25,
1715671965.149726,3277734,12646,8,LM,1,100,487399.3963764,2232723.7048503,487399.3999484,28,
1715671965.987304,3278533,12781,8,LM,1,100,487400.2135967,2232724.5220706,487400.2168645,25,
1715671966.524024,3279045,12869,8,LM,1,100,487400.7465364,2232725.0550103,487400.7832157,28,
1715671967.181297,3279672,12973,8,LM,1,100,487401.4143605,2232725.7228337,487401.4171459,25,
1715671968.435042,3280868,13174,8,LM,1,100,487402.6971109,2232727.0055840,487402.6999914,25,
1715671969.803050,3282173,13382,8,LM,1,100,487404.0631090,2232728.3715654,487404.0833892,25,
1715671971.049457,3283362,13586,8,LM,1,100,487405.2464248,2232729.5548813,487405.2830341,24,
1715671971.591418,3283879,13673,8,LM,1,100,487405.8463824,2232730.1548815,487405.8668494,26,
1715671972.422706,3284672,13808,8,LM,1,100,487406.6135204,2232730.9220195,487406.6166092,25,
1715671972.982488,3285206,13896,8,LM,1,100,487407.1629943,2232731.4714934,487407.1664788,28,
1715671973.605168,3285800,13998,8,LM,1,100,487407.8297325,2232732.1381735,487407.8333726,25,
1715671974.160757,3286330,14090,8,LM,1,100,487408.3803397,2232732.6887807,487408.4000255,28,
1715671974.908182,3287043,14211,8,LM,1,100,487409.1631347,2232733.4715757,487409.1669029,25,
1715671975.529813,3287636,14313,8,LM,1,100,487409.6974325,2232734.0058719,487409.7000407,28,
1715671976.168217,3288245,14416,8,LM,1,100,487410.3964965,2232734.7049359,487410.4165030,25,
1715671976.621074,3288677,14487,8,LM,1,100,487410.8966475,2232735.2050869,487410.9001745,28,
1715671977.448169,3289466,14623,8,LM,1,100,487411.6968002,2232736.0052335,487411.7000914,25,
1715671978.082379,3290071,14726,8,LM,1,100,487412.2463677,2232736.5548010,487412.2670271,28,
1715671978.774246,3290731,14828,8,LM,1,100,487413.0298945,2232737.3383278,487413.0349105,24,
1715671979.395876,3291324,14920,8,LM,1,100,487413.6299102,2232737.9383296,487413.6333813,26,
1715671980.145398,3292039,15042,8,LM,1,100,487414.2464941,2232738.5549135,487414.2832253,25,
1715671980.556324,3292431,15110,8,LM,1,100,487414.8218972,2232739.1303166,487414.8334800,28,
1715671981.313184,3293153,15230,8,LM,1,100,487415.5632626,2232739.8716549,487415.5670031,25,
1715671981.855146,3293670,15318,8,LM,1,100,487416.0633865,2232740.3717788,487416.0834221,28,
1715671982.675950,3294453,15453,8,LM,1,100,487416.8465247,2232741.1549170,487416.8665607,25,
1715671983.108891,3294866,15524,8,LM,1,100,487417.3472242,2232741.6556302,487417.3500637,28,
1715671983.893006,3295614,15643,8,LM,1,100,487418.1466472,2232742.4550532,487418.1671737,25,
1715671984.401422,3296099,15729,8,LM,1,100,487418.6465515,2232742.9549575,487418.6830851,28,
1715671985.133123,3296797,15839,8,LM,1,100,487419.3965945,2232743.7049910,487419.4001744,24,
1715671985.784106,3297418,15943,8,LM,1,100,487419.9801281,2232744.2885246,487420.0008638,26,
1715671986.420413,3298025,16047,8,LM,1,100,487420.6799751,2232744.9883716,487420.7007778,25,
1715671986.944554,3298525,16131,8,LM,1,100,487421.1965578,2232745.5049543,487421.2001917,28,
1715671987.928890,3299464,16269,8,LM,1,100,487422.1633635,2232746.4717124,487422.1672160,25,
1715671988.484480,3299994,16357,8,LM,1,100,487422.7133205,2232747.0216694,487422.7334028,28,
1715671989.141753,3300621,16459,8,LM,1,100,487423.4132963,2232747.7216814,487423.4170531,24,
1715671989.761287,3301212,16563,8,LM,1,100,487423.9300106,2232748.2383957,487423.9334991,26,
1715671990.539112,3301954,16684,8,LM,1,100,487424.7299556,2232749.0383407,487424.7338866,25,
1715671991.705850,3303067,16874,8,LM,1,100,487425.9305123,2232750.2388583,487425.9504401,25,
1715671992.246763,3303583,16959,8,LM,1,100,487426.4470834,2232750.7554294,487426.4670842,28,
1715671993.338025,3304624,17128,8,LM,1,100,487427.2634487,2232751.5717947,487427.2837982,25,
1715671994.272044,3305515,17281,8,LM,1,100,487428.4972674,2232752.8056332,487428.5001587,25,
1715671994.798281,3306017,17368,8,LM,1,100,487429.0467193,2232753.3550851,487429.0674676,28,
1715671995.593927,3306776,17475,8,LM,1,100,487429.8637630,2232754.1721030,487429.8668469,25,
1715671996.863397,3307987,17680,8,LM,1,100,487431.0799652,2232755.3883052,487431.1002488,25,
1715671997.396972,3308496,17767,8,LM,1,100,487431.6301345,2232755.9384672,487431.6332703,28,
1715671998.126576,3309192,17887,8,LM,1,100,487432.3801518,2232756.6884844,487432.4008093,24,
1715671998.653862,3309695,17972,8,LM,1,100,487432.8800888,2232757.1884215,487432.9007558,26,
1715672000.175967,3311147,18208,8,LM,1,100,487433.6634466,2232757.9717558,487433.6670848,25,
1715672000.202174,3311172,18211,8,LM,1,100,487434.2134272,2232758.5217364,487434.2169620,28,
1715672000.798646,3311741,18302,8,LM,1,100,487434.9968061,2232759.3051153,487435.0168556,25,
1715672001.234732,3312157,18373,8,LM,1,100,487435.4978488,2232759.8061639,487435.5001034,28,
1715672002.106902,3312989,18512,8,LM,1,100,487436.2801244,2232760.5884395,487436.3002565,24,
1715672002.622657,3313481,18598,8,LM,1,100,487436.8635211,2232761.1718362,487436.8677647,26,
1715672003.365889,3314190,18716,8,LM,1,100,487437.5132930,2232761.8215995,487437.5340073,25,
1715672003.903657,3314703,18804,8,LM,1,100,487438.0468793,2232762.3551857,487438.0674420,28,
1715672004.636406,3315402,18922,8,LM,1,100,487438.8467945,2232763.1551010,487438.8672374,25,
1715672005.195141,3315935,19008,8,LM,1,100,487439.3801272,2232763.6884468,487439.4177031,28,
1715672005.937324,3316643,19128,8,LM,1,100,487440.1468085,2232764.4551281,487440.1668531,25,
1715672006.424775,3317108,19186,8,LM,1,100,487440.6801425,2232764.9884621,487440.6835292,28,
1715672007.169055,3317818,19306,8,LM,1,100,487441.3802035,2232765.6884871,487441.4004751,25,
1715672007.693196,3318318,19392,8,LM,1,100,487441.8801637,2232766.1884473,487441.9003702,28,
1715672008.432235,3319023,19512,8,LM,1,100,487442.6468767,2232766.9551603,487442.6510799,25,
1715672009.700656,3320233,19714,8,LM,1,100,487443.9301460,2232768.2384342,487443.9337167,25,
1715672010.986898,3321460,19917,8,LM,1,100,487445.2133958,2232769.5216841,487445.2335545,25,
1715672011.464914,3321916,19993,8,LM,1,100,487445.7138622,2232770.0221510,487445.7339530,28,
1715672012.309829,3322722,20130,8,LM,1,100,487446.5634914,2232770.8717802,487446.5669950,24,
1715672013.281587,3323649,20282,8,LM,1,100,487447.0641471,2232771.3724359,487447.0671102,26,
1715672013.596071,3323949,20336,8,LM,1,100,487447.8301848,2232772.1384482,487447.8339926,25,
1715672014.126502,3324455,20423,8,LM,1,100,487448.3302725,2232772.6385359,487448.3337924,28,
1715672014.822561,3325119,20524,8,LM,1,100,487449.0639167,2232773.3721801,487449.0837076,25,
1715672016.097271,3326335,20727,8,LM,1,100,487450.3473035,2232774.6555583,487450.3671342,25,
1715672016.647619,3326860,20814,8,LM,1,100,487450.8470000,2232775.1552549,487450.8669576,28,
1715672017.525031,3327697,20957,8,LM,1,100,487451.6134786,2232775.9217281,487451.6334748,25,
1715672017.898220,3328053,21010,8,LM,1,100,487452.1135937,2232776.4218432,487452.1337943,28,
1715672018.739990,3328856,21129,8,LM,1,100,487452.9302613,2232777.2385108,487452.9337589,24,
1715672019.405649,3329491,21233,8,LM,1,100,487453.4971049,2232777.8053417,487453.5001067,26,
1715672020.033570,3330090,21334,8,LM,1,100,487454.2469029,2232778.5551397,487454.2671337,25,
1715672020.548276,3330581,21422,8,LM,1,100,487454.7469697,2232779.0552065,487454.7670309,28,
1715672021.297798,3331296,21540,8,LM,1,100,487455.5469790,2232779.8552060,487455.5668826,25,
1715672021.821939,3331796,21628,8,LM,1,100,487456.0470665,2232780.3552936,487456.0670569,28,
1715672022.600812,3332539,21753,8,LM,1,100,487456.8136359,2232781.1218630,487456.8338139,25,
1715672023.772791,3333657,21940,8,LM,1,100,487458.0303942,2232782.3386138,487458.0339087,25,
1715672024.305318,3334165,22026,8,LM,1,100,487458.5636941,2232782.8719137,487458.5671470,28,
1715672025.180634,3335000,22162,8,LM,1,100,487459.4136493,2232783.7218424,487459.4338571,25,
1715672025.797023,3335588,22264,8,LM,1,100,487459.9920704,2232784.3002635,487460.0003491,28,
1715672026.438572,3336200,22370,8,LM,1,100,487460.6304159,2232784.9386089,487460.6339205,25,
1715672026.982630,3336719,22457,8,LM,1,100,487461.2019278,2232785.5101208,487461.2343256,28,
1715672027.714331,3337417,22581,8,LM,1,100,487461.9137030,2232786.2218902,487461.9340975,25,
1715672029.094918,3338734,22801,8,LM,1,100,487463.1807910,2232787.4889781,487463.2012240,24,
1715672029.527858,3339147,22869,8,LM,1,100,487463.7641391,2232788.0723199,487463.7671662,26,
1715672030.294152,3339878,22989,8,LM,1,100,487464.4972808,2232788.8054616,487464.5004658,25,
1715672030.814100,3340374,23075,8,LM,1,100,487465.0304749,2232789.3386557,487465.0338244,28,
1715672031.668450,3341189,23212,8,LM,1,100,487465.7811072,2232790.0892900,487465.8007985,25,
1715672032.089859,3341591,23284,8,LM,1,100,487466.2804009,2232790.5885838,487466.3006413,28,
1715672032.842525,3342309,23401,8,LM,1,100,487467.0637458,2232791.3719287,487467.0670975,25,
1715672033.416984,3342857,23494,8,LM,1,100,487467.5971281,2232791.9052913,487467.6004247,28,
1715672034.179085,3343584,23615,8,LM,1,100,487468.3804138,2232792.6885770,487468.4006687,25,
1715672035.347919,3344699,23800,8,LM,1,100,487469.5972348,2232793.9053853,487469.6010103,25,
1715672035.975840,3345298,23902,8,LM,1,100,487470.1471777,2232794.4553282,487470.1677978,28,
1715672036.731651,3346019,24024,8,LM,1,100,487470.9637172,2232795.2718677,487470.9676778,25,
1715672037.995879,3347225,24225,8,LM,1,100,487472.2305400,2232796.5386795,487472.2337784,25,
1715672038.542034,3347746,24318,8,LM,1,100,487472.7304388,2232797.0385783,487472.7339482,28,
1715672039.211886,3348385,24420,8,LM,1,100,487473.4639726,2232797.7721178,487473.4674426,24,
1715672039.717158,3348867,24507,8,LM,1,100,487473.9640176,2232798.2721628,487473.9675009,26,
1715672040.682625,3349788,24660,8,LM,1,100,487474.8138083,2232799.1219535,487474.8342594,25,
1715672041.873473,3350924,24847,8,LM,1,100,487476.0472236,2232800.3553481,487476.0676658,25,
1715672042.390276,3351417,24933,8,LM,1,100,487476.5973213,2232800.9054458,487476.6016428,28,
1715672043.120929,3352114,25051,8,LM,1,100,487477.3305385,2232801.6386630,487477.3342767,25,
1715672043.930202,3352886,25160,8,LM,1,100,487477.8482100,2232802.1563303,487477.8674787,28,
1715672044.349515,3353286,25228,8,LM,1,100,487478.5806161,2232802.8887364,487478.6011442,24,
1715672044.882042,3353794,25316,8,LM,1,100,487479.1310381,2232803.4391584,487479.1346396,26,
1715672045.647288,3354524,25437,8,LM,1,100,487479.8982357,2232804.2063397,487479.9010871,25,
1715672047.006909,3355821,25657,8,LM,1,100,487481.1809813,2232805.4890854,487481.2012628,25,
1715672047.636927,3356422,25760,8,LM,1,100,487481.7522115,2232806.0603039,487481.7674407,28,
1715672048.222916,3356981,25846,8,LM,1,100,487482.4305444,2232806.7386368,487482.4342026,25,
1715672049.647531,3358340,26055,8,LM,1,100,487483.7806932,2232808.0887872,487483.8015252,25,
1715672050.184252,3358852,26142,8,LM,1,100,487484.3139201,2232808.6220141,487484.3337520,28,
1715672050.953691,3359586,26261,8,LM,1,100,487485.0805992,2232809.3886932,487485.1005692,25,
1715672051.413886,3360025,26333,8,LM,1,100,487485.6522196,2232809.9603062,487485.6671405,28,
1715672052.140346,3360718,26453,8,LM,1,100,487486.3143992,2232810.6224858,487486.3341055,25,
1715672052.672873,3361226,26540,8,LM,1,100,487486.8139532,2232811.1220398,487486.8342690,28,
1715672053.428684,3361947,26659,8,LM,1,100,487487.6139931,2232811.9220610,487487.6340065,25,
1715672054.680332,3363141,26849,8,LM,1,100,487488.9307226,2232813.2387905,487488.9342409,24,
1715672055.217053,3363653,26937,8,LM,1,100,487489.4643697,2232813.7724402,487489.4673740,26,
1715672056.057775,3364455,27073,8,LM,1,100,487490.1973034,2232814.5053739,487490.2007140,25,
1715672057.241285,3365584,27260,8,LM,1,100,487490.7721615,2232815.0802320,487490.8006711,28,
1715672057.265395,3365607,27263,8,LM,1,100,487491.4979022,2232815.8059660,487491.5007597,25,
1715672057.782198,3366100,27351,8,LM,1,100,487492.0310540,2232816.3391178,487492.0341414,28,
1715672058.550589,3366833,27469,8,LM,1,100,487492.7807599,2232817.0888237,487492.8007571,25,
1715672059.079971,3367338,27557,8,LM,1,100,487493.3143665,2232817.6224302,487493.3341574,28,
1715672059.796996,3368022,27664,8,LM,1,100,487493.9813193,2232818.2893843,487494.0008581,24,
1715672060.347344,3368547,27753,8,LM,1,100,487494.4974382,2232818.8055032,487494.5007835,26,
1715672061.112590,3369277,27872,8,LM,1,100,487495.2807713,2232819.5888363,487495.3007958,25,
1715672062.379962,3370486,28077,8,LM,1,100,487496.6143933,2232820.9224383,487496.6340241,25,
1715672063.022559,3371099,28181,8,LM,1,100,487497.1923603,2232821.5004053,487497.2008038,28,
1715672063.670397,3371717,28283,8,LM,1,100,487497.8641362,2232822.1721703,487497.8673174,25,
1715672064.188249,3372211,28368,8,LM,1,100,487498.4140467,2232822.7220807,487498.4339295,28,
1715672064.935673,3372924,28486,8,LM,1,100,487499.1307009,2232823.4387349,487499.1343048,25,
1715672065.455621,3373420,28578,8,LM,1,100,487499.6645959,2232823.9726285,487499.6674077,28,
1715672066.244977,3374173,28697,8,LM,1,100,487500.4307021,2232824.7387347,487500.4341674,24,
1715672066.861367,3374761,28803,8,LM,1,100,487501.0307927,2232825.3388253,487501.0342756,26,
1715672067.506061,3375376,28905,8,LM,1,100,487501.7140985,2232826.0221217,487501.7340946,25,
1715672068.154947,3375995,29007,8,LM,1,100,487502.2141526,2232826.5221758,487502.2340515,28,
1715672069.006152,3376807,29145,8,LM,1,100,487502.9974884,2232827.3055116,487503.0008977,25,
1715672070.143538,3377892,29328,8,LM,1,100,487504.3307016,2232828.6387132,487504.3343607,25,
1715672070.727431,3378449,29421,8,LM,1,100,487504.9024676,2232829.2104793,487504.9348184,28,
1715672071.382607,3379074,29526,8,LM,1,100,487505.6144669,2232829.9224428,487505.6343176,25,
1715672071.901506,3379569,29612,8,LM,1,100,487506.1308612,2232830.4388371,487506.1348931,28,
1715672072.638448,3380272,29731,8,LM,1,100,487506.8312046,2232831.1391805,487506.8348823,24,
1715672073.184603,3380793,29815,8,LM,1,100,487507.3475663,2232831.6555422,487507.3684067,26,
1715672074.040001,3381609,29952,8,LM,1,100,487508.1476005,2232832.4555962,487508.1683410,25,
1715672074.585108,3382129,30040,8,LM,1,100,487508.6982007,2232833.0061965,487508.7008620,28,
1715672075.210932,3382726,30142,8,LM,1,100,487509.3812113,2232833.6891731,487509.4010212,25,
1715672076.491932,3383948,30352,8,LM,1,100,487510.7310616,2232835.0390234,487510.7350781,25,
1715672077.139771,3384566,30456,8,LM,1,100,487511.2475195,2232835.5554812,487511.2676908,28,
1715672077.788657,3385185,30557,8,LM,1,100,487512.0307172,2232836.3386884,487512.0345873,25,
1715672078.335860,3385707,30646,8,LM,1,100,487512.5309214,2232836.8388926,487512.5342951,28,
1715672079.088526,3386425,30764,8,LM,1,100,487513.3149667,2232837.6229379,487513.3348800,25,
1715672079.622102,3386934,30849,8,LM,1,100,487513.8647449,2232838.1727050,487513.8680652,28,
1715672080.365334,3387643,30970,8,LM,1,100,487514.5975377,2232838.9054978,487514.6012266,25,
1715672081.722859,3388938,31180,8,LM,1,100,487515.8808176,2232840.1887969,487515.9014610,25,
1715672082.275303,3389465,31266,8,LM,1,100,487516.4146105,2232840.7225899,487516.4343730,28,
1715672082.900079,3390061,31370,8,LM,1,100,487517.0809224,2232841.3889018,487517.1012190,24,
1715672083.457765,3390593,31456,8,LM,1,100,487517.6813577,2232841.9892949,487517.7008065,26,
1715672084.305825,3391402,31592,8,LM,1,100,487518.3976298,2232842.7055670,487518.4011388,25,
1715672084.726186,3391803,31662,8,LM,1,100,487518.8979104,2232843.2058476,487518.9012984,28,
1715672085.451597,3392495,31780,8,LM,1,100,487519.6476331,2232843.9555580,487519.6676944,25,
1715672085.990414,3393009,31868,8,LM,1,100,487520.1814554,2232844.4893803,487520.2011524,28,
1715672086.774529,3393757,31993,8,LM,1,100,487520.9643392,2232845.2722641,487520.9675140,25,
1715672088.073350,3394996,32198,8,LM,1,100,487522.2977148,2232846.6056586,487522.3010591,25,
1715672088.593298,3395492,32283,8,LM,1,100,487522.8309807,2232847.1389245,487522.8342985,28,
1715672089.462323,3396321,32419,8,LM,1,100,487523.5810705,2232847.8889880,487523.6013454,25,
1715672089.891071,3396730,32488,8,LM,1,100,487524.1309772,2232848.4388946,487524.1341975,28,
1715672090.633254,3397438,32608,8,LM,1,100,487524.8143591,2232849.1222766,487524.8352423,25,
1715672091.259079,3398035,32713,8,LM,1,100,487525.3477827,2232849.6557001,487525.3677270,28,
1715672092.035855,3398776,32820,8,LM,1,100,487526.0810173,2232850.3889340,487526.1010578,24,
1715672092.418478,3399141,32873,8,LM,1,100,487526.6643611,2232850.9722778,487526.6685768,26,
1715672093.166951,3399855,32994,8,LM,1,100,487527.3814944,2232851.6893738,487527.4022960,25,
1715672094.518187,3401144,33212,8,LM,1,100,487528.6309944,2232852.9388738,487528.6350766,25,
1715672095.802332,3402369,33414,8,LM,1,100,487529.9977985,2232854.3056925,487530.0020966,25,
1715672096.988987,3403501,33602,8,LM,1,100,487531.2309364,2232855.5388304,487531.2345704,24,
1715672097.644163,3404126,33695,8,LM,1,100,487531.8144037,2232856.1222825,487531.8344655,26,
1715672098.370622,3404819,33813,8,LM,1,100,487532.5810815,2232856.8889603,487532.6023529,25,
1715672098.897908,3405322,33898,8,LM,1,100,487533.0811907,2232857.3890695,487533.1017199,28,
1715672099.654768,3406044,34019,8,LM,1,100,487533.8811267,2232858.1889944,487533.9019621,25,
1715672100.283737,3406644,34123,8,LM,1,100,487534.4527760,2232858.7606437,487534.4676302,28,
1715672100.907465,3407239,34222,8,LM,1,100,487535.0983070,2232859.4061747,487535.1017564,25,
1715672101.351936,3407663,34297,8,LM,1,100,487535.5978928,2232859.9057548,487535.6020193,28,
1715672102.190561,3408463,34430,8,LM,1,100,487536.3978667,2232860.7057287,487536.4012596,25,
1715672103.421244,3409637,34608,8,LM,1,100,487537.6649531,2232861.9728137,487537.6682976,25,
1715672104.038682,3410226,34709,8,LM,1,100,487538.2429159,2232862.5507765,487538.2684920,28,
1715672104.770383,3410924,34829,8,LM,1,100,487538.9645117,2232863.2723722,487538.9681390,25,
1715672105.297669,3411427,34914,8,LM,1,100,487539.4811831,2232863.7890294,487539.5014790,28,
1715672106.061866,3412156,35034,8,LM,1,100,487540.2987115,2232864.6065578,487540.3019980,25,
1715672106.697125,3412762,35140,8,LM,1,100,487540.8727497,2232865.1805960,487540.9018346,28,
1715672107.344963,3413380,35242,8,LM,1,100,487541.5311523,2232865.8389722,487541.5343089,24,
1715672107.971836,3413978,35345,8,LM,1,100,487542.0812822,2232866.3891021,487542.1013432,26,
1715672108.640639,3414616,35435,8,LM,1,100,487542.8312092,2232867.1390291,487542.8351383,25,
1715672109.085111,3415040,35507,8,LM,1,100,487543.3318768,2232867.6396967,487543.3352338,28,
1715672110.020178,3415932,35659,8,LM,1,100,487544.1312213,2232868.4390543,487544.1347218,25,
1715672110.543271,3416431,35744,8,LM,1,100,487544.7028845,2232869.0107175,487544.7352556,28,
1715672111.201592,3417059,35848,8,LM,1,100,487545.3978087,2232869.7056601,487545.4013021,25,
1715672112.535006,3418331,36037,8,LM,1,100,487546.7147903,2232871.0226417,487546.7348109,25,
1715672113.059147,3418831,36124,8,LM,1,100,487547.2646376,2232871.5724890,487547.2679817,28,
1715672113.784558,3419523,36231,8,LM,1,100,487547.9980243,2232872.3058247,487548.0014306,25,
1715672114.364258,3420076,36319,8,LM,1,100,487548.5480679,2232872.8558683,487548.5681145,28,
1715672115.024676,3420706,36420,8,LM,1,100,487549.2312349,2232873.5390353,487549.2348945,25,
1715672116.743858,3422346,36676,8,LM,1,100,487550.5812689,2232874.8890424,487550.6019030,25,
1715672116.944080,3422537,36712,8,LM,1,100,487551.1145655,2232875.4223390,487551.1349777,28,
1715672117.677877,3423237,36829,8,LM,1,100,487551.7817020,2232876.0894980,487551.8018961,24,
1715672118.159038,3423696,36899,8,LM,1,100,487552.3664303,2232876.6742263,487552.3686466,26,
1715672118.986133,3424485,37006,8,LM,1,100,487553.0649574,2232877.3727534,487553.0686756,25,
1715672120.202140,3425645,37191,8,LM,1,100,487554.4316019,2232878.7394029,487554.4352426,25,
1715672120.716846,3426136,37261,8,LM,1,100,487554.9479449,2232879.2557458,487554.9679742,28,
1715672121.563858,3426944,37401,8,LM,1,100,487555.7147334,2232880.0225324,487555.7347406,24,
1715672121.991557,3427352,37469,8,LM,1,100,487556.2152285,2232880.5230275,487556.2354587,26,
1715672122.720113,3428047,37569,8,LM,1,100,487556.9646733,2232881.2724723,487556.9684910,25,
1715672124.003210,3429271,37772,8,LM,1,100,487558.2147880,2232882.5225403,487558.2364610,25,
1715672124.681448,3429918,37850,8,LM,1,100,487558.7653429,2232883.0730952,487558.7688076,28,
1715672125.306224,3430514,37952,8,LM,1,100,487559.5318425,2232883.8396049,487559.5348686,24,
1715672126.270643,3431434,38106,8,LM,1,100,487560.0648725,2232884.3726349,487560.0692212,26,
1715672127.006537,3432136,38158,8,LM,1,100,487560.8312928,2232885.1390552,487560.8355060,25,
1715672127.388112,3432500,38181,8,LM,1,100,487561.3654970,2232885.6732594,487561.3680596,28,
1715672127.896528,3432985,38255,8,LM,1,100,487562.0813427,2232886.3890970,487562.1018277,25,
1715672129.148177,3434179,38457,8,LM,1,100,487563.3647015,2232887.6724558,487563.3684827,24,
1715672129.798111,3434799,38546,8,LM,1,100,487563.8984295,2232888.2061687,487563.9018626,26,
1715672130.441756,3435413,38650,8,LM,1,100,487564.6651945,2232888.9729337,487564.6683431,25,
1715672130.978477,3435925,38735,8,LM,1,100,487565.1982431,2232889.5059823,487565.2016319,28,
1715672131.711226,3436624,38858,8,LM,1,100,487565.9314678,2232890.2392143,487565.9353803,25,
1715672132.255284,3437143,38945,8,LM,1,100,487566.4648593,2232890.7726058,487566.4686028,28,
1715672133.087620,3437937,39080,8,LM,1,100,487567.2985458,2232891.6062923,487567.3022254,25,
1715672134.288951,3439083,39267,8,LM,1,100,487568.5150360,2232892.8227407,487568.5351845,24,
1715672134.831961,3439601,39352,8,LM,1,100,487569.0482465,2232893.3559513,487569.0689662,26,
1715672135.572048,3440307,39461,8,LM,1,100,487569.7815975,2232894.0892849,487569.8023136,25,
1715672136.854096,3441530,39663,8,LM,1,100,487571.0982944,2232895.4059818,487571.1023552,25,
1715672137.382431,3442034,39750,8,LM,1,100,487571.5982958,2232895.9059970,487571.6014820,28,
1715672138.127759,3442745,39869,8,LM,1,100,487572.3482646,2232896.6559658,487572.3689502,25,
1715672139.410856,3443969,40074,8,LM,1,100,487572.8815000,2232897.1892012,487572.9019404,28,
1715672139.425532,3443983,40077,8,LM,1,100,487573.6315047,2232897.9392192,487573.6353963,25,
1715672139.973783,3444506,40162,8,LM,1,100,487574.1652410,2232898.4729555,487574.1681757,28,
1715672140.812409,3445306,40285,8,LM,1,100,487574.9980820,2232899.3057964,487575.0020497,25,
1715672141.472826,3445936,40391,8,LM,1,100,487575.5482961,2232899.8559697,487575.5683662,28,
1715672142.025271,3446463,40477,8,LM,1,100,487576.2649940,2232900.5726676,487576.2687598,25,
1715672143.292644,3447672,40681,8,LM,1,100,487577.5318021,2232901.8394688,487577.5351875,24,
1715672143.825171,3448180,40766,8,LM,1,100,487578.0654138,2232902.3730805,487578.0681434,26,
1715672144.672182,3448988,40902,8,LM,1,100,487578.8650506,2232903.1727173,487578.8684040,25,
1715672145.291717,3449579,40973,8,LM,1,100,487579.3650028,2232903.6726695,487579.3691005,28,
1715672145.961569,3450218,41065,8,LM,1,100,487580.0651331,2232904.3727776,487580.0688110,25,
1715672146.404992,3450641,41137,8,LM,1,100,487580.5986126,2232904.9062571,487580.6015267,28,
1715672147.241521,3451439,41257,8,LM,1,100,487581.4148767,2232905.7225485,487581.4354786,24,
1715672147.760421,3451934,41343,8,LM,1,100,487581.9482707,2232906.2559425,487581.9685724,26,
1715672148.814992,3452940,41512,8,LM,1,100,487582.6983574,2232907.0060293,487582.7024491,25,
1715672149.064483,3453178,41533,8,LM,1,100,487583.1983390,2232907.5060109,487583.2020048,28,
1715672149.819246,3453898,41654,8,LM,1,100,487583.9483375,2232908.2560096,487583.9689913,25,
1715672150.693513,3454732,41790,8,LM,1,100,487584.4482562,2232908.7559283,487584.4686631,28,
1715672151.205075,3455220,41848,8,LM,1,100,487585.2316813,2232909.5393534,487585.2349960,25,
1715672151.582456,3455580,41907,8,LM,1,100,487585.7649387,2232910.0725888,487585.7686966,28,
1715672152.350847,3456313,42026,8,LM,1,100,487586.5655826,2232910.8732327,487586.5691469,25,
1715672153.592012,3457497,42210,8,LM,1,100,487587.7817688,2232912.0894306,487587.8028076,25,
1715672154.878254,3458724,42415,8,LM,1,100,487589.1316389,2232913.4393007,487589.1351379,25,
1715672155.518754,3459335,42501,8,LM,1,100,487589.7032062,2232914.0108399,487589.7355163,28,
1715672156.139337,3459927,42603,8,LM,1,100,487590.3156156,2232914.6232493,487590.3359280,24,
1715672156.680251,3460443,42679,8,LM,1,100,487590.8817161,2232915.1893498,487590.9022966,26,
1715672157.458076,3461185,42798,8,LM,1,100,487591.6651312,2232915.9727402,487591.6692754,25,
1715672158.007375,3461709,42885,8,LM,1,100,487592.1984675,2232916.5060765,487592.2023665,28,
1715672158.751656,3462419,43004,8,LM,1,100,487592.9650267,2232917.2726357,487592.9692730,25,
1715672160.070394,3463677,43111,8,LM,1,100,487594.1984440,2232918.5060648,487594.2027160,25,
1715672160.495996,3464083,43168,8,LM,1,100,487594.6990656,2232919.0066864,487594.7020922,28,
1715672161.267532,3464819,43290,8,LM,1,100,487595.4651335,2232919.7727376,487595.4692034,25,
1715672161.791673,3465319,43375,8,LM,1,100,487595.9819391,2232920.2895432,487596.0021638,28,
1715672162.581029,3466072,43487,8,LM,1,100,487596.7650676,2232921.0726717,487596.7685217,24,
1715672163.092591,3466560,43573,8,LM,1,100,487597.2985967,2232921.6062008,487597.3019702,26,
1715672163.843160,3467276,43690,8,LM,1,100,487598.0652513,2232922.3728402,487598.0693672,25,
1715672164.365205,3467774,43777,8,LM,1,100,487598.5651441,2232922.8727330,487598.5686816,28,
1715672165.219554,3468589,43915,8,LM,1,100,487599.3985014,2232923.7060548,487599.4026534,25,
1715672165.673460,3469022,43983,8,LM,1,100,487599.9319064,2232924.2394598,487599.9357295,28,
1715672166.505796,3469816,44121,8,LM,1,100,487600.6652231,2232924.9727765,487600.6690977,25,
1715672167.041468,3470327,44207,8,LM,1,100,487601.1984920,2232925.5060455,487601.2019341,28,
1715672167.714465,3470969,44300,8,LM,1,100,487601.9651046,2232926.2726805,487601.9689455,25,
1715672168.994417,3472190,44502,8,LM,1,100,487603.2155814,2232927.5231573,487603.2351920,25,
1715672169.542669,3472713,44588,8,LM,1,100,487603.7485883,2232928.0561377,487603.7686671,28,
1715672170.290094,3473426,44708,8,LM,1,100,487604.4991340,2232928.8066834,487604.5018286,25,
1715672170.818428,3473930,44796,8,LM,1,100,487605.0491683,2232929.3567178,487605.0685917,28,
1715672171.584722,3474661,44914,8,LM,1,100,487605.7819372,2232930.0895010,487605.8017752,24,
1715672172.087897,3475141,45001,8,LM,1,100,487606.2991513,2232930.6067151,487606.3021167,26,
1715672172.849998,3475868,45112,8,LM,1,100,487607.0653218,2232931.3728855,487607.0686801,25,
1715672173.480015,3476469,45216,8,LM,1,100,487607.6152254,2232931.9227836,487607.6352901,28,
1715672174.105839,3477066,45318,8,LM,1,100,487608.3155251,2232932.6230833,487608.3351950,25,
1715672174.659332,3477594,45403,8,LM,1,100,487608.8935599,2232933.2011181,487608.9018760,28,
1715672175.480137,3478377,45540,8,LM,1,100,487609.6987799,2232934.0063235,487609.7015999,25,
1715672176.806213,3479642,45744,8,LM,1,100,487610.9486168,2232935.2561604,487610.9684820,25,
1715672178.099793,3480876,45920,8,LM,1,100,487612.2157195,2232936.5232409,487612.2352095,25,
1715672178.568375,3481323,45993,8,LM,1,100,487612.7652895,2232937.0728109,487612.7686197,28,
1715672179.319993,3482040,46112,8,LM,1,100,487613.5487231,2232937.8562542,487613.5683092,25,
1715672179.854617,3482550,46199,8,LM,1,100,487614.0652987,2232938.3728298,487614.0693211,28,
1715672180.590511,3483252,46318,8,LM,1,100,487614.8157112,2232939.1232423,487614.8359944,25,
1715672181.871511,3484474,46523,8,LM,1,100,487616.0156484,2232940.3231564,487616.0362715,24,
1715672182.307596,3484890,46591,8,LM,1,100,487616.5319441,2232940.8394521,487616.5355250,26,
1715672183.154608,3485698,46727,8,LM,1,100,487617.3820935,2232941.6896015,487617.4023207,25,
1715672184.414643,3486900,46917,8,LM,1,100,487618.6161864,2232942.9236979,487618.6351424,25,
1715672184.944025,3487405,47005,8,LM,1,100,487619.1654337,2232943.4729452,487619.1687434,28,
1715672185.661050,3488089,47123,8,LM,1,100,487619.8987525,2232944.2062216,487619.9018973,25,
1715672186.219784,3488622,47212,8,LM,1,100,487620.3989049,2232944.7063740,487620.4024979,28,
1715672187.068892,3489432,47348,8,LM,1,100,487621.2821199,2232945.5895890,487621.3027024,24,
1715672187.693668,3490028,47452,8,LM,1,100,487621.8154199,2232946.1228871,487621.8355994,26,
1715672188.338362,3490643,47552,8,LM,1,100,487622.5320212,2232946.8394884,487622.5359687,25,
1715672189.529210,3491779,47728,8,LM,1,100,487623.7987814,2232948.1062505,487623.8032390,25,
1715672190.893025,3493080,47949,8,LM,1,100,487625.0320179,2232949.3394870,487625.0353664,25,
1715672191.316530,3493484,48019,8,LM,1,100,487625.5655108,2232949.8729491,487625.5692385,28,
1715672192.158301,3494287,48155,8,LM,1,100,487626.3987936,2232950.7062319,487626.4020015,24,
1715672192.692924,3494797,48239,8,LM,1,100,487626.9159110,2232951.2233493,487626.9356399,26,
1715672193.525260,3495591,48376,8,LM,1,100,487627.6987850,2232952.0062309,487627.7023931,25,
1715672193.993842,3496038,48448,8,LM,1,100,487628.2488015,2232952.5562475,487628.2685082,28,
1715672194.734977,3496745,48555,8,LM,1,100,487628.9487814,2232953.2562273,487628.9695844,25,
1715672195.385961,3497366,48657,8,LM,1,100,487629.4996022,2232953.8070550,487629.5023153,28,
1715672196.043233,3497993,48759,8,LM,1,100,487630.1820824,2232954.4895352,487630.2027747,25,
1715672196.453111,3498384,48832,8,LM,1,100,487630.6820865,2232954.9895393,487630.7020649,28,
1715672197.301171,3499193,48969,8,LM,1,100,487631.5654240,2232955.8728571,487631.5686048,25,
1715672197.832650,3499700,49054,8,LM,1,100,487632.0989666,2232956.4063997,487632.1026797,28,
1715672198.571689,3500405,49173,8,LM,1,100,487632.7821000,2232957.0895331,487632.8026863,25,
1715672199.105264,3500914,49258,8,LM,1,100,487633.3324674,2232957.6399005,487633.3356229,28,
1715672199.896717,3501669,49369,8,LM,1,100,487634.0989035,2232958.4063307,487634.1020523,25,
1715672200.429244,3502177,49454,8,LM,1,100,487634.6159755,2232958.9234027,487634.6359106,28,
1715672201.064503,3502783,49559,8,LM,1,100,487635.3155605,2232959.6229877,487635.3360361,24,
1715672201.599127,3503293,49647,8,LM,1,100,487635.8656802,2232960.1730871,487635.8688244,26,
1715672202.367517,3504026,49765,8,LM,1,100,487636.6321521,2232960.9395590,487636.6355627,25,
1715672202.898996,3504533,49853,8,LM,1,100,487637.1655791,2232961.4729860,487637.1686609,28,
1715672203.742863,3505338,49989,8,LM,1,100,487637.9488755,2232962.2562941,487637.9688118,25,
1715672204.386508,3505952,50090,8,LM,1,100,487638.5238353,2232962.8312540,487638.5360592,28,
1715672205.103533,3506636,50183,8,LM,1,100,487639.1988445,2232963.5062631,487639.2028354,25,
1715672206.306961,3507784,50371,8,LM,1,100,487640.5321925,2232964.8396233,487640.5352757,25,
1715672206.825860,3508279,50459,8,LM,1,100,487641.0488943,2232965.3563251,487641.0688379,28,
1715672207.563850,3508983,50577,8,LM,1,100,487641.8156630,2232966.1230353,487641.8357910,25,
1715672208.103716,3509498,50665,8,LM,1,100,487642.3656572,2232966.6730295,487642.3696155,28,
1715672208.766230,3510130,50767,8,LM,1,100,487643.0322605,2232967.3396328,487643.0359348,25,
1715672209.315529,3510654,50854,8,LM,1,100,487643.5494224,2232967.8567931,487643.5689190,28,
1715672210.128996,3511430,50975,8,LM,1,100,487644.3661585,2232968.6735291,487644.3691670,25,
1715672211.018987,3512279,51102,8,LM,1,100,487644.9440608,2232969.2514315,487644.9695732,28,
1715672211.336617,3512582,51156,8,LM,1,100,487645.5826553,2232969.8900318,487645.6026069,24,
1715672211.850275,3513072,51242,8,LM,1,100,487646.0823339,2232970.3897104,487646.1024939,26,
1715672212.704625,3513887,51377,8,LM,1,100,487646.9656637,2232971.2730402,487646.9690641,25,
1715672213.267552,3514424,51466,8,LM,1,100,487647.5157804,2232971.8231380,487647.5359189,28,
1715672213.938452,3515064,51567,8,LM,1,100,487648.1824860,2232972.4898436,487648.2025546,25,
1715672214.470979,3515572,51656,8,LM,1,100,487648.7157050,2232973.0230625,487648.7359469,28,
1715672215.215260,3516282,51773,8,LM,1,100,487649.4322240,2232973.7395951,487649.4357287,24,
1715672215.722628,3516766,51844,8,LM,1,100,487649.9492155,2232974.2565866,487649.9694275,26,
1715672216.557060,3517562,51983,8,LM,1,100,487650.7823007,2232975.0896718,487650.8029801,25,
1715672217.875799,3518820,52186,8,LM,1,100,487652.0158000,2232976.3231560,487652.0366095,25,
1715672218.936660,3519832,52354,8,LM,1,100,487652.5656585,2232976.8730145,487652.5693305,28,
1715672219.145268,3520031,52391,8,LM,1,100,487653.3657088,2232977.6730648,487653.3697896,24,
1715672219.656830,3520519,52478,8,LM,1,100,487653.8991570,2232978.2064969,487653.9025810,26,
1715672220.430462,3521257,52595,8,LM,1,100,487654.6322663,2232978.9396062,487654.6355937,25,
1715672220.869692,3521676,52667,8,LM,1,100,487655.1325196,2232979.4398595,487655.1360841,28,
1715672221.712510,3522480,52795,8,LM,1,100,487655.9162370,2232980.2235590,487655.9362850,25,
1715672222.168513,3522915,52863,8,LM,1,100,487656.4168210,2232980.7241430,487656.4361172,28,
1715672223.543859,3524227,53084,8,LM,1,100,487657.2491066,2232981.5564286,487657.2693986,25,
1715672223.569017,3524251,53087,8,LM,1,100,487657.7828186,2232982.0901337,487657.8024824,28,
1715672224.334263,3524981,53206,8,LM,1,100,487658.4991716,2232982.8064868,487658.5031765,25,
1715672224.847921,3525471,53295,8,LM,1,100,487659.0491401,2232983.3564553,487659.0698164,28,
1715672225.593250,3526182,53412,8,LM,1,100,487659.7490951,2232984.0564137,487659.7691612,25,
1715672226.042963,3526611,53486,8,LM,1,100,487660.2824143,2232984.5897329,487660.3028694,28,
1715672226.991657,3527516,53626,8,LM,1,100,487661.0823044,2232985.3896230,487661.1023971,25,
1715672227.439274,3527943,53697,8,LM,1,100,487661.6540612,2232985.9613916,487661.6695406,28,
1715672228.101788,3528575,53799,8,LM,1,100,487662.3656805,2232986.6730109,487662.3696879,25,
1715672228.631170,3529080,53886,8,LM,1,100,487662.9008076,2232987.2081380,487662.9021858,28,
1715672229.463506,3529874,54023,8,LM,1,100,487663.6491358,2232987.9564211,487663.6694689,24,
1715672229.993937,3530380,54108,8,LM,1,100,487664.1828980,2232988.4901833,487664.2029461,26,
1715672230.771762,3531122,54228,8,LM,1,100,487664.9490864,2232989.2563717,487664.9691569,25,
1715672231.198413,3531529,54300,8,LM,1,100,487665.4658876,2232989.7731553,487665.4692075,28,
1715672232.009783,3532303,54422,8,LM,1,100,487666.2324451,2232990.5397128,487666.2364031,25,
1715672232.545455,3532814,54508,8,LM,1,100,487666.7492322,2232991.0564999,487666.7691615,28,
1715672233.267721,3533503,54625,8,LM,1,100,487667.5159238,2232991.8231877,487667.5357754,25,
1715672233.835890,3534045,54711,8,LM,1,100,487668.0492335,2232992.3564974,487668.0695335,28,
1715672234.562349,3534738,54831,8,LM,1,100,487668.7991085,2232993.1063724,487668.8024159,25,
1715672235.103262,3535254,54917,8,LM,1,100,487669.3330185,2232993.6402824,487669.3358364,28,
1715672235.822384,3535940,55035,8,LM,1,100,487670.0324669,2232994.3397293,487670.0356011,25,
1715672236.384263,3536476,55123,8,LM,1,100,487670.5492638,2232994.8565262,487670.5691479,28,
1715672237.038391,3537100,55225,8,LM,1,100,487671.2992726,2232995.6065350,487671.3024385,25,
1715672237.653732,3537687,55317,8,LM,1,100,487671.7993337,2232996.1065861,487671.8024345,28,
1715672238.625489,3538614,55470,8,LM,1,100,487672.7324985,2232997.0397510,487672.7358378,24,
1715672239.069961,3539038,55539,8,LM,1,100,487673.3324972,2232997.6397496,487673.3355491,26,
1715672239.794323,3539729,55659,8,LM,1,100,487673.9994790,2232998.3067356,487674.0024142,25,
1715672240.339430,3540249,55745,8,LM,1,100,487674.5325103,2232998.8397669,487674.5358506,28,
1715672241.082662,3540958,55867,8,LM,1,100,487675.3157830,2232999.6230396,487675.3356978,25,
1715672242.339552,3542157,56052,8,LM,1,100,487676.5493485,2233000.8565887,487676.5691194,25,
1715672242.855306,3542649,56128,8,LM,1,100,487677.0826650,2233001.3899052,487677.1023963,28,
1715672243.684497,3543440,56262,8,LM,1,100,487677.8824863,2233002.1897501,487677.9023525,25,
1715672244.955015,3544652,56464,8,LM,1,100,487679.1493954,2233003.4566592,487679.1690124,25,
1715672246.236015,3545874,56669,8,LM,1,100,487680.4491961,2233004.7564438,487680.4691871,25,
1715672246.871274,3546480,56771,8,LM,1,100,487680.9827276,2233005.2899753,487681.0024386,28,
1715672247.517016,3547096,56875,8,LM,1,100,487681.6992993,2233006.0065136,487681.7025297,25,
1715672248.047446,3547602,56948,8,LM,1,100,487682.2331335,2233006.5403478,487682.2359405,28,
1715672248.699478,3548224,57053,8,LM,1,100,487682.9659593,2233007.2731736,487682.9692261,24,
1715672249.233053,3548733,57138,8,LM,1,100,487683.4998351,2233007.8070473,487683.5025745,26,
1715672250.087403,3549548,57274,8,LM,1,100,487684.2995507,2233008.6067629,487684.3022847,25,
1715672250.546550,3549986,57343,8,LM,1,100,487684.7993353,2233009.1065475,487684.8026357,28,
1715672251.393562,3550794,57482,8,LM,1,100,487685.5993866,2233009.9065754,487685.6027072,25,
1715672252.657790,3552000,57685,8,LM,1,100,487686.8827563,2233011.1899451,487686.9024692,25,
1715672253.188221,3552506,57771,8,LM,1,100,487687.4330699,2233011.7402696,487687.4359708,28,
1715672253.868555,3553155,57862,8,LM,1,100,487688.1326127,2233012.4398124,487688.1359774,25,
1715672254.489138,3553747,57965,8,LM,1,100,487688.6660446,2233012.9732443,487688.6693218,28,
1715672255.225032,3554449,58086,8,LM,1,100,487689.4661351,2233013.7733250,487689.4695195,25,
1715672255.755463,3554955,58171,8,LM,1,100,487689.9998800,2233014.3070699,487690.0025701,28,
1715672256.487163,3555653,58293,8,LM,1,100,487690.7160406,2233015.0232305,487690.7358910,25,
1715672257.149678,3556285,58394,8,LM,1,100,487691.2494276,2233015.5566175,487691.2693479,28,
1715672257.780743,3556887,58498,8,LM,1,100,487691.9993448,2233016.3065216,487692.0024741,24,
1715672258.330043,3557411,58584,8,LM,1,100,487692.4998771,2233016.8070539,487692.5023422,26,
1715672258.966350,3558018,58674,8,LM,1,100,487693.2329021,2233017.5400788,487693.2357164,25,
1715672260.343792,3559332,58893,8,LM,1,100,487694.5993153,2233018.9064782,487694.6027388,25,
1715672261.718090,3560643,59114,8,LM,1,100,487695.8828655,2233020.1900061,487695.9024741,25,
1715672262.236989,3561138,59201,8,LM,1,100,487696.4169804,2233020.7241211,487696.4360466,28,
1715672263.028442,3561893,59321,8,LM,1,100,487697.1829070,2233021.4900477,487697.2027809,25,
1715672263.454044,3562299,59390,8,LM,1,100,487697.6828450,2233021.9899878,487697.7027134,28,
1715672264.291621,3563098,59500,8,LM,1,100,487698.3995370,2233022.7066798,487698.4030454,25,
1715672264.765445,3563550,59569,8,LM,1,100,487698.9498302,2233023.2569730,487698.9694201,28,
1715672265.483518,3564235,59689,8,LM,1,100,487699.6996692,2233024.0068013,487699.7027488,25,
1715672266.857816,3565546,59909,8,LM,1,100,487701.0168228,2233025.3239549,487701.0360455,24,
1715672267.326397,3565993,59982,8,LM,1,100,487701.5328680,2233025.8400015,487701.5361958,26,
1715672268.068581,3566701,60100,8,LM,1,100,487702.3327658,2233026.6398993,487702.3362767,25,
1715672269.492148,3568059,60309,8,LM,1,100,487703.5829428,2233027.8900553,487703.6028865,25,
1715672270.695575,3569207,60495,8,LM,1,100,487704.8999260,2233029.2070386,487704.9024927,25,
1715672271.130612,3569622,60567,8,LM,1,100,487705.3996892,2233029.7068018,487705.4030989,28,
1715672272.396937,3570830,60770,8,LM,1,100,487706.1327799,2233030.4398932,487706.1361275,25,
1715672272.525875,3570953,60790,8,LM,1,100,487706.7045461,2233031.0116594,487706.7361657,28,
1715672273.180003,3571577,60894,8,LM,1,100,487707.4171040,2233031.7242173,487707.4363201,25,
1715672274.502935,3572839,61097,8,LM,1,100,487708.7497032,2233033.0568060,487708.7694885,25,
1715672275.774501,3574052,61287,8,LM,1,100,487709.9996943,2233034.3067821,487710.0028936,24,
1715672276.317511,3574570,61375,8,LM,1,100,487710.5328614,2233034.8399492,487710.5360268,26,
1715672277.081708,3575299,61495,8,LM,1,100,487711.2829111,2233035.5899989,487711.3028238,25,
1715672278.400447,3576557,61698,8,LM,1,100,487712.5995472,2233036.9066241,487712.6028572,25,
1715672279.651047,3577750,61901,8,LM,1,100,487713.8829469,2233038.1900058,487713.9029351,25,
1715672280.195105,3578269,61976,8,LM,1,100,487714.3996321,2233038.7066911,487714.4029672,28,
1715672280.956158,3578995,62100,8,LM,1,100,487715.1830595,2233039.4901184,487715.2036109,24,
1715672281.581982,3579592,62201,8,LM,1,100,487715.7834318,2233040.0904886,487715.8029989,26,
1715672282.230868,3580211,62305,8,LM,1,100,487716.3663364,2233040.6733932,487716.3701591,25,
1715672282.665905,3580626,62374,8,LM,1,100,487716.9163544,2233041.2234112,487716.9366472,28,
1715672283.437441,3581362,62495,8,LM,1,100,487717.6996963,2233042.0067796,487717.7037120,25,
1715672283.968920,3581869,62580,8,LM,1,100,487718.2334040,2233042.5404874,487718.2361383,28,
1715672284.735214,3582600,62699,8,LM,1,100,487718.9662445,2233043.2733278,487718.9708192,25,
1715672285.239437,3583081,62785,8,LM,1,100,487719.4997739,2233043.8068324,487719.5031680,28,
1715672286.105318,3583907,62913,8,LM,1,100,487720.2498807,2233044.5569392,487720.2704283,25,
1715672286.636797,3584414,63000,8,LM,1,100,487720.7663869,2233045.0734454,487720.7698890,28,
1715672287.306649,3585053,63105,8,LM,1,100,487721.5663538,2233045.8734017,487721.5700301,24,
1715672287.921990,3585640,63206,8,LM,1,100,487722.1498070,2233046.4568549,487722.1704079,26,
1715672288.560394,3586249,63307,8,LM,1,100,487722.7997952,2233047.1068431,487722.8036764,25,
1715672289.942029,3587567,63528,8,LM,1,100,487724.1831893,2233048.4902030,487724.2036631,25,
1715672290.480846,3588081,63612,8,LM,1,100,487724.7330421,2233049.0400559,487724.7366192,28,
1715672291.215692,3588782,63720,8,LM,1,100,487725.4664016,2233049.7734316,487725.4702433,25,
1715672291.857240,3589394,63824,8,LM,1,100,487726.0447711,2233050.3518011,487726.0696847,28,
1715672292.515561,3590022,63928,8,LM,1,100,487726.6829536,2233050.9899836,487726.7030087,25,
1715672293.761968,3591211,64130,8,LM,1,100,487727.9831070,2233052.2901342,487728.0028780,25,
1715672294.422386,3591841,64231,8,LM,1,100,487728.5329632,2233052.8399904,487728.5367161,28,
1715672294.974831,3592368,64319,8,LM,1,100,487729.2334893,2233053.5405165,487729.2365216,24,
1715672295.512599,3592881,64404,8,LM,1,100,487729.7663891,2233054.0733784,487729.7706615,26,
1715672296.414121,3593741,64532,8,LM,1,100,487730.5665075,2233054.8734968,487730.5701287,25,
1715672297.372251,3594655,64685,8,LM,1,100,487731.1447878,2233055.4517771,487731.1699693,28,
1715672297.684639,3594953,64740,8,LM,1,100,487731.8831264,2233056.1900826,487731.9035942,25,
1715672298.668976,3595892,64893,8,LM,1,100,487732.4333718,2233056.7403280,487732.4367206,28,
1715672298.947819,3596158,64944,8,LM,1,100,487733.1665498,2233057.4735060,487733.1706046,25,
1715672299.487684,3596673,65029,8,LM,1,100,487733.7002743,2233058.0072561,487733.7029779,28,
1715672300.243495,3597394,65149,8,LM,1,100,487734.4497771,2233058.7567589,487734.4702180,25,
1715672301.499337,3598592,65355,8,LM,1,100,487735.6831955,2233059.9901622,487735.7033916,25,
1715672301.952194,3599024,65415,8,LM,1,100,487736.1833069,2233060.4902736,487736.2030782,28,
1715672302.900889,3599929,31,8,LM,1,100,487737.0833057,2233061.3902723,487737.1037310,25,
1715672303.434465,3600438,118,8,LM,1,100,487737.6332480,2233061.9401963,487737.6367980,28,
1715672304.186083,3601155,236,8,LM,1,100,487738.4169179,2233062.7238662,487738.4369758,25,
1715672304.712320,3601657,324,8,LM,1,100,487738.9332435,2233063.2401918,487738.9368114,28,
1715672305.478615,3602388,440,8,LM,1,100,487739.7164732,2233064.0234194,487739.7364884,24,
1715672305.972355,3602859,516,8,LM,1,100,487740.2168246,2233064.5237709,487740.2367664,26,
1715672306.943064,3603785,673,8,LM,1,100,487741.0332254,2233065.3401716,487741.0365825,25,
1715672307.333025,3604157,741,8,LM,1,100,487741.5666383,2233065.8735792,487741.5699886,28,
1715672308.090933,3604880,861,8,LM,1,100,487742.3006357,2233066.6075766,487742.3032851,25,
1715672309.273395,3606008,1048,8,LM,1,100,487743.5332431,2233067.8402125,487743.5368872,25,
1715672309.885591,3606592,1152,8,LM,1,100,487744.0667213,2233068.3736908,487744.0705234,28,
1715672310.650837,3607322,1268,8,LM,1,100,487744.8832409,2233069.1902103,487744.9033140,25,
1715672311.917161,3608530,1475,8,LM,1,100,487746.1000890,2233070.4070155,487746.1032738,25,
1715672313.130023,3609687,1666,8,LM,1,100,487747.3667194,2233071.6736459,487747.3704339,24,
1715672313.765282,3610293,1768,8,LM,1,100,487747.9333623,2233072.2403035,487747.9369508,26,
1715672314.643743,3611131,1904,8,LM,1,100,487748.8833828,2233073.1903240,487748.9031643,25,
1715672315.153208,3611617,1990,8,LM,1,100,487749.4001456,2233073.7070868,487749.4036678,28,
1715672315.894343,3612324,2112,8,LM,1,100,487750.1332695,2233074.4401801,487750.1364828,25,
1715672316.519119,3612920,2214,8,LM,1,100,487750.7049525,2233075.0118630,487750.7363594,28,
1715672317.108253,3613482,2300,8,LM,1,100,487751.3666721,2233075.6735827,487751.3704925,25,
1715672317.729884,3614075,2393,8,LM,1,100,487751.8838125,2233076.1907260,487751.9032506,28,
1715672318.594717,3614900,2531,8,LM,1,100,487752.7332575,2233077.0401710,487752.7368866,25,
1715672319.019271,3615305,2599,8,LM,1,100,487753.2672447,2233077.5741582,487753.2704858,28,
1715672319.778227,3616029,2720,8,LM,1,100,487754.0169030,2233078.3237916,487754.0367814,25,
1715672321.038262,3617231,2923,8,LM,1,100,487755.2670363,2233079.5739249,487755.2699032,25,
1715672322.301441,3618436,3126,8,LM,1,100,487756.5333126,2233080.8401974,487756.5370196,25,
1715672322.832920,3618943,3212,8,LM,1,100,487757.0834350,2233081.3903198,487757.1032144,28,
1715672323.701946,3619772,3351,8,LM,1,100,487757.8334760,2233082.1403461,487757.8364685,24,
1715672324.174721,3620223,3422,8,LM,1,100,487758.4335638,2233082.7404339,487758.4369480,26,
1715672324.900132,3620915,3541,8,LM,1,100,487759.1502118,2233083.4570819,487759.1707343,25,
1715672325.421128,3621412,3625,8,LM,1,100,487759.6668485,2233083.9737164,487759.6707571,28,
1715672326.207339,3622162,3748,8,LM,1,100,487760.4338958,2233084.7407637,487760.4368325,25,
1715672326.824777,3622751,3852,8,LM,1,100,487761.0050557,2233085.3119236,487761.0373594,28,
1715672327.378270,3623279,3937,8,LM,1,100,487761.6333716,2233085.9402304,487761.6373854,25,
1715672327.991515,3623864,4041,8,LM,1,100,487762.2050385,2233086.5118973,487762.2372312,28,
1715672328.702250,3624542,4149,8,LM,1,100,487762.9505961,2233087.2574549,487762.9708563,25,
1715672329.328074,3625139,4252,8,LM,1,100,487763.5006399,2233087.8074689,487763.5037664,28,
1715672330.002120,3625782,4356,8,LM,1,100,487764.1839608,2233088.4907898,487764.2039932,25,
1715672331.269492,3626991,4560,8,LM,1,100,487765.5167801,2233089.8236154,487765.5371713,25,
1715672332.573555,3628235,4763,8,LM,1,100,487766.7838612,2233091.0906966,487766.8039601,25,
1715672333.096648,3628734,4847,8,LM,1,100,487767.3169333,2233091.6237687,487767.3373497,28,
1715672333.835686,3629439,4971,8,LM,1,100,487768.0834784,2233092.3902957,487768.1034811,24,
1715672334.381841,3629960,5058,8,LM,1,100,487768.6190402,2233092.9258575,487768.6375424,26,
1715672335.105155,3630650,5176,8,LM,1,100,487769.3503791,2233093.6571964,487769.3707565,25,
1715672335.633489,3631154,5264,8,LM,1,100,487769.8669566,2233094.1737912,487769.8703257,28,
1715672336.380914,3631867,5386,8,LM,1,100,487770.6342343,2233094.9410689,487770.6368741,25,
1715672336.901911,3632364,5472,8,LM,1,100,487771.1503442,2233095.4571788,487771.1701188,28,
1715672338.091710,3633499,5641,8,LM,1,100,487771.9172916,2233096.2241213,487771.9368303,25,
1715672339.059274,3634422,5796,8,LM,1,100,487773.2173959,2233097.5242256,487773.2369119,25,
1715672339.508987,3634851,5872,8,LM,1,100,487773.7170258,2233098.0238302,487773.7366201,28,
1715672340.251171,3635559,5990,8,LM,1,100,487774.5003389,2233098.8071433,487774.5037180,25,
1715672341.633855,3636878,6212,8,LM,1,100,487775.8339124,2233100.1407001,487775.8374584,24,
1715672342.189444,3637408,6297,8,LM,1,100,487776.3837611,2233100.6905488,487776.4035263,26,
1715672342.830992,3638020,6400,8,LM,1,100,487777.0836509,2233101.3904386,487777.1042260,25,
1715672343.365616,3638530,6486,8,LM,1,100,487777.6173186,2233101.9241095,487777.6375337,28,
1715672344.097317,3639228,6606,8,LM,1,100,487778.3335642,2233102.6403551,487778.3371713,25,
1715672344.662341,3639767,6697,8,LM,1,100,487778.8836505,2233103.1904414,487778.9035717,28,
1715672345.403476,3640474,6815,8,LM,1,100,487779.6175539,2233103.9243050,487779.6371817,25,
1715672346.688670,3641700,7020,8,LM,1,100,487780.9335670,2233105.2403181,487780.9366655,25,
1715672348.056677,3643005,7238,8,LM,1,100,487782.2836665,2233106.5904208,487782.3035124,25,
1715672348.591301,3643515,7325,8,LM,1,100,487782.8337807,2233107.1405350,487782.8369608,28,
1715672349.333485,3644223,7446,8,LM,1,100,487783.5839146,2233107.8906462,487783.6039157,24,
1715672349.980274,3644840,7553,8,LM,1,100,487784.1839062,2233108.4906378,487784.2040534,26,
1715672350.597713,3645429,7656,8,LM,1,100,487784.8511399,2233109.1578715,487784.8704311,25,
1715672351.138626,3645945,7742,8,LM,1,100,487785.3504729,2233109.6572045,487785.3710541,28,
1715672351.894437,3646666,7863,8,LM,1,100,487786.1503637,2233110.4571272,487786.1702879,25,
1715672352.529696,3647272,7965,8,LM,1,100,487786.7253763,2233111.0321398,487786.7374995,28,
1715672353.268735,3647977,8085,8,LM,1,100,487787.4341160,2233111.7408795,487787.4380020,24,
1715672353.801262,3648485,8169,8,LM,1,100,487788.0338702,2233112.3405914,487788.0373887,26,
1715672354.445955,3649100,8272,8,LM,1,100,487788.6843806,2233112.9911018,487788.7043046,25,
1715672354.980579,3649610,8359,8,LM,1,100,487789.2004155,2233113.5071367,487789.2036973,28,
1715672355.733245,3650328,8483,8,LM,1,100,487790.0004210,2233114.3071614,487790.0036650,25,
1715672356.411484,3650975,8589,8,LM,1,100,487790.5753869,2233114.8821273,487790.6044491,28,
1715672356.936673,3651476,8674,8,LM,1,100,487791.2004998,2233115.5072402,487791.2039928,25,
1715672357.465007,3651980,8762,8,LM,1,100,487791.7339613,2233116.0406872,487791.7372789,28,
1715672358.309922,3652786,8897,8,LM,1,100,487792.5670721,2233116.8737980,487792.5704773,25,
1715672359.576246,3653994,9100,8,LM,1,100,487793.7838122,2233118.0905337,487793.8038473,25,
1715672360.889744,3655247,9310,8,LM,1,100,487795.0837310,2233119.3904525,487795.1042198,25,
1715672361.421222,3655754,9394,8,LM,1,100,487795.6177082,2233119.9244273,487795.6367842,28,
1715672362.159213,3656458,9514,8,LM,1,100,487796.3671636,2233120.6738827,487796.3711401,25,
1715672363.542945,3657778,9733,8,LM,1,100,487797.6838194,2233121.9905045,487797.7034915,24,
1715672363.965402,3658181,9803,8,LM,1,100,487798.2339037,2233122.5405888,487798.2370898,26,
1715672364.711779,3658893,9921,8,LM,1,100,487798.9505695,2233123.2572546,487798.9703382,25,
1715672366.039952,3660160,10112,8,LM,1,100,487800.2504909,2233124.5571779,487800.2703110,25,
1715672366.611266,3660705,10201,8,LM,1,100,487800.8005160,2233125.1072030,487800.8035737,28,
1715672367.508595,3661561,10338,8,LM,1,100,487801.4504212,2233125.7571082,487801.4704030,25,
1715672367.737120,3661779,10374,8,LM,1,100,487802.0005523,2233126.3072256,487802.0037329,28,
1715672368.572601,3662576,10510,8,LM,1,100,487802.8173355,2233127.1240088,487802.8372868,24,
1715672369.133432,3663111,10599,8,LM,1,100,487803.4006804,2233127.7073537,487803.4038267,26,
1715672369.910209,3663852,10698,8,LM,1,100,487804.0504383,2233128.3571028,487804.0703629,25,
1715672370.363066,3664284,10771,8,LM,1,100,487804.5506762,2233128.8573407,487804.5706100,28,
1715672371.109443,3664996,10892,8,LM,1,100,487805.3344220,2233129.6410865,487805.3372540,25,
1715672371.665032,3665526,10984,8,LM,1,100,487805.8839672,2233130.1906272,487805.9038159,28,
1715672372.340126,3666170,11086,8,LM,1,100,487806.6005979,2233130.9072579,487806.6037406,25,
1715672373.060296,3666857,11205,8,LM,1,100,487807.1506823,2233131.4573423,487807.1704220,28,
1715672373.730148,3667496,11309,8,LM,1,100,487807.9173442,2233132.2239971,487807.9371355,24,
1715672374.168329,3667914,11378,8,LM,1,100,487808.4339926,2233132.7406455,487808.4371425,26,
1715672375.011148,3668718,11515,8,LM,1,100,487809.2505890,2233133.5572419,487809.2705138,25,
1715672376.205141,3669857,11703,8,LM,1,100,487810.4506211,2233134.7572657,487810.4704939,25,
1715672376.755489,3670382,11793,8,LM,1,100,487810.9672111,2233135.2738557,487810.9705978,28,
1715672377.524928,3671116,11913,8,LM,1,100,487811.7507470,2233136.0573819,487811.7705277,25,
1715672378.068986,3671635,12001,8,LM,1,100,487812.3256304,2233136.6322653,487812.3371009,28,
1715672378.905515,3672433,12137,8,LM,1,100,487813.0513400,2233137.3579749,487813.0705824,24,
1715672379.372000,3672878,12205,8,LM,1,100,487813.6006083,2233137.9072162,487813.6037223,26,
1715672380.203288,3673671,12343,8,LM,1,100,487814.3841240,2233138.6907319,487814.4038958,25,
1715672380.729525,3674173,12431,8,LM,1,100,487814.9339150,2233139.2405229,487814.9370025,28,
1715672381.405667,3674818,12534,8,LM,1,100,487815.6172819,2233139.9238899,487815.6369809,25,
1715672381.940291,3675328,12621,8,LM,1,100,487816.1956940,2233140.5023020,487816.2037888,28,
1715672382.736985,3676088,12747,8,LM,1,100,487816.9339644,2233141.2405724,487816.9371001,25,
1715672383.241209,3676569,12834,8,LM,1,100,487817.4840997,2233141.7906995,487817.5038444,28,
1715672383.908964,3677206,12935,8,LM,1,100,487818.1673588,2233142.4739585,487818.1705532,25,
1715672384.533740,3677802,13038,8,LM,1,100,487818.7174109,2233143.0240107,487818.7373458,28,
1715672385.275924,3678510,13156,8,LM,1,100,487819.4506622,2233143.7572619,487819.4707509,24,
1715672385.810547,3679020,13246,8,LM,1,100,487820.0340278,2233144.3406425,487820.0373763,26,
1715672386.557972,3679733,13365,8,LM,1,100,487820.7673533,2233145.0739681,487820.7705546,25,
1715672387.084210,3680235,13450,8,LM,1,100,487821.3011053,2233145.6077201,487821.3039554,28,
1715672387.867276,3680982,13576,8,LM,1,100,487822.0506916,2233146.3572778,487822.0707670,25,
1715672388.406093,3681496,13660,8,LM,1,100,487822.6259689,2233146.9325551,487822.6373714,28,
1715672389.049738,3682110,13764,8,LM,1,100,487823.3011018,2233147.6076880,487823.3040766,25,
1715672389.604279,3682639,13852,8,LM,1,100,487823.8174127,2233148.1239889,487823.8370727,28,
1715672390.449194,3683445,13987,8,LM,1,100,487824.6508205,2233148.9573967,487824.6705911,25,
1715672390.970191,3683942,14076,8,LM,1,100,487825.1509816,2233149.4575578,487825.1707843,28,
1715672391.813009,3684746,14212,8,LM,1,100,487825.9173654,2233150.2239357,487825.9374991,24,
1715672392.233370,3685147,14280,8,LM,1,100,487826.4674199,2233150.7739902,487826.4705914,26,
1715672392.931526,3685813,14389,8,LM,1,100,487827.1340964,2233151.4406667,487827.1372977,25,
1715672393.457763,3686315,14476,8,LM,1,100,487827.6841614,2233151.9907234,487827.7039358,28,
1715672394.294292,3687113,14613,8,LM,1,100,487828.5012143,2233152.8077763,487828.5038781,25,
1715672395.473609,3688238,14798,8,LM,1,100,487829.7178251,2233154.0243746,487829.7374473,25,
1715672396.108868,3688844,14902,8,LM,1,100,487830.2958831,2233154.6024326,487830.3037867,28,
1715672396.773479,3689478,15006,8,LM,1,100,487830.9674382,2233155.2739877,487830.9707114,24,
1715672397.387772,3690064,15109,8,LM,1,100,487831.5510301,2233155.8575639,487831.5708553,26,
1715672398.190756,3690830,15233,8,LM,1,100,487832.3175459,2233156.6240797,487832.3373834,25,
1715672399.988559,3692545,15518,8,LM,1,100,487833.6341836,2233157.9407121,487833.6371760,25,
1715672400.619625,3693147,15622,8,LM,1,100,487834.8341420,2233159.1406705,487834.8373017,25,
1715672401.171021,3693673,15694,8,LM,1,100,487835.3341868,2233159.6407153,487835.3374782,28,
1715672402.020129,3694483,15831,8,LM,1,100,487836.1508285,2233160.4573600,487836.1711119,25,
1715672402.450973,3694894,15900,8,LM,1,100,487836.7013663,2233161.0078977,487836.7039659,28,
1715672403.301130,3695705,16035,8,LM,1,100,487837.5011381,2233161.8076520,487837.5040875,25,
1715672404.584227,3696929,16245,8,LM,1,100,487838.7843223,2233163.0908362,487838.8041133,24,
1715672405.220534,3697536,16347,8,LM,1,100,487839.3343867,2233163.6409006,487839.3374555,26,
1715672405.782413,3698072,16437,8,LM,1,100,487840.0343023,2233164.3408214,487840.0376531,25,
1715672407.024627,3699257,16636,8,LM,1,100,487841.2508774,2233165.5573965,487841.2715672,25,
1715672407.587554,3699794,16722,8,LM,1,100,487841.8259466,2233166.1324395,487841.8379971,28,
1715672408.418842,3700587,16860,8,LM,1,100,487842.6181104,2233166.9246034,487842.6374253,25,
1715672408.994348,3701136,16951,8,LM,1,100,487843.1675669,2233167.4740599,487843.1716205,28,
1715672409.931512,3702030,17104,8,LM,1,100,487844.0177213,2233168.3241863,487844.0381379,25,
1715672410.687323,3702751,17222,8,LM,1,100,487844.5677270,2233168.8741920,487844.5713749,28,
1715672411.109781,3703154,17295,8,LM,1,100,487845.3011584,2233169.6076234,487845.3040747,25,
1715672412.501899,3704482,17513,8,LM,1,100,487846.6343895,2233170.9408567,487846.6375777,24,
1715672413.080551,3705034,17600,8,LM,1,100,487847.1843273,2233171.4907944,487847.2047793,26,
1715672413.618319,3705547,17687,8,LM,1,100,487847.8675743,2233172.1740141,487847.8709837,25,
1715672414.903513,3706773,17895,8,LM,1,100,487849.1346162,2233173.4410560,487849.1380545,25,
1715672416.268376,3708075,18116,8,LM,1,100,487850.5011066,2233174.8075417,487850.5046855,25,
1715672416.881621,3708660,18218,8,LM,1,100,487851.0518230,2233175.3582581,487851.0713863,28,
1715672418.007475,3709734,18388,8,LM,1,100,487851.7177045,2233176.0241436,487851.7380103,25,
1715672418.030538,3709756,18391,8,LM,1,100,487852.2511154,2233176.5575545,487852.2713579,28,
1715672418.798928,3710489,18512,8,LM,1,100,487853.0010236,2233177.3074628,487853.0048754,24,
1715672419.323069,3710989,18597,8,LM,1,100,487853.5512619,2233177.8576852,487853.5717491,26,
1715672420.053721,3711686,18706,8,LM,1,100,487854.3010442,2233178.6074675,487854.3049609,25,
1715672421.402860,3712973,18928,8,LM,1,100,487855.5678317,2233179.8742530,487855.5708990,25,
1715672422.826427,3714331,19148,8,LM,1,100,487856.8510369,2233181.1574583,487856.8716811,25,
1715672423.681825,3715147,19283,8,LM,1,100,487857.4010459,2233181.7074673,487857.4048335,28,
1715672423.982682,3715434,19336,8,LM,1,100,487858.1511393,2233182.4575510,487858.1717576,25,
1715672425.288841,3716680,19544,8,LM,1,100,487859.4853805,2233183.7918036,487859.5043715,24,
1715672425.751133,3717121,19618,8,LM,1,100,487859.9845023,2233184.2909253,487860.0047093,26,
1715672426.487027,3717823,19736,8,LM,1,100,487860.7177685,2233185.0241916,487860.7375943,25,
1715672426.996492,3718309,19822,8,LM,1,100,487861.2350014,2233185.5414244,487861.2378561,28,
1715672427.756496,3719034,19942,8,LM,1,100,487861.9849198,2233186.2913259,487862.0051605,25,
1715672428.293217,3719546,20029,8,LM,1,100,487862.5177476,2233186.8241537,487862.5383985,28,
1715672429.138132,3720352,20165,8,LM,1,100,487863.3344944,2233187.6409005,487863.3385941,25,
1715672429.662273,3720852,20249,8,LM,1,100,487863.8678654,2233188.1742752,487863.8714562,28,
1715672430.399215,3721555,20370,8,LM,1,100,487864.5845090,2233188.8909188,487864.6046649,25,
1715672430.895052,3722028,20448,8,LM,1,100,487865.1345665,2233189.4409763,487865.1409092,28,
1715672431.624656,3722724,20566,8,LM,1,100,487865.8177828,2233190.1241713,487865.8376898,25,
1715672432.191777,3723265,20637,8,LM,1,100,487866.3178096,2233190.6241981,487866.3383939,28,
1715672432.953878,3723992,20758,8,LM,1,100,487867.1679338,2233191.4743223,487867.1710555,25,
1715672433.489550,3724503,20843,8,LM,1,100,487867.6678655,2233191.9742439,487867.6717022,28,
1715672434.264230,3725242,20964,8,LM,1,100,487868.4848058,2233192.7911842,487868.5047407,24,
1715672434.886909,3725836,21068,8,LM,1,100,487869.0513151,2233193.3576935,487869.0709824,26,
1715672435.531603,3726451,21170,8,LM,1,100,487869.7178591,2233194.0242154,487869.7384554,25,
1715672436.843003,3727702,21380,8,LM,1,100,487871.0513203,2233195.3576766,487871.0709647,25,
1715672437.474069,3728304,21484,8,LM,1,100,487871.6261568,2233195.9325135,487871.6379441,28,
1715672438.132390,3728932,21586,8,LM,1,100,487872.2514063,2233196.5577630,487872.2716294,25,
1715672438.569523,3729349,21656,8,LM,1,100,487872.7845575,2233197.0909142,487872.8052960,28,
1715672439.301224,3730047,21774,8,LM,1,100,487873.5179429,2233197.8242771,487873.5376429,25,
1715672440.679715,3731362,21996,8,LM,1,100,487874.8012982,2233199.1076324,487874.8049235,25,
1715672441.961763,3732585,22204,8,LM,1,100,487876.1345902,2233200.4409644,487876.1384205,25,
1715672442.498484,3733097,22289,8,LM,1,100,487876.6512503,2233200.9576244,487876.6714806,28,
1715672443.494351,3734047,22442,8,LM,1,100,487877.3680142,2233201.6743884,487877.3718234,25,
1715672444.436757,3734946,22594,8,LM,1,100,487878.6514334,2233202.9577499,487878.6712348,24,
1715672445.077257,3735557,22698,8,LM,1,100,487879.1852071,2233203.4915236,487879.2049352,26,
1715672445.737674,3736187,22802,8,LM,1,100,487879.9681019,2233204.2744184,487879.9708395,25,
1715672447.111972,3737498,23027,8,LM,1,100,487881.3180536,2233205.6243701,487881.3384571,25,
1715672447.696913,3738056,23114,8,LM,1,100,487881.8681231,2233206.1744396,487881.8716783,28,
1715672448.418131,3738744,23233,8,LM,1,100,487882.5845896,2233206.8909062,487882.6053362,25,
1715672448.946465,3739248,23317,8,LM,1,100,487883.0852189,2233207.3915354,487883.1043394,28,
1715672449.637283,3739907,23420,8,LM,1,100,487883.8514512,2233208.1577555,487883.8721475,25,
1715672451.009484,3741216,23644,8,LM,1,100,487885.1680988,2233209.4744031,487885.1713831,24,
1715672451.533625,3741716,23728,8,LM,1,100,487885.7180381,2233210.0243570,487885.7381649,26,
1715672452.201380,3742353,23836,8,LM,1,100,487886.4347479,2233210.7410668,487886.4378837,25,
1715672452.720280,3742848,23922,8,LM,1,100,487886.9680726,2233211.2743914,487886.9712083,28,
1715672453.567291,3743656,24058,8,LM,1,100,487887.6686867,2233211.9749738,487887.6715787,25,
1715672454.025391,3744093,24127,8,LM,1,100,487888.2014134,2233212.5077005,487888.2051729,28,
1715672454.752898,3744787,24247,8,LM,1,100,487888.9685072,2233213.2747943,487888.9719622,24,
1715672455.323164,3745331,24332,8,LM,1,100,487889.5681941,2233213.8744746,487889.5721016,26,
1715672456.162837,3746132,24470,8,LM,1,100,487890.2347190,2233214.5409995,487890.2381796,25,
1715672457.370458,3747284,24661,8,LM,1,100,487891.5687543,2233215.8749972,487891.5712721,25,
1715672457.911371,3747800,24749,8,LM,1,100,487892.1180935,2233216.4243364,487892.1386403,28,
1715672458.656700,3748511,24869,8,LM,1,100,487892.8182819,2233217.1245248,487892.8382991,25,
1715672459.187130,3749017,24954,8,LM,1,100,487893.3180433,2233217.6242862,487893.3388919,28,
1715672460.244847,3750026,25123,8,LM,1,100,487894.0862054,2233218.3924570,487894.1057204,25,
1715672460.438779,3750211,25160,8,LM,1,100,487894.6350365,2233218.9412881,487894.6386137,28,
1715672461.208218,3750945,25280,8,LM,1,100,487895.3682797,2233219.6745313,487895.3716262,25,
1715672461.656882,3751373,25349,8,LM,1,100,487895.9015014,2233220.2077400,487895.9051863,28,
1715672462.396969,3752079,25470,8,LM,1,100,487896.6187058,2233220.9249444,487896.6384516,25,
1715672462.957800,3752614,25561,8,LM,1,100,487897.1966730,2233221.5029115,487897.2053941,28,
1715672463.750301,3753370,25667,8,LM,1,100,487897.9687094,2233222.2749364,487897.9719691,25,
1715672464.995660,3754558,25870,8,LM,1,100,487899.2348591,2233223.5410860,487899.2382183,24,
1715672465.659222,3755191,25974,8,LM,1,100,487899.8014082,2233224.1076709,487899.8054275,26,
1715672466.389875,3755888,26092,8,LM,1,100,487900.5515652,2233224.8578279,487900.5713322,25,
1715672466.833298,3756311,26160,8,LM,1,100,487901.0685898,2233225.3748525,487901.0723026,28,
1715672467.687648,3757126,26298,8,LM,1,100,487901.8348662,2233226.1410779,487901.8384091,25,
1715672468.179292,3757595,26373,8,LM,1,100,487902.3348914,2233226.6411031,487902.3382082,28,
1715672468.918330,3758300,26492,8,LM,1,100,487903.1015138,2233227.4077255,487903.1048885,25,
1715672470.124903,3759451,26681,8,LM,1,100,487904.3682664,2233228.6744927,487904.3714907,25,
1715672470.752824,3760050,26784,8,LM,1,100,487904.9182691,2233229.2244954,487904.9386429,28,
1715672471.489766,3760753,26904,8,LM,1,100,487905.6516541,2233229.9578938,487905.6720018,25,
1715672472.689000,3761897,27089,8,LM,1,100,487906.9182907,2233231.2245304,487906.9391564,25,
1715672474.075877,3763220,27294,8,LM,1,100,487908.2683339,2233232.5745728,487908.2714773,24,
1715672474.622032,3763741,27380,8,LM,1,100,487908.7849506,2233233.0911895,487908.8050208,26,
1715672475.360022,3764445,27500,8,LM,1,100,487909.5516296,2233233.8578148,487909.5720309,25,
1715672475.884163,3764945,27588,8,LM,1,100,487910.0852239,2233234.3914091,487910.1048030,28,
1715672476.666182,3765691,27708,8,LM,1,100,487910.8350408,2233235.1412260,487910.8389291,25,
1715672477.089687,3766095,27777,8,LM,1,100,487911.3350572,2233235.6412424,487911.3391625,28,
1715672477.909444,3766877,27913,8,LM,1,100,487912.0353906,2233236.3415983,487912.0387483,25,
1715672479.122306,3768034,28104,8,LM,1,100,487913.3350485,2233237.6412561,487913.3382758,25,
1715672480.383389,3769237,28306,8,LM,1,100,487914.5849852,2233238.8911575,487914.6054316,24,
1715672480.856164,3769688,28378,8,LM,1,100,487915.0855777,2233239.3917500,487915.1049749,26,
1715672482.129826,3770903,28580,8,LM,1,100,487915.9521039,2233240.2583290,487915.9724868,25,
1715672482.265055,3771032,28600,8,LM,1,100,487916.4517791,2233240.7580042,487916.4716291,28,
1715672483.001997,3771735,28721,8,LM,1,100,487917.2015714,2233241.5077965,487917.2054962,25,
1715672483.543959,3772252,28806,8,LM,1,100,487917.7183666,2233242.0245227,487917.7389530,28,
1715672484.406694,3773075,28947,8,LM,1,100,487918.5351261,2233242.8412821,487918.5391239,25,
1715672484.821814,3773471,29019,8,LM,1,100,487919.0518460,2233243.3580020,487919.0719736,28,
1715672485.560853,3774176,29139,8,LM,1,100,487919.7684846,2233244.0746581,487919.7723754,25,
1715672486.084994,3774676,29225,8,LM,1,100,487920.3017826,2233244.6079562,487920.3046842,28,
1715672486.926764,3775479,29363,8,LM,1,100,487921.1018020,2233245.4079755,487921.1056362,25,
1715672487.384863,3775916,29431,8,LM,1,100,487921.6350612,2233245.9412034,487921.6385199,28,
1715672488.151157,3776647,29550,8,LM,1,100,487922.3850811,2233246.6912233,487922.4053545,25,
1715672488.781175,3777248,29654,8,LM,1,100,487922.9182430,2233247.2243852,487922.9392016,28,
1715672489.416433,3777854,29755,8,LM,1,100,487923.6519072,2233247.9580086,487923.6723016,25,
1715672490.739365,3779116,29965,8,LM,1,100,487924.9184789,2233249.2245803,487924.9380754,24,
1715672491.271892,3779624,30053,8,LM,1,100,487925.4685535,2233249.7746549,487925.4721475,26,
1715672492.018269,3780336,30173,8,LM,1,100,487926.2351004,2233250.5412370,487926.2390616,25,
1715672493.287738,3781547,30374,8,LM,1,100,487927.5183882,2233251.8245325,487927.5385449,25,
1715672493.908321,3782139,30476,8,LM,1,100,487928.0523217,2233252.3584659,487928.0715978,28,
1715672494.590752,3782790,30564,8,LM,1,100,487928.8017300,2233253.1078743,487928.8049176,24,
1715672495.198756,3783370,30653,8,LM,1,100,487929.4017259,2233253.7078702,487929.4056159,26,
1715672495.817242,3783960,30758,8,LM,1,100,487930.0350897,2233254.3412040,487930.0390623,25,
1715672496.454597,3784568,30847,8,LM,1,100,487930.5686092,2233254.8747235,487930.5722885,28,
1715672497.172671,3785253,30966,8,LM,1,100,487931.3851477,2233255.6912620,487931.4055683,25,
1715672497.752370,3785806,31053,8,LM,1,100,487931.9568851,2233256.2629773,487931.9717263,28,
1715672498.370857,3786396,31139,8,LM,1,100,487932.5852659,2233256.8913581,487932.6051123,25,
1715672498.883466,3786885,31226,8,LM,1,100,487933.0857522,2233257.3918444,487933.1053233,28,
1715672499.649760,3787616,31347,8,LM,1,100,487933.8856722,2233258.1917595,487933.9054569,25,
1715672500.912940,3788821,31543,8,LM,1,100,487935.1517914,2233259.4578787,487935.1725145,25,
1715672502.201278,3790050,31743,8,LM,1,100,487936.4352203,2233260.7412996,487936.4393716,25,
1715672502.776785,3790599,31830,8,LM,1,100,487936.9686208,2233261.2747001,487936.9718069,28,
1715672503.948764,3791717,32015,8,LM,1,100,487937.7519927,2233262.0580489,487937.7726999,24,
1715672504.144793,3791904,32053,8,LM,1,100,487938.2852906,2233262.5913468,487938.3060450,26,
1715672504.855528,3792582,32154,8,LM,1,100,487939.0352665,2233263.3413227,487939.0382623,25,
1715672505.378621,3793081,32241,8,LM,1,100,487939.6069520,2233263.9130219,487939.6385816,28,
1715672506.150156,3793817,32367,8,LM,1,100,487940.3519952,2233264.6580651,487940.3719085,25,
1715672506.665911,3794309,32439,8,LM,1,100,487940.8685974,2233265.1746673,487940.8721873,28,
1715672507.411239,3795020,32557,8,LM,1,100,487941.6520263,2233265.9580903,487941.6721937,25,
1715672508.837951,3796381,32744,8,LM,1,100,487942.8857468,2233267.1918108,487942.9051457,25,
1715672509.314919,3796836,32765,8,LM,1,100,487943.4352751,2233267.7413391,487943.4391786,28,
1715672509.938647,3797431,32839,8,LM,1,100,487944.1520275,2233268.4580546,487944.1717658,25,
1715672510.436580,3797906,32923,8,LM,1,100,487944.6686905,2233268.9747176,487944.6717837,28,
1715672511.340199,3798768,33052,8,LM,1,100,487945.4353605,2233269.7413876,487945.4386824,25,
1715672512.488068,3799863,33237,8,LM,1,100,487946.7353683,2233271.0413997,487946.7386096,25,
1715672513.877042,3801188,33458,8,LM,1,100,487947.9853990,2233272.2914327,487948.0059272,24,
1715672514.304740,3801596,33526,8,LM,1,100,487948.5522812,2233272.8583149,487948.5725595,26,
1715672515.154897,3802407,33663,8,LM,1,100,487949.3520155,2233273.6580493,487949.3719593,25,
1715672516.341552,3803539,33850,8,LM,1,100,487950.6020689,2233274.9080998,487950.6053377,25,
1715672517.749395,3804882,34058,8,LM,1,100,487951.8520833,2233276.1581181,487951.8721924,25,
1715672518.289260,3805397,34145,8,LM,1,100,487952.4020711,2233276.7081059,487952.4057366,28,
1715672518.942339,3806020,34247,8,LM,1,100,487953.1854136,2233277.4914484,487953.2054049,25,
1715672519.455997,3806510,34334,8,LM,1,100,487953.6855086,2233277.9915625,487953.7066411,28,
1715672520.209712,3807229,34455,8,LM,1,100,487954.4353610,2233278.7414149,487954.4388559,25,
1715672521.499099,3808459,34657,8,LM,1,100,487955.6688699,2233279.9748415,487955.6717815,25,
1715672522.051543,3808986,34734,8,LM,1,100,487956.2021065,2233280.5080782,487956.2055915,28,
1715672522.879686,3809776,34872,8,LM,1,100,487957.0521218,2233281.3580934,487957.0720508,24,
1715672523.351413,3810226,34940,8,LM,1,100,487957.5854324,2233281.8914190,487957.6061874,26,
1715672524.614592,3811431,35145,8,LM,1,100,487958.2521905,2233282.5581771,487958.2723451,25,
1715672525.352583,3812135,35261,8,LM,1,100,487959.5526350,2233283.8586024,487959.5723649,25,
1715672525.811730,3812573,35336,8,LM,1,100,487960.0522700,2233284.3582374,487960.0726657,28,
1715672526.646163,3813369,35471,8,LM,1,100,487960.8354668,2233285.1414342,487960.8388514,25,
1715672527.985867,3814647,35644,8,LM,1,100,487962.1854754,2233286.4914049,487962.2056008,24,
1715672528.533070,3815169,35730,8,LM,1,100,487962.7355857,2233287.0415152,487962.7389718,26,
1715672529.173570,3815780,35833,8,LM,1,100,487963.4021426,2233287.7080721,487963.4054984,25,
1715672530.416832,3816966,36019,8,LM,1,100,487964.6522625,2233288.9582363,487964.6727061,25,
1715672531.883379,3818365,36244,8,LM,1,100,487966.0022241,2233290.3081618,487966.0060783,25,
1715672532.353009,3818813,36314,8,LM,1,100,487966.5522887,2233290.8582264,487966.5719256,28,
1715672533.072130,3819499,36421,8,LM,1,100,487967.2860187,2233291.5919564,487967.3054038,25,
1715672534.327972,3820697,36611,8,LM,1,100,487968.5189213,2233292.8248886,487968.5392636,24,
1715672534.851064,3821196,36697,8,LM,1,100,487969.0521972,2233293.3581645,487969.0724800,26,
1715672535.601634,3821912,36803,8,LM,1,100,487969.8022378,2233294.1081751,487969.8059808,25,
1715672536.876345,3823128,37006,8,LM,1,100,487971.1188726,2233295.4248098,487971.1388285,25,
1715672537.488541,3823712,37092,8,LM,1,100,487971.6689974,2233295.9748816,487971.6720425,28,
1715672538.234918,3824424,37204,8,LM,1,100,487972.4522659,2233296.7581501,487972.4723653,24,
1715672538.871225,3825031,37308,8,LM,1,100,487973.0190347,2233297.3249189,487973.0389990,26,
1715672539.501242,3825632,37393,8,LM,1,100,487973.7022838,2233298.0082100,487973.7064573,25,
1715672539.938376,3826049,37464,8,LM,1,100,487974.2022005,2233298.5081267,487974.2058546,28,
1715672540.777001,3826849,37601,8,LM,1,100,487974.9855911,2233299.2915173,487975.0056963,25,
1715672541.472012,3827512,37689,8,LM,1,100,487975.5191023,2233299.8249807,487975.5387718,28,
1715672542.220485,3828226,37728,8,LM,1,100,487976.3189686,2233300.6248470,487976.3422528,25,
1715672543.402947,3829354,37889,8,LM,1,100,487977.5690935,2233301.8749835,487977.5730611,25,
1715672543.869433,3829799,37961,8,LM,1,100,487978.0690465,2233302.3749365,487978.0727277,28,
1715672544.614761,3830510,38079,8,LM,1,100,487978.8689741,2233303.1748641,487978.8719436,25,
1715672545.158819,3831029,38164,8,LM,1,100,487979.3856632,2233303.6915532,487979.4059028,28,
1715672545.893665,3831730,38287,8,LM,1,100,487980.1357481,2233304.4416495,487980.1394519,25,
1715672546.412565,3832225,38371,8,LM,1,100,487980.6357726,2233304.9416740,487980.6391074,28,
1715672547.156845,3832935,38489,8,LM,1,100,487981.4022880,2233305.7081894,487981.4055211,24,
1715672547.697758,3833451,38575,8,LM,1,100,487981.9190035,2233306.2248601,487981.9395405,26,
1715672548.561542,3834275,38715,8,LM,1,100,487982.7190418,2233307.0248984,487982.7396984,25,
1715672549.076249,3834766,38790,8,LM,1,100,487983.2974176,2233307.6032742,487983.3064389,28,
1715672549.825770,3835481,38910,8,LM,1,100,487984.0190976,2233308.3249467,487984.0393167,25,
1715672551.007184,3836608,39097,8,LM,1,100,487985.2690571,2233309.5749062,487985.2728766,25,
1715672551.648732,3837220,39201,8,LM,1,100,487985.8473270,2233310.1531907,487985.8722445,28,
1715672552.380433,3837918,39318,8,LM,1,100,487986.5857376,2233310.8916013,487986.6054790,25,
1715672553.885766,3839354,39557,8,LM,1,100,487987.7857399,2233312.0916241,487987.8062045,25,
1715672554.125822,3839583,39580,8,LM,1,100,487988.3190073,2233312.6248915,487988.3388682,28,
1715672554.939289,3840359,39701,8,LM,1,100,487989.1025085,2233313.4083927,487989.1056073,25,
1715672556.218193,3841579,39906,8,LM,1,100,487990.4525755,2233314.7584135,487990.4728415,25,
1715672556.743382,3842080,39993,8,LM,1,100,487991.0023968,2233315.3082348,487991.0055557,28,
1715672557.714091,3843006,40145,8,LM,1,100,487991.7362729,2233316.0421632,487991.7396642,24,
1715672558.590455,3843842,40283,8,LM,1,100,487992.3358082,2233316.6416986,487992.3387570,26,
1715672558.778097,3844021,40319,8,LM,1,100,487993.0023760,2233317.3082664,487993.0056558,25,
1715672559.238293,3844460,40388,8,LM,1,100,487993.5025382,2233317.8084286,487993.5056249,28,
1715672560.104173,3845286,40500,8,LM,1,100,487994.3024104,2233318.6082250,487994.3054247,25,
1715672560.572755,3845733,40576,8,LM,1,100,487994.8358469,2233319.1416615,487994.8389832,28,
1715672561.421864,3846543,40710,8,LM,1,100,487995.5357749,2233319.8415944,487995.5398024,25,
1715672561.853756,3846955,40779,8,LM,1,100,487996.0860136,2233320.3918331,487996.1054964,28,
1715672562.587553,3847655,40900,8,LM,1,100,487996.8358534,2233321.1416729,487996.8391446,25,
1715672563.110646,3848154,40984,8,LM,1,100,487997.3693523,2233321.6751718,487997.3724213,28,
1715672563.956609,3848961,41120,8,LM,1,100,487998.1192189,2233322.4250093,487998.1397043,25,
1715672564.410515,3849394,41193,8,LM,1,100,487998.6530876,2233322.9588780,487998.6722320,28,
1715672565.145361,3850095,41299,8,LM,1,100,487999.3858651,2233323.6916555,487999.4061728,25,
1715672566.447327,3851337,41505,8,LM,1,100,488000.6860215,2233324.9918057,488000.7057816,25,
1715672566.973564,3851839,41590,8,LM,1,100,488001.2026050,2233325.5083892,488001.2060593,28,
1715672567.804852,3852632,41726,8,LM,1,100,488001.9866305,2233326.2924175,488002.0064497,24,
1715672568.341572,3853144,41813,8,LM,1,100,488002.5694844,2233326.8752714,488002.5726330,26,
1715672569.070128,3853839,41931,8,LM,1,100,488003.2864849,2233327.5922719,488003.3066096,25,
1715672569.612090,3854356,42019,8,LM,1,100,488003.8360123,2233328.1417584,488003.8398824,28,
1715672570.379432,3855088,42124,8,LM,1,100,488004.5194095,2233328.8251556,488004.5393049,25,
1715672570.786165,3855476,42197,8,LM,1,100,488005.0192964,2233329.3250425,488005.0392382,28,
1715672571.655191,3856305,42332,8,LM,1,100,488005.8529857,2233330.1587638,488005.8725750,25,
1715672572.605983,3857212,42484,8,LM,1,100,488006.3526334,2233330.6584115,488006.3731432,28,
1715672572.956109,3857546,42538,8,LM,1,100,488007.1359692,2233331.4417473,488007.1395100,25,
1715672573.471863,3858038,42625,8,LM,1,100,488007.6693233,2233331.9750814,488007.6726533,28,
1715672574.203564,3858736,42742,8,LM,1,100,488008.3859575,2233332.6917156,488008.4061181,24,
1715672574.742381,3859250,42828,8,LM,1,100,488008.9360702,2233333.2418283,488008.9396356,26,
1715672575.625034,3860092,42957,8,LM,1,100,488009.6865590,2233333.9923014,488009.7067639,25,
1715672575.976209,3860427,43011,8,LM,1,100,488010.2026720,2233334.5084144,488010.2064268,28,
1715672576.721537,3861138,43130,8,LM,1,100,488010.9527000,2233335.2584424,488010.9724970,25,
1715672578.008827,3862366,43333,8,LM,1,100,488012.2527078,2233336.5584870,488012.2726631,25,
1715672578.622072,3862951,43436,8,LM,1,100,488012.7698468,2233337.0756260,488012.7728933,28,
1715672579.363207,3863658,43553,8,LM,1,100,488013.5694321,2233337.8751897,488013.5728483,25,
1715672579.893638,3864164,43640,8,LM,1,100,488014.0865700,2233338.3923277,488014.1065562,28,
1715672580.539379,3864780,43746,8,LM,1,100,488014.7859861,2233339.0917438,488014.8062134,25,
1715672581.189314,3865400,43833,8,LM,1,100,488015.3361363,2233339.6418939,488015.3393197,28,
1715672581.905291,3866083,43951,8,LM,1,100,488016.1361111,2233340.4418251,488016.1397824,24,
1715672582.456687,3866609,44039,8,LM,1,100,488016.6862558,2233340.9919698,488016.7066226,26,
1715672583.106622,3867229,44141,8,LM,1,100,488017.3696747,2233341.6753887,488017.3728841,25,
1715672583.637052,3867735,44227,8,LM,1,100,488017.8864005,2233342.1921025,488017.9058040,28,
1715672584.498740,3868557,44365,8,LM,1,100,488018.7033753,2233343.0090772,488018.7064515,25,
1715672585.020784,3869055,44450,8,LM,1,100,488019.2528517,2233343.5585537,488019.2727748,28,
1715672586.092128,3870077,44621,8,LM,1,100,488019.8865578,2233344.1922539,488019.9057948,25,
1715672586.346861,3870320,44645,8,LM,1,100,488020.4577108,2233344.7634069,488020.4730093,28,
1715672586.944381,3870890,44732,8,LM,1,100,488021.1860489,2233345.4917450,488021.2058377,25,
1715672587.480053,3871401,44820,8,LM,1,100,488021.7193091,2233346.0250459,488021.7393915,28,
1715672588.428748,3872306,44972,8,LM,1,100,488022.5695117,2233346.8752485,488022.5729529,25,
1715672588.885799,3872742,45041,8,LM,1,100,488023.1193866,2233347.4251234,488023.1391733,28,
1715672589.539927,3873366,45145,8,LM,1,100,488023.7861697,2233348.0918502,488023.8069334,25,
1715672590.073503,3873875,45229,8,LM,1,100,488024.3194959,2233348.6251764,488024.3390279,28,
1715672590.827217,3874594,45353,8,LM,1,100,488025.0699031,2233349.3755836,488025.0726344,24,
1715672591.370227,3875112,45437,8,LM,1,100,488025.6196259,2233349.9253306,488025.6393375,26,
1715672592.302150,3876001,45565,8,LM,1,100,488026.5027982,2233350.8085029,488026.5064335,25,
1715672593.575812,3877216,45768,8,LM,1,100,488027.8362387,2233352.1419257,488027.8398488,25,
1715672594.867295,3878448,45973,8,LM,1,100,488029.1195853,2233353.4252723,488029.1401058,25,
1715672595.376760,3878934,46059,8,LM,1,100,488029.6363353,2233353.9420368,488029.6400219,28,
1715672596.157730,3879679,46180,8,LM,1,100,488030.3529207,2233354.6586222,488030.3727067,25,
1715672597.437682,3880900,46373,8,LM,1,100,488031.7028391,2233356.0084855,488031.7068351,25,
1715672598.066652,3881500,46477,8,LM,1,100,488032.2363067,2233356.5419531,488032.2392839,28,
1715672598.691427,3882096,46578,8,LM,1,100,488032.9361539,2233357.2418003,488032.9394894,25,
1715672600.079353,3883420,46798,8,LM,1,100,488034.2528323,2233358.5584716,488034.2734910,25,
1715672601.237704,3884525,46985,8,LM,1,100,488035.4862251,2233359.7918644,488035.5064906,24,
1715672601.819500,3885080,47074,8,LM,1,100,488036.0530034,2233360.3586448,488036.0732870,26,
1715672602.684333,3885905,47197,8,LM,1,100,488036.8363220,2233361.1419634,488036.8400887,25,
1715672603.851071,3887018,47384,8,LM,1,100,488038.1029110,2233362.4085319,488038.1069679,25,
1715672605.205451,3888310,47601,8,LM,1,100,488039.3863862,2233363.6920071,488039.4060519,25,
1715672606.117456,3889180,47742,8,LM,1,100,488039.9197709,2233364.2253827,488039.9404607,28,
1715672607.263228,3890273,47927,8,LM,1,100,488040.6697760,2233364.9753878,488040.6725648,24,
1715672607.270566,3890280,47930,8,LM,1,100,488041.2530867,2233365.5586985,488041.2728390,26,
