trials.thisRepN,trials.thisTrialN,trials.thisN,trials.thisIndex,trials_2.thisRepN,trials_2.thisTrialN,trials_2.thisN,trials_2.thisIndex,thisRow.t,notes,Start.started,welcome.started,Start.stopped,vedio_withaudio_B1.started,movie.started,sound_1.started,sound_1.stopped,vedio_withaudio_B1.stopped,movie.stopped,Block2.started,text.started,key_resp.started,Block2.stopped,key_resp.keys,key_resp.rt,key_resp.duration,start_again.started,text_3.started,text_3.stopped,start_again.stopped,Vedio_audio_B2.started,movie_2.started,sound_2.started,sound_2.stopped,Vedio_audio_B2.stopped,movie_2.stopped,thank_you.started,text_2.started,text_2.stopped,thank_you.stopped,participant,session,date,expName,psychopyVersion,frameRate,expStart,
0,0,0,0,,,,,1.0507503999397159,,0.003231300041079521,0.018212399911135435,1.0123468996025622,1.0198162999004126,1.0507503999397159,1.412195579847321,1.935517099685967,2.2961045997217298,,,,,,,,,,,,,,,,,,,,,,,sub002_saurabh,001,2024-05-14_12h40.04.723,final_exp_1.2_v1_18012024,2023.2.3,60.01893001684973,2024-05-14 12h40.26.212928 +0530,
1,0,1,0,,,,,2.328185699880123,,,,,2.297804099973291,2.328185699880123,2.662528879707679,3.185276299715042,3.5794417997822165,,,,,,,,,,,,,,,,,,,,,,,sub002_saurabh,001,2024-05-14_12h40.04.723,final_exp_1.2_v1_18012024,2023.2.3,60.01893001684973,2024-05-14 12h40.26.212928 +0530,
2,0,2,0,,,,,3.6082078996114433,,,,,3.5811629998497665,3.6082078996114433,3.878987279953435,4.484158199746162,4.862615299876779,,,,,,,,,,,,,,,,,,,,,,,sub002_saurabh,001,2024-05-14_12h40.04.723,final_exp_1.2_v1_18012024,2023.2.3,60.01893001684973,2024-05-14 12h40.26.212928 +0530,
3,0,3,0,,,,,4.88813509978354,,,,,4.864381599705666,4.88813509978354,5.24562377971597,5.8151795999147,6.14642439968884,,,,,,,,,,,,,,,,,,,,,,,sub002_saurabh,001,2024-05-14_12h40.04.723,final_exp_1.2_v1_18012024,2023.2.3,60.01893001684973,2024-05-14 12h40.26.212928 +0530,
4,0,4,0,,,,,6.168133900035173,,,,,6.1481677000410855,6.168133900035173,6.52939747995697,7.1249492997303605,7.429588099941611,,,,,,,,,,,,,,,,,,,,,,,sub002_saurabh,001,2024-05-14_12h40.04.723,final_exp_1.2_v1_18012024,2023.2.3,60.01893001684973,2024-05-14 12h40.26.212928 +0530,
5,0,5,0,,,,,7.449314599856734,,,,,7.431873799767345,7.449314599856734,7.7956301800441,8.324908099602908,8.712676799856126,,,,,,,,,,,,,,,,,,,,,,,sub002_saurabh,001,2024-05-14_12h40.04.723,final_exp_1.2_v1_18012024,2023.2.3,60.01893001684973,2024-05-14 12h40.26.212928 +0530,
6,0,6,0,,,,,8.728385499678552,,,,,8.714348800014704,8.728385499678552,9.012357979780063,9.604874399956316,9.996561300009489,,,,,,,,,,,,,,,,,,,,,,,sub002_saurabh,001,2024-05-14_12h40.04.723,final_exp_1.2_v1_18012024,2023.2.3,60.01893001684973,2024-05-14 12h40.26.212928 +0530,
7,0,7,0,,,,,10.012933999765664,,,,,9.998329499736428,10.012933999765664,10.329017780022696,10.904768199659884,11.27941960003227,,,,,,,,,,,,,,,,,,,,,,,sub002_saurabh,001,2024-05-14_12h40.04.723,final_exp_1.2_v1_18012024,2023.2.3,60.01893001684973,2024-05-14 12h40.26.212928 +0530,
8,0,8,0,,,,,11.295755199622363,,,,,11.281169899739325,11.295755199622363,11.62898007989861,12.15483529958874,12.56286279996857,,,,,,,,,,,,,,,,,,,,,,,sub002_saurabh,001,2024-05-14_12h40.04.723,final_exp_1.2_v1_18012024,2023.2.3,60.01893001684973,2024-05-14 12h40.26.212928 +0530,
9,0,9,0,,,,,12.608765099663287,,,,,12.564528599847108,12.608765099663287,12.945692779729143,,13.846196299884468,,,,,,,,,,,,,,,,,,,,,,,sub002_saurabh,001,2024-05-14_12h40.04.723,final_exp_1.2_v1_18012024,2023.2.3,60.01893001684973,2024-05-14 12h40.26.212928 +0530,
10,0,10,0,,,,,13.888840099796653,,,,,13.847957599908113,13.888840099796653,14.178925479995087,14.735479699913412,15.12951899971813,,,,,,,,,,,,,,,,,,,,,,,sub002_saurabh,001,2024-05-14_12h40.04.723,final_exp_1.2_v1_18012024,2023.2.3,60.01893001684973,2024-05-14 12h40.26.212928 +0530,
11,0,11,0,,,,,15.168018899857998,,,,,15.131274099927396,15.168018899857998,15.462828679708764,16.055586899630725,16.412821699865162,,,,,,,,,,,,,,,,,,,,,,,sub002_saurabh,001,2024-05-14_12h40.04.723,final_exp_1.2_v1_18012024,2023.2.3,60.01893001684973,2024-05-14 12h40.26.212928 +0530,
12,0,12,0,,,,,16.447991899680346,,,,,16.414613199885935,16.447991899680346,16.812278379919007,17.40541289979592,17.696181299630553,,,,,,,,,,,,,,,,,,,,,,,sub002_saurabh,001,2024-05-14_12h40.04.723,final_exp_1.2_v1_18012024,2023.2.3,60.01893001684973,2024-05-14 12h40.26.212928 +0530,
13,0,13,0,,,,,17.72866789996624,,,,,17.697860999964178,17.72866789996624,18.013537779683247,,18.979544200003147,,,,,,,,,,,,,,,,,,,,,,,sub002_saurabh,001,2024-05-14_12h40.04.723,final_exp_1.2_v1_18012024,2023.2.3,60.01893001684973,2024-05-14 12h40.26.212928 +0530,
14,0,14,0,,,,,19.00875509995967,,,,,18.98126469971612,19.00875509995967,19.278957879869267,19.834902899805456,20.262699599843472,,,,,,,,,,,,,,,,,,,,,,,sub002_saurabh,001,2024-05-14_12h40.04.723,final_exp_1.2_v1_18012024,2023.2.3,60.01893001684973,2024-05-14 12h40.26.212928 +0530,
15,0,15,0,,,,,20.288278199732304,,,,,20.264453699812293,20.288278199732304,20.662770979804918,21.256352999713272,21.546160699799657,,,,,,,,,,,,,,,,,,,,,,,sub002_saurabh,001,2024-05-14_12h40.04.723,final_exp_1.2_v1_18012024,2023.2.3,60.01893001684973,2024-05-14 12h40.26.212928 +0530,
16,0,16,0,,,,,21.56722169974819,,,,,21.547912699636072,21.56722169974819,21.91248687985353,22.474785999860615,22.829443200025707,,,,,,,,,,,,,,,,,,,,,,,sub002_saurabh,001,2024-05-14_12h40.04.723,final_exp_1.2_v1_18012024,2023.2.3,60.01893001684973,2024-05-14 12h40.26.212928 +0530,
17,0,17,0,,,,,22.847779899835587,,,,,22.831164099741727,22.847779899835587,23.162428779760376,23.754746099933982,24.112732199952006,,,,,,,,,,,,,,,,,,,,,,,sub002_saurabh,001,2024-05-14_12h40.04.723,final_exp_1.2_v1_18012024,2023.2.3,60.01893001684973,2024-05-14 12h40.26.212928 +0530,
18,0,18,0,,,,,24.129115999676287,,,,,24.114401099737734,24.129115999676287,24.512286479817703,25.104673499707133,25.39606269961223,,,,,,,,,,,,,,,,,,,,,,,sub002_saurabh,001,2024-05-14_12h40.04.723,final_exp_1.2_v1_18012024,2023.2.3,60.01893001684973,2024-05-14 12h40.26.212928 +0530,
19,0,19,0,,,,,25.412502999883145,,,,,25.397723000030965,25.412502999883145,25.728908479912207,26.295139599591494,26.679374099709094,,,,,,,,,,,,,,,,,,,,,,,sub002_saurabh,001,2024-05-14_12h40.04.723,final_exp_1.2_v1_18012024,2023.2.3,60.01893001684973,2024-05-14 12h40.26.212928 +0530,
20,0,20,0,,,,,26.695899999700487,,,,,26.681108699645847,26.695899999700487,26.995755980024114,27.535827099811286,27.96252669999376,,,,,,,,,,,,,,,,,,,,,,,sub002_saurabh,001,2024-05-14_12h40.04.723,final_exp_1.2_v1_18012024,2023.2.3,60.01893001684973,2024-05-14 12h40.26.212928 +0530,
21,0,21,0,,,,,28.00879709981382,,,,,27.964230199810117,28.00879709981382,28.345859579974785,28.855860699899495,29.24634790001437,,,,,,,,,,,,,,,,,,,,,,,sub002_saurabh,001,2024-05-14_12h40.04.723,final_exp_1.2_v1_18012024,2023.2.3,60.01893001684973,2024-05-14 12h40.26.212928 +0530,
22,0,22,0,,,,,29.287683199625462,,,,,29.248100099619478,29.287683199625462,29.64610247989185,30.18478349968791,30.529530699830502,,,,,,,,,,,,,,,,,,,,,,,sub002_saurabh,001,2024-05-14_12h40.04.723,final_exp_1.2_v1_18012024,2023.2.3,60.01893001684973,2024-05-14 12h40.26.212928 +0530,
23,0,23,0,,,,,30.56866699969396,,,,,30.5312138996087,30.56866699969396,30.912416680017486,31.434920199681073,31.812823900021613,,,,,,,,,,,,,,,,,,,,,,,sub002_saurabh,001,2024-05-14_12h40.04.723,final_exp_1.2_v1_18012024,2023.2.3,60.01893001684973,2024-05-14 12h40.26.212928 +0530,
24,0,24,0,,,,,31.847551099956036,,,,,31.814510399941355,31.847551099956036,32.16237537958659,32.75487259961665,33.09628579998389,,,,,,,,,,,,,,,,,,,,,,,sub002_saurabh,001,2024-05-14_12h40.04.723,final_exp_1.2_v1_18012024,2023.2.3,60.01893001684973,2024-05-14 12h40.26.212928 +0530,
25,0,25,0,,,,,33.127747799735516,,,,,33.09795819967985,33.127747799735516,33.445719479816034,34.025733899790794,34.37951059965417,,,,,,,,,,,,,,,,,,,,,,,sub002_saurabh,001,2024-05-14_12h40.04.723,final_exp_1.2_v1_18012024,2023.2.3,60.01893001684973,2024-05-14 12h40.26.212928 +0530,
26,0,26,0,,,,,34.4073999999091,,,,,34.3812057999894,34.4073999999091,34.78986937995069,35.30516119999811,35.66280039958656,,,,,,,,,,,,,,,,,,,,,,,sub002_saurabh,001,2024-05-14_12h40.04.723,final_exp_1.2_v1_18012024,2023.2.3,60.01893001684973,2024-05-14 12h40.26.212928 +0530,
27,0,27,0,,,,,35.68876779964194,,,,,35.66452609980479,35.68876779964194,36.01242178003304,36.60485989972949,36.94610249996185,,,,,,,,,,,,,,,,,,,,,,,sub002_saurabh,001,2024-05-14_12h40.04.723,final_exp_1.2_v1_18012024,2023.2.3,60.01893001684973,2024-05-14 12h40.26.212928 +0530,
28,0,28,0,,,,,36.96856779977679,,,,,36.947811499703676,36.96856779977679,37.29563947976567,37.83495959965512,38.22944639995694,,,,,,,,,,,,,,,,,,,,,,,sub002_saurabh,001,2024-05-14_12h40.04.723,final_exp_1.2_v1_18012024,2023.2.3,60.01893001684973,2024-05-14 12h40.26.212928 +0530,
29,0,29,0,,,,,38.24797499971464,,,,,38.231186899822205,38.24797499971464,38.528978179907426,39.12494599958882,39.5128750000149,,,,,,,,,,,,,,,,,,,,,,,sub002_saurabh,001,2024-05-14_12h40.04.723,final_exp_1.2_v1_18012024,2023.2.3,60.01893001684973,2024-05-14 12h40.26.212928 +0530,
30,0,30,0,,,,,39.528421599883586,,,,,39.51454699970782,39.528421599883586,39.86246947967447,40.43361679976806,40.79618349997327,,,,,,,,,,,,,,,,,,,,,,,sub002_saurabh,001,2024-05-14_12h40.04.723,final_exp_1.2_v1_18012024,2023.2.3,60.01893001684973,2024-05-14 12h40.26.212928 +0530,
31,0,31,0,,,,,40.81259229965508,,,,,40.79787819972262,40.81259229965508,41.1790832800325,41.77563409972936,42.07936509978026,,,,,,,,,,,,,,,,,,,,,,,sub002_saurabh,001,2024-05-14_12h40.04.723,final_exp_1.2_v1_18012024,2023.2.3,60.01893001684973,2024-05-14 12h40.26.212928 +0530,
32,0,32,0,,,,,42.09587319986895,,,,,42.0811226000078,42.09587319986895,42.428972279885784,43.03480909997597,43.36271969974041,,,,,,,,,,,,,,,,,,,,,,,sub002_saurabh,001,2024-05-14_12h40.04.723,final_exp_1.2_v1_18012024,2023.2.3,60.01893001684973,2024-05-14 12h40.26.212928 +0530,
33,0,33,0,,,,,43.409564699977636,,,,,43.364476199727505,43.409564699977636,43.695705379592255,,44.64630779996514,,,,,,,,,,,,,,,,,,,,,,,sub002_saurabh,001,2024-05-14_12h40.04.723,final_exp_1.2_v1_18012024,2023.2.3,60.01893001684973,2024-05-14 12h40.26.212928 +0530,
34,0,34,0,,,,,44.688491499982774,,,,,44.64805309986696,44.688491499982774,44.99576877965592,45.58502209978178,45.92957209981978,,,,,,,,,,,,,,,,,,,,,,,sub002_saurabh,001,2024-05-14_12h40.04.723,final_exp_1.2_v1_18012024,2023.2.3,60.01893001684973,2024-05-14 12h40.26.212928 +0530,
35,0,35,0,,,,,45.96910509979352,,,,,45.931262999773026,45.96910509979352,46.279101179679856,46.884366599842906,47.21326439967379,,,,,,,,,,,,,,,,,,,,,,,sub002_saurabh,001,2024-05-14_12h40.04.723,final_exp_1.2_v1_18012024,2023.2.3,60.01893001684973,2024-05-14 12h40.26.212928 +0530,
36,0,36,0,,,,,47.24927469994873,,,,,47.215026299934834,47.24927469994873,47.595696579897776,48.15492979995906,48.49622849980369,,,,,,,,,,,,,,,,,,,,,,,sub002_saurabh,001,2024-05-14_12h40.04.723,final_exp_1.2_v1_18012024,2023.2.3,60.01893001684973,2024-05-14 12h40.26.212928 +0530,
37,0,37,0,,,,,48.528475399594754,,,,,48.497906900011,48.528475399594754,48.845771179767326,49.45642919978127,49.77958570001647,,,,,,,,,,,,,,,,,,,,,,,sub002_saurabh,001,2024-05-14_12h40.04.723,final_exp_1.2_v1_18012024,2023.2.3,60.01893001684973,2024-05-14 12h40.26.212928 +0530,
38,0,38,0,,,,,49.80768929980695,,,,,49.781328399665654,49.80768929980695,50.09568767971359,50.684172600042075,51.06288579991087,,,,,,,,,,,,,,,,,,,,,,,sub002_saurabh,001,2024-05-14_12h40.04.723,final_exp_1.2_v1_18012024,2023.2.3,60.01893001684973,2024-05-14 12h40.26.212928 +0530,
39,0,39,0,,,,,51.08882679976523,,,,,51.06462779967114,51.08882679976523,51.42916287970729,51.96415159991011,52.346272399649024,,,,,,,,,,,,,,,,,,,,,,,sub002_saurabh,001,2024-05-14_12h40.04.723,final_exp_1.2_v1_18012024,2023.2.3,60.01893001684973,2024-05-14 12h40.26.212928 +0530,
40,0,40,0,,,,,52.36764919990674,,,,,52.34801069973037,52.36764919990674,52.69574828003533,53.25573039986193,53.62950919987634,,,,,,,,,,,,,,,,,,,,,,,sub002_saurabh,001,2024-05-14_12h40.04.723,final_exp_1.2_v1_18012024,2023.2.3,60.01893001684973,2024-05-14 12h40.26.212928 +0530,
41,0,41,0,,,,,53.6478480999358,,,,,53.631231299601495,53.6478480999358,53.97909667971544,54.54595940001309,54.912763099651784,,,,,,,,,,,,,,,,,,,,,,,sub002_saurabh,001,2024-05-14_12h40.04.723,final_exp_1.2_v1_18012024,2023.2.3,60.01893001684973,2024-05-14 12h40.26.212928 +0530,
42,0,42,0,,,,,54.928637499921024,,,,,54.91437149979174,54.928637499921024,55.24569447967224,55.785075899679214,56.196227099746466,,,,,,,,,,,,,,,,,,,,,,,sub002_saurabh,001,2024-05-14_12h40.04.723,final_exp_1.2_v1_18012024,2023.2.3,60.01893001684973,2024-05-14 12h40.26.212928 +0530,
43,0,43,0,,,,,56.21264259982854,,,,,56.197893999982625,56.21264259982854,56.54584537982009,57.155034399591386,57.47943659964949,,,,,,,,,,,,,,,,,,,,,,,sub002_saurabh,001,2024-05-14_12h40.04.723,final_exp_1.2_v1_18012024,2023.2.3,60.01893001684973,2024-05-14 12h40.26.212928 +0530,
44,0,44,0,,,,,57.49599079973996,,,,,57.48118179989979,57.49599079973996,57.829186379676685,58.404977299738675,58.76280779996887,,,,,,,,,,,,,,,,,,,,,,,sub002_saurabh,001,2024-05-14_12h40.04.723,final_exp_1.2_v1_18012024,2023.2.3,60.01893001684973,2024-05-14 12h40.26.212928 +0530,
45,0,45,0,,,,,58.8091887999326,,,,,58.764481499791145,58.8091887999326,59.09575047972612,59.67503929976374,60.04656940000132,,,,,,,,,,,,,,,,,,,,,,,sub002_saurabh,001,2024-05-14_12h40.04.723,final_exp_1.2_v1_18012024,2023.2.3,60.01893001684973,2024-05-14 12h40.26.212928 +0530,
46,0,46,0,,,,,60.0888224998489,,,,,60.048318199813366,60.0888224998489,60.429126180009916,60.98518979968503,61.32959849992767,,,,,,,,,,,,,,,,,,,,,,,sub002_saurabh,001,2024-05-14_12h40.04.723,final_exp_1.2_v1_18012024,2023.2.3,60.01893001684973,2024-05-14 12h40.26.212928 +0530,
47,0,47,0,,,,,61.36843949975446,,,,,61.33134419983253,61.36843949975446,61.645863079698756,62.25570859992877,62.61288119992241,,,,,,,,,,,,,,,,,,,,,,,sub002_saurabh,001,2024-05-14_12h40.04.723,final_exp_1.2_v1_18012024,2023.2.3,60.01893001684973,2024-05-14 12h40.26.212928 +0530,
48,0,48,0,,,,,62.64801619993523,,,,,62.61465139966458,62.64801619993523,62.9625563796144,63.484553899616,63.896299900021404,,,,,,,,,,,,,,,,,,,,,,,sub002_saurabh,001,2024-05-14_12h40.04.723,final_exp_1.2_v1_18012024,2023.2.3,60.01893001684973,2024-05-14 12h40.26.212928 +0530,
49,0,49,0,,,,,63.928928799927235,,,,,63.898107699584216,63.928928799927235,64.2459155798424,,65.17954479996115,,,,,,,,,,,,,,,,,,,,,,,sub002_saurabh,001,2024-05-14_12h40.04.723,final_exp_1.2_v1_18012024,2023.2.3,60.01893001684973,2024-05-14 12h40.26.212928 +0530,
50,0,50,0,,,,,65.20801629964262,,,,,65.18129349965602,65.20801629964262,65.54584267991595,66.15496549988165,66.46289790002629,,,,,,,,,,,,,,,,,,,,,,,sub002_saurabh,001,2024-05-14_12h40.04.723,final_exp_1.2_v1_18012024,2023.2.3,60.01893001684973,2024-05-14 12h40.26.212928 +0530,
51,0,51,0,,,,,66.48781579965726,,,,,66.46463810000569,66.48781579965726,66.86306257988326,67.45601089997217,67.74636380001903,,,,,,,,,,,,,,,,,,,,,,,sub002_saurabh,001,2024-05-14_12h40.04.723,final_exp_1.2_v1_18012024,2023.2.3,60.01893001684973,2024-05-14 12h40.26.212928 +0530,
52,0,52,0,,,,,67.76819109963253,,,,,67.74807359976694,67.76819109963253,68.12914837966673,68.67512959986925,69.02963489992544,,,,,,,,,,,,,,,,,,,,,,,sub002_saurabh,001,2024-05-14_12h40.04.723,final_exp_1.2_v1_18012024,2023.2.3,60.01893001684973,2024-05-14 12h40.26.212928 +0530,
53,0,53,0,,,,,69.04912630002946,,,,,69.03139239968732,69.04912630002946,69.34592057974078,69.85591579973698,70.31294559966773,,,,,,,,,,,,,,,,,,,,,,,sub002_saurabh,001,2024-05-14_12h40.04.723,final_exp_1.2_v1_18012024,2023.2.3,60.01893001684973,2024-05-14 12h40.26.212928 +0530,
54,0,54,0,,,,,70.32934829965234,,,,,70.31461279978976,70.32934829965234,70.62922787969,71.22604919970036,71.59636989980936,,,,,,,,,,,,,,,,,,,,,,,sub002_saurabh,001,2024-05-14_12h40.04.723,final_exp_1.2_v1_18012024,2023.2.3,60.01893001684973,2024-05-14 12h40.26.212928 +0530,
55,0,55,0,,,,,71.6130584999919,,,,,71.59812229964882,71.6130584999919,71.97919227997772,72.55496530001983,72.87954019987956,,,,,,,,,,,,,,,,,,,,,,,sub002_saurabh,001,2024-05-14_12h40.04.723,final_exp_1.2_v1_18012024,2023.2.3,60.01893001684973,2024-05-14 12h40.26.212928 +0530,
56,0,56,0,,,,,72.89611559966579,,,,,72.88126729987562,72.89611559966579,73.2791748798918,,74.1628650999628,,,,,,,,,,,,,,,,,,,,,,,sub002_saurabh,001,2024-05-14_12h40.04.723,final_exp_1.2_v1_18012024,2023.2.3,60.01893001684973,2024-05-14 12h40.26.212928 +0530,
57,0,57,0,,,,,74.20785649958998,,,,,74.16459549963474,74.20785649958998,74.51269177976064,75.03512289980426,75.44677769998088,,,,,,,,,,,,,,,,,,,,,,,sub002_saurabh,001,2024-05-14_12h40.04.723,final_exp_1.2_v1_18012024,2023.2.3,60.01893001684973,2024-05-14 12h40.26.212928 +0530,
58,0,58,0,,,,,75.48812629980966,,,,,75.44854799984023,75.48812629980966,75.79592697997577,76.38516199961305,76.72970649972558,,,,,,,,,,,,,,,,,,,,,,,sub002_saurabh,001,2024-05-14_12h40.04.723,final_exp_1.2_v1_18012024,2023.2.3,60.01893001684973,2024-05-14 12h40.26.212928 +0530,
59,0,59,0,,,,,76.76823039958254,,,,,76.73144889995456,76.76823039958254,77.06253478000872,77.67496739979833,78.01302159996703,,,,,,,,,,,,,,,,,,,,,,,sub002_saurabh,001,2024-05-14_12h40.04.723,final_exp_1.2_v1_18012024,2023.2.3,60.01893001684973,2024-05-14 12h40.26.212928 +0530,
60,0,60,0,,,,,78.04826699988917,,,,,78.01477209990844,78.04826699988917,78.3959154796321,78.95520649990067,79.29631259990856,,,,,,,,,,,,,,,,,,,,,,,sub002_saurabh,001,2024-05-14_12h40.04.723,final_exp_1.2_v1_18012024,2023.2.3,60.01893001684973,2024-05-14 12h40.26.212928 +0530,
61,0,61,0,,,,,79.32764629973099,,,,,79.29801779985428,79.32764629973099,79.69621887966059,80.2650727997534,80.57976989960298,,,,,,,,,,,,,,,,,,,,,,,sub002_saurabh,001,2024-05-14_12h40.04.723,final_exp_1.2_v1_18012024,2023.2.3,60.01893001684973,2024-05-14 12h40.26.212928 +0530,
62,0,62,0,,,,,80.6080233999528,,,,,80.58145679999143,80.6080233999528,80.9626480799634,81.48443179996684,81.86299029970542,,,,,,,,,,,,,,,,,,,,,,,sub002_saurabh,001,2024-05-14_12h40.04.723,final_exp_1.2_v1_18012024,2023.2.3,60.01893001684973,2024-05-14 12h40.26.212928 +0530,
63,0,63,0,,,,,81.8888522000052,,,,,81.86473019979894,81.8888522000052,82.1625278799329,82.77587339980528,83.14634269988164,,,,,,,,,,,,,,,,,,,,,,,sub002_saurabh,001,2024-05-14_12h40.04.723,final_exp_1.2_v1_18012024,2023.2.3,60.01893001684973,2024-05-14 12h40.26.212928 +0530,
64,0,64,0,,,,,83.16807079967111,,,,,83.14799889968708,83.16807079967111,83.46268668002449,83.97609089966863,84.42968269996345,,,,,,,,,,,,,,,,,,,,,,,sub002_saurabh,001,2024-05-14_12h40.04.723,final_exp_1.2_v1_18012024,2023.2.3,60.01893001684973,2024-05-14 12h40.26.212928 +0530,
65,0,65,0,,,,,84.44838019972667,,,,,84.43141409987584,84.44838019972667,84.72923527960666,85.27504780003801,85.71299569960684,,,,,,,,,,,,,,,,,,,,,,,sub002_saurabh,001,2024-05-14_12h40.04.723,final_exp_1.2_v1_18012024,2023.2.3,60.01893001684973,2024-05-14 12h40.26.212928 +0530,
66,0,66,0,,,,,85.7287178998813,,,,,85.7147292997688,85.7287178998813,86.01297347969376,86.53159619960934,86.99673149967566,,,,,,,,,,,,,,,,,,,,,,,sub002_saurabh,001,2024-05-14_12h40.04.723,final_exp_1.2_v1_18012024,2023.2.3,60.01893001684973,2024-05-14 12h40.26.212928 +0530,
67,0,67,0,,,,,87.01311259996146,,,,,86.9986009998247,87.01311259996146,87.39602207974531,87.90506869973615,88.27964719990268,,,,,,,,,,,,,,,,,,,,,,,sub002_saurabh,001,2024-05-14_12h40.04.723,final_exp_1.2_v1_18012024,2023.2.3,60.01893001684973,2024-05-14 12h40.26.212928 +0530,
68,0,68,0,,,,,88.29620249988511,,,,,88.28137760004029,88.29620249988511,88.63054177979939,89.22684159968048,89.56304019968957,,,,,,,,,,,,,,,,,,,,,,,sub002_saurabh,001,2024-05-14_12h40.04.723,final_exp_1.2_v1_18012024,2023.2.3,60.01893001684973,2024-05-14 12h40.26.212928 +0530,
69,0,69,0,,,,,89.60767329996452,,,,,89.56477399962023,89.60767329996452,89.91271417983808,90.45597269991413,90.8467440996319,,,,,,,,,,,,,,,,,,,,,,,sub002_saurabh,001,2024-05-14_12h40.04.723,final_exp_1.2_v1_18012024,2023.2.3,60.01893001684973,2024-05-14 12h40.26.212928 +0530,
70,0,70,0,,,,,90.88774429960176,,,,,90.8484804998152,90.88774429960176,91.24599277996458,91.7551034996286,92.12974989973009,,,,,,,,,,,,,,,,,,,,,,,sub002_saurabh,001,2024-05-14_12h40.04.723,final_exp_1.2_v1_18012024,2023.2.3,60.01893001684973,2024-05-14 12h40.26.212928 +0530,
71,0,71,0,,,,,92.16860739979893,,,,,92.13150399969891,92.16860739979893,92.46281947963871,93.03513420000672,93.41310549993068,,,,,,,,,,,,,,,,,,,,,,,sub002_saurabh,001,2024-05-14_12h40.04.723,final_exp_1.2_v1_18012024,2023.2.3,60.01893001684973,2024-05-14 12h40.26.212928 +0530,
72,0,72,0,,,,,93.44835509965196,,,,,93.41488319961354,93.44835509965196,93.79607267980464,94.33612749958411,94.69651909964159,,,,,,,,,,,,,,,,,,,,,,,sub002_saurabh,001,2024-05-14_12h40.04.723,final_exp_1.2_v1_18012024,2023.2.3,60.01893001684973,2024-05-14 12h40.26.212928 +0530,
73,0,73,0,,,,,94.72914039995521,,,,,94.69827289972454,94.72914039995521,95.09594627958722,95.60513499984518,95.9797892998904,,,,,,,,,,,,,,,,,,,,,,,sub002_saurabh,001,2024-05-14_12h40.04.723,final_exp_1.2_v1_18012024,2023.2.3,60.01893001684973,2024-05-14 12h40.26.212928 +0530,
74,0,74,0,,,,,96.00730319973081,,,,,95.98150749970227,96.00730319973081,96.36259877984412,96.88452559988946,97.26303939986974,,,,,,,,,,,,,,,,,,,,,,,sub002_saurabh,001,2024-05-14_12h40.04.723,final_exp_1.2_v1_18012024,2023.2.3,60.01893001684973,2024-05-14 12h40.26.212928 +0530,
75,0,75,0,,,,,97.28740239981562,,,,,97.26476739998907,97.28740239981562,97.5793144798372,98.08460749965161,98.54638029960915,,,,,,,,,,,,,,,,,,,,,,,sub002_saurabh,001,2024-05-14_12h40.04.723,final_exp_1.2_v1_18012024,2023.2.3,60.01893001684973,2024-05-14 12h40.26.212928 +0530,
76,0,76,0,,,,,98.56822619959712,,,,,98.5480857999064,98.56822619959712,98.92940167966299,99.52504209987819,99.82972020003945,,,,,,,,,,,,,,,,,,,,,,,sub002_saurabh,001,2024-05-14_12h40.04.723,final_exp_1.2_v1_18012024,2023.2.3,60.01893001684973,2024-05-14 12h40.26.212928 +0530,
77,0,77,0,,,,,99.84801629977301,,,,,99.83141999971122,99.84801629977301,100.1625880796928,100.67617939971387,101.1130792000331,,,,,,,,,,,,,,,,,,,,,,,sub002_saurabh,001,2024-05-14_12h40.04.723,final_exp_1.2_v1_18012024,2023.2.3,60.01893001684973,2024-05-14 12h40.26.212928 +0530,
78,0,78,0,,,,,101.12956829974428,,,,,101.11482279980555,101.12956829974428,101.44593257992528,,102.39689959958196,,,,,,,,,,,,,,,,,,,,,,,sub002_saurabh,001,2024-05-14_12h40.04.723,final_exp_1.2_v1_18012024,2023.2.3,60.01893001684973,2024-05-14 12h40.26.212928 +0530,
79,0,79,0,,,,,102.41334760002792,,,,,102.3992909998633,102.41334760002792,102.77928647981025,103.37603389983997,103.6801287997514,,,,,,,,,,,,,,,,,,,,,,,sub002_saurabh,001,2024-05-14_12h40.04.723,final_exp_1.2_v1_18012024,2023.2.3,60.01893001684973,2024-05-14 12h40.26.212928 +0530,
80,0,80,0,,,,,103.69675579993054,,,,,103.68222789978608,103.69675579993054,104.01260487991385,104.60456819972023,104.96297319978476,,,,,,,,,,,,,,,,,,,,,,,sub002_saurabh,001,2024-05-14_12h40.04.723,final_exp_1.2_v1_18012024,2023.2.3,60.01893001684973,2024-05-14 12h40.26.212928 +0530,
81,0,81,0,,,,,105.00749269966036,,,,,104.96468349965289,105.00749269966036,105.29602747992612,105.85585880000144,106.24694760004058,,,,,,,,,,,,,,,,,,,,,,,sub002_saurabh,001,2024-05-14_12h40.04.723,final_exp_1.2_v1_18012024,2023.2.3,60.01893001684973,2024-05-14 12h40.26.212928 +0530,
82,0,82,0,,,,,106.28801849996671,,,,,106.24865609966218,106.28801849996671,106.57927617966197,107.18532199971378,107.52983809961006,,,,,,,,,,,,,,,,,,,,,,,sub002_saurabh,001,2024-05-14_12h40.04.723,final_exp_1.2_v1_18012024,2023.2.3,60.01893001684973,2024-05-14 12h40.26.212928 +0530,
83,0,83,0,,,,,107.56850689975545,,,,,107.5315577997826,107.56850689975545,107.91267637978308,108.42624379973859,108.81357199978083,,,,,,,,,,,,,,,,,,,,,,,sub002_saurabh,001,2024-05-14_12h40.04.723,final_exp_1.2_v1_18012024,2023.2.3,60.01893001684973,2024-05-14 12h40.26.212928 +0530,
84,0,84,0,,,,,108.84840399958193,,,,,108.81535279983655,108.84840399958193,109.21265488001518,109.77604939974844,110.09652649983764,,,,,,,,,,,,,,,,,,,,,,,sub002_saurabh,001,2024-05-14_12h40.04.723,final_exp_1.2_v1_18012024,2023.2.3,60.01893001684973,2024-05-14 12h40.26.212928 +0530,
85,0,85,0,,,,,110.12906969990581,,,,,110.09822109993547,110.12906969990581,110.4794090797659,111.08460589963943,111.37989209964871,,,,,,,,,,,,,,,,,,,,,,,sub002_saurabh,001,2024-05-14_12h40.04.723,final_exp_1.2_v1_18012024,2023.2.3,60.01893001684973,2024-05-14 12h40.26.212928 +0530,
86,0,86,0,,,,,111.4074705997482,,,,,111.38162239966914,111.4074705997482,111.69596607959829,112.23526869993657,112.66318279970437,,,,,,,,,,,,,,,,,,,,,,,sub002_saurabh,001,2024-05-14_12h40.04.723,final_exp_1.2_v1_18012024,2023.2.3,60.01893001684973,2024-05-14 12h40.26.212928 +0530,
87,0,87,0,,,,,112.68799440003932,,,,,112.66490780003369,112.68799440003932,113.04649097961374,113.65609589964151,113.94644729979336,,,,,,,,,,,,,,,,,,,,,,,sub002_saurabh,001,2024-05-14_12h40.04.723,final_exp_1.2_v1_18012024,2023.2.3,60.01893001684973,2024-05-14 12h40.26.212928 +0530,
88,0,88,0,,,,,113.9683778998442,,,,,113.94815539987758,113.9683778998442,114.24608497996815,114.77604369958863,115.22984729986638,,,,,,,,,,,,,,,,,,,,,,,sub002_saurabh,001,2024-05-14_12h40.04.723,final_exp_1.2_v1_18012024,2023.2.3,60.01893001684973,2024-05-14 12h40.26.212928 +0530,
89,0,89,0,,,,,115.24841080000624,,,,,115.23154719965532,115.24841080000624,115.59610667987727,116.20534819969907,116.51316950004548,,,,,,,,,,,,,,,,,,,,,,,sub002_saurabh,001,2024-05-14_12h40.04.723,final_exp_1.2_v1_18012024,2023.2.3,60.01893001684973,2024-05-14 12h40.26.212928 +0530,
90,0,90,0,,,,,116.52967199962586,,,,,116.51489169988781,116.52967199962586,116.89607717958279,117.43512989999726,117.79654019977897,,,,,,,,,,,,,,,,,,,,,,,sub002_saurabh,001,2024-05-14_12h40.04.723,final_exp_1.2_v1_18012024,2023.2.3,60.01893001684973,2024-05-14 12h40.26.212928 +0530,
91,0,91,0,,,,,117.81319859996438,,,,,117.79825139977038,117.81319859996438,118.17935517965816,118.73588739987463,119.07983549963683,,,,,,,,,,,,,,,,,,,,,,,sub002_saurabh,001,2024-05-14_12h40.04.723,final_exp_1.2_v1_18012024,2023.2.3,60.01893001684973,2024-05-14 12h40.26.212928 +0530,
92,0,92,0,,,,,119.0966995996423,,,,,119.0816490999423,119.0966995996423,119.41278047976084,119.98593640001491,120.36310339998454,,,,,,,,,,,,,,,,,,,,,,,sub002_saurabh,001,2024-05-14_12h40.04.723,final_exp_1.2_v1_18012024,2023.2.3,60.01893001684973,2024-05-14 12h40.26.212928 +0530,
93,0,93,0,,,,,120.4085877998732,,,,,120.36476299958304,120.4085877998732,120.76283207978122,121.30509299971163,121.64668689994141,,,,,,,,,,,,,,,,,,,,,,,sub002_saurabh,001,2024-05-14_12h40.04.723,final_exp_1.2_v1_18012024,2023.2.3,60.01893001684973,2024-05-14 12h40.26.212928 +0530,
94,0,94,0,,,,,121.6881497995928,,,,,121.64844230003655,121.6881497995928,121.9462928797584,122.48474519979209,122.93035819986835,,,,,,,,,,,,,,,,,,,,,,,sub002_saurabh,001,2024-05-14_12h40.04.723,final_exp_1.2_v1_18012024,2023.2.3,60.01893001684973,2024-05-14 12h40.26.212928 +0530,
95,0,95,0,,,,,122.96752289962023,,,,,122.93209889996797,122.96752289962023,123.26290077972226,123.80486139981076,124.21322879986838,,,,,,,,,,,,,,,,,,,,,,,sub002_saurabh,001,2024-05-14_12h40.04.723,final_exp_1.2_v1_18012024,2023.2.3,60.01893001684973,2024-05-14 12h40.26.212928 +0530,
96,0,96,0,,,,,124.24796099960804,,,,,124.21490739984438,124.24796099960804,124.59618027997203,125.18535089958459,125.4965560999699,,,,,,,,,,,,,,,,,,,,,,,sub002_saurabh,001,2024-05-14_12h40.04.723,final_exp_1.2_v1_18012024,2023.2.3,60.01893001684973,2024-05-14 12h40.26.212928 +0530,
97,0,97,0,,,,,125.52863779990003,,,,,125.49822319997475,125.52863779990003,125.89609177992679,126.50531299971044,126.7798651997,,,,,,,,,,,,,,,,,,,,,,,sub002_saurabh,001,2024-05-14_12h40.04.723,final_exp_1.2_v1_18012024,2023.2.3,60.01893001684973,2024-05-14 12h40.26.212928 +0530,
98,0,98,0,,,,,126.80838719988242,,,,,126.78157239966094,126.80838719988242,127.16284537990578,127.70542839961126,128.06393419997767,,,,,,,,,,,,,,,,,,,,,,,sub002_saurabh,001,2024-05-14_12h40.04.723,final_exp_1.2_v1_18012024,2023.2.3,60.01893001684973,2024-05-14 12h40.26.212928 +0530,
99,0,99,0,,,,,128.0884674997069,,,,,128.06563459988683,128.0884674997069,128.4294927797746,128.95522979972884,129.36311509972438,,,,,,,,,,,,,,,,,,,,,,,sub002_saurabh,001,2024-05-14_12h40.04.723,final_exp_1.2_v1_18012024,2023.2.3,60.01893001684973,2024-05-14 12h40.26.212928 +0530,
100,0,100,0,,,,,129.40759609965608,,,,,129.36469969991595,129.40759609965608,129.74613757967018,130.33618710003793,130.64739409973845,,,,,,,,,,,,,,,,,,,,,,,sub002_saurabh,001,2024-05-14_12h40.04.723,final_exp_1.2_v1_18012024,2023.2.3,60.01893001684973,2024-05-14 12h40.26.212928 +0530,
101,0,101,0,,,,,130.68728349963203,,,,,130.64918029960245,130.68728349963203,130.99683387973346,131.58527319971472,131.94664899958298,,,,,,,,,,,,,,,,,,,,,,,sub002_saurabh,001,2024-05-14_12h40.04.723,final_exp_1.2_v1_18012024,2023.2.3,60.01893001684973,2024-05-14 12h40.26.212928 +0530,
102,0,102,0,,,,,131.96901399968192,,,,,131.9483503997326,131.96901399968192,132.32954317959957,132.8752728998661,133.2298997999169,,,,,,,,,,,,,,,,,,,,,,,sub002_saurabh,001,2024-05-14_12h40.04.723,final_exp_1.2_v1_18012024,2023.2.3,60.01893001684973,2024-05-14 12h40.26.212928 +0530,
103,0,103,0,,,,,133.24845759989694,,,,,133.2315863999538,133.24845759989694,133.59629438002594,134.1763430996798,134.51326559996232,,,,,,,,,,,,,,,,,,,,,,,sub002_saurabh,001,2024-05-14_12h40.04.723,final_exp_1.2_v1_18012024,2023.2.3,60.01893001684973,2024-05-14 12h40.26.212928 +0530,
104,0,104,0,,,,,134.53003659984097,,,,,134.51494849985465,134.53003659984097,134.91278957971372,135.52548669977114,135.79649089975283,,,,,,,,,,,,,,,,,,,,,,,sub002_saurabh,001,2024-05-14_12h40.04.723,final_exp_1.2_v1_18012024,2023.2.3,60.01893001684973,2024-05-14 12h40.26.212928 +0530,
105,0,105,0,,,,,135.81299799960107,,,,,135.7981895999983,135.81299799960107,136.12958127981983,136.67537819966674,137.07987299980596,,,,,,,,,,,,,,,,,,,,,,,sub002_saurabh,001,2024-05-14_12h40.04.723,final_exp_1.2_v1_18012024,2023.2.3,60.01893001684973,2024-05-14 12h40.26.212928 +0530,
106,0,106,0,,,,,137.09630039986223,,,,,137.08161989971995,137.09630039986223,137.37997467978857,137.92581919999793,138.36311069969088,,,,,,,,,,,,,,,,,,,,,,,sub002_saurabh,001,2024-05-14_12h40.04.723,final_exp_1.2_v1_18012024,2023.2.3,60.01893001684973,2024-05-14 12h40.26.212928 +0530,
107,0,107,0,,,,,138.40773439966142,,,,,138.36486859992146,138.40773439966142,138.6795840796549,139.2263215999119,139.64680500002578,,,,,,,,,,,,,,,,,,,,,,,sub002_saurabh,001,2024-05-14_12h40.04.723,final_exp_1.2_v1_18012024,2023.2.3,60.01893001684973,2024-05-14 12h40.26.212928 +0530,
108,0,108,0,,,,,139.6890785000287,,,,,139.64859330002218,139.6890785000287,139.9794831799809,140.57625010004267,140.93006769986823,,,,,,,,,,,,,,,,,,,,,,,sub002_saurabh,001,2024-05-14_12h40.04.723,final_exp_1.2_v1_18012024,2023.2.3,60.01893001684973,2024-05-14 12h40.26.212928 +0530,
109,0,109,0,,,,,140.9684941000305,,,,,140.9317969996482,140.9684941000305,141.279493679991,141.82623269967735,142.2133955997415,,,,,,,,,,,,,,,,,,,,,,,sub002_saurabh,001,2024-05-14_12h40.04.723,final_exp_1.2_v1_18012024,2023.2.3,60.01893001684973,2024-05-14 12h40.26.212928 +0530,
110,0,110,0,,,,,142.24887489993125,,,,,142.2151059997268,142.24887489993125,142.61301917978562,143.15531479986385,143.4968082997948,,,,,,,,,,,,,,,,,,,,,,,sub002_saurabh,001,2024-05-14_12h40.04.723,final_exp_1.2_v1_18012024,2023.2.3,60.01893001684973,2024-05-14 12h40.26.212928 +0530,
111,0,111,0,,,,,143.52809289982542,,,,,143.4984935997054,143.52809289982542,143.8962280799169,144.41634569969028,144.7800815999508,,,,,,,,,,,,,,,,,,,,,,,sub002_saurabh,001,2024-05-14_12h40.04.723,final_exp_1.2_v1_18012024,2023.2.3,60.01893001684973,2024-05-14 12h40.26.212928 +0530,
112,0,112,0,,,,,144.80796939972788,,,,,144.78173829987645,144.80796939972788,145.17950737965293,145.7052722997032,146.0633542998694,,,,,,,,,,,,,,,,,,,,,,,sub002_saurabh,001,2024-05-14_12h40.04.723,final_exp_1.2_v1_18012024,2023.2.3,60.01893001684973,2024-05-14 12h40.26.212928 +0530,
113,0,113,0,,,,,146.09370510000736,,,,,146.06512899976224,146.09370510000736,146.3795592796523,146.93632650002837,147.34676889982074,,,,,,,,,,,,,,,,,,,,,,,sub002_saurabh,001,2024-05-14_12h40.04.723,final_exp_1.2_v1_18012024,2023.2.3,60.01893001684973,2024-05-14 12h40.26.212928 +0530,
114,0,114,0,,,,,147.36874719988555,,,,,147.34850749978796,147.36874719988555,147.7463026798796,148.3053890997544,148.63040110003203,,,,,,,,,,,,,,,,,,,,,,,sub002_saurabh,001,2024-05-14_12h40.04.723,final_exp_1.2_v1_18012024,2023.2.3,60.01893001684973,2024-05-14 12h40.26.212928 +0530,
115,0,115,0,,,,,148.64808509964496,,,,,148.63211159966886,148.64808509964496,148.97956057987176,149.55532859964296,149.91346409963444,,,,,,,,,,,,,,,,,,,,,,,sub002_saurabh,001,2024-05-14_12h40.04.723,final_exp_1.2_v1_18012024,2023.2.3,60.01893001684973,2024-05-14 12h40.26.212928 +0530,
116,0,116,0,,,,,149.92901999969035,,,,,149.91512019978836,149.92901999969035,150.26318347989582,,151.1967976996675,,,,,,,,,,,,,,,,,,,,,,,sub002_saurabh,001,2024-05-14_12h40.04.723,final_exp_1.2_v1_18012024,2023.2.3,60.01893001684973,2024-05-14 12h40.26.212928 +0530,
117,0,117,0,,,,,151.2133345999755,,,,,151.19854759983718,151.2133345999755,151.59638917981647,152.1360399997793,152.47998609999195,,,,,,,,,,,,,,,,,,,,,,,sub002_saurabh,001,2024-05-14_12h40.04.723,final_exp_1.2_v1_18012024,2023.2.3,60.01893001684973,2024-05-14 12h40.26.212928 +0530,
118,0,118,0,,,,,152.49674109974876,,,,,152.48174409987405,152.49674109974876,152.77963587990962,153.38551899977028,153.76441119983792,,,,,,,,,,,,,,,,,,,,,,,sub002_saurabh,001,2024-05-14_12h40.04.723,final_exp_1.2_v1_18012024,2023.2.3,60.01893001684973,2024-05-14 12h40.26.212928 +0530,
119,0,119,0,,,,,153.80848339991644,,,,,153.7662189998664,153.80848339991644,154.12958437972702,154.73643689975142,155.06334429979324,,,,,,,,,,,,,,,,,,,,,,,sub002_saurabh,001,2024-05-14_12h40.04.723,final_exp_1.2_v1_18012024,2023.2.3,60.01893001684973,2024-05-14 12h40.26.212928 +0530,
120,0,120,0,,,,,155.08810609998181,,,,,155.06511770002544,155.08810609998181,155.4463484797161,156.0061881998554,156.34691359987482,,,,,,,,,,,,,,,,,,,,,,,sub002_saurabh,001,2024-05-14_12h40.04.723,final_exp_1.2_v1_18012024,2023.2.3,60.01893001684973,2024-05-14 12h40.26.212928 +0530,
121,0,121,0,,,,,156.36796209961176,,,,,156.34868239983916,156.36796209961176,156.64636967959814,157.17682909965515,157.63007249962538,,,,,,,,,,,,,,,,,,,,,,,sub002_saurabh,001,2024-05-14_12h40.04.723,final_exp_1.2_v1_18012024,2023.2.3,60.01893001684973,2024-05-14 12h40.26.212928 +0530,
122,0,122,0,,,,,157.6490239999257,,,,,157.63178339973092,157.6490239999257,157.9463515796233,158.50548249995336,158.91332169994712,,,,,,,,,,,,,,,,,,,,,,,sub002_saurabh,001,2024-05-14_12h40.04.723,final_exp_1.2_v1_18012024,2023.2.3,60.01893001684973,2024-05-14 12h40.26.212928 +0530,
123,0,123,0,,,,,158.9298268998973,,,,,158.91506859986112,158.9298268998973,159.21381757990457,159.8061563996598,160.19672029977664,,,,,,,,,,,,,,,,,,,,,,,sub002_saurabh,001,2024-05-14_12h40.04.723,final_exp_1.2_v1_18012024,2023.2.3,60.01893001684973,2024-05-14 12h40.26.212928 +0530,
124,0,124,0,,,,,160.2141931997612,,,,,160.19845040002838,160.2141931997612,160.49684067978524,,161.4799420000054,,,,,,,,,,,,,,,,,,,,,,,sub002_saurabh,001,2024-05-14_12h40.04.723,final_exp_1.2_v1_18012024,2023.2.3,60.01893001684973,2024-05-14 12h40.26.212928 +0530,
125,0,125,0,,,,,161.4969016998075,,,,,161.48169439984486,161.4969016998075,161.8130545800086,162.3858510996215,162.7632968998514,,,,,,,,,,,,,,,,,,,,,,,sub002_saurabh,001,2024-05-14_12h40.04.723,final_exp_1.2_v1_18012024,2023.2.3,60.01893001684973,2024-05-14 12h40.26.212928 +0530,
126,0,126,0,,,,,162.80803489964455,,,,,162.7650468996726,162.80803489964455,163.11297157988884,163.61624839995056,164.04692079965025,,,,,,,,,,,,,,,,,,,,,,,sub002_saurabh,001,2024-05-14_12h40.04.723,final_exp_1.2_v1_18012024,2023.2.3,60.01893001684973,2024-05-14 12h40.26.212928 +0530,
127,0,127,0,,,,,164.08931900002062,,,,,164.0485796998255,164.08931900002062,164.36340288002975,164.95541819976643,165.33018429996446,,,,,,,,,,,,,,,,,,,,,,,sub002_saurabh,001,2024-05-14_12h40.04.723,final_exp_1.2_v1_18012024,2023.2.3,60.01893001684973,2024-05-14 12h40.26.212928 +0530,
128,0,128,0,,,,,165.3678222997114,,,,,165.33194089960307,165.3678222997114,165.64643557998352,166.25712999980897,166.6135432999581,,,,,,,,,,,,,,,,,,,,,,,sub002_saurabh,001,2024-05-14_12h40.04.723,final_exp_1.2_v1_18012024,2023.2.3,60.01893001684973,2024-05-14 12h40.26.212928 +0530,
129,0,129,0,,,,,166.64755419967696,,,,,166.61523679969832,166.64755419967696,166.94639637996443,,167.89696999965236,,,,,,,,,,,,,,,,,,,,,,,sub002_saurabh,001,2024-05-14_12h40.04.723,final_exp_1.2_v1_18012024,2023.2.3,60.01893001684973,2024-05-14 12h40.26.212928 +0530,
130,0,130,0,,,,,167.92824309971184,,,,,167.89873029990122,167.92824309971184,168.29667687998153,168.85640429984778,169.18018799973652,,,,,,,,,,,,,,,,,,,,,,,sub002_saurabh,001,2024-05-14_12h40.04.723,final_exp_1.2_v1_18012024,2023.2.3,60.01893001684973,2024-05-14 12h40.26.212928 +0530,
131,0,131,0,,,,,169.20782230002806,,,,,169.18192549981177,169.20782230002806,169.5796496795956,170.18557189963758,170.46343709994107,,,,,,,,,,,,,,,,,,,,,,,sub002_saurabh,001,2024-05-14_12h40.04.723,final_exp_1.2_v1_18012024,2023.2.3,60.01893001684973,2024-05-14 12h40.26.212928 +0530,
132,0,132,0,,,,,170.48903859965503,,,,,170.46511589968577,170.48903859965503,170.84645257960074,171.45688229985535,171.74730449961498,,,,,,,,,,,,,,,,,,,,,,,sub002_saurabh,001,2024-05-14_12h40.04.723,final_exp_1.2_v1_18012024,2023.2.3,60.01893001684973,2024-05-14 12h40.26.212928 +0530,
133,0,133,0,,,,,171.7679590997286,,,,,171.74899929994717,171.7679590997286,172.09633427974768,172.70559519995004,173.03008649963886,,,,,,,,,,,,,,,,,,,,,,,sub002_saurabh,001,2024-05-14_12h40.04.723,final_exp_1.2_v1_18012024,2023.2.3,60.01893001684973,2024-05-14 12h40.26.212928 +0530,
134,0,134,0,,,,,173.04851409979165,,,,,173.03175759967417,173.04851409979165,173.41316027962603,173.93652929970995,174.31352299964055,,,,,,,,,,,,,,,,,,,,,,,sub002_saurabh,001,2024-05-14_12h40.04.723,final_exp_1.2_v1_18012024,2023.2.3,60.01893001684973,2024-05-14 12h40.26.212928 +0530,
135,0,135,0,,,,,174.33056419994682,,,,,174.31520089972764,174.33056419994682,174.64646967989393,175.23560579959303,175.59678029967472,,,,,,,,,,,,,,,,,,,,,,,sub002_saurabh,001,2024-05-14_12h40.04.723,final_exp_1.2_v1_18012024,2023.2.3,60.01893001684973,2024-05-14 12h40.26.212928 +0530,
136,0,136,0,,,,,175.61322479974478,,,,,175.59851039992645,175.61322479974478,175.94650587975048,176.55558979976922,176.88004759978503,,,,,,,,,,,,,,,,,,,,,,,sub002_saurabh,001,2024-05-14_12h40.04.723,final_exp_1.2_v1_18012024,2023.2.3,60.01893001684973,2024-05-14 12h40.26.212928 +0530,
137,0,137,0,,,,,176.89697989961132,,,,,176.88175049982965,176.89697989961132,177.1796572797466,,178.16346989991143,,,,,,,,,,,,,,,,,,,,,,,sub002_saurabh,001,2024-05-14_12h40.04.723,final_exp_1.2_v1_18012024,2023.2.3,60.01893001684973,2024-05-14 12h40.26.212928 +0530,
138,0,138,0,,,,,178.20815890002996,,,,,178.16511880001053,178.20815890002996,178.5131430795882,179.1056181997992,179.44703959999606,,,,,,,,,,,,,,,,,,,,,,,sub002_saurabh,001,2024-05-14_12h40.04.723,final_exp_1.2_v1_18012024,2023.2.3,60.01893001684973,2024-05-14 12h40.26.212928 +0530,
139,0,139,0,,,,,179.48844520002604,,,,,179.44877989962697,179.48844520002604,179.77963107987307,180.3774135997519,180.73032699991018,,,,,,,,,,,,,,,,,,,,,,,sub002_saurabh,001,2024-05-14_12h40.04.723,final_exp_1.2_v1_18012024,2023.2.3,60.01893001684973,2024-05-14 12h40.26.212928 +0530,
140,0,140,0,,,,,180.76722259959206,,,,,180.7320053000003,180.76722259959206,181.06338797998615,181.6055708997883,182.01372279971838,,,,,,,,,,,,,,,,,,,,,,,sub002_saurabh,001,2024-05-14_12h40.04.723,final_exp_1.2_v1_18012024,2023.2.3,60.01893001684973,2024-05-14 12h40.26.212928 +0530,
141,0,141,0,,,,,182.04781219968572,,,,,182.01545879989862,182.04781219968572,182.37987437960692,182.93661959981546,183.29691439960152,,,,,,,,,,,,,,,,,,,,,,,sub002_saurabh,001,2024-05-14_12h40.04.723,final_exp_1.2_v1_18012024,2023.2.3,60.01893001684973,2024-05-14 12h40.26.212928 +0530,
142,0,142,0,,,,,183.32817369978875,,,,,183.29861049959436,183.32817369978875,183.69646678003483,184.2354827998206,184.5802715998143,,,,,,,,,,,,,,,,,,,,,,,sub002_saurabh,001,2024-05-14_12h40.04.723,final_exp_1.2_v1_18012024,2023.2.3,60.01893001684973,2024-05-14 12h40.26.212928 +0530,
143,0,143,0,,,,,184.60871529998258,,,,,184.58200469985604,184.60871529998258,184.9298537799623,,185.86346979998052,,,,,,,,,,,,,,,,,,,,,,,sub002_saurabh,001,2024-05-14_12h40.04.723,final_exp_1.2_v1_18012024,2023.2.3,60.01893001684973,2024-05-14 12h40.26.212928 +0530,
144,0,144,0,,,,,185.88790139975026,,,,,185.86518769990653,185.88790139975026,186.196484279586,186.7370205996558,187.14684279961511,,,,,,,,,,,,,,,,,,,,,,,sub002_saurabh,001,2024-05-14_12h40.04.723,final_exp_1.2_v1_18012024,2023.2.3,60.01893001684973,2024-05-14 12h40.26.212928 +0530,
145,0,145,0,,,,,187.16784499958158,,,,,187.1485953000374,187.16784499958158,187.54655977967195,188.08501879964024,188.4302880000323,,,,,,,,,,,,,,,,,,,,,,,sub002_saurabh,001,2024-05-14_12h40.04.723,final_exp_1.2_v1_18012024,2023.2.3,60.01893001684973,2024-05-14 12h40.26.212928 +0530,
146,0,146,0,,,,,188.44858870003372,,,,,188.43196569988504,188.44858870003372,188.77964887977578,189.3366284999065,189.7135111000389,,,,,,,,,,,,,,,,,,,,,,,sub002_saurabh,001,2024-05-14_12h40.04.723,final_exp_1.2_v1_18012024,2023.2.3,60.01893001684973,2024-05-14 12h40.26.212928 +0530,
147,0,147,0,,,,,189.7304455996491,,,,,189.71524349972606,189.7304455996491,190.01310387975536,190.53638029983267,190.9969349997118,,,,,,,,,,,,,,,,,,,,,,,sub002_saurabh,001,2024-05-14_12h40.04.723,final_exp_1.2_v1_18012024,2023.2.3,60.01893001684973,2024-05-14 12h40.26.212928 +0530,
148,0,148,0,,,,,191.01376879960299,,,,,190.99861509958282,191.01376879960299,191.36313677974977,191.9557260996662,192.28017030004412,,,,,,,,,,,,,,,,,,,,,,,sub002_saurabh,001,2024-05-14_12h40.04.723,final_exp_1.2_v1_18012024,2023.2.3,60.01893001684973,2024-05-14 12h40.26.212928 +0530,
149,0,149,0,,,,,192.29669959982857,,,,,192.28185389982536,192.29669959982857,192.57963507971726,,193.56360269989818,,,,,,,,,,,,,,,,,,,,,,,sub002_saurabh,001,2024-05-14_12h40.04.723,final_exp_1.2_v1_18012024,2023.2.3,60.01893001684973,2024-05-14 12h40.26.212928 +0530,
150,0,150,0,,,,,193.6080116997473,,,,,193.56529709976166,193.6080116997473,193.92985207983293,194.43568409979343,194.84717269986868,,,,,,,,,,,,,,,,,,,,,,,sub002_saurabh,001,2024-05-14_12h40.04.723,final_exp_1.2_v1_18012024,2023.2.3,60.01893001684973,2024-05-14 12h40.26.212928 +0530,
151,0,151,0,,,,,194.88869979977608,,,,,194.8488807999529,194.88869979977608,195.24647587980144,195.75582059985027,196.13035340001807,,,,,,,,,,,,,,,,,,,,,,,sub002_saurabh,001,2024-05-14_12h40.04.723,final_exp_1.2_v1_18012024,2023.2.3,60.01893001684973,2024-05-14 12h40.26.212928 +0530,
152,0,152,0,,,,,196.1687077996321,,,,,196.1320460997522,196.1687077996321,196.42985707963817,197.0356846996583,197.41356249991804,,,,,,,,,,,,,,,,,,,,,,,sub002_saurabh,001,2024-05-14_12h40.04.723,final_exp_1.2_v1_18012024,2023.2.3,60.01893001684973,2024-05-14 12h40.26.212928 +0530,
153,0,153,0,,,,,197.44836020004004,,,,,197.41527109965682,197.44836020004004,197.8132402796764,198.4059668998234,198.6970083997585,,,,,,,,,,,,,,,,,,,,,,,sub002_saurabh,001,2024-05-14_12h40.04.723,final_exp_1.2_v1_18012024,2023.2.3,60.01893001684973,2024-05-14 12h40.26.212928 +0530,
154,0,154,0,,,,,198.728495599702,,,,,198.69876279961318,198.728495599702,199.09660397958942,199.60657139960676,199.98033529985696,,,,,,,,,,,,,,,,,,,,,,,sub002_saurabh,001,2024-05-14_12h40.04.723,final_exp_1.2_v1_18012024,2023.2.3,60.01893001684973,2024-05-14 12h40.26.212928 +0530,
155,0,155,0,,,,,200.0081670996733,,,,,199.98210449982435,200.0081670996733,200.32989527960308,200.87648279964924,201.26353599969298,,,,,,,,,,,,,,,,,,,,,,,sub002_saurabh,001,2024-05-14_12h40.04.723,final_exp_1.2_v1_18012024,2023.2.3,60.01893001684973,2024-05-14 12h40.26.212928 +0530,
156,0,156,0,,,,,201.28826609998941,,,,,201.26524359965697,201.28826609998941,201.62996897962876,202.2356169996783,202.54742339998484,,,,,,,,,,,,,,,,,,,,,,,sub002_saurabh,001,2024-05-14_12h40.04.723,final_exp_1.2_v1_18012024,2023.2.3,60.01893001684973,2024-05-14 12h40.26.212928 +0530,
157,0,157,0,,,,,202.56851099990308,,,,,202.54922499973327,202.56851099990308,202.87994508002885,203.4364857999608,203.83036489970982,,,,,,,,,,,,,,,,,,,,,,,sub002_saurabh,001,2024-05-14_12h40.04.723,final_exp_1.2_v1_18012024,2023.2.3,60.01893001684973,2024-05-14 12h40.26.212928 +0530,
158,0,158,0,,,,,203.84821629989892,,,,,203.8321295999922,203.84821629989892,204.163256079657,204.75571349961683,205.11359780002385,,,,,,,,,,,,,,,,,,,,,,,sub002_saurabh,001,2024-05-14_12h40.04.723,final_exp_1.2_v1_18012024,2023.2.3,60.01893001684973,2024-05-14 12h40.26.212928 +0530,
159,0,159,0,,,,,205.13044480001554,,,,,205.11533829988912,205.13044480001554,205.49655807972886,206.0848489999771,206.39712059963495,,,,,,,,,,,,,,,,,,,,,,,sub002_saurabh,001,2024-05-14_12h40.04.723,final_exp_1.2_v1_18012024,2023.2.3,60.01893001684973,2024-05-14 12h40.26.212928 +0530,
160,0,160,0,,,,,206.41378439962864,,,,,206.39886990003288,206.41378439962864,206.7133845796343,207.32588399993256,207.6803147997707,,,,,,,,,,,,,,,,,,,,,,,sub002_saurabh,001,2024-05-14_12h40.04.723,final_exp_1.2_v1_18012024,2023.2.3,60.01893001684973,2024-05-14 12h40.26.212928 +0530,
161,0,161,0,,,,,207.69717249972746,,,,,207.68196980003268,207.69717249972746,208.0299778797198,208.5857722000219,208.9641990000382,,,,,,,,,,,,,,,,,,,,,,,sub002_saurabh,001,2024-05-14_12h40.04.723,final_exp_1.2_v1_18012024,2023.2.3,60.01893001684973,2024-05-14 12h40.26.212928 +0530,
162,0,162,0,,,,,209.00834179995582,,,,,208.96599689964205,209.00834179995582,209.34659617976286,209.95579489972442,210.24697449989617,,,,,,,,,,,,,,,,,,,,,,,sub002_saurabh,001,2024-05-14_12h40.04.723,final_exp_1.2_v1_18012024,2023.2.3,60.01893001684973,2024-05-14 12h40.26.212928 +0530,
163,0,163,0,,,,,210.28863949980587,,,,,210.24870570003986,210.28863949980587,210.5467082799878,211.1367546999827,211.53043779963627,,,,,,,,,,,,,,,,,,,,,,,sub002_saurabh,001,2024-05-14_12h40.04.723,final_exp_1.2_v1_18012024,2023.2.3,60.01893001684973,2024-05-14 12h40.26.212928 +0530,
164,0,164,0,,,,,211.5690663997084,,,,,211.53216669987887,211.5690663997084,211.88001287984662,212.40523039968684,212.81381099997088,,,,,,,,,,,,,,,,,,,,,,,sub002_saurabh,001,2024-05-14_12h40.04.723,final_exp_1.2_v1_18012024,2023.2.3,60.01893001684973,2024-05-14 12h40.26.212928 +0530,
165,0,165,0,,,,,212.8475699997507,,,,,212.81552419997752,212.8475699997507,213.12994007975794,213.65652339998633,214.09764439985156,,,,,,,,,,,,,,,,,,,,,,,sub002_saurabh,001,2024-05-14_12h40.04.723,final_exp_1.2_v1_18012024,2023.2.3,60.01893001684973,2024-05-14 12h40.26.212928 +0530,
166,0,166,0,,,,,214.12872469983995,,,,,214.09934119973332,214.12872469983995,214.41329647996463,214.95587989967316,215.38084129989147,,,,,,,,,,,,,,,,,,,,,,,sub002_saurabh,001,2024-05-14_12h40.04.723,final_exp_1.2_v1_18012024,2023.2.3,60.01893001684973,2024-05-14 12h40.26.212928 +0530,
167,0,167,0,,,,,215.4080311995931,,,,,215.38254609983414,215.4080311995931,215.69670707988553,216.25683399988338,216.66368069965392,,,,,,,,,,,,,,,,,,,,,,,sub002_saurabh,001,2024-05-14_12h40.04.723,final_exp_1.2_v1_18012024,2023.2.3,60.01893001684973,2024-05-14 12h40.26.212928 +0530,
168,0,168,0,,,,,216.6884172996506,,,,,216.66536389989778,216.6884172996506,217.0131982800085,217.627673599869,217.94705009972677,,,,,,,,,,,,,,,,,,,,,,,sub002_saurabh,001,2024-05-14_12h40.04.723,final_exp_1.2_v1_18012024,2023.2.3,60.01893001684973,2024-05-14 12h40.26.212928 +0530,
169,0,169,0,,,,,217.9699593000114,,,,,217.9487935998477,217.9699593000114,218.2965334795881,,219.23044159961864,,,,,,,,,,,,,,,,,,,,,,,sub002_saurabh,001,2024-05-14_12h40.04.723,final_exp_1.2_v1_18012024,2023.2.3,60.01893001684973,2024-05-14 12h40.26.212928 +0530,
170,0,170,0,,,,,219.2480395999737,,,,,219.23214079998434,219.2480395999737,219.5966498798225,220.13665599981323,220.5136846997775,,,,,,,,,,,,,,,,,,,,,,,sub002_saurabh,001,2024-05-14_12h40.04.723,final_exp_1.2_v1_18012024,2023.2.3,60.01893001684973,2024-05-14 12h40.26.212928 +0530,
171,0,171,0,,,,,220.5311367996037,,,,,220.51540389982983,220.5311367996037,220.9134354798589,221.4759968998842,221.7969760997221,,,,,,,,,,,,,,,,,,,,,,,sub002_saurabh,001,2024-05-14_12h40.04.723,final_exp_1.2_v1_18012024,2023.2.3,60.01893001684973,2024-05-14 12h40.26.212928 +0530,
172,0,172,0,,,,,221.81391519960016,,,,,221.79870849987492,221.81391519960016,222.1967629797291,222.7061092997901,223.08023779978976,,,,,,,,,,,,,,,,,,,,,,,sub002_saurabh,001,2024-05-14_12h40.04.723,final_exp_1.2_v1_18012024,2023.2.3,60.01893001684973,2024-05-14 12h40.26.212928 +0530,
173,0,173,0,,,,,223.09717969968915,,,,,223.08199109975249,223.09717969968915,223.41338078002445,223.9768079998903,224.3641750998795,,,,,,,,,,,,,,,,,,,,,,,sub002_saurabh,001,2024-05-14_12h40.04.723,final_exp_1.2_v1_18012024,2023.2.3,60.01893001684973,2024-05-14 12h40.26.212928 +0530,
174,0,174,0,,,,,224.40843189973384,,,,,224.36594899976626,224.40843189973384,224.73104137997143,225.3269075998105,225.6471163998358,,,,,,,,,,,,,,,,,,,,,,,sub002_saurabh,001,2024-05-14_12h40.04.723,final_exp_1.2_v1_18012024,2023.2.3,60.01893001684973,2024-05-14 12h40.26.212928 +0530,
175,0,175,0,,,,,225.68801699997857,,,,,225.64879829995334,225.68801699997857,226.04678807989694,226.60649929987267,226.93061839975417,,,,,,,,,,,,,,,,,,,,,,,sub002_saurabh,001,2024-05-14_12h40.04.723,final_exp_1.2_v1_18012024,2023.2.3,60.01893001684973,2024-05-14 12h40.26.212928 +0530,
176,0,176,0,,,,,226.9677965999581,,,,,226.9323560995981,226.9677965999581,227.3300328797195,227.9266315996647,228.2138964999467,,,,,,,,,,,,,,,,,,,,,,,sub002_saurabh,001,2024-05-14_12h40.04.723,final_exp_1.2_v1_18012024,2023.2.3,60.01893001684973,2024-05-14 12h40.26.212928 +0530,
177,0,177,0,,,,,228.2479173997417,,,,,228.21560829970986,228.2479173997417,228.54682657984085,229.0757671999745,229.49715689988807,,,,,,,,,,,,,,,,,,,,,,,sub002_saurabh,001,2024-05-14_12h40.04.723,final_exp_1.2_v1_18012024,2023.2.3,60.01893001684973,2024-05-14 12h40.26.212928 +0530,
178,0,178,0,,,,,229.52802389999852,,,,,229.49883139971644,229.52802389999852,229.84663178003393,230.3860162999481,230.78146339999512,,,,,,,,,,,,,,,,,,,,,,,sub002_saurabh,001,2024-05-14_12h40.04.723,final_exp_1.2_v1_18012024,2023.2.3,60.01893001684973,2024-05-14 12h40.26.212928 +0530,
179,0,179,0,,,,,230.80829959968105,,,,,230.78338949987665,230.80829959968105,231.18009157967754,231.75583439972252,232.08090149983764,,,,,,,,,,,,,,,,,,,,,,,sub002_saurabh,001,2024-05-14_12h40.04.723,final_exp_1.2_v1_18012024,2023.2.3,60.01893001684973,2024-05-14 12h40.26.212928 +0530,
180,0,180,0,,,,,232.09694289974868,,,,,232.08259109966457,232.09694289974868,232.38009147974662,232.98595779994503,233.36372399982065,,,,,,,,,,,,,,,,,,,,,,,sub002_saurabh,001,2024-05-14_12h40.04.723,final_exp_1.2_v1_18012024,2023.2.3,60.01893001684973,2024-05-14 12h40.26.212928 +0530,
181,0,181,0,,,,,233.4085863996297,,,,,233.36547299986705,233.4085863996297,233.6966100798454,234.22673599980772,234.64716019993648,,,,,,,,,,,,,,,,,,,,,,,sub002_saurabh,001,2024-05-14_12h40.04.723,final_exp_1.2_v1_18012024,2023.2.3,60.01893001684973,2024-05-14 12h40.26.212928 +0530,
182,0,182,0,,,,,234.68788979994133,,,,,234.64885609969497,234.68788979994133,235.03016457962804,235.60510629974306,235.9305773000233,,,,,,,,,,,,,,,,,,,,,,,sub002_saurabh,001,2024-05-14_12h40.04.723,final_exp_1.2_v1_18012024,2023.2.3,60.01893001684973,2024-05-14 12h40.26.212928 +0530,
183,0,183,0,,,,,235.96799119981006,,,,,235.93232579994947,235.96799119981006,236.29679717984982,236.87596289999783,237.2138832998462,,,,,,,,,,,,,,,,,,,,,,,sub002_saurabh,001,2024-05-14_12h40.04.723,final_exp_1.2_v1_18012024,2023.2.3,60.01893001684973,2024-05-14 12h40.26.212928 +0530,
184,0,184,0,,,,,237.24950829986483,,,,,237.2155752000399,237.24950829986483,237.53011647961102,238.12656649993733,238.49725969973952,,,,,,,,,,,,,,,,,,,,,,,sub002_saurabh,001,2024-05-14_12h40.04.723,final_exp_1.2_v1_18012024,2023.2.3,60.01893001684973,2024-05-14 12h40.26.212928 +0530,
185,0,185,0,,,,,238.52830729959533,,,,,238.49894449999556,238.52830729959533,238.79706617980264,239.386076499708,239.7805812000297,,,,,,,,,,,,,,,,,,,,,,,sub002_saurabh,001,2024-05-14_12h40.04.723,final_exp_1.2_v1_18012024,2023.2.3,60.01893001684973,2024-05-14 12h40.26.212928 +0530,
186,0,186,0,,,,,239.80857919994742,,,,,239.7822518995963,239.80857919994742,240.11341737979092,,241.06394039979205,,,,,,,,,,,,,,,,,,,,,,,sub002_saurabh,001,2024-05-14_12h40.04.723,final_exp_1.2_v1_18012024,2023.2.3,60.01893001684973,2024-05-14 12h40.26.212928 +0530,
187,0,187,0,,,,,241.08826679969206,,,,,241.06558759976178,241.08826679969206,241.36351957987063,241.92635519988835,242.347242299933,,,,,,,,,,,,,,,,,,,,,,,sub002_saurabh,001,2024-05-14_12h40.04.723,final_exp_1.2_v1_18012024,2023.2.3,60.01893001684973,2024-05-14 12h40.26.212928 +0530,
188,0,188,0,,,,,242.36832619970664,,,,,242.34894409961998,242.36832619970664,242.64679077989422,243.22685500001535,243.6305660996586,,,,,,,,,,,,,,,,,,,,,,,sub002_saurabh,001,2024-05-14_12h40.04.723,final_exp_1.2_v1_18012024,2023.2.3,60.01893001684973,2024-05-14 12h40.26.212928 +0530,
189,0,189,0,,,,,243.64904479961842,,,,,243.63224700000137,243.64904479961842,243.93066467973404,244.52669519977644,244.9146289997734,,,,,,,,,,,,,,,,,,,,,,,sub002_saurabh,001,2024-05-14_12h40.04.723,final_exp_1.2_v1_18012024,2023.2.3,60.01893001684973,2024-05-14 12h40.26.212928 +0530,
190,0,190,0,,,,,244.9306395999156,,,,,244.91643380001187,244.9306395999156,245.26368327974342,245.82750849984586,246.34372689994052,246.39020229969174,,,,,,,,,,,,,,,,,,,,,,sub002_saurabh,001,2024-05-14_12h40.04.723,final_exp_1.2_v1_18012024,2023.2.3,60.01893001684973,2024-05-14 12h40.26.212928 +0530,
191,0,191,0,,,,,246.39020229969174,,,,,246.34543899958953,246.39020229969174,246.74695247993805,247.33603579970077,247.63067879993469,,,,,,,,,,,,,,,,,,,,,,,sub002_saurabh,001,2024-05-14_12h40.04.723,final_exp_1.2_v1_18012024,2023.2.3,60.01893001684973,2024-05-14 12h40.26.212928 +0530,
192,0,192,0,,,,,247.66869309963658,,,,,247.63242079969496,247.66869309963658,248.01365697965957,248.55679179960862,248.91397310001776,,,,,,,,,,,,,,,,,,,,,,,sub002_saurabh,001,2024-05-14_12h40.04.723,final_exp_1.2_v1_18012024,2023.2.3,60.01893001684973,2024-05-14 12h40.26.212928 +0530,
193,0,193,0,,,,,248.95435119979084,,,,,248.9156559999101,248.95435119979084,249.21348807984032,249.75693009980023,250.19735859986395,,,,,,,,,,,,,,,,,,,,,,,sub002_saurabh,001,2024-05-14_12h40.04.723,final_exp_1.2_v1_18012024,2023.2.3,60.01893001684973,2024-05-14 12h40.26.212928 +0530,
194,0,194,0,,,,,250.22890099976212,,,,,250.1990597997792,250.22890099976212,250.54692728002556,251.0768682998605,251.4807451996021,,,,,,,,,,,,,,,,,,,,,,,sub002_saurabh,001,2024-05-14_12h40.04.723,final_exp_1.2_v1_18012024,2023.2.3,60.01893001684973,2024-05-14 12h40.26.212928 +0530,
195,0,195,0,,,,,251.50964730000123,,,,,251.48247729986906,251.50964730000123,251.84693227964453,252.37601629970595,252.76399069977924,,,,,,,,,,,,,,,,,,,,,,,sub002_saurabh,001,2024-05-14_12h40.04.723,final_exp_1.2_v1_18012024,2023.2.3,60.01893001684973,2024-05-14 12h40.26.212928 +0530,
196,0,196,0,,,,,252.78944549988955,,,,,252.765726799611,252.78944549988955,253.09689867985435,253.70592519966885,254.04737539961934,,,,,,,,,,,,,,,,,,,,,,,sub002_saurabh,001,2024-05-14_12h40.04.723,final_exp_1.2_v1_18012024,2023.2.3,60.01893001684973,2024-05-14 12h40.26.212928 +0530,
197,0,197,0,,,,,254.07070079958066,,,,,254.04911539983004,254.07070079958066,254.39676807983778,254.93594129988924,255.33063159976155,,,,,,,,,,,,,,,,,,,,,,,sub002_saurabh,001,2024-05-14_12h40.04.723,final_exp_1.2_v1_18012024,2023.2.3,60.01893001684973,2024-05-14 12h40.26.212928 +0530,
198,0,198,0,,,,,255.34882769966498,,,,,255.33231089962646,255.34882769966498,255.68012187979184,256.28662139968947,256.6139821000397,,,,,,,,,,,,,,,,,,,,,,,sub002_saurabh,001,2024-05-14_12h40.04.723,final_exp_1.2_v1_18012024,2023.2.3,60.01893001684973,2024-05-14 12h40.26.212928 +0530,
199,0,199,0,,,,,256.62965519959107,,,,,256.6156274997629,256.62965519959107,256.9303291796241,257.5268941000104,257.89726859983057,,,,,,,,,,,,,,,,,,,,,,,sub002_saurabh,001,2024-05-14_12h40.04.723,final_exp_1.2_v1_18012024,2023.2.3,60.01893001684973,2024-05-14 12h40.26.212928 +0530,
200,0,200,0,,,,,257.9140832000412,,,,,257.8989791995846,257.9140832000412,258.2471841799561,258.785609500017,259.18049529986456,,,,,,,,,,,,,,,,,,,,,,,sub002_saurabh,001,2024-05-14_12h40.04.723,final_exp_1.2_v1_18012024,2023.2.3,60.01893001684973,2024-05-14 12h40.26.212928 +0530,
201,0,201,0,,,,,259.19749519973993,,,,,259.1822841996327,259.19749519973993,259.5802414796781,260.1268330998719,260.46390799991786,,,,,,,,,,,,,,,,,,,,,,,sub002_saurabh,001,2024-05-14_12h40.04.723,final_exp_1.2_v1_18012024,2023.2.3,60.01893001684973,2024-05-14 12h40.26.212928 +0530,
202,0,202,0,,,,,260.5102792000398,,,,,260.46565419994295,260.5102792000398,260.79745677975006,261.38531529996544,261.74779239995405,,,,,,,,,,,,,,,,,,,,,,,sub002_saurabh,001,2024-05-14_12h40.04.723,final_exp_1.2_v1_18012024,2023.2.3,60.01893001684973,2024-05-14 12h40.26.212928 +0530,
203,0,203,0,,,,,261.78987939981744,,,,,261.74947049980983,261.78987939981744,262.147264679661,262.68624089984223,263.0307207000442,,,,,,,,,,,,,,,,,,,,,,,sub002_saurabh,001,2024-05-14_12h40.04.723,final_exp_1.2_v1_18012024,2023.2.3,60.01893001684973,2024-05-14 12h40.26.212928 +0530,
204,0,204,0,,,,,263.0686910999939,,,,,263.03242990002036,263.0686910999939,263.3803154795896,263.9360868996009,264.3140793000348,,,,,,,,,,,,,,,,,,,,,,,sub002_saurabh,001,2024-05-14_12h40.04.723,final_exp_1.2_v1_18012024,2023.2.3,60.01893001684973,2024-05-14 12h40.26.212928 +0530,
205,0,205,0,,,,,264.34946239972487,,,,,264.31584079982713,264.34946239972487,264.7136826796923,265.3270925995894,265.5974296997301,,,,,,,,,,,,,,,,,,,,,,,sub002_saurabh,001,2024-05-14_12h40.04.723,final_exp_1.2_v1_18012024,2023.2.3,60.01893001684973,2024-05-14 12h40.26.212928 +0530,
206,0,206,0,,,,,265.629884599708,,,,,265.5991552998312,265.629884599708,265.98032077983953,266.5855556996539,266.88068729965016,,,,,,,,,,,,,,,,,,,,,,,sub002_saurabh,001,2024-05-14_12h40.04.723,final_exp_1.2_v1_18012024,2023.2.3,60.01893001684973,2024-05-14 12h40.26.212928 +0530,
207,0,207,0,,,,,266.9093196997419,,,,,266.8823857996613,266.9093196997419,267.24748847982846,267.8147668996826,268.1640796000138,,,,,,,,,,,,,,,,,,,,,,,sub002_saurabh,001,2024-05-14_12h40.04.723,final_exp_1.2_v1_18012024,2023.2.3,60.01893001684973,2024-05-14 12h40.26.212928 +0530,
208,0,208,0,,,,,268.18887579999864,,,,,268.1658092997968,268.18887579999864,268.5303965799976,269.1360097997822,269.44742019986734,,,,,,,,,,,,,,,,,,,,,,,sub002_saurabh,001,2024-05-14_12h40.04.723,final_exp_1.2_v1_18012024,2023.2.3,60.01893001684973,2024-05-14 12h40.26.212928 +0530,
209,0,209,0,,,,,269.4694776996039,,,,,269.4490884998813,269.4694776996039,269.8303351800423,270.38560549961403,270.73065219959244,,,,,,,,,,,,,,,,,,,,,,,sub002_saurabh,001,2024-05-14_12h40.04.723,final_exp_1.2_v1_18012024,2023.2.3,60.01893001684973,2024-05-14 12h40.26.212928 +0530,
210,0,210,0,,,,,270.749492299743,,,,,270.7323866998777,270.749492299743,271.04698307975195,271.65612009959295,272.0140701998025,,,,,,,,,,,,,,,,,,,,,,,sub002_saurabh,001,2024-05-14_12h40.04.723,final_exp_1.2_v1_18012024,2023.2.3,60.01893001684973,2024-05-14 12h40.26.212928 +0530,
211,0,211,0,,,,,272.0298582999967,,,,,272.01579670002684,272.0298582999967,272.36420617974363,272.90617579966784,273.29743899963796,,,,,,,,,,,,,,,,,,,,,,,sub002_saurabh,001,2024-05-14_12h40.04.723,final_exp_1.2_v1_18012024,2023.2.3,60.01893001684973,2024-05-14 12h40.26.212928 +0530,
212,0,212,0,,,,,273.3141956999898,,,,,273.2991102999076,273.3141956999898,273.6470594799612,274.22617939999327,274.5807121996768,,,,,,,,,,,,,,,,,,,,,,,sub002_saurabh,001,2024-05-14_12h40.04.723,final_exp_1.2_v1_18012024,2023.2.3,60.01893001684973,2024-05-14 12h40.26.212928 +0530,
213,0,213,0,,,,,274.5975952995941,,,,,274.5824535000138,274.5975952995941,274.947010679869,275.5566093996167,275.8639467996545,,,,,,,,,,,,,,,,,,,,,,,sub002_saurabh,001,2024-05-14_12h40.04.723,final_exp_1.2_v1_18012024,2023.2.3,60.01893001684973,2024-05-14 12h40.26.212928 +0530,
214,0,214,0,,,,,275.90980959963053,,,,,275.8656603000127,275.90980959963053,276.2471441796515,276.78573989961296,277.1480425996706,,,,,,,,,,,,,,,,,,,,,,,sub002_saurabh,001,2024-05-14_12h40.04.723,final_exp_1.2_v1_18012024,2023.2.3,60.01893001684973,2024-05-14 12h40.26.212928 +0530,
215,0,215,0,,,,,277.1900831996463,,,,,277.14979999978095,277.1900831996463,277.5304101796355,278.07686739973724,278.4308279999532,,,,,,,,,,,,,,,,,,,,,,,sub002_saurabh,001,2024-05-14_12h40.04.723,final_exp_1.2_v1_18012024,2023.2.3,60.01893001684973,2024-05-14 12h40.26.212928 +0530,
216,0,216,0,,,,,278.4697385998443,,,,,278.4325771997683,278.4697385998443,278.8302932798397,279.3761795000173,279.7141983998008,,,,,,,,,,,,,,,,,,,,,,,sub002_saurabh,001,2024-05-14_12h40.04.723,final_exp_1.2_v1_18012024,2023.2.3,60.01893001684973,2024-05-14 12h40.26.212928 +0530,
217,0,217,0,,,,,279.7490353998728,,,,,279.7159706996754,279.7490353998728,280.1139767796267,280.6770325996913,280.99748729960993,,,,,,,,,,,,,,,,,,,,,,,sub002_saurabh,001,2024-05-14_12h40.04.723,final_exp_1.2_v1_18012024,2023.2.3,60.01893001684973,2024-05-14 12h40.26.212928 +0530,
218,0,218,0,,,,,281.02975359978154,,,,,280.99922899995,281.02975359978154,281.3137212798465,281.92701819958165,282.28085369989276,,,,,,,,,,,,,,,,,,,,,,,sub002_saurabh,001,2024-05-14_12h40.04.723,final_exp_1.2_v1_18012024,2023.2.3,60.01893001684973,2024-05-14 12h40.26.212928 +0530,
219,0,219,0,,,,,282.30915270000696,,,,,282.2825802997686,282.30915270000696,282.59699227963574,283.1648804997094,283.56413289997727,,,,,,,,,,,,,,,,,,,,,,,sub002_saurabh,001,2024-05-14_12h40.04.723,final_exp_1.2_v1_18012024,2023.2.3,60.01893001684973,2024-05-14 12h40.26.212928 +0530,
220,0,220,0,,,,,283.58898919960484,,,,,283.5658246995881,283.58898919960484,283.94702937989496,284.4862714000046,284.84782319981605,,,,,,,,,,,,,,,,,,,,,,,sub002_saurabh,001,2024-05-14_12h40.04.723,final_exp_1.2_v1_18012024,2023.2.3,60.01893001684973,2024-05-14 12h40.26.212928 +0530,
221,0,221,0,,,,,284.8702956996858,,,,,284.8495787996799,284.8702956996858,285.19707937981,285.8062744997442,286.1307697999291,,,,,,,,,,,,,,,,,,,,,,,sub002_saurabh,001,2024-05-14_12h40.04.723,final_exp_1.2_v1_18012024,2023.2.3,60.01893001684973,2024-05-14 12h40.26.212928 +0530,
222,0,222,0,,,,,286.1488847997971,,,,,286.1325228996575,286.1488847997971,286.5304198798258,287.136258599814,287.4142056000419,,,,,,,,,,,,,,,,,,,,,,,sub002_saurabh,001,2024-05-14_12h40.04.723,final_exp_1.2_v1_18012024,2023.2.3,60.01893001684973,2024-05-14 12h40.26.212928 +0530,
223,0,223,0,,,,,287.430010299664,,,,,287.4158954997547,287.430010299664,287.7970722799655,288.33630429999903,288.69752909988165,,,,,,,,,,,,,,,,,,,,,,,sub002_saurabh,001,2024-05-14_12h40.04.723,final_exp_1.2_v1_18012024,2023.2.3,60.01893001684973,2024-05-14 12h40.26.212928 +0530,
224,0,224,0,,,,,288.7143215998076,,,,,288.69916099961847,288.7143215998076,289.06377007975243,289.62607999984175,289.9807597999461,,,,,,,,,,,,,,,,,,,,,,,sub002_saurabh,001,2024-05-14_12h40.04.723,final_exp_1.2_v1_18012024,2023.2.3,60.01893001684973,2024-05-14 12h40.26.212928 +0530,
225,0,225,0,,,,,289.9973140996881,,,,,289.9825190999545,289.9973140996881,290.33043747977354,290.90612439997494,291.26411519991234,,,,,,,,,,,,,,,,,,,,,,,sub002_saurabh,001,2024-05-14_12h40.04.723,final_exp_1.2_v1_18012024,2023.2.3,60.01893001684973,2024-05-14 12h40.26.212928 +0530,
226,0,226,0,,,,,291.30945979990065,,,,,291.2658491996117,291.30945979990065,291.64714817958884,292.18555990001187,292.5476230997592,,,,,,,,,,,,,,,,,,,,,,,sub002_saurabh,001,2024-05-14_12h40.04.723,final_exp_1.2_v1_18012024,2023.2.3,60.01893001684973,2024-05-14 12h40.26.212928 +0530,
227,0,227,0,,,,,292.5893551995978,,,,,292.54938300000504,292.5893551995978,292.94719177973457,293.47707399958745,293.83100969996303,,,,,,,,,,,,,,,,,,,,,,,sub002_saurabh,001,2024-05-14_12h40.04.723,final_exp_1.2_v1_18012024,2023.2.3,60.01893001684973,2024-05-14 12h40.26.212928 +0530,
228,0,228,0,,,,,293.87079369975254,,,,,293.83269129972905,293.87079369975254,294.2147057799157,294.75680839968845,295.1142825996503,,,,,,,,,,,,,,,,,,,,,,,sub002_saurabh,001,2024-05-14_12h40.04.723,final_exp_1.2_v1_18012024,2023.2.3,60.01893001684973,2024-05-14 12h40.26.212928 +0530,
229,0,229,0,,,,,295.15006519993767,,,,,295.116014899686,295.15006519993767,295.46378087974153,296.0564062995836,296.3974879998714,,,,,,,,,,,,,,,,,,,,,,,sub002_saurabh,001,2024-05-14_12h40.04.723,final_exp_1.2_v1_18012024,2023.2.3,60.01893001684973,2024-05-14 12h40.26.212928 +0530,
230,0,230,0,,,,,296.42927500000224,,,,,296.39925719983876,296.42927500000224,296.71385037968867,297.32728690002114,297.68088339967653,,,,,,,,,,,,,,,,,,,,,,,sub002_saurabh,001,2024-05-14_12h40.04.723,final_exp_1.2_v1_18012024,2023.2.3,60.01893001684973,2024-05-14 12h40.26.212928 +0530,
231,0,231,0,,,,,297.7095518996939,,,,,297.6826479998417,297.7095518996939,298.0304093796294,,298.96420759987086,,,,,,,,,,,,,,,,,,,,,,,sub002_saurabh,001,2024-05-14_12h40.04.723,final_exp_1.2_v1_18012024,2023.2.3,60.01893001684973,2024-05-14 12h40.26.212928 +0530,
232,0,232,0,,,,,298.9907576995902,,,,,298.96588189993054,298.9907576995902,299.36389597994275,299.8774771997705,300.24797189980745,,,,,,,,,,,,,,,,,,,,,,,sub002_saurabh,001,2024-05-14_12h40.04.723,final_exp_1.2_v1_18012024,2023.2.3,60.01893001684973,2024-05-14 12h40.26.212928 +0530,
233,0,233,0,,,,,300.2698319996707,,,,,300.24970179982483,300.2698319996707,300.5804037798662,301.08617739984766,301.53086059959605,,,,,,,,,,,,,,,,,,,,,,,sub002_saurabh,001,2024-05-14_12h40.04.723,final_exp_1.2_v1_18012024,2023.2.3,60.01893001684973,2024-05-14 12h40.26.212928 +0530,
234,0,234,0,,,,,301.5489718997851,,,,,301.53260939987376,301.5489718997851,301.89728077990003,302.5063880998641,302.8142349999398,,,,,,,,,,,,,,,,,,,,,,,sub002_saurabh,001,2024-05-14_12h40.04.723,final_exp_1.2_v1_18012024,2023.2.3,60.01893001684973,2024-05-14 12h40.26.212928 +0530,
235,0,235,0,,,,,302.8309936998412,,,,,302.81595199974254,302.8309936998412,303.1971138797235,303.75713099958375,304.0976053997874,,,,,,,,,,,,,,,,,,,,,,,sub002_saurabh,001,2024-05-14_12h40.04.723,final_exp_1.2_v1_18012024,2023.2.3,60.01893001684973,2024-05-14 12h40.26.212928 +0530,
236,0,236,0,,,,,304.1143693998456,,,,,304.099374699872,304.1143693998456,304.4804863797035,305.0562994997017,305.38079319987446,,,,,,,,,,,,,,,,,,,,,,,sub002_saurabh,001,2024-05-14_12h40.04.723,final_exp_1.2_v1_18012024,2023.2.3,60.01893001684973,2024-05-14 12h40.26.212928 +0530,
237,0,237,0,,,,,305.3974456000142,,,,,305.38258529966697,305.3974456000142,305.78057677973993,306.3063900000416,306.6642517000437,,,,,,,,,,,,,,,,,,,,,,,sub002_saurabh,001,2024-05-14_12h40.04.723,final_exp_1.2_v1_18012024,2023.2.3,60.01893001684973,2024-05-14 12h40.26.212928 +0530,
238,0,238,0,,,,,306.70971009973437,,,,,306.6660430999473,306.70971009973437,306.99711077963,,307.94763539964333,,,,,,,,,,,,,,,,,,,,,,,sub002_saurabh,001,2024-05-14_12h40.04.723,final_exp_1.2_v1_18012024,2023.2.3,60.01893001684973,2024-05-14 12h40.26.212928 +0530,
239,0,239,0,,,,,307.9898512996733,,,,,307.94934859964997,307.9898512996733,308.2806151800323,308.8564426996745,309.2309681996703,,,,,,,,,,,,,,,,,,,,,,,sub002_saurabh,001,2024-05-14_12h40.04.723,final_exp_1.2_v1_18012024,2023.2.3,60.01893001684973,2024-05-14 12h40.26.212928 +0530,
240,0,240,0,,,,,309.27042709989473,,,,,309.2326411996037,309.27042709989473,309.54723587981425,310.07717039994895,310.51435839990154,,,,,,,,,,,,,,,,,,,,,,,sub002_saurabh,001,2024-05-14_12h40.04.723,final_exp_1.2_v1_18012024,2023.2.3,60.01893001684973,2024-05-14 12h40.26.212928 +0530,
241,0,241,0,,,,,310.5492564998567,,,,,310.5161089999601,310.5492564998567,310.9139320796821,311.4779313998297,311.7978152995929,,,,,,,,,,,,,,,,,,,,,,,sub002_saurabh,001,2024-05-14_12h40.04.723,final_exp_1.2_v1_18012024,2023.2.3,60.01893001684973,2024-05-14 12h40.26.212928 +0530,
242,0,242,0,,,,,311.83002409990877,,,,,311.7995849996805,311.83002409990877,312.0971911798697,312.7063467996195,313.08099709963426,,,,,,,,,,,,,,,,,,,,,,,sub002_saurabh,001,2024-05-14_12h40.04.723,final_exp_1.2_v1_18012024,2023.2.3,60.01893001684973,2024-05-14 12h40.26.212928 +0530,
243,0,243,0,,,,,313.10943349963054,,,,,313.08270989963785,313.10943349963054,313.4805181797128,314.07722539966926,314.364371499978,,,,,,,,,,,,,,,,,,,,,,,sub002_saurabh,001,2024-05-14_12h40.04.723,final_exp_1.2_v1_18012024,2023.2.3,60.01893001684973,2024-05-14 12h40.26.212928 +0530,
244,0,244,0,,,,,314.3896091999486,,,,,314.3660085997544,314.3896091999486,314.6972923798021,,315.64762929966673,,,,,,,,,,,,,,,,,,,,,,,sub002_saurabh,001,2024-05-14_12h40.04.723,final_exp_1.2_v1_18012024,2023.2.3,60.01893001684973,2024-05-14 12h40.26.212928 +0530,
245,0,245,0,,,,,315.66895490000024,,,,,315.64938999991864,315.66895490000024,316.03056748001836,316.58570059994236,316.9310475997627,,,,,,,,,,,,,,,,,,,,,,,sub002_saurabh,001,2024-05-14_12h40.04.723,final_exp_1.2_v1_18012024,2023.2.3,60.01893001684973,2024-05-14 12h40.26.212928 +0530,
246,0,246,0,,,,,316.9495055996813,,,,,316.93274929979816,316.9495055996813,317.2639123799745,317.826331499964,318.2142767999321,,,,,,,,,,,,,,,,,,,,,,,sub002_saurabh,001,2024-05-14_12h40.04.723,final_exp_1.2_v1_18012024,2023.2.3,60.01893001684973,2024-05-14 12h40.26.212928 +0530,
247,0,247,0,,,,,318.23040069965646,,,,,318.21602419996634,318.23040069965646,318.5806259799283,319.17659759987146,319.4977018996142,,,,,,,,,,,,,,,,,,,,,,,sub002_saurabh,001,2024-05-14_12h40.04.723,final_exp_1.2_v1_18012024,2023.2.3,60.01893001684973,2024-05-14 12h40.26.212928 +0530,
248,0,248,0,,,,,319.51454589981586,,,,,319.4994322997518,319.51454589981586,319.8472472799476,320.45650349976495,320.78113040002063,,,,,,,,,,,,,,,,,,,,,,,sub002_saurabh,001,2024-05-14_12h40.04.723,final_exp_1.2_v1_18012024,2023.2.3,60.01893001684973,2024-05-14 12h40.26.212928 +0530,
249,0,249,0,,,,,320.79738859971985,,,,,320.78286689985543,320.79738859971985,321.1139431798365,321.65651659993455,322.0642029000446,,,,,,,,,,,,,,,,,,,,,,,sub002_saurabh,001,2024-05-14_12h40.04.723,final_exp_1.2_v1_18012024,2023.2.3,60.01893001684973,2024-05-14 12h40.26.212928 +0530,
250,0,250,0,,,,,322.1101000998169,,,,,322.06591679994017,322.1101000998169,322.44723687996157,322.9858348998241,323.34788789972663,,,,,,,,,,,,,,,,,,,,,,,sub002_saurabh,001,2024-05-14_12h40.04.723,final_exp_1.2_v1_18012024,2023.2.3,60.01893001684973,2024-05-14 12h40.26.212928 +0530,
251,0,251,0,,,,,323.38964889990166,,,,,323.3496483997442,323.38964889990166,323.7139167797286,324.2565045999363,324.6311251996085,,,,,,,,,,,,,,,,,,,,,,,sub002_saurabh,001,2024-05-14_12h40.04.723,final_exp_1.2_v1_18012024,2023.2.3,60.01893001684973,2024-05-14 12h40.26.212928 +0530,
252,0,252,0,,,,,324.6697620996274,,,,,324.63285669963807,324.6697620996274,324.94723417959176,325.51734769996256,325.91439579986036,,,,,,,,,,,,,,,,,,,,,,,sub002_saurabh,001,2024-05-14_12h40.04.723,final_exp_1.2_v1_18012024,2023.2.3,60.01893001684973,2024-05-14 12h40.26.212928 +0530,
253,0,253,0,,,,,325.94947530003265,,,,,325.91615979978815,325.94947530003265,326.29727057996206,326.887119199615,327.19777379976586,,,,,,,,,,,,,,,,,,,,,,,sub002_saurabh,001,2024-05-14_12h40.04.723,final_exp_1.2_v1_18012024,2023.2.3,60.01893001684973,2024-05-14 12h40.26.212928 +0530,
254,0,254,0,,,,,327.23039899999276,,,,,327.19947759993374,327.23039899999276,327.4973682796117,328.0266539999284,328.4811467998661,,,,,,,,,,,,,,,,,,,,,,,sub002_saurabh,001,2024-05-14_12h40.04.723,final_exp_1.2_v1_18012024,2023.2.3,60.01893001684973,2024-05-14 12h40.26.212928 +0530,
255,0,255,0,,,,,328.50932479975745,,,,,328.4828331996687,328.50932479975745,328.8805991800036,329.43749959999695,329.76437229989097,,,,,,,,,,,,,,,,,,,,,,,sub002_saurabh,001,2024-05-14_12h40.04.723,final_exp_1.2_v1_18012024,2023.2.3,60.01893001684973,2024-05-14 12h40.26.212928 +0530,
256,0,256,0,,,,,329.7884500999935,,,,,329.7661439999938,329.7884500999935,330.11447217990644,330.62718179961666,331.0479990998283,,,,,,,,,,,,,,,,,,,,,,,sub002_saurabh,001,2024-05-14_12h40.04.723,final_exp_1.2_v1_18012024,2023.2.3,60.01893001684973,2024-05-14 12h40.26.212928 +0530,
257,0,257,0,,,,,331.0688712997362,,,,,331.0497138998471,331.0688712997362,331.364081579959,331.9366696998477,332.33144789980724,,,,,,,,,,,,,,,,,,,,,,,sub002_saurabh,001,2024-05-14_12h40.04.723,final_exp_1.2_v1_18012024,2023.2.3,60.01893001684973,2024-05-14 12h40.26.212928 +0530,
258,0,258,0,,,,,332.3510630996898,,,,,332.33315829979256,332.3510630996898,332.6809338799212,333.2374320998788,333.6145931999199,,,,,,,,,,,,,,,,,,,,,,,sub002_saurabh,001,2024-05-14_12h40.04.723,final_exp_1.2_v1_18012024,2023.2.3,60.01893001684973,2024-05-14 12h40.26.212928 +0530,
259,0,259,0,,,,,333.63082670001313,,,,,333.61630109976977,333.63082670001313,333.9641835798975,,334.8977934997529,,,,,,,,,,,,,,,,,,,,,,,sub002_saurabh,001,2024-05-14_12h40.04.723,final_exp_1.2_v1_18012024,2023.2.3,60.01893001684973,2024-05-14 12h40.26.212928 +0530,
260,0,260,0,,,,,334.9141832999885,,,,,334.89953229995444,334.9141832999885,335.2474985800218,335.75770600000396,336.1809775996953,,,,,,,,,,,,,,,,,,,,,,,sub002_saurabh,001,2024-05-14_12h40.04.723,final_exp_1.2_v1_18012024,2023.2.3,60.01893001684973,2024-05-14 12h40.26.212928 +0530,
261,0,261,0,,,,,336.19787759985775,,,,,336.18265810003504,336.19787759985775,336.497810479952,337.07731429999694,337.46433079987764,,,,,,,,,,,,,,,,,,,,,,,sub002_saurabh,001,2024-05-14_12h40.04.723,final_exp_1.2_v1_18012024,2023.2.3,60.01893001684973,2024-05-14 12h40.26.212928 +0530,
262,0,262,0,,,,,337.5106183998287,,,,,337.46607919968665,337.5106183998287,337.7974068799522,338.33645339962095,338.7478868998587,,,,,,,,,,,,,,,,,,,,,,,sub002_saurabh,001,2024-05-14_12h40.04.723,final_exp_1.2_v1_18012024,2023.2.3,60.01893001684973,2024-05-14 12h40.26.212928 +0530,
263,0,263,0,,,,,338.78990009985864,,,,,338.7495931996964,338.78990009985864,339.11397667997517,339.6269258996472,340.0313228997402,,,,,,,,,,,,,,,,,,,,,,,sub002_saurabh,001,2024-05-14_12h40.04.723,final_exp_1.2_v1_18012024,2023.2.3,60.01893001684973,2024-05-14 12h40.26.212928 +0530,
264,0,264,0,,,,,340.0702212997712,,,,,340.03304549958557,340.0702212997712,340.43072757986374,,341.31442809989676,,,,,,,,,,,,,,,,,,,,,,,sub002_saurabh,001,2024-05-14_12h40.04.723,final_exp_1.2_v1_18012024,2023.2.3,60.01893001684973,2024-05-14 12h40.26.212928 +0530,
265,0,265,0,,,,,341.34978949977085,,,,,341.3161929999478,341.34978949977085,341.64750917977653,342.1859356998466,342.5978886997327,,,,,,,,,,,,,,,,,,,,,,,sub002_saurabh,001,2024-05-14_12h40.04.723,final_exp_1.2_v1_18012024,2023.2.3,60.01893001684973,2024-05-14 12h40.26.212928 +0530,
266,0,266,0,,,,,342.6297247996554,,,,,342.5995636996813,342.6297247996554,342.98066847980954,343.5765085997991,343.88121959986165,,,,,,,,,,,,,,,,,,,,,,,sub002_saurabh,001,2024-05-14_12h40.04.723,final_exp_1.2_v1_18012024,2023.2.3,60.01893001684973,2024-05-14 12h40.26.212928 +0530,
267,0,267,0,,,,,343.90981529979035,,,,,343.8829755997285,343.90981529979035,344.2641339797992,344.8773384997621,345.16453820001334,,,,,,,,,,,,,,,,,,,,,,,sub002_saurabh,001,2024-05-14_12h40.04.723,final_exp_1.2_v1_18012024,2023.2.3,60.01893001684973,2024-05-14 12h40.26.212928 +0530,
268,0,268,0,,,,,345.1890936996788,,,,,345.1661422997713,345.1890936996788,345.5140427800361,346.0772066996433,346.44780329987407,,,,,,,,,,,,,,,,,,,,,,,sub002_saurabh,001,2024-05-14_12h40.04.723,final_exp_1.2_v1_18012024,2023.2.3,60.01893001684973,2024-05-14 12h40.26.212928 +0530,
269,0,269,0,,,,,346.46898450003937,,,,,346.449462399818,346.46898450003937,346.7973089797888,,347.73127499967813,,,,,,,,,,,,,,,,,,,,,,,sub002_saurabh,001,2024-05-14_12h40.04.723,final_exp_1.2_v1_18012024,2023.2.3,60.01893001684973,2024-05-14 12h40.26.212928 +0530,
270,0,270,0,,,,,347.7498563998379,,,,,347.73305279994383,347.7498563998379,348.13081787968986,348.6773771997541,349.0145827997476,,,,,,,,,,,,,,,,,,,,,,,sub002_saurabh,001,2024-05-14_12h40.04.723,final_exp_1.2_v1_18012024,2023.2.3,60.01893001684973,2024-05-14 12h40.26.212928 +0530,
271,0,271,0,,,,,349.0301215997897,,,,,349.0162558997981,349.0301215997897,349.397457779618,349.95755419973284,350.29784889984876,,,,,,,,,,,,,,,,,,,,,,,sub002_saurabh,001,2024-05-14_12h40.04.723,final_exp_1.2_v1_18012024,2023.2.3,60.01893001684973,2024-05-14 12h40.26.212928 +0530,
272,0,272,0,,,,,350.3146412996575,,,,,350.2995381997898,350.3146412996575,350.6314082799945,351.2373407999985,351.58104229997844,,,,,,,,,,,,,,,,,,,,,,,sub002_saurabh,001,2024-05-14_12h40.04.723,final_exp_1.2_v1_18012024,2023.2.3,60.01893001684973,2024-05-14 12h40.26.212928 +0530,
273,0,273,0,,,,,351.59765419969335,,,,,351.5827791998163,351.59765419969335,351.9308430796955,352.4774172999896,352.8643923997879,,,,,,,,,,,,,,,,,,,,,,,sub002_saurabh,001,2024-05-14_12h40.04.723,final_exp_1.2_v1_18012024,2023.2.3,60.01893001684973,2024-05-14 12h40.26.212928 +0530,
274,0,274,0,,,,,352.9089476997033,,,,,352.8661441998556,352.9089476997033,353.2641860798467,353.82728679990396,354.1480099996552,,,,,,,,,,,,,,,,,,,,,,,sub002_saurabh,001,2024-05-14_12h40.04.723,final_exp_1.2_v1_18012024,2023.2.3,60.01893001684973,2024-05-14 12h40.26.212928 +0530,
275,0,275,0,,,,,354.18995909998193,,,,,354.1496966998093,354.18995909998193,354.4975384797435,355.1073206998408,355.4312652000226,,,,,,,,,,,,,,,,,,,,,,,sub002_saurabh,001,2024-05-14_12h40.04.723,final_exp_1.2_v1_18012024,2023.2.3,60.01893001684973,2024-05-14 12h40.26.212928 +0530,
276,0,276,0,,,,,355.46932599972934,,,,,355.432947000023,355.46932599972934,355.83083777991123,356.3766520996578,356.7146211997606,,,,,,,,,,,,,,,,,,,,,,,sub002_saurabh,001,2024-05-14_12h40.04.723,final_exp_1.2_v1_18012024,2023.2.3,60.01893001684973,2024-05-14 12h40.26.212928 +0530,
277,0,277,0,,,,,356.7494655996561,,,,,356.71635330002755,356.7494655996561,357.06416517985053,357.60678799962625,357.9979818998836,,,,,,,,,,,,,,,,,,,,,,,sub002_saurabh,001,2024-05-14_12h40.04.723,final_exp_1.2_v1_18012024,2023.2.3,60.01893001684973,2024-05-14 12h40.26.212928 +0530,
278,0,278,0,,,,,358.0294468998909,,,,,357.99965589959174,358.0294468998909,358.36426027980633,358.87766129989177,359.2817358998582,,,,,,,,,,,,,,,,,,,,,,,sub002_saurabh,001,2024-05-14_12h40.04.723,final_exp_1.2_v1_18012024,2023.2.3,60.01893001684973,2024-05-14 12h40.26.212928 +0530,
279,0,279,0,,,,,359.30881639989093,,,,,359.28342069964856,359.30881639989093,359.63086607982405,360.22680699964985,360.5645804000087,,,,,,,,,,,,,,,,,,,,,,,sub002_saurabh,001,2024-05-14_12h40.04.723,final_exp_1.2_v1_18012024,2023.2.3,60.01893001684973,2024-05-14 12h40.26.212928 +0530,
280,0,280,0,,,,,360.58953160000965,,,,,360.5663041998632,360.58953160000965,360.8642240797635,361.4775095996447,361.8479994996451,,,,,,,,,,,,,,,,,,,,,,,sub002_saurabh,001,2024-05-14_12h40.04.723,final_exp_1.2_v1_18012024,2023.2.3,60.01893001684973,2024-05-14 12h40.26.212928 +0530,
281,0,281,0,,,,,361.8694926998578,,,,,361.84969449974597,361.8694926998578,362.1975725798402,362.7577221998945,363.13124649971724,,,,,,,,,,,,,,,,,,,,,,,sub002_saurabh,001,2024-05-14_12h40.04.723,final_exp_1.2_v1_18012024,2023.2.3,60.01893001684973,2024-05-14 12h40.26.212928 +0530,
282,0,282,0,,,,,363.1494668996893,,,,,363.1330248997547,363.1494668996893,363.4807607799303,364.0266562998295,364.4145490997471,,,,,,,,,,,,,,,,,,,,,,,sub002_saurabh,001,2024-05-14_12h40.04.723,final_exp_1.2_v1_18012024,2023.2.3,60.01893001684973,2024-05-14 12h40.26.212928 +0530,
283,0,283,0,,,,,364.43110919976607,,,,,364.4163254997693,364.43110919976607,364.71418837993406,365.2867751000449,365.6979407998733,,,,,,,,,,,,,,,,,,,,,,,sub002_saurabh,001,2024-05-14_12h40.04.723,final_exp_1.2_v1_18012024,2023.2.3,60.01893001684973,2024-05-14 12h40.26.212928 +0530,
284,0,284,0,,,,,365.7144629997201,,,,,365.6996432999149,365.7144629997201,366.0476588800084,366.60675369994715,366.98117169970647,,,,,,,,,,,,,,,,,,,,,,,sub002_saurabh,001,2024-05-14_12h40.04.723,final_exp_1.2_v1_18012024,2023.2.3,60.01893001684973,2024-05-14 12h40.26.212928 +0530,
285,0,285,0,,,,,366.9986565997824,,,,,366.98292539967224,366.9986565997824,367.2808320799377,,368.26451559970155,,,,,,,,,,,,,,,,,,,,,,,sub002_saurabh,001,2024-05-14_12h40.04.723,final_exp_1.2_v1_18012024,2023.2.3,60.01893001684973,2024-05-14 12h40.26.212928 +0530,
286,0,286,0,,,,,368.30939149996266,,,,,368.26620669988915,368.30939149996266,368.5808931796346,369.1275543998927,369.548179899808,,,,,,,,,,,,,,,,,,,,,,,sub002_saurabh,001,2024-05-14_12h40.04.723,final_exp_1.2_v1_18012024,2023.2.3,60.01893001684973,2024-05-14 12h40.26.212928 +0530,
287,0,287,0,,,,,369.58987499959767,,,,,369.5498851998709,369.58987499959767,369.8810353798326,370.456649299711,370.83137739961967,,,,,,,,,,,,,,,,,,,,,,,sub002_saurabh,001,2024-05-14_12h40.04.723,final_exp_1.2_v1_18012024,2023.2.3,60.01893001684973,2024-05-14 12h40.26.212928 +0530,
288,0,288,0,,,,,370.87371399998665,,,,,370.83301469963044,370.87371399998665,371.18091597990133,371.7366700996645,372.1147067998536,,,,,,,,,,,,,,,,,,,,,,,sub002_saurabh,001,2024-05-14_12h40.04.723,final_exp_1.2_v1_18012024,2023.2.3,60.01893001684973,2024-05-14 12h40.26.212928 +0530,
289,0,289,0,,,,,372.14984579989687,,,,,372.1164078996517,372.14984579989687,372.4976230796892,373.0267226998694,373.3979809996672,,,,,,,,,,,,,,,,,,,,,,,sub002_saurabh,001,2024-05-14_12h40.04.723,final_exp_1.2_v1_18012024,2023.2.3,60.01893001684973,2024-05-14 12h40.26.212928 +0530,
290,0,290,0,,,,,373.42954059969634,,,,,373.39971459982917,373.42954059969634,373.74766057985835,374.277644299902,374.68136509973556,,,,,,,,,,,,,,,,,,,,,,,sub002_saurabh,001,2024-05-14_12h40.04.723,final_exp_1.2_v1_18012024,2023.2.3,60.01893001684973,2024-05-14 12h40.26.212928 +0530,
291,0,291,0,,,,,374.70968770002946,,,,,374.6831049998291,374.70968770002946,374.99760277965106,375.60671520000324,375.96477859979495,,,,,,,,,,,,,,,,,,,,,,,sub002_saurabh,001,2024-05-14_12h40.04.723,final_exp_1.2_v1_18012024,2023.2.3,60.01893001684973,2024-05-14 12h40.26.212928 +0530,
292,0,292,0,,,,,375.9893775996752,,,,,375.9663878995925,375.9893775996752,376.364408680005,,377.247975199949,,,,,,,,,,,,,,,,,,,,,,,sub002_saurabh,001,2024-05-14_12h40.04.723,final_exp_1.2_v1_18012024,2023.2.3,60.01893001684973,2024-05-14 12h40.26.212928 +0530,
293,0,293,0,,,,,377.2695744000375,,,,,377.24974469980225,377.2695744000375,377.5644035798032,378.1068141995929,378.5313761997968,,,,,,,,,,,,,,,,,,,,,,,sub002_saurabh,001,2024-05-14_12h40.04.723,final_exp_1.2_v1_18012024,2023.2.3,60.01893001684973,2024-05-14 12h40.26.212928 +0530,
294,0,294,0,,,,,378.54909290000796,,,,,378.5331089999527,378.54909290000796,378.93095807987265,379.4777222997509,379.8157387999818,,,,,,,,,,,,,,,,,,,,,,,sub002_saurabh,001,2024-05-14_12h40.04.723,final_exp_1.2_v1_18012024,2023.2.3,60.01893001684973,2024-05-14 12h40.26.212928 +0530,
295,0,295,0,,,,,379.831349699758,,,,,379.81745549989864,379.831349699758,380.1809501799289,380.75765509996563,381.24602489965037,381.2922818996012,,,,,,,,,,,,,,,,,,,,,,sub002_saurabh,001,2024-05-14_12h40.04.723,final_exp_1.2_v1_18012024,2023.2.3,60.01893001684973,2024-05-14 12h40.26.212928 +0530,
296,0,296,0,,,,,381.2922818996012,,,,,381.2477594995871,381.2922818996012,381.5477835799102,382.1271102000028,382.5316118998453,,,,,,,,,,,,,,,,,,,,,,,sub002_saurabh,001,2024-05-14_12h40.04.723,final_exp_1.2_v1_18012024,2023.2.3,60.01893001684973,2024-05-14 12h40.26.212928 +0530,
297,0,297,0,,,,,382.57260699989274,,,,,382.5333321997896,382.57260699989274,382.84770587994717,383.4576903996058,383.8146873996593,,,,,,,,,,,,,,,,,,,,,,,sub002_saurabh,001,2024-05-14_12h40.04.723,final_exp_1.2_v1_18012024,2023.2.3,60.01893001684973,2024-05-14 12h40.26.212928 +0530,
298,0,298,0,,,,,383.851758599747,,,,,383.81643039966,383.851758599747,384.1311582799535,384.67699219984934,385.0980677995831,,,,,,,,,,,,,,,,,,,,,,,sub002_saurabh,001,2024-05-14_12h40.04.723,final_exp_1.2_v1_18012024,2023.2.3,60.01893001684973,2024-05-14 12h40.26.212928 +0530,
299,0,299,0,,,,,385.13348779967055,,,,,385.09978439984843,385.13348779967055,385.43104727962054,386.00678029982373,386.3814840000123,,,,,,,,,,,,,,,,,,,,,,,sub002_saurabh,001,2024-05-14_12h40.04.723,final_exp_1.2_v1_18012024,2023.2.3,60.01893001684973,2024-05-14 12h40.26.212928 +0530,
300,0,300,0,,,,,386.4125382998027,,,,,386.3831973997876,386.4125382998027,386.76439187978394,387.3267831997946,387.6648732996546,,,,,,,,,,,,,,,,,,,,,,,sub002_saurabh,001,2024-05-14_12h40.04.723,final_exp_1.2_v1_18012024,2023.2.3,60.01893001684973,2024-05-14 12h40.26.212928 +0530,
301,0,301,0,,,,,387.6929933000356,,,,,387.66651629982516,387.6929933000356,388.0478220798541,388.6067762998864,388.94813419971615,,,,,,,,,,,,,,,,,,,,,,,sub002_saurabh,001,2024-05-14_12h40.04.723,final_exp_1.2_v1_18012024,2023.2.3,60.01893001684973,2024-05-14 12h40.26.212928 +0530,
302,0,302,0,,,,,388.9725676998496,,,,,388.9499207995832,388.9725676998496,389.26458597998135,389.87685110000893,390.2318900995888,,,,,,,,,,,,,,,,,,,,,,,sub002_saurabh,001,2024-05-14_12h40.04.723,final_exp_1.2_v1_18012024,2023.2.3,60.01893001684973,2024-05-14 12h40.26.212928 +0530,
303,0,303,0,,,,,390.2523992997594,,,,,390.233618399594,390.2523992997594,390.63098767981865,,391.51487159961835,,,,,,,,,,,,,,,,,,,,,,,sub002_saurabh,001,2024-05-14_12h40.04.723,final_exp_1.2_v1_18012024,2023.2.3,60.01893001684973,2024-05-14 12h40.26.212928 +0530,
304,0,304,0,,,,,391.5321954996325,,,,,391.51661289995536,391.5321954996325,391.89766107988544,392.40696379961446,392.79852749966085,,,,,,,,,,,,,,,,,,,,,,,sub002_saurabh,001,2024-05-14_12h40.04.723,final_exp_1.2_v1_18012024,2023.2.3,60.01893001684973,2024-05-14 12h40.26.212928 +0530,
305,0,305,0,,,,,392.8149466998875,,,,,392.8002323997207,392.8149466998875,393.13145847967826,393.6578611996956,394.0815576999448,,,,,,,,,,,,,,,,,,,,,,,sub002_saurabh,001,2024-05-14_12h40.04.723,final_exp_1.2_v1_18012024,2023.2.3,60.01893001684973,2024-05-14 12h40.26.212928 +0530,
306,0,306,0,,,,,394.09848549962044,,,,,394.0832341997884,394.09848549962044,394.4143450798001,394.9567457996309,395.3647326999344,,,,,,,,,,,,,,,,,,,,,,,sub002_saurabh,001,2024-05-14_12h40.04.723,final_exp_1.2_v1_18012024,2023.2.3,60.01893001684973,2024-05-14 12h40.26.212928 +0530,
307,0,307,0,,,,,395.3812845996581,,,,,395.36644429992884,395.3812845996581,395.7310964798089,396.307986299973,396.64793769968674,,,,,,,,,,,,,,,,,,,,,,,sub002_saurabh,001,2024-05-14_12h40.04.723,final_exp_1.2_v1_18012024,2023.2.3,60.01893001684973,2024-05-14 12h40.26.212928 +0530,
308,0,308,0,,,,,396.69337719958276,,,,,396.6496261996217,396.69337719958276,397.03112417995,397.6370492996648,397.9314589998685,,,,,,,,,,,,,,,,,,,,,,,sub002_saurabh,001,2024-05-14_12h40.04.723,final_exp_1.2_v1_18012024,2023.2.3,60.01893001684973,2024-05-14 12h40.26.212928 +0530,
309,0,309,0,,,,,397.97274019988254,,,,,397.93323569977656,397.97274019988254,398.31447207997553,398.8577209999785,399.2152461996302,,,,,,,,,,,,,,,,,,,,,,,sub002_saurabh,001,2024-05-14_12h40.04.723,final_exp_1.2_v1_18012024,2023.2.3,60.01893001684973,2024-05-14 12h40.26.212928 +0530,
310,0,310,0,,,,,399.2527664997615,,,,,399.2169654997997,399.2527664997615,399.5479348797817,400.057822200004,400.49821949983016,,,,,,,,,,,,,,,,,,,,,,,sub002_saurabh,001,2024-05-14_12h40.04.723,final_exp_1.2_v1_18012024,2023.2.3,60.01893001684973,2024-05-14 12h40.26.212928 +0530,
311,0,311,0,,,,,400.53191259969026,,,,,400.4999303999357,400.53191259969026,400.86481327959336,401.42782250000164,401.781500400044,,,,,,,,,,,,,,,,,,,,,,,sub002_saurabh,001,2024-05-14_12h40.04.723,final_exp_1.2_v1_18012024,2023.2.3,60.01893001684973,2024-05-14 12h40.26.212928 +0530,
312,0,312,0,,,,,401.81312619987875,,,,,401.7831371999346,401.81312619987875,402.1145230799448,402.6577714998275,403.06493610003963,,,,,,,,,,,,,,,,,,,,,,,sub002_saurabh,001,2024-05-14_12h40.04.723,final_exp_1.2_v1_18012024,2023.2.3,60.01893001684973,2024-05-14 12h40.26.212928 +0530,
313,0,313,0,,,,,403.0924280998297,,,,,403.06661310000345,403.0924280998297,403.38095267978497,403.9869939000346,404.3482885998674,,,,,,,,,,,,,,,,,,,,,,,sub002_saurabh,001,2024-05-14_12h40.04.723,final_exp_1.2_v1_18012024,2023.2.3,60.01893001684973,2024-05-14 12h40.26.212928 +0530,
314,0,314,0,,,,,404.37262779986486,,,,,404.3499951995909,404.37262779986486,404.681259379955,405.236959700007,405.6315506999381,,,,,,,,,,,,,,,,,,,,,,,sub002_saurabh,001,2024-05-14_12h40.04.723,final_exp_1.2_v1_18012024,2023.2.3,60.01893001684973,2024-05-14 12h40.26.212928 +0530,
315,0,315,0,,,,,405.6531670000404,,,,,405.6332506998442,405.6531670000404,405.9645017797593,406.4861331996508,406.9148870999925,,,,,,,,,,,,,,,,,,,,,,,sub002_saurabh,001,2024-05-14_12h40.04.723,final_exp_1.2_v1_18012024,2023.2.3,60.01893001684973,2024-05-14 12h40.26.212928 +0530,
316,0,316,0,,,,,406.93230429990217,,,,,406.91666319966316,406.93230429990217,407.23114957963116,407.78682319959626,408.1989885997027,,,,,,,,,,,,,,,,,,,,,,,sub002_saurabh,001,2024-05-14_12h40.04.723,final_exp_1.2_v1_18012024,2023.2.3,60.01893001684973,2024-05-14 12h40.26.212928 +0530,
317,0,317,0,,,,,408.214954899624,,,,,408.20072409976274,408.214954899624,408.5145601800177,409.12692389963195,409.6288023996167,409.67537879990414,,,,,,,,,,,,,,,,,,,,,,sub002_saurabh,001,2024-05-14_12h40.04.723,final_exp_1.2_v1_18012024,2023.2.3,60.01893001684973,2024-05-14 12h40.26.212928 +0530,
318,0,318,0,,,,,409.67537879990414,,,,,409.63055769959465,409.67537879990414,409.98120747995563,410.5869735996239,410.9149426999502,,,,,,,,,,,,,,,,,,,,,,,sub002_saurabh,001,2024-05-14_12h40.04.723,final_exp_1.2_v1_18012024,2023.2.3,60.01893001684973,2024-05-14 12h40.26.212928 +0530,
319,0,319,0,,,,,410.9541944996454,,,,,410.9166856999509,410.9541944996454,411.264535079943,411.83802889985964,412.19961469992995,,,,,,,,,,,,,,,,,,,,,,,sub002_saurabh,001,2024-05-14_12h40.04.723,final_exp_1.2_v1_18012024,2023.2.3,60.01893001684973,2024-05-14 12h40.26.212928 +0530,
320,0,320,0,,,,,412.23464679997414,,,,,412.20166929997504,412.23464679997414,412.54835977987386,413.10692719975486,413.4984005000442,,,,,,,,,,,,,,,,,,,,,,,sub002_saurabh,001,2024-05-14_12h40.04.723,final_exp_1.2_v1_18012024,2023.2.3,60.01893001684973,2024-05-14 12h40.26.212928 +0530,
321,0,321,0,,,,,413.51488869963214,,,,,413.5001429999247,413.51488869963214,413.89794717985205,414.47801909968257,414.78161069983616,,,,,,,,,,,,,,,,,,,,,,,sub002_saurabh,001,2024-05-14_12h40.04.723,final_exp_1.2_v1_18012024,2023.2.3,60.01893001684973,2024-05-14 12h40.26.212928 +0530,
322,0,322,0,,,,,414.7979575996287,,,,,414.7833572998643,414.7979575996287,415.1645164799411,415.7277926998213,416.0649488000199,,,,,,,,,,,,,,,,,,,,,,,sub002_saurabh,001,2024-05-14_12h40.04.723,final_exp_1.2_v1_18012024,2023.2.3,60.01893001684973,2024-05-14 12h40.26.212928 +0530,
323,0,323,0,,,,,416.0816758000292,,,,,416.06669689994305,416.0816758000292,416.4312499796506,417.02700849995017,417.34826299967244,,,,,,,,,,,,,,,,,,,,,,,sub002_saurabh,001,2024-05-14_12h40.04.723,final_exp_1.2_v1_18012024,2023.2.3,60.01893001684973,2024-05-14 12h40.26.212928 +0530,
324,0,324,0,,,,,417.3647737996653,,,,,417.3499202998355,417.3647737996653,417.7479212798644,418.33706649998203,418.6326486999169,,,,,,,,,,,,,,,,,,,,,,,sub002_saurabh,001,2024-05-14_12h40.04.723,final_exp_1.2_v1_18012024,2023.2.3,60.01893001684973,2024-05-14 12h40.26.212928 +0530,
325,0,325,0,,,,,418.67534559965134,,,,,418.6343348999508,418.67534559965134,419.031213079812,419.6377507997677,419.9316120999865,,,,,,,,,,,,,,,,,,,,,,,sub002_saurabh,001,2024-05-14_12h40.04.723,final_exp_1.2_v1_18012024,2023.2.3,60.01893001684973,2024-05-14 12h40.26.212928 +0530,
326,0,326,0,,,,,419.9545993995853,,,,,419.933299199678,419.9545993995853,420.23110567987897,420.8270643996075,421.2148695997894,,,,,,,,,,,,,,,,,,,,,,,sub002_saurabh,001,2024-05-14_12h40.04.723,final_exp_1.2_v1_18012024,2023.2.3,60.01893001684973,2024-05-14 12h40.26.212928 +0530,
327,0,327,0,,,,,421.2342636999674,,,,,421.2165627996437,421.2342636999674,421.54789427970536,422.08774539968,422.49880319973454,,,,,,,,,,,,,,,,,,,,,,,sub002_saurabh,001,2024-05-14_12h40.04.723,final_exp_1.2_v1_18012024,2023.2.3,60.01893001684973,2024-05-14 12h40.26.212928 +0530,
328,0,328,0,,,,,422.51515089999884,,,,,422.5004873997532,422.51515089999884,422.8480061797891,423.4077752996236,423.93025959981605,423.9766174997203,,,,,,,,,,,,,,,,,,,,,,sub002_saurabh,001,2024-05-14_12h40.04.723,final_exp_1.2_v1_18012024,2023.2.3,60.01893001684973,2024-05-14 12h40.26.212928 +0530,
329,0,329,0,,,,,423.9766174997203,,,,,423.9320357996039,423.9766174997203,424.3316285798792,424.88704529963434,425.21496919961646,,,,,,,,,,,,,,,,,,,,,,,sub002_saurabh,001,2024-05-14_12h40.04.723,final_exp_1.2_v1_18012024,2023.2.3,60.01893001684973,2024-05-14 12h40.26.212928 +0530,
330,0,330,0,,,,,425.25567189976573,,,,,425.21668259985745,425.25567189976573,425.5146719797049,426.12705869972706,426.498356399592,,,,,,,,,,,,,,,,,,,,,,,sub002_saurabh,001,2024-05-14_12h40.04.723,final_exp_1.2_v1_18012024,2023.2.3,60.01893001684973,2024-05-14 12h40.26.212928 +0530,
331,0,331,0,,,,,426.53656739974394,,,,,426.50009859958664,426.53656739974394,426.8979765798431,427.47706269985065,427.7816957999021,,,,,,,,,,,,,,,,,,,,,,,sub002_saurabh,001,2024-05-14_12h40.04.723,final_exp_1.2_v1_18012024,2023.2.3,60.01893001684973,2024-05-14 12h40.26.212928 +0530,
332,0,332,0,,,,,427.81548259966075,,,,,427.78339249966666,427.81548259966075,428.1146957797464,428.6372024999,429.065020899754,,,,,,,,,,,,,,,,,,,,,,,sub002_saurabh,001,2024-05-14_12h40.04.723,final_exp_1.2_v1_18012024,2023.2.3,60.01893001684973,2024-05-14 12h40.26.212928 +0530,
333,0,333,0,,,,,429.09641959983855,,,,,429.0667130998336,429.09641959983855,429.3646831798833,429.90804789960384,430.34842219995335,,,,,,,,,,,,,,,,,,,,,,,sub002_saurabh,001,2024-05-14_12h40.04.723,final_exp_1.2_v1_18012024,2023.2.3,60.01893001684973,2024-05-14 12h40.26.212928 +0530,
334,0,334,0,,,,,430.37727809976786,,,,,430.3501672996208,430.37727809976786,430.6479268798139,431.2371176998131,431.63172309985384,,,,,,,,,,,,,,,,,,,,,,,sub002_saurabh,001,2024-05-14_12h40.04.723,final_exp_1.2_v1_18012024,2023.2.3,60.01893001684973,2024-05-14 12h40.26.212928 +0530,
335,0,335,0,,,,,431.65577319962904,,,,,431.6334665999748,431.65577319962904,431.93131697992794,432.49813879979774,432.915242199786,,,,,,,,,,,,,,,,,,,,,,,sub002_saurabh,001,2024-05-14_12h40.04.723,final_exp_1.2_v1_18012024,2023.2.3,60.01893001684973,2024-05-14 12h40.26.212928 +0530,
336,0,336,0,,,,,432.93571379967034,,,,,432.91700419969857,432.93571379967034,433.2646385796834,433.8069647997618,434.19831490004435,,,,,,,,,,,,,,,,,,,,,,,sub002_saurabh,001,2024-05-14_12h40.04.723,final_exp_1.2_v1_18012024,2023.2.3,60.01893001684973,2024-05-14 12h40.26.212928 +0530,
337,0,337,0,,,,,434.21569069987163,,,,,434.20002999994904,434.21569069987163,434.5980280798394,435.1078587998636,435.4821677999571,,,,,,,,,,,,,,,,,,,,,,,sub002_saurabh,001,2024-05-14_12h40.04.723,final_exp_1.2_v1_18012024,2023.2.3,60.01893001684973,2024-05-14 12h40.26.212928 +0530,
338,0,338,0,,,,,435.4985765996389,,,,,435.4839472998865,435.4985765996389,435.78119127987884,436.38784939981997,436.7650854997337,,,,,,,,,,,,,,,,,,,,,,,sub002_saurabh,001,2024-05-14_12h40.04.723,final_exp_1.2_v1_18012024,2023.2.3,60.01893001684973,2024-05-14 12h40.26.212928 +0530,
339,0,339,0,,,,,436.7815131000243,,,,,436.76686899969354,436.7815131000243,437.14794507971965,437.73800319992006,438.04832339985296,,,,,,,,,,,,,,,,,,,,,,,sub002_saurabh,001,2024-05-14_12h40.04.723,final_exp_1.2_v1_18012024,2023.2.3,60.01893001684973,2024-05-14 12h40.26.212928 +0530,
340,0,340,0,,,,,438.064836199861,,,,,438.05011259997264,438.064836199861,438.41463178000413,438.97799699986354,439.33222540002316,,,,,,,,,,,,,,,,,,,,,,,sub002_saurabh,001,2024-05-14_12h40.04.723,final_exp_1.2_v1_18012024,2023.2.3,60.01893001684973,2024-05-14 12h40.26.212928 +0530,
341,0,341,0,,,,,439.37638269970194,,,,,439.3339543999173,439.37638269970194,439.68141027982347,440.2071345997974,440.61512389965355,,,,,,,,,,,,,,,,,,,,,,,sub002_saurabh,001,2024-05-14_12h40.04.723,final_exp_1.2_v1_18012024,2023.2.3,60.01893001684973,2024-05-14 12h40.26.212928 +0530,
342,0,342,0,,,,,440.65601229993626,,,,,440.6168622998521,440.65601229993626,440.99801867990755,441.5880582998507,441.89844789961353,,,,,,,,,,,,,,,,,,,,,,,sub002_saurabh,001,2024-05-14_12h40.04.723,final_exp_1.2_v1_18012024,2023.2.3,60.01893001684973,2024-05-14 12h40.26.212928 +0530,
343,0,343,0,,,,,441.9363780999556,,,,,441.9001370999031,441.9363780999556,442.2813035796862,442.8770707999356,443.1817944999784,,,,,,,,,,,,,,,,,,,,,,,sub002_saurabh,001,2024-05-14_12h40.04.723,final_exp_1.2_v1_18012024,2023.2.3,60.01893001684973,2024-05-14 12h40.26.212928 +0530,
344,0,344,0,,,,,443.21587229985744,,,,,443.1835636999458,443.21587229985744,443.5482668799814,444.15720239980146,444.46550539974123,,,,,,,,,,,,,,,,,,,,,,,sub002_saurabh,001,2024-05-14_12h40.04.723,final_exp_1.2_v1_18012024,2023.2.3,60.01893001684973,2024-05-14 12h40.26.212928 +0530,
345,0,345,0,,,,,444.49627769971266,,,,,444.467221299652,444.49627769971266,444.78133667982183,,445.748312599957,,,,,,,,,,,,,,,,,,,,,,,sub002_saurabh,001,2024-05-14_12h40.04.723,final_exp_1.2_v1_18012024,2023.2.3,60.01893001684973,2024-05-14 12h40.26.212928 +0530,
346,0,346,0,,,,,445.77634519990534,,,,,445.7500549997203,445.77634519990534,446.13178237969987,446.7080408995971,447.0317336996086,,,,,,,,,,,,,,,,,,,,,,,sub002_saurabh,001,2024-05-14_12h40.04.723,final_exp_1.2_v1_18012024,2023.2.3,60.01893001684973,2024-05-14 12h40.26.212928 +0530,
347,0,347,0,,,,,447.05532279983163,,,,,447.03348229965195,447.05532279983163,447.41470587975346,448.0280373999849,448.31518149981275,,,,,,,,,,,,,,,,,,,,,,,sub002_saurabh,001,2024-05-14_12h40.04.723,final_exp_1.2_v1_18012024,2023.2.3,60.01893001684973,2024-05-14 12h40.26.212928 +0530,
348,0,348,0,,,,,448.3353539998643,,,,,448.31695039989427,448.3353539998643,448.7147315798793,449.25830929959193,449.5984886996448,,,,,,,,,,,,,,,,,,,,,,,sub002_saurabh,001,2024-05-14_12h40.04.723,final_exp_1.2_v1_18012024,2023.2.3,60.01893001684973,2024-05-14 12h40.26.212928 +0530,
349,0,349,0,,,,,449.61680680001155,,,,,449.6002213996835,449.61680680001155,449.9480198796373,450.55716879991814,450.881801399868,,,,,,,,,,,,,,,,,,,,,,,sub002_saurabh,001,2024-05-14_12h40.04.723,final_exp_1.2_v1_18012024,2023.2.3,60.01893001684973,2024-05-14 12h40.26.212928 +0530,
350,0,350,0,,,,,450.8984878999181,,,,,450.8834517998621,450.8984878999181,451.2813980795909,451.86729079997167,452.16504519991577,,,,,,,,,,,,,,,,,,,,,,,sub002_saurabh,001,2024-05-14_12h40.04.723,final_exp_1.2_v1_18012024,2023.2.3,60.01893001684973,2024-05-14 12h40.26.212928 +0530,
351,0,351,0,,,,,452.18199089961126,,,,,452.16676539974287,452.18199089961126,452.5314139795955,453.1275113997981,453.44841660000384,,,,,,,,,,,,,,,,,,,,,,,sub002_saurabh,001,2024-05-14_12h40.04.723,final_exp_1.2_v1_18012024,2023.2.3,60.01893001684973,2024-05-14 12h40.26.212928 +0530,
352,0,352,0,,,,,453.46485259989277,,,,,453.45008549978957,453.46485259989277,453.8316796796862,454.4282031999901,454.7317368998192,,,,,,,,,,,,,,,,,,,,,,,sub002_saurabh,001,2024-05-14_12h40.04.723,final_exp_1.2_v1_18012024,2023.2.3,60.01893001684973,2024-05-14 12h40.26.212928 +0530,
353,0,353,0,,,,,454.7758696996607,,,,,454.73339079972357,454.7758696996607,455.04813578003086,455.60722909960896,456.0151847996749,,,,,,,,,,,,,,,,,,,,,,,sub002_saurabh,001,2024-05-14_12h40.04.723,final_exp_1.2_v1_18012024,2023.2.3,60.01893001684973,2024-05-14 12h40.26.212928 +0530,
354,0,354,0,,,,,456.05599149968475,,,,,456.0168862999417,456.05599149968475,456.314729079837,456.86729989992455,457.2986002997495,,,,,,,,,,,,,,,,,,,,,,,sub002_saurabh,001,2024-05-14_12h40.04.723,final_exp_1.2_v1_18012024,2023.2.3,60.01893001684973,2024-05-14 12h40.26.212928 +0530,
355,0,355,0,,,,,457.3357438999228,,,,,457.30032469984144,457.3357438999228,457.69870307971723,458.2373370998539,458.5819027996622,,,,,,,,,,,,,,,,,,,,,,,sub002_saurabh,001,2024-05-14_12h40.04.723,final_exp_1.2_v1_18012024,2023.2.3,60.01893001684973,2024-05-14 12h40.26.212928 +0530,
356,0,356,0,,,,,458.61560030002147,,,,,458.58364239986986,458.61560030002147,458.9313396799844,459.5380799998529,459.86522219982,,,,,,,,,,,,,,,,,,,,,,,sub002_saurabh,001,2024-05-14_12h40.04.723,final_exp_1.2_v1_18012024,2023.2.3,60.01893001684973,2024-05-14 12h40.26.212928 +0530,
357,0,357,0,,,,,459.89637299999595,,,,,459.8670005998574,459.89637299999595,460.26464697974734,460.8672336000018,461.14853719994426,,,,,,,,,,,,,,,,,,,,,,,sub002_saurabh,001,2024-05-14_12h40.04.723,final_exp_1.2_v1_18012024,2023.2.3,60.01893001684973,2024-05-14 12h40.26.212928 +0530,
358,0,358,0,,,,,461.1769200996496,,,,,461.1501679997891,461.1769200996496,461.46476767980494,462.0370087996125,462.43194179981947,,,,,,,,,,,,,,,,,,,,,,,sub002_saurabh,001,2024-05-14_12h40.04.723,final_exp_1.2_v1_18012024,2023.2.3,60.01893001684973,2024-05-14 12h40.26.212928 +0530,
359,0,359,0,,,,,462.4554363996722,,,,,462.43361789966,462.4554363996722,462.83142367959954,463.38819579966366,463.7159385997802,,,,,,,,,,,,,,,,,,,,,,,sub002_saurabh,001,2024-05-14_12h40.04.723,final_exp_1.2_v1_18012024,2023.2.3,60.01893001684973,2024-05-14 12h40.26.212928 +0530,
360,0,360,0,,,,,463.7362576997839,,,,,463.7177039999515,463.7362576997839,464.0815055796411,464.6073066997342,465.0152623998001,,,,,,,,,,,,,,,,,,,,,,,sub002_saurabh,001,2024-05-14_12h40.04.723,final_exp_1.2_v1_18012024,2023.2.3,60.01893001684973,2024-05-14 12h40.26.212928 +0530,
361,0,361,0,,,,,465.0565231000073,,,,,465.0170247997157,465.0565231000073,465.34808717970736,465.9572097999044,466.2987695997581,,,,,,,,,,,,,,,,,,,,,,,sub002_saurabh,001,2024-05-14_12h40.04.723,final_exp_1.2_v1_18012024,2023.2.3,60.01893001684973,2024-05-14 12h40.26.212928 +0530,
362,0,362,0,,,,,466.3357523996383,,,,,466.3004501997493,466.3357523996383,466.69813937996514,467.2581537999213,467.5819264999591,,,,,,,,,,,,,,,,,,,,,,,sub002_saurabh,001,2024-05-14_12h40.04.723,final_exp_1.2_v1_18012024,2023.2.3,60.01893001684973,2024-05-14 12h40.26.212928 +0530,
363,0,363,0,,,,,467.6159783997573,,,,,467.5836241999641,467.6159783997573,467.8814750800375,468.4371561999433,468.865229499992,,,,,,,,,,,,,,,,,,,,,,,sub002_saurabh,001,2024-05-14_12h40.04.723,final_exp_1.2_v1_18012024,2023.2.3,60.01893001684973,2024-05-14 12h40.26.212928 +0530,
364,0,364,0,,,,,468.8963607000187,,,,,468.8668917999603,468.8963607000187,469.1813981796149,469.78725969977677,470.14854419976473,,,,,,,,,,,,,,,,,,,,,,,sub002_saurabh,001,2024-05-14_12h40.04.723,final_exp_1.2_v1_18012024,2023.2.3,60.01893001684973,2024-05-14 12h40.26.212928 +0530,
365,0,365,0,,,,,470.1761420997791,,,,,470.1502764998004,470.1761420997791,470.5148602796253,471.1083534997888,471.43191369995475,,,,,,,,,,,,,,,,,,,,,,,sub002_saurabh,001,2024-05-14_12h40.04.723,final_exp_1.2_v1_18012024,2023.2.3,60.01893001684973,2024-05-14 12h40.26.212928 +0530,
366,0,366,0,,,,,471.45683049969375,,,,,471.4336844999343,471.45683049969375,471.83162007969804,472.3780888998881,472.71590700000525,,,,,,,,,,,,,,,,,,,,,,,sub002_saurabh,001,2024-05-14_12h40.04.723,final_exp_1.2_v1_18012024,2023.2.3,60.01893001684973,2024-05-14 12h40.26.212928 +0530,
367,0,367,0,,,,,472.7365839998238,,,,,472.7176536000334,472.7365839998238,473.0816105797421,473.61809309991077,474.01576839992777,,,,,,,,,,,,,,,,,,,,,,,sub002_saurabh,001,2024-05-14_12h40.04.723,final_exp_1.2_v1_18012024,2023.2.3,60.01893001684973,2024-05-14 12h40.26.212928 +0530,
368,0,368,0,,,,,474.05701919971034,,,,,474.017459299881,474.05701919971034,474.34816587972455,474.93830189993605,475.29866239987314,,,,,,,,,,,,,,,,,,,,,,,sub002_saurabh,001,2024-05-14_12h40.04.723,final_exp_1.2_v1_18012024,2023.2.3,60.01893001684973,2024-05-14 12h40.26.212928 +0530,
369,0,369,0,,,,,475.33594789961353,,,,,475.3003567997366,475.33594789961353,475.6648420796264,476.2072072997689,476.582062699832,,,,,,,,,,,,,,,,,,,,,,,sub002_saurabh,001,2024-05-14_12h40.04.723,final_exp_1.2_v1_18012024,2023.2.3,60.01893001684973,2024-05-14 12h40.26.212928 +0530,
370,0,370,0,,,,,476.6168080000207,,,,,476.5837808996439,476.6168080000207,476.91494237980805,477.4773491998203,477.86535889981315,,,,,,,,,,,,,,,,,,,,,,,sub002_saurabh,001,2024-05-14_12h40.04.723,final_exp_1.2_v1_18012024,2023.2.3,60.01893001684973,2024-05-14 12h40.26.212928 +0530,
371,0,371,0,,,,,477.89659019978717,,,,,477.8670801999979,477.89659019978717,478.2481309797149,478.7573839998804,479.148722499609,,,,,,,,,,,,,,,,,,,,,,,sub002_saurabh,001,2024-05-14_12h40.04.723,final_exp_1.2_v1_18012024,2023.2.3,60.01893001684973,2024-05-14 12h40.26.212928 +0530,
372,0,372,0,,,,,479.17523929988965,,,,,479.15045759966597,479.17523929988965,479.49829777958803,480.0582821997814,480.4320226996206,,,,,,,,,,,,,,,,,,,,,,,sub002_saurabh,001,2024-05-14_12h40.04.723,final_exp_1.2_v1_18012024,2023.2.3,60.01893001684973,2024-05-14 12h40.26.212928 +0530,
373,0,373,0,,,,,480.4558774000034,,,,,480.43369539966807,480.4558774000034,480.74819217971526,481.2774116997607,481.71538359997794,,,,,,,,,,,,,,,,,,,,,,,sub002_saurabh,001,2024-05-14_12h40.04.723,final_exp_1.2_v1_18012024,2023.2.3,60.01893001684973,2024-05-14 12h40.26.212928 +0530,
374,0,374,0,,,,,481.73604599991813,,,,,481.7171330996789,481.73604599991813,482.0148509799037,482.5383599996567,482.9986856998876,,,,,,,,,,,,,,,,,,,,,,,sub002_saurabh,001,2024-05-14_12h40.04.723,final_exp_1.2_v1_18012024,2023.2.3,60.01893001684973,2024-05-14 12h40.26.212928 +0530,
375,0,375,0,,,,,483.01612229971215,,,,,483.0004420997575,483.01612229971215,483.3653823796194,483.93803850002587,484.2820095997304,,,,,,,,,,,,,,,,,,,,,,,sub002_saurabh,001,2024-05-14_12h40.04.723,final_exp_1.2_v1_18012024,2023.2.3,60.01893001684973,2024-05-14 12h40.26.212928 +0530,
376,0,376,0,,,,,484.2985224998556,,,,,484.2837429000065,484.2985224998556,484.6648801800329,485.26728549972177,485.5652294997126,,,,,,,,,,,,,,,,,,,,,,,sub002_saurabh,001,2024-05-14_12h40.04.723,final_exp_1.2_v1_18012024,2023.2.3,60.01893001684973,2024-05-14 12h40.26.212928 +0530,
377,0,377,0,,,,,485.5821680999361,,,,,485.56691719964147,485.5821680999361,485.9484286799561,486.5274806995876,486.8487851996906,,,,,,,,,,,,,,,,,,,,,,,sub002_saurabh,001,2024-05-14_12h40.04.723,final_exp_1.2_v1_18012024,2023.2.3,60.01893001684973,2024-05-14 12h40.26.212928 +0530,
378,0,378,0,,,,,486.8654661998153,,,,,486.8505237000063,486.8654661998153,487.24832777981646,487.7874818998389,488.13238799991086,,,,,,,,,,,,,,,,,,,,,,,sub002_saurabh,001,2024-05-14_12h40.04.723,final_exp_1.2_v1_18012024,2023.2.3,60.01893001684973,2024-05-14 12h40.26.212928 +0530,
379,0,379,0,,,,,488.17611559992656,,,,,488.13412769977003,488.17611559992656,488.44831577991135,489.03736359998584,489.4158744998276,,,,,,,,,,,,,,,,,,,,,,,sub002_saurabh,001,2024-05-14_12h40.04.723,final_exp_1.2_v1_18012024,2023.2.3,60.01893001684973,2024-05-14 12h40.26.212928 +0530,
380,0,380,0,,,,,489.4558245996013,,,,,489.4175362996757,489.4558245996013,489.71506707998924,,490.6987906997092,,,,,,,,,,,,,,,,,,,,,,,sub002_saurabh,001,2024-05-14_12h40.04.723,final_exp_1.2_v1_18012024,2023.2.3,60.01893001684973,2024-05-14 12h40.26.212928 +0530,
381,0,381,0,,,,,490.7356912000105,,,,,490.7004660000093,490.7356912000105,490.99843107978813,491.57814469980076,491.98204909963533,,,,,,,,,,,,,,,,,,,,,,,sub002_saurabh,001,2024-05-14_12h40.04.723,final_exp_1.2_v1_18012024,2023.2.3,60.01893001684973,2024-05-14 12h40.26.212928 +0530,
382,0,382,0,,,,,492.0158921997063,,,,,491.9838433996774,492.0158921997063,492.3815678798128,492.9380673998967,493.2662926996127,,,,,,,,,,,,,,,,,,,,,,,sub002_saurabh,001,2024-05-14_12h40.04.723,final_exp_1.2_v1_18012024,2023.2.3,60.01893001684973,2024-05-14 12h40.26.212928 +0530,
383,0,383,0,,,,,493.29581679962575,,,,,493.2680650996044,493.29581679962575,493.61503437976353,494.2283452996053,494.56520429998636,,,,,,,,,,,,,,,,,,,,,,,sub002_saurabh,001,2024-05-14_12h40.04.723,final_exp_1.2_v1_18012024,2023.2.3,60.01893001684973,2024-05-14 12h40.26.212928 +0530,
384,0,384,0,,,,,494.5822697998956,,,,,494.5668966998346,494.5822697998956,494.86490217992105,495.4582593999803,495.8487231996842,,,,,,,,,,,,,,,,,,,,,,,sub002_saurabh,001,2024-05-14_12h40.04.723,final_exp_1.2_v1_18012024,2023.2.3,60.01893001684973,2024-05-14 12h40.26.212928 +0530,
385,0,385,0,,,,,495.8651478998363,,,,,495.85039899963886,495.8651478998363,496.18165577971376,496.7275778995827,497.13258689967915,,,,,,,,,,,,,,,,,,,,,,,sub002_saurabh,001,2024-05-14_12h40.04.723,final_exp_1.2_v1_18012024,2023.2.3,60.01893001684973,2024-05-14 12h40.26.212928 +0530,
386,0,386,0,,,,,497.1758707999252,,,,,497.134331099689,497.1758707999252,497.4817230796907,498.0284066996537,498.4154713000171,,,,,,,,,,,,,,,,,,,,,,,sub002_saurabh,001,2024-05-14_12h40.04.723,final_exp_1.2_v1_18012024,2023.2.3,60.01893001684973,2024-05-14 12h40.26.212928 +0530,
387,0,387,0,,,,,498.4571302998811,,,,,498.4171489998698,498.4571302998811,498.7983996795956,499.40751519985497,499.698909800034,,,,,,,,,,,,,,,,,,,,,,,sub002_saurabh,001,2024-05-14_12h40.04.723,final_exp_1.2_v1_18012024,2023.2.3,60.01893001684973,2024-05-14 12h40.26.212928 +0530,
388,0,388,0,,,,,499.7370219998993,,,,,499.70054979994893,499.7370219998993,500.0982001798693,500.60751819983125,500.9825164997019,,,,,,,,,,,,,,,,,,,,,,,sub002_saurabh,001,2024-05-14_12h40.04.723,final_exp_1.2_v1_18012024,2023.2.3,60.01893001684973,2024-05-14 12h40.26.212928 +0530,
389,0,389,0,,,,,501.0163598000072,,,,,500.98418849986047,501.0163598000072,501.33161758002825,501.9385000998154,502.26591969979927,,,,,,,,,,,,,,,,,,,,,,,sub002_saurabh,001,2024-05-14_12h40.04.723,final_exp_1.2_v1_18012024,2023.2.3,60.01893001684973,2024-05-14 12h40.26.212928 +0530,
390,0,390,0,,,,,502.2962309997529,,,,,502.2676209998317,502.2962309997529,502.64836107962765,503.17811629967764,503.54891149979085,,,,,,,,,,,,,,,,,,,,,,,sub002_saurabh,001,2024-05-14_12h40.04.723,final_exp_1.2_v1_18012024,2023.2.3,60.01893001684973,2024-05-14 12h40.26.212928 +0530,
391,0,391,0,,,,,503.57638609968126,,,,,503.5506135998294,503.57638609968126,503.8982677797321,504.4284635996446,504.83204779960215,,,,,,,,,,,,,,,,,,,,,,,sub002_saurabh,001,2024-05-14_12h40.04.723,final_exp_1.2_v1_18012024,2023.2.3,60.01893001684973,2024-05-14 12h40.26.212928 +0530,
392,0,392,0,,,,,504.85649699997157,,,,,504.83373589999974,504.85649699997157,505.21502407989465,505.78758319979534,506.1154753998853,,,,,,,,,,,,,,,,,,,,,,,sub002_saurabh,001,2024-05-14_12h40.04.723,final_exp_1.2_v1_18012024,2023.2.3,60.01893001684973,2024-05-14 12h40.26.212928 +0530,
393,0,393,0,,,,,506.1361719998531,,,,,506.11723979981616,506.1361719998531,506.51518147974275,,507.3987933997996,,,,,,,,,,,,,,,,,,,,,,,sub002_saurabh,001,2024-05-14_12h40.04.723,final_exp_1.2_v1_18012024,2023.2.3,60.01893001684973,2024-05-14 12h40.26.212928 +0530,
394,0,394,0,,,,,507.4156685997732,,,,,507.40044560004026,507.4156685997732,507.7486513799522,508.35761749977246,508.6821170998737,,,,,,,,,,,,,,,,,,,,,,,sub002_saurabh,001,2024-05-14_12h40.04.723,final_exp_1.2_v1_18012024,2023.2.3,60.01893001684973,2024-05-14 12h40.26.212928 +0530,
395,0,395,0,,,,,508.69891039980575,,,,,508.6838616998866,508.69891039980575,508.9984076798428,509.55748909991235,509.965455299709,,,,,,,,,,,,,,,,,,,,,,,sub002_saurabh,001,2024-05-14_12h40.04.723,final_exp_1.2_v1_18012024,2023.2.3,60.01893001684973,2024-05-14 12h40.26.212928 +0530,
396,0,396,0,,,,,509.9819364999421,,,,,509.9671878996305,509.9819364999421,510.2984432799276,510.85845829965547,511.2487494996749,,,,,,,,,,,,,,,,,,,,,,,sub002_saurabh,001,2024-05-14_12h40.04.723,final_exp_1.2_v1_18012024,2023.2.3,60.01893001684973,2024-05-14 12h40.26.212928 +0530,
397,0,397,0,,,,,511.2655954998918,,,,,511.25047819968313,511.2655954998918,511.5655785796698,512.1575625999831,512.5326778995804,,,,,,,,,,,,,,,,,,,,,,,sub002_saurabh,001,2024-05-14_12h40.04.723,final_exp_1.2_v1_18012024,2023.2.3,60.01893001684973,2024-05-14 12h40.26.212928 +0530,
398,0,398,0,,,,,512.5762086999603,,,,,512.5343192997389,512.5762086999603,512.8984469796997,513.4781684000045,513.8158007999882,,,,,,,,,,,,,,,,,,,,,,,sub002_saurabh,001,2024-05-14_12h40.04.723,final_exp_1.2_v1_18012024,2023.2.3,60.01893001684973,2024-05-14 12h40.26.212928 +0530,
399,0,399,0,,,,,513.8560804999433,,,,,513.8175321999006,513.8560804999433,514.1151597800199,514.6374785997905,515.0988905997947,,,,,,,,,,,,,,,,,,,,,,,sub002_saurabh,001,2024-05-14_12h40.04.723,final_exp_1.2_v1_18012024,2023.2.3,60.01893001684973,2024-05-14 12h40.26.212928 +0530,
400,0,400,0,,,,,515.1362947998568,,,,,515.100618599914,515.1362947998568,515.4650820798706,515.9885152997449,516.3822682998143,,,,,,,,,,,,,,,,,,,,,,,sub002_saurabh,001,2024-05-14_12h40.04.723,final_exp_1.2_v1_18012024,2023.2.3,60.01893001684973,2024-05-14 12h40.26.212928 +0530,
401,0,401,0,,,,,516.4162840000354,,,,,516.3839724999852,516.4162840000354,516.7317765799817,517.2374827000313,517.6655818000436,,,,,,,,,,,,,,,,,,,,,,,sub002_saurabh,001,2024-05-14_12h40.04.723,final_exp_1.2_v1_18012024,2023.2.3,60.01893001684973,2024-05-14 12h40.26.212928 +0530,
402,0,402,0,,,,,517.697167399805,,,,,517.6672604000196,517.697167399805,517.9985042798799,518.5575449997559,518.9488538997248,,,,,,,,,,,,,,,,,,,,,,,sub002_saurabh,001,2024-05-14_12h40.04.723,final_exp_1.2_v1_18012024,2023.2.3,60.01893001684973,2024-05-14 12h40.26.212928 +0530,
403,0,403,0,,,,,518.9772514998913,,,,,518.9506179997697,518.9772514998913,519.2650131799746,519.8076306995936,520.232178399805,,,,,,,,,,,,,,,,,,,,,,,sub002_saurabh,001,2024-05-14_12h40.04.723,final_exp_1.2_v1_18012024,2023.2.3,60.01893001684973,2024-05-14 12h40.26.212928 +0530,
404,0,404,0,,,,,520.256967399735,,,,,520.2338707000017,520.256967399735,520.5652140800375,521.1783741000108,521.5155491996557,,,,,,,,,,,,,,,,,,,,,,,sub002_saurabh,001,2024-05-14_12h40.04.723,final_exp_1.2_v1_18012024,2023.2.3,60.01893001684973,2024-05-14 12h40.26.212928 +0530,
405,0,405,0,,,,,521.5361738000065,,,,,521.5172845995985,521.5361738000065,521.9152540799696,522.4378701997921,522.7988113998435,,,,,,,,,,,,,,,,,,,,,,,sub002_saurabh,001,2024-05-14_12h40.04.723,final_exp_1.2_v1_18012024,2023.2.3,60.01893001684973,2024-05-14 12h40.26.212928 +0530,
406,0,406,0,,,,,522.8160848999396,,,,,522.8005845998414,522.8160848999396,523.1318461799528,523.6376606998965,524.0821501999162,,,,,,,,,,,,,,,,,,,,,,,sub002_saurabh,001,2024-05-14_12h40.04.723,final_exp_1.2_v1_18012024,2023.2.3,60.01893001684973,2024-05-14 12h40.26.212928 +0530,
407,0,407,0,,,,,524.0987428999506,,,,,524.083855799865,524.0987428999506,524.4651430796366,525.0775134996511,525.3654374997132,,,,,,,,,,,,,,,,,,,,,,,sub002_saurabh,001,2024-05-14_12h40.04.723,final_exp_1.2_v1_18012024,2023.2.3,60.01893001684973,2024-05-14 12h40.26.212928 +0530,
408,0,408,0,,,,,525.3823638996109,,,,,525.3671073997393,525.3823638996109,525.7652367798146,526.3085294999182,526.6490834997967,,,,,,,,,,,,,,,,,,,,,,,sub002_saurabh,001,2024-05-14_12h40.04.723,final_exp_1.2_v1_18012024,2023.2.3,60.01893001684973,2024-05-14 12h40.26.212928 +0530,
409,0,409,0,,,,,526.6653239997104,,,,,526.6507735997438,526.6653239997104,526.9652358798776,,527.9324347996153,,,,,,,,,,,,,,,,,,,,,,,sub002_saurabh,001,2024-05-14_12h40.04.723,final_exp_1.2_v1_18012024,2023.2.3,60.01893001684973,2024-05-14 12h40.26.212928 +0530,
410,0,410,0,,,,,527.975881899707,,,,,527.9341495996341,527.975881899707,528.2318627799395,528.8076498997398,529.2156185996719,,,,,,,,,,,,,,,,,,,,,,,sub002_saurabh,001,2024-05-14_12h40.04.723,final_exp_1.2_v1_18012024,2023.2.3,60.01893001684973,2024-05-14 12h40.26.212928 +0530,
411,0,411,0,,,,,529.2557525997981,,,,,529.2173774000257,529.2557525997981,529.5652956797276,530.1084643998183,530.4991183998063,,,,,,,,,,,,,,,,,,,,,,,sub002_saurabh,001,2024-05-14_12h40.04.723,final_exp_1.2_v1_18012024,2023.2.3,60.01893001684973,2024-05-14 12h40.26.212928 +0530,
412,0,412,0,,,,,530.536277399864,,,,,530.5009228000417,530.536277399864,530.8985380798113,531.4584079999477,531.7823642999865,,,,,,,,,,,,,,,,,,,,,,,sub002_saurabh,001,2024-05-14_12h40.04.723,final_exp_1.2_v1_18012024,2023.2.3,60.01893001684973,2024-05-14 12h40.26.212928 +0530,
413,0,413,0,,,,,531.8160957000218,,,,,531.7841312997043,531.8160957000218,532.1651748798322,532.7785458997823,533.0655987998471,,,,,,,,,,,,,,,,,,,,,,,sub002_saurabh,001,2024-05-14_12h40.04.723,final_exp_1.2_v1_18012024,2023.2.3,60.01893001684973,2024-05-14 12h40.26.212928 +0530,
414,0,414,0,,,,,533.0958820995875,,,,,533.0673370999284,533.0958820995875,533.4651957799215,534.0077575999312,534.349044200033,,,,,,,,,,,,,,,,,,,,,,,sub002_saurabh,001,2024-05-14_12h40.04.723,final_exp_1.2_v1_18012024,2023.2.3,60.01893001684973,2024-05-14 12h40.26.212928 +0530,
415,0,415,0,,,,,534.3763366998173,,,,,534.3507229997776,534.3763366998173,534.6485894799698,535.228497099597,535.6327362996526,,,,,,,,,,,,,,,,,,,,,,,sub002_saurabh,001,2024-05-14_12h40.04.723,final_exp_1.2_v1_18012024,2023.2.3,60.01893001684973,2024-05-14 12h40.26.212928 +0530,
416,0,416,0,,,,,535.6561345998198,,,,,535.6344881998375,535.6561345998198,535.9318655796815,,536.9156221998855,,,,,,,,,,,,,,,,,,,,,,,sub002_saurabh,001,2024-05-14_12h40.04.723,final_exp_1.2_v1_18012024,2023.2.3,60.01893001684973,2024-05-14 12h40.26.212928 +0530,
417,0,417,0,,,,,536.9354220000096,,,,,536.9173551998101,536.9354220000096,537.2486259799916,537.837771399878,538.1989779998548,,,,,,,,,,,,,,,,,,,,,,,sub002_saurabh,001,2024-05-14_12h40.04.723,final_exp_1.2_v1_18012024,2023.2.3,60.01893001684973,2024-05-14 12h40.26.212928 +0530,
418,0,418,0,,,,,538.2170136999339,,,,,538.2006125999615,538.2170136999339,538.5818864798639,539.1787902996875,539.4822119995952,,,,,,,,,,,,,,,,,,,,,,,sub002_saurabh,001,2024-05-14_12h40.04.723,final_exp_1.2_v1_18012024,2023.2.3,60.01893001684973,2024-05-14 12h40.26.212928 +0530,
419,0,419,0,,,,,539.4991669999436,,,,,539.4839169997722,539.4991669999436,539.8818470796105,540.4585283999331,540.7655638996512,,,,,,,,,,,,,,,,,,,,,,,sub002_saurabh,001,2024-05-14_12h40.04.723,final_exp_1.2_v1_18012024,2023.2.3,60.01893001684973,2024-05-14 12h40.26.212928 +0530,
420,0,420,0,,,,,540.7824987997301,,,,,540.7673382996581,540.7824987997301,541.1651916799601,541.779378999956,542.0488509996794,,,,,,,,,,,,,,,,,,,,,,,sub002_saurabh,001,2024-05-14_12h40.04.723,final_exp_1.2_v1_18012024,2023.2.3,60.01893001684973,2024-05-14 12h40.26.212928 +0530,
421,0,421,0,,,,,542.0654490999877,,,,,542.0506213996559,542.0654490999877,542.4152089797426,543.0289195999503,543.332773400005,,,,,,,,,,,,,,,,,,,,,,,sub002_saurabh,001,2024-05-14_12h40.04.723,final_exp_1.2_v1_18012024,2023.2.3,60.01893001684973,2024-05-14 12h40.26.212928 +0530,
422,0,422,0,,,,,543.3759516999125,,,,,543.3345105997287,543.3759516999125,543.7153903797735,544.28852729965,544.6157108996995,,,,,,,,,,,,,,,,,,,,,,,sub002_saurabh,001,2024-05-14_12h40.04.723,final_exp_1.2_v1_18012024,2023.2.3,60.01893001684973,2024-05-14 12h40.26.212928 +0530,
423,0,423,0,,,,,544.6561781000346,,,,,544.6175180999562,544.6561781000346,544.9487333798315,545.4876659996808,545.8990674000233,,,,,,,,,,,,,,,,,,,,,,,sub002_saurabh,001,2024-05-14_12h40.04.723,final_exp_1.2_v1_18012024,2023.2.3,60.01893001684973,2024-05-14 12h40.26.212928 +0530,
424,0,424,0,,,,,545.9362240997143,,,,,545.9008214999922,545.9362240997143,546.19866067986,546.7387310997583,547.1828446998261,,,,,,,,,,,,,,,,,,,,,,,sub002_saurabh,001,2024-05-14_12h40.04.723,final_exp_1.2_v1_18012024,2023.2.3,60.01893001684973,2024-05-14 12h40.26.212928 +0530,
425,0,425,0,,,,,547.2161224000156,,,,,547.1845392999239,547.2161224000156,547.5492560795974,548.108622699976,548.4657822996378,,,,,,,,,,,,,,,,,,,,,,,sub002_saurabh,001,2024-05-14_12h40.04.723,final_exp_1.2_v1_18012024,2023.2.3,60.01893001684973,2024-05-14 12h40.26.212928 +0530,
426,0,426,0,,,,,548.4956487999298,,,,,548.4681202997454,548.4956487999298,548.8486093797255,549.4608700997196,549.7491890997626,,,,,,,,,,,,,,,,,,,,,,,sub002_saurabh,001,2024-05-14_12h40.04.723,final_exp_1.2_v1_18012024,2023.2.3,60.01893001684973,2024-05-14 12h40.26.212928 +0530,
427,0,427,0,,,,,549.7765173995867,,,,,549.750864399597,549.7765173995867,550.0820200799499,550.5877841999754,551.0328603996895,,,,,,,,,,,,,,,,,,,,,,,sub002_saurabh,001,2024-05-14_12h40.04.723,final_exp_1.2_v1_18012024,2023.2.3,60.01893001684973,2024-05-14 12h40.26.212928 +0530,
428,0,428,0,,,,,551.0556940999813,,,,,551.0344680999406,551.0556940999813,551.3819536797237,551.9578732997179,552.3158192997798,,,,,,,,,,,,,,,,,,,,,,,sub002_saurabh,001,2024-05-14_12h40.04.723,final_exp_1.2_v1_18012024,2023.2.3,60.01893001684973,2024-05-14 12h40.26.212928 +0530,
429,0,429,0,,,,,552.3356732996181,,,,,552.3175412998535,552.3356732996181,552.6652916797902,553.2077197995968,553.599122799933,,,,,,,,,,,,,,,,,,,,,,,sub002_saurabh,001,2024-05-14_12h40.04.723,final_exp_1.2_v1_18012024,2023.2.3,60.01893001684973,2024-05-14 12h40.26.212928 +0530,
430,0,430,0,,,,,553.615609599743,,,,,553.6007909998298,553.615609599743,553.9819973798003,554.4879312999547,554.8824876998551,,,,,,,,,,,,,,,,,,,,,,,sub002_saurabh,001,2024-05-14_12h40.04.723,final_exp_1.2_v1_18012024,2023.2.3,60.01893001684973,2024-05-14 12h40.26.212928 +0530,
431,0,431,0,,,,,554.899096199777,,,,,554.8842358998954,554.899096199777,555.1987772795837,555.7578087998554,556.1656828997657,,,,,,,,,,,,,,,,,,,,,,,sub002_saurabh,001,2024-05-14_12h40.04.723,final_exp_1.2_v1_18012024,2023.2.3,60.01893001684973,2024-05-14 12h40.26.212928 +0530,
432,0,432,0,,,,,556.1824419996701,,,,,556.1674102996476,556.1824419996701,556.5486144798342,557.087813699618,557.4490388999693,,,,,,,,,,,,,,,,,,,,,,,sub002_saurabh,001,2024-05-14_12h40.04.723,final_exp_1.2_v1_18012024,2023.2.3,60.01893001684973,2024-05-14 12h40.26.212928 +0530,
433,0,433,0,,,,,557.496991999913,,,,,557.4507284997962,557.496991999913,557.7986464796122,558.4078023997135,558.7331210998818,,,,,,,,,,,,,,,,,,,,,,,sub002_saurabh,001,2024-05-14_12h40.04.723,final_exp_1.2_v1_18012024,2023.2.3,60.01893001684973,2024-05-14 12h40.26.212928 +0530,
434,0,434,0,,,,,558.7754856999964,,,,,558.7348837000318,558.7754856999964,559.0987070796546,559.6778227998875,560.0158899999224,,,,,,,,,,,,,,,,,,,,,,,sub002_saurabh,001,2024-05-14_12h40.04.723,final_exp_1.2_v1_18012024,2023.2.3,60.01893001684973,2024-05-14 12h40.26.212928 +0530,
435,0,435,0,,,,,560.0558618996292,,,,,560.0175892999396,560.0558618996292,560.4153659797739,560.9388118996285,561.2992571997456,,,,,,,,,,,,,,,,,,,,,,,sub002_saurabh,001,2024-05-14_12h40.04.723,final_exp_1.2_v1_18012024,2023.2.3,60.01893001684973,2024-05-14 12h40.26.212928 +0530,
436,0,436,0,,,,,561.3359528998844,,,,,561.3009670996107,561.3359528998844,561.6323937799316,562.2079777996987,562.5825302000158,,,,,,,,,,,,,,,,,,,,,,,sub002_saurabh,001,2024-05-14_12h40.04.723,final_exp_1.2_v1_18012024,2023.2.3,60.01893001684973,2024-05-14 12h40.26.212928 +0530,
437,0,437,0,,,,,562.616052699741,,,,,562.5842478997074,562.616052699741,562.9320399796125,,563.8658328996971,,,,,,,,,,,,,,,,,,,,,,,sub002_saurabh,001,2024-05-14_12h40.04.723,final_exp_1.2_v1_18012024,2023.2.3,60.01893001684973,2024-05-14 12h40.26.212928 +0530,
438,0,438,0,,,,,563.8961394997314,,,,,563.8675576997921,563.8961394997314,564.1654461796861,564.7788831996731,565.1491340999492,,,,,,,,,,,,,,,,,,,,,,,sub002_saurabh,001,2024-05-14_12h40.04.723,final_exp_1.2_v1_18012024,2023.2.3,60.01893001684973,2024-05-14 12h40.26.212928 +0530,
439,0,439,0,,,,,565.1757507999428,,,,,565.1508276998065,565.1757507999428,565.4820663796272,566.0780352996662,566.4326402996667,,,,,,,,,,,,,,,,,,,,,,,sub002_saurabh,001,2024-05-14_12h40.04.723,final_exp_1.2_v1_18012024,2023.2.3,60.01893001684973,2024-05-14 12h40.26.212928 +0530,
440,0,440,0,,,,,566.4567022998817,,,,,566.434331599623,566.4567022998817,566.7819960799534,567.3389021996409,567.7158494996838,,,,,,,,,,,,,,,,,,,,,,,sub002_saurabh,001,2024-05-14_12h40.04.723,final_exp_1.2_v1_18012024,2023.2.3,60.01893001684973,2024-05-14 12h40.26.212928 +0530,
441,0,441,0,,,,,567.7368339998648,,,,,567.7174931997433,567.7368339998648,568.1154855799396,568.7087601996027,568.9991880999878,,,,,,,,,,,,,,,,,,,,,,,sub002_saurabh,001,2024-05-14_12h40.04.723,final_exp_1.2_v1_18012024,2023.2.3,60.01893001684973,2024-05-14 12h40.26.212928 +0530,
442,0,442,0,,,,,569.0158776999451,,,,,569.0009254999459,569.0158776999451,569.3988247800153,569.9088480998762,570.2825017999858,,,,,,,,,,,,,,,,,,,,,,,sub002_saurabh,001,2024-05-14_12h40.04.723,final_exp_1.2_v1_18012024,2023.2.3,60.01893001684973,2024-05-14 12h40.26.212928 +0530,
443,0,443,0,,,,,570.2993641998619,,,,,570.2842423999682,570.2993641998619,570.6321079798508,571.1888488996774,571.5657711997628,,,,,,,,,,,,,,,,,,,,,,,sub002_saurabh,001,2024-05-14_12h40.04.723,final_exp_1.2_v1_18012024,2023.2.3,60.01893001684973,2024-05-14 12h40.26.212928 +0530,
444,0,444,0,,,,,571.5826880997047,,,,,571.5674542998895,571.5826880997047,571.9658494798932,572.5279524000362,572.8490745997988,,,,,,,,,,,,,,,,,,,,,,,sub002_saurabh,001,2024-05-14_12h40.04.723,final_exp_1.2_v1_18012024,2023.2.3,60.01893001684973,2024-05-14 12h40.26.212928 +0530,
445,0,445,0,,,,,572.8656023996882,,,,,572.8507962999865,572.8656023996882,573.2154391796794,573.8080059997737,574.1327370000072,,,,,,,,,,,,,,,,,,,,,,,sub002_saurabh,001,2024-05-14_12h40.04.723,final_exp_1.2_v1_18012024,2023.2.3,60.01893001684973,2024-05-14 12h40.26.212928 +0530,
446,0,446,0,,,,,574.1756884995848,,,,,574.134482699912,574.1756884995848,574.5158961799461,575.0779672996141,575.4159323000349,,,,,,,,,,,,,,,,,,,,,,,sub002_saurabh,001,2024-05-14_12h40.04.723,final_exp_1.2_v1_18012024,2023.2.3,60.01893001684973,2024-05-14 12h40.26.212928 +0530,
447,0,447,0,,,,,575.4565372997895,,,,,575.4176763999276,575.4565372997895,575.76553227962,576.2879286999814,576.6992056998424,,,,,,,,,,,,,,,,,,,,,,,sub002_saurabh,001,2024-05-14_12h40.04.723,final_exp_1.2_v1_18012024,2023.2.3,60.01893001684973,2024-05-14 12h40.26.212928 +0530,
448,0,448,0,,,,,576.7365430998616,,,,,576.7009656997398,576.7365430998616,577.0988250796217,577.6079965997487,577.9825698998757,,,,,,,,,,,,,,,,,,,,,,,sub002_saurabh,001,2024-05-14_12h40.04.723,final_exp_1.2_v1_18012024,2023.2.3,60.01893001684973,2024-05-14 12h40.26.212928 +0530,
449,0,449,0,,,,,578.0161710996181,,,,,577.9842580999248,578.0161710996181,578.3820480799768,578.8878986998461,579.2659171000123,,,,,,,,,,,,,,,,,,,,,,,sub002_saurabh,001,2024-05-14_12h40.04.723,final_exp_1.2_v1_18012024,2023.2.3,60.01893001684973,2024-05-14 12h40.26.212928 +0530,
450,0,450,0,,,,,579.2961293999106,,,,,579.2676887996495,579.2961293999106,579.5826662799809,580.1887684999965,580.5491839000024,,,,,,,,,,,,,,,,,,,,,,,sub002_saurabh,001,2024-05-14_12h40.04.723,final_exp_1.2_v1_18012024,2023.2.3,60.01893001684973,2024-05-14 12h40.26.212928 +0530,
451,0,451,0,,,,,580.5761154997163,,,,,580.5508196996525,580.5761154997163,580.8988085796591,581.488024899736,581.8325551999733,,,,,,,,,,,,,,,,,,,,,,,sub002_saurabh,001,2024-05-14_12h40.04.723,final_exp_1.2_v1_18012024,2023.2.3,60.01893001684973,2024-05-14 12h40.26.212928 +0530,
452,0,452,0,,,,,581.8551213997416,,,,,581.8343030996621,581.8551213997416,582.2321638797875,582.758116199635,583.1159973996691,,,,,,,,,,,,,,,,,,,,,,,sub002_saurabh,001,2024-05-14_12h40.04.723,final_exp_1.2_v1_18012024,2023.2.3,60.01893001684973,2024-05-14 12h40.26.212928 +0530,
453,0,453,0,,,,,583.1355049996637,,,,,583.1177636999637,583.1355049996637,583.4987140798476,584.0781035996042,584.399295500014,,,,,,,,,,,,,,,,,,,,,,,sub002_saurabh,001,2024-05-14_12h40.04.723,final_exp_1.2_v1_18012024,2023.2.3,60.01893001684973,2024-05-14 12h40.26.212928 +0530,
454,0,454,0,,,,,584.4157030996867,,,,,584.4010536996648,584.4157030996867,584.7490830796305,585.3086280999705,585.6825757999904,,,,,,,,,,,,,,,,,,,,,,,sub002_saurabh,001,2024-05-14_12h40.04.723,final_exp_1.2_v1_18012024,2023.2.3,60.01893001684973,2024-05-14 12h40.26.212928 +0530,
455,0,455,0,,,,,585.6994464998133,,,,,585.6842068997212,585.6994464998133,586.0322093798313,586.5880753998645,586.9656900996342,,,,,,,,,,,,,,,,,,,,,,,sub002_saurabh,001,2024-05-14_12h40.04.723,final_exp_1.2_v1_18012024,2023.2.3,60.01893001684973,2024-05-14 12h40.26.212928 +0530,
456,0,456,0,,,,,586.9827262996696,,,,,586.9673878997564,586.9827262996696,587.3655363798607,587.9089796999469,588.2497610999271,,,,,,,,,,,,,,,,,,,,,,,sub002_saurabh,001,2024-05-14_12h40.04.723,final_exp_1.2_v1_18012024,2023.2.3,60.01893001684973,2024-05-14 12h40.26.212928 +0530,
457,0,457,0,,,,,588.2968605998904,,,,,588.2515522995964,588.2968605998904,588.5821615799796,589.138787899632,589.5327295996249,,,,,,,,,,,,,,,,,,,,,,,sub002_saurabh,001,2024-05-14_12h40.04.723,final_exp_1.2_v1_18012024,2023.2.3,60.01893001684973,2024-05-14 12h40.26.212928 +0530,
458,0,458,0,,,,,589.575599799864,,,,,589.5344612998888,589.575599799864,589.9155112795997,590.4286761996336,590.8159527997486,,,,,,,,,,,,,,,,,,,,,,,sub002_saurabh,001,2024-05-14_12h40.04.723,final_exp_1.2_v1_18012024,2023.2.3,60.01893001684973,2024-05-14 12h40.26.212928 +0530,
459,0,459,0,,,,,590.8561724997126,,,,,590.8176730000414,590.8561724997126,591.1655439797323,591.7280672998168,592.0992815997452,,,,,,,,,,,,,,,,,,,,,,,sub002_saurabh,001,2024-05-14_12h40.04.723,final_exp_1.2_v1_18012024,2023.2.3,60.01893001684973,2024-05-14 12h40.26.212928 +0530,
460,0,460,0,,,,,592.1366458996199,,,,,592.1010122997686,592.1366458996199,592.48228087998,593.0781875997782,593.382595999632,,,,,,,,,,,,,,,,,,,,,,,sub002_saurabh,001,2024-05-14_12h40.04.723,final_exp_1.2_v1_18012024,2023.2.3,60.01893001684973,2024-05-14 12h40.26.212928 +0530,
461,0,461,0,,,,,593.4158946997486,,,,,593.3842830997892,593.4158946997486,593.7498967798892,594.2680409997702,594.6675758999772,,,,,,,,,,,,,,,,,,,,,,,sub002_saurabh,001,2024-05-14_12h40.04.723,final_exp_1.2_v1_18012024,2023.2.3,60.01893001684973,2024-05-14 12h40.26.212928 +0530,
462,0,462,0,,,,,594.6965333996341,,,,,594.6696599996649,594.6965333996341,595.0655629800167,595.6382141998038,595.9664301997982,,,,,,,,,,,,,,,,,,,,,,,sub002_saurabh,001,2024-05-14_12h40.04.723,final_exp_1.2_v1_18012024,2023.2.3,60.01893001684973,2024-05-14 12h40.26.212928 +0530,
463,0,463,0,,,,,595.9828470996581,,,,,595.9681742000394,595.9828470996581,596.3156875798013,596.9089047997259,597.2492446997203,,,,,,,,,,,,,,,,,,,,,,,sub002_saurabh,001,2024-05-14_12h40.04.723,final_exp_1.2_v1_18012024,2023.2.3,60.01893001684973,2024-05-14 12h40.26.212928 +0530,
464,0,464,0,,,,,597.2658677999862,,,,,597.2509069000371,597.2658677999862,597.63235117984,598.2287902999669,598.5333924996667,,,,,,,,,,,,,,,,,,,,,,,sub002_saurabh,001,2024-05-14_12h40.04.723,final_exp_1.2_v1_18012024,2023.2.3,60.01893001684973,2024-05-14 12h40.26.212928 +0530,
465,0,465,0,,,,,598.5767569998279,,,,,598.5351447998546,598.5767569998279,598.949067479698,599.5580772999674,599.8327067997307,,,,,,,,,,,,,,,,,,,,,,,sub002_saurabh,001,2024-05-14_12h40.04.723,final_exp_1.2_v1_18012024,2023.2.3,60.01893001684973,2024-05-14 12h40.26.212928 +0530,
466,0,466,0,,,,,599.8560910997912,,,,,599.8344345996156,599.8560910997912,600.1822406796273,600.7882285998203,601.1159536996856,,,,,,,,,,,,,,,,,,,,,,,sub002_saurabh,001,2024-05-14_12h40.04.723,final_exp_1.2_v1_18012024,2023.2.3,60.01893001684973,2024-05-14 12h40.26.212928 +0530,
467,0,467,0,,,,,601.1363460998982,,,,,601.1176385995932,601.1363460998982,601.4655555796344,602.0381632996723,602.3993246997707,,,,,,,,,,,,,,,,,,,,,,,sub002_saurabh,001,2024-05-14_12h40.04.723,final_exp_1.2_v1_18012024,2023.2.3,60.01893001684973,2024-05-14 12h40.26.212928 +0530,
468,0,468,0,,,,,602.4169371998869,,,,,602.401006499771,602.4169371998869,602.7330676799174,603.33896979969,603.6826136000454,,,,,,,,,,,,,,,,,,,,,,,sub002_saurabh,001,2024-05-14_12h40.04.723,final_exp_1.2_v1_18012024,2023.2.3,60.01893001684973,2024-05-14 12h40.26.212928 +0530,
469,0,469,0,,,,,603.699423099868,,,,,603.6843753997236,603.699423099868,604.0655738797504,604.5881773997098,604.9659514999948,,,,,,,,,,,,,,,,,,,,,,,sub002_saurabh,001,2024-05-14_12h40.04.723,final_exp_1.2_v1_18012024,2023.2.3,60.01893001684973,2024-05-14 12h40.26.212928 +0530,
470,0,470,0,,,,,604.9829251999035,,,,,604.9677142999135,604.9829251999035,605.3157067799475,605.8881778996438,606.249365599826,,,,,,,,,,,,,,,,,,,,,,,sub002_saurabh,001,2024-05-14_12h40.04.723,final_exp_1.2_v1_18012024,2023.2.3,60.01893001684973,2024-05-14 12h40.26.212928 +0530,
471,0,471,0,,,,,606.2662280998193,,,,,606.2510190997273,606.2662280998193,606.6492392800283,607.1789221996441,607.5329518998042,,,,,,,,,,,,,,,,,,,,,,,sub002_saurabh,001,2024-05-14_12h40.04.723,final_exp_1.2_v1_18012024,2023.2.3,60.01893001684973,2024-05-14 12h40.26.212928 +0530,
472,0,472,0,,,,,607.5754723995924,,,,,607.5347074000165,607.5754723995924,607.8823982796166,,608.8161275000311,,,,,,,,,,,,,,,,,,,,,,,sub002_saurabh,001,2024-05-14_12h40.04.723,final_exp_1.2_v1_18012024,2023.2.3,60.01893001684973,2024-05-14 12h40.26.212928 +0530,
473,0,473,0,,,,,608.8557353997603,,,,,608.8177747996524,608.8557353997603,609.1489548797254,609.7280174000189,610.0995382997207,,,,,,,,,,,,,,,,,,,,,,,sub002_saurabh,001,2024-05-14_12h40.04.723,final_exp_1.2_v1_18012024,2023.2.3,60.01893001684973,2024-05-14 12h40.26.212928 +0530,
474,0,474,0,,,,,610.1356291999109,,,,,610.1013182997704,610.1356291999109,610.3990608796012,610.958807699848,611.3827867996879,,,,,,,,,,,,,,,,,,,,,,,sub002_saurabh,001,2024-05-14_12h40.04.723,final_exp_1.2_v1_18012024,2023.2.3,60.01893001684973,2024-05-14 12h40.26.212928 +0530,
475,0,475,0,,,,,611.4154791999608,,,,,611.3845330998302,611.4154791999608,611.7158258797135,612.2589076999575,612.6661744997837,,,,,,,,,,,,,,,,,,,,,,,sub002_saurabh,001,2024-05-14_12h40.04.723,final_exp_1.2_v1_18012024,2023.2.3,60.01893001684973,2024-05-14 12h40.26.212928 +0530,
476,0,476,0,,,,,612.6960760997608,,,,,612.6679602996446,612.6960760997608,613.0656403799076,613.6289730998687,613.9495655996725,,,,,,,,,,,,,,,,,,,,,,,sub002_saurabh,001,2024-05-14_12h40.04.723,final_exp_1.2_v1_18012024,2023.2.3,60.01893001684973,2024-05-14 12h40.26.212928 +0530,
477,0,477,0,,,,,613.9770781998523,,,,,613.9513110998087,613.9770781998523,614.2989520796109,614.8289711996913,615.2328270999715,,,,,,,,,,,,,,,,,,,,,,,sub002_saurabh,001,2024-05-14_12h40.04.723,final_exp_1.2_v1_18012024,2023.2.3,60.01893001684973,2024-05-14 12h40.26.212928 +0530,
478,0,478,0,,,,,615.255343799945,,,,,615.2345531997271,615.255343799945,615.5662273799535,616.1790676997043,616.5161007996649,,,,,,,,,,,,,,,,,,,,,,,sub002_saurabh,001,2024-05-14_12h40.04.723,final_exp_1.2_v1_18012024,2023.2.3,60.01893001684973,2024-05-14 12h40.26.212928 +0530,
479,0,479,0,,,,,616.5354469995946,,,,,616.5177907999605,616.5354469995946,616.9161281797569,617.4290499999188,617.7997546996921,,,,,,,,,,,,,,,,,,,,,,,sub002_saurabh,001,2024-05-14_12h40.04.723,final_exp_1.2_v1_18012024,2023.2.3,60.01893001684973,2024-05-14 12h40.26.212928 +0530,
480,0,480,0,,,,,617.8161271996796,,,,,617.8014785996638,617.8161271996796,618.1157373797614,618.6589622995816,619.0828090999275,,,,,,,,,,,,,,,,,,,,,,,sub002_saurabh,001,2024-05-14_12h40.04.723,final_exp_1.2_v1_18012024,2023.2.3,60.01893001684973,2024-05-14 12h40.26.212928 +0530,
481,0,481,0,,,,,619.0995169999078,,,,,619.0845670998096,619.0995169999078,619.4823932799045,620.0084481998347,620.3660682998598,,,,,,,,,,,,,,,,,,,,,,,sub002_saurabh,001,2024-05-14_12h40.04.723,final_exp_1.2_v1_18012024,2023.2.3,60.01893001684973,2024-05-14 12h40.26.212928 +0530,
482,0,482,0,,,,,620.3828773996793,,,,,620.3678253996186,620.3828773996793,620.7658054798376,621.2783311000094,621.6494615999982,,,,,,,,,,,,,,,,,,,,,,,sub002_saurabh,001,2024-05-14_12h40.04.723,final_exp_1.2_v1_18012024,2023.2.3,60.01893001684973,2024-05-14 12h40.26.212928 +0530,
483,0,483,0,,,,,621.6661503999494,,,,,621.6512340996414,621.6661503999494,621.9492436798755,,622.9330078996718,,,,,,,,,,,,,,,,,,,,,,,sub002_saurabh,001,2024-05-14_12h40.04.723,final_exp_1.2_v1_18012024,2023.2.3,60.01893001684973,2024-05-14 12h40.26.212928 +0530,
484,0,484,0,,,,,622.9760839999653,,,,,622.9347099997103,622.9760839999653,623.2324334799778,623.8291512997821,624.2162554999813,,,,,,,,,,,,,,,,,,,,,,,sub002_saurabh,001,2024-05-14_12h40.04.723,final_exp_1.2_v1_18012024,2023.2.3,60.01893001684973,2024-05-14 12h40.26.212928 +0530,
485,0,485,0,,,,,624.2560133999214,,,,,624.218038499821,624.2560133999214,624.5991231796797,625.1588392998092,625.4994661998935,,,,,,,,,,,,,,,,,,,,,,,sub002_saurabh,001,2024-05-14_12h40.04.723,final_exp_1.2_v1_18012024,2023.2.3,60.01893001684973,2024-05-14 12h40.26.212928 +0530,
486,0,486,0,,,,,625.5362438997254,,,,,625.5011797999032,625.5362438997254,625.8996171799954,626.4590487997048,626.7828873000108,,,,,,,,,,,,,,,,,,,,,,,sub002_saurabh,001,2024-05-14_12h40.04.723,final_exp_1.2_v1_18012024,2023.2.3,60.01893001684973,2024-05-14 12h40.26.212928 +0530,
487,0,487,0,,,,,626.8158354996704,,,,,626.7846017996781,626.8158354996704,627.165781679796,627.7090182998218,628.0661673997529,,,,,,,,,,,,,,,,,,,,,,,sub002_saurabh,001,2024-05-14_12h40.04.723,final_exp_1.2_v1_18012024,2023.2.3,60.01893001684973,2024-05-14 12h40.26.212928 +0530,
488,0,488,0,,,,,628.0957782999612,,,,,628.0683516999707,628.0957782999612,628.3823108796496,,629.350144200027,,,,,,,,,,,,,,,,,,,,,,,sub002_saurabh,001,2024-05-14_12h40.04.723,final_exp_1.2_v1_18012024,2023.2.3,60.01893001684973,2024-05-14 12h40.26.212928 +0530,
489,0,489,0,,,,,629.3763845996,,,,,629.3519175997935,629.3763845996,629.682372279698,630.2882204996422,630.6493863998912,,,,,,,,,,,,,,,,,,,,,,,sub002_saurabh,001,2024-05-14_12h40.04.723,final_exp_1.2_v1_18012024,2023.2.3,60.01893001684973,2024-05-14 12h40.26.212928 +0530,
490,0,490,0,,,,,630.6969741997309,,,,,630.6510851997882,630.6969741997309,630.9823578798678,631.5882067997009,631.9336024997756,,,,,,,,,,,,,,,,,,,,,,,sub002_saurabh,001,2024-05-14_12h40.04.723,final_exp_1.2_v1_18012024,2023.2.3,60.01893001684973,2024-05-14 12h40.26.212928 +0530,
491,0,491,0,,,,,631.9763972000219,,,,,631.9359328998253,631.9763972000219,632.2824759797659,632.7885181000456,633.2328609996475,,,,,,,,,,,,,,,,,,,,,,,sub002_saurabh,001,2024-05-14_12h40.04.723,final_exp_1.2_v1_18012024,2023.2.3,60.01893001684973,2024-05-14 12h40.26.212928 +0530,
492,0,492,0,,,,,633.2561361999251,,,,,633.2345004999079,633.2561361999251,633.5501554796938,634.1392982997932,634.5162149998359,,,,,,,,,,,,,,,,,,,,,,,sub002_saurabh,001,2024-05-14_12h40.04.723,final_exp_1.2_v1_18012024,2023.2.3,60.01893001684973,2024-05-14 12h40.26.212928 +0530,
493,0,493,0,,,,,634.5360228000209,,,,,634.5179045000114,634.5360228000209,634.9165318796877,635.4593827999197,635.7995720999315,,,,,,,,,,,,,,,,,,,,,,,sub002_saurabh,001,2024-05-14_12h40.04.723,final_exp_1.2_v1_18012024,2023.2.3,60.01893001684973,2024-05-14 12h40.26.212928 +0530,
494,0,494,0,,,,,635.8155755996704,,,,,635.8012581998482,635.8155755996704,636.1658242798876,636.7676430996507,637.0828514997847,,,,,,,,,,,,,,,,,,,,,,,sub002_saurabh,001,2024-05-14_12h40.04.723,final_exp_1.2_v1_18012024,2023.2.3,60.01893001684973,2024-05-14 12h40.26.212928 +0530,
495,0,495,0,,,,,637.0997727997601,,,,,637.0845536999404,637.0997727997601,637.4657828796189,637.9792116996832,638.3661201000214,,,,,,,,,,,,,,,,,,,,,,,sub002_saurabh,001,2024-05-14_12h40.04.723,final_exp_1.2_v1_18012024,2023.2.3,60.01893001684973,2024-05-14 12h40.26.212928 +0530,
496,0,496,0,,,,,638.3827499998733,,,,,638.3678229996003,638.3827499998733,638.6828437799122,639.2492917999625,639.6494881999679,,,,,,,,,,,,,,,,,,,,,,,sub002_saurabh,001,2024-05-14_12h40.04.723,final_exp_1.2_v1_18012024,2023.2.3,60.01893001684973,2024-05-14 12h40.26.212928 +0530,
497,0,497,0,,,,,639.6663676998578,,,,,639.6511972998269,639.6663676998578,639.9824863800313,640.5883859996684,640.9345231996849,,,,,,,,,,,,,,,,,,,,,,,sub002_saurabh,001,2024-05-14_12h40.04.723,final_exp_1.2_v1_18012024,2023.2.3,60.01893001684973,2024-05-14 12h40.26.212928 +0530,
498,0,498,0,,,,,640.9756587999873,,,,,640.9363130996935,640.9756587999873,641.2657836799044,641.8591585997492,642.23319289973,,,,,,,,,,,,,,,,,,,,,,,sub002_saurabh,001,2024-05-14_12h40.04.723,final_exp_1.2_v1_18012024,2023.2.3,60.01893001684973,2024-05-14 12h40.26.212928 +0530,
499,0,499,0,,,,,642.2558186999522,,,,,642.234928699676,642.2558186999522,642.5825393798295,643.1393887996674,643.516283699777,,,,,,,,,,,,,,,,,,,,,,,sub002_saurabh,001,2024-05-14_12h40.04.723,final_exp_1.2_v1_18012024,2023.2.3,60.01893001684973,2024-05-14 12h40.26.212928 +0530,
500,0,500,0,,,,,643.5352699998766,,,,,643.5179146998562,643.5352699998766,643.8658297799993,644.4292023996823,644.799547099974,,,,,,,,,,,,,,,,,,,,,,,sub002_saurabh,001,2024-05-14_12h40.04.723,final_exp_1.2_v1_18012024,2023.2.3,60.01893001684973,2024-05-14 12h40.26.212928 +0530,
501,0,501,0,,,,,644.8157214997336,,,,,644.8012508996762,644.8157214997336,645.1325077798683,645.6884004999883,646.0830072998069,,,,,,,,,,,,,,,,,,,,,,,sub002_saurabh,001,2024-05-14_12h40.04.723,final_exp_1.2_v1_18012024,2023.2.3,60.01893001684973,2024-05-14 12h40.26.212928 +0530,
502,0,502,0,,,,,646.0994147998281,,,,,646.0846459995955,646.0994147998281,646.4658506799024,646.9802074995823,647.3662052997388,,,,,,,,,,,,,,,,,,,,,,,sub002_saurabh,001,2024-05-14_12h40.04.723,final_exp_1.2_v1_18012024,2023.2.3,60.01893001684973,2024-05-14 12h40.26.212928 +0530,
503,0,503,0,,,,,647.3830053997226,,,,,647.3679406996816,647.3830053997226,647.6658287800383,648.2384156999178,648.6500943000428,,,,,,,,,,,,,,,,,,,,,,,sub002_saurabh,001,2024-05-14_12h40.04.723,final_exp_1.2_v1_18012024,2023.2.3,60.01893001684973,2024-05-14 12h40.26.212928 +0530,
504,0,504,0,,,,,648.6958499997854,,,,,648.6518144998699,648.6958499997854,649.0326495796908,,649.9342942996882,,,,,,,,,,,,,,,,,,,,,,,sub002_saurabh,001,2024-05-14_12h40.04.723,final_exp_1.2_v1_18012024,2023.2.3,60.01893001684973,2024-05-14 12h40.26.212928 +0530,
505,0,505,0,,,,,649.9774847999215,,,,,649.9360368996859,649.9774847999215,650.2825114799198,650.8882051999681,651.2329191998579,,,,,,,,,,,,,,,,,,,,,,,sub002_saurabh,001,2024-05-14_12h40.04.723,final_exp_1.2_v1_18012024,2023.2.3,60.01893001684973,2024-05-14 12h40.26.212928 +0530,
506,0,506,0,,,,,651.2561619998887,,,,,651.2346257995814,651.2561619998887,651.6326184796635,652.139240599703,652.5162702999078,,,,,,,,,,,,,,,,,,,,,,,sub002_saurabh,001,2024-05-14_12h40.04.723,final_exp_1.2_v1_18012024,2023.2.3,60.01893001684973,2024-05-14 12h40.26.212928 +0530,
507,0,507,0,,,,,652.5353286997415,,,,,652.5179971996695,652.5353286997415,652.8659391796682,653.4784319996834,653.7996842996217,,,,,,,,,,,,,,,,,,,,,,,sub002_saurabh,001,2024-05-14_12h40.04.723,final_exp_1.2_v1_18012024,2023.2.3,60.01893001684973,2024-05-14 12h40.26.212928 +0530,
508,0,508,0,,,,,653.8172605996951,,,,,653.8013578997925,653.8172605996951,654.1991939798463,654.7283349996433,655.0830287998542,,,,,,,,,,,,,,,,,,,,,,,sub002_saurabh,001,2024-05-14_12h40.04.723,final_exp_1.2_v1_18012024,2023.2.3,60.01893001684973,2024-05-14 12h40.26.212928 +0530,
509,0,509,0,,,,,655.0999304000288,,,,,655.0847155996598,655.0999304000288,655.4159888799768,656.0084463995881,656.3663575998507,,,,,,,,,,,,,,,,,,,,,,,sub002_saurabh,001,2024-05-14_12h40.04.723,final_exp_1.2_v1_18012024,2023.2.3,60.01893001684973,2024-05-14 12h40.26.212928 +0530,
510,0,510,0,,,,,656.3832168998197,,,,,656.3681239997968,656.3832168998197,656.699314479949,,657.6501901997253,,,,,,,,,,,,,,,,,,,,,,,sub002_saurabh,001,2024-05-14_12h40.04.723,final_exp_1.2_v1_18012024,2023.2.3,60.01893001684973,2024-05-14 12h40.26.212928 +0530,
511,0,511,0,,,,,657.697011299897,,,,,657.6519140000455,657.697011299897,658.0158966796007,658.6084623998031,658.9339070999995,,,,,,,,,,,,,,,,,,,,,,,sub002_saurabh,001,2024-05-14_12h40.04.723,final_exp_1.2_v1_18012024,2023.2.3,60.01893001684973,2024-05-14 12h40.26.212928 +0530,
512,0,512,0,,,,,658.9770302996039,,,,,658.9356549996883,658.9770302996039,659.2993262798991,659.8591934000142,660.2330536996014,,,,,,,,,,,,,,,,,,,,,,,sub002_saurabh,001,2024-05-14_12h40.04.723,final_exp_1.2_v1_18012024,2023.2.3,60.01893001684973,2024-05-14 12h40.26.212928 +0530,
513,0,513,0,,,,,660.2558001996949,,,,,660.2348014996387,660.2558001996949,660.5992807799485,661.1425883998163,661.516348999925,,,,,,,,,,,,,,,,,,,,,,,sub002_saurabh,001,2024-05-14_12h40.04.723,final_exp_1.2_v1_18012024,2023.2.3,60.01893001684973,2024-05-14 12h40.26.212928 +0530,
514,0,514,0,,,,,661.5367875997908,,,,,661.5180058996193,661.5367875997908,661.9160057797562,662.4884042995982,662.7999320998788,,,,,,,,,,,,,,,,,,,,,,,sub002_saurabh,001,2024-05-14_12h40.04.723,final_exp_1.2_v1_18012024,2023.2.3,60.01893001684973,2024-05-14 12h40.26.212928 +0530,
515,0,515,0,,,,,662.8163630999625,,,,,662.8017294998281,662.8163630999625,663.1160187798087,663.6385238999501,664.0830381000414,,,,,,,,,,,,,,,,,,,,,,,sub002_saurabh,001,2024-05-14_12h40.04.723,final_exp_1.2_v1_18012024,2023.2.3,60.01893001684973,2024-05-14 12h40.26.212928 +0530,
516,0,516,0,,,,,664.0999029995874,,,,,664.0847748997621,664.0999029995874,664.4492960798088,,665.3662564000115,,,,,,,,,,,,,,,,,,,,,,,sub002_saurabh,001,2024-05-14_12h40.04.723,final_exp_1.2_v1_18012024,2023.2.3,60.01893001684973,2024-05-14 12h40.26.212928 +0530,
517,0,517,0,,,,,665.3827814999968,,,,,665.3679504999891,665.3827814999968,665.6993576798122,666.2383788996376,666.6496203998104,,,,,,,,,,,,,,,,,,,,,,,sub002_saurabh,001,2024-05-14_12h40.04.723,final_exp_1.2_v1_18012024,2023.2.3,60.01893001684973,2024-05-14 12h40.26.212928 +0530,
518,0,518,0,,,,,666.6962790996768,,,,,666.6513322000392,666.6962790996768,667.0326787799131,667.5393133996986,667.9341740999371,,,,,,,,,,,,,,,,,,,,,,,sub002_saurabh,001,2024-05-14_12h40.04.723,final_exp_1.2_v1_18012024,2023.2.3,60.01893001684973,2024-05-14 12h40.26.212928 +0530,
519,0,519,0,,,,,667.9762569996528,,,,,667.9358574999496,667.9762569996528,668.2661270799581,,669.2331030997448,,,,,,,,,,,,,,,,,,,,,,,sub002_saurabh,001,2024-05-14_12h40.04.723,final_exp_1.2_v1_18012024,2023.2.3,60.01893001684973,2024-05-14 12h40.26.212928 +0530,
520,0,520,0,,,,,669.2567556998692,,,,,669.2348376996815,669.2567556998692,669.6160192799289,670.1792951999232,670.5163718997501,,,,,,,,,,,,,,,,,,,,,,,sub002_saurabh,001,2024-05-14_12h40.04.723,final_exp_1.2_v1_18012024,2023.2.3,60.01893001684973,2024-05-14 12h40.26.212928 +0530,
521,0,521,0,,,,,670.5361494999379,,,,,670.5181135996245,670.5361494999379,670.8494189798366,671.3891280000098,671.7996967998333,,,,,,,,,,,,,,,,,,,,,,,sub002_saurabh,001,2024-05-14_12h40.04.723,final_exp_1.2_v1_18012024,2023.2.3,60.01893001684973,2024-05-14 12h40.26.212928 +0530,
522,0,522,0,,,,,671.8162827999331,,,,,671.8014116999693,671.8162827999331,672.0992765796836,672.6786564998329,673.0830730996095,,,,,,,,,,,,,,,,,,,,,,,sub002_saurabh,001,2024-05-14_12h40.04.723,final_exp_1.2_v1_18012024,2023.2.3,60.01893001684973,2024-05-14 12h40.26.212928 +0530,
523,0,523,0,,,,,673.0995743996464,,,,,673.0847428999841,673.0995743996464,673.4160032796208,673.958511099685,674.3667390998453,,,,,,,,,,,,,,,,,,,,,,,sub002_saurabh,001,2024-05-14_12h40.04.723,final_exp_1.2_v1_18012024,2023.2.3,60.01893001684973,2024-05-14 12h40.26.212928 +0530,
524,0,524,0,,,,,674.3832551999949,,,,,674.3684900999069,674.3832551999949,674.7496059800033,675.2785483999178,675.6496208999306,,,,,,,,,,,,,,,,,,,,,,,sub002_saurabh,001,2024-05-14_12h40.04.723,final_exp_1.2_v1_18012024,2023.2.3,60.01893001684973,2024-05-14 12h40.26.212928 +0530,
525,0,525,0,,,,,675.6959663997404,,,,,675.6519280998036,675.6959663997404,675.9994276796933,676.5285585997626,676.935167899821,,,,,,,,,,,,,,,,,,,,,,,sub002_saurabh,001,2024-05-14_12h40.04.723,final_exp_1.2_v1_18012024,2023.2.3,60.01893001684973,2024-05-14 12h40.26.212928 +0530,
526,0,526,0,,,,,676.9760120999999,,,,,676.9368966999464,676.9760120999999,677.350319479825,677.9095272999257,678.2331381998956,,,,,,,,,,,,,,,,,,,,,,,sub002_saurabh,001,2024-05-14_12h40.04.723,final_exp_1.2_v1_18012024,2023.2.3,60.01893001684973,2024-05-14 12h40.26.212928 +0530,
527,0,527,0,,,,,678.2565557998605,,,,,678.2348747998476,678.2565557998605,678.5327320799697,,679.5164681999013,,,,,,,,,,,,,,,,,,,,,,,sub002_saurabh,001,2024-05-14_12h40.04.723,final_exp_1.2_v1_18012024,2023.2.3,60.01893001684973,2024-05-14 12h40.26.212928 +0530,
528,0,528,0,,,,,679.5360844000243,,,,,679.5182212996297,679.5360844000243,679.8993692796212,680.4594074999914,680.7998254997656,,,,,,,,,,,,,,,,,,,,,,,sub002_saurabh,001,2024-05-14_12h40.04.723,final_exp_1.2_v1_18012024,2023.2.3,60.01893001684973,2024-05-14 12h40.26.212928 +0530,
529,0,529,0,,,,,680.8156596999615,,,,,680.801575999707,680.8156596999615,681.1495189799462,681.7394503997639,682.0832307999954,,,,,,,,,,,,,,,,,,,,,,,sub002_saurabh,001,2024-05-14_12h40.04.723,final_exp_1.2_v1_18012024,2023.2.3,60.01893001684973,2024-05-14 12h40.26.212928 +0530,
530,0,530,0,,,,,682.0995431998745,,,,,682.0849784999155,682.0995431998745,682.4667005797382,683.029567499645,683.3664838997647,,,,,,,,,,,,,,,,,,,,,,,sub002_saurabh,001,2024-05-14_12h40.04.723,final_exp_1.2_v1_18012024,2023.2.3,60.01893001684973,2024-05-14 12h40.26.212928 +0530,
531,0,531,0,,,,,683.3830563998781,,,,,683.3682279000059,683.3830563998781,683.6994619800244,684.2596346996725,684.6498098997399,,,,,,,,,,,,,,,,,,,,,,,sub002_saurabh,001,2024-05-14_12h40.04.723,final_exp_1.2_v1_18012024,2023.2.3,60.01893001684973,2024-05-14 12h40.26.212928 +0530,
532,0,532,0,,,,,684.6666616997682,,,,,684.6515754996799,684.6666616997682,684.999469979899,685.5586374998093,685.9334564995952,,,,,,,,,,,,,,,,,,,,,,,sub002_saurabh,001,2024-05-14_12h40.04.723,final_exp_1.2_v1_18012024,2023.2.3,60.01893001684973,2024-05-14 12h40.26.212928 +0530,
533,0,533,0,,,,,685.9763650000095,,,,,685.9352034996264,685.9763650000095,686.2827454798389,686.7886055996642,687.2165814000182,,,,,,,,,,,,,,,,,,,,,,,sub002_saurabh,001,2024-05-14_12h40.04.723,final_exp_1.2_v1_18012024,2023.2.3,60.01893001684973,2024-05-14 12h40.26.212928 +0530,
534,0,534,0,,,,,687.2558378996328,,,,,687.2182923997752,687.2558378996328,687.5496828795876,688.1287058996968,688.4998260997236,,,,,,,,,,,,,,,,,,,,,,,sub002_saurabh,001,2024-05-14_12h40.04.723,final_exp_1.2_v1_18012024,2023.2.3,60.01893001684973,2024-05-14 12h40.26.212928 +0530,
535,0,535,0,,,,,688.5363469999284,,,,,688.5015793000348,688.5363469999284,688.7994748798665,689.3286202000454,689.7833359995857,,,,,,,,,,,,,,,,,,,,,,,sub002_saurabh,001,2024-05-14_12h40.04.723,final_exp_1.2_v1_18012024,2023.2.3,60.01893001684973,2024-05-14 12h40.26.212928 +0530,
536,0,536,0,,,,,689.8156686997972,,,,,689.7850183998235,689.8156686997972,690.149946279591,690.7394142998382,691.0665129995905,,,,,,,,,,,,,,,,,,,,,,,sub002_saurabh,001,2024-05-14_12h40.04.723,final_exp_1.2_v1_18012024,2023.2.3,60.01893001684973,2024-05-14 12h40.26.212928 +0530,
537,0,537,0,,,,,691.095082799904,,,,,691.0682039000094,691.095082799904,691.4328422800172,691.9886982999742,692.349847599864,,,,,,,,,,,,,,,,,,,,,,,sub002_saurabh,001,2024-05-14_12h40.04.723,final_exp_1.2_v1_18012024,2023.2.3,60.01893001684973,2024-05-14 12h40.26.212928 +0530,
538,0,538,0,,,,,692.3757986999117,,,,,692.3514646999538,692.3757986999117,692.716222679941,693.2295656995848,693.6331837000325,,,,,,,,,,,,,,,,,,,,,,,sub002_saurabh,001,2024-05-14_12h40.04.723,final_exp_1.2_v1_18012024,2023.2.3,60.01893001684973,2024-05-14 12h40.26.212928 +0530,
539,0,539,0,,,,,693.6556270997971,,,,,693.6348214996979,693.6556270997971,693.9327271797229,694.4594989996403,694.9165122997947,,,,,,,,,,,,,,,,,,,,,,,sub002_saurabh,001,2024-05-14_12h40.04.723,final_exp_1.2_v1_18012024,2023.2.3,60.01893001684973,2024-05-14 12h40.26.212928 +0530,
540,0,540,0,,,,,694.9355884999968,,,,,694.9182803998701,694.9355884999968,695.2494652799796,695.8385766996071,696.1998716997914,,,,,,,,,,,,,,,,,,,,,,,sub002_saurabh,001,2024-05-14_12h40.04.723,final_exp_1.2_v1_18012024,2023.2.3,60.01893001684973,2024-05-14 12h40.26.212928 +0530,
541,0,541,0,,,,,696.2156595997512,,,,,696.201595899649,696.2156595997512,696.5995440797415,697.1585493995808,697.4833207996562,,,,,,,,,,,,,,,,,,,,,,,sub002_saurabh,001,2024-05-14_12h40.04.723,final_exp_1.2_v1_18012024,2023.2.3,60.01893001684973,2024-05-14 12h40.26.212928 +0530,
542,0,542,0,,,,,697.5000439998694,,,,,697.485044399742,697.5000439998694,697.8162835796829,698.3794453996234,698.7665772000328,,,,,,,,,,,,,,,,,,,,,,,sub002_saurabh,001,2024-05-14_12h40.04.723,final_exp_1.2_v1_18012024,2023.2.3,60.01893001684973,2024-05-14 12h40.26.212928 +0530,
543,0,543,0,,,,,698.7834386997856,,,,,698.7683039996773,698.7834386997856,699.1661679798272,699.7095607998781,700.0498097999953,,,,,,,,,,,,,,,,,,,,,,,sub002_saurabh,001,2024-05-14_12h40.04.723,final_exp_1.2_v1_18012024,2023.2.3,60.01893001684973,2024-05-14 12h40.26.212928 +0530,
544,0,544,0,,,,,700.0960947000422,,,,,700.0514853997156,700.0960947000422,700.3661454797257,700.9287109998986,701.3341760998592,,,,,,,,,,,,,,,,,,,,,,,sub002_saurabh,001,2024-05-14_12h40.04.723,final_exp_1.2_v1_18012024,2023.2.3,60.01893001684973,2024-05-14 12h40.26.212928 +0530,
545,0,545,0,,,,,701.3767140996642,,,,,701.3359196996316,701.3767140996642,701.6666999796871,702.2785715996288,702.6332164998166,,,,,,,,,,,,,,,,,,,,,,,sub002_saurabh,001,2024-05-14_12h40.04.723,final_exp_1.2_v1_18012024,2023.2.3,60.01893001684973,2024-05-14 12h40.26.212928 +0530,
546,0,546,0,,,,,702.6611028998159,,,,,702.6349382000044,702.6611028998159,703.0161966800224,703.5586548997089,703.9165710997768,,,,,,,,,,,,,,,,,,,,,,,sub002_saurabh,001,2024-05-14_12h40.04.723,final_exp_1.2_v1_18012024,2023.2.3,60.01893001684973,2024-05-14 12h40.26.212928 +0530,
547,0,547,0,,,,,703.936318599619,,,,,703.9182126997039,703.936318599619,704.2494452798273,704.7887911996804,705.1999189998023,,,,,,,,,,,,,,,,,,,,,,,sub002_saurabh,001,2024-05-14_12h40.04.723,final_exp_1.2_v1_18012024,2023.2.3,60.01893001684973,2024-05-14 12h40.26.212928 +0530,
548,0,548,0,,,,,705.2159273000434,,,,,705.201643999666,705.2159273000434,705.5328144796658,706.0386840999126,706.4833777998574,,,,,,,,,,,,,,,,,,,,,,,sub002_saurabh,001,2024-05-14_12h40.04.723,final_exp_1.2_v1_18012024,2023.2.3,60.01893001684973,2024-05-14 12h40.26.212928 +0530,
549,0,549,0,,,,,706.4996989998035,,,,,706.4850643998943,706.4996989998035,706.8329548796173,707.4295862000436,707.7666083998047,,,,,,,,,,,,,,,,,,,,,,,sub002_saurabh,001,2024-05-14_12h40.04.723,final_exp_1.2_v1_18012024,2023.2.3,60.01893001684973,2024-05-14 12h40.26.212928 +0530,
550,0,550,0,,,,,707.7834717999212,,,,,707.7683313996531,707.7834717999212,708.1662750795949,708.6787441000342,709.0499354000203,,,,,,,,,,,,,,,,,,,,,,,sub002_saurabh,001,2024-05-14_12h40.04.723,final_exp_1.2_v1_18012024,2023.2.3,60.01893001684973,2024-05-14 12h40.26.212928 +0530,
551,0,551,0,,,,,709.0963035998866,,,,,709.0516447997652,709.0963035998866,709.3500517799985,709.9394654999487,710.3338422998786,,,,,,,,,,,,,,,,,,,,,,,sub002_saurabh,001,2024-05-14_12h40.04.723,final_exp_1.2_v1_18012024,2023.2.3,60.01893001684973,2024-05-14 12h40.26.212928 +0530,
552,0,552,0,,,,,710.3753076000139,,,,,710.3355376999825,710.3753076000139,710.6495242796373,711.2387848999351,711.6167692998424,,,,,,,,,,,,,,,,,,,,,,,sub002_saurabh,001,2024-05-14_12h40.04.723,final_exp_1.2_v1_18012024,2023.2.3,60.01893001684973,2024-05-14 12h40.26.212928 +0530,
553,0,553,0,,,,,711.6561325998046,,,,,711.6185398995876,711.6561325998046,712.0162547796499,712.5396163999103,712.9000915000215,,,,,,,,,,,,,,,,,,,,,,,sub002_saurabh,001,2024-05-14_12h40.04.723,final_exp_1.2_v1_18012024,2023.2.3,60.01893001684973,2024-05-14 12h40.26.212928 +0530,
554,0,554,0,,,,,712.9354524998926,,,,,712.9018570999615,712.9354524998926,713.2829868800472,713.8788127996959,714.183338499628,,,,,,,,,,,,,,,,,,,,,,,sub002_saurabh,001,2024-05-14_12h40.04.723,final_exp_1.2_v1_18012024,2023.2.3,60.01893001684973,2024-05-14 12h40.26.212928 +0530,
555,0,555,0,,,,,714.216179299634,,,,,714.185062199831,714.216179299634,714.5163611799944,715.0296964999288,715.4666939997114,,,,,,,,,,,,,,,,,,,,,,,sub002_saurabh,001,2024-05-14_12h40.04.723,final_exp_1.2_v1_18012024,2023.2.3,60.01893001684973,2024-05-14 12h40.26.212928 +0530,
556,0,556,0,,,,,715.4967579999939,,,,,715.4684438998811,715.4967579999939,715.8496315798257,716.4295954997651,716.7507201000117,,,,,,,,,,,,,,,,,,,,,,,sub002_saurabh,001,2024-05-14_12h40.04.723,final_exp_1.2_v1_18012024,2023.2.3,60.01893001684973,2024-05-14 12h40.26.212928 +0530,
557,0,557,0,,,,,716.7762090000324,,,,,716.7525166999549,716.7762090000324,717.1165948796552,717.6595091996714,718.050173799973,,,,,,,,,,,,,,,,,,,,,,,sub002_saurabh,001,2024-05-14_12h40.04.723,final_exp_1.2_v1_18012024,2023.2.3,60.01893001684973,2024-05-14 12h40.26.212928 +0530,
558,0,558,0,,,,,718.0971621000208,,,,,718.0519435997121,718.0971621000208,718.4496559796389,719.0388884996064,719.3334941999055,,,,,,,,,,,,,,,,,,,,,,,sub002_saurabh,001,2024-05-14_12h40.04.723,final_exp_1.2_v1_18012024,2023.2.3,60.01893001684973,2024-05-14 12h40.26.212928 +0530,
559,0,559,0,,,,,719.3758266000077,,,,,719.3352532000281,719.3758266000077,719.6997301799711,720.2788529000245,720.6167632997967,,,,,,,,,,,,,,,,,,,,,,,sub002_saurabh,001,2024-05-14_12h40.04.723,final_exp_1.2_v1_18012024,2023.2.3,60.01893001684973,2024-05-14 12h40.26.212928 +0530,
560,0,560,0,,,,,720.6573378997855,,,,,720.6184592000209,720.6573378997855,720.9663168799598,,721.9001148999669,,,,,,,,,,,,,,,,,,,,,,,sub002_saurabh,001,2024-05-14_12h40.04.723,final_exp_1.2_v1_18012024,2023.2.3,60.01893001684973,2024-05-14 12h40.26.212928 +0530,
561,0,561,0,,,,,721.9362226999365,,,,,721.9018259998411,721.9362226999365,722.2496731795836,722.8297020997852,723.1834708997048,,,,,,,,,,,,,,,,,,,,,,,sub002_saurabh,001,2024-05-14_12h40.04.723,final_exp_1.2_v1_18012024,2023.2.3,60.01893001684973,2024-05-14 12h40.26.212928 +0530,
562,0,562,0,,,,,723.2163941999897,,,,,723.1851704996079,723.2163941999897,723.566409579711,724.0789403999224,724.4668185999617,,,,,,,,,,,,,,,,,,,,,,,sub002_saurabh,001,2024-05-14_12h40.04.723,final_exp_1.2_v1_18012024,2023.2.3,60.01893001684973,2024-05-14 12h40.26.212928 +0530,
563,0,563,0,,,,,724.4959764997475,,,,,724.4685340998694,724.4959764997475,724.8496709798928,725.4388700998388,725.7500529997051,,,,,,,,,,,,,,,,,,,,,,,sub002_saurabh,001,2024-05-14_12h40.04.723,final_exp_1.2_v1_18012024,2023.2.3,60.01893001684973,2024-05-14 12h40.26.212928 +0530,
564,0,564,0,,,,,725.7818062999286,,,,,725.7517905998975,725.7818062999286,726.0830311796162,726.6889662998728,727.0335180996917,,,,,,,,,,,,,,,,,,,,,,,sub002_saurabh,001,2024-05-14_12h40.04.723,final_exp_1.2_v1_18012024,2023.2.3,60.01893001684973,2024-05-14 12h40.26.212928 +0530,
565,0,565,0,,,,,727.0554804997519,,,,,727.0352377998643,727.0554804997519,727.3500601795968,727.9590975996107,728.3167618997395,,,,,,,,,,,,,,,,,,,,,,,sub002_saurabh,001,2024-05-14_12h40.04.723,final_exp_1.2_v1_18012024,2023.2.3,60.01893001684973,2024-05-14 12h40.26.212928 +0530,
566,0,566,0,,,,,728.3366153999232,,,,,728.318511299789,728.3366153999232,728.6997703800444,729.3097961996682,729.6001175995916,,,,,,,,,,,,,,,,,,,,,,,sub002_saurabh,001,2024-05-14_12h40.04.723,final_exp_1.2_v1_18012024,2023.2.3,60.01893001684973,2024-05-14 12h40.26.212928 +0530,
567,0,567,0,,,,,729.6158646997064,,,,,729.6018607998267,729.6158646997064,729.9829949799459,730.5588089996018,730.8834639997222,,,,,,,,,,,,,,,,,,,,,,,sub002_saurabh,001,2024-05-14_12h40.04.723,final_exp_1.2_v1_18012024,2023.2.3,60.01893001684973,2024-05-14 12h40.26.212928 +0530,
568,0,568,0,,,,,730.900254199747,,,,,730.8851773999631,730.900254199747,731.2164518798236,731.7395993997343,732.1666840999387,,,,,,,,,,,,,,,,,,,,,,,sub002_saurabh,001,2024-05-14_12h40.04.723,final_exp_1.2_v1_18012024,2023.2.3,60.01893001684973,2024-05-14 12h40.26.212928 +0530,
569,0,569,0,,,,,732.1832309998572,,,,,732.1684381999075,732.1832309998572,732.5665177798364,733.1588669996709,733.4499500999227,,,,,,,,,,,,,,,,,,,,,,,sub002_saurabh,001,2024-05-14_12h40.04.723,final_exp_1.2_v1_18012024,2023.2.3,60.01893001684973,2024-05-14 12h40.26.212928 +0530,
570,0,570,0,,,,,733.4956373996101,,,,,733.4516468998045,733.4956373996101,733.799837279832,734.3288139998913,734.7335566999391,,,,,,,,,,,,,,,,,,,,,,,sub002_saurabh,001,2024-05-14_12h40.04.723,final_exp_1.2_v1_18012024,2023.2.3,60.01893001684973,2024-05-14 12h40.26.212928 +0530,
571,0,571,0,,,,,734.7763390997425,,,,,734.7352310996503,734.7763390997425,735.0663583797868,735.6298932000063,736.0168797997758,,,,,,,,,,,,,,,,,,,,,,,sub002_saurabh,001,2024-05-14_12h40.04.723,final_exp_1.2_v1_18012024,2023.2.3,60.01893001684973,2024-05-14 12h40.26.212928 +0530,
572,0,572,0,,,,,736.0562754999846,,,,,736.0186401000246,736.0562754999846,736.3330617796164,736.8788844998926,737.3002188997343,,,,,,,,,,,,,,,,,,,,,,,sub002_saurabh,001,2024-05-14_12h40.04.723,final_exp_1.2_v1_18012024,2023.2.3,60.01893001684973,2024-05-14 12h40.26.212928 +0530,
573,0,573,0,,,,,737.3356645996682,,,,,737.3019135999493,737.3356645996682,737.6997661797795,,738.583577199839,,,,,,,,,,,,,,,,,,,,,,,sub002_saurabh,001,2024-05-14_12h40.04.723,final_exp_1.2_v1_18012024,2023.2.3,60.01893001684973,2024-05-14 12h40.26.212928 +0530,
574,0,574,0,,,,,738.6157048000023,,,,,738.5852500996552,738.6157048000023,738.9165248798672,739.510136900004,739.866812299937,,,,,,,,,,,,,,,,,,,,,,,sub002_saurabh,001,2024-05-14_12h40.04.723,final_exp_1.2_v1_18012024,2023.2.3,60.01893001684973,2024-05-14 12h40.26.212928 +0530,
575,0,575,0,,,,,739.8956602998078,,,,,739.8684939998202,739.8956602998078,740.1996553798672,740.7590439999476,741.1500853998587,,,,,,,,,,,,,,,,,,,,,,,sub002_saurabh,001,2024-05-14_12h40.04.723,final_exp_1.2_v1_18012024,2023.2.3,60.01893001684973,2024-05-14 12h40.26.212928 +0530,
576,0,576,0,,,,,741.1763716996647,,,,,741.1517690997571,741.1763716996647,741.4997430799995,742.1098909997381,742.4335172995925,,,,,,,,,,,,,,,,,,,,,,,sub002_saurabh,001,2024-05-14_12h40.04.723,final_exp_1.2_v1_18012024,2023.2.3,60.01893001684973,2024-05-14 12h40.26.212928 +0530,
577,0,577,0,,,,,742.4553755996749,,,,,742.4352470999584,742.4553755996749,742.733115879586,743.2889584000222,743.7168637998402,,,,,,,,,,,,,,,,,,,,,,,sub002_saurabh,001,2024-05-14_12h40.04.723,final_exp_1.2_v1_18012024,2023.2.3,60.01893001684973,2024-05-14 12h40.26.212928 +0530,
578,0,578,0,,,,,743.736372299958,,,,,743.7186063998379,743.736372299958,744.0997685797047,744.6390694999136,745.0002244999632,,,,,,,,,,,,,,,,,,,,,,,sub002_saurabh,001,2024-05-14_12h40.04.723,final_exp_1.2_v1_18012024,2023.2.3,60.01893001684973,2024-05-14 12h40.26.212928 +0530,
579,0,579,0,,,,,745.0158591996878,,,,,745.0019030999392,745.0158591996878,745.3503147799056,,746.2835347997025,,,,,,,,,,,,,,,,,,,,,,,sub002_saurabh,001,2024-05-14_12h40.04.723,final_exp_1.2_v1_18012024,2023.2.3,60.01893001684973,2024-05-14 12h40.26.212928 +0530,
580,0,580,0,,,,,746.3002733998001,,,,,746.2852053996176,746.3002733998001,746.5998868800234,747.1590449996293,747.5668233996257,,,,,,,,,,,,,,,,,,,,,,,sub002_saurabh,001,2024-05-14_12h40.04.723,final_exp_1.2_v1_18012024,2023.2.3,60.01893001684973,2024-05-14 12h40.26.212928 +0530,
581,0,581,0,,,,,747.5837450996041,,,,,747.5685859997757,747.5837450996041,747.9503091799561,748.4889789000154,748.8500723997131,,,,,,,,,,,,,,,,,,,,,,,sub002_saurabh,001,2024-05-14_12h40.04.723,final_exp_1.2_v1_18012024,2023.2.3,60.01893001684973,2024-05-14 12h40.26.212928 +0530,
582,0,582,0,,,,,748.896316899918,,,,,748.8518520998769,748.896316899918,749.1499361798633,749.7589208995923,750.1344368997961,,,,,,,,,,,,,,,,,,,,,,,sub002_saurabh,001,2024-05-14_12h40.04.723,final_exp_1.2_v1_18012024,2023.2.3,60.01893001684973,2024-05-14 12h40.26.212928 +0530,
583,0,583,0,,,,,750.1758828996681,,,,,750.1361845997162,750.1758828996681,750.5164942799602,751.0597745999694,751.4171356996521,,,,,,,,,,,,,,,,,,,,,,,sub002_saurabh,001,2024-05-14_12h40.04.723,final_exp_1.2_v1_18012024,2023.2.3,60.01893001684973,2024-05-14 12h40.26.212928 +0530,
584,0,584,0,,,,,751.4557629995979,,,,,751.4189110998996,751.4557629995979,751.783074879786,752.2888361997902,752.7003313996829,,,,,,,,,,,,,,,,,,,,,,,sub002_saurabh,001,2024-05-14_12h40.04.723,final_exp_1.2_v1_18012024,2023.2.3,60.01893001684973,2024-05-14 12h40.26.212928 +0530,
585,0,585,0,,,,,752.7365194000304,,,,,752.7020609998144,752.7365194000304,753.0332039797213,753.57989980001,753.9836617000401,,,,,,,,,,,,,,,,,,,,,,,sub002_saurabh,001,2024-05-14_12h40.04.723,final_exp_1.2_v1_18012024,2023.2.3,60.01893001684973,2024-05-14 12h40.26.212928 +0530,
586,0,586,0,,,,,754.0159791996703,,,,,753.985399399884,754.0159791996703,754.3166613799985,754.9290657998063,755.2669308995828,,,,,,,,,,,,,,,,,,,,,,,sub002_saurabh,001,2024-05-14_12h40.04.723,final_exp_1.2_v1_18012024,2023.2.3,60.01893001684973,2024-05-14 12h40.26.212928 +0530,
587,0,587,0,,,,,755.2953471997753,,,,,755.2686258996837,755.2953471997753,755.5665571799036,756.1596122998744,756.5502186999656,,,,,,,,,,,,,,,,,,,,,,,sub002_saurabh,001,2024-05-14_12h40.04.723,final_exp_1.2_v1_18012024,2023.2.3,60.01893001684973,2024-05-14 12h40.26.212928 +0530,
588,0,588,0,,,,,756.5761389997788,,,,,756.5519204000011,756.5761389997788,756.8831953799818,757.4789870996028,757.8336128997616,,,,,,,,,,,,,,,,,,,,,,,sub002_saurabh,001,2024-05-14_12h40.04.723,final_exp_1.2_v1_18012024,2023.2.3,60.01893001684973,2024-05-14 12h40.26.212928 +0530,
589,0,589,0,,,,,757.8559865998104,,,,,757.835331399925,757.8559865998104,758.1665661798324,758.6890602000058,759.116937499959,,,,,,,,,,,,,,,,,,,,,,,sub002_saurabh,001,2024-05-14_12h40.04.723,final_exp_1.2_v1_18012024,2023.2.3,60.01893001684973,2024-05-14 12h40.26.212928 +0530,
590,0,590,0,,,,,759.1354488995858,,,,,759.11869619973,759.1354488995858,759.4499157799874,,760.400378999766,,,,,,,,,,,,,,,,,,,,,,,sub002_saurabh,001,2024-05-14_12h40.04.723,final_exp_1.2_v1_18012024,2023.2.3,60.01893001684973,2024-05-14 12h40.26.212928 +0530,
591,0,591,0,,,,,760.4159507998265,,,,,760.4021566999145,760.4159507998265,760.7999205796514,761.3891753000207,761.6835375996307,,,,,,,,,,,,,,,,,,,,,,,sub002_saurabh,001,2024-05-14_12h40.04.723,final_exp_1.2_v1_18012024,2023.2.3,60.01893001684973,2024-05-14 12h40.26.212928 +0530,
592,0,592,0,,,,,761.7003528997302,,,,,761.6851949999109,761.7003528997302,762.0666199799161,762.6389832999557,762.9669331000187,,,,,,,,,,,,,,,,,,,,,,,sub002_saurabh,001,2024-05-14_12h40.04.723,final_exp_1.2_v1_18012024,2023.2.3,60.01893001684973,2024-05-14 12h40.26.212928 +0530,
593,0,593,0,,,,,762.9834520998411,,,,,762.9686657995917,762.9834520998411,763.299873979995,763.8598117996007,764.2506136000156,,,,,,,,,,,,,,,,,,,,,,,sub002_saurabh,001,2024-05-14_12h40.04.723,final_exp_1.2_v1_18012024,2023.2.3,60.01893001684973,2024-05-14 12h40.26.212928 +0530,
594,0,594,0,,,,,764.2954997997731,,,,,764.2524575996213,764.2954997997731,764.5999841799494,765.1895514000207,765.5340657997876,,,,,,,,,,,,,,,,,,,,,,,sub002_saurabh,001,2024-05-14_12h40.04.723,final_exp_1.2_v1_18012024,2023.2.3,60.01893001684973,2024-05-14 12h40.26.212928 +0530,
595,0,595,0,,,,,765.5764393997379,,,,,765.5358067997731,765.5764393997379,765.8831798799802,766.3891523997299,766.8170086997561,,,,,,,,,,,,,,,,,,,,,,,sub002_saurabh,001,2024-05-14_12h40.04.723,final_exp_1.2_v1_18012024,2023.2.3,60.01893001684973,2024-05-14 12h40.26.212928 +0530,
596,0,596,0,,,,,766.8563097999431,,,,,766.8187815998681,766.8563097999431,767.1507790798787,767.7592390999198,768.1003939998336,,,,,,,,,,,,,,,,,,,,,,,sub002_saurabh,001,2024-05-14_12h40.04.723,final_exp_1.2_v1_18012024,2023.2.3,60.01893001684973,2024-05-14 12h40.26.212928 +0530,
597,0,597,0,,,,,768.1360422000289,,,,,768.1021614996716,768.1360422000289,768.4999555798713,769.0690913000144,769.3836603998207,,,,,,,,,,,,,,,,,,,,,,,sub002_saurabh,001,2024-05-14_12h40.04.723,final_exp_1.2_v1_18012024,2023.2.3,60.01893001684973,2024-05-14 12h40.26.212928 +0530,
598,0,598,0,,,,,769.4160607997328,,,,,769.3854147000238,769.4160607997328,769.7332991797011,770.3397013000213,770.6670513995923,,,,,,,,,,,,,,,,,,,,,,,sub002_saurabh,001,2024-05-14_12h40.04.723,final_exp_1.2_v1_18012024,2023.2.3,60.01893001684973,2024-05-14 12h40.26.212928 +0530,
599,0,599,0,,,,,770.6968907997943,,,,,770.6687912996858,770.6968907997943,770.9831989796367,771.5400900999084,771.9504133998416,,,,,,,,,,,,,,,,,,,,,,,sub002_saurabh,001,2024-05-14_12h40.04.723,final_exp_1.2_v1_18012024,2023.2.3,60.01893001684973,2024-05-14 12h40.26.212928 +0530,
600,0,600,0,,,,,771.9754715999588,,,,,771.9520879997872,771.9754715999588,772.3171630797442,772.8391192997806,773.2336845998652,,,,,,,,,,,,,,,,,,,,,,,sub002_saurabh,001,2024-05-14_12h40.04.723,final_exp_1.2_v1_18012024,2023.2.3,60.01893001684973,2024-05-14 12h40.26.212928 +0530,
601,0,601,0,,,,,773.2561528999358,,,,,773.2353953998536,773.2561528999358,773.583276579855,774.1891955998726,774.5171741996892,,,,,,,,,,,,,,,,,,,,,,,sub002_saurabh,001,2024-05-14_12h40.04.723,final_exp_1.2_v1_18012024,2023.2.3,60.01893001684973,2024-05-14 12h40.26.212928 +0530,
602,0,602,0,,,,,774.5363111998886,,,,,774.5188451996073,774.5363111998886,774.9167278797831,775.4598655998707,775.8004386997782,,,,,,,,,,,,,,,,,,,,,,,sub002_saurabh,001,2024-05-14_12h40.04.723,final_exp_1.2_v1_18012024,2023.2.3,60.01893001684973,2024-05-14 12h40.26.212928 +0530,
603,0,603,0,,,,,775.8159729000181,,,,,775.8021958000027,775.8159729000181,776.1666188796517,,777.0838255998679,,,,,,,,,,,,,,,,,,,,,,,sub002_saurabh,001,2024-05-14_12h40.04.723,final_exp_1.2_v1_18012024,2023.2.3,60.01893001684973,2024-05-14 12h40.26.212928 +0530,
604,0,604,0,,,,,777.1004689997062,,,,,777.0855756998062,777.1004689997062,777.4333764796611,778.0090309996158,778.3669920996763,,,,,,,,,,,,,,,,,,,,,,,sub002_saurabh,001,2024-05-14_12h40.04.723,final_exp_1.2_v1_18012024,2023.2.3,60.01893001684973,2024-05-14 12h40.26.212928 +0530,
605,0,605,0,,,,,778.3835412999615,,,,,778.3686543996446,778.3835412999615,778.767072779825,779.289218199905,779.6505038999021,,,,,,,,,,,,,,,,,,,,,,,sub002_saurabh,001,2024-05-14_12h40.04.723,final_exp_1.2_v1_18012024,2023.2.3,60.01893001684973,2024-05-14 12h40.26.212928 +0530,
606,0,606,0,,,,,779.6965969000012,,,,,779.6522653000429,779.6965969000012,780.033415679587,780.6097732996568,780.9342755996622,,,,,,,,,,,,,,,,,,,,,,,sub002_saurabh,001,2024-05-14_12h40.04.723,final_exp_1.2_v1_18012024,2023.2.3,60.01893001684973,2024-05-14 12h40.26.212928 +0530,
607,0,607,0,,,,,780.9765447997488,,,,,780.9359979997389,780.9765447997488,781.316752779996,781.8792045000009,782.217178599909,,,,,,,,,,,,,,,,,,,,,,,sub002_saurabh,001,2024-05-14_12h40.04.723,final_exp_1.2_v1_18012024,2023.2.3,60.01893001684973,2024-05-14 12h40.26.212928 +0530,
608,0,608,0,,,,,782.2567556998692,,,,,782.2189285997301,782.2567556998692,782.6001066796016,783.1893326998688,783.5009226999246,,,,,,,,,,,,,,,,,,,,,,,sub002_saurabh,001,2024-05-14_12h40.04.723,final_exp_1.2_v1_18012024,2023.2.3,60.01893001684973,2024-05-14 12h40.26.212928 +0530,
609,0,609,0,,,,,783.5354652996175,,,,,783.5026830998249,783.5354652996175,783.8833306797314,784.4599496996962,784.783815999981,,,,,,,,,,,,,,,,,,,,,,,sub002_saurabh,001,2024-05-14_12h40.04.723,final_exp_1.2_v1_18012024,2023.2.3,60.01893001684973,2024-05-14 12h40.26.212928 +0530,
610,0,610,0,,,,,784.8156679999083,,,,,784.7856303998269,784.8156679999083,785.1167026797775,785.7101769996807,786.0675377999432,,,,,,,,,,,,,,,,,,,,,,,sub002_saurabh,001,2024-05-14_12h40.04.723,final_exp_1.2_v1_18012024,2023.2.3,60.01893001684973,2024-05-14 12h40.26.212928 +0530,
611,0,611,0,,,,,786.0962675996125,,,,,786.0692787999287,786.0962675996125,786.4003848799039,,787.3505142997019,,,,,,,,,,,,,,,,,,,,,,,sub002_saurabh,001,2024-05-14_12h40.04.723,final_exp_1.2_v1_18012024,2023.2.3,60.01893001684973,2024-05-14 12h40.26.212928 +0530,
612,0,612,0,,,,,787.3779306998476,,,,,787.3521961998194,787.3779306998476,787.6834354798775,788.2892326996662,788.6337627996691,,,,,,,,,,,,,,,,,,,,,,,sub002_saurabh,001,2024-05-14_12h40.04.723,final_exp_1.2_v1_18012024,2023.2.3,60.01893001684973,2024-05-14 12h40.26.212928 +0530,
613,0,613,0,,,,,788.6559961996973,,,,,788.635494899936,788.6559961996973,788.9333907796536,789.4892518999986,789.9171155998483,,,,,,,,,,,,,,,,,,,,,,,sub002_saurabh,001,2024-05-14_12h40.04.723,final_exp_1.2_v1_18012024,2023.2.3,60.01893001684973,2024-05-14 12h40.26.212928 +0530,
614,0,614,0,,,,,789.9357638997026,,,,,789.9188079996966,789.9357638997026,790.2500700799283,790.8092299997807,791.200492199976,,,,,,,,,,,,,,,,,,,,,,,sub002_saurabh,001,2024-05-14_12h40.04.723,final_exp_1.2_v1_18012024,2023.2.3,60.01893001684973,2024-05-14 12h40.26.212928 +0530,
615,0,615,0,,,,,791.2161901998334,,,,,791.2022018996067,791.2161901998334,791.5505887798499,792.1098880995996,792.4838391998783,,,,,,,,,,,,,,,,,,,,,,,sub002_saurabh,001,2024-05-14_12h40.04.723,final_exp_1.2_v1_18012024,2023.2.3,60.01893001684973,2024-05-14 12h40.26.212928 +0530,
616,0,616,0,,,,,792.5000360999256,,,,,792.4855807996355,792.5000360999256,792.8333571797702,793.4391358997673,793.7670073998161,,,,,,,,,,,,,,,,,,,,,,,sub002_saurabh,001,2024-05-14_12h40.04.723,final_exp_1.2_v1_18012024,2023.2.3,60.01893001684973,2024-05-14 12h40.26.212928 +0530,
617,0,617,0,,,,,793.7839508997276,,,,,793.7687920997851,793.7839508997276,794.1000711799134,794.6399209997617,795.0504231997766,,,,,,,,,,,,,,,,,,,,,,,sub002_saurabh,001,2024-05-14_12h40.04.723,final_exp_1.2_v1_18012024,2023.2.3,60.01893001684973,2024-05-14 12h40.26.212928 +0530,
618,0,618,0,,,,,795.0961752999574,,,,,795.0521913999692,795.0961752999574,795.4499985796865,796.0603404999711,796.3343823999166,,,,,,,,,,,,,,,,,,,,,,,sub002_saurabh,001,2024-05-14_12h40.04.723,final_exp_1.2_v1_18012024,2023.2.3,60.01893001684973,2024-05-14 12h40.26.212928 +0530,
619,0,619,0,,,,,796.3767351997085,,,,,796.336114899721,796.3767351997085,796.7168665796053,797.2603170997463,797.6172895999625,,,,,,,,,,,,,,,,,,,,,,,sub002_saurabh,001,2024-05-14_12h40.04.723,final_exp_1.2_v1_18012024,2023.2.3,60.01893001684973,2024-05-14 12h40.26.212928 +0530,
620,0,620,0,,,,,797.6557256998494,,,,,797.6190279996954,797.6557256998494,798.0171717798803,798.5802536997944,798.9006026997231,,,,,,,,,,,,,,,,,,,,,,,sub002_saurabh,001,2024-05-14_12h40.04.723,final_exp_1.2_v1_18012024,2023.2.3,60.01893001684973,2024-05-14 12h40.26.212928 +0530,
621,0,621,0,,,,,798.9356647999957,,,,,798.902277499903,798.9356647999957,799.3000560796354,799.8599139000289,800.1839121999219,,,,,,,,,,,,,,,,,,,,,,,sub002_saurabh,001,2024-05-14_12h40.04.723,final_exp_1.2_v1_18012024,2023.2.3,60.01893001684973,2024-05-14 12h40.26.212928 +0530,
622,0,622,0,,,,,800.2166578997858,,,,,800.185601499863,800.2166578997858,800.5334342799615,801.1293043997139,801.4673091997392,,,,,,,,,,,,,,,,,,,,,,,sub002_saurabh,001,2024-05-14_12h40.04.723,final_exp_1.2_v1_18012024,2023.2.3,60.01893001684973,2024-05-14 12h40.26.212928 +0530,
623,0,623,0,,,,,801.5005330997519,,,,,801.469072799664,801.5005330997519,801.7833401795942,802.2893415996805,802.7506214999594,,,,,,,,,,,,,,,,,,,,,,,sub002_saurabh,001,2024-05-14_12h40.04.723,final_exp_1.2_v1_18012024,2023.2.3,60.01893001684973,2024-05-14 12h40.26.212928 +0530,
624,0,624,0,,,,,802.7757196999155,,,,,802.752376999706,802.7757196999155,803.1334993799683,803.7402659999207,804.033992999699,,,,,,,,,,,,,,,,,,,,,,,sub002_saurabh,001,2024-05-14_12h40.04.723,final_exp_1.2_v1_18012024,2023.2.3,60.01893001684973,2024-05-14 12h40.26.212928 +0530,
625,0,625,0,,,,,804.0552643998526,,,,,804.0357504999265,804.0552643998526,804.4167257796507,804.9893510998227,805.3172152996995,,,,,,,,,,,,,,,,,,,,,,,sub002_saurabh,001,2024-05-14_12h40.04.723,final_exp_1.2_v1_18012024,2023.2.3,60.01893001684973,2024-05-14 12h40.26.212928 +0530,
626,0,626,0,,,,,805.3369070999324,,,,,805.3189677000046,805.3369070999324,805.7000676796306,806.2676208997145,806.6005331999622,,,,,,,,,,,,,,,,,,,,,,,sub002_saurabh,001,2024-05-14_12h40.04.723,final_exp_1.2_v1_18012024,2023.2.3,60.01893001684973,2024-05-14 12h40.26.212928 +0530,
627,0,627,0,,,,,806.6169440997764,,,,,806.6023149997927,806.6169440997764,806.9512750797439,807.54110319959,807.8838329999708,,,,,,,,,,,,,,,,,,,,,,,sub002_saurabh,001,2024-05-14_12h40.04.723,final_exp_1.2_v1_18012024,2023.2.3,60.01893001684973,2024-05-14 12h40.26.212928 +0530,
628,0,628,0,,,,,807.9005947997794,,,,,807.8855258999392,807.9005947997794,808.2667591797654,808.8394076996483,809.1671458999626,,,,,,,,,,,,,,,,,,,,,,,sub002_saurabh,001,2024-05-14_12h40.04.723,final_exp_1.2_v1_18012024,2023.2.3,60.01893001684973,2024-05-14 12h40.26.212928 +0530,
629,0,629,0,,,,,809.1837201998569,,,,,809.1688059000298,809.1837201998569,809.5675806796644,810.0693508996628,810.4505761000328,,,,,,,,,,,,,,,,,,,,,,,sub002_saurabh,001,2024-05-14_12h40.04.723,final_exp_1.2_v1_18012024,2023.2.3,60.01893001684973,2024-05-14 12h40.26.212928 +0530,
630,0,630,0,,,,,810.4964989,,,,,810.4523430997506,810.4964989,810.7510398796294,811.359369599726,811.734271899797,,,,,,,,,,,,,,,,,,,,,,,sub002_saurabh,001,2024-05-14_12h40.04.723,final_exp_1.2_v1_18012024,2023.2.3,60.01893001684973,2024-05-14 12h40.26.212928 +0530,
631,0,631,0,,,,,811.7756662997417,,,,,811.7359875999391,811.7756662997417,812.1169506798033,,813.0172819998115,,,,,,,,,,,,,,,,,,,,,,,sub002_saurabh,001,2024-05-14_12h40.04.723,final_exp_1.2_v1_18012024,2023.2.3,60.01893001684973,2024-05-14 12h40.26.212928 +0530,
632,0,632,0,,,,,813.0557746998966,,,,,813.0189632996917,813.0557746998966,813.3834381799679,813.9294666997157,814.3005850999616,,,,,,,,,,,,,,,,,,,,,,,sub002_saurabh,001,2024-05-14_12h40.04.723,final_exp_1.2_v1_18012024,2023.2.3,60.01893001684973,2024-05-14 12h40.26.212928 +0530,
633,0,633,0,,,,,814.3360240999609,,,,,814.3023406998254,814.3360240999609,814.6835048797075,815.2893111999147,815.5843548998237,,,,,,,,,,,,,,,,,,,,,,,sub002_saurabh,001,2024-05-14_12h40.04.723,final_exp_1.2_v1_18012024,2023.2.3,60.01893001684973,2024-05-14 12h40.26.212928 +0530,
634,0,634,0,,,,,815.6165342996828,,,,,815.5867046997882,815.6165342996828,815.9835630797315,816.5803515999578,816.8674102998339,,,,,,,,,,,,,,,,,,,,,,,sub002_saurabh,001,2024-05-14_12h40.04.723,final_exp_1.2_v1_18012024,2023.2.3,60.01893001684973,2024-05-14 12h40.26.212928 +0530,
635,0,635,0,,,,,816.8962061996572,,,,,816.8691318999045,816.8962061996572,817.2167612796184,817.809432100039,818.1505630998872,,,,,,,,,,,,,,,,,,,,,,,sub002_saurabh,001,2024-05-14_12h40.04.723,final_exp_1.2_v1_18012024,2023.2.3,60.01893001684973,2024-05-14 12h40.26.212928 +0530,
636,0,636,0,,,,,818.1759472996928,,,,,818.1523427995853,818.1759472996928,818.5002094798256,819.110264999792,819.4339944999665,,,,,,,,,,,,,,,,,,,,,,,sub002_saurabh,001,2024-05-14_12h40.04.723,final_exp_1.2_v1_18012024,2023.2.3,60.01893001684973,2024-05-14 12h40.26.212928 +0530,
637,0,637,0,,,,,819.4560990999453,,,,,819.4357306999154,819.4560990999453,819.8169245796744,,820.7173975999467,,,,,,,,,,,,,,,,,,,,,,,sub002_saurabh,001,2024-05-14_12h40.04.723,final_exp_1.2_v1_18012024,2023.2.3,60.01893001684973,2024-05-14 12h40.26.212928 +0530,
638,0,638,0,,,,,820.7358236997388,,,,,820.7191448998637,820.7358236997388,821.0835469795857,821.6314335996285,822.0015286998823,,,,,,,,,,,,,,,,,,,,,,,sub002_saurabh,001,2024-05-14_12h40.04.723,final_exp_1.2_v1_18012024,2023.2.3,60.01893001684973,2024-05-14 12h40.26.212928 +0530,
639,0,639,0,,,,,822.0163281997666,,,,,822.0033054999076,822.0163281997666,822.3503443796653,822.9101108997129,823.4330376996659,823.4794274000451,,,,,,,,,,,,,,,,,,,,,,sub002_saurabh,001,2024-05-14_12h40.04.723,final_exp_1.2_v1_18012024,2023.2.3,60.01893001684973,2024-05-14 12h40.26.212928 +0530,
640,0,640,0,,,,,823.4794274000451,,,,,823.4347587996162,823.4794274000451,823.7337763796095,824.3309784997255,824.7179623995908,,,,,,,,,,,,,,,,,,,,,,,sub002_saurabh,001,2024-05-14_12h40.04.723,final_exp_1.2_v1_18012024,2023.2.3,60.01893001684973,2024-05-14 12h40.26.212928 +0530,
641,0,641,0,,,,,824.7587770996615,,,,,824.7197123998776,824.7587770996615,825.133767979918,825.6900709997863,826.0007687998004,,,,,,,,,,,,,,,,,,,,,,,sub002_saurabh,001,2024-05-14_12h40.04.723,final_exp_1.2_v1_18012024,2023.2.3,60.01893001684973,2024-05-14 12h40.26.212928 +0530,
642,0,642,0,,,,,826.0396626996808,,,,,826.003129999619,826.0396626996808,826.400235979585,826.9392839996144,827.2840996999294,,,,,,,,,,,,,,,,,,,,,,,sub002_saurabh,001,2024-05-14_12h40.04.723,final_exp_1.2_v1_18012024,2023.2.3,60.01893001684973,2024-05-14 12h40.26.212928 +0530,
643,0,643,0,,,,,827.3190417997539,,,,,827.2858348996378,827.3190417997539,827.6679601797368,828.2292750999331,828.5673964996822,,,,,,,,,,,,,,,,,,,,,,,sub002_saurabh,001,2024-05-14_12h40.04.723,final_exp_1.2_v1_18012024,2023.2.3,60.01893001684973,2024-05-14 12h40.26.212928 +0530,
644,0,644,0,,,,,828.5989098995924,,,,,828.5691517000087,828.5989098995924,828.9668622796889,829.5095044998452,829.850727699697,,,,,,,,,,,,,,,,,,,,,,,sub002_saurabh,001,2024-05-14_12h40.04.723,final_exp_1.2_v1_18012024,2023.2.3,60.01893001684973,2024-05-14 12h40.26.212928 +0530,
645,0,645,0,,,,,829.8786385999992,,,,,829.8524261997081,829.8786385999992,830.2002691796515,830.7679294999689,831.1341462000273,,,,,,,,,,,,,,,,,,,,,,,sub002_saurabh,001,2024-05-14_12h40.04.723,final_exp_1.2_v1_18012024,2023.2.3,60.01893001684973,2024-05-14 12h40.26.212928 +0530,
646,0,646,0,,,,,831.1595204998739,,,,,831.1358525999822,831.1595204998739,831.4502109799068,832.0293992999941,832.4172869999893,,,,,,,,,,,,,,,,,,,,,,,sub002_saurabh,001,2024-05-14_12h40.04.723,final_exp_1.2_v1_18012024,2023.2.3,60.01893001684973,2024-05-14 12h40.26.212928 +0530,
647,0,647,0,,,,,832.4391561998054,,,,,832.4189733997919,832.4391561998054,832.766928879777,833.3603799999692,833.7015170999803,,,,,,,,,,,,,,,,,,,,,,,sub002_saurabh,001,2024-05-14_12h40.04.723,final_exp_1.2_v1_18012024,2023.2.3,60.01893001684973,2024-05-14 12h40.26.212928 +0530,
648,0,648,0,,,,,833.7189396996982,,,,,833.7033257000148,833.7189396996982,834.0336112796795,834.5895754997618,835.0007883999497,,,,,,,,,,,,,,,,,,,,,,,sub002_saurabh,001,2024-05-14_12h40.04.723,final_exp_1.2_v1_18012024,2023.2.3,60.01893001684973,2024-05-14 12h40.26.212928 +0530,
649,0,649,0,,,,,835.0385824996047,,,,,835.0025469996035,835.0385824996047,835.3837210799102,835.9304205998778,836.2841567997821,,,,,,,,,,,,,,,,,,,,,,,sub002_saurabh,001,2024-05-14_12h40.04.723,final_exp_1.2_v1_18012024,2023.2.3,60.01893001684973,2024-05-14 12h40.26.212928 +0530,
650,0,650,0,,,,,836.3199996999465,,,,,836.2858567996882,836.3199996999465,836.6835976799484,837.2599135995843,837.5674364999868,,,,,,,,,,,,,,,,,,,,,,,sub002_saurabh,001,2024-05-14_12h40.04.723,final_exp_1.2_v1_18012024,2023.2.3,60.01893001684973,2024-05-14 12h40.26.212928 +0530,
651,0,651,0,,,,,837.5993863996118,,,,,837.5691726999357,837.5993863996118,837.9003855797928,838.4294822998345,838.8507791999727,,,,,,,,,,,,,,,,,,,,,,,sub002_saurabh,001,2024-05-14_12h40.04.723,final_exp_1.2_v1_18012024,2023.2.3,60.01893001684973,2024-05-14 12h40.26.212928 +0530,
652,0,652,0,,,,,838.8798925997689,,,,,838.8524666000158,838.8798925997689,839.2337199796457,839.789627299644,840.1340943998657,,,,,,,,,,,,,,,,,,,,,,,sub002_saurabh,001,2024-05-14_12h40.04.723,final_exp_1.2_v1_18012024,2023.2.3,60.01893001684973,2024-05-14 12h40.26.212928 +0530,
653,0,653,0,,,,,840.1584643996321,,,,,840.135795599781,840.1584643996321,840.5003862797748,,841.417399100028,,,,,,,,,,,,,,,,,,,,,,,sub002_saurabh,001,2024-05-14_12h40.04.723,final_exp_1.2_v1_18012024,2023.2.3,60.01893001684973,2024-05-14 12h40.26.212928 +0530,
654,0,654,0,,,,,841.4390600998886,,,,,841.4191799997352,841.4390600998886,841.7510154799093,842.3603934999555,842.7006428996101,,,,,,,,,,,,,,,,,,,,,,,sub002_saurabh,001,2024-05-14_12h40.04.723,final_exp_1.2_v1_18012024,2023.2.3,60.01893001684973,2024-05-14 12h40.26.212928 +0530,
655,0,655,0,,,,,842.7213817997836,,,,,842.7023930996656,842.7213817997836,843.0170474799816,843.6295844996348,843.9841362996958,,,,,,,,,,,,,,,,,,,,,,,sub002_saurabh,001,2024-05-14_12h40.04.723,final_exp_1.2_v1_18012024,2023.2.3,60.01893001684973,2024-05-14 12h40.26.212928 +0530,
656,0,656,0,,,,,844.0009033996612,,,,,843.9858944998123,844.0009033996612,844.3169716799166,844.8595094997436,845.2674174997956,,,,,,,,,,,,,,,,,,,,,,,sub002_saurabh,001,2024-05-14_12h40.04.723,final_exp_1.2_v1_18012024,2023.2.3,60.01893001684973,2024-05-14 12h40.26.212928 +0530,
657,0,657,0,,,,,845.2838276997209,,,,,845.2691521998495,845.2838276997209,845.5668972798157,846.1603970997967,846.5505915996619,,,,,,,,,,,,,,,,,,,,,,,sub002_saurabh,001,2024-05-14_12h40.04.723,final_exp_1.2_v1_18012024,2023.2.3,60.01893001684973,2024-05-14 12h40.26.212928 +0530,
658,0,658,0,,,,,846.5672237998806,,,,,846.5522420997731,846.5672237998806,846.933826879831,847.4903559000231,847.8341273996048,,,,,,,,,,,,,,,,,,,,,,,sub002_saurabh,001,2024-05-14_12h40.04.723,final_exp_1.2_v1_18012024,2023.2.3,60.01893001684973,2024-05-14 12h40.26.212928 +0530,
659,0,659,0,,,,,847.8793571996503,,,,,847.8358151996508,847.8793571996503,848.233736980008,848.7604505997151,849.1175353997387,,,,,,,,,,,,,,,,,,,,,,,sub002_saurabh,001,2024-05-14_12h40.04.723,final_exp_1.2_v1_18012024,2023.2.3,60.01893001684973,2024-05-14 12h40.26.212928 +0530,
660,0,660,0,,,,,849.1597556998022,,,,,849.1192075000145,849.1597556998022,849.5005017796066,850.0596424997784,850.4009448997676,,,,,,,,,,,,,,,,,,,,,,,sub002_saurabh,001,2024-05-14_12h40.04.723,final_exp_1.2_v1_18012024,2023.2.3,60.01893001684973,2024-05-14 12h40.26.212928 +0530,
661,0,661,0,,,,,850.4390920996666,,,,,850.402719900012,850.4390920996666,850.7504488800187,851.2594641996548,851.6842967998236,,,,,,,,,,,,,,,,,,,,,,,sub002_saurabh,001,2024-05-14_12h40.04.723,final_exp_1.2_v1_18012024,2023.2.3,60.01893001684973,2024-05-14 12h40.26.212928 +0530,
662,0,662,0,,,,,851.7186304996721,,,,,851.6859940998256,851.7186304996721,852.0837517797481,852.6297146999277,852.9674294996075,,,,,,,,,,,,,,,,,,,,,,,sub002_saurabh,001,2024-05-14_12h40.04.723,final_exp_1.2_v1_18012024,2023.2.3,60.01893001684973,2024-05-14 12h40.26.212928 +0530,
663,0,663,0,,,,,852.9988747998141,,,,,852.9691681996919,852.9988747998141,853.3505361799616,853.9302761997096,854.2508853999898,,,,,,,,,,,,,,,,,,,,,,,sub002_saurabh,001,2024-05-14_12h40.04.723,final_exp_1.2_v1_18012024,2023.2.3,60.01893001684973,2024-05-14 12h40.26.212928 +0530,
664,0,664,0,,,,,854.2796294,,,,,854.2525716000237,854.2796294,854.6337982800324,855.2104005999863,855.5341594996862,,,,,,,,,,,,,,,,,,,,,,,sub002_saurabh,001,2024-05-14_12h40.04.723,final_exp_1.2_v1_18012024,2023.2.3,60.01893001684973,2024-05-14 12h40.26.212928 +0530,
665,0,665,0,,,,,855.5589866996743,,,,,855.5359159000218,855.5589866996743,855.8837676800322,856.4405160997994,856.8175774998963,,,,,,,,,,,,,,,,,,,,,,,sub002_saurabh,001,2024-05-14_12h40.04.723,final_exp_1.2_v1_18012024,2023.2.3,60.01893001684973,2024-05-14 12h40.26.212928 +0530,
666,0,666,0,,,,,856.8386646998115,,,,,856.8193517997861,856.8386646998115,857.1503499799874,857.6907554999925,858.1007993998937,,,,,,,,,,,,,,,,,,,,,,,sub002_saurabh,001,2024-05-14_12h40.04.723,final_exp_1.2_v1_18012024,2023.2.3,60.01893001684973,2024-05-14 12h40.26.212928 +0530,
667,0,667,0,,,,,858.119617999997,,,,,858.1025100997649,858.119617999997,858.4338847796898,858.9795431997627,859.3841250999831,,,,,,,,,,,,,,,,,,,,,,,sub002_saurabh,001,2024-05-14_12h40.04.723,final_exp_1.2_v1_18012024,2023.2.3,60.01893001684973,2024-05-14 12h40.26.212928 +0530,
668,0,668,0,,,,,859.4006775999442,,,,,859.3858541999944,859.4006775999442,859.7671821799595,860.2806874997914,860.6673841997981,,,,,,,,,,,,,,,,,,,,,,,sub002_saurabh,001,2024-05-14_12h40.04.723,final_exp_1.2_v1_18012024,2023.2.3,60.01893001684973,2024-05-14 12h40.26.212928 +0530,
669,0,669,0,,,,,860.6843436998315,,,,,860.6691640997306,860.6843436998315,861.0676534797531,861.5897749997675,861.9521438996308,,,,,,,,,,,,,,,,,,,,,,,sub002_saurabh,001,2024-05-14_12h40.04.723,final_exp_1.2_v1_18012024,2023.2.3,60.01893001684973,2024-05-14 12h40.26.212928 +0530,
670,0,670,0,,,,,861.9996420997195,,,,,861.9539354997687,861.9996420997195,862.3005495800171,862.8804862997495,863.2508519999683,,,,,,,,,,,,,,,,,,,,,,,sub002_saurabh,001,2024-05-14_12h40.04.723,final_exp_1.2_v1_18012024,2023.2.3,60.01893001684973,2024-05-14 12h40.26.212928 +0530,
671,0,671,0,,,,,863.2796056997031,,,,,863.2525330996141,863.2796056997031,863.5670468800236,864.1607596999966,864.5343497996219,,,,,,,,,,,,,,,,,,,,,,,sub002_saurabh,001,2024-05-14_12h40.04.723,final_exp_1.2_v1_18012024,2023.2.3,60.01893001684973,2024-05-14 12h40.26.212928 +0530,
672,0,672,0,,,,,864.5590507998131,,,,,864.5360615998507,864.5590507998131,864.9172508798074,865.5095671997406,865.8175432998687,,,,,,,,,,,,,,,,,,,,,,,sub002_saurabh,001,2024-05-14_12h40.04.723,final_exp_1.2_v1_18012024,2023.2.3,60.01893001684973,2024-05-14 12h40.26.212928 +0530,
673,0,673,0,,,,,865.8387523000129,,,,,865.819188399706,865.8387523000129,866.2175418797415,866.7797095999122,867.1009659999982,,,,,,,,,,,,,,,,,,,,,,,sub002_saurabh,001,2024-05-14_12h40.04.723,final_exp_1.2_v1_18012024,2023.2.3,60.01893001684973,2024-05-14 12h40.26.212928 +0530,
674,0,674,0,,,,,867.1185255995952,,,,,867.1026494996622,867.1185255995952,867.4172159798909,868.0296187000349,868.3842038000003,,,,,,,,,,,,,,,,,,,,,,,sub002_saurabh,001,2024-05-14_12h40.04.723,final_exp_1.2_v1_18012024,2023.2.3,60.01893001684973,2024-05-14 12h40.26.212928 +0530,
675,0,675,0,,,,,868.3998957998119,,,,,868.3859582999721,868.3998957998119,868.7505616799463,869.3097051996738,869.6675698999316,,,,,,,,,,,,,,,,,,,,,,,sub002_saurabh,001,2024-05-14_12h40.04.723,final_exp_1.2_v1_18012024,2023.2.3,60.01893001684973,2024-05-14 12h40.26.212928 +0530,
676,0,676,0,,,,,869.6844003000297,,,,,869.6692498996854,869.6844003000297,870.0004566798452,870.5898515000008,870.9509501997381,,,,,,,,,,,,,,,,,,,,,,,sub002_saurabh,001,2024-05-14_12h40.04.723,final_exp_1.2_v1_18012024,2023.2.3,60.01893001684973,2024-05-14 12h40.26.212928 +0530,
677,0,677,0,,,,,870.9677430000156,,,,,870.9526788997464,870.9677430000156,871.2672802798916,871.7898215996101,872.2342445999384,,,,,,,,,,,,,,,,,,,,,,,sub002_saurabh,001,2024-05-14_12h40.04.723,final_exp_1.2_v1_18012024,2023.2.3,60.01893001684973,2024-05-14 12h40.26.212928 +0530,
678,0,678,0,,,,,872.2796386997215,,,,,872.2359455996193,872.2796386997215,872.5343961797189,873.1312186997384,873.5182359996252,,,,,,,,,,,,,,,,,,,,,,,sub002_saurabh,001,2024-05-14_12h40.04.723,final_exp_1.2_v1_18012024,2023.2.3,60.01893001684973,2024-05-14 12h40.26.212928 +0530,
679,0,679,0,,,,,873.5594466999173,,,,,873.5200889999978,873.5594466999173,873.8340803796891,,874.8010045997798,,,,,,,,,,,,,,,,,,,,,,,sub002_saurabh,001,2024-05-14_12h40.04.723,final_exp_1.2_v1_18012024,2023.2.3,60.01893001684973,2024-05-14 12h40.26.212928 +0530,
680,0,680,0,,,,,874.8390826997347,,,,,874.8026508996263,874.8390826997347,875.2006031798664,875.810923199635,876.0843075998127,,,,,,,,,,,,,,,,,,,,,,,sub002_saurabh,001,2024-05-14_12h40.04.723,final_exp_1.2_v1_18012024,2023.2.3,60.01893001684973,2024-05-14 12h40.26.212928 +0530,
681,0,681,0,,,,,876.1206771996804,,,,,876.0860436996445,876.1206771996804,876.4006686799694,877.0106003996916,877.3676323997788,,,,,,,,,,,,,,,,,,,,,,,sub002_saurabh,001,2024-05-14_12h40.04.723,final_exp_1.2_v1_18012024,2023.2.3,60.01893001684973,2024-05-14 12h40.26.212928 +0530,
682,0,682,0,,,,,877.3992553995922,,,,,877.3693362995982,877.3992553995922,877.7512212798465,878.309785399586,878.6510173999704,,,,,,,,,,,,,,,,,,,,,,,sub002_saurabh,001,2024-05-14_12h40.04.723,final_exp_1.2_v1_18012024,2023.2.3,60.01893001684973,2024-05-14 12h40.26.212928 +0530,
683,0,683,0,,,,,878.6798735000193,,,,,878.6527788997628,878.6798735000193,878.9672488796059,879.4805268999189,879.9343036999926,,,,,,,,,,,,,,,,,,,,,,,sub002_saurabh,001,2024-05-14_12h40.04.723,final_exp_1.2_v1_18012024,2023.2.3,60.01893001684973,2024-05-14 12h40.26.212928 +0530,
684,0,684,0,,,,,879.958744299598,,,,,879.9359582997859,879.958744299598,880.3173297799658,880.8885698998347,881.2177462996915,,,,,,,,,,,,,,,,,,,,,,,sub002_saurabh,001,2024-05-14_12h40.04.723,final_exp_1.2_v1_18012024,2023.2.3,60.01893001684973,2024-05-14 12h40.26.212928 +0530,
685,0,685,0,,,,,881.2391472999007,,,,,881.2194349998608,881.2391472999007,881.5506256797817,882.1606267997995,882.5010001999326,,,,,,,,,,,,,,,,,,,,,,,sub002_saurabh,001,2024-05-14_12h40.04.723,final_exp_1.2_v1_18012024,2023.2.3,60.01893001684973,2024-05-14 12h40.26.212928 +0530,
686,0,686,0,,,,,882.5184808997437,,,,,882.502691200003,882.5184808997437,882.833910980029,883.3897979999892,883.7843954996206,,,,,,,,,,,,,,,,,,,,,,,sub002_saurabh,001,2024-05-14_12h40.04.723,final_exp_1.2_v1_18012024,2023.2.3,60.01893001684973,2024-05-14 12h40.26.212928 +0530,
687,0,687,0,,,,,883.8003054996952,,,,,883.786139999982,883.8003054996952,884.1505843799096,884.7097092997283,885.067713599652,,,,,,,,,,,,,,,,,,,,,,,sub002_saurabh,001,2024-05-14_12h40.04.723,final_exp_1.2_v1_18012024,2023.2.3,60.01893001684973,2024-05-14 12h40.26.212928 +0530,
688,0,688,0,,,,,885.084398899693,,,,,885.0694554997608,885.084398899693,885.417332779849,886.0104129998945,886.3509557996877,,,,,,,,,,,,,,,,,,,,,,,sub002_saurabh,001,2024-05-14_12h40.04.723,final_exp_1.2_v1_18012024,2023.2.3,60.01893001684973,2024-05-14 12h40.26.212928 +0530,
689,0,689,0,,,,,886.3677555997856,,,,,886.3526357999071,886.3677555997856,886.683924179757,887.2296949997544,887.6342687997967,,,,,,,,,,,,,,,,,,,,,,,sub002_saurabh,001,2024-05-14_12h40.04.723,final_exp_1.2_v1_18012024,2023.2.3,60.01893001684973,2024-05-14 12h40.26.212928 +0530,
690,0,690,0,,,,,887.6801595999859,,,,,887.6360078998841,887.6801595999859,887.9672805799637,888.5313224997371,888.9177900999784,,,,,,,,,,,,,,,,,,,,,,,sub002_saurabh,001,2024-05-14_12h40.04.723,final_exp_1.2_v1_18012024,2023.2.3,60.01893001684973,2024-05-14 12h40.26.212928 +0530,
691,0,691,0,,,,,888.9583745999262,,,,,888.9195518996567,888.9583745999262,889.2506112798583,889.7896340000443,890.2010510996915,,,,,,,,,,,,,,,,,,,,,,,sub002_saurabh,001,2024-05-14_12h40.04.723,final_exp_1.2_v1_18012024,2023.2.3,60.01893001684973,2024-05-14 12h40.26.212928 +0530,
692,0,692,0,,,,,890.2393763000146,,,,,890.2027962999418,890.2393763000146,890.5840089798439,891.1396784000099,891.4845026000403,,,,,,,,,,,,,,,,,,,,,,,sub002_saurabh,001,2024-05-14_12h40.04.723,final_exp_1.2_v1_18012024,2023.2.3,60.01893001684973,2024-05-14 12h40.26.212928 +0530,
693,0,693,0,,,,,891.5188743998297,,,,,891.4862434999086,891.5188743998297,891.850609179819,892.3607568996958,892.7677102000453,,,,,,,,,,,,,,,,,,,,,,,sub002_saurabh,001,2024-05-14_12h40.04.723,final_exp_1.2_v1_18012024,2023.2.3,60.01893001684973,2024-05-14 12h40.26.212928 +0530,
694,0,694,0,,,,,892.7986851995811,,,,,892.7693890999071,892.7986851995811,893.1010299797636,893.629709399771,894.0510787996463,,,,,,,,,,,,,,,,,,,,,,,sub002_saurabh,001,2024-05-14_12h40.04.723,final_exp_1.2_v1_18012024,2023.2.3,60.01893001684973,2024-05-14 12h40.26.212928 +0530,
695,0,695,0,,,,,894.0795203996822,,,,,894.0528234997764,894.0795203996822,894.3511382800061,894.9606674998067,895.3344468995929,,,,,,,,,,,,,,,,,,,,,,,sub002_saurabh,001,2024-05-14_12h40.04.723,final_exp_1.2_v1_18012024,2023.2.3,60.01893001684973,2024-05-14 12h40.26.212928 +0530,
696,0,696,0,,,,,895.3596886997111,,,,,895.3361227996647,895.3596886997111,895.7174124799203,896.280743399635,896.6177505999804,,,,,,,,,,,,,,,,,,,,,,,sub002_saurabh,001,2024-05-14_12h40.04.723,final_exp_1.2_v1_18012024,2023.2.3,60.01893001684973,2024-05-14 12h40.26.212928 +0530,
697,0,697,0,,,,,896.6386661999859,,,,,896.6194699998014,896.6386661999859,897.0006520797033,897.5307493996806,897.9011561996303,,,,,,,,,,,,,,,,,,,,,,,sub002_saurabh,001,2024-05-14_12h40.04.723,final_exp_1.2_v1_18012024,2023.2.3,60.01893001684973,2024-05-14 12h40.26.212928 +0530,
698,0,698,0,,,,,897.9187288996764,,,,,897.9028264996596,897.9187288996764,898.2341031797696,898.8406190997921,899.184510699939,,,,,,,,,,,,,,,,,,,,,,,sub002_saurabh,001,2024-05-14_12h40.04.723,final_exp_1.2_v1_18012024,2023.2.3,60.01893001684973,2024-05-14 12h40.26.212928 +0530,
699,0,699,0,,,,,899.200777199585,,,,,899.1861765999347,899.200777199585,899.4840789798182,900.0907564000227,900.4678750997409,,,,,,,,,,,,,,,,,,,,,,,sub002_saurabh,001,2024-05-14_12h40.04.723,final_exp_1.2_v1_18012024,2023.2.3,60.01893001684973,2024-05-14 12h40.26.212928 +0530,
700,0,700,0,,,,,900.4846357996576,,,,,900.4695497998036,900.4846357996576,900.8006702798884,901.3105772999115,901.7510303999297,,,,,,,,,,,,,,,,,,,,,,,sub002_saurabh,001,2024-05-14_12h40.04.723,final_exp_1.2_v1_18012024,2023.2.3,60.01893001684973,2024-05-14 12h40.26.212928 +0530,
701,0,701,0,,,,,901.7679808996618,,,,,901.7527920999564,901.7679808996618,902.1007675796282,902.709871399682,903.0348628000356,,,,,,,,,,,,,,,,,,,,,,,sub002_saurabh,001,2024-05-14_12h40.04.723,final_exp_1.2_v1_18012024,2023.2.3,60.01893001684973,2024-05-14 12h40.26.212928 +0530,
702,0,702,0,,,,,903.0792627995834,,,,,903.0365268997848,903.0792627995834,903.4174576799851,904.029837699607,904.3179294997826,,,,,,,,,,,,,,,,,,,,,,,sub002_saurabh,001,2024-05-14_12h40.04.723,final_exp_1.2_v1_18012024,2023.2.3,60.01893001684973,2024-05-14 12h40.26.212928 +0530,
703,0,703,0,,,,,904.3586360998452,,,,,904.3196307998151,904.3586360998452,904.6673910797108,905.1897739996202,905.6012291000225,,,,,,,,,,,,,,,,,,,,,,,sub002_saurabh,001,2024-05-14_12h40.04.723,final_exp_1.2_v1_18012024,2023.2.3,60.01893001684973,2024-05-14 12h40.26.212928 +0530,
704,0,704,0,,,,,905.6383018996567,,,,,905.6028760997579,905.6383018996567,905.934184879763,906.5306190997362,906.8845651997253,,,,,,,,,,,,,,,,,,,,,,,sub002_saurabh,001,2024-05-14_12h40.04.723,final_exp_1.2_v1_18012024,2023.2.3,60.01893001684973,2024-05-14 12h40.26.212928 +0530,
705,0,705,0,,,,,906.919238299597,,,,,906.8862597998232,906.919238299597,907.2340851796325,907.8300818996504,908.1678815996274,,,,,,,,,,,,,,,,,,,,,,,sub002_saurabh,001,2024-05-14_12h40.04.723,final_exp_1.2_v1_18012024,2023.2.3,60.01893001684973,2024-05-14 12h40.26.212928 +0530,
706,0,706,0,,,,,908.1986791999079,,,,,908.1695868996903,908.1986791999079,908.5175001795869,,909.451178399846,,,,,,,,,,,,,,,,,,,,,,,sub002_saurabh,001,2024-05-14_12h40.04.723,final_exp_1.2_v1_18012024,2023.2.3,60.01893001684973,2024-05-14 12h40.26.212928 +0530,
707,0,707,0,,,,,909.4792260997929,,,,,909.4528693999164,909.4792260997929,909.7506454798859,910.3401937996969,910.7344495998695,,,,,,,,,,,,,,,,,,,,,,,sub002_saurabh,001,2024-05-14_12h40.04.723,final_exp_1.2_v1_18012024,2023.2.3,60.01893001684973,2024-05-14 12h40.26.212928 +0530,
708,0,708,0,,,,,910.7597880000249,,,,,910.7362489998341,910.7597880000249,911.0675104798283,911.5699712997302,912.0178276998922,,,,,,,,,,,,,,,,,,,,,,,sub002_saurabh,001,2024-05-14_12h40.04.723,final_exp_1.2_v1_18012024,2023.2.3,60.01893001684973,2024-05-14 12h40.26.212928 +0530,
709,0,709,0,,,,,912.04056819994,,,,,912.0195307997055,912.04056819994,912.3175238796975,912.9098148997873,913.30125280004,,,,,,,,,,,,,,,,,,,,,,,sub002_saurabh,001,2024-05-14_12h40.04.723,final_exp_1.2_v1_18012024,2023.2.3,60.01893001684973,2024-05-14 12h40.26.212928 +0530,
710,0,710,0,,,,,913.319141799584,,,,,913.3029694999568,913.319141799584,913.6175196797121,914.1308504999615,914.5845359996893,,,,,,,,,,,,,,,,,,,,,,,sub002_saurabh,001,2024-05-14_12h40.04.723,final_exp_1.2_v1_18012024,2023.2.3,60.01893001684973,2024-05-14 12h40.26.212928 +0530,
711,0,711,0,,,,,914.6013215999119,,,,,914.5862030000426,914.6013215999119,914.9672974797431,915.490782499779,915.8678611996584,,,,,,,,,,,,,,,,,,,,,,,sub002_saurabh,001,2024-05-14_12h40.04.723,final_exp_1.2_v1_18012024,2023.2.3,60.01893001684973,2024-05-14 12h40.26.212928 +0530,
712,0,712,0,,,,,915.8843474998139,,,,,915.8696413999423,915.8843474998139,916.1673496796284,916.6807261998765,917.1511955996975,,,,,,,,,,,,,,,,,,,,,,,sub002_saurabh,001,2024-05-14_12h40.04.723,final_exp_1.2_v1_18012024,2023.2.3,60.01893001684973,2024-05-14 12h40.26.212928 +0530,
713,0,713,0,,,,,917.1680483999662,,,,,917.1529263998382,917.1680483999662,917.5175363796297,918.1206918996759,918.4348317999393,,,,,,,,,,,,,,,,,,,,,,,sub002_saurabh,001,2024-05-14_12h40.04.723,final_exp_1.2_v1_18012024,2023.2.3,60.01893001684973,2024-05-14 12h40.26.212928 +0530,
714,0,714,0,,,,,918.4796369997784,,,,,918.4364956999198,918.4796369997784,918.7341279799584,919.2908139997162,919.7185050998814,,,,,,,,,,,,,,,,,,,,,,,sub002_saurabh,001,2024-05-14_12h40.04.723,final_exp_1.2_v1_18012024,2023.2.3,60.01893001684973,2024-05-14 12h40.26.212928 +0530,
715,0,715,0,,,,,919.7595695997588,,,,,919.7202442996204,919.7595695997588,920.1173967795912,920.6298268996179,921.0013767997734,,,,,,,,,,,,,,,,,,,,,,,sub002_saurabh,001,2024-05-14_12h40.04.723,final_exp_1.2_v1_18012024,2023.2.3,60.01893001684973,2024-05-14 12h40.26.212928 +0530,
716,0,716,0,,,,,921.0383075997233,,,,,921.0031135999598,921.0383075997233,921.3507403798867,921.9399612997659,922.2845272999257,,,,,,,,,,,,,,,,,,,,,,,sub002_saurabh,001,2024-05-14_12h40.04.723,final_exp_1.2_v1_18012024,2023.2.3,60.01893001684973,2024-05-14 12h40.26.212928 +0530,
717,0,717,0,,,,,922.3188066999428,,,,,922.2862938996404,922.3188066999428,922.667593479855,,923.5678872000426,,,,,,,,,,,,,,,,,,,,,,,sub002_saurabh,001,2024-05-14_12h40.04.723,final_exp_1.2_v1_18012024,2023.2.3,60.01893001684973,2024-05-14 12h40.26.212928 +0530,
718,0,718,0,,,,,923.5985217997804,,,,,923.5696308999322,923.5985217997804,923.9175145796034,924.4409587997943,924.851669699885,,,,,,,,,,,,,,,,,,,,,,,sub002_saurabh,001,2024-05-14_12h40.04.723,final_exp_1.2_v1_18012024,2023.2.3,60.01893001684973,2024-05-14 12h40.26.212928 +0530,
719,0,719,0,,,,,924.8787371995859,,,,,924.8533721999265,924.8787371995859,925.1841882800218,925.7100350996479,926.1345067997463,,,,,,,,,,,,,,,,,,,,,,,sub002_saurabh,001,2024-05-14_12h40.04.723,final_exp_1.2_v1_18012024,2023.2.3,60.01893001684973,2024-05-14 12h40.26.212928 +0530,
720,0,720,0,,,,,926.1585284997709,,,,,926.1362475999631,926.1585284997709,926.4508420799393,927.0299939997494,927.4179549999535,,,,,,,,,,,,,,,,,,,,,,,sub002_saurabh,001,2024-05-14_12h40.04.723,final_exp_1.2_v1_18012024,2023.2.3,60.01893001684973,2024-05-14 12h40.26.212928 +0530,
721,0,721,0,,,,,927.4393825996667,,,,,927.4196334998123,927.4393825996667,927.7841874796432,928.2904643998481,928.7012399998493,,,,,,,,,,,,,,,,,,,,,,,sub002_saurabh,001,2024-05-14_12h40.04.723,final_exp_1.2_v1_18012024,2023.2.3,60.01893001684973,2024-05-14 12h40.26.212928 +0530,
722,0,722,0,,,,,928.7185370996594,,,,,928.7029807996005,928.7185370996594,929.034229879966,929.6108621000312,929.9846026999876,,,,,,,,,,,,,,,,,,,,,,,sub002_saurabh,001,2024-05-14_12h40.04.723,final_exp_1.2_v1_18012024,2023.2.3,60.01893001684973,2024-05-14 12h40.26.212928 +0530,
723,0,723,0,,,,,930.0010789996013,,,,,929.9862930998206,930.0010789996013,930.3175556797069,930.930787099991,931.2678481996991,,,,,,,,,,,,,,,,,,,,,,,sub002_saurabh,001,2024-05-14_12h40.04.723,final_exp_1.2_v1_18012024,2023.2.3,60.01893001684973,2024-05-14 12h40.26.212928 +0530,
724,0,724,0,,,,,931.28440639982,,,,,931.2695634998381,931.28440639982,931.6008069796953,932.1399746998213,932.5515898996964,,,,,,,,,,,,,,,,,,,,,,,sub002_saurabh,001,2024-05-14_12h40.04.723,final_exp_1.2_v1_18012024,2023.2.3,60.01893001684973,2024-05-14 12h40.26.212928 +0530,
725,0,725,0,,,,,932.5680505000055,,,,,932.5533509999514,932.5680505000055,932.9508122799452,933.510396800004,933.8353923000395,,,,,,,,,,,,,,,,,,,,,,,sub002_saurabh,001,2024-05-14_12h40.04.723,final_exp_1.2_v1_18012024,2023.2.3,60.01893001684973,2024-05-14 12h40.26.212928 +0530,
726,0,726,0,,,,,933.8794576996006,,,,,933.8373825997114,933.8794576996006,934.2180921796244,934.7608997998759,935.1346336998977,,,,,,,,,,,,,,,,,,,,,,,sub002_saurabh,001,2024-05-14_12h40.04.723,final_exp_1.2_v1_18012024,2023.2.3,60.01893001684973,2024-05-14 12h40.26.212928 +0530,
727,0,727,0,,,,,935.1593129998073,,,,,935.1369080999866,935.1593129998073,935.5175816796254,936.1100841998123,936.4179194997996,,,,,,,,,,,,,,,,,,,,,,,sub002_saurabh,001,2024-05-14_12h40.04.723,final_exp_1.2_v1_18012024,2023.2.3,60.01893001684973,2024-05-14 12h40.26.212928 +0530,
728,0,728,0,,,,,936.4390583997592,,,,,936.419575699605,936.4390583997592,936.7343298799824,937.2808587998152,937.7013097996823,,,,,,,,,,,,,,,,,,,,,,,sub002_saurabh,001,2024-05-14_12h40.04.723,final_exp_1.2_v1_18012024,2023.2.3,60.01893001684973,2024-05-14 12h40.26.212928 +0530,
729,0,729,0,,,,,937.7185929999687,,,,,937.7030503996648,937.7185929999687,938.0516112798359,938.5899870996363,938.9846139997244,,,,,,,,,,,,,,,,,,,,,,,sub002_saurabh,001,2024-05-14_12h40.04.723,final_exp_1.2_v1_18012024,2023.2.3,60.01893001684973,2024-05-14 12h40.26.212928 +0530,
730,0,730,0,,,,,939.0014855996706,,,,,938.9863656996749,939.0014855996706,939.3176623799372,939.8601271999069,940.2681155996397,,,,,,,,,,,,,,,,,,,,,,,sub002_saurabh,001,2024-05-14_12h40.04.723,final_exp_1.2_v1_18012024,2023.2.3,60.01893001684973,2024-05-14 12h40.26.212928 +0530,
731,0,731,0,,,,,940.2847967999987,,,,,940.2698311000131,940.2847967999987,940.5846976798493,941.1401232997887,941.5513383997604,,,,,,,,,,,,,,,,,,,,,,,sub002_saurabh,001,2024-05-14_12h40.04.723,final_exp_1.2_v1_18012024,2023.2.3,60.01893001684973,2024-05-14 12h40.26.212928 +0530,
732,0,732,0,,,,,941.5678033996373,,,,,941.5530945998617,941.5678033996373,941.917507579783,942.5100051998161,942.8345724996179,,,,,,,,,,,,,,,,,,,,,,,sub002_saurabh,001,2024-05-14_12h40.04.723,final_exp_1.2_v1_18012024,2023.2.3,60.01893001684973,2024-05-14 12h40.26.212928 +0530,
733,0,733,0,,,,,942.8793794997036,,,,,942.8363324999809,942.8793794997036,943.2177177800331,943.8111607995816,944.1180955995806,,,,,,,,,,,,,,,,,,,,,,,sub002_saurabh,001,2024-05-14_12h40.04.723,final_exp_1.2_v1_18012024,2023.2.3,60.01893001684973,2024-05-14 12h40.26.212928 +0530,
734,0,734,0,,,,,944.1591047998518,,,,,944.1197140999138,944.1591047998518,944.4677873796318,945.0300733996555,945.4014481999911,,,,,,,,,,,,,,,,,,,,,,,sub002_saurabh,001,2024-05-14_12h40.04.723,final_exp_1.2_v1_18012024,2023.2.3,60.01893001684973,2024-05-14 12h40.26.212928 +0530,
735,0,735,0,,,,,945.4388409997337,,,,,945.403204599861,945.4388409997337,945.7509633798618,946.3400817997754,946.6848056996241,,,,,,,,,,,,,,,,,,,,,,,sub002_saurabh,001,2024-05-14_12h40.04.723,final_exp_1.2_v1_18012024,2023.2.3,60.01893001684973,2024-05-14 12h40.26.212928 +0530,
736,0,736,0,,,,,946.7199076996185,,,,,946.6865117996931,946.7199076996185,947.0343518799637,947.5400156998076,947.9681359999813,,,,,,,,,,,,,,,,,,,,,,,sub002_saurabh,001,2024-05-14_12h40.04.723,final_exp_1.2_v1_18012024,2023.2.3,60.01893001684973,2024-05-14 12h40.26.212928 +0530,
737,0,737,0,,,,,947.9986208998598,,,,,947.9698707996868,947.9986208998598,948.284321379615,948.8809827999212,949.2514170999639,,,,,,,,,,,,,,,,,,,,,,,sub002_saurabh,001,2024-05-14_12h40.04.723,final_exp_1.2_v1_18012024,2023.2.3,60.01893001684973,2024-05-14 12h40.26.212928 +0530,
738,0,738,0,,,,,949.2793855997734,,,,,949.2531729997136,949.2793855997734,949.5676637797151,950.1102406997234,950.5347774997354,,,,,,,,,,,,,,,,,,,,,,,sub002_saurabh,001,2024-05-14_12h40.04.723,final_exp_1.2_v1_18012024,2023.2.3,60.01893001684973,2024-05-14 12h40.26.212928 +0530,
739,0,739,0,,,,,950.5594652998261,,,,,950.5365130999126,950.5594652998261,950.8843344796915,951.4303389997222,951.818146399688,,,,,,,,,,,,,,,,,,,,,,,sub002_saurabh,001,2024-05-14_12h40.04.723,final_exp_1.2_v1_18012024,2023.2.3,60.01893001684973,2024-05-14 12h40.26.212928 +0530,
740,0,740,0,,,,,951.8389217997901,,,,,951.8199046999216,951.8389217997901,952.1343468797859,952.7103448999114,953.1014974997379,,,,,,,,,,,,,,,,,,,,,,,sub002_saurabh,001,2024-05-14_12h40.04.723,final_exp_1.2_v1_18012024,2023.2.3,60.01893001684973,2024-05-14 12h40.26.212928 +0530,
741,0,741,0,,,,,953.1191650000401,,,,,953.1032011997886,953.1191650000401,953.4843122798484,954.0910290000029,954.3847868000157,,,,,,,,,,,,,,,,,,,,,,,sub002_saurabh,001,2024-05-14_12h40.04.723,final_exp_1.2_v1_18012024,2023.2.3,60.01893001684973,2024-05-14 12h40.26.212928 +0530,
742,0,742,0,,,,,954.4012000998482,,,,,954.3864606996067,954.4012000998482,954.7177729799878,955.2811624999158,955.6680011996068,,,,,,,,,,,,,,,,,,,,,,,sub002_saurabh,001,2024-05-14_12h40.04.723,final_exp_1.2_v1_18012024,2023.2.3,60.01893001684973,2024-05-14 12h40.26.212928 +0530,
743,0,743,0,,,,,955.6848586997949,,,,,955.6696490999311,955.6848586997949,956.0010411797557,956.5692540998571,956.9516280000098,,,,,,,,,,,,,,,,,,,,,,,sub002_saurabh,001,2024-05-14_12h40.04.723,final_exp_1.2_v1_18012024,2023.2.3,60.01893001684973,2024-05-14 12h40.26.212928 +0530,
744,0,744,0,,,,,956.9678797996603,,,,,956.9533899999224,956.9678797996603,957.251023779856,957.8409132999368,958.2347726998851,,,,,,,,,,,,,,,,,,,,,,,sub002_saurabh,001,2024-05-14_12h40.04.723,final_exp_1.2_v1_18012024,2023.2.3,60.01893001684973,2024-05-14 12h40.26.212928 +0530,
745,0,745,0,,,,,958.2788191996515,,,,,958.2368941996247,958.2788191996515,958.6343136799987,959.1610699999146,959.5181791000068,,,,,,,,,,,,,,,,,,,,,,,sub002_saurabh,001,2024-05-14_12h40.04.723,final_exp_1.2_v1_18012024,2023.2.3,60.01893001684973,2024-05-14 12h40.26.212928 +0530,
746,0,746,0,,,,,959.5588806997985,,,,,959.5198563998565,959.5588806997985,959.8677668797318,960.4109357995912,960.8015736998059,,,,,,,,,,,,,,,,,,,,,,,sub002_saurabh,001,2024-05-14_12h40.04.723,final_exp_1.2_v1_18012024,2023.2.3,60.01893001684973,2024-05-14 12h40.26.212928 +0530,
747,0,747,0,,,,,960.8391537000425,,,,,960.8033541999757,960.8391537000425,961.134743479779,961.7403314998373,962.0849059997126,,,,,,,,,,,,,,,,,,,,,,,sub002_saurabh,001,2024-05-14_12h40.04.723,final_exp_1.2_v1_18012024,2023.2.3,60.01893001684973,2024-05-14 12h40.26.212928 +0530,
748,0,748,0,,,,,962.1191275999881,,,,,962.0865688999183,962.1191275999881,962.417681979714,962.9311460996978,963.3682868997566,,,,,,,,,,,,,,,,,,,,,,,sub002_saurabh,001,2024-05-14_12h40.04.723,final_exp_1.2_v1_18012024,2023.2.3,60.01893001684973,2024-05-14 12h40.26.212928 +0530,
749,0,749,0,,,,,963.3987101996318,,,,,963.3700219998136,963.3987101996318,963.7178000796121,964.2601601998322,964.6516948998906,,,,,,,,,,,,,,,,,,,,,,,sub002_saurabh,001,2024-05-14_12h40.04.723,final_exp_1.2_v1_18012024,2023.2.3,60.01893001684973,2024-05-14 12h40.26.212928 +0530,
750,0,750,0,,,,,964.6788855995983,,,,,964.6533841998316,964.6788855995983,965.0011987800244,965.5610439996235,965.9348710998893,,,,,,,,,,,,,,,,,,,,,,,sub002_saurabh,001,2024-05-14_12h40.04.723,final_exp_1.2_v1_18012024,2023.2.3,60.01893001684973,2024-05-14 12h40.26.212928 +0530,
751,0,751,0,,,,,965.9590199999511,,,,,965.9365562000312,965.9590199999511,966.2677294795867,966.8810811997391,967.2180937998928,,,,,,,,,,,,,,,,,,,,,,,sub002_saurabh,001,2024-05-14_12h40.04.723,final_exp_1.2_v1_18012024,2023.2.3,60.01893001684973,2024-05-14 12h40.26.212928 +0530,
752,0,752,0,,,,,967.2393636996858,,,,,967.2197957998142,967.2393636996858,967.5509851796087,968.1318847998045,968.5014739995822,,,,,,,,,,,,,,,,,,,,,,,sub002_saurabh,001,2024-05-14_12h40.04.723,final_exp_1.2_v1_18012024,2023.2.3,60.01893001684973,2024-05-14 12h40.26.212928 +0530,
753,0,753,0,,,,,968.5181402997114,,,,,968.5032278997824,968.5181402997114,968.8180436796974,969.3803339996375,969.784792299848,,,,,,,,,,,,,,,,,,,,,,,sub002_saurabh,001,2024-05-14_12h40.04.723,final_exp_1.2_v1_18012024,2023.2.3,60.01893001684973,2024-05-14 12h40.26.212928 +0530,
754,0,754,0,,,,,969.8016690998338,,,,,969.7865311997011,969.8016690998338,970.1679329799954,970.7802394996397,971.0679390998557,,,,,,,,,,,,,,,,,,,,,,,sub002_saurabh,001,2024-05-14_12h40.04.723,final_exp_1.2_v1_18012024,2023.2.3,60.01893001684973,2024-05-14 12h40.26.212928 +0530,
755,0,755,0,,,,,971.0849658995867,,,,,971.0695488997735,971.0849658995867,971.3676981797908,971.9102293998003,972.3513855999336,,,,,,,,,,,,,,,,,,,,,,,sub002_saurabh,001,2024-05-14_12h40.04.723,final_exp_1.2_v1_18012024,2023.2.3,60.01893001684973,2024-05-14 12h40.26.212928 +0530,
756,0,756,0,,,,,972.3683630996384,,,,,972.3531590998173,972.3683630996384,972.6844594797585,973.2413066998124,973.6351224998944,,,,,,,,,,,,,,,,,,,,,,,sub002_saurabh,001,2024-05-14_12h40.04.723,final_exp_1.2_v1_18012024,2023.2.3,60.01893001684973,2024-05-14 12h40.26.212928 +0530,
757,0,757,0,,,,,973.6785368998535,,,,,973.636847099755,973.6785368998535,973.9845305799972,974.5903151999228,974.9182753995992,,,,,,,,,,,,,,,,,,,,,,,sub002_saurabh,001,2024-05-14_12h40.04.723,final_exp_1.2_v1_18012024,2023.2.3,60.01893001684973,2024-05-14 12h40.26.212928 +0530,
758,0,758,0,,,,,974.9586767996661,,,,,974.9199917996302,974.9586767996661,975.2678963800427,975.8118937998079,976.2016411996447,,,,,,,,,,,,,,,,,,,,,,,sub002_saurabh,001,2024-05-14_12h40.04.723,final_exp_1.2_v1_18012024,2023.2.3,60.01893001684973,2024-05-14 12h40.26.212928 +0530,
759,0,759,0,,,,,976.2390438998118,,,,,976.2033964996226,976.2390438998118,976.5510533798952,977.1612344998866,977.4848741996102,,,,,,,,,,,,,,,,,,,,,,,sub002_saurabh,001,2024-05-14_12h40.04.723,final_exp_1.2_v1_18012024,2023.2.3,60.01893001684973,2024-05-14 12h40.26.212928 +0530,
760,0,760,0,,,,,977.5193628999405,,,,,977.4865718996152,977.5193628999405,977.8344226798508,978.441080799792,978.768686699681,,,,,,,,,,,,,,,,,,,,,,,sub002_saurabh,001,2024-05-14_12h40.04.723,final_exp_1.2_v1_18012024,2023.2.3,60.01893001684973,2024-05-14 12h40.26.212928 +0530,
761,0,761,0,,,,,978.7992961998098,,,,,978.7703950996511,978.7992961998098,979.0679439797532,979.6413870998658,980.051967300009,,,,,,,,,,,,,,,,,,,,,,,sub002_saurabh,001,2024-05-14_12h40.04.723,final_exp_1.2_v1_18012024,2023.2.3,60.01893001684973,2024-05-14 12h40.26.212928 +0530,
762,0,762,0,,,,,980.0790148000233,,,,,980.0536688999273,980.0790148000233,980.4011014800053,,981.3350876998156,,,,,,,,,,,,,,,,,,,,,,,sub002_saurabh,001,2024-05-14_12h40.04.723,final_exp_1.2_v1_18012024,2023.2.3,60.01893001684973,2024-05-14 12h40.26.212928 +0530,
763,0,763,0,,,,,981.3590938998386,,,,,981.3367788000032,981.3590938998386,981.6679553797003,982.2303301999345,982.618195399642,,,,,,,,,,,,,,,,,,,,,,,sub002_saurabh,001,2024-05-14_12h40.04.723,final_exp_1.2_v1_18012024,2023.2.3,60.01893001684973,2024-05-14 12h40.26.212928 +0530,
764,0,764,0,,,,,982.6390847996809,,,,,982.6198332998902,982.6390847996809,983.0179525797721,983.6304359999485,983.90167249972,,,,,,,,,,,,,,,,,,,,,,,sub002_saurabh,001,2024-05-14_12h40.04.723,final_exp_1.2_v1_18012024,2023.2.3,60.01893001684973,2024-05-14 12h40.26.212928 +0530,
765,0,765,0,,,,,983.9186303997412,,,,,983.9033856997266,983.9186303997412,984.2345092797186,984.8111654999666,985.1849920996465,,,,,,,,,,,,,,,,,,,,,,,sub002_saurabh,001,2024-05-14_12h40.04.723,final_exp_1.2_v1_18012024,2023.2.3,60.01893001684973,2024-05-14 12h40.26.212928 +0530,
766,0,766,0,,,,,985.2013941998594,,,,,985.1866350998171,985.2013941998594,985.5677444797475,986.180362700019,986.468223599717,,,,,,,,,,,,,,,,,,,,,,,sub002_saurabh,001,2024-05-14_12h40.04.723,final_exp_1.2_v1_18012024,2023.2.3,60.01893001684973,2024-05-14 12h40.26.212928 +0530,
767,0,767,0,,,,,986.4847323000431,,,,,986.4699817998335,986.4847323000431,986.818025680026,987.4112371997908,987.7514167996123,,,,,,,,,,,,,,,,,,,,,,,sub002_saurabh,001,2024-05-14_12h40.04.723,final_exp_1.2_v1_18012024,2023.2.3,60.01893001684973,2024-05-14 12h40.26.212928 +0530,
768,0,768,0,,,,,987.7684271996841,,,,,987.7531546000391,987.7684271996841,988.1345985799562,988.6602686997503,989.0353897996247,,,,,,,,,,,,,,,,,,,,,,,sub002_saurabh,001,2024-05-14_12h40.04.723,final_exp_1.2_v1_18012024,2023.2.3,60.01893001684973,2024-05-14 12h40.26.212928 +0530,
769,0,769,0,,,,,989.0781910000369,,,,,989.0371508998796,989.0781910000369,989.4344261798542,989.9904342000373,990.3188395998441,,,,,,,,,,,,,,,,,,,,,,,sub002_saurabh,001,2024-05-14_12h40.04.723,final_exp_1.2_v1_18012024,2023.2.3,60.01893001684973,2024-05-14 12h40.26.212928 +0530,
770,0,770,0,,,,,990.3586399997585,,,,,990.3205380998552,990.3586399997585,990.6345433800016,991.1802425999194,991.6016283999197,,,,,,,,,,,,,,,,,,,,,,,sub002_saurabh,001,2024-05-14_12h40.04.723,final_exp_1.2_v1_18012024,2023.2.3,60.01893001684973,2024-05-14 12h40.26.212928 +0530,
771,0,771,0,,,,,991.6386327999644,,,,,991.6034015999176,991.6386327999644,992.0012628796976,992.5612488999031,992.8849458997138,,,,,,,,,,,,,,,,,,,,,,,sub002_saurabh,001,2024-05-14_12h40.04.723,final_exp_1.2_v1_18012024,2023.2.3,60.01893001684973,2024-05-14 12h40.26.212928 +0530,
772,0,772,0,,,,,992.9202744998038,,,,,992.8867053999566,992.9202744998038,993.2844574798364,993.8414773996919,994.1686786999926,,,,,,,,,,,,,,,,,,,,,,,sub002_saurabh,001,2024-05-14_12h40.04.723,final_exp_1.2_v1_18012024,2023.2.3,60.01893001684973,2024-05-14 12h40.26.212928 +0530,
773,0,773,0,,,,,994.1999403997324,,,,,994.1703918999992,994.1999403997324,994.4680132798385,,995.4517454998568,,,,,,,,,,,,,,,,,,,,,,,sub002_saurabh,001,2024-05-14_12h40.04.723,final_exp_1.2_v1_18012024,2023.2.3,60.01893001684973,2024-05-14 12h40.26.212928 +0530,
774,0,774,0,,,,,995.4795336998068,,,,,995.4534017997794,995.4795336998068,995.8012167799752,996.3905524997972,996.7349574998952,,,,,,,,,,,,,,,,,,,,,,,sub002_saurabh,001,2024-05-14_12h40.04.723,final_exp_1.2_v1_18012024,2023.2.3,60.01893001684973,2024-05-14 12h40.26.212928 +0530,
775,0,775,0,,,,,996.758807899896,,,,,996.7366444999352,996.758807899896,997.0512326799799,997.5805029999465,998.0183304999955,,,,,,,,,,,,,,,,,,,,,,,sub002_saurabh,001,2024-05-14_12h40.04.723,final_exp_1.2_v1_18012024,2023.2.3,60.01893001684973,2024-05-14 12h40.26.212928 +0530,
776,0,776,0,,,,,998.0392214995809,,,,,998.0200521997176,998.0392214995809,998.3513220797759,998.9318422996439,999.3017620998435,,,,,,,,,,,,,,,,,,,,,,,sub002_saurabh,001,2024-05-14_12h40.04.723,final_exp_1.2_v1_18012024,2023.2.3,60.01893001684973,2024-05-14 12h40.26.212928 +0530,
777,0,777,0,,,,,999.3200442995876,,,,,999.3034907998517,999.3200442995876,999.6512945799623,1000.2305029998533,1000.5850688996725,,,,,,,,,,,,,,,,,,,,,,,sub002_saurabh,001,2024-05-14_12h40.04.723,final_exp_1.2_v1_18012024,2023.2.3,60.01893001684973,2024-05-14 12h40.26.212928 +0530,
778,0,778,0,,,,,1000.6017900998704,,,,,1000.5868168999441,1000.6017900998704,1000.8846078796778,1001.4819713998586,1001.8683211999014,,,,,,,,,,,,,,,,,,,,,,,sub002_saurabh,001,2024-05-14_12h40.04.723,final_exp_1.2_v1_18012024,2023.2.3,60.01893001684973,2024-05-14 12h40.26.212928 +0530,
779,0,779,0,,,,,1001.885185000021,,,,,1001.8699746998027,1001.885185000021,1002.2011669797357,,1003.1523815998808,,,,,,,,,,,,,,,,,,,,,,,sub002_saurabh,001,2024-05-14_12h40.04.723,final_exp_1.2_v1_18012024,2023.2.3,60.01893001684973,2024-05-14 12h40.26.212928 +0530,
780,0,780,0,,,,,1003.1682716999203,,,,,1003.1541120000184,1003.1682716999203,1003.484827779932,1004.0113196996972,1004.4352420000359,,,,,,,,,,,,,,,,,,,,,,,sub002_saurabh,001,2024-05-14_12h40.04.723,final_exp_1.2_v1_18012024,2023.2.3,60.01893001684973,2024-05-14 12h40.26.212928 +0530,
781,0,781,0,,,,,1004.4791429997422,,,,,1004.4369645998813,1004.4791429997422,1004.784590879688,1005.3402839996852,1005.7184007996693,,,,,,,,,,,,,,,,,,,,,,,sub002_saurabh,001,2024-05-14_12h40.04.723,final_exp_1.2_v1_18012024,2023.2.3,60.01893001684973,2024-05-14 12h40.26.212928 +0530,
782,0,782,0,,,,,1005.7593533997424,,,,,1005.7202103999443,1005.7593533997424,1006.0514453796204,,1007.001750299707,,,,,,,,,,,,,,,,,,,,,,,sub002_saurabh,001,2024-05-14_12h40.04.723,final_exp_1.2_v1_18012024,2023.2.3,60.01893001684973,2024-05-14 12h40.26.212928 +0530,
783,0,783,0,,,,,1007.0387426996604,,,,,1007.0034912996925,1007.0387426996604,1007.3014167796355,1007.8413600996137,1008.2851860998198,,,,,,,,,,,,,,,,,,,,,,,sub002_saurabh,001,2024-05-14_12h40.04.723,final_exp_1.2_v1_18012024,2023.2.3,60.01893001684973,2024-05-14 12h40.26.212928 +0530,
784,0,784,0,,,,,1008.3194519998506,,,,,1008.2869142997079,1008.3194519998506,1008.6684935798403,1009.1906275996007,1009.5684918998741,,,,,,,,,,,,,,,,,,,,,,,sub002_saurabh,001,2024-05-14_12h40.04.723,final_exp_1.2_v1_18012024,2023.2.3,60.01893001684973,2024-05-14 12h40.26.212928 +0530,
785,0,785,0,,,,,1009.598836499732,,,,,1009.5701993997209,1009.598836499732,1009.868030679645,1010.3904593996704,1010.851778799668,,,,,,,,,,,,,,,,,,,,,,,sub002_saurabh,001,2024-05-14_12h40.04.723,final_exp_1.2_v1_18012024,2023.2.3,60.01893001684973,2024-05-14 12h40.26.212928 +0530,
786,0,786,0,,,,,1010.8800499998033,,,,,1010.8534773997962,1010.8800499998033,1011.2512479799334,1011.8412624998018,1012.1351731996983,,,,,,,,,,,,,,,,,,,,,,,sub002_saurabh,001,2024-05-14_12h40.04.723,final_exp_1.2_v1_18012024,2023.2.3,60.01893001684973,2024-05-14 12h40.26.212928 +0530,
787,0,787,0,,,,,1012.1596025996841,,,,,1012.1368758999743,1012.1596025996841,1012.4680939798709,1013.0112553997897,1013.4183624000289,,,,,,,,,,,,,,,,,,,,,,,sub002_saurabh,001,2024-05-14_12h40.04.723,final_exp_1.2_v1_18012024,2023.2.3,60.01893001684973,2024-05-14 12h40.26.212928 +0530,
788,0,788,0,,,,,1013.4395139999688,,,,,1013.420052499976,1013.4395139999688,1013.7680079799611,1014.3805927997455,1014.7017435999587,,,,,,,,,,,,,,,,,,,,,,,sub002_saurabh,001,2024-05-14_12h40.04.723,final_exp_1.2_v1_18012024,2023.2.3,60.01893001684973,2024-05-14 12h40.26.212928 +0530,
789,0,789,0,,,,,1014.7185211000033,,,,,1014.7034753998742,1014.7185211000033,1015.0346926797647,1015.5613355999812,1015.9851326998323,,,,,,,,,,,,,,,,,,,,,,,sub002_saurabh,001,2024-05-14_12h40.04.723,final_exp_1.2_v1_18012024,2023.2.3,60.01893001684973,2024-05-14 12h40.26.212928 +0530,
790,0,790,0,,,,,1016.0018940996379,,,,,1015.98684519995,1016.0018940996379,1016.3179808796849,1016.8812971999869,1017.268484799657,,,,,,,,,,,,,,,,,,,,,,,sub002_saurabh,001,2024-05-14_12h40.04.723,final_exp_1.2_v1_18012024,2023.2.3,60.01893001684973,2024-05-14 12h40.26.212928 +0530,
791,0,791,0,,,,,1017.2849291996099,,,,,1017.2701830998994,1017.2849291996099,1017.6181901798118,1018.2306206999347,1018.5516197998077,,,,,,,,,,,,,,,,,,,,,,,sub002_saurabh,001,2024-05-14_12h40.04.723,final_exp_1.2_v1_18012024,2023.2.3,60.01893001684973,2024-05-14 12h40.26.212928 +0530,
792,0,792,0,,,,,1018.5682844999246,,,,,1018.5533033995889,1018.5682844999246,1018.9015255796257,1019.4122247998603,1019.8356394995935,,,,,,,,,,,,,,,,,,,,,,,sub002_saurabh,001,2024-05-14_12h40.04.723,final_exp_1.2_v1_18012024,2023.2.3,60.01893001684973,2024-05-14 12h40.26.212928 +0530,
793,0,793,0,,,,,1019.8784675998613,,,,,1019.8373538996093,1019.8784675998613,1020.1347330796998,1020.6815209998749,1021.1185674997978,,,,,,,,,,,,,,,,,,,,,,,sub002_saurabh,001,2024-05-14_12h40.04.723,final_exp_1.2_v1_18012024,2023.2.3,60.01893001684973,2024-05-14 12h40.26.212928 +0530,
794,0,794,0,,,,,1021.1584130995907,,,,,1021.1203287998214,1021.1584130995907,1021.5182552796323,1022.0610988996923,1022.4018243998289,,,,,,,,,,,,,,,,,,,,,,,sub002_saurabh,001,2024-05-14_12h40.04.723,final_exp_1.2_v1_18012024,2023.2.3,60.01893001684973,2024-05-14 12h40.26.212928 +0530,
795,0,795,0,,,,,1022.4387228996493,,,,,1022.4035862996243,1022.4387228996493,1022.7847478797194,1023.3315095999278,1023.6852680998854,,,,,,,,,,,,,,,,,,,,,,,sub002_saurabh,001,2024-05-14_12h40.04.723,final_exp_1.2_v1_18012024,2023.2.3,60.01893001684973,2024-05-14 12h40.26.212928 +0530,
796,0,796,0,,,,,1023.7196883000433,,,,,1023.6869198996574,1023.7196883000433,1024.0850119797979,1024.6415640995838,1024.9689137996174,,,,,,,,,,,,,,,,,,,,,,,sub002_saurabh,001,2024-05-14_12h40.04.723,final_exp_1.2_v1_18012024,2023.2.3,60.01893001684973,2024-05-14 12h40.26.212928 +0530,
797,0,797,0,,,,,1024.999680900015,,,,,1024.9706024997868,1024.999680900015,1025.368046079995,1025.8915559998713,1026.2518396996893,,,,,,,,,,,,,,,,,,,,,,,sub002_saurabh,001,2024-05-14_12h40.04.723,final_exp_1.2_v1_18012024,2023.2.3,60.01893001684973,2024-05-14 12h40.26.212928 +0530,
798,0,798,0,,,,,1026.278685499914,,,,,1026.2535847998224,1026.278685499914,1026.551525479881,1027.161547999829,1027.5351833999157,,,,,,,,,,,,,,,,,,,,,,,sub002_saurabh,001,2024-05-14_12h40.04.723,final_exp_1.2_v1_18012024,2023.2.3,60.01893001684973,2024-05-14 12h40.26.212928 +0530,
799,0,799,0,,,,,1027.5586282997392,,,,,1027.536926599685,1027.5586282997392,1027.934798979899,1028.4606769997627,1028.8184538995847,,,,,,,,,,,,,,,,,,,,,,,sub002_saurabh,001,2024-05-14_12h40.04.723,final_exp_1.2_v1_18012024,2023.2.3,60.01893001684973,2024-05-14 12h40.26.212928 +0530,
800,0,800,0,,,,,1028.8398130997084,,,,,1028.8202472999692,1028.8398130997084,1029.1523611799348,1029.6607400998473,1030.1017672000453,,,,,,,,,,,,,,,,,,,,,,,sub002_saurabh,001,2024-05-14_12h40.04.723,final_exp_1.2_v1_18012024,2023.2.3,60.01893001684973,2024-05-14 12h40.26.212928 +0530,
801,0,801,0,,,,,1030.1193085997365,,,,,1030.103491799906,1030.1193085997365,1030.5014357797336,1031.0608354997821,1031.385816599708,,,,,,,,,,,,,,,,,,,,,,,sub002_saurabh,001,2024-05-14_12h40.04.723,final_exp_1.2_v1_18012024,2023.2.3,60.01893001684973,2024-05-14 12h40.26.212928 +0530,
802,0,802,0,,,,,1031.4020139998756,,,,,1031.3875057999976,1031.4020139998756,1031.7348561796825,1032.3407536000013,1032.6690572998486,,,,,,,,,,,,,,,,,,,,,,,sub002_saurabh,001,2024-05-14_12h40.04.723,final_exp_1.2_v1_18012024,2023.2.3,60.01893001684973,2024-05-14 12h40.26.212928 +0530,
803,0,803,0,,,,,1032.6850379998796,,,,,1032.670804399997,1032.6850379998796,1033.0014589799102,1033.5615477999672,1033.9517806000076,,,,,,,,,,,,,,,,,,,,,,,sub002_saurabh,001,2024-05-14_12h40.04.723,final_exp_1.2_v1_18012024,2023.2.3,60.01893001684973,2024-05-14 12h40.26.212928 +0530,
804,0,804,0,,,,,1033.9683776996098,,,,,1033.953437099699,1033.9683776996098,1034.3515119797084,1034.8606434999965,1035.2356720999815,,,,,,,,,,,,,,,,,,,,,,,sub002_saurabh,001,2024-05-14_12h40.04.723,final_exp_1.2_v1_18012024,2023.2.3,60.01893001684973,2024-05-14 12h40.26.212928 +0530,
805,0,805,0,,,,,1035.2788820997812,,,,,1035.2374004996382,1035.2788820997812,1035.601484379964,,1036.518646599725,,,,,,,,,,,,,,,,,,,,,,,sub002_saurabh,001,2024-05-14_12h40.04.723,final_exp_1.2_v1_18012024,2023.2.3,60.01893001684973,2024-05-14 12h40.26.212928 +0530,
806,0,806,0,,,,,1036.5585687998682,,,,,1036.5203525996767,1036.5585687998682,1036.8349490796681,1037.430684799794,1037.8020437997766,,,,,,,,,,,,,,,,,,,,,,,sub002_saurabh,001,2024-05-14_12h40.04.723,final_exp_1.2_v1_18012024,2023.2.3,60.01893001684973,2024-05-14 12h40.26.212928 +0530,
807,0,807,0,,,,,1037.8398386999033,,,,,1037.8037971998565,1037.8398386999033,1038.151526879752,1038.7614100999199,1039.085710299667,,,,,,,,,,,,,,,,,,,,,,,sub002_saurabh,001,2024-05-14_12h40.04.723,final_exp_1.2_v1_18012024,2023.2.3,60.01893001684973,2024-05-14 12h40.26.212928 +0530,
808,0,808,0,,,,,1039.1189011000097,,,,,1039.0874389000237,1039.1189011000097,1039.418135379674,1039.9907940998673,1040.3686221996322,,,,,,,,,,,,,,,,,,,,,,,sub002_saurabh,001,2024-05-14_12h40.04.723,final_exp_1.2_v1_18012024,2023.2.3,60.01893001684973,2024-05-14 12h40.26.212928 +0530,
809,0,809,0,,,,,1040.3991394997574,,,,,1040.3703334997408,1040.3991394997574,1040.7514918798115,1041.3613475998864,1041.6519536999986,,,,,,,,,,,,,,,,,,,,,,,sub002_saurabh,001,2024-05-14_12h40.04.723,final_exp_1.2_v1_18012024,2023.2.3,60.01893001684973,2024-05-14 12h40.26.212928 +0530,
810,0,810,0,,,,,1041.6789032998495,,,,,1041.653593099676,1041.6789032998495,1042.0514190800022,1042.5907506998628,1042.9352380000055,,,,,,,,,,,,,,,,,,,,,,,sub002_saurabh,001,2024-05-14_12h40.04.723,final_exp_1.2_v1_18012024,2023.2.3,60.01893001684973,2024-05-14 12h40.26.212928 +0530,
811,0,811,0,,,,,1042.9596432996914,,,,,1042.9369590999559,1042.9596432996914,1043.3022168797906,1043.8416086998768,1044.2186627998017,,,,,,,,,,,,,,,,,,,,,,,sub002_saurabh,001,2024-05-14_12h40.04.723,final_exp_1.2_v1_18012024,2023.2.3,60.01893001684973,2024-05-14 12h40.26.212928 +0530,
812,0,812,0,,,,,1044.239345799666,,,,,1044.2203122996725,1044.239345799666,1044.5348524798173,1045.0915867998265,1045.501892999746,,,,,,,,,,,,,,,,,,,,,,,sub002_saurabh,001,2024-05-14_12h40.04.723,final_exp_1.2_v1_18012024,2023.2.3,60.01893001684973,2024-05-14 12h40.26.212928 +0530,
813,0,813,0,,,,,1045.5191173995845,,,,,1045.503657899797,1045.5191173995845,1045.9018074797932,1046.4608525997028,1046.7852130997926,,,,,,,,,,,,,,,,,,,,,,,sub002_saurabh,001,2024-05-14_12h40.04.723,final_exp_1.2_v1_18012024,2023.2.3,60.01893001684973,2024-05-14 12h40.26.212928 +0530,
814,0,814,0,,,,,1046.8021635999903,,,,,1046.7869823998772,1046.8021635999903,1047.1182213795837,1047.6608702996746,1048.0686216996983,,,,,,,,,,,,,,,,,,,,,,,sub002_saurabh,001,2024-05-14_12h40.04.723,final_exp_1.2_v1_18012024,2023.2.3,60.01893001684973,2024-05-14 12h40.26.212928 +0530,
815,0,815,0,,,,,1048.0854546995834,,,,,1048.070356299635,1048.0854546995834,1048.4682072799187,1048.9806633000262,1049.3527166997083,,,,,,,,,,,,,,,,,,,,,,,sub002_saurabh,001,2024-05-14_12h40.04.723,final_exp_1.2_v1_18012024,2023.2.3,60.01893001684973,2024-05-14 12h40.26.212928 +0530,
816,0,816,0,,,,,1049.3981813997962,,,,,1049.354479199741,1049.3981813997962,1049.7681985797826,1050.2906969999894,1050.6520823999308,,,,,,,,,,,,,,,,,,,,,,,sub002_saurabh,001,2024-05-14_12h40.04.723,final_exp_1.2_v1_18012024,2023.2.3,60.01893001684973,2024-05-14 12h40.26.212928 +0530,
817,0,817,0,,,,,1050.6782763996162,,,,,1050.6543739000335,1050.6782763996162,1051.0348016798962,1051.6420405996032,1051.9353171000257,,,,,,,,,,,,,,,,,,,,,,,sub002_saurabh,001,2024-05-14_12h40.04.723,final_exp_1.2_v1_18012024,2023.2.3,60.01893001684973,2024-05-14 12h40.26.212928 +0530,
818,0,818,0,,,,,1051.9583745999262,,,,,1051.9370474996977,1051.9583745999262,1052.2683139799628,1052.8116754000075,1053.2186138997786,,,,,,,,,,,,,,,,,,,,,,,sub002_saurabh,001,2024-05-14_12h40.04.723,final_exp_1.2_v1_18012024,2023.2.3,60.01893001684973,2024-05-14 12h40.26.212928 +0530,
819,0,819,0,,,,,1053.2396440999582,,,,,1053.2202772996388,1053.2396440999582,1053.5182522798423,,1054.5020703999326,,,,,,,,,,,,,,,,,,,,,,,sub002_saurabh,001,2024-05-14_12h40.04.723,final_exp_1.2_v1_18012024,2023.2.3,60.01893001684973,2024-05-14 12h40.26.212928 +0530,
820,0,820,0,,,,,1054.5351782999933,,,,,1054.5037410999648,1054.5351782999933,1054.8848383796867,1055.3908987999894,1055.7854442996904,,,,,,,,,,,,,,,,,,,,,,,sub002_saurabh,001,2024-05-14_12h40.04.723,final_exp_1.2_v1_18012024,2023.2.3,60.01893001684973,2024-05-14 12h40.26.212928 +0530,
821,0,821,0,,,,,1055.802171899937,,,,,1055.7871403996833,1055.802171899937,1056.184880179586,1056.7318206997588,1057.068701799959,,,,,,,,,,,,,,,,,,,,,,,sub002_saurabh,001,2024-05-14_12h40.04.723,final_exp_1.2_v1_18012024,2023.2.3,60.01893001684973,2024-05-14 12h40.26.212928 +0530,
822,0,822,0,,,,,1057.0854556998238,,,,,1057.0704080997966,1057.0854556998238,1057.384961480042,1057.9621375999413,1058.3518501999788,,,,,,,,,,,,,,,,,,,,,,,sub002_saurabh,001,2024-05-14_12h40.04.723,final_exp_1.2_v1_18012024,2023.2.3,60.01893001684973,2024-05-14 12h40.26.212928 +0530,
823,0,823,0,,,,,1058.39931719983,,,,,1058.3535753996111,1058.39931719983,1058.6682855796535,1059.2817017999478,1059.6358449999243,,,,,,,,,,,,,,,,,,,,,,,sub002_saurabh,001,2024-05-14_12h40.04.723,final_exp_1.2_v1_18012024,2023.2.3,60.01893001684973,2024-05-14 12h40.26.212928 +0530,
824,0,824,0,,,,,1059.6789437998086,,,,,1059.63765589986,1059.6789437998086,1059.985092179617,1060.5615020999685,1060.9188820999116,,,,,,,,,,,,,,,,,,,,,,,sub002_saurabh,001,2024-05-14_12h40.04.723,final_exp_1.2_v1_18012024,2023.2.3,60.01893001684973,2024-05-14 12h40.26.212928 +0530,
825,0,825,0,,,,,1060.9593768999912,,,,,1060.9206365998834,1060.9593768999912,1061.2183567800093,1061.7615204998292,1062.2028247998096,,,,,,,,,,,,,,,,,,,,,,,sub002_saurabh,001,2024-05-14_12h40.04.723,final_exp_1.2_v1_18012024,2023.2.3,60.01893001684973,2024-05-14 12h40.26.212928 +0530,
826,0,826,0,,,,,1062.2385354000144,,,,,1062.204526799731,1062.2385354000144,1062.5519798796158,1063.0908448998816,1063.5020428998396,,,,,,,,,,,,,,,,,,,,,,,sub002_saurabh,001,2024-05-14_12h40.04.723,final_exp_1.2_v1_18012024,2023.2.3,60.01893001684973,2024-05-14 12h40.26.212928 +0530,
827,0,827,0,,,,,1063.5213901000097,,,,,1063.5037747998722,1063.5213901000097,1063.8849228799809,1064.39086699998,1064.785426999908,,,,,,,,,,,,,,,,,,,,,,,sub002_saurabh,001,2024-05-14_12h40.04.723,final_exp_1.2_v1_18012024,2023.2.3,60.01893001684973,2024-05-14 12h40.26.212928 +0530,
828,0,828,0,,,,,1064.802219199948,,,,,1064.7871616999619,1064.802219199948,1065.1520216797944,1065.740910299588,1066.0691509000026,,,,,,,,,,,,,,,,,,,,,,,sub002_saurabh,001,2024-05-14_12h40.04.723,final_exp_1.2_v1_18012024,2023.2.3,60.01893001684973,2024-05-14 12h40.26.212928 +0530,
829,0,829,0,,,,,1066.0855593997985,,,,,1066.0708671999164,1066.0855593997985,1066.4184769799467,1066.9624119997025,1067.3519309000112,,,,,,,,,,,,,,,,,,,,,,,sub002_saurabh,001,2024-05-14_12h40.04.723,final_exp_1.2_v1_18012024,2023.2.3,60.01893001684973,2024-05-14 12h40.26.212928 +0530,
830,0,830,0,,,,,1067.3990609999746,,,,,1067.3536267997697,1067.3990609999746,1067.7516844796482,1068.3408820996992,1068.6358386999927,,,,,,,,,,,,,,,,,,,,,,,sub002_saurabh,001,2024-05-14_12h40.04.723,final_exp_1.2_v1_18012024,2023.2.3,60.01893001684973,2024-05-14 12h40.26.212928 +0530,
831,0,831,0,,,,,1068.6789514999837,,,,,1068.6375639997423,1068.6789514999837,1069.0183138798457,1069.611653499771,1069.9188578999601,,,,,,,,,,,,,,,,,,,,,,,sub002_saurabh,001,2024-05-14_12h40.04.723,final_exp_1.2_v1_18012024,2023.2.3,60.01893001684973,2024-05-14 12h40.26.212928 +0530,
832,0,832,0,,,,,1069.9596083997749,,,,,1069.920621600002,1069.9596083997749,1070.3017591799144,1070.8816064996645,1071.2022422999144,,,,,,,,,,,,,,,,,,,,,,,sub002_saurabh,001,2024-05-14_12h40.04.723,final_exp_1.2_v1_18012024,2023.2.3,60.01893001684973,2024-05-14 12h40.26.212928 +0530,
833,0,833,0,,,,,1071.2389929997735,,,,,1071.2039494998753,1071.2389929997735,1071.551784579875,1072.1316019999795,1072.485534099862,,,,,,,,,,,,,,,,,,,,,,,sub002_saurabh,001,2024-05-14_12h40.04.723,final_exp_1.2_v1_18012024,2023.2.3,60.01893001684973,2024-05-14 12h40.26.212928 +0530,
834,0,834,0,,,,,1072.518842799589,,,,,1072.487152799964,1072.518842799589,1072.8351335797925,1073.4310940997675,1073.768870299682,,,,,,,,,,,,,,,,,,,,,,,sub002_saurabh,001,2024-05-14_12h40.04.723,final_exp_1.2_v1_18012024,2023.2.3,60.01893001684973,2024-05-14 12h40.26.212928 +0530,
835,0,835,0,,,,,1073.7995976996608,,,,,1073.7706185998395,1073.7995976996608,1074.1017595797312,1074.6608950998634,1075.0521169998683,,,,,,,,,,,,,,,,,,,,,,,sub002_saurabh,001,2024-05-14_12h40.04.723,final_exp_1.2_v1_18012024,2023.2.3,60.01893001684973,2024-05-14 12h40.26.212928 +0530,
836,0,836,0,,,,,1075.078676899895,,,,,1075.0538035999052,1075.078676899895,1075.4523261797149,1075.9810738996603,1076.3355580996722,,,,,,,,,,,,,,,,,,,,,,,sub002_saurabh,001,2024-05-14_12h40.04.723,final_exp_1.2_v1_18012024,2023.2.3,60.01893001684973,2024-05-14 12h40.26.212928 +0530,
837,0,837,0,,,,,1076.3586388998665,,,,,1076.3372738999315,1076.3586388998665,1076.7350348799955,1077.291793299839,1077.6189778996632,,,,,,,,,,,,,,,,,,,,,,,sub002_saurabh,001,2024-05-14_12h40.04.723,final_exp_1.2_v1_18012024,2023.2.3,60.01893001684973,2024-05-14 12h40.26.212928 +0530,
838,0,838,0,,,,,1077.6395520996302,,,,,1077.6206767996773,1077.6395520996302,1077.9683111796621,1078.5808732998557,1078.9021595995873,,,,,,,,,,,,,,,,,,,,,,,sub002_saurabh,001,2024-05-14_12h40.04.723,final_exp_1.2_v1_18012024,2023.2.3,60.01893001684973,2024-05-14 12h40.26.212928 +0530,
839,0,839,0,,,,,1078.9205193999223,,,,,1078.9039547997527,1078.9205193999223,1079.2517376795877,1079.7909541996196,1080.1855490999296,,,,,,,,,,,,,,,,,,,,,,,sub002_saurabh,001,2024-05-14_12h40.04.723,final_exp_1.2_v1_18012024,2023.2.3,60.01893001684973,2024-05-14 12h40.26.212928 +0530,
840,0,840,0,,,,,1080.202035699971,,,,,1080.1872845999897,1080.202035699971,1080.5351707797963,1081.1107578999363,1081.4686969998293,,,,,,,,,,,,,,,,,,,,,,,sub002_saurabh,001,2024-05-14_12h40.04.723,final_exp_1.2_v1_18012024,2023.2.3,60.01893001684973,2024-05-14 12h40.26.212928 +0530,
841,0,841,0,,,,,1081.485302399844,,,,,1081.470394599717,1081.485302399844,1081.8017099800054,1082.3616569996811,1082.7521409997717,,,,,,,,,,,,,,,,,,,,,,,sub002_saurabh,001,2024-05-14_12h40.04.723,final_exp_1.2_v1_18012024,2023.2.3,60.01893001684973,2024-05-14 12h40.26.212928 +0530,
842,0,842,0,,,,,1082.7686136998236,,,,,1082.7538747997023,1082.7686136998236,1083.1351826798636,,1084.0358108999208,,,,,,,,,,,,,,,,,,,,,,,sub002_saurabh,001,2024-05-14_12h40.04.723,final_exp_1.2_v1_18012024,2023.2.3,60.01893001684973,2024-05-14 12h40.26.212928 +0530,
843,0,843,0,,,,,1084.0787356998771,,,,,1084.0374657995999,1084.0787356998771,1084.418469779892,1084.9619380999357,1085.3190493998118,,,,,,,,,,,,,,,,,,,,,,,sub002_saurabh,001,2024-05-14_12h40.04.723,final_exp_1.2_v1_18012024,2023.2.3,60.01893001684973,2024-05-14 12h40.26.212928 +0530,
844,0,844,0,,,,,1085.358960099984,,,,,1085.3207569997758,1085.358960099984,1085.7184238799382,1086.281792299822,1086.6024415995926,,,,,,,,,,,,,,,,,,,,,,,sub002_saurabh,001,2024-05-14_12h40.04.723,final_exp_1.2_v1_18012024,2023.2.3,60.01893001684973,2024-05-14 12h40.26.212928 +0530,
845,0,845,0,,,,,1086.6390207000077,,,,,1086.604200499598,1086.6390207000077,1086.9183999795932,1087.4908646997064,1087.8856279999018,,,,,,,,,,,,,,,,,,,,,,,sub002_saurabh,001,2024-05-14_12h40.04.723,final_exp_1.2_v1_18012024,2023.2.3,60.01893001684973,2024-05-14 12h40.26.212928 +0530,
846,0,846,0,,,,,1087.9187878998928,,,,,1087.8873789999634,1087.9187878998928,1088.2851593799423,1088.8118497999385,1089.1688724998385,,,,,,,,,,,,,,,,,,,,,,,sub002_saurabh,001,2024-05-14_12h40.04.723,final_exp_1.2_v1_18012024,2023.2.3,60.01893001684973,2024-05-14 12h40.26.212928 +0530,
847,0,847,0,,,,,1089.1990920999087,,,,,1089.1706352997571,1089.1990920999087,1089.5184887798969,,1090.452358899638,,,,,,,,,,,,,,,,,,,,,,,sub002_saurabh,001,2024-05-14_12h40.04.723,final_exp_1.2_v1_18012024,2023.2.3,60.01893001684973,2024-05-14 12h40.26.212928 +0530,
848,0,848,0,,,,,1090.4797128997743,,,,,1090.454014999792,1090.4797128997743,1090.8184315797407,1091.3409539996646,1091.7355602998286,,,,,,,,,,,,,,,,,,,,,,,sub002_saurabh,001,2024-05-14_12h40.04.723,final_exp_1.2_v1_18012024,2023.2.3,60.01893001684973,2024-05-14 12h40.26.212928 +0530,
849,0,849,0,,,,,1091.7627846999094,,,,,1091.7372189997695,1091.7627846999094,1092.06859617983,1092.5811178996228,1093.0188708999194,,,,,,,,,,,,,,,,,,,,,,,sub002_saurabh,001,2024-05-14_12h40.04.723,final_exp_1.2_v1_18012024,2023.2.3,60.01893001684973,2024-05-14 12h40.26.212928 +0530,
850,0,850,0,,,,,1093.0391014995985,,,,,1093.0205927998759,1093.0391014995985,1093.3684953798074,1093.9620307995938,1094.302306999918,,,,,,,,,,,,,,,,,,,,,,,sub002_saurabh,001,2024-05-14_12h40.04.723,final_exp_1.2_v1_18012024,2023.2.3,60.01893001684973,2024-05-14 12h40.26.212928 +0530,
851,0,851,0,,,,,1094.3193071000278,,,,,1094.304060800001,1094.3193071000278,1094.6517729798798,1095.2609565998428,1095.585546599701,,,,,,,,,,,,,,,,,,,,,,,sub002_saurabh,001,2024-05-14_12h40.04.723,final_exp_1.2_v1_18012024,2023.2.3,60.01893001684973,2024-05-14 12h40.26.212928 +0530,
852,0,852,0,,,,,1095.6020065997727,,,,,1095.587202699855,1095.6020065997727,1095.9184886796866,1096.461047399789,1096.8688056999817,,,,,,,,,,,,,,,,,,,,,,,sub002_saurabh,001,2024-05-14_12h40.04.723,final_exp_1.2_v1_18012024,2023.2.3,60.01893001684973,2024-05-14 12h40.26.212928 +0530,
853,0,853,0,,,,,1096.8856407999992,,,,,1096.8705650996417,1096.8856407999992,1097.2017932797316,1097.791158599779,1098.1523213000037,,,,,,,,,,,,,,,,,,,,,,,sub002_saurabh,001,2024-05-14_12h40.04.723,final_exp_1.2_v1_18012024,2023.2.3,60.01893001684973,2024-05-14 12h40.26.212928 +0530,
854,0,854,0,,,,,1098.1691239997745,,,,,1098.1540554999374,1098.1691239997745,1098.4851230799686,1099.0419804998673,1099.4359078998677,,,,,,,,,,,,,,,,,,,,,,,sub002_saurabh,001,2024-05-14_12h40.04.723,final_exp_1.2_v1_18012024,2023.2.3,60.01893001684973,2024-05-14 12h40.26.212928 +0530,
855,0,855,0,,,,,1099.4785886998288,,,,,1099.4376580999233,1099.4785886998288,1099.7352781796362,,1100.7190835997462,,,,,,,,,,,,,,,,,,,,,,,sub002_saurabh,001,2024-05-14_12h40.04.723,final_exp_1.2_v1_18012024,2023.2.3,60.01893001684973,2024-05-14 12h40.26.212928 +0530,
856,0,856,0,,,,,1100.7591251996346,,,,,1100.7207656996325,1100.7591251996346,1101.0520807800349,1101.591053799726,1102.0023854998872,,,,,,,,,,,,,,,,,,,,,,,sub002_saurabh,001,2024-05-14_12h40.04.723,final_exp_1.2_v1_18012024,2023.2.3,60.01893001684973,2024-05-14 12h40.26.212928 +0530,
857,0,857,0,,,,,1102.0390802999027,,,,,1102.004121299833,1102.0390802999027,1102.4019355799537,1102.910967499949,1103.285565899685,,,,,,,,,,,,,,,,,,,,,,,sub002_saurabh,001,2024-05-14_12h40.04.723,final_exp_1.2_v1_18012024,2023.2.3,60.01893001684973,2024-05-14 12h40.26.212928 +0530,
858,0,858,0,,,,,1103.319241499994,,,,,1103.2873159996234,1103.319241499994,1103.668633979978,1104.2120717000216,1104.569034499582,,,,,,,,,,,,,,,,,,,,,,,sub002_saurabh,001,2024-05-14_12h40.04.723,final_exp_1.2_v1_18012024,2023.2.3,60.01893001684973,2024-05-14 12h40.26.212928 +0530,
859,0,859,0,,,,,1104.5995819997042,,,,,1104.5707899997942,1104.5995819997042,1104.9356002795976,1105.4419176997617,1105.8522695000283,,,,,,,,,,,,,,,,,,,,,,,sub002_saurabh,001,2024-05-14_12h40.04.723,final_exp_1.2_v1_18012024,2023.2.3,60.01893001684973,2024-05-14 12h40.26.212928 +0530,
860,0,860,0,,,,,1105.87862819992,,,,,1105.8539623999968,1105.87862819992,1106.2519638796803,1106.8418519999832,1107.1357072000392,,,,,,,,,,,,,,,,,,,,,,,sub002_saurabh,001,2024-05-14_12h40.04.723,final_exp_1.2_v1_18012024,2023.2.3,60.01893001684973,2024-05-14 12h40.26.212928 +0530,
861,0,861,0,,,,,1107.1587096997537,,,,,1107.1373744998127,1107.1587096997537,1107.485205979785,1108.031079699751,1108.4189472999424,,,,,,,,,,,,,,,,,,,,,,,sub002_saurabh,001,2024-05-14_12h40.04.723,final_exp_1.2_v1_18012024,2023.2.3,60.01893001684973,2024-05-14 12h40.26.212928 +0530,
862,0,862,0,,,,,1108.4391355998814,,,,,1108.4205987998284,1108.4391355998814,1108.7518992798869,1109.2611467000097,1109.7022555000149,,,,,,,,,,,,,,,,,,,,,,,sub002_saurabh,001,2024-05-14_12h40.04.723,final_exp_1.2_v1_18012024,2023.2.3,60.01893001684973,2024-05-14 12h40.26.212928 +0530,
863,0,863,0,,,,,1109.7193612996489,,,,,1109.703921499662,1109.7193612996489,1110.0522522798274,1110.6120707998052,1110.985689099878,,,,,,,,,,,,,,,,,,,,,,,sub002_saurabh,001,2024-05-14_12h40.04.723,final_exp_1.2_v1_18012024,2023.2.3,60.01893001684973,2024-05-14 12h40.26.212928 +0530,
864,0,864,0,,,,,1111.0024989997037,,,,,1110.98738639988,1111.0024989997037,1111.2852578798775,1111.8420393997803,1112.2690073000267,,,,,,,,,,,,,,,,,,,,,,,sub002_saurabh,001,2024-05-14_12h40.04.723,final_exp_1.2_v1_18012024,2023.2.3,60.01893001684973,2024-05-14 12h40.26.212928 +0530,
865,0,865,0,,,,,1112.2854237998836,,,,,1112.2707879999653,1112.2854237998836,1112.6019747799728,1113.171040899586,1113.5523150996305,,,,,,,,,,,,,,,,,,,,,,,sub002_saurabh,001,2024-05-14_12h40.04.723,final_exp_1.2_v1_18012024,2023.2.3,60.01893001684973,2024-05-14 12h40.26.212928 +0530,
866,0,866,0,,,,,1113.6000064997934,,,,,1113.5540827997029,1113.6000064997934,1113.852057279786,1114.3912108000368,1114.835957000032,,,,,,,,,,,,,,,,,,,,,,,sub002_saurabh,001,2024-05-14_12h40.04.723,final_exp_1.2_v1_18012024,2023.2.3,60.01893001684973,2024-05-14 12h40.26.212928 +0530,
867,0,867,0,,,,,1114.8787584998645,,,,,1114.837640799582,1114.8787584998645,1115.2187292797025,1115.7810626998544,1116.1191515997052,,,,,,,,,,,,,,,,,,,,,,,sub002_saurabh,001,2024-05-14_12h40.04.723,final_exp_1.2_v1_18012024,2023.2.3,60.01893001684973,2024-05-14 12h40.26.212928 +0530,
868,0,868,0,,,,,1116.159556800034,,,,,1116.1209177998826,1116.159556800034,1116.502101979917,1117.0119210998528,1117.4024319997989,,,,,,,,,,,,,,,,,,,,,,,sub002_saurabh,001,2024-05-14_12h40.04.723,final_exp_1.2_v1_18012024,2023.2.3,60.01893001684973,2024-05-14 12h40.26.212928 +0530,
869,0,869,0,,,,,1117.4383479999378,,,,,1117.4041256997734,1117.4383479999378,1117.802025879966,,1118.685739599634,,,,,,,,,,,,,,,,,,,,,,,sub002_saurabh,001,2024-05-14_12h40.04.723,final_exp_1.2_v1_18012024,2023.2.3,60.01893001684973,2024-05-14 12h40.26.212928 +0530,
870,0,870,0,,,,,1118.7185310996138,,,,,1118.6874679997563,1118.7185310996138,1119.018771279836,1119.5410472997464,1119.9691629000008,,,,,,,,,,,,,,,,,,,,,,,sub002_saurabh,001,2024-05-14_12h40.04.723,final_exp_1.2_v1_18012024,2023.2.3,60.01893001684973,2024-05-14 12h40.26.212928 +0530,
871,0,871,0,,,,,1119.9985910998657,,,,,1119.9709255998023,1119.9985910998657,1120.3186257795896,1120.8421238996089,1121.2526057995856,,,,,,,,,,,,,,,,,,,,,,,sub002_saurabh,001,2024-05-14_12h40.04.723,final_exp_1.2_v1_18012024,2023.2.3,60.01893001684973,2024-05-14 12h40.26.212928 +0530,
872,0,872,0,,,,,1121.2796859997325,,,,,1121.2544044000097,1121.2796859997325,1121.5519939798396,1122.0818787999451,1122.5358509998769,,,,,,,,,,,,,,,,,,,,,,,sub002_saurabh,001,2024-05-14_12h40.04.723,final_exp_1.2_v1_18012024,2023.2.3,60.01893001684973,2024-05-14 12h40.26.212928 +0530,
873,0,873,0,,,,,1122.5597832999192,,,,,1122.5376045997255,1122.5597832999192,1122.8353746796492,1123.3412171998061,1123.8191084000282,,,,,,,,,,,,,,,,,,,,,,,sub002_saurabh,001,2024-05-14_12h40.04.723,final_exp_1.2_v1_18012024,2023.2.3,60.01893001684973,2024-05-14 12h40.26.212928 +0530,
874,0,874,0,,,,,1123.8387054996565,,,,,1123.8208053996786,1123.8387054996565,1124.1853425798472,1124.7411785000004,1125.1025072997436,,,,,,,,,,,,,,,,,,,,,,,sub002_saurabh,001,2024-05-14_12h40.04.723,final_exp_1.2_v1_18012024,2023.2.3,60.01893001684973,2024-05-14 12h40.26.212928 +0530,
875,0,875,0,,,,,1125.119030999951,,,,,1125.1042602998205,1125.119030999951,1125.4186439795885,1125.9621367999353,1126.3858277997933,,,,,,,,,,,,,,,,,,,,,,,sub002_saurabh,001,2024-05-14_12h40.04.723,final_exp_1.2_v1_18012024,2023.2.3,60.01893001684973,2024-05-14 12h40.26.212928 +0530,
876,0,876,0,,,,,1126.4025889998302,,,,,1126.3875312996097,1126.4025889998302,1126.75200887979,1127.3620171998627,1127.6690183999017,,,,,,,,,,,,,,,,,,,,,,,sub002_saurabh,001,2024-05-14_12h40.04.723,final_exp_1.2_v1_18012024,2023.2.3,60.01893001684973,2024-05-14 12h40.26.212928 +0530,
877,0,877,0,,,,,1127.6855473998003,,,,,1127.6707146996632,1127.6855473998003,1128.0019512798171,1128.6119598997757,1128.9523847997189,,,,,,,,,,,,,,,,,,,,,,,sub002_saurabh,001,2024-05-14_12h40.04.723,final_exp_1.2_v1_18012024,2023.2.3,60.01893001684973,2024-05-14 12h40.26.212928 +0530,
878,0,878,0,,,,,1128.969273999799,,,,,1128.9540756000206,1128.969273999799,1129.3354347797576,1129.932138599921,1130.2362804999575,,,,,,,,,,,,,,,,,,,,,,,sub002_saurabh,001,2024-05-14_12h40.04.723,final_exp_1.2_v1_18012024,2023.2.3,60.01893001684973,2024-05-14 12h40.26.212928 +0530,
879,0,879,0,,,,,1130.2793654999696,,,,,1130.2379809999838,1130.2793654999696,1130.6354108799715,1131.2420187997632,1131.5192364999093,,,,,,,,,,,,,,,,,,,,,,,sub002_saurabh,001,2024-05-14_12h40.04.723,final_exp_1.2_v1_18012024,2023.2.3,60.01893001684973,2024-05-14 12h40.26.212928 +0530,
880,0,880,0,,,,,1131.5584090999328,,,,,1131.5209239996038,1131.5584090999328,1131.9020673797932,1132.431347799953,1132.8026063996367,,,,,,,,,,,,,,,,,,,,,,,sub002_saurabh,001,2024-05-14_12h40.04.723,final_exp_1.2_v1_18012024,2023.2.3,60.01893001684973,2024-05-14 12h40.26.212928 +0530,
881,0,881,0,,,,,1132.8399942996912,,,,,1132.8043670998886,1132.8399942996912,1133.119059779914,1133.641961499583,1134.0863764998503,,,,,,,,,,,,,,,,,,,,,,,sub002_saurabh,001,2024-05-14_12h40.04.723,final_exp_1.2_v1_18012024,2023.2.3,60.01893001684973,2024-05-14 12h40.26.212928 +0530,
882,0,882,0,,,,,1134.1189117999747,,,,,1134.0885344999842,1134.1189117999747,1134.4187904798891,1135.0312838000245,1135.3691794998012,,,,,,,,,,,,,,,,,,,,,,,sub002_saurabh,001,2024-05-14_12h40.04.723,final_exp_1.2_v1_18012024,2023.2.3,60.01893001684973,2024-05-14 12h40.26.212928 +0530,
883,0,883,0,,,,,1135.3988707996905,,,,,1135.3709539999254,1135.3988707996905,1135.7187898799311,1136.261090300046,1136.6525801997632,,,,,,,,,,,,,,,,,,,,,,,sub002_saurabh,001,2024-05-14_12h40.04.723,final_exp_1.2_v1_18012024,2023.2.3,60.01893001684973,2024-05-14 12h40.26.212928 +0530,
884,0,884,0,,,,,1136.6786652998999,,,,,1136.6543083996512,1136.6786652998999,1137.0526270798873,1137.5712933000177,1137.9357717996463,,,,,,,,,,,,,,,,,,,,,,,sub002_saurabh,001,2024-05-14_12h40.04.723,final_exp_1.2_v1_18012024,2023.2.3,60.01893001684973,2024-05-14 12h40.26.212928 +0530,
885,0,885,0,,,,,1137.960188199766,,,,,1137.937454199884,1137.960188199766,1138.2353365796153,1138.8313655997626,1139.2192587000318,,,,,,,,,,,,,,,,,,,,,,,sub002_saurabh,001,2024-05-14_12h40.04.723,final_exp_1.2_v1_18012024,2023.2.3,60.01893001684973,2024-05-14 12h40.26.212928 +0530,
886,0,886,0,,,,,1139.23925470002,,,,,1139.2209944999777,1139.23925470002,1139.602093179943,1140.1620850996114,1140.5025712996721,,,,,,,,,,,,,,,,,,,,,,,sub002_saurabh,001,2024-05-14_12h40.04.723,final_exp_1.2_v1_18012024,2023.2.3,60.01893001684973,2024-05-14 12h40.26.212928 +0530,
887,0,887,0,,,,,1140.5182533999905,,,,,1140.5043328995816,1140.5182533999905,1140.885416480014,,1141.7857915996574,,,,,,,,,,,,,,,,,,,,,,,sub002_saurabh,001,2024-05-14_12h40.04.723,final_exp_1.2_v1_18012024,2023.2.3,60.01893001684973,2024-05-14 12h40.26.212928 +0530,
888,0,888,0,,,,,1141.802340499591,,,,,1141.7875653998926,1141.802340499591,1142.1354639797937,1142.6426563998684,1143.0691378000192,,,,,,,,,,,,,,,,,,,,,,,sub002_saurabh,001,2024-05-14_12h40.04.723,final_exp_1.2_v1_18012024,2023.2.3,60.01893001684973,2024-05-14 12h40.26.212928 +0530,
889,0,889,0,,,,,1143.0856057996862,,,,,1143.0708774998784,1143.0856057996862,1143.418789679883,1144.0120633998886,1144.3523370996118,,,,,,,,,,,,,,,,,,,,,,,sub002_saurabh,001,2024-05-14_12h40.04.723,final_exp_1.2_v1_18012024,2023.2.3,60.01893001684973,2024-05-14 12h40.26.212928 +0530,
890,0,890,0,,,,,1144.399584800005,,,,,1144.3541111997329,1144.399584800005,1144.6854297800455,1145.2820748998784,1145.636719299946,,,,,,,,,,,,,,,,,,,,,,,sub002_saurabh,001,2024-05-14_12h40.04.723,final_exp_1.2_v1_18012024,2023.2.3,60.01893001684973,2024-05-14 12h40.26.212928 +0530,
891,0,891,0,,,,,1145.679315599613,,,,,1145.638468399644,1145.679315599613,1146.0021866799798,1146.5913435998373,1146.9359251996502,,,,,,,,,,,,,,,,,,,,,,,sub002_saurabh,001,2024-05-14_12h40.04.723,final_exp_1.2_v1_18012024,2023.2.3,60.01893001684973,2024-05-14 12h40.26.212928 +0530,
892,0,892,0,,,,,1146.960061499849,,,,,1146.9376621996053,1146.960061499849,1147.3188747798558,1147.8923047999851,1148.2197528998367,,,,,,,,,,,,,,,,,,,,,,,sub002_saurabh,001,2024-05-14_12h40.04.723,final_exp_1.2_v1_18012024,2023.2.3,60.01893001684973,2024-05-14 12h40.26.212928 +0530,
893,0,893,0,,,,,1148.2385871997103,,,,,1148.221524299588,1148.2385871997103,1148.5354522799607,1149.0830281996168,1149.5026698997244,,,,,,,,,,,,,,,,,,,,,,,sub002_saurabh,001,2024-05-14_12h40.04.723,final_exp_1.2_v1_18012024,2023.2.3,60.01893001684973,2024-05-14 12h40.26.212928 +0530,
894,0,894,0,,,,,1149.5198102998547,,,,,1149.5044195996597,1149.5198102998547,1149.8526997796725,1150.4420741000213,1150.7860534996726,,,,,,,,,,,,,,,,,,,,,,,sub002_saurabh,001,2024-05-14_12h40.04.723,final_exp_1.2_v1_18012024,2023.2.3,60.01893001684973,2024-05-14 12h40.26.212928 +0530,
895,0,895,0,,,,,1150.8026661998592,,,,,1150.78777419962,1150.8026661998592,1151.1355781799648,1151.7330990997143,1152.0692602996714,,,,,,,,,,,,,,,,,,,,,,,sub002_saurabh,001,2024-05-14_12h40.04.723,final_exp_1.2_v1_18012024,2023.2.3,60.01893001684973,2024-05-14 12h40.26.212928 +0530,
896,0,896,0,,,,,1152.0857581999153,,,,,1152.0710298996419,1152.0857581999153,1152.4354919798207,1152.9915748997591,1153.3525777999312,,,,,,,,,,,,,,,,,,,,,,,sub002_saurabh,001,2024-05-14_12h40.04.723,final_exp_1.2_v1_18012024,2023.2.3,60.01893001684973,2024-05-14 12h40.26.212928 +0530,
897,0,897,0,,,,,1153.369273999706,,,,,1153.3542662998661,1153.369273999706,1153.7021305796225,1154.2614139998332,1154.636613899842,,,,,,,,,,,,,,,,,,,,,,,sub002_saurabh,001,2024-05-14_12h40.04.723,final_exp_1.2_v1_18012024,2023.2.3,60.01893001684973,2024-05-14 12h40.26.212928 +0530,
898,0,898,0,,,,,1154.6786594996229,,,,,1154.638276499696,1154.6786594996229,1155.002259979723,1155.6120965997688,1155.935881699901,,,,,,,,,,,,,,,,,,,,,,,sub002_saurabh,001,2024-05-14_12h40.04.723,final_exp_1.2_v1_18012024,2023.2.3,60.01893001684973,2024-05-14 12h40.26.212928 +0530,
899,0,899,0,,,,,1155.9584864997305,,,,,1155.9375284998678,1155.9584864997305,1156.3356706800405,1156.93221789971,1157.2192568997853,,,,,,,,,,,,,,,,,,,,,,,sub002_saurabh,001,2024-05-14_12h40.04.723,final_exp_1.2_v1_18012024,2023.2.3,60.01893001684973,2024-05-14 12h40.26.212928 +0530,
,,,,,,,,,,,,,,,,,,,1157.2221753997728,1157.236990999896,1157.7356178998016,1261.3369402997196,space,103.58569189999253,None,,,,,,,,,,,,,,,sub002_saurabh,001,2024-05-14_12h40.04.723,final_exp_1.2_v1_18012024,2023.2.3,60.01893001684973,2024-05-14 12h40.26.212928 +0530,
,,,,0,0,0,0,1262.3728276998736,,,,,,,,,,,,,,,,,,1261.336963799782,1261.3529586996883,1262.3728276998736,1262.3365596998483,1262.3384610000066,1262.3728276998736,1262.6861689796206,1263.2359757996164,1263.6198538998142,,,,,,sub002_saurabh,001,2024-05-14_12h40.04.723,final_exp_1.2_v1_18012024,2023.2.3,60.01893001684973,2024-05-14 12h40.26.212928 +0530,
,,,,1,0,1,0,1263.6539830998518,,,,,,,,,,,,,,,,,,,,,,1263.6216506999917,1263.6539830998518,1264.0029490797315,1264.5119090997614,1264.9034226997755,,,,,,sub002_saurabh,001,2024-05-14_12h40.04.723,final_exp_1.2_v1_18012024,2023.2.3,60.01893001684973,2024-05-14 12h40.26.212928 +0530,
,,,,2,0,2,0,1264.9350483999588,,,,,,,,,,,,,,,,,,,,,,1264.9051612997428,1264.9350483999588,1265.2865513798315,,1266.1867478997447,,,,,,sub002_saurabh,001,2024-05-14_12h40.04.723,final_exp_1.2_v1_18012024,2023.2.3,60.01893001684973,2024-05-14 12h40.26.212928 +0530,
,,,,3,0,3,0,1266.214268699754,,,,,,,,,,,,,,,,,,,,,,1266.1884726998396,1266.214268699754,1266.5528161798138,1267.091986199841,1267.4699470000342,,,,,,sub002_saurabh,001,2024-05-14_12h40.04.723,final_exp_1.2_v1_18012024,2023.2.3,60.01893001684973,2024-05-14 12h40.26.212928 +0530,
,,,,4,0,4,0,1267.4948783996515,,,,,,,,,,,,,,,,,,,,,,1267.471667099744,1267.4948783996515,1267.8362301799934,1268.3919738000259,1268.7532107997686,,,,,,sub002_saurabh,001,2024-05-14_12h40.04.723,final_exp_1.2_v1_18012024,2023.2.3,60.01893001684973,2024-05-14 12h40.26.212928 +0530,
,,,,5,0,5,0,1268.773662599735,,,,,,,,,,,,,,,,,,,,,,1268.754938900005,1268.773662599735,1269.0861798797268,1269.63216859987,1270.0373274995945,,,,,,sub002_saurabh,001,2024-05-14_12h40.04.723,final_exp_1.2_v1_18012024,2023.2.3,60.01893001684973,2024-05-14 12h40.26.212928 +0530,
,,,,6,0,6,0,1270.0535379997455,,,,,,,,,,,,,,,,,,,,,,1270.0390395997092,1270.0535379997455,1270.4032571797725,1270.9428985998966,1271.4706333000213,1271.5172883998603,,,,,sub002_saurabh,001,2024-05-14_12h40.04.723,final_exp_1.2_v1_18012024,2023.2.3,60.01893001684973,2024-05-14 12h40.26.212928 +0530,
,,,,7,0,7,0,1271.5172883998603,,,,,,,,,,,,,,,,,,,,,,1271.4723724997602,1271.5172883998603,1271.886119480012,,1272.7534403000027,,,,,,sub002_saurabh,001,2024-05-14_12h40.04.723,final_exp_1.2_v1_18012024,2023.2.3,60.01893001684973,2024-05-14 12h40.26.212928 +0530,
,,,,8,0,8,0,1272.7972885998897,,,,,,,,,,,,,,,,,,,,,,1272.755229699891,1272.7972885998897,1273.1196054799948,1273.6437352998182,1274.0370752997696,,,,,,sub002_saurabh,001,2024-05-14_12h40.04.723,final_exp_1.2_v1_18012024,2023.2.3,60.01893001684973,2024-05-14 12h40.26.212928 +0530,
,,,,9,0,9,0,1274.077006999869,,,,,,,,,,,,,,,,,,,,,,1274.0388321997598,1274.077006999869,1274.4366573796142,1275.0319671998732,1275.3200970999897,,,,,,sub002_saurabh,001,2024-05-14_12h40.04.723,final_exp_1.2_v1_18012024,2023.2.3,60.01893001684973,2024-05-14 12h40.26.212928 +0530,
,,,,10,0,10,0,1275.3559590997174,,,,,,,,,,,,,,,,,,,,,,1275.3218572000042,1275.3559590997174,1275.7030194799881,1276.244688599836,1276.6034907996655,,,,,,sub002_saurabh,001,2024-05-14_12h40.04.723,final_exp_1.2_v1_18012024,2023.2.3,60.01893001684973,2024-05-14 12h40.26.212928 +0530,
,,,,11,0,11,0,1276.637249799911,,,,,,,,,,,,,,,,,,,,,,1276.6052512000315,1276.637249799911,1276.9362629798707,,1277.8867926998064,,,,,,sub002_saurabh,001,2024-05-14_12h40.04.723,final_exp_1.2_v1_18012024,2023.2.3,60.01893001684973,2024-05-14 12h40.26.212928 +0530,
,,,,12,0,12,0,1277.9179842998274,,,,,,,,,,,,,,,,,,,,,,1277.8885193997994,1277.9179842998274,1278.2536619796883,1278.7638856996782,1279.170032599941,,,,,,sub002_saurabh,001,2024-05-14_12h40.04.723,final_exp_1.2_v1_18012024,2023.2.3,60.01893001684973,2024-05-14 12h40.26.212928 +0530,
,,,,13,0,13,0,1279.1963924998417,,,,,,,,,,,,,,,,,,,,,,1279.1718190000392,1279.1963924998417,1279.5529610796366,1280.0921570998617,1280.4533561998978,,,,,,sub002_saurabh,001,2024-05-14_12h40.04.723,final_exp_1.2_v1_18012024,2023.2.3,60.01893001684973,2024-05-14 12h40.26.212928 +0530,
,,,,14,0,14,0,1280.4779876000248,,,,,,,,,,,,,,,,,,,,,,1280.4550899998285,1280.4779876000248,1280.8362352799159,1281.3639218998142,1281.7366876997985,,,,,,sub002_saurabh,001,2024-05-14_12h40.04.723,final_exp_1.2_v1_18012024,2023.2.3,60.01893001684973,2024-05-14 12h40.26.212928 +0530,
,,,,15,0,15,0,1281.7561572999693,,,,,,,,,,,,,,,,,,,,,,1281.7383601996116,1281.7561572999693,1282.1029237799812,1282.6322582997382,1283.0200552996248,,,,,,sub002_saurabh,001,2024-05-14_12h40.04.723,final_exp_1.2_v1_18012024,2023.2.3,60.01893001684973,2024-05-14 12h40.26.212928 +0530,
,,,,16,0,16,0,1283.0362909999676,,,,,,,,,,,,,,,,,,,,,,1283.021827899851,1283.0362909999676,1283.3196388797369,1283.8623534999788,1284.3033841997385,,,,,,sub002_saurabh,001,2024-05-14_12h40.04.723,final_exp_1.2_v1_18012024,2023.2.3,60.01893001684973,2024-05-14 12h40.26.212928 +0530,
,,,,17,0,17,0,1284.3197887996212,,,,,,,,,,,,,,,,,,,,,,1284.3051029997878,1284.3197887996212,1284.7034157796297,1285.3121815999039,1285.5865859999321,,,,,,sub002_saurabh,001,2024-05-14_12h40.04.723,final_exp_1.2_v1_18012024,2023.2.3,60.01893001684973,2024-05-14 12h40.26.212928 +0530,
,,,,18,0,18,0,1285.603582999669,,,,,,,,,,,,,,,,,,,,,,1285.5883243000135,1285.603582999669,1285.9700614798348,1286.5340523999184,1286.869979699608,,,,,,sub002_saurabh,001,2024-05-14_12h40.04.723,final_exp_1.2_v1_18012024,2023.2.3,60.01893001684973,2024-05-14 12h40.26.212928 +0530,
,,,,19,0,19,0,1286.9172123000026,,,,,,,,,,,,,,,,,,,,,,1286.871662599966,1286.9172123000026,1287.2362954795826,1287.7914431998506,1288.1535004996695,,,,,,sub002_saurabh,001,2024-05-14_12h40.04.723,final_exp_1.2_v1_18012024,2023.2.3,60.01893001684973,2024-05-14 12h40.26.212928 +0530,
,,,,20,0,20,0,1288.1962709999643,,,,,,,,,,,,,,,,,,,,,,1288.155267199967,1288.1962709999643,1288.4861607796047,,1289.4383017998189,,,,,,sub002_saurabh,001,2024-05-14_12h40.04.723,final_exp_1.2_v1_18012024,2023.2.3,60.01893001684973,2024-05-14 12h40.26.212928 +0530,
,,,,21,0,21,0,1289.4770458997227,,,,,,,,,,,,,,,,,,,,,,1289.440059399698,1289.4770458997227,1289.7529574797954,1290.3121143998578,1290.7367377998307,,,,,,sub002_saurabh,001,2024-05-14_12h40.04.723,final_exp_1.2_v1_18012024,2023.2.3,60.01893001684973,2024-05-14 12h40.26.212928 +0530,
,,,,22,0,22,0,1290.7571756998077,,,,,,,,,,,,,,,,,,,,,,1290.7384035997093,1290.7571756998077,1291.1030805797782,1291.6448231996037,1292.020024899859,,,,,,sub002_saurabh,001,2024-05-14_12h40.04.723,final_exp_1.2_v1_18012024,2023.2.3,60.01893001684973,2024-05-14 12h40.26.212928 +0530,
,,,,23,0,23,0,1292.0383468000218,,,,,,,,,,,,,,,,,,,,,,1292.0217858999968,1292.0383468000218,1292.3529566798825,,1293.3033626996912,,,,,,sub002_saurabh,001,2024-05-14_12h40.04.723,final_exp_1.2_v1_18012024,2023.2.3,60.01893001684973,2024-05-14 12h40.26.212928 +0530,
,,,,24,0,24,0,1293.3202979997732,,,,,,,,,,,,,,,,,,,,,,1293.3051172997802,1293.3202979997732,1293.636413279688,1294.1915102000348,1294.5866886996664,,,,,,sub002_saurabh,001,2024-05-14_12h40.04.723,final_exp_1.2_v1_18012024,2023.2.3,60.01893001684973,2024-05-14 12h40.26.212928 +0530,
,,,,25,0,25,0,1294.603638799861,,,,,,,,,,,,,,,,,,,,,,1294.5884838998318,1294.603638799861,1294.9530382796656,1295.4620880996808,1295.8699754998088,,,,,,sub002_saurabh,001,2024-05-14_12h40.04.723,final_exp_1.2_v1_18012024,2023.2.3,60.01893001684973,2024-05-14 12h40.26.212928 +0530,
,,,,26,0,26,0,1295.917345599737,,,,,,,,,,,,,,,,,,,,,,1295.8717115996405,1295.917345599737,1296.2536463800352,1296.782143399585,1297.1536917998455,,,,,,sub002_saurabh,001,2024-05-14_12h40.04.723,final_exp_1.2_v1_18012024,2023.2.3,60.01893001684973,2024-05-14 12h40.26.212928 +0530,
,,,,27,0,27,0,1297.1959332996048,,,,,,,,,,,,,,,,,,,,,,1297.1555507997982,1297.1959332996048,1297.5530339798424,,1298.4379084999673,,,,,,sub002_saurabh,001,2024-05-14_12h40.04.723,final_exp_1.2_v1_18012024,2023.2.3,60.01893001684973,2024-05-14 12h40.26.212928 +0530,
,,,,28,0,28,0,1298.477715399582,,,,,,,,,,,,,,,,,,,,,,1298.4396134996787,1298.477715399582,1298.76994937961,,1299.7210764000192,,,,,,sub002_saurabh,001,2024-05-14_12h40.04.723,final_exp_1.2_v1_18012024,2023.2.3,60.01893001684973,2024-05-14 12h40.26.212928 +0530,
,,,,29,0,29,0,1299.758007899858,,,,,,,,,,,,,,,,,,,,,,1299.7228901996277,1299.758007899858,1300.1031658796128,1300.6711635999382,1301.0200940999202,,,,,,sub002_saurabh,001,2024-05-14_12h40.04.723,final_exp_1.2_v1_18012024,2023.2.3,60.01893001684973,2024-05-14 12h40.26.212928 +0530,
,,,,30,0,30,0,1301.037852899637,,,,,,,,,,,,,,,,,,,,,,1301.0218536998145,1301.037852899637,1301.419762179954,,1302.303386399988,,,,,,sub002_saurabh,001,2024-05-14_12h40.04.723,final_exp_1.2_v1_18012024,2023.2.3,60.01893001684973,2024-05-14 12h40.26.212928 +0530,
,,,,31,0,31,0,1302.3202835996635,,,,,,,,,,,,,,,,,,,,,,1302.3050997997634,1302.3202835996635,1302.7032178796362,,1303.5867555998266,,,,,,sub002_saurabh,001,2024-05-14_12h40.04.723,final_exp_1.2_v1_18012024,2023.2.3,60.01893001684973,2024-05-14 12h40.26.212928 +0530,
,,,,32,0,32,0,1303.603686799761,,,,,,,,,,,,,,,,,,,,,,1303.588494299911,1303.603686799761,1303.9364931799937,1304.4923237999901,1304.8700683997013,,,,,,sub002_saurabh,001,2024-05-14_12h40.04.723,final_exp_1.2_v1_18012024,2023.2.3,60.01893001684973,2024-05-14 12h40.26.212928 +0530,
,,,,33,0,33,0,1304.9177219998091,,,,,,,,,,,,,,,,,,,,,,1304.8717572996393,1304.9177219998091,1305.2031175799202,1305.7124033998698,1306.1546002998948,,,,,,sub002_saurabh,001,2024-05-14_12h40.04.723,final_exp_1.2_v1_18012024,2023.2.3,60.01893001684973,2024-05-14 12h40.26.212928 +0530,
,,,,34,0,34,0,1306.1962346998043,,,,,,,,,,,,,,,,,,,,,,1306.1562826000154,1306.1962346998043,1306.5364827800076,,1307.4535360997543,,,,,,sub002_saurabh,001,2024-05-14_12h40.04.723,final_exp_1.2_v1_18012024,2023.2.3,60.01893001684973,2024-05-14 12h40.26.212928 +0530,
,,,,35,0,35,0,1307.4772230000235,,,,,,,,,,,,,,,,,,,,,,1307.4552274998277,1307.4772230000235,1307.7704011800233,1308.292404699605,1308.7381907999516,,,,,,sub002_saurabh,001,2024-05-14_12h40.04.723,final_exp_1.2_v1_18012024,2023.2.3,60.01893001684973,2024-05-14 12h40.26.212928 +0530,
,,,,36,0,36,0,1308.7566525996663,,,,,,,,,,,,,,,,,,,,,,1308.7399533996359,1308.7566525996663,1309.069761479972,1309.6323666996323,1310.0377855999395,,,,,,sub002_saurabh,001,2024-05-14_12h40.04.723,final_exp_1.2_v1_18012024,2023.2.3,60.01893001684973,2024-05-14 12h40.26.212928 +0530,
,,,,37,0,37,0,1310.0778508000076,,,,,,,,,,,,,,,,,,,,,,1310.0394202996977,1310.0778508000076,1310.3697977799457,1310.8924636999145,1311.3368510999717,,,,,,sub002_saurabh,001,2024-05-14_12h40.04.723,final_exp_1.2_v1_18012024,2023.2.3,60.01893001684973,2024-05-14 12h40.26.212928 +0530,
,,,,38,0,38,0,1311.3570073000155,,,,,,,,,,,,,,,,,,,,,,1311.3385954997502,1311.3570073000155,1311.686374179786,,1312.6201704000123,,,,,,sub002_saurabh,001,2024-05-14_12h40.04.723,final_exp_1.2_v1_18012024,2023.2.3,60.01893001684973,2024-05-14 12h40.26.212928 +0530,
,,,,39,0,39,0,1312.637435999699,,,,,,,,,,,,,,,,,,,,,,1312.621857299935,1312.637435999699,1313.0199209798593,,1313.9034508997574,,,,,,sub002_saurabh,001,2024-05-14_12h40.04.723,final_exp_1.2_v1_18012024,2023.2.3,60.01893001684973,2024-05-14 12h40.26.212928 +0530,
,,,,40,0,40,0,1313.919984200038,,,,,,,,,,,,,,,,,,,,,,1313.9051757999696,1313.919984200038,1314.2031008799095,1314.7645274996758,1315.1867402000353,,,,,,sub002_saurabh,001,2024-05-14_12h40.04.723,final_exp_1.2_v1_18012024,2023.2.3,60.01893001684973,2024-05-14 12h40.26.212928 +0530,
,,,,41,0,41,0,1315.2036815998144,,,,,,,,,,,,,,,,,,,,,,1315.1884588999674,1315.2036815998144,1315.5865147795994,1316.0931245000102,1316.4700253996998,,,,,,sub002_saurabh,001,2024-05-14_12h40.04.723,final_exp_1.2_v1_18012024,2023.2.3,60.01893001684973,2024-05-14 12h40.26.212928 +0530,
,,,,42,0,42,0,1316.4870370998979,,,,,,,,,,,,,,,,,,,,,,1316.4717385997064,1316.4870370998979,1316.8364626800176,1317.3423245996237,1317.754267099779,,,,,,sub002_saurabh,001,2024-05-14_12h40.04.723,final_exp_1.2_v1_18012024,2023.2.3,60.01893001684973,2024-05-14 12h40.26.212928 +0530,
,,,,43,0,43,0,1317.7965106996708,,,,,,,,,,,,,,,,,,,,,,1317.7560063996352,1317.7965106996708,1318.136585879838,1318.703197799623,1319.0372154000215,,,,,,sub002_saurabh,001,2024-05-14_12h40.04.723,final_exp_1.2_v1_18012024,2023.2.3,60.01893001684973,2024-05-14 12h40.26.212928 +0530,
,,,,44,0,44,0,1319.076360499952,,,,,,,,,,,,,,,,,,,,,,1319.0389180998318,1319.076360499952,1319.4198614798952,1319.964210699778,1320.3204023996368,,,,,,sub002_saurabh,001,2024-05-14_12h40.04.723,final_exp_1.2_v1_18012024,2023.2.3,60.01893001684973,2024-05-14 12h40.26.212928 +0530,
,,,,45,0,45,0,1320.357454000041,,,,,,,,,,,,,,,,,,,,,,1320.3221384999342,1320.357454000041,1320.6865036797244,1321.2323958999477,1321.6037351000123,,,,,,sub002_saurabh,001,2024-05-14_12h40.04.723,final_exp_1.2_v1_18012024,2023.2.3,60.01893001684973,2024-05-14 12h40.26.212928 +0530,
,,,,46,0,46,0,1321.636412399821,,,,,,,,,,,,,,,,,,,,,,1321.6054859999567,1321.636412399821,1322.0031191797461,1322.5430255997926,1322.8871391997673,,,,,,sub002_saurabh,001,2024-05-14_12h40.04.723,final_exp_1.2_v1_18012024,2023.2.3,60.01893001684973,2024-05-14 12h40.26.212928 +0530,
,,,,47,0,47,0,1322.917293400038,,,,,,,,,,,,,,,,,,,,,,1322.8888483997434,1322.917293400038,1323.2863722799812,,1324.1703169997782,,,,,,sub002_saurabh,001,2024-05-14_12h40.04.723,final_exp_1.2_v1_18012024,2023.2.3,60.01893001684973,2024-05-14 12h40.26.212928 +0530,
,,,,48,0,48,0,1324.197139499709,,,,,,,,,,,,,,,,,,,,,,1324.172090199776,1324.197139499709,1324.5198368800338,1325.1345572997816,1325.453679499682,,,,,,sub002_saurabh,001,2024-05-14_12h40.04.723,final_exp_1.2_v1_18012024,2023.2.3,60.01893001684973,2024-05-14 12h40.26.212928 +0530,
,,,,49,0,49,0,1325.4772705999203,,,,,,,,,,,,,,,,,,,,,,1325.455416099634,1325.4772705999203,1325.7865999799687,1326.3341683000326,1326.736965699587,,,,,,sub002_saurabh,001,2024-05-14_12h40.04.723,final_exp_1.2_v1_18012024,2023.2.3,60.01893001684973,2024-05-14 12h40.26.212928 +0530,
,,,,50,0,50,0,1326.7572258999571,,,,,,,,,,,,,,,,,,,,,,1326.7386925998144,1326.7572258999571,1327.1197881798726,,1328.020303600002,,,,,,sub002_saurabh,001,2024-05-14_12h40.04.723,final_exp_1.2_v1_18012024,2023.2.3,60.01893001684973,2024-05-14 12h40.26.212928 +0530,
,,,,51,0,51,0,1328.036371999886,,,,,,,,,,,,,,,,,,,,,,1328.0219769999385,1328.036371999886,1328.420008279616,1328.9339143997058,1329.3036350999027,,,,,,sub002_saurabh,001,2024-05-14_12h40.04.723,final_exp_1.2_v1_18012024,2023.2.3,60.01893001684973,2024-05-14 12h40.26.212928 +0530,
,,,,52,0,52,0,1329.3200306999497,,,,,,,,,,,,,,,,,,,,,,1329.3053432996385,1329.3200306999497,1329.6030861798208,1330.1642668996938,1330.5869460999966,,,,,,sub002_saurabh,001,2024-05-14_12h40.04.723,final_exp_1.2_v1_18012024,2023.2.3,60.01893001684973,2024-05-14 12h40.26.212928 +0530,
,,,,53,0,53,0,1330.603873099666,,,,,,,,,,,,,,,,,,,,,,1330.58870069962,1330.603873099666,1330.920052279951,1331.484108499717,1331.8702912996523,,,,,,sub002_saurabh,001,2024-05-14_12h40.04.723,final_exp_1.2_v1_18012024,2023.2.3,60.01893001684973,2024-05-14 12h40.26.212928 +0530,
,,,,54,0,54,0,1331.9160105995834,,,,,,,,,,,,,,,,,,,,,,1331.8719581998885,1331.9160105995834,1332.2199719797354,1332.7823358997703,1333.1542093995959,,,,,,sub002_saurabh,001,2024-05-14_12h40.04.723,final_exp_1.2_v1_18012024,2023.2.3,60.01893001684973,2024-05-14 12h40.26.212928 +0530,
,,,,55,0,55,0,1333.1961503997445,,,,,,,,,,,,,,,,,,,,,,1333.1559745999984,1333.1961503997445,1333.5366785798687,1334.1033272999339,1334.437502299901,,,,,,sub002_saurabh,001,2024-05-14_12h40.04.723,final_exp_1.2_v1_18012024,2023.2.3,60.01893001684973,2024-05-14 12h40.26.212928 +0530,
,,,,56,0,56,0,1334.4776336997747,,,,,,,,,,,,,,,,,,,,,,1334.4392096996307,1334.4776336997747,1334.8200628797058,,1335.7204560996033,,,,,,sub002_saurabh,001,2024-05-14_12h40.04.723,final_exp_1.2_v1_18012024,2023.2.3,60.01893001684973,2024-05-14 12h40.26.212928 +0530,
,,,,57,0,57,0,1335.7572413999587,,,,,,,,,,,,,,,,,,,,,,1335.7222164999694,1335.7572413999587,1336.069906879915,1336.68406530004,1337.0043067997321,,,,,,sub002_saurabh,001,2024-05-14_12h40.04.723,final_exp_1.2_v1_18012024,2023.2.3,60.01893001684973,2024-05-14 12h40.26.212928 +0530,
,,,,58,0,58,0,1337.0374785000458,,,,,,,,,,,,,,,,,,,,,,1337.0060111000203,1337.0374785000458,1337.3865984797012,,1338.287177699618,,,,,,sub002_saurabh,001,2024-05-14_12h40.04.723,final_exp_1.2_v1_18012024,2023.2.3,60.01893001684973,2024-05-14 12h40.26.212928 +0530,
,,,,59,0,59,0,1338.3172493996099,,,,,,,,,,,,,,,,,,,,,,1338.2888915999793,1338.3172493996099,1338.6201154796872,1339.1643339996226,1339.570479299873,,,,,,sub002_saurabh,001,2024-05-14_12h40.04.723,final_exp_1.2_v1_18012024,2023.2.3,60.01893001684973,2024-05-14 12h40.26.212928 +0530,
,,,,60,0,60,0,1339.5963226999156,,,,,,,,,,,,,,,,,,,,,,1339.5722175999545,1339.5963226999156,1339.970494379988,1340.512512799818,1340.853752899915,,,,,,sub002_saurabh,001,2024-05-14_12h40.04.723,final_exp_1.2_v1_18012024,2023.2.3,60.01893001684973,2024-05-14 12h40.26.212928 +0530,
,,,,61,0,61,0,1340.878018999938,,,,,,,,,,,,,,,,,,,,,,1340.8554565999657,1340.878018999938,1341.1712000796106,,1342.1370253995992,,,,,,sub002_saurabh,001,2024-05-14_12h40.04.723,final_exp_1.2_v1_18012024,2023.2.3,60.01893001684973,2024-05-14 12h40.26.212928 +0530,
,,,,62,0,62,0,1342.1561432997696,,,,,,,,,,,,,,,,,,,,,,1342.1386854997836,1342.1561432997696,1342.4540054800455,,1343.4203753997572,,,,,,sub002_saurabh,001,2024-05-14_12h40.04.723,final_exp_1.2_v1_18012024,2023.2.3,60.01893001684973,2024-05-14 12h40.26.212928 +0530,
,,,,63,0,63,0,1343.4378314996138,,,,,,,,,,,,,,,,,,,,,,1343.4221087996848,1343.4378314996138,1343.8199916796293,,1344.703829200007,,,,,,sub002_saurabh,001,2024-05-14_12h40.04.723,final_exp_1.2_v1_18012024,2023.2.3,60.01893001684973,2024-05-14 12h40.26.212928 +0530,
,,,,64,0,64,0,1344.7201838996261,,,,,,,,,,,,,,,,,,,,,,1344.7055949997157,1344.7201838996261,1345.0033148799557,1345.6132555999793,1345.9871221999638,,,,,,sub002_saurabh,001,2024-05-14_12h40.04.723,final_exp_1.2_v1_18012024,2023.2.3,60.01893001684973,2024-05-14 12h40.26.212928 +0530,
,,,,65,0,65,0,1346.0039224997163,,,,,,,,,,,,,,,,,,,,,,1345.98880729964,1346.0039224997163,1346.3704355799127,1346.9343367996626,1347.270408099983,,,,,,sub002_saurabh,001,2024-05-14_12h40.04.723,final_exp_1.2_v1_18012024,2023.2.3,60.01893001684973,2024-05-14 12h40.26.212928 +0530,
,,,,66,0,66,0,1347.316872399766,,,,,,,,,,,,,,,,,,,,,,1347.2721510999836,1347.316872399766,1347.586601380026,1348.1425766996108,1348.5544104999863,,,,,,sub002_saurabh,001,2024-05-14_12h40.04.723,final_exp_1.2_v1_18012024,2023.2.3,60.01893001684973,2024-05-14 12h40.26.212928 +0530,
,,,,67,0,67,0,1348.5984217999503,,,,,,,,,,,,,,,,,,,,,,1348.5561592997983,1348.5984217999503,1348.920008679619,1349.4626427995972,1349.8373082997277,,,,,,sub002_saurabh,001,2024-05-14_12h40.04.723,final_exp_1.2_v1_18012024,2023.2.3,60.01893001684973,2024-05-14 12h40.26.212928 +0530,
,,,,68,0,68,0,1349.877455999609,,,,,,,,,,,,,,,,,,,,,,1349.839016799815,1349.877455999609,1350.1533667796757,1350.6626636995934,1351.1208559996448,,,,,,sub002_saurabh,001,2024-05-14_12h40.04.723,final_exp_1.2_v1_18012024,2023.2.3,60.01893001684973,2024-05-14 12h40.26.212928 +0530,
,,,,69,0,69,0,1351.1566360997967,,,,,,,,,,,,,,,,,,,,,,1351.1226055999286,1351.1566360997967,1351.4536603798624,1352.0134622999467,1352.4038823000155,,,,,,sub002_saurabh,001,2024-05-14_12h40.04.723,final_exp_1.2_v1_18012024,2023.2.3,60.01893001684973,2024-05-14 12h40.26.212928 +0530,
,,,,70,0,70,0,1352.4367868998088,,,,,,,,,,,,,,,,,,,,,,1352.4056447995827,1352.4367868998088,1352.786757279886,1353.3918945998885,1353.6872788998298,,,,,,sub002_saurabh,001,2024-05-14_12h40.04.723,final_exp_1.2_v1_18012024,2023.2.3,60.01893001684973,2024-05-14 12h40.26.212928 +0530,
,,,,71,0,71,0,1353.7180256997235,,,,,,,,,,,,,,,,,,,,,,1353.6889918996021,1353.7180256997235,1354.0033453798387,1354.572387199849,1354.9705745996907,,,,,,sub002_saurabh,001,2024-05-14_12h40.04.723,final_exp_1.2_v1_18012024,2023.2.3,60.01893001684973,2024-05-14 12h40.26.212928 +0530,
,,,,72,0,72,0,1354.9969951999374,,,,,,,,,,,,,,,,,,,,,,1354.9723179996945,1354.9969951999374,1355.320079779951,1355.8324617999606,1356.253840699792,,,,,,sub002_saurabh,001,2024-05-14_12h40.04.723,final_exp_1.2_v1_18012024,2023.2.3,60.01893001684973,2024-05-14 12h40.26.212928 +0530,
,,,,73,0,73,0,1356.277489,,,,,,,,,,,,,,,,,,,,,,1356.2555313999765,1356.277489,1356.603357579792,1357.112543999683,1357.5372188999318,,,,,,sub002_saurabh,001,2024-05-14_12h40.04.723,final_exp_1.2_v1_18012024,2023.2.3,60.01893001684973,2024-05-14 12h40.26.212928 +0530,
,,,,74,0,74,0,1357.5574343996122,,,,,,,,,,,,,,,,,,,,,,1357.5389155996963,1357.5574343996122,1357.9034767800476,1358.4132539997809,1358.820614399854,,,,,,sub002_saurabh,001,2024-05-14_12h40.04.723,final_exp_1.2_v1_18012024,2023.2.3,60.01893001684973,2024-05-14 12h40.26.212928 +0530,
,,,,75,0,75,0,1358.837938199751,,,,,,,,,,,,,,,,,,,,,,1358.8223549998365,1358.837938199751,1359.153419579612,1359.7426433996297,1360.1045424998738,,,,,,sub002_saurabh,001,2024-05-14_12h40.04.723,final_exp_1.2_v1_18012024,2023.2.3,60.01893001684973,2024-05-14 12h40.26.212928 +0530,
,,,,76,0,76,0,1360.1206009997986,,,,,,,,,,,,,,,,,,,,,,1360.10627009999,1360.1206009997986,1360.4367853796575,1360.9641162999906,1361.5331182996742,1361.579035199713,,,,,sub002_saurabh,001,2024-05-14_12h40.04.723,final_exp_1.2_v1_18012024,2023.2.3,60.01893001684973,2024-05-14 12h40.26.212928 +0530,
,,,,77,0,77,0,1361.579035199713,,,,,,,,,,,,,,,,,,,,,,1361.5348286996596,1361.579035199713,1361.920139279915,1362.4833828997798,1362.8205769998021,,,,,,sub002_saurabh,001,2024-05-14_12h40.04.723,final_exp_1.2_v1_18012024,2023.2.3,60.01893001684973,2024-05-14 12h40.26.212928 +0530,
,,,,78,0,78,0,1362.8584942999296,,,,,,,,,,,,,,,,,,,,,,1362.8223513998091,1362.8584942999296,1363.170112479711,1363.6925764000043,1364.1039681998082,,,,,,sub002_saurabh,001,2024-05-14_12h40.04.723,final_exp_1.2_v1_18012024,2023.2.3,60.01893001684973,2024-05-14 12h40.26.212928 +0530,
,,,,79,0,79,0,1364.1429104995914,,,,,,,,,,,,,,,,,,,,,,1364.1056622997858,1364.1429104995914,1364.4867699795868,,1365.3872216995806,,,,,,sub002_saurabh,001,2024-05-14_12h40.04.723,final_exp_1.2_v1_18012024,2023.2.3,60.01893001684973,2024-05-14 12h40.26.212928 +0530,
,,,,80,0,80,0,1365.4191438998096,,,,,,,,,,,,,,,,,,,,,,1365.3889611000195,1365.4191438998096,1365.6872869797517,1366.2131637996063,1366.6705300998874,,,,,,sub002_saurabh,001,2024-05-14_12h40.04.723,final_exp_1.2_v1_18012024,2023.2.3,60.01893001684973,2024-05-14 12h40.26.212928 +0530,
,,,,81,0,81,0,1366.6984492996708,,,,,,,,,,,,,,,,,,,,,,1366.6722581996582,1366.6984492996708,1367.0202213798184,,1367.9542992999777,,,,,,sub002_saurabh,001,2024-05-14_12h40.04.723,final_exp_1.2_v1_18012024,2023.2.3,60.01893001684973,2024-05-14 12h40.26.212928 +0530,
,,,,82,0,82,0,1367.9788853996433,,,,,,,,,,,,,,,,,,,,,,1367.9559970996343,1367.9788853996433,1368.2540576800238,1368.814027799759,1369.2377525996417,,,,,,sub002_saurabh,001,2024-05-14_12h40.04.723,final_exp_1.2_v1_18012024,2023.2.3,60.01893001684973,2024-05-14 12h40.26.212928 +0530,
,,,,83,0,83,0,1369.2591057997197,,,,,,,,,,,,,,,,,,,,,,1369.239469499793,1369.2591057997197,1369.6205299797002,,1370.5206754999235,,,,,,sub002_saurabh,001,2024-05-14_12h40.04.723,final_exp_1.2_v1_18012024,2023.2.3,60.01893001684973,2024-05-14 12h40.26.212928 +0530,
,,,,84,0,84,0,1370.5384722999297,,,,,,,,,,,,,,,,,,,,,,1370.522418399807,1370.5384722999297,1370.836731779622,1371.392788599711,1371.8039928996004,,,,,,sub002_saurabh,001,2024-05-14_12h40.04.723,final_exp_1.2_v1_18012024,2023.2.3,60.01893001684973,2024-05-14 12h40.26.212928 +0530,
,,,,85,0,85,0,1371.82032469986,,,,,,,,,,,,,,,,,,,,,,1371.8057660995983,1371.82032469986,1372.1369087796193,1372.6441953997128,1373.087616899982,,,,,,sub002_saurabh,001,2024-05-14_12h40.04.723,final_exp_1.2_v1_18012024,2023.2.3,60.01893001684973,2024-05-14 12h40.26.212928 +0530,
,,,,86,0,86,0,1373.1040759999305,,,,,,,,,,,,,,,,,,,,,,1373.0893554999493,1373.1040759999305,1373.4201805798803,1373.9833318996243,1374.3705577999353,,,,,,sub002_saurabh,001,2024-05-14_12h40.04.723,final_exp_1.2_v1_18012024,2023.2.3,60.01893001684973,2024-05-14 12h40.26.212928 +0530,
,,,,87,0,87,0,1374.387281799689,,,,,,,,,,,,,,,,,,,,,,1374.3722951998934,1374.387281799689,1374.7535453799646,1375.2635280997492,1375.6543054999784,,,,,,sub002_saurabh,001,2024-05-14_12h40.04.723,final_exp_1.2_v1_18012024,2023.2.3,60.01893001684973,2024-05-14 12h40.26.212928 +0530,
,,,,88,0,88,0,1375.698306299746,,,,,,,,,,,,,,,,,,,,,,1375.6560122999363,1375.698306299746,1376.0368688798044,1376.6335042999126,1376.9372466998175,,,,,,sub002_saurabh,001,2024-05-14_12h40.04.723,final_exp_1.2_v1_18012024,2023.2.3,60.01893001684973,2024-05-14 12h40.26.212928 +0530,
,,,,89,0,89,0,1376.9783431999385,,,,,,,,,,,,,,,,,,,,,,1376.9389772997238,1376.9783431999385,1377.270035379799,1377.8136020996608,1378.2206771997735,,,,,,sub002_saurabh,001,2024-05-14_12h40.04.723,final_exp_1.2_v1_18012024,2023.2.3,60.01893001684973,2024-05-14 12h40.26.212928 +0530,
,,,,90,0,90,0,1378.2584736999124,,,,,,,,,,,,,,,,,,,,,,1378.2224363000132,1378.2584736999124,1378.603530479828,1379.1434565000236,1379.5040377997793,,,,,,sub002_saurabh,001,2024-05-14_12h40.04.723,final_exp_1.2_v1_18012024,2023.2.3,60.01893001684973,2024-05-14 12h40.26.212928 +0530,
,,,,91,0,91,0,1379.5380485998467,,,,,,,,,,,,,,,,,,,,,,1379.5057882997207,1379.5380485998467,1379.9035556798335,1380.4435213999823,1380.7873050998896,,,,,,sub002_saurabh,001,2024-05-14_12h40.04.723,final_exp_1.2_v1_18012024,2023.2.3,60.01893001684973,2024-05-14 12h40.26.212928 +0530,
,,,,92,0,92,0,1380.8198390998878,,,,,,,,,,,,,,,,,,,,,,1380.789047899656,1380.8198390998878,1381.1368903799448,1381.6434120996855,1382.0705443997867,,,,,,sub002_saurabh,001,2024-05-14_12h40.04.723,final_exp_1.2_v1_18012024,2023.2.3,60.01893001684973,2024-05-14 12h40.26.212928 +0530,
,,,,93,0,93,0,1382.0984526998363,,,,,,,,,,,,,,,,,,,,,,1382.0722097996622,1382.0984526998363,1382.4035866798367,,1383.3540261997841,,,,,,sub002_saurabh,001,2024-05-14_12h40.04.723,final_exp_1.2_v1_18012024,2023.2.3,60.01893001684973,2024-05-14 12h40.26.212928 +0530,
,,,,94,0,94,0,1383.3775512999855,,,,,,,,,,,,,,,,,,,,,,1383.35581049975,1383.3775512999855,1383.6868616796564,,1384.6377654997632,,,,,,sub002_saurabh,001,2024-05-14_12h40.04.723,final_exp_1.2_v1_18012024,2023.2.3,60.01893001684973,2024-05-14 12h40.26.212928 +0530,
,,,,95,0,95,0,1384.6590460999869,,,,,,,,,,,,,,,,,,,,,,1384.6394337997772,1384.6590460999869,1384.9701155798975,1385.483710799832,1385.9211218999699,,,,,,sub002_saurabh,001,2024-05-14_12h40.04.723,final_exp_1.2_v1_18012024,2023.2.3,60.01893001684973,2024-05-14 12h40.26.212928 +0530,
,,,,96,0,96,0,1385.938276199624,,,,,,,,,,,,,,,,,,,,,,1385.9228548998944,1385.938276199624,1386.3202093800064,1386.8335222997703,1387.2041674996726,,,,,,sub002_saurabh,001,2024-05-14_12h40.04.723,final_exp_1.2_v1_18012024,2023.2.3,60.01893001684973,2024-05-14 12h40.26.212928 +0530,
,,,,97,0,97,0,1387.2207824997604,,,,,,,,,,,,,,,,,,,,,,1387.2059043999761,1387.2207824997604,1387.5868827796075,1388.092759899795,1388.487417599652,,,,,,sub002_saurabh,001,2024-05-14_12h40.04.723,final_exp_1.2_v1_18012024,2023.2.3,60.01893001684973,2024-05-14 12h40.26.212928 +0530,
,,,,98,0,98,0,1388.5040195998736,,,,,,,,,,,,,,,,,,,,,,1388.4891513995826,1388.5040195998736,1388.8206069797743,,1389.770626399666,,,,,,sub002_saurabh,001,2024-05-14_12h40.04.723,final_exp_1.2_v1_18012024,2023.2.3,60.01893001684973,2024-05-14 12h40.26.212928 +0530,
,,,,99,0,99,0,1389.7874348997138,,,,,,,,,,,,,,,,,,,,,,1389.7723648999818,1389.7874348997138,1390.1039856800344,1390.613639799878,1391.054361099843,,,,,,sub002_saurabh,001,2024-05-14_12h40.04.723,final_exp_1.2_v1_18012024,2023.2.3,60.01893001684973,2024-05-14 12h40.26.212928 +0530,
,,,,100,0,100,0,1391.0988457999192,,,,,,,,,,,,,,,,,,,,,,1391.0561297000386,1391.0988457999192,1391.3701606800314,1391.8836535997689,1392.3373535997234,,,,,,sub002_saurabh,001,2024-05-14_12h40.04.723,final_exp_1.2_v1_18012024,2023.2.3,60.01893001684973,2024-05-14 12h40.26.212928 +0530,
,,,,101,0,101,0,1392.3787523997016,,,,,,,,,,,,,,,,,,,,,,1392.3390595000237,1392.3787523997016,1392.6869425799232,1393.2635087999515,1393.6207248000428,,,,,,sub002_saurabh,001,2024-05-14_12h40.04.723,final_exp_1.2_v1_18012024,2023.2.3,60.01893001684973,2024-05-14 12h40.26.212928 +0530,
,,,,102,0,102,0,1393.6583477999084,,,,,,,,,,,,,,,,,,,,,,1393.6223877999,1393.6583477999084,1394.0035716795828,1394.5137192998081,1394.9041531998664,,,,,,sub002_saurabh,001,2024-05-14_12h40.04.723,final_exp_1.2_v1_18012024,2023.2.3,60.01893001684973,2024-05-14 12h40.26.212928 +0530,
,,,,103,0,103,0,1394.9386275997385,,,,,,,,,,,,,,,,,,,,,,1394.905879299622,1394.9386275997385,1395.30363027961,1395.8135692998767,1396.187484999653,,,,,,sub002_saurabh,001,2024-05-14_12h40.04.723,final_exp_1.2_v1_18012024,2023.2.3,60.01893001684973,2024-05-14 12h40.26.212928 +0530,
,,,,104,0,104,0,1396.21833589999,,,,,,,,,,,,,,,,,,,,,,1396.1892140000127,1396.21833589999,1396.5702919799369,,1397.471413999796,,,,,,sub002_saurabh,001,2024-05-14_12h40.04.723,final_exp_1.2_v1_18012024,2023.2.3,60.01893001684973,2024-05-14 12h40.26.212928 +0530,
,,,,105,0,105,0,1397.498912499752,,,,,,,,,,,,,,,,,,,,,,1397.4732056995854,1397.498912499752,1397.787036279915,1398.3337686997838,1398.7708614999428,,,,,,sub002_saurabh,001,2024-05-14_12h40.04.723,final_exp_1.2_v1_18012024,2023.2.3,60.01893001684973,2024-05-14 12h40.26.212928 +0530,
,,,,106,0,106,0,1398.7875011996366,,,,,,,,,,,,,,,,,,,,,,1398.7725722999312,1398.7875011996366,1399.170268179616,1399.7411702997051,1400.0539396000095,,,,,,sub002_saurabh,001,2024-05-14_12h40.04.723,final_exp_1.2_v1_18012024,2023.2.3,60.01893001684973,2024-05-14 12h40.26.212928 +0530,
,,,,107,0,107,0,1400.0995478997938,,,,,,,,,,,,,,,,,,,,,,1400.055693499744,1400.0995478997938,1400.387036979897,1400.9537949999794,1401.3374932999723,,,,,,sub002_saurabh,001,2024-05-14_12h40.04.723,final_exp_1.2_v1_18012024,2023.2.3,60.01893001684973,2024-05-14 12h40.26.212928 +0530,
,,,,108,0,108,0,1401.378505199682,,,,,,,,,,,,,,,,,,,,,,1401.33921179967,1401.378505199682,1401.670321780024,,1402.6207550996915,,,,,,sub002_saurabh,001,2024-05-14_12h40.04.723,final_exp_1.2_v1_18012024,2023.2.3,60.01893001684973,2024-05-14 12h40.26.212928 +0530,
,,,,109,0,109,0,1402.658932799939,,,,,,,,,,,,,,,,,,,,,,1402.622444699984,1402.658932799939,1402.9374044795986,1403.53404649999,1403.9041849998757,,,,,,sub002_saurabh,001,2024-05-14_12h40.04.723,final_exp_1.2_v1_18012024,2023.2.3,60.01893001684973,2024-05-14 12h40.26.212928 +0530,
,,,,110,0,110,0,1403.9386305999942,,,,,,,,,,,,,,,,,,,,,,1403.905888099689,1403.9386305999942,1404.2538888796698,1404.7928606998175,1405.1873875996098,,,,,,sub002_saurabh,001,2024-05-14_12h40.04.723,final_exp_1.2_v1_18012024,2023.2.3,60.01893001684973,2024-05-14 12h40.26.212928 +0530,
,,,,111,0,111,0,1405.2180538997054,,,,,,,,,,,,,,,,,,,,,,1405.1890781996772,1405.2180538997054,1405.5376959799323,1406.0434057000093,1406.470780799631,,,,,,sub002_saurabh,001,2024-05-14_12h40.04.723,final_exp_1.2_v1_18012024,2023.2.3,60.01893001684973,2024-05-14 12h40.26.212928 +0530,
,,,,112,0,112,0,1406.498051899951,,,,,,,,,,,,,,,,,,,,,,1406.4724938999861,1406.498051899951,1406.8203544795979,1407.3636105000041,1407.75456209993,,,,,,sub002_saurabh,001,2024-05-14_12h40.04.723,final_exp_1.2_v1_18012024,2023.2.3,60.01893001684973,2024-05-14 12h40.26.212928 +0530,
,,,,113,0,113,0,1407.7776941997,,,,,,,,,,,,,,,,,,,,,,1407.7563663995825,1407.7776941997,1408.1370040799957,,1409.0375865995884,,,,,,sub002_saurabh,001,2024-05-14_12h40.04.723,final_exp_1.2_v1_18012024,2023.2.3,60.01893001684973,2024-05-14 12h40.26.212928 +0530,
,,,,114,0,114,0,1409.0586897996254,,,,,,,,,,,,,,,,,,,,,,1409.0399861996993,1409.0586897996254,1409.3538130798843,1409.9137714998797,1410.320829199627,,,,,,sub002_saurabh,001,2024-05-14_12h40.04.723,final_exp_1.2_v1_18012024,2023.2.3,60.01893001684973,2024-05-14 12h40.26.212928 +0530,
,,,,115,0,115,0,1410.3390509998426,,,,,,,,,,,,,,,,,,,,,,1410.322544399649,1410.3390509998426,1410.720294679748,,1411.6046078996733,,,,,,sub002_saurabh,001,2024-05-14_12h40.04.723,final_exp_1.2_v1_18012024,2023.2.3,60.01893001684973,2024-05-14 12h40.26.212928 +0530,
,,,,116,0,116,0,1411.620837799739,,,,,,,,,,,,,,,,,,,,,,1411.60637579998,1411.620837799739,1411.9871076799463,1412.4927344997413,1412.8874426996335,,,,,,sub002_saurabh,001,2024-05-14_12h40.04.723,final_exp_1.2_v1_18012024,2023.2.3,60.01893001684973,2024-05-14 12h40.26.212928 +0530,
,,,,117,0,117,0,1412.9043741999194,,,,,,,,,,,,,,,,,,,,,,1412.889202799648,1412.9043741999194,1413.2205427798908,1413.7336319996975,1414.170798199717,,,,,,sub002_saurabh,001,2024-05-14_12h40.04.723,final_exp_1.2_v1_18012024,2023.2.3,60.01893001684973,2024-05-14 12h40.26.212928 +0530,
,,,,118,0,118,0,1414.1875767996535,,,,,,,,,,,,,,,,,,,,,,1414.1724719996564,1414.1875767996535,1414.5703871797305,,1415.454661999829,,,,,,sub002_saurabh,001,2024-05-14_12h40.04.723,final_exp_1.2_v1_18012024,2023.2.3,60.01893001684973,2024-05-14 12h40.26.212928 +0530,
,,,,119,0,119,0,1415.4984923996963,,,,,,,,,,,,,,,,,,,,,,1415.4564094999805,1415.4984923996963,1415.803775379667,1416.3636524998583,1416.7375166998245,,,,,,sub002_saurabh,001,2024-05-14_12h40.04.723,final_exp_1.2_v1_18012024,2023.2.3,60.01893001684973,2024-05-14 12h40.26.212928 +0530,
,,,,120,0,120,0,1416.77938469965,,,,,,,,,,,,,,,,,,,,,,1416.7398345996626,1416.77938469965,1417.0870943798218,1417.61384659959,1418.020864199847,,,,,,sub002_saurabh,001,2024-05-14_12h40.04.723,final_exp_1.2_v1_18012024,2023.2.3,60.01893001684973,2024-05-14 12h40.26.212928 +0530,
,,,,121,0,121,0,1418.058739,,,,,,,,,,,,,,,,,,,,,,1418.0226073996164,1418.058739,1418.3371589796152,1418.8923738999292,1419.3041768996045,,,,,,sub002_saurabh,001,2024-05-14_12h40.04.723,final_exp_1.2_v1_18012024,2023.2.3,60.01893001684973,2024-05-14 12h40.26.212928 +0530,
,,,,122,0,122,0,1419.3381154998206,,,,,,,,,,,,,,,,,,,,,,1419.3059183997102,1419.3381154998206,1419.6547538798768,,1420.5874866000377,,,,,,sub002_saurabh,001,2024-05-14_12h40.04.723,final_exp_1.2_v1_18012024,2023.2.3,60.01893001684973,2024-05-14 12h40.26.212928 +0530,
,,,,123,0,123,0,1420.6188367996365,,,,,,,,,,,,,,,,,,,,,,1420.5892258998938,1420.6188367996365,1420.937512279721,1421.5042058997788,1421.8712539998814,,,,,,sub002_saurabh,001,2024-05-14_12h40.04.723,final_exp_1.2_v1_18012024,2023.2.3,60.01893001684973,2024-05-14 12h40.26.212928 +0530,
,,,,124,0,124,0,1421.8988386997953,,,,,,,,,,,,,,,,,,,,,,1421.873075099662,1421.8988386997953,1422.187066179933,,1423.1540504996665,,,,,,sub002_saurabh,001,2024-05-14_12h40.04.723,final_exp_1.2_v1_18012024,2023.2.3,60.01893001684973,2024-05-14 12h40.26.212928 +0530,
,,,,125,0,125,0,1423.1776972999796,,,,,,,,,,,,,,,,,,,,,,1423.1557934996672,1423.1776972999796,1423.5372141797561,1424.0729406997561,1424.437773199752,,,,,,sub002_saurabh,001,2024-05-14_12h40.04.723,final_exp_1.2_v1_18012024,2023.2.3,60.01893001684973,2024-05-14 12h40.26.212928 +0530,
,,,,126,0,126,0,1424.4593966999091,,,,,,,,,,,,,,,,,,,,,,1424.439505700022,1424.4593966999091,1424.8371199800167,1425.4043051996268,1425.7209359998815,,,,,,sub002_saurabh,001,2024-05-14_12h40.04.723,final_exp_1.2_v1_18012024,2023.2.3,60.01893001684973,2024-05-14 12h40.26.212928 +0530,
,,,,127,0,127,0,1425.740298499819,,,,,,,,,,,,,,,,,,,,,,1425.7233354998752,1425.740298499819,1426.0708197799977,1426.5836874996312,1427.0043237996288,,,,,,sub002_saurabh,001,2024-05-14_12h40.04.723,final_exp_1.2_v1_18012024,2023.2.3,60.01893001684973,2024-05-14 12h40.26.212928 +0530,
,,,,128,0,128,0,1427.0205606999807,,,,,,,,,,,,,,,,,,,,,,1427.0060844998807,1427.0205606999807,1427.3704920799937,,1428.2876773998141,,,,,,sub002_saurabh,001,2024-05-14_12h40.04.723,final_exp_1.2_v1_18012024,2023.2.3,60.01893001684973,2024-05-14 12h40.26.212928 +0530,
,,,,129,0,129,0,1428.3039850997739,,,,,,,,,,,,,,,,,,,,,,1428.28941940004,1428.3039850997739,1428.6872167799156,1429.233672299888,1429.5709541998804,,,,,,sub002_saurabh,001,2024-05-14_12h40.04.723,final_exp_1.2_v1_18012024,2023.2.3,60.01893001684973,2024-05-14 12h40.26.212928 +0530,
,,,,130,0,130,0,1429.5877220998518,,,,,,,,,,,,,,,,,,,,,,1429.572708199732,1429.5877220998518,1429.95380327967,1430.5212850999087,1430.854741399642,,,,,,sub002_saurabh,001,2024-05-14_12h40.04.723,final_exp_1.2_v1_18012024,2023.2.3,60.01893001684973,2024-05-14 12h40.26.212928 +0530,
,,,,131,0,131,0,1430.8988632997498,,,,,,,,,,,,,,,,,,,,,,1430.8565368000418,1430.8988632997498,1431.2543905798811,1431.7929446999915,1432.1375549999066,,,,,,sub002_saurabh,001,2024-05-14_12h40.04.723,final_exp_1.2_v1_18012024,2023.2.3,60.01893001684973,2024-05-14 12h40.26.212928 +0530,
,,,,132,0,132,0,1432.1778837996535,,,,,,,,,,,,,,,,,,,,,,1432.1392453997396,1432.1778837996535,1432.5372483797837,1433.083798599895,1433.4209350999445,,,,,,sub002_saurabh,001,2024-05-14_12h40.04.723,final_exp_1.2_v1_18012024,2023.2.3,60.01893001684973,2024-05-14 12h40.26.212928 +0530,
,,,,133,0,133,0,1433.4587944997475,,,,,,,,,,,,,,,,,,,,,,1433.422627999913,1433.4587944997475,1433.7377955799457,1434.2637899997644,1434.7042828998528,,,,,,sub002_saurabh,001,2024-05-14_12h40.04.723,final_exp_1.2_v1_18012024,2023.2.3,60.01893001684973,2024-05-14 12h40.26.212928 +0530,
,,,,134,0,134,0,1434.73916119989,,,,,,,,,,,,,,,,,,,,,,1434.7060594996437,1434.73916119989,1435.0372608799953,,1435.988300899975,,,,,,sub002_saurabh,001,2024-05-14_12h40.04.723,final_exp_1.2_v1_18012024,2023.2.3,60.01893001684973,2024-05-14 12h40.26.212928 +0530,
,,,,135,0,135,0,1436.0189944999292,,,,,,,,,,,,,,,,,,,,,,1435.9900430999696,1436.0189944999292,1436.3705313799437,1436.9414680995978,1437.2713301000185,,,,,,sub002_saurabh,001,2024-05-14_12h40.04.723,final_exp_1.2_v1_18012024,2023.2.3,60.01893001684973,2024-05-14 12h40.26.212928 +0530,
,,,,136,0,136,0,1437.2986335996538,,,,,,,,,,,,,,,,,,,,,,1437.272967999801,1437.2986335996538,1437.6205989799928,1438.184464799706,1438.5542945996858,,,,,,sub002_saurabh,001,2024-05-14_12h40.04.723,final_exp_1.2_v1_18012024,2023.2.3,60.01893001684973,2024-05-14 12h40.26.212928 +0530,
,,,,137,0,137,0,1438.578733399976,,,,,,,,,,,,,,,,,,,,,,1438.5560158998705,1438.578733399976,1438.8871672798414,1439.4337842999958,1439.8378016999923,,,,,,sub002_saurabh,001,2024-05-14_12h40.04.723,final_exp_1.2_v1_18012024,2023.2.3,60.01893001684973,2024-05-14 12h40.26.212928 +0530,
,,,,138,0,138,0,1439.859212399926,,,,,,,,,,,,,,,,,,,,,,1439.8394696996547,1439.859212399926,1440.1871672796551,1440.7929871999659,1441.1210649996065,,,,,,sub002_saurabh,001,2024-05-14_12h40.04.723,final_exp_1.2_v1_18012024,2023.2.3,60.01893001684973,2024-05-14 12h40.26.212928 +0530,
,,,,139,0,139,0,1441.1383324996568,,,,,,,,,,,,,,,,,,,,,,1441.122832399793,1441.1383324996568,1441.4705579800066,1441.9840933997184,1442.4043169999495,,,,,,sub002_saurabh,001,2024-05-14_12h40.04.723,final_exp_1.2_v1_18012024,2023.2.3,60.01893001684973,2024-05-14 12h40.26.212928 +0530,
,,,,140,0,140,0,1442.4210316999815,,,,,,,,,,,,,,,,,,,,,,1442.4059682996012,1442.4210316999815,1442.7539408796001,,1443.6875859997235,,,,,,sub002_saurabh,001,2024-05-14_12h40.04.723,final_exp_1.2_v1_18012024,2023.2.3,60.01893001684973,2024-05-14 12h40.26.212928 +0530,
,,,,141,0,141,0,1443.7041201996617,,,,,,,,,,,,,,,,,,,,,,1443.6893344996497,1443.7041201996617,1444.0871458796319,1444.6541595999151,1444.9710382996127,,,,,,sub002_saurabh,001,2024-05-14_12h40.04.723,final_exp_1.2_v1_18012024,2023.2.3,60.01893001684973,2024-05-14 12h40.26.212928 +0530,
,,,,142,0,142,0,1444.9878638000228,,,,,,,,,,,,,,,,,,,,,,1444.9727587997913,1444.9878638000228,1445.370872679865,1445.892403099686,1446.2545775999315,,,,,,sub002_saurabh,001,2024-05-14_12h40.04.723,final_exp_1.2_v1_18012024,2023.2.3,60.01893001684973,2024-05-14 12h40.26.212928 +0530,
,,,,143,0,143,0,1446.2991430000402,,,,,,,,,,,,,,,,,,,,,,1446.2563014999032,1446.2991430000402,1446.5876098799054,1447.1141943000257,1447.537664799951,,,,,,sub002_saurabh,001,2024-05-14_12h40.04.723,final_exp_1.2_v1_18012024,2023.2.3,60.01893001684973,2024-05-14 12h40.26.212928 +0530,
,,,,144,0,144,0,1447.5793176000006,,,,,,,,,,,,,,,,,,,,,,1447.539405099582,1447.5793176000006,1447.904023779789,1448.4640253996477,1448.8223362998106,,,,,,sub002_saurabh,001,2024-05-14_12h40.04.723,final_exp_1.2_v1_18012024,2023.2.3,60.01893001684973,2024-05-14 12h40.26.212928 +0530,
,,,,145,0,145,0,1448.8590449998155,,,,,,,,,,,,,,,,,,,,,,1448.824567699805,1448.8590449998155,1449.1376007797662,,1450.121085099876,,,,,,sub002_saurabh,001,2024-05-14_12h40.04.723,final_exp_1.2_v1_18012024,2023.2.3,60.01893001684973,2024-05-14 12h40.26.212928 +0530,
,,,,146,0,146,0,1450.1391467996873,,,,,,,,,,,,,,,,,,,,,,1450.1228671995923,1450.1391467996873,1450.487447179621,1451.014053300023,1451.404349999968,,,,,,sub002_saurabh,001,2024-05-14_12h40.04.723,final_exp_1.2_v1_18012024,2023.2.3,60.01893001684973,2024-05-14 12h40.26.212928 +0530,
,,,,147,0,147,0,1451.4211255996488,,,,,,,,,,,,,,,,,,,,,,1451.4061278998852,1451.4211255996488,1451.7871197799686,1452.2930892999284,1452.6878046998754,,,,,,sub002_saurabh,001,2024-05-14_12h40.04.723,final_exp_1.2_v1_18012024,2023.2.3,60.01893001684973,2024-05-14 12h40.26.212928 +0530,
,,,,148,0,148,0,1452.70440089982,,,,,,,,,,,,,,,,,,,,,,1452.689478999935,1452.70440089982,1453.070562579902,1453.6339860996231,1453.9711006996222,,,,,,sub002_saurabh,001,2024-05-14_12h40.04.723,final_exp_1.2_v1_18012024,2023.2.3,60.01893001684973,2024-05-14 12h40.26.212928 +0530,
,,,,149,0,149,0,1453.9877811996266,,,,,,,,,,,,,,,,,,,,,,1453.9728647996671,1453.9877811996266,1454.353925579926,,1455.2548496997915,,,,,,sub002_saurabh,001,2024-05-14_12h40.04.723,final_exp_1.2_v1_18012024,2023.2.3,60.01893001684973,2024-05-14 12h40.26.212928 +0530,
,,,,150,0,150,0,1455.2993173999712,,,,,,,,,,,,,,,,,,,,,,1455.2566459998488,1455.2993173999712,1455.6372223796789,1456.1838760999963,1456.5376966996118,,,,,,sub002_saurabh,001,2024-05-14_12h40.04.723,final_exp_1.2_v1_18012024,2023.2.3,60.01893001684973,2024-05-14 12h40.26.212928 +0530,
,,,,151,0,151,0,1456.578256599605,,,,,,,,,,,,,,,,,,,,,,1456.539458299987,1456.578256599605,1456.837327979738,1457.4440368996002,1457.8210638999008,,,,,,sub002_saurabh,001,2024-05-14_12h40.04.723,final_exp_1.2_v1_18012024,2023.2.3,60.01893001684973,2024-05-14 12h40.26.212928 +0530,
,,,,152,0,152,0,1457.8593872999772,,,,,,,,,,,,,,,,,,,,,,1457.8227038998157,1457.8593872999772,1458.1539967798162,1458.6637382996269,1459.1048166998662,,,,,,sub002_saurabh,001,2024-05-14_12h40.04.723,final_exp_1.2_v1_18012024,2023.2.3,60.01893001684973,2024-05-14 12h40.26.212928 +0530,
,,,,153,0,153,0,1459.1384597998112,,,,,,,,,,,,,,,,,,,,,,1459.106550599914,1459.1384597998112,1459.403985179728,1459.9438850996085,1460.3877518000081,,,,,,sub002_saurabh,001,2024-05-14_12h40.04.723,final_exp_1.2_v1_18012024,2023.2.3,60.01893001684973,2024-05-14 12h40.26.212928 +0530,
,,,,154,0,154,0,1460.417973399628,,,,,,,,,,,,,,,,,,,,,,1460.3894201996736,1460.417973399628,1460.7206934799906,,1461.6712467996404,,,,,,sub002_saurabh,001,2024-05-14_12h40.04.723,final_exp_1.2_v1_18012024,2023.2.3,60.01893001684973,2024-05-14 12h40.26.212928 +0530,
,,,,155,0,155,0,1461.69894369971,,,,,,,,,,,,,,,,,,,,,,1461.6729734996334,1461.69894369971,1462.0540846798103,1462.593143499922,1462.9543904997408,,,,,,sub002_saurabh,001,2024-05-14_12h40.04.723,final_exp_1.2_v1_18012024,2023.2.3,60.01893001684973,2024-05-14 12h40.26.212928 +0530,
,,,,156,0,156,0,1462.9785433998331,,,,,,,,,,,,,,,,,,,,,,1462.956129499711,1462.9785433998331,1463.3374144800473,1463.8929632999934,1464.2380708996207,,,,,,sub002_saurabh,001,2024-05-14_12h40.04.723,final_exp_1.2_v1_18012024,2023.2.3,60.01893001684973,2024-05-14 12h40.26.212928 +0530,
,,,,157,0,157,0,1464.2584254997782,,,,,,,,,,,,,,,,,,,,,,1464.2397557999939,1464.2584254997782,1464.570708079962,1465.1138194999658,1465.5211755000055,,,,,,sub002_saurabh,001,2024-05-14_12h40.04.723,final_exp_1.2_v1_18012024,2023.2.3,60.01893001684973,2024-05-14 12h40.26.212928 +0530,
,,,,158,0,158,0,1465.5379618997686,,,,,,,,,,,,,,,,,,,,,,1465.5229441998526,1465.5379618997686,1465.8373649797868,1466.4339650999755,1466.8045752998441,,,,,,sub002_saurabh,001,2024-05-14_12h40.04.723,final_exp_1.2_v1_18012024,2023.2.3,60.01893001684973,2024-05-14 12h40.26.212928 +0530,
,,,,159,0,159,0,1466.8211144995876,,,,,,,,,,,,,,,,,,,,,,1466.8063129000366,1466.8211144995876,1467.1378001796547,,1468.0879070996307,,,,,,sub002_saurabh,001,2024-05-14_12h40.04.723,final_exp_1.2_v1_18012024,2023.2.3,60.01893001684973,2024-05-14 12h40.26.212928 +0530,
,,,,160,0,160,0,1468.1041455999948,,,,,,,,,,,,,,,,,,,,,,1468.0896143997088,1468.1041455999948,1468.3873069796246,,1469.37103009969,,,,,,sub002_saurabh,001,2024-05-14_12h40.04.723,final_exp_1.2_v1_18012024,2023.2.3,60.01893001684973,2024-05-14 12h40.26.212928 +0530,
,,,,161,0,161,0,1469.3879322996363,,,,,,,,,,,,,,,,,,,,,,1469.3727900995873,1469.3879322996363,1469.7541188800242,,1470.654465700034,,,,,,sub002_saurabh,001,2024-05-14_12h40.04.723,final_exp_1.2_v1_18012024,2023.2.3,60.01893001684973,2024-05-14 12h40.26.212928 +0530,
,,,,162,0,162,0,1470.6988877998665,,,,,,,,,,,,,,,,,,,,,,1470.6562116998248,1470.6988877998665,1470.9872633798514,1471.5725042996928,1471.9385032998398,,,,,,sub002_saurabh,001,2024-05-14_12h40.04.723,final_exp_1.2_v1_18012024,2023.2.3,60.01893001684973,2024-05-14 12h40.26.212928 +0530,
,,,,163,0,163,0,1471.981002799701,,,,,,,,,,,,,,,,,,,,,,1471.9402072997764,1471.981002799701,1472.3373865799513,1472.8440368999727,1473.2379417000338,,,,,,sub002_saurabh,001,2024-05-14_12h40.04.723,final_exp_1.2_v1_18012024,2023.2.3,60.01893001684973,2024-05-14 12h40.26.212928 +0530,
,,,,164,0,164,0,1473.2582087996416,,,,,,,,,,,,,,,,,,,,,,1473.240261899773,1473.2582087996416,1473.6374216799159,1474.2041826997884,1474.5214658998884,,,,,,sub002_saurabh,001,2024-05-14_12h40.04.723,final_exp_1.2_v1_18012024,2023.2.3,60.01893001684973,2024-05-14 12h40.26.212928 +0530,
,,,,165,0,165,0,1474.5384951997548,,,,,,,,,,,,,,,,,,,,,,1474.5231527998112,1474.5384951997548,1474.8545969796833,1475.3641143999994,1475.8045977996662,,,,,,sub002_saurabh,001,2024-05-14_12h40.04.723,final_exp_1.2_v1_18012024,2023.2.3,60.01893001684973,2024-05-14 12h40.26.212928 +0530,
,,,,166,0,166,0,1475.8209275999106,,,,,,,,,,,,,,,,,,,,,,1475.8063156995922,1475.8209275999106,1476.1541555796284,,1477.087935499847,,,,,,sub002_saurabh,001,2024-05-14_12h40.04.723,final_exp_1.2_v1_18012024,2023.2.3,60.01893001684973,2024-05-14 12h40.26.212928 +0530,
,,,,167,0,167,0,1477.1046205996536,,,,,,,,,,,,,,,,,,,,,,1477.0896683996543,1477.1046205996536,1477.4212383797858,1477.9920859998092,1478.3713620998897,,,,,,sub002_saurabh,001,2024-05-14_12h40.04.723,final_exp_1.2_v1_18012024,2023.2.3,60.01893001684973,2024-05-14 12h40.26.212928 +0530,
,,,,168,0,168,0,1478.3879625997506,,,,,,,,,,,,,,,,,,,,,,1478.3730057999492,1478.3879625997506,1478.7208013797645,1479.2446103999391,1479.6547336997464,,,,,,sub002_saurabh,001,2024-05-14_12h40.04.723,final_exp_1.2_v1_18012024,2023.2.3,60.01893001684973,2024-05-14 12h40.26.212928 +0530,
,,,,169,0,169,0,1479.6981357997283,,,,,,,,,,,,,,,,,,,,,,1479.6564903999679,1479.6981357997283,1480.054969679797,1480.6217206995934,1480.9379704999737,,,,,,sub002_saurabh,001,2024-05-14_12h40.04.723,final_exp_1.2_v1_18012024,2023.2.3,60.01893001684973,2024-05-14 12h40.26.212928 +0530,
,,,,170,0,170,0,1480.9783258000389,,,,,,,,,,,,,,,,,,,,,,1480.9397001997568,1480.9783258000389,1481.287404279923,1481.844127499964,1482.2213987000287,,,,,,sub002_saurabh,001,2024-05-14_12h40.04.723,final_exp_1.2_v1_18012024,2023.2.3,60.01893001684973,2024-05-14 12h40.26.212928 +0530,
,,,,171,0,171,0,1482.2588932998478,,,,,,,,,,,,,,,,,,,,,,1482.223074699752,1482.2588932998478,1482.5874575797934,1483.0925896000117,1483.50478919968,,,,,,sub002_saurabh,001,2024-05-14_12h40.04.723,final_exp_1.2_v1_18012024,2023.2.3,60.01893001684973,2024-05-14 12h40.26.212928 +0530,
,,,,172,0,172,0,1483.538903299719,,,,,,,,,,,,,,,,,,,,,,1483.506543299649,1483.538903299719,1483.887483179802,1484.4543101997115,1484.7879113997333,,,,,,sub002_saurabh,001,2024-05-14_12h40.04.723,final_exp_1.2_v1_18012024,2023.2.3,60.01893001684973,2024-05-14 12h40.26.212928 +0530,
,,,,173,0,173,0,1484.8189489999786,,,,,,,,,,,,,,,,,,,,,,1484.7902576997876,1484.8189489999786,1485.1540865798015,,1486.0719229998067,,,,,,sub002_saurabh,001,2024-05-14_12h40.04.723,final_exp_1.2_v1_18012024,2023.2.3,60.01893001684973,2024-05-14 12h40.26.212928 +0530,
,,,,174,0,174,0,1486.0986068998463,,,,,,,,,,,,,,,,,,,,,,1486.0737015996128,1486.0986068998463,1486.4710441797506,1487.0340565997176,1487.3712716000155,,,,,,sub002_saurabh,001,2024-05-14_12h40.04.723,final_exp_1.2_v1_18012024,2023.2.3,60.01893001684973,2024-05-14 12h40.26.212928 +0530,
,,,,175,0,175,0,1487.3875531000085,,,,,,,,,,,,,,,,,,,,,,1487.373062199913,1487.3875531000085,1487.7542507799808,1488.3133179997094,1488.6547559997998,,,,,,sub002_saurabh,001,2024-05-14_12h40.04.723,final_exp_1.2_v1_18012024,2023.2.3,60.01893001684973,2024-05-14 12h40.26.212928 +0530,
,,,,176,0,176,0,1488.6983033996075,,,,,,,,,,,,,,,,,,,,,,1488.65650069993,1488.6983033996075,1488.987465079641,,1489.93805339979,,,,,,sub002_saurabh,001,2024-05-14_12h40.04.723,final_exp_1.2_v1_18012024,2023.2.3,60.01893001684973,2024-05-14 12h40.26.212928 +0530,
,,,,177,0,177,0,1489.9784904997796,,,,,,,,,,,,,,,,,,,,,,1489.939750699792,1489.9784904997796,1490.3374705796596,1490.8854965995997,1491.2212382997386,,,,,,sub002_saurabh,001,2024-05-14_12h40.04.723,final_exp_1.2_v1_18012024,2023.2.3,60.01893001684973,2024-05-14 12h40.26.212928 +0530,
,,,,178,0,178,0,1491.258363599889,,,,,,,,,,,,,,,,,,,,,,1491.2230153996497,1491.258363599889,1491.537922980031,1492.1340460996144,1492.5046457997523,,,,,,sub002_saurabh,001,2024-05-14_12h40.04.723,final_exp_1.2_v1_18012024,2023.2.3,60.01893001684973,2024-05-14 12h40.26.212928 +0530,
,,,,179,0,179,0,1492.539135699626,,,,,,,,,,,,,,,,,,,,,,1492.5063338996843,1492.539135699626,1492.8211761799175,,1493.787934700027,,,,,,sub002_saurabh,001,2024-05-14_12h40.04.723,final_exp_1.2_v1_18012024,2023.2.3,60.01893001684973,2024-05-14 12h40.26.212928 +0530,
,,,,180,0,180,0,1493.8188218995929,,,,,,,,,,,,,,,,,,,,,,1493.7896141000092,1493.8188218995929,1494.18783677998,1494.714125199709,1495.0712554999627,,,,,,sub002_saurabh,001,2024-05-14_12h40.04.723,final_exp_1.2_v1_18012024,2023.2.3,60.01893001684973,2024-05-14 12h40.26.212928 +0530,
,,,,181,0,181,0,1495.0984379998408,,,,,,,,,,,,,,,,,,,,,,1495.0729414997622,1495.0984379998408,1495.4707699797582,1495.9840628998354,1496.3550090999343,,,,,,sub002_saurabh,001,2024-05-14_12h40.04.723,final_exp_1.2_v1_18012024,2023.2.3,60.01893001684973,2024-05-14 12h40.26.212928 +0530,
,,,,182,0,182,0,1496.3785459999926,,,,,,,,,,,,,,,,,,,,,,1496.3568288995884,1496.3785459999926,1496.720903079724,,1497.6380522996187,,,,,,sub002_saurabh,001,2024-05-14_12h40.04.723,final_exp_1.2_v1_18012024,2023.2.3,60.01893001684973,2024-05-14 12h40.26.212928 +0530,
,,,,183,0,183,0,1497.6586207998917,,,,,,,,,,,,,,,,,,,,,,1497.6398181999102,1497.6586207998917,1497.9709692799952,1498.534114900045,1498.9213990997523,,,,,,sub002_saurabh,001,2024-05-14_12h40.04.723,final_exp_1.2_v1_18012024,2023.2.3,60.01893001684973,2024-05-14 12h40.26.212928 +0530,
,,,,184,0,184,0,1498.9384385999292,,,,,,,,,,,,,,,,,,,,,,1498.923052500002,1498.9384385999292,1499.288034379715,1499.8342688996345,1500.2050904999487,,,,,,sub002_saurabh,001,2024-05-14_12h40.04.723,final_exp_1.2_v1_18012024,2023.2.3,60.01893001684973,2024-05-14 12h40.26.212928 +0530,
,,,,185,0,185,0,1500.2213906999677,,,,,,,,,,,,,,,,,,,,,,1500.206787099596,1500.2213906999677,1500.5874892796855,1501.138827999588,1501.4880907996558,,,,,,sub002_saurabh,001,2024-05-14_12h40.04.723,final_exp_1.2_v1_18012024,2023.2.3,60.01893001684973,2024-05-14 12h40.26.212928 +0530,
,,,,186,0,186,0,1501.5043927999213,,,,,,,,,,,,,,,,,,,,,,1501.4898326997645,1501.5043927999213,1501.8375273796264,,1502.7712993999012,,,,,,sub002_saurabh,001,2024-05-14_12h40.04.723,final_exp_1.2_v1_18012024,2023.2.3,60.01893001684973,2024-05-14 12h40.26.212928 +0530,
,,,,187,0,187,0,1502.7877466999926,,,,,,,,,,,,,,,,,,,,,,1502.7729913997464,1502.7877466999926,1503.1208842799533,1503.6643026997335,1504.0552741000429,,,,,,sub002_saurabh,001,2024-05-14_12h40.04.723,final_exp_1.2_v1_18012024,2023.2.3,60.01893001684973,2024-05-14 12h40.26.212928 +0530,
,,,,188,0,188,0,1504.097909399774,,,,,,,,,,,,,,,,,,,,,,1504.0569855999202,1504.097909399774,1504.4213603797834,1504.9643769999966,1505.355355199892,,,,,,sub002_saurabh,001,2024-05-14_12h40.04.723,final_exp_1.2_v1_18012024,2023.2.3,60.01893001684973,2024-05-14 12h40.26.212928 +0530,
,,,,189,0,189,0,1505.3783522997983,,,,,,,,,,,,,,,,,,,,,,1505.357148299925,1505.3783522997983,1505.6876430797856,1506.234361199662,1506.655083599966,,,,,,sub002_saurabh,001,2024-05-14_12h40.04.723,final_exp_1.2_v1_18012024,2023.2.3,60.01893001684973,2024-05-14 12h40.26.212928 +0530,
,,,,190,0,190,0,1506.6992881996557,,,,,,,,,,,,,,,,,,,,,,1506.6568821999244,1506.6992881996557,1507.0547182799783,,1507.9381903000176,,,,,,sub002_saurabh,001,2024-05-14_12h40.04.723,final_exp_1.2_v1_18012024,2023.2.3,60.01893001684973,2024-05-14 12h40.26.212928 +0530,
,,,,191,0,191,0,1507.9795418996364,,,,,,,,,,,,,,,,,,,,,,1507.9399313996546,1507.9795418996364,1508.2709110795986,1508.8143127998337,1509.22206059983,,,,,,sub002_saurabh,001,2024-05-14_12h40.04.723,final_exp_1.2_v1_18012024,2023.2.3,60.01893001684973,2024-05-14 12h40.26.212928 +0530,
,,,,192,0,192,0,1509.2588789998554,,,,,,,,,,,,,,,,,,,,,,1509.223825899884,1509.2588789998554,1509.5377072796691,,1510.5218818997964,,,,,,sub002_saurabh,001,2024-05-14_12h40.04.723,final_exp_1.2_v1_18012024,2023.2.3,60.01893001684973,2024-05-14 12h40.26.212928 +0530,
,,,,193,0,193,0,1510.5385260996409,,,,,,,,,,,,,,,,,,,,,,1510.5236039999872,1510.5385260996409,1510.854406879982,1511.364317199681,1511.8047948000021,,,,,,sub002_saurabh,001,2024-05-14_12h40.04.723,final_exp_1.2_v1_18012024,2023.2.3,60.01893001684973,2024-05-14 12h40.26.212928 +0530,
,,,,194,0,194,0,1511.821367699653,,,,,,,,,,,,,,,,,,,,,,1511.806531299837,1511.821367699653,1512.104388979962,1512.6440671999007,1513.0880994996987,,,,,,sub002_saurabh,001,2024-05-14_12h40.04.723,final_exp_1.2_v1_18012024,2023.2.3,60.01893001684973,2024-05-14 12h40.26.212928 +0530,
,,,,195,0,195,0,1513.1049746996723,,,,,,,,,,,,,,,,,,,,,,1513.0898287999444,1513.1049746996723,1513.3876330798957,1513.9343833997846,1514.3713367995806,,,,,,sub002_saurabh,001,2024-05-14_12h40.04.723,final_exp_1.2_v1_18012024,2023.2.3,60.01893001684973,2024-05-14 12h40.26.212928 +0530,
,,,,196,0,196,0,1514.3881285996176,,,,,,,,,,,,,,,,,,,,,,1514.3730209995992,1514.3881285996176,1514.7542246796656,1515.3136116997339,1515.6547916997224,,,,,,sub002_saurabh,001,2024-05-14_12h40.04.723,final_exp_1.2_v1_18012024,2023.2.3,60.01893001684973,2024-05-14 12h40.26.212928 +0530,
,,,,197,0,197,0,1515.6991546000354,,,,,,,,,,,,,,,,,,,,,,1515.6564855999313,1515.6991546000354,1516.0210882800166,,1516.9382680999115,,,,,,sub002_saurabh,001,2024-05-14_12h40.04.723,final_exp_1.2_v1_18012024,2023.2.3,60.01893001684973,2024-05-14 12h40.26.212928 +0530,
,,,,198,0,198,0,1516.9787747999653,,,,,,,,,,,,,,,,,,,,,,1516.9399520000443,1516.9787747999653,1517.2878815799486,1517.8343261997215,1518.2214640998282,,,,,,sub002_saurabh,001,2024-05-14_12h40.04.723,final_exp_1.2_v1_18012024,2023.2.3,60.01893001684973,2024-05-14 12h40.26.212928 +0530,
,,,,199,0,199,0,1518.2578840996139,,,,,,,,,,,,,,,,,,,,,,1518.223220399581,1518.2578840996139,1518.6211441799533,1519.134149399586,1519.5047283996828,,,,,,sub002_saurabh,001,2024-05-14_12h40.04.723,final_exp_1.2_v1_18012024,2023.2.3,60.01893001684973,2024-05-14 12h40.26.212928 +0530,
,,,,200,0,200,0,1519.5385529999621,,,,,,,,,,,,,,,,,,,,,,1519.5064039998688,1519.5385529999621,1519.8212028800044,1520.3641066998243,1520.7881028000265,,,,,,sub002_saurabh,001,2024-05-14_12h40.04.723,final_exp_1.2_v1_18012024,2023.2.3,60.01893001684973,2024-05-14 12h40.26.212928 +0530,
,,,,201,0,201,0,1520.8191648996435,,,,,,,,,,,,,,,,,,,,,,1520.789824699983,1520.8191648996435,1521.1709776797798,1521.7143235998228,1522.0713991997764,,,,,,sub002_saurabh,001,2024-05-14_12h40.04.723,final_exp_1.2_v1_18012024,2023.2.3,60.01893001684973,2024-05-14 12h40.26.212928 +0530,
,,,,202,0,202,0,1522.0992313995957,,,,,,,,,,,,,,,,,,,,,,1522.0731587000191,1522.0992313995957,1522.4544480799232,1522.9643405997194,1523.3554087998345,,,,,,sub002_saurabh,001,2024-05-14_12h40.04.723,final_exp_1.2_v1_18012024,2023.2.3,60.01893001684973,2024-05-14 12h40.26.212928 +0530,
,,,,203,0,203,0,1523.3788961996324,,,,,,,,,,,,,,,,,,,,,,1523.3571921000257,1523.3788961996324,1523.7044346795883,1524.2143131997436,1524.6382289999165,,,,,,sub002_saurabh,001,2024-05-14_12h40.04.723,final_exp_1.2_v1_18012024,2023.2.3,60.01893001684973,2024-05-14 12h40.26.212928 +0530,
,,,,204,0,204,0,1524.6579852998257,,,,,,,,,,,,,,,,,,,,,,1524.6398820998147,1524.6579852998257,1524.9877849796321,1525.5346206999384,1525.9215424000286,,,,,,sub002_saurabh,001,2024-05-14_12h40.04.723,final_exp_1.2_v1_18012024,2023.2.3,60.01893001684973,2024-05-14 12h40.26.212928 +0530,
,,,,205,0,205,0,1525.9384348997846,,,,,,,,,,,,,,,,,,,,,,1525.9231910998933,1525.9384348997846,1526.3216432796326,,1527.2048635999672,,,,,,sub002_saurabh,001,2024-05-14_12h40.04.723,final_exp_1.2_v1_18012024,2023.2.3,60.01893001684973,2024-05-14 12h40.26.212928 +0530,
,,,,206,0,206,0,1527.2214538999833,,,,,,,,,,,,,,,,,,,,,,1527.206501599867,1527.2214538999833,1527.5378564798739,,1528.4881235999055,,,,,,sub002_saurabh,001,2024-05-14_12h40.04.723,final_exp_1.2_v1_18012024,2023.2.3,60.01893001684973,2024-05-14 12h40.26.212928 +0530,
,,,,207,0,207,0,1528.5049757999368,,,,,,,,,,,,,,,,,,,,,,1528.4898720998317,1528.5049757999368,1528.8877317795996,1529.4546292996965,1529.7714503998868,,,,,,sub002_saurabh,001,2024-05-14_12h40.04.723,final_exp_1.2_v1_18012024,2023.2.3,60.01893001684973,2024-05-14 12h40.26.212928 +0530,
,,,,208,0,208,0,1529.7879400998354,,,,,,,,,,,,,,,,,,,,,,1529.7732159998268,1529.7879400998354,1530.0716742796358,1530.6443536998704,1531.0549173997715,,,,,,sub002_saurabh,001,2024-05-14_12h40.04.723,final_exp_1.2_v1_18012024,2023.2.3,60.01893001684973,2024-05-14 12h40.26.212928 +0530,
,,,,209,0,209,0,1531.0991993998177,,,,,,,,,,,,,,,,,,,,,,1531.056685499847,1531.0991993998177,1531.4211655796971,1531.9645559997298,1532.3385439999402,,,,,,sub002_saurabh,001,2024-05-14_12h40.04.723,final_exp_1.2_v1_18012024,2023.2.3,60.01893001684973,2024-05-14 12h40.26.212928 +0530,
,,,,210,0,210,0,1532.3787501999177,,,,,,,,,,,,,,,,,,,,,,1532.3403493999504,1532.3787501999177,1532.7210650800262,,1533.6214349996299,,,,,,sub002_saurabh,001,2024-05-14_12h40.04.723,final_exp_1.2_v1_18012024,2023.2.3,60.01893001684973,2024-05-14 12h40.26.212928 +0530,
,,,,211,0,211,0,1533.6584935998544,,,,,,,,,,,,,,,,,,,,,,1533.623101499863,1533.6584935998544,1533.9544932798017,1534.464720199816,1534.9054390997626,,,,,,sub002_saurabh,001,2024-05-14_12h40.04.723,final_exp_1.2_v1_18012024,2023.2.3,60.01893001684973,2024-05-14 12h40.26.212928 +0530,
,,,,212,0,212,0,1534.9391466998495,,,,,,,,,,,,,,,,,,,,,,1534.9072113996372,1534.9391466998495,1535.2211627799552,1535.7447794997133,1536.2052954998799,,,,,,sub002_saurabh,001,2024-05-14_12h40.04.723,final_exp_1.2_v1_18012024,2023.2.3,60.01893001684973,2024-05-14 12h40.26.212928 +0530,
,,,,213,0,213,0,1536.221604899969,,,,,,,,,,,,,,,,,,,,,,1536.207060399931,1536.221604899969,1536.5210973799694,1537.064409499988,1537.488449999597,,,,,,sub002_saurabh,001,2024-05-14_12h40.04.723,final_exp_1.2_v1_18012024,2023.2.3,60.01893001684973,2024-05-14 12h40.26.212928 +0530,
,,,,214,0,214,0,1537.5045876000077,,,,,,,,,,,,,,,,,,,,,,1537.49012869969,1537.5045876000077,1537.8212563798297,1538.3351154997945,1538.7715689996257,,,,,,sub002_saurabh,001,2024-05-14_12h40.04.723,final_exp_1.2_v1_18012024,2023.2.3,60.01893001684973,2024-05-14 12h40.26.212928 +0530,
,,,,215,0,215,0,1538.7883393997326,,,,,,,,,,,,,,,,,,,,,,1538.773255100008,1538.7883393997326,1539.1544681799132,1539.693480799906,1540.054981699679,,,,,,sub002_saurabh,001,2024-05-14_12h40.04.723,final_exp_1.2_v1_18012024,2023.2.3,60.01893001684973,2024-05-14 12h40.26.212928 +0530,
,,,,216,0,216,0,1540.0997008997947,,,,,,,,,,,,,,,,,,,,,,1540.056674099993,1540.0997008997947,1540.4212005797308,1540.9643894997425,1541.3401074996218,,,,,,sub002_saurabh,001,2024-05-14_12h40.04.723,final_exp_1.2_v1_18012024,2023.2.3,60.01893001684973,2024-05-14 12h40.26.212928 +0530,
,,,,217,0,217,0,1541.3780951998197,,,,,,,,,,,,,,,,,,,,,,1541.3429015995935,1541.3780951998197,1541.721106879646,,1542.6382811996154,,,,,,sub002_saurabh,001,2024-05-14_12h40.04.723,final_exp_1.2_v1_18012024,2023.2.3,60.01893001684973,2024-05-14 12h40.26.212928 +0530,
,,,,218,0,218,0,1542.657709499821,,,,,,,,,,,,,,,,,,,,,,1542.640021499712,1542.657709499821,1542.9711885799188,1543.5134899998084,1543.9216637997888,,,,,,sub002_saurabh,001,2024-05-14_12h40.04.723,final_exp_1.2_v1_18012024,2023.2.3,60.01893001684973,2024-05-14 12h40.26.212928 +0530,
,,,,219,0,219,0,1543.9383093998767,,,,,,,,,,,,,,,,,,,,,,1543.9232744998299,1543.9383093998767,1544.255110380007,1544.8145726998337,1545.2049650000408,,,,,,sub002_saurabh,001,2024-05-14_12h40.04.723,final_exp_1.2_v1_18012024,2023.2.3,60.01893001684973,2024-05-14 12h40.26.212928 +0530,
,,,,220,0,220,0,1545.2217371999286,,,,,,,,,,,,,,,,,,,,,,1545.2066414998844,1545.2217371999286,1545.537927479716,1546.0645180996507,1546.4883011998609,,,,,,sub002_saurabh,001,2024-05-14_12h40.04.723,final_exp_1.2_v1_18012024,2023.2.3,60.01893001684973,2024-05-14 12h40.26.212928 +0530,
,,,,221,0,221,0,1546.5046239998192,,,,,,,,,,,,,,,,,,,,,,1546.4900081995875,1546.5046239998192,1546.821306179976,1547.3854518998414,1547.7719372999854,,,,,,sub002_saurabh,001,2024-05-14_12h40.04.723,final_exp_1.2_v1_18012024,2023.2.3,60.01893001684973,2024-05-14 12h40.26.212928 +0530,
,,,,222,0,222,0,1547.7884270995855,,,,,,,,,,,,,,,,,,,,,,1547.7736570998095,1547.7884270995855,1548.0714947797824,1548.6434787996113,1549.0551048996858,,,,,,sub002_saurabh,001,2024-05-14_12h40.04.723,final_exp_1.2_v1_18012024,2023.2.3,60.01893001684973,2024-05-14 12h40.26.212928 +0530,
,,,,223,0,223,0,1549.0982683999464,,,,,,,,,,,,,,,,,,,,,,1549.0568359997123,1549.0982683999464,1549.454749479657,,1550.3384871999733,,,,,,sub002_saurabh,001,2024-05-14_12h40.04.723,final_exp_1.2_v1_18012024,2023.2.3,60.01893001684973,2024-05-14 12h40.26.212928 +0530,
,,,,224,0,224,0,1550.379021700006,,,,,,,,,,,,,,,,,,,,,,1550.3402158999816,1550.379021700006,1550.7045896796044,,1551.6216372996569,,,,,,sub002_saurabh,001,2024-05-14_12h40.04.723,final_exp_1.2_v1_18012024,2023.2.3,60.01893001684973,2024-05-14 12h40.26.212928 +0530,
,,,,225,0,225,0,1551.6579967997968,,,,,,,,,,,,,,,,,,,,,,1551.6233186000027,1551.6579967997968,1551.9712570796255,1552.5349031998776,1552.905036299955,,,,,,sub002_saurabh,001,2024-05-14_12h40.04.723,final_exp_1.2_v1_18012024,2023.2.3,60.01893001684973,2024-05-14 12h40.26.212928 +0530,
,,,,226,0,226,0,1552.9386548995972,,,,,,,,,,,,,,,,,,,,,,1552.9067595000379,1552.9386548995972,1553.3046785800252,1553.8344309995882,1554.1882981997915,,,,,,sub002_saurabh,001,2024-05-14_12h40.04.723,final_exp_1.2_v1_18012024,2023.2.3,60.01893001684973,2024-05-14 12h40.26.212928 +0530,
,,,,227,0,227,0,1554.218753399793,,,,,,,,,,,,,,,,,,,,,,1554.1900117998011,1554.218753399793,1554.5713662796188,,1555.4719840995967,,,,,,sub002_saurabh,001,2024-05-14_12h40.04.723,final_exp_1.2_v1_18012024,2023.2.3,60.01893001684973,2024-05-14 12h40.26.212928 +0530,
,,,,228,0,228,0,1555.498586999718,,,,,,,,,,,,,,,,,,,,,,1555.4737404999323,1555.498586999718,1555.7712357796263,1556.2931377999485,1556.7556032999419,,,,,,sub002_saurabh,001,2024-05-14_12h40.04.723,final_exp_1.2_v1_18012024,2023.2.3,60.01893001684973,2024-05-14 12h40.26.212928 +0530,
,,,,229,0,229,0,1556.7778477999382,,,,,,,,,,,,,,,,,,,,,,1556.7574457996525,1556.7778477999382,1557.1380237799603,,1558.0390923996456,,,,,,sub002_saurabh,001,2024-05-14_12h40.04.723,final_exp_1.2_v1_18012024,2023.2.3,60.01893001684973,2024-05-14 12h40.26.212928 +0530,
,,,,230,0,230,0,1558.058515300043,,,,,,,,,,,,,,,,,,,,,,1558.0408363998868,1558.058515300043,1558.37127037975,1558.9345605997369,1559.3389882999472,,,,,,sub002_saurabh,001,2024-05-14_12h40.04.723,final_exp_1.2_v1_18012024,2023.2.3,60.01893001684973,2024-05-14 12h40.26.212928 +0530,
,,,,231,0,231,0,1559.3790438999422,,,,,,,,,,,,,,,,,,,,,,1559.34074159991,1559.3790438999422,1559.6546509799082,1560.1646576998755,1560.6384201999754,,,,,,sub002_saurabh,001,2024-05-14_12h40.04.723,final_exp_1.2_v1_18012024,2023.2.3,60.01893001684973,2024-05-14 12h40.26.212928 +0530,
,,,,232,0,232,0,1560.6581127997488,,,,,,,,,,,,,,,,,,,,,,1560.6401696996763,1560.6581127997488,1561.0380151800346,1561.5846331999637,1561.921778399963,,,,,,sub002_saurabh,001,2024-05-14_12h40.04.723,final_exp_1.2_v1_18012024,2023.2.3,60.01893001684973,2024-05-14 12h40.26.212928 +0530,
,,,,233,0,233,0,1561.9379948000424,,,,,,,,,,,,,,,,,,,,,,1561.923470299691,1561.9379948000424,1562.287914179964,,1563.205134499818,,,,,,sub002_saurabh,001,2024-05-14_12h40.04.723,final_exp_1.2_v1_18012024,2023.2.3,60.01893001684973,2024-05-14 12h40.26.212928 +0530,
,,,,234,0,234,0,1563.2213499997742,,,,,,,,,,,,,,,,,,,,,,1563.2068211999722,1563.2213499997742,1563.5546808799263,,1564.4883920997381,,,,,,sub002_saurabh,001,2024-05-14_12h40.04.723,final_exp_1.2_v1_18012024,2023.2.3,60.01893001684973,2024-05-14 12h40.26.212928 +0530,
,,,,235,0,235,0,1564.50513960002,,,,,,,,,,,,,,,,,,,,,,1564.4901331998408,1564.50513960002,1564.7879180798773,1565.3344242996536,1565.7715860996395,,,,,,sub002_saurabh,001,2024-05-14_12h40.04.723,final_exp_1.2_v1_18012024,2023.2.3,60.01893001684973,2024-05-14 12h40.26.212928 +0530,
,,,,236,0,236,0,1565.7882013996132,,,,,,,,,,,,,,,,,,,,,,1565.7732865996659,1565.7882013996132,1566.1546633800026,1566.6855880999938,1567.0559911997989,,,,,,sub002_saurabh,001,2024-05-14_12h40.04.723,final_exp_1.2_v1_18012024,2023.2.3,60.01893001684973,2024-05-14 12h40.26.212928 +0530,
,,,,237,0,237,0,1567.099260599818,,,,,,,,,,,,,,,,,,,,,,1567.0577292996459,1567.099260599818,1567.4546554798726,1568.0148583999835,1568.3555529997684,,,,,,sub002_saurabh,001,2024-05-14_12h40.04.723,final_exp_1.2_v1_18012024,2023.2.3,60.01893001684973,2024-05-14 12h40.26.212928 +0530,
,,,,238,0,238,0,1568.37803849997,,,,,,,,,,,,,,,,,,,,,,1568.357342899777,1568.37803849997,1568.7046558798756,1569.2644744999707,1569.638506199699,,,,,,sub002_saurabh,001,2024-05-14_12h40.04.723,final_exp_1.2_v1_18012024,2023.2.3,60.01893001684973,2024-05-14 12h40.26.212928 +0530,
,,,,239,0,239,0,1569.6596508999355,,,,,,,,,,,,,,,,,,,,,,1569.6402324996889,1569.6596508999355,1569.9379599799868,1570.444661699701,1570.92179939989,,,,,,sub002_saurabh,001,2024-05-14_12h40.04.723,final_exp_1.2_v1_18012024,2023.2.3,60.01893001684973,2024-05-14 12h40.26.212928 +0530,
,,,,240,0,240,0,1570.9376210998744,,,,,,,,,,,,,,,,,,,,,,1570.9235453000292,1570.9376210998744,1571.3212725797202,1571.8646937999874,1572.2055131997913,,,,,,sub002_saurabh,001,2024-05-14_12h40.04.723,final_exp_1.2_v1_18012024,2023.2.3,60.01893001684973,2024-05-14 12h40.26.212928 +0530,
,,,,241,0,241,0,1572.2218473996036,,,,,,,,,,,,,,,,,,,,,,1572.207266099751,1572.2218473996036,1572.5379573798273,1573.0932298996486,1573.488498499617,,,,,,sub002_saurabh,001,2024-05-14_12h40.04.723,final_exp_1.2_v1_18012024,2023.2.3,60.01893001684973,2024-05-14 12h40.26.212928 +0530,
,,,,242,0,242,0,1573.5053599998355,,,,,,,,,,,,,,,,,,,,,,1573.4902180000208,1573.5053599998355,1573.854757579742,1574.3846942996606,1574.771645899862,,,,,,sub002_saurabh,001,2024-05-14_12h40.04.723,final_exp_1.2_v1_18012024,2023.2.3,60.01893001684973,2024-05-14 12h40.26.212928 +0530,
,,,,243,0,243,0,1574.7884430997074,,,,,,,,,,,,,,,,,,,,,,1574.7733284998685,1574.7884430997074,1575.0713657799643,1575.6350324000232,1576.0556585998274,,,,,,sub002_saurabh,001,2024-05-14_12h40.04.723,final_exp_1.2_v1_18012024,2023.2.3,60.01893001684973,2024-05-14 12h40.26.212928 +0530,
,,,,244,0,244,0,1576.0990066998638,,,,,,,,,,,,,,,,,,,,,,1576.0574481999502,1576.0990066998638,1576.3879924796056,1576.934764799662,1577.338492800016,,,,,,sub002_saurabh,001,2024-05-14_12h40.04.723,final_exp_1.2_v1_18012024,2023.2.3,60.01893001684973,2024-05-14 12h40.26.212928 +0530,
,,,,245,0,245,0,1577.3778089997359,,,,,,,,,,,,,,,,,,,,,,1577.340146899689,1577.3778089997359,1577.7047215800267,1578.2724607996643,1578.62177099986,,,,,,sub002_saurabh,001,2024-05-14_12h40.04.723,final_exp_1.2_v1_18012024,2023.2.3,60.01893001684973,2024-05-14 12h40.26.212928 +0530,
,,,,246,0,246,0,1578.658652300015,,,,,,,,,,,,,,,,,,,,,,1578.6234210999683,1578.658652300015,1578.9546953795943,,1579.9051799997687,,,,,,sub002_saurabh,001,2024-05-14_12h40.04.723,final_exp_1.2_v1_18012024,2023.2.3,60.01893001684973,2024-05-14 12h40.26.212928 +0530,
,,,,247,0,247,0,1579.9391344999894,,,,,,,,,,,,,,,,,,,,,,1579.9068009997718,1579.9391344999894,1580.2880552799907,1580.8146429997869,1581.1884371996857,,,,,,sub002_saurabh,001,2024-05-14_12h40.04.723,final_exp_1.2_v1_18012024,2023.2.3,60.01893001684973,2024-05-14 12h40.26.212928 +0530,
,,,,248,0,248,0,1581.218597999774,,,,,,,,,,,,,,,,,,,,,,1581.1901103998534,1581.218597999774,1581.5714157798793,1582.13462039968,1582.471831899602,,,,,,sub002_saurabh,001,2024-05-14_12h40.04.723,final_exp_1.2_v1_18012024,2023.2.3,60.01893001684973,2024-05-14 12h40.26.212928 +0530,
,,,,249,0,249,0,1582.498631699942,,,,,,,,,,,,,,,,,,,,,,1582.473530399613,1582.498631699942,1582.7880654798355,1583.3148051998578,1583.7555367997847,,,,,,sub002_saurabh,001,2024-05-14_12h40.04.723,final_exp_1.2_v1_18012024,2023.2.3,60.01893001684973,2024-05-14 12h40.26.212928 +0530,
,,,,250,0,250,0,1583.77820529975,,,,,,,,,,,,,,,,,,,,,,1583.7572983000427,1583.77820529975,1584.1219162798952,1584.692885399796,1585.0384928998537,,,,,,sub002_saurabh,001,2024-05-14_12h40.04.723,final_exp_1.2_v1_18012024,2023.2.3,60.01893001684973,2024-05-14 12h40.26.212928 +0530,
,,,,251,0,251,0,1585.0588258998469,,,,,,,,,,,,,,,,,,,,,,1585.040249099955,1585.0588258998469,1585.3384590798523,1585.8447275999933,1586.3218737998977,,,,,,sub002_saurabh,001,2024-05-14_12h40.04.723,final_exp_1.2_v1_18012024,2023.2.3,60.01893001684973,2024-05-14 12h40.26.212928 +0530,
,,,,252,0,252,0,1586.3377303997986,,,,,,,,,,,,,,,,,,,,,,1586.3236274998635,1586.3377303997986,1586.721470679855,1587.2847714000382,1587.605313200038,,,,,,sub002_saurabh,001,2024-05-14_12h40.04.723,final_exp_1.2_v1_18012024,2023.2.3,60.01893001684973,2024-05-14 12h40.26.212928 +0530,
,,,,253,0,253,0,1587.6220009997487,,,,,,,,,,,,,,,,,,,,,,1587.6070036999881,1587.6220009997487,1587.9382663799915,1588.4853616999462,1588.8885762998834,,,,,,sub002_saurabh,001,2024-05-14_12h40.04.723,final_exp_1.2_v1_18012024,2023.2.3,60.01893001684973,2024-05-14 12h40.26.212928 +0530,
,,,,254,0,254,0,1588.904943399597,,,,,,,,,,,,,,,,,,,,,,1588.8902494995855,1588.904943399597,1589.1880289798137,1589.7147500999272,1590.1716936999,,,,,,sub002_saurabh,001,2024-05-14_12h40.04.723,final_exp_1.2_v1_18012024,2023.2.3,60.01893001684973,2024-05-14 12h40.26.212928 +0530,
,,,,255,0,255,0,1590.188573999796,,,,,,,,,,,,,,,,,,,,,,1590.1733789998107,1590.188573999796,1590.5381001799833,,1591.4559243000112,,,,,,sub002_saurabh,001,2024-05-14_12h40.04.723,final_exp_1.2_v1_18012024,2023.2.3,60.01893001684973,2024-05-14 12h40.26.212928 +0530,
,,,,256,0,256,0,1591.4980065999553,,,,,,,,,,,,,,,,,,,,,,1591.457691599615,1591.4980065999553,1591.7715668797027,1592.3347616996616,1592.738864899613,,,,,,sub002_saurabh,001,2024-05-14_12h40.04.723,final_exp_1.2_v1_18012024,2023.2.3,60.01893001684973,2024-05-14 12h40.26.212928 +0530,
,,,,257,0,257,0,1592.7784021999687,,,,,,,,,,,,,,,,,,,,,,1592.7405749997124,1592.7784021999687,1593.1214934799355,1593.6645442997105,1594.0227280999534,,,,,,sub002_saurabh,001,2024-05-14_12h40.04.723,final_exp_1.2_v1_18012024,2023.2.3,60.01893001684973,2024-05-14 12h40.26.212928 +0530,
,,,,258,0,258,0,1594.0587144000456,,,,,,,,,,,,,,,,,,,,,,1594.0244928998873,1594.0587144000456,1594.3880382797215,1594.8932425999083,1595.3218931998126,,,,,,sub002_saurabh,001,2024-05-14_12h40.04.723,final_exp_1.2_v1_18012024,2023.2.3,60.01893001684973,2024-05-14 12h40.26.212928 +0530,
,,,,259,0,259,0,1595.354947200045,,,,,,,,,,,,,,,,,,,,,,1595.3236712999642,1595.354947200045,1595.6719875799026,1596.1848887996748,1596.60526009975,,,,,,sub002_saurabh,001,2024-05-14_12h40.04.723,final_exp_1.2_v1_18012024,2023.2.3,60.01893001684973,2024-05-14 12h40.26.212928 +0530,
,,,,260,0,260,0,1596.6225448995829,,,,,,,,,,,,,,,,,,,,,,1596.6070170998573,1596.6225448995829,1597.0048572795931,1597.54477389995,1597.8884886000305,,,,,,sub002_saurabh,001,2024-05-14_12h40.04.723,final_exp_1.2_v1_18012024,2023.2.3,60.01893001684973,2024-05-14 12h40.26.212928 +0530,
,,,,261,0,261,0,1597.9049738999456,,,,,,,,,,,,,,,,,,,,,,1597.8901709998026,1597.9049738999456,1598.254912179662,1598.8148582000285,1599.1718011996709,,,,,,sub002_saurabh,001,2024-05-14_12h40.04.723,final_exp_1.2_v1_18012024,2023.2.3,60.01893001684973,2024-05-14 12h40.26.212928 +0530,
,,,,262,0,262,0,1599.218249599915,,,,,,,,,,,,,,,,,,,,,,1599.1735386997461,1599.218249599915,1599.5048384799156,1600.0447259997018,1600.4556936998852,,,,,,sub002_saurabh,001,2024-05-14_12h40.04.723,final_exp_1.2_v1_18012024,2023.2.3,60.01893001684973,2024-05-14 12h40.26.212928 +0530,
,,,,263,0,263,0,1600.499065999873,,,,,,,,,,,,,,,,,,,,,,1600.4574280995876,1600.499065999873,1600.8380492797587,1601.404102999717,1601.738621799741,,,,,,sub002_saurabh,001,2024-05-14_12h40.04.723,final_exp_1.2_v1_18012024,2023.2.3,60.01893001684973,2024-05-14 12h40.26.212928 +0530,
,,,,264,0,264,0,1601.7783695999533,,,,,,,,,,,,,,,,,,,,,,1601.7403257996775,1601.7783695999533,1602.1214412797708,1602.664633499924,1603.0220222999342,,,,,,sub002_saurabh,001,2024-05-14_12h40.04.723,final_exp_1.2_v1_18012024,2023.2.3,60.01893001684973,2024-05-14 12h40.26.212928 +0530,
,,,,265,0,265,0,1603.0590812996961,,,,,,,,,,,,,,,,,,,,,,1603.0237840996124,1603.0590812996961,1603.4048463797662,1603.944805899635,1604.305259199813,,,,,,sub002_saurabh,001,2024-05-14_12h40.04.723,final_exp_1.2_v1_18012024,2023.2.3,60.01893001684973,2024-05-14 12h40.26.212928 +0530,
,,,,266,0,266,0,1604.3390183998272,,,,,,,,,,,,,,,,,,,,,,1604.306935499888,1604.3390183998272,1604.7047999796923,1605.2349291997962,1605.5885851997882,,,,,,sub002_saurabh,001,2024-05-14_12h40.04.723,final_exp_1.2_v1_18012024,2023.2.3,60.01893001684973,2024-05-14 12h40.26.212928 +0530,
,,,,267,0,267,0,1605.6194082996808,,,,,,,,,,,,,,,,,,,,,,1605.5902418997139,1605.6194082996808,1605.9881447798107,1606.5148879997432,1606.8718591998331,,,,,,sub002_saurabh,001,2024-05-14_12h40.04.723,final_exp_1.2_v1_18012024,2023.2.3,60.01893001684973,2024-05-14 12h40.26.212928 +0530,
,,,,268,0,268,0,1606.8990046000108,,,,,,,,,,,,,,,,,,,,,,1606.8736081998795,1606.8990046000108,1607.2715943797957,1607.8147877999581,1608.1555371000431,,,,,,sub002_saurabh,001,2024-05-14_12h40.04.723,final_exp_1.2_v1_18012024,2023.2.3,60.01893001684973,2024-05-14 12h40.26.212928 +0530,
,,,,269,0,269,0,1608.1785092996433,,,,,,,,,,,,,,,,,,,,,,1608.1572435996495,1608.1785092996433,1608.5547984798905,1609.093454899732,1609.4390224996023,,,,,,sub002_saurabh,001,2024-05-14_12h40.04.723,final_exp_1.2_v1_18012024,2023.2.3,60.01893001684973,2024-05-14 12h40.26.212928 +0530,
,,,,270,0,270,0,1609.4592141998,,,,,,,,,,,,,,,,,,,,,,1609.4407381997444,1609.4592141998,1609.7881643797737,1610.3149187997915,1610.7234353995882,,,,,,sub002_saurabh,001,2024-05-14_12h40.04.723,final_exp_1.2_v1_18012024,2023.2.3,60.01893001684973,2024-05-14 12h40.26.212928 +0530,
,,,,271,0,271,0,1610.7379509997554,,,,,,,,,,,,,,,,,,,,,,1610.7252103998326,1610.7379509997554,1611.054959679721,1611.5646373997442,1612.153805299662,1612.2007342996076,,,,,sub002_saurabh,001,2024-05-14_12h40.04.723,final_exp_1.2_v1_18012024,2023.2.3,60.01893001684973,2024-05-14 12h40.26.212928 +0530,
,,,,272,0,272,0,1612.2007342996076,,,,,,,,,,,,,,,,,,,,,,1612.1555046997964,1612.2007342996076,1612.4881807796191,1613.0939798997715,1613.4388476000167,,,,,,sub002_saurabh,001,2024-05-14_12h40.04.723,final_exp_1.2_v1_18012024,2023.2.3,60.01893001684973,2024-05-14 12h40.26.212928 +0530,
,,,,273,0,273,0,1613.4798383996822,,,,,,,,,,,,,,,,,,,,,,1613.4405372999609,1613.4798383996822,1613.7551455798093,1614.2941030999646,1614.7224961998872,,,,,,sub002_saurabh,001,2024-05-14_12h40.04.723,final_exp_1.2_v1_18012024,2023.2.3,60.01893001684973,2024-05-14 12h40.26.212928 +0530,
,,,,274,0,274,0,1614.7602786999196,,,,,,,,,,,,,,,,,,,,,,1614.7242445996962,1614.7602786999196,1615.0714687795844,,1616.005828899797,,,,,,sub002_saurabh,001,2024-05-14_12h40.04.723,final_exp_1.2_v1_18012024,2023.2.3,60.01893001684973,2024-05-14 12h40.26.212928 +0530,
,,,,275,0,275,0,1616.0396763999015,,,,,,,,,,,,,,,,,,,,,,1616.0075752995908,1616.0396763999015,1616.3050095799845,1616.8462261999957,1617.2887879000045,,,,,,sub002_saurabh,001,2024-05-14_12h40.04.723,final_exp_1.2_v1_18012024,2023.2.3,60.01893001684973,2024-05-14 12h40.26.212928 +0530,
,,,,276,0,276,0,1617.3198504997417,,,,,,,,,,,,,,,,,,,,,,1617.2905330997892,1617.3198504997417,1617.6381825797725,,1618.5724231000058,,,,,,sub002_saurabh,001,2024-05-14_12h40.04.723,final_exp_1.2_v1_18012024,2023.2.3,60.01893001684973,2024-05-14 12h40.26.212928 +0530,
,,,,277,0,277,0,1618.6000100998208,,,,,,,,,,,,,,,,,,,,,,1618.574104399886,1618.6000100998208,1618.9050835797098,,1619.855363899842,,,,,,sub002_saurabh,001,2024-05-14_12h40.04.723,final_exp_1.2_v1_18012024,2023.2.3,60.01893001684973,2024-05-14 12h40.26.212928 +0530,
,,,,278,0,278,0,1619.880106399767,,,,,,,,,,,,,,,,,,,,,,1619.857147099916,1619.880106399767,1620.2048786797095,1620.744147299789,1621.1386962998658,,,,,,sub002_saurabh,001,2024-05-14_12h40.04.723,final_exp_1.2_v1_18012024,2023.2.3,60.01893001684973,2024-05-14 12h40.26.212928 +0530,
,,,,279,0,279,0,1621.1601223000325,,,,,,,,,,,,,,,,,,,,,,1621.1403937996365,1621.1601223000325,1621.454937780043,1621.993511499837,1622.4220044999383,,,,,,sub002_saurabh,001,2024-05-14_12h40.04.723,final_exp_1.2_v1_18012024,2023.2.3,60.01893001684973,2024-05-14 12h40.26.212928 +0530,
,,,,280,0,280,0,1622.4394771996886,,,,,,,,,,,,,,,,,,,,,,1622.4237583000213,1622.4394771996886,1622.7216048797127,1623.2640903997235,1623.7053853999823,,,,,,sub002_saurabh,001,2024-05-14_12h40.04.723,final_exp_1.2_v1_18012024,2023.2.3,60.01893001684973,2024-05-14 12h40.26.212928 +0530,
,,,,281,0,281,0,1623.7221052995883,,,,,,,,,,,,,,,,,,,,,,1623.707041699905,1623.7221052995883,1624.0551834797952,1624.5662199999206,1624.9885674999095,,,,,,sub002_saurabh,001,2024-05-14_12h40.04.723,final_exp_1.2_v1_18012024,2023.2.3,60.01893001684973,2024-05-14 12h40.26.212928 +0530,
,,,,282,0,282,0,1625.005549899768,,,,,,,,,,,,,,,,,,,,,,1624.990262999665,1625.005549899768,1625.3550007797312,,1626.2718835999258,,,,,,sub002_saurabh,001,2024-05-14_12h40.04.723,final_exp_1.2_v1_18012024,2023.2.3,60.01893001684973,2024-05-14 12h40.26.212928 +0530,
,,,,283,0,283,0,1626.2885399996303,,,,,,,,,,,,,,,,,,,,,,1626.2736448999494,1626.2885399996303,1626.6383760797326,1627.193270799704,1627.5562725998461,,,,,,sub002_saurabh,001,2024-05-14_12h40.04.723,final_exp_1.2_v1_18012024,2023.2.3,60.01893001684973,2024-05-14 12h40.26.212928 +0530,
,,,,284,0,284,0,1627.600029999856,,,,,,,,,,,,,,,,,,,,,,1627.5580853000283,1627.600029999856,1627.8882454799023,1628.4343607998453,1628.8392860000022,,,,,,sub002_saurabh,001,2024-05-14_12h40.04.723,final_exp_1.2_v1_18012024,2023.2.3,60.01893001684973,2024-05-14 12h40.26.212928 +0530,
,,,,285,0,285,0,1628.8800801998004,,,,,,,,,,,,,,,,,,,,,,1628.8408986995928,1628.8800801998004,1629.2217495797668,1629.7661068998277,1630.1220878995955,,,,,,sub002_saurabh,001,2024-05-14_12h40.04.723,final_exp_1.2_v1_18012024,2023.2.3,60.01893001684973,2024-05-14 12h40.26.212928 +0530,
,,,,286,0,286,0,1630.159925200045,,,,,,,,,,,,,,,,,,,,,,1630.1238219998777,1630.159925200045,1630.4716595800128,1631.0149582996964,1631.4055814999156,,,,,,sub002_saurabh,001,2024-05-14_12h40.04.723,final_exp_1.2_v1_18012024,2023.2.3,60.01893001684973,2024-05-14 12h40.26.212928 +0530,
,,,,287,0,287,0,1631.4394526998512,,,,,,,,,,,,,,,,,,,,,,1631.4072866998613,1631.4394526998512,1631.7549534796271,1632.2645510998555,1632.6887988997623,,,,,,sub002_saurabh,001,2024-05-14_12h40.04.723,final_exp_1.2_v1_18012024,2023.2.3,60.01893001684973,2024-05-14 12h40.26.212928 +0530,
,,,,288,0,288,0,1632.719427799806,,,,,,,,,,,,,,,,,,,,,,1632.6905070999637,1632.719427799806,1632.9884912797716,,1633.9723716997541,,,,,,sub002_saurabh,001,2024-05-14_12h40.04.723,final_exp_1.2_v1_18012024,2023.2.3,60.01893001684973,2024-05-14 12h40.26.212928 +0530,
,,,,289,0,289,0,1634.0009486000054,,,,,,,,,,,,,,,,,,,,,,1633.9741307999939,1634.0009486000054,1634.3549092796165,,1635.2554389997385,,,,,,sub002_saurabh,001,2024-05-14_12h40.04.723,final_exp_1.2_v1_18012024,2023.2.3,60.01893001684973,2024-05-14 12h40.26.212928 +0530,
,,,,290,0,290,0,1635.2800137996674,,,,,,,,,,,,,,,,,,,,,,1635.257181099616,1635.2800137996674,1635.638427379774,1636.18428019993,1636.538805899676,,,,,,sub002_saurabh,001,2024-05-14_12h40.04.723,final_exp_1.2_v1_18012024,2023.2.3,60.01893001684973,2024-05-14 12h40.26.212928 +0530,
,,,,291,0,291,0,1636.5593977998942,,,,,,,,,,,,,,,,,,,,,,1636.5405315998942,1636.5593977998942,1636.9384719796944,1637.445834199898,1637.8239358998835,,,,,,sub002_saurabh,001,2024-05-14_12h40.04.723,final_exp_1.2_v1_18012024,2023.2.3,60.01893001684973,2024-05-14 12h40.26.212928 +0530,
,,,,292,0,292,0,1637.841774799861,,,,,,,,,,,,,,,,,,,,,,1637.8261841000058,1637.841774799861,1638.155104679754,1638.7141390996985,1639.1222064998,,,,,,sub002_saurabh,001,2024-05-14_12h40.04.723,final_exp_1.2_v1_18012024,2023.2.3,60.01893001684973,2024-05-14 12h40.26.212928 +0530,
,,,,293,0,293,0,1639.160436899867,,,,,,,,,,,,,,,,,,,,,,1639.1238593999296,1639.160436899867,1639.4552239796612,,1640.4055058998056,,,,,,sub002_saurabh,001,2024-05-14_12h40.04.723,final_exp_1.2_v1_18012024,2023.2.3,60.01893001684973,2024-05-14 12h40.26.212928 +0530,
,,,,294,0,294,0,1640.4399589998648,,,,,,,,,,,,,,,,,,,,,,1640.407186599914,1640.4399589998648,1640.7722662796732,1641.294273799751,1641.6889839000069,,,,,,sub002_saurabh,001,2024-05-14_12h40.04.723,final_exp_1.2_v1_18012024,2023.2.3,60.01893001684973,2024-05-14 12h40.26.212928 +0530,
,,,,295,0,295,0,1641.7200833996758,,,,,,,,,,,,,,,,,,,,,,1641.690722399857,1641.7200833996758,1642.0883322798181,,1642.9721592999995,,,,,,sub002_saurabh,001,2024-05-14_12h40.04.723,final_exp_1.2_v1_18012024,2023.2.3,60.01893001684973,2024-05-14 12h40.26.212928 +0530,
,,,,296,0,296,0,1642.999509499874,,,,,,,,,,,,,,,,,,,,,,1642.973883099854,1642.999509499874,1643.3384797798935,,1644.2554436000064,,,,,,sub002_saurabh,001,2024-05-14_12h40.04.723,final_exp_1.2_v1_18012024,2023.2.3,60.01893001684973,2024-05-14 12h40.26.212928 +0530,
,,,,297,0,297,0,1644.2800413998775,,,,,,,,,,,,,,,,,,,,,,1644.2571021998301,1644.2800413998775,1644.6554643798154,1645.165779300034,1645.5389236998744,,,,,,sub002_saurabh,001,2024-05-14_12h40.04.723,final_exp_1.2_v1_18012024,2023.2.3,60.01893001684973,2024-05-14 12h40.26.212928 +0530,
,,,,298,0,298,0,1645.560670599807,,,,,,,,,,,,,,,,,,,,,,1645.5406006998383,1645.560670599807,1645.8883266795892,1646.4543804996647,1646.8221141998656,,,,,,sub002_saurabh,001,2024-05-14_12h40.04.723,final_exp_1.2_v1_18012024,2023.2.3,60.01893001684973,2024-05-14 12h40.26.212928 +0530,
,,,,299,0,299,0,1646.8409062996507,,,,,,,,,,,,,,,,,,,,,,1646.8237628997304,1646.8409062996507,1647.1725774796214,,1648.1054140999913,,,,,,sub002_saurabh,001,2024-05-14_12h40.04.723,final_exp_1.2_v1_18012024,2023.2.3,60.01893001684973,2024-05-14 12h40.26.212928 +0530,
,,,,300,0,300,0,1648.1222304999828,,,,,,,,,,,,,,,,,,,,,,1648.107178099919,1648.1222304999828,1648.5052254798356,,1649.3886758997105,,,,,,sub002_saurabh,001,2024-05-14_12h40.04.723,final_exp_1.2_v1_18012024,2023.2.3,60.01893001684973,2024-05-14 12h40.26.212928 +0530,
,,,,301,0,301,0,1649.405695699621,,,,,,,,,,,,,,,,,,,,,,1649.3903234996833,1649.405695699621,1649.755209979834,1650.294465399813,1650.6727163996547,,,,,,sub002_saurabh,001,2024-05-14_12h40.04.723,final_exp_1.2_v1_18012024,2023.2.3,60.01893001684973,2024-05-14 12h40.26.212928 +0530,
,,,,302,0,302,0,1650.7201342997141,,,,,,,,,,,,,,,,,,,,,,1650.6744174999185,1650.7201342997141,1651.0384330798406,,1651.9566007000394,,,,,,sub002_saurabh,001,2024-05-14_12h40.04.723,final_exp_1.2_v1_18012024,2023.2.3,60.01893001684973,2024-05-14 12h40.26.212928 +0530,
,,,,303,0,303,0,1651.9997439999133,,,,,,,,,,,,,,,,,,,,,,1651.9583236998878,1651.9997439999133,1652.3550551796798,,1653.2556017995812,,,,,,sub002_saurabh,001,2024-05-14_12h40.04.723,final_exp_1.2_v1_18012024,2023.2.3,60.01893001684973,2024-05-14 12h40.26.212928 +0530,
,,,,304,0,304,0,1653.2800157996826,,,,,,,,,,,,,,,,,,,,,,1653.2572711999528,1653.2800157996826,1653.638437279733,1654.1662106998265,1654.5393983996473,,,,,,sub002_saurabh,001,2024-05-14_12h40.04.723,final_exp_1.2_v1_18012024,2023.2.3,60.01893001684973,2024-05-14 12h40.26.212928 +0530,
,,,,305,0,305,0,1654.5606580995955,,,,,,,,,,,,,,,,,,,,,,1654.5411527999677,1654.5606580995955,1654.9385427797679,1655.5443410999142,1655.8221974000335,,,,,,sub002_saurabh,001,2024-05-14_12h40.04.723,final_exp_1.2_v1_18012024,2023.2.3,60.01893001684973,2024-05-14 12h40.26.212928 +0530,
,,,,306,0,306,0,1655.8401668998413,,,,,,,,,,,,,,,,,,,,,,1655.8238358995877,1655.8401668998413,1656.121818479849,1656.685975200031,1657.1055631996132,,,,,,sub002_saurabh,001,2024-05-14_12h40.04.723,final_exp_1.2_v1_18012024,2023.2.3,60.01893001684973,2024-05-14 12h40.26.212928 +0530,
,,,,307,0,307,0,1657.1223614998162,,,,,,,,,,,,,,,,,,,,,,1657.1072346996516,1657.1223614998162,1657.4552052796353,1657.9936070996337,1658.388753999956,,,,,,sub002_saurabh,001,2024-05-14_12h40.04.723,final_exp_1.2_v1_18012024,2023.2.3,60.01893001684973,2024-05-14 12h40.26.212928 +0530,
,,,,308,0,308,0,1658.4056392000057,,,,,,,,,,,,,,,,,,,,,,1658.3904364998452,1658.4056392000057,1658.7217557800468,1659.264316599816,1659.672206599731,,,,,,sub002_saurabh,001,2024-05-14_12h40.04.723,final_exp_1.2_v1_18012024,2023.2.3,60.01893001684973,2024-05-14 12h40.26.212928 +0530,
,,,,309,0,309,0,1659.7200238998048,,,,,,,,,,,,,,,,,,,,,,1659.67394899996,1659.7200238998048,1660.0053522798698,1660.5362268998288,1660.9566244999878,,,,,,sub002_saurabh,001,2024-05-14_12h40.04.723,final_exp_1.2_v1_18012024,2023.2.3,60.01893001684973,2024-05-14 12h40.26.212928 +0530,
,,,,310,0,310,0,1661.0012072999962,,,,,,,,,,,,,,,,,,,,,,1660.9583574999124,1661.0012072999962,1661.3218320796732,1661.915031899698,1662.2555427998304,,,,,,sub002_saurabh,001,2024-05-14_12h40.04.723,final_exp_1.2_v1_18012024,2023.2.3,60.01893001684973,2024-05-14 12h40.26.212928 +0530,
,,,,311,0,311,0,1662.2811680999584,,,,,,,,,,,,,,,,,,,,,,1662.257200199645,1662.2811680999584,1662.5552734800149,,1663.5389493997209,,,,,,sub002_saurabh,001,2024-05-14_12h40.04.723,final_exp_1.2_v1_18012024,2023.2.3,60.01893001684973,2024-05-14 12h40.26.212928 +0530,
,,,,312,0,312,0,1663.5603674999438,,,,,,,,,,,,,,,,,,,,,,1663.5406803996302,1663.5603674999438,1663.9386250798125,1664.4943958995864,1664.8222331996076,,,,,,sub002_saurabh,001,2024-05-14_12h40.04.723,final_exp_1.2_v1_18012024,2023.2.3,60.01893001684973,2024-05-14 12h40.26.212928 +0530,
,,,,313,0,313,0,1664.8409555996768,,,,,,,,,,,,,,,,,,,,,,1664.823910899926,1664.8409555996768,1665.2218543796334,1665.7933316999115,1666.1059546000324,,,,,,sub002_saurabh,001,2024-05-14_12h40.04.723,final_exp_1.2_v1_18012024,2023.2.3,60.01893001684973,2024-05-14 12h40.26.212928 +0530,
,,,,314,0,314,0,1666.1223249998875,,,,,,,,,,,,,,,,,,,,,,1666.1077042999677,1666.1223249998875,1666.4384155797306,,1667.3888191999868,,,,,,sub002_saurabh,001,2024-05-14_12h40.04.723,final_exp_1.2_v1_18012024,2023.2.3,60.01893001684973,2024-05-14 12h40.26.212928 +0530,
,,,,315,0,315,0,1667.4055347000249,,,,,,,,,,,,,,,,,,,,,,1667.3911449997686,1667.4055347000249,1667.738551079994,1668.2943362998776,1668.6721509997733,,,,,,sub002_saurabh,001,2024-05-14_12h40.04.723,final_exp_1.2_v1_18012024,2023.2.3,60.01893001684973,2024-05-14 12h40.26.212928 +0530,
,,,,316,0,316,0,1668.6890704999678,,,,,,,,,,,,,,,,,,,,,,1668.6738915997557,1668.6890704999678,1668.9889466797467,1669.5361042995937,1669.9567414997146,,,,,,sub002_saurabh,001,2024-05-14_12h40.04.723,final_exp_1.2_v1_18012024,2023.2.3,60.01893001684973,2024-05-14 12h40.26.212928 +0530,
,,,,317,0,317,0,1670.0003954996355,,,,,,,,,,,,,,,,,,,,,,1669.9586257999763,1670.0003954996355,1670.3219275798183,1670.8935972996987,1671.2555884998292,,,,,,sub002_saurabh,001,2024-05-14_12h40.04.723,final_exp_1.2_v1_18012024,2023.2.3,60.01893001684973,2024-05-14 12h40.26.212928 +0530,
,,,,318,0,318,0,1671.2802116996609,,,,,,,,,,,,,,,,,,,,,,1671.2573188999668,1671.2802116996609,1671.638514079852,1672.1936579998583,1672.538921199739,,,,,,sub002_saurabh,001,2024-05-14_12h40.04.723,final_exp_1.2_v1_18012024,2023.2.3,60.01893001684973,2024-05-14 12h40.26.212928 +0530,
,,,,319,0,319,0,1672.5606541996822,,,,,,,,,,,,,,,,,,,,,,1672.5406819996424,1672.5606541996822,1672.921936079627,1673.464477099944,1673.822299499996,,,,,,sub002_saurabh,001,2024-05-14_12h40.04.723,final_exp_1.2_v1_18012024,2023.2.3,60.01893001684973,2024-05-14 12h40.26.212928 +0530,
,,,,320,0,320,0,1673.840644699987,,,,,,,,,,,,,,,,,,,,,,1673.8239834997803,1673.840644699987,1674.2051936800126,,1675.1063580997288,,,,,,sub002_saurabh,001,2024-05-14_12h40.04.723,final_exp_1.2_v1_18012024,2023.2.3,60.01893001684973,2024-05-14 12h40.26.212928 +0530,
,,,,321,0,321,0,1675.1224387995899,,,,,,,,,,,,,,,,,,,,,,1675.1081496998668,1675.1224387995899,1675.438590179896,1675.9443614999764,1676.5358241000213,1676.582188999746,,,,,sub002_saurabh,001,2024-05-14_12h40.04.723,final_exp_1.2_v1_18012024,2023.2.3,60.01893001684973,2024-05-14 12h40.26.212928 +0530,
,,,,322,0,322,0,1676.582188999746,,,,,,,,,,,,,,,,,,,,,,1676.5375798000023,1676.582188999746,1676.8386976800393,1677.395527599845,1677.8222660999745,,,,,,sub002_saurabh,001,2024-05-14_12h40.04.723,final_exp_1.2_v1_18012024,2023.2.3,60.01893001684973,2024-05-14 12h40.26.212928 +0530,
,,,,323,0,323,0,1677.861083699856,,,,,,,,,,,,,,,,,,,,,,1677.824001699686,1677.861083699856,1678.1722756798845,1678.6943012997508,1679.105738000013,,,,,,sub002_saurabh,001,2024-05-14_12h40.04.723,final_exp_1.2_v1_18012024,2023.2.3,60.01893001684973,2024-05-14 12h40.26.212928 +0530,
,,,,324,0,324,0,1679.1415434000082,,,,,,,,,,,,,,,,,,,,,,1679.1074811997823,1679.1415434000082,1679.4718499796,1679.9854419999756,1680.3891194998287,,,,,,sub002_saurabh,001,2024-05-14_12h40.04.723,final_exp_1.2_v1_18012024,2023.2.3,60.01893001684973,2024-05-14 12h40.26.212928 +0530,
,,,,325,0,325,0,1680.4213920999318,,,,,,,,,,,,,,,,,,,,,,1680.3908041999675,1680.4213920999318,1680.7886070797686,1681.3352651996538,1681.672379499767,,,,,,sub002_saurabh,001,2024-05-14_12h40.04.723,final_exp_1.2_v1_18012024,2023.2.3,60.01893001684973,2024-05-14 12h40.26.212928 +0530,
,,,,326,0,326,0,1681.7012965995818,,,,,,,,,,,,,,,,,,,,,,1681.674095499795,1681.7012965995818,1682.055894479854,,1682.9564886996523,,,,,,sub002_saurabh,001,2024-05-14_12h40.04.723,final_exp_1.2_v1_18012024,2023.2.3,60.01893001684973,2024-05-14 12h40.26.212928 +0530,
,,,,327,0,327,0,1682.9814090998843,,,,,,,,,,,,,,,,,,,,,,1682.9582596998662,1682.9814090998843,1683.2886426800396,1683.8352913996205,1684.23955689976,,,,,,sub002_saurabh,001,2024-05-14_12h40.04.723,final_exp_1.2_v1_18012024,2023.2.3,60.01893001684973,2024-05-14 12h40.26.212928 +0530,
,,,,328,0,328,0,1684.2613307996653,,,,,,,,,,,,,,,,,,,,,,1684.2412572000176,1684.2613307996653,1684.6386368798558,,1685.5225303997286,,,,,,sub002_saurabh,001,2024-05-14_12h40.04.723,final_exp_1.2_v1_18012024,2023.2.3,60.01893001684973,2024-05-14 12h40.26.212928 +0530,
,,,,329,0,329,0,1685.5427101999521,,,,,,,,,,,,,,,,,,,,,,1685.5243103997782,1685.5427101999521,1685.8554386796895,,1686.8063906999305,,,,,,sub002_saurabh,001,2024-05-14_12h40.04.723,final_exp_1.2_v1_18012024,2023.2.3,60.01893001684973,2024-05-14 12h40.26.212928 +0530,
,,,,330,0,330,0,1686.8220518999733,,,,,,,,,,,,,,,,,,,,,,1686.8081660997123,1686.8220518999733,1687.1220717800315,1687.6945424997248,1688.237628699746,1688.2839424000122,,,,,sub002_saurabh,001,2024-05-14_12h40.04.723,final_exp_1.2_v1_18012024,2023.2.3,60.01893001684973,2024-05-14 12h40.26.212928 +0530,
,,,,331,0,331,0,1688.2839424000122,,,,,,,,,,,,,,,,,,,,,,1688.2393841999583,1688.2839424000122,1688.6387474799994,1689.166184199974,1689.522608099971,,,,,,sub002_saurabh,001,2024-05-14_12h40.04.723,final_exp_1.2_v1_18012024,2023.2.3,60.01893001684973,2024-05-14 12h40.26.212928 +0530,
,,,,332,0,332,0,1689.5647073998116,,,,,,,,,,,,,,,,,,,,,,1689.5243917996995,1689.5647073998116,1689.88861247967,1690.4558547995985,1690.8059429000132,,,,,,sub002_saurabh,001,2024-05-14_12h40.04.723,final_exp_1.2_v1_18012024,2023.2.3,60.01893001684973,2024-05-14 12h40.26.212928 +0530,
,,,,333,0,333,0,1690.8433527997695,,,,,,,,,,,,,,,,,,,,,,1690.8076256997883,1690.8433527997695,1691.122013879707,1691.6463484000415,1692.0891648000106,,,,,,sub002_saurabh,001,2024-05-14_12h40.04.723,final_exp_1.2_v1_18012024,2023.2.3,60.01893001684973,2024-05-14 12h40.26.212928 +0530,
,,,,334,0,334,0,1692.1234241998754,,,,,,,,,,,,,,,,,,,,,,1692.0908988998272,1692.1234241998754,1692.4886064797174,1693.0345173999667,1693.3724099998362,,,,,,sub002_saurabh,001,2024-05-14_12h40.04.723,final_exp_1.2_v1_18012024,2023.2.3,60.01893001684973,2024-05-14 12h40.26.212928 +0530,
,,,,335,0,335,0,1693.4031745996326,,,,,,,,,,,,,,,,,,,,,,1693.374134299811,1693.4031745996326,1693.7721591799054,,1694.6562191997655,,,,,,sub002_saurabh,001,2024-05-14_12h40.04.723,final_exp_1.2_v1_18012024,2023.2.3,60.01893001684973,2024-05-14 12h40.26.212928 +0530,
,,,,336,0,336,0,1694.6833297000267,,,,,,,,,,,,,,,,,,,,,,1694.6579710999504,1694.6833297000267,1695.022348679835,,1695.9392047999427,,,,,,sub002_saurabh,001,2024-05-14_12h40.04.723,final_exp_1.2_v1_18012024,2023.2.3,60.01893001684973,2024-05-14 12h40.26.212928 +0530,
,,,,337,0,337,0,1695.9631786998361,,,,,,,,,,,,,,,,,,,,,,1695.9408753998578,1695.9631786998361,1696.288629079936,1696.8463678997941,1697.222483099904,,,,,,sub002_saurabh,001,2024-05-14_12h40.04.723,final_exp_1.2_v1_18012024,2023.2.3,60.01893001684973,2024-05-14 12h40.26.212928 +0530,
,,,,338,0,338,0,1697.2437191000208,,,,,,,,,,,,,,,,,,,,,,1697.2242276999168,1697.2437191000208,1697.588777979603,1698.1945873997174,1698.5058351997286,,,,,,sub002_saurabh,001,2024-05-14_12h40.04.723,final_exp_1.2_v1_18012024,2023.2.3,60.01893001684973,2024-05-14 12h40.26.212928 +0530,
,,,,339,0,339,0,1698.52307439968,,,,,,,,,,,,,,,,,,,,,,1698.5075645996258,1698.52307439968,1698.9055068797898,1699.4346660999581,1699.7891897000372,,,,,,sub002_saurabh,001,2024-05-14_12h40.04.723,final_exp_1.2_v1_18012024,2023.2.3,60.01893001684973,2024-05-14 12h40.26.212928 +0530,
,,,,340,0,340,0,1699.8059415998869,,,,,,,,,,,,,,,,,,,,,,1699.790928399656,1699.8059415998869,1700.1891906799283,1700.7563951998018,1701.0724402000196,,,,,,sub002_saurabh,001,2024-05-14_12h40.04.723,final_exp_1.2_v1_18012024,2023.2.3,60.01893001684973,2024-05-14 12h40.26.212928 +0530,
,,,,341,0,341,0,1701.0889632999897,,,,,,,,,,,,,,,,,,,,,,1701.0741907996126,1701.0889632999897,1701.388657280011,1701.955970699899,1702.3563492996618,,,,,,sub002_saurabh,001,2024-05-14_12h40.04.723,final_exp_1.2_v1_18012024,2023.2.3,60.01893001684973,2024-05-14 12h40.26.212928 +0530,
,,,,342,0,342,0,1702.372571699787,,,,,,,,,,,,,,,,,,,,,,1702.3580410997383,1702.372571699787,1702.705875879852,1703.2646274999715,1703.6392075996846,,,,,,sub002_saurabh,001,2024-05-14_12h40.04.723,final_exp_1.2_v1_18012024,2023.2.3,60.01893001684973,2024-05-14 12h40.26.212928 +0530,
,,,,343,0,343,0,1703.6828234000131,,,,,,,,,,,,,,,,,,,,,,1703.6409452999942,1703.6828234000131,1703.9392100798432,,1704.922816099599,,,,,,sub002_saurabh,001,2024-05-14_12h40.04.723,final_exp_1.2_v1_18012024,2023.2.3,60.01893001684973,2024-05-14 12h40.26.212928 +0530,
,,,,344,0,344,0,1704.9637580998242,,,,,,,,,,,,,,,,,,,,,,1704.9245260995813,1704.9637580998242,1705.2720453797374,,1706.2059745998122,,,,,,sub002_saurabh,001,2024-05-14_12h40.04.723,final_exp_1.2_v1_18012024,2023.2.3,60.01893001684973,2024-05-14 12h40.26.212928 +0530,
,,,,345,0,345,0,1706.2442727000453,,,,,,,,,,,,,,,,,,,,,,1706.207700099796,1706.2442727000453,1706.539122879738,1707.086323000025,1707.4893556996249,,,,,,sub002_saurabh,001,2024-05-14_12h40.04.723,final_exp_1.2_v1_18012024,2023.2.3,60.01893001684973,2024-05-14 12h40.26.212928 +0530,
,,,,346,0,346,0,1707.5236128997058,,,,,,,,,,,,,,,,,,,,,,1707.4910382996313,1707.5236128997058,1707.8387270800304,1708.3846787000075,1708.7726189997047,,,,,,sub002_saurabh,001,2024-05-14_12h40.04.723,final_exp_1.2_v1_18012024,2023.2.3,60.01893001684973,2024-05-14 12h40.26.212928 +0530,
,,,,347,0,347,0,1708.80329969991,,,,,,,,,,,,,,,,,,,,,,1708.7743821996264,1708.80329969991,1709.1056188798975,1709.6345794997178,1710.0559161999263,,,,,,sub002_saurabh,001,2024-05-14_12h40.04.723,final_exp_1.2_v1_18012024,2023.2.3,60.01893001684973,2024-05-14 12h40.26.212928 +0530,
,,,,348,0,348,0,1710.0839097998105,,,,,,,,,,,,,,,,,,,,,,1710.0576901999302,1710.0839097998105,1710.3894526797812,1710.9148363997228,1711.3397981999442,,,,,,sub002_saurabh,001,2024-05-14_12h40.04.723,final_exp_1.2_v1_18012024,2023.2.3,60.01893001684973,2024-05-14 12h40.26.212928 +0530,
,,,,349,0,349,0,1711.3630829998292,,,,,,,,,,,,,,,,,,,,,,1711.3414253997616,1711.3630829998292,1711.6725509797689,,1712.6392589998432,,,,,,sub002_saurabh,001,2024-05-14_12h40.04.723,final_exp_1.2_v1_18012024,2023.2.3,60.01893001684973,2024-05-14 12h40.26.212928 +0530,
,,,,350,0,350,0,1712.682920999825,,,,,,,,,,,,,,,,,,,,,,1712.641002499964,1712.682920999825,1712.9726158797275,1713.4865452996455,1713.9227377995849,,,,,,sub002_saurabh,001,2024-05-14_12h40.04.723,final_exp_1.2_v1_18012024,2023.2.3,60.01893001684973,2024-05-14 12h40.26.212928 +0530,
,,,,351,0,351,0,1713.9636438000016,,,,,,,,,,,,,,,,,,,,,,1713.9244925999083,1713.9636438000016,1714.2555708799046,,1715.2059688996524,,,,,,sub002_saurabh,001,2024-05-14_12h40.04.723,final_exp_1.2_v1_18012024,2023.2.3,60.01893001684973,2024-05-14 12h40.26.212928 +0530,
,,,,352,0,352,0,1715.243615299929,,,,,,,,,,,,,,,,,,,,,,1715.2075713998638,1715.243615299929,1715.5891297797207,1716.1446441998705,1716.4899493996054,,,,,,sub002_saurabh,001,2024-05-14_12h40.04.723,final_exp_1.2_v1_18012024,2023.2.3,60.01893001684973,2024-05-14 12h40.26.212928 +0530,
,,,,353,0,353,0,1716.5242794998921,,,,,,,,,,,,,,,,,,,,,,1716.4916832000017,1716.5242794998921,1716.8388632799033,1717.384908199776,1717.7892165998928,,,,,,sub002_saurabh,001,2024-05-14_12h40.04.723,final_exp_1.2_v1_18012024,2023.2.3,60.01893001684973,2024-05-14 12h40.26.212928 +0530,
,,,,354,0,354,0,1717.8056031996384,,,,,,,,,,,,,,,,,,,,,,1717.7908827997744,1717.8056031996384,1718.0887897799257,1718.64657219965,1719.07256509969,,,,,,sub002_saurabh,001,2024-05-14_12h40.04.723,final_exp_1.2_v1_18012024,2023.2.3,60.01893001684973,2024-05-14 12h40.26.212928 +0530,
,,,,355,0,355,0,1719.0891579999588,,,,,,,,,,,,,,,,,,,,,,1719.0743311997503,1719.0891579999588,1719.3727217798587,,1720.3571569998749,,,,,,sub002_saurabh,001,2024-05-14_12h40.04.723,final_exp_1.2_v1_18012024,2023.2.3,60.01893001684973,2024-05-14 12h40.26.212928 +0530,
,,,,356,0,356,0,1720.403312499635,,,,,,,,,,,,,,,,,,,,,,1720.3589293998666,1720.403312499635,1720.688753879862,,1721.6559456000105,,,,,,sub002_saurabh,001,2024-05-14_12h40.04.723,final_exp_1.2_v1_18012024,2023.2.3,60.01893001684973,2024-05-14 12h40.26.212928 +0530,
,,,,357,0,357,0,1721.6834169998765,,,,,,,,,,,,,,,,,,,,,,1721.6576019995846,1721.6834169998765,1722.038850779878,1722.5946926996112,1722.939376199618,,,,,,sub002_saurabh,001,2024-05-14_12h40.04.723,final_exp_1.2_v1_18012024,2023.2.3,60.01893001684973,2024-05-14 12h40.26.212928 +0530,
,,,,358,0,358,0,1722.9637787998654,,,,,,,,,,,,,,,,,,,,,,1722.9410473997705,1722.9637787998654,1723.3390703799669,1723.9447159999982,1724.2225778996944,,,,,,sub002_saurabh,001,2024-05-14_12h40.04.723,final_exp_1.2_v1_18012024,2023.2.3,60.01893001684973,2024-05-14 12h40.26.212928 +0530,
,,,,359,0,359,0,1724.2433380000293,,,,,,,,,,,,,,,,,,,,,,1724.2243602997623,1724.2433380000293,1724.6062737798784,1725.1148941996507,1725.5058889999054,,,,,,sub002_saurabh,001,2024-05-14_12h40.04.723,final_exp_1.2_v1_18012024,2023.2.3,60.01893001684973,2024-05-14 12h40.26.212928 +0530,
,,,,360,0,360,0,1725.5232261996716,,,,,,,,,,,,,,,,,,,,,,1725.5075613996014,1725.5232261996716,1725.9055502798874,1726.4730977998115,1726.7893011998385,,,,,,sub002_saurabh,001,2024-05-14_12h40.04.723,final_exp_1.2_v1_18012024,2023.2.3,60.01893001684973,2024-05-14 12h40.26.212928 +0530,
,,,,361,0,361,0,1726.8060605996288,,,,,,,,,,,,,,,,,,,,,,1726.790906399954,1726.8060605996288,1727.1893081797753,1727.7949400995858,1728.0724667999893,,,,,,sub002_saurabh,001,2024-05-14_12h40.04.723,final_exp_1.2_v1_18012024,2023.2.3,60.01893001684973,2024-05-14 12h40.26.212928 +0530,
,,,,362,0,362,0,1728.0890496997163,,,,,,,,,,,,,,,,,,,,,,1728.0741880997084,1728.0890496997163,1728.4394993798342,1728.9664606996812,1729.3561585997231,,,,,,sub002_saurabh,001,2024-05-14_12h40.04.723,final_exp_1.2_v1_18012024,2023.2.3,60.01893001684973,2024-05-14 12h40.26.212928 +0530,
,,,,363,0,363,0,1729.3727807998657,,,,,,,,,,,,,,,,,,,,,,1729.357926900033,1729.3727807998657,1729.7555929797236,1730.3237633998506,1730.639901699964,,,,,,sub002_saurabh,001,2024-05-14_12h40.04.723,final_exp_1.2_v1_18012024,2023.2.3,60.01893001684973,2024-05-14 12h40.26.212928 +0530,
,,,,364,0,364,0,1730.6831044997089,,,,,,,,,,,,,,,,,,,,,,1730.6415969999507,1730.6831044997089,1730.9556680798996,1731.495497299824,1731.9231289997697,,,,,,sub002_saurabh,001,2024-05-14_12h40.04.723,final_exp_1.2_v1_18012024,2023.2.3,60.01893001684973,2024-05-14 12h40.26.212928 +0530,
,,,,365,0,365,0,1731.9638763000257,,,,,,,,,,,,,,,,,,,,,,1731.924896999728,1731.9638763000257,1732.3222283797804,,1733.2060421998613,,,,,,sub002_saurabh,001,2024-05-14_12h40.04.723,final_exp_1.2_v1_18012024,2023.2.3,60.01893001684973,2024-05-14 12h40.26.212928 +0530,
,,,,366,0,366,0,1733.2439993997104,,,,,,,,,,,,,,,,,,,,,,1733.2077364996076,1733.2439993997104,1733.5389574796427,,1734.4896006998606,,,,,,sub002_saurabh,001,2024-05-14_12h40.04.723,final_exp_1.2_v1_18012024,2023.2.3,60.01893001684973,2024-05-14 12h40.26.212928 +0530,
,,,,367,0,367,0,1734.523855799809,,,,,,,,,,,,,,,,,,,,,,1734.4912998997606,1734.523855799809,1734.8388830798212,1735.3847590000369,1735.7730453000404,,,,,,sub002_saurabh,001,2024-05-14_12h40.04.723,final_exp_1.2_v1_18012024,2023.2.3,60.01893001684973,2024-05-14 12h40.26.212928 +0530,
,,,,368,0,368,0,1735.8031829996035,,,,,,,,,,,,,,,,,,,,,,1735.7747533000074,1735.8031829996035,1736.1223137800116,,1737.0561027997173,,,,,,sub002_saurabh,001,2024-05-14_12h40.04.723,final_exp_1.2_v1_18012024,2023.2.3,60.01893001684973,2024-05-14 12h40.26.212928 +0530,
,,,,369,0,369,0,1737.0832938998938,,,,,,,,,,,,,,,,,,,,,,1737.0577864996158,1737.0832938998938,1737.4389356796164,1737.9948056000285,1738.3394126999192,,,,,,sub002_saurabh,001,2024-05-14_12h40.04.723,final_exp_1.2_v1_18012024,2023.2.3,60.01893001684973,2024-05-14 12h40.26.212928 +0530,
,,,,370,0,370,0,1738.3639572998509,,,,,,,,,,,,,,,,,,,,,,1738.3411284997128,1738.3639572998509,1738.7056798797566,,1739.622762199957,,,,,,sub002_saurabh,001,2024-05-14_12h40.04.723,final_exp_1.2_v1_18012024,2023.2.3,60.01893001684973,2024-05-14 12h40.26.212928 +0530,
,,,,371,0,371,0,1739.6431674999185,,,,,,,,,,,,,,,,,,,,,,1739.6245234999806,1739.6431674999185,1740.0056111796293,1740.5666680997238,1740.9060464999638,,,,,,sub002_saurabh,001,2024-05-14_12h40.04.723,final_exp_1.2_v1_18012024,2023.2.3,60.01893001684973,2024-05-14 12h40.26.212928 +0530,
,,,,372,0,372,0,1740.9234961997718,,,,,,,,,,,,,,,,,,,,,,1740.907784699928,1740.9234961997718,1741.2055366795976,1741.7665973999538,1742.189395299647,,,,,,sub002_saurabh,001,2024-05-14_12h40.04.723,final_exp_1.2_v1_18012024,2023.2.3,60.01893001684973,2024-05-14 12h40.26.212928 +0530,
,,,,373,0,373,0,1742.2058115997352,,,,,,,,,,,,,,,,,,,,,,1742.191136199981,1742.2058115997352,1742.5724408796523,1743.1668665995821,1743.4727319995873,,,,,,sub002_saurabh,001,2024-05-14_12h40.04.723,final_exp_1.2_v1_18012024,2023.2.3,60.01893001684973,2024-05-14 12h40.26.212928 +0530,
,,,,374,0,374,0,1743.4896089998074,,,,,,,,,,,,,,,,,,,,,,1743.474475799594,1743.4896089998074,1743.8055339797866,1744.3149310997687,1744.7565984996036,,,,,,sub002_saurabh,001,2024-05-14_12h40.04.723,final_exp_1.2_v1_18012024,2023.2.3,60.01893001684973,2024-05-14 12h40.26.212928 +0530,
,,,,375,0,375,0,1744.8026009998284,,,,,,,,,,,,,,,,,,,,,,1744.7584695997648,1744.8026009998284,1745.089517679764,1745.6464189998806,1746.0394397997297,,,,,,sub002_saurabh,001,2024-05-14_12h40.04.723,final_exp_1.2_v1_18012024,2023.2.3,60.01893001684973,2024-05-14 12h40.26.212928 +0530,
,,,,376,0,376,0,1746.0837066997774,,,,,,,,,,,,,,,,,,,,,,1746.0411209999584,1746.0837066997774,1746.3556873796042,1746.9148124000058,1747.3228837996721,,,,,,sub002_saurabh,001,2024-05-14_12h40.04.723,final_exp_1.2_v1_18012024,2023.2.3,60.01893001684973,2024-05-14 12h40.26.212928 +0530,
,,,,377,0,377,0,1747.3632902996615,,,,,,,,,,,,,,,,,,,,,,1747.3246196997352,1747.3632902996615,1747.6724283799995,1748.194900999777,1748.6061359997839,,,,,,sub002_saurabh,001,2024-05-14_12h40.04.723,final_exp_1.2_v1_18012024,2023.2.3,60.01893001684973,2024-05-14 12h40.26.212928 +0530,
,,,,378,0,378,0,1748.6432270999067,,,,,,,,,,,,,,,,,,,,,,1748.607882999815,1748.6432270999067,1749.0056735796388,,1749.8894738997333,,,,,,sub002_saurabh,001,2024-05-14_12h40.04.723,final_exp_1.2_v1_18012024,2023.2.3,60.01893001684973,2024-05-14 12h40.26.212928 +0530,
,,,,379,0,379,0,1749.923130699899,,,,,,,,,,,,,,,,,,,,,,1749.8911671997048,1749.923130699899,1750.2056971800048,1750.7357444996014,1751.1732460996136,,,,,,sub002_saurabh,001,2024-05-14_12h40.04.723,final_exp_1.2_v1_18012024,2023.2.3,60.01893001684973,2024-05-14 12h40.26.212928 +0530,
,,,,380,0,380,0,1751.2033603000455,,,,,,,,,,,,,,,,,,,,,,1751.174924199935,1751.2033603000455,1751.5058105799835,1752.0724675999954,1752.4562841998413,,,,,,sub002_saurabh,001,2024-05-14_12h40.04.723,final_exp_1.2_v1_18012024,2023.2.3,60.01893001684973,2024-05-14 12h40.26.212928 +0530,
,,,,381,0,381,0,1752.4829944996163,,,,,,,,,,,,,,,,,,,,,,1752.4579168995842,1752.4829944996163,1752.80636657984,1753.365684099961,1753.7394388997927,,,,,,sub002_saurabh,001,2024-05-14_12h40.04.723,final_exp_1.2_v1_18012024,2023.2.3,60.01893001684973,2024-05-14 12h40.26.212928 +0530,
,,,,382,0,382,0,1753.7635265998542,,,,,,,,,,,,,,,,,,,,,,1753.7411780999973,1753.7635265998542,1754.1391560796183,1754.6957044997253,1755.022736999672,,,,,,sub002_saurabh,001,2024-05-14_12h40.04.723,final_exp_1.2_v1_18012024,2023.2.3,60.01893001684973,2024-05-14 12h40.26.212928 +0530,
,,,,383,0,383,0,1755.0440294998698,,,,,,,,,,,,,,,,,,,,,,1755.0244601997547,1755.0440294998698,1755.3723242797423,1755.9436182999052,1756.3061615996994,,,,,,sub002_saurabh,001,2024-05-14_12h40.04.723,final_exp_1.2_v1_18012024,2023.2.3,60.01893001684973,2024-05-14 12h40.26.212928 +0530,
,,,,384,0,384,0,1756.324063600041,,,,,,,,,,,,,,,,,,,,,,1756.3078667996451,1756.324063600041,1756.689008079702,1757.2453650999814,1757.5895906998776,,,,,,sub002_saurabh,001,2024-05-14_12h40.04.723,final_exp_1.2_v1_18012024,2023.2.3,60.01893001684973,2024-05-14 12h40.26.212928 +0530,
,,,,385,0,385,0,1757.605782599654,,,,,,,,,,,,,,,,,,,,,,1757.591290900018,1757.605782599654,1757.9223896798212,1758.4741307999939,1758.8727881000377,,,,,,sub002_saurabh,001,2024-05-14_12h40.04.723,final_exp_1.2_v1_18012024,2023.2.3,60.01893001684973,2024-05-14 12h40.26.212928 +0530,
,,,,386,0,386,0,1758.8895323998295,,,,,,,,,,,,,,,,,,,,,,1758.874444599729,1758.8895323998295,1759.205691179959,1759.7948998999782,1760.1562401996925,,,,,,sub002_saurabh,001,2024-05-14_12h40.04.723,final_exp_1.2_v1_18012024,2023.2.3,60.01893001684973,2024-05-14 12h40.26.212928 +0530,
,,,,387,0,387,0,1760.1725693996996,,,,,,,,,,,,,,,,,,,,,,1760.1579660996795,1760.1725693996996,1760.522397579858,1761.0649072998203,1761.439949600026,,,,,,sub002_saurabh,001,2024-05-14_12h40.04.723,final_exp_1.2_v1_18012024,2023.2.3,60.01893001684973,2024-05-14 12h40.26.212928 +0530,
,,,,388,0,388,0,1761.4828650997952,,,,,,,,,,,,,,,,,,,,,,1761.4416779000312,1761.4828650997952,1761.8057110796217,1762.374027099926,1762.7229076996446,,,,,,sub002_saurabh,001,2024-05-14_12h40.04.723,final_exp_1.2_v1_18012024,2023.2.3,60.01893001684973,2024-05-14 12h40.26.212928 +0530,
,,,,389,0,389,0,1762.763833699748,,,,,,,,,,,,,,,,,,,,,,1762.7246930999681,1762.763833699748,1763.0557537798304,1763.584809999913,1764.0062773996033,,,,,,sub002_saurabh,001,2024-05-14_12h40.04.723,final_exp_1.2_v1_18012024,2023.2.3,60.01893001684973,2024-05-14 12h40.26.212928 +0530,
,,,,390,0,390,0,1764.0432556997985,,,,,,,,,,,,,,,,,,,,,,1764.0079240999185,1764.0432556997985,1764.4058234796394,1764.9149078000337,1765.2897076997906,,,,,,sub002_saurabh,001,2024-05-14_12h40.04.723,final_exp_1.2_v1_18012024,2023.2.3,60.01893001684973,2024-05-14 12h40.26.212928 +0530,
,,,,391,0,391,0,1765.3230897998437,,,,,,,,,,,,,,,,,,,,,,1765.2914473996498,1765.3230897998437,1765.672365179984,1766.2249133996665,1766.5729151996784,,,,,,sub002_saurabh,001,2024-05-14_12h40.04.723,final_exp_1.2_v1_18012024,2023.2.3,60.01893001684973,2024-05-14 12h40.26.212928 +0530,
,,,,392,0,392,0,1766.6034001000226,,,,,,,,,,,,,,,,,,,,,,1766.5746647999622,1766.6034001000226,1766.8890988796484,1767.4458967000246,1767.8562679998577,,,,,,sub002_saurabh,001,2024-05-14_12h40.04.723,final_exp_1.2_v1_18012024,2023.2.3,60.01893001684973,2024-05-14 12h40.26.212928 +0530,
,,,,393,0,393,0,1767.8832631995901,,,,,,,,,,,,,,,,,,,,,,1767.8579494999722,1767.8832631995901,1768.256108779693,,1769.1395482998341,,,,,,sub002_saurabh,001,2024-05-14_12h40.04.723,final_exp_1.2_v1_18012024,2023.2.3,60.01893001684973,2024-05-14 12h40.26.212928 +0530,
,,,,394,0,394,0,1769.1637342995964,,,,,,,,,,,,,,,,,,,,,,1769.1412808997557,1769.1637342995964,1769.472799679963,1770.0441586999223,1770.4228269997984,,,,,,sub002_saurabh,001,2024-05-14_12h40.04.723,final_exp_1.2_v1_18012024,2023.2.3,60.01893001684973,2024-05-14 12h40.26.212928 +0530,
,,,,395,0,395,0,1770.4440225996077,,,,,,,,,,,,,,,,,,,,,,1770.4245472997427,1770.4440225996077,1770.7224203797523,1771.3150133998133,1771.7062871996313,,,,,,sub002_saurabh,001,2024-05-14_12h40.04.723,final_exp_1.2_v1_18012024,2023.2.3,60.01893001684973,2024-05-14 12h40.26.212928 +0530,
,,,,396,0,396,0,1771.7236281996593,,,,,,,,,,,,,,,,,,,,,,1771.7086649998091,1771.7236281996593,1772.0725084797014,,1772.990011499729,,,,,,sub002_saurabh,001,2024-05-14_12h40.04.723,final_exp_1.2_v1_18012024,2023.2.3,60.01893001684973,2024-05-14 12h40.26.212928 +0530,
,,,,397,0,397,0,1773.0064693996683,,,,,,,,,,,,,,,,,,,,,,1772.9917297000065,1773.0064693996683,1773.3891416799743,,1774.2729135998525,,,,,,sub002_saurabh,001,2024-05-14_12h40.04.723,final_exp_1.2_v1_18012024,2023.2.3,60.01893001684973,2024-05-14 12h40.26.212928 +0530,
,,,,398,0,398,0,1774.2891813996248,,,,,,,,,,,,,,,,,,,,,,1774.2746676998213,1774.2891813996248,1774.5890982795972,1775.0959622999653,1775.5563146998174,,,,,,sub002_saurabh,001,2024-05-14_12h40.04.723,final_exp_1.2_v1_18012024,2023.2.3,60.01893001684973,2024-05-14 12h40.26.212928 +0530,
,,,,399,0,399,0,1775.5729892998934,,,,,,,,,,,,,,,,,,,,,,1775.5580535996705,1775.5729892998934,1775.9057888796087,1776.4649093998596,1776.840667499695,,,,,,sub002_saurabh,001,2024-05-14_12h40.04.723,final_exp_1.2_v1_18012024,2023.2.3,60.01893001684973,2024-05-14 12h40.26.212928 +0530,
,,,,400,0,400,0,1776.8843616000377,,,,,,,,,,,,,,,,,,,,,,1776.8423841996118,1776.8843616000377,1777.2558276799973,,1778.1400725999847,,,,,,sub002_saurabh,001,2024-05-14_12h40.04.723,final_exp_1.2_v1_18012024,2023.2.3,60.01893001684973,2024-05-14 12h40.26.212928 +0530,
,,,,401,0,401,0,1778.16348499991,,,,,,,,,,,,,,,,,,,,,,1778.1417631995864,1778.16348499991,1778.539264980005,1779.0951585997827,1779.4230368998833,,,,,,sub002_saurabh,001,2024-05-14_12h40.04.723,final_exp_1.2_v1_18012024,2023.2.3,60.01893001684973,2024-05-14 12h40.26.212928 +0530,
,,,,402,0,402,0,1779.4436558997259,,,,,,,,,,,,,,,,,,,,,,1779.4247609996237,1779.4436558997259,1779.7892519796733,,1780.7063826997764,,,,,,sub002_saurabh,001,2024-05-14_12h40.04.723,final_exp_1.2_v1_18012024,2023.2.3,60.01893001684973,2024-05-14 12h40.26.212928 +0530,
,,,,403,0,403,0,1780.7231141999364,,,,,,,,,,,,,,,,,,,,,,1780.7081055999734,1780.7231141999364,1781.0058296800125,1781.5750498999842,1781.9903878998011,,,,,,sub002_saurabh,001,2024-05-14_12h40.04.723,final_exp_1.2_v1_18012024,2023.2.3,60.01893001684973,2024-05-14 12h40.26.212928 +0530,
,,,,404,0,404,0,1782.0060188998468,,,,,,,,,,,,,,,,,,,,,,1781.9920679996721,1782.0060188998468,1782.3730212796945,1782.9358490998857,1783.4205884998664,1783.4665828999132,,,,,sub002_saurabh,001,2024-05-14_12h40.04.723,final_exp_1.2_v1_18012024,2023.2.3,60.01893001684973,2024-05-14 12h40.26.212928 +0530,
,,,,405,0,405,0,1783.4665828999132,,,,,,,,,,,,,,,,,,,,,,1783.4223318998702,1783.4665828999132,1783.7726143796463,1784.3349220999517,1784.7063179998659,,,,,,sub002_saurabh,001,2024-05-14_12h40.04.723,final_exp_1.2_v1_18012024,2023.2.3,60.01893001684973,2024-05-14 12h40.26.212928 +0530,
,,,,406,0,406,0,1784.7470824997872,,,,,,,,,,,,,,,,,,,,,,1784.708052800037,1784.7470824997872,1785.0560534799006,,1785.989753099624,,,,,,sub002_saurabh,001,2024-05-14_12h40.04.723,final_exp_1.2_v1_18012024,2023.2.3,60.01893001684973,2024-05-14 12h40.26.212928 +0530,
,,,,407,0,407,0,1786.0251492997631,,,,,,,,,,,,,,,,,,,,,,1785.9915008996613,1786.0251492997631,1786.3892866799142,1786.945007799659,1787.2729880996048,,,,,,sub002_saurabh,001,2024-05-14_12h40.04.723,final_exp_1.2_v1_18012024,2023.2.3,60.01893001684973,2024-05-14 12h40.26.212928 +0530,
,,,,408,0,408,0,1787.3065966996364,,,,,,,,,,,,,,,,,,,,,,1787.274744299706,1787.3065966996364,1787.6224468799774,,1788.5576728000306,,,,,,sub002_saurabh,001,2024-05-14_12h40.04.723,final_exp_1.2_v1_18012024,2023.2.3,60.01893001684973,2024-05-14 12h40.26.212928 +0530,
,,,,409,0,409,0,1788.5884834998287,,,,,,,,,,,,,,,,,,,,,,1788.5596459000371,1788.5884834998287,1788.8894214800093,,1789.856255899649,,,,,,sub002_saurabh,001,2024-05-14_12h40.04.723,final_exp_1.2_v1_18012024,2023.2.3,60.01893001684973,2024-05-14 12h40.26.212928 +0530,
,,,,410,0,410,0,1789.8731088996865,,,,,,,,,,,,,,,,,,,,,,1789.8579448997043,1789.8731088996865,1790.2559741798323,1790.8151161000133,1791.139960799832,,,,,,sub002_saurabh,001,2024-05-14_12h40.04.723,final_exp_1.2_v1_18012024,2023.2.3,60.01893001684973,2024-05-14 12h40.26.212928 +0530,
,,,,411,0,411,0,1791.1857015998103,,,,,,,,,,,,,,,,,,,,,,1791.1418095999397,1791.1857015998103,1791.4725745797623,1792.0153518998995,1792.423621499911,,,,,,sub002_saurabh,001,2024-05-14_12h40.04.723,final_exp_1.2_v1_18012024,2023.2.3,60.01893001684973,2024-05-14 12h40.26.212928 +0530,
,,,,412,0,412,0,1792.4667198997922,,,,,,,,,,,,,,,,,,,,,,1792.4253342999145,1792.4667198997922,1792.7558986798394,1793.315985399764,1793.7230095998384,,,,,,sub002_saurabh,001,2024-05-14_12h40.04.723,final_exp_1.2_v1_18012024,2023.2.3,60.01893001684973,2024-05-14 12h40.26.212928 +0530,
,,,,413,0,413,0,1793.7466237996705,,,,,,,,,,,,,,,,,,,,,,1793.7246999996714,1793.7466237996705,1794.0558991797734,,1795.0063904998824,,,,,,sub002_saurabh,001,2024-05-14_12h40.04.723,final_exp_1.2_v1_18012024,2023.2.3,60.01893001684973,2024-05-14 12h40.26.212928 +0530,
,,,,414,0,414,0,1795.0268879998475,,,,,,,,,,,,,,,,,,,,,,1795.0081384000368,1795.0268879998475,1795.3226791799534,,1796.2897407999262,,,,,,sub002_saurabh,001,2024-05-14_12h40.04.723,final_exp_1.2_v1_18012024,2023.2.3,60.01893001684973,2024-05-14 12h40.26.212928 +0530,
,,,,415,0,415,0,1796.3054113998078,,,,,,,,,,,,,,,,,,,,,,1796.2914902996272,1796.3054113998078,1796.605888479622,1797.1650969996117,1797.5729916999117,,,,,,sub002_saurabh,001,2024-05-14_12h40.04.723,final_exp_1.2_v1_18012024,2023.2.3,60.01893001684973,2024-05-14 12h40.26.212928 +0530,
,,,,416,0,416,0,1797.5898903999478,,,,,,,,,,,,,,,,,,,,,,1797.5748139997013,1797.5898903999478,1797.905977980001,,1798.856405199971,,,,,,sub002_saurabh,001,2024-05-14_12h40.04.723,final_exp_1.2_v1_18012024,2023.2.3,60.01893001684973,2024-05-14 12h40.26.212928 +0530,
,,,,417,0,417,0,1798.8728822995909,,,,,,,,,,,,,,,,,,,,,,1798.8580845999531,1798.8728822995909,1799.2402356800158,1799.7460544998758,1800.1395755996928,,,,,,sub002_saurabh,001,2024-05-14_12h40.04.723,final_exp_1.2_v1_18012024,2023.2.3,60.01893001684973,2024-05-14 12h40.26.212928 +0530,
,,,,418,0,418,0,1800.1565749999136,,,,,,,,,,,,,,,,,,,,,,1800.1413463000208,1800.1565749999136,1800.4726229796652,1800.9961782000028,1801.4236623998731,,,,,,sub002_saurabh,001,2024-05-14_12h40.04.723,final_exp_1.2_v1_18012024,2023.2.3,60.01893001684973,2024-05-14 12h40.26.212928 +0530,
,,,,419,0,419,0,1801.4666672996245,,,,,,,,,,,,,,,,,,,,,,1801.425377999898,1801.4666672996245,1801.7397554798517,1802.2852439000271,1802.706512699835,,,,,,sub002_saurabh,001,2024-05-14_12h40.04.723,final_exp_1.2_v1_18012024,2023.2.3,60.01893001684973,2024-05-14 12h40.26.212928 +0530,
,,,,420,0,420,0,1802.7461983999237,,,,,,,,,,,,,,,,,,,,,,1802.708194699604,1802.7461983999237,1803.0893303796183,1803.6363774999045,1803.9898613998666,,,,,,sub002_saurabh,001,2024-05-14_12h40.04.723,final_exp_1.2_v1_18012024,2023.2.3,60.01893001684973,2024-05-14 12h40.26.212928 +0530,
,,,,421,0,421,0,1804.0257555996068,,,,,,,,,,,,,,,,,,,,,,1803.991574099753,1804.0257555996068,1804.3393471797463,1804.895044399891,1805.273218399845,,,,,,sub002_saurabh,001,2024-05-14_12h40.04.723,final_exp_1.2_v1_18012024,2023.2.3,60.01893001684973,2024-05-14 12h40.26.212928 +0530,
,,,,422,0,422,0,1805.309427799657,,,,,,,,,,,,,,,,,,,,,,1805.27484049974,1805.309427799657,1805.572599979816,1806.086355699692,1806.5564125999808,,,,,,sub002_saurabh,001,2024-05-14_12h40.04.723,final_exp_1.2_v1_18012024,2023.2.3,60.01893001684973,2024-05-14 12h40.26.212928 +0530,
,,,,423,0,423,0,1806.5853411997668,,,,,,,,,,,,,,,,,,,,,,1806.5580776999705,1806.5853411997668,1806.9227530800272,1807.4360431996174,1807.839788199868,,,,,,sub002_saurabh,001,2024-05-14_12h40.04.723,final_exp_1.2_v1_18012024,2023.2.3,60.01893001684973,2024-05-14 12h40.26.212928 +0530,
,,,,424,0,424,0,1807.8656621999107,,,,,,,,,,,,,,,,,,,,,,1807.8414868996479,1807.8656621999107,1808.239595279796,1808.8151676999405,1809.1231196997687,,,,,,sub002_saurabh,001,2024-05-14_12h40.04.723,final_exp_1.2_v1_18012024,2023.2.3,60.01893001684973,2024-05-14 12h40.26.212928 +0530,
,,,,425,0,425,0,1809.1457078997046,,,,,,,,,,,,,,,,,,,,,,1809.124897199683,1809.1457078997046,1809.472650779644,,1810.4064672999084,,,,,,sub002_saurabh,001,2024-05-14_12h40.04.723,final_exp_1.2_v1_18012024,2023.2.3,60.01893001684973,2024-05-14 12h40.26.212928 +0530,
,,,,426,0,426,0,1810.4260103995912,,,,,,,,,,,,,,,,,,,,,,1810.4081748998724,1810.4260103995912,1810.8061038798187,1811.374018999748,1811.6901883999817,,,,,,sub002_saurabh,001,2024-05-14_12h40.04.723,final_exp_1.2_v1_18012024,2023.2.3,60.01893001684973,2024-05-14 12h40.26.212928 +0530,
,,,,427,0,427,0,1811.7057909998111,,,,,,,,,,,,,,,,,,,,,,1811.6919066999108,1811.7057909998111,1812.006184779806,1812.5458963997662,1812.9730872996151,,,,,,sub002_saurabh,001,2024-05-14_12h40.04.723,final_exp_1.2_v1_18012024,2023.2.3,60.01893001684973,2024-05-14 12h40.26.212928 +0530,
,,,,428,0,428,0,1812.9898688998073,,,,,,,,,,,,,,,,,,,,,,1812.9747731997631,1812.9898688998073,1813.27270407998,,1814.25647619972,,,,,,sub002_saurabh,001,2024-05-14_12h40.04.723,final_exp_1.2_v1_18012024,2023.2.3,60.01893001684973,2024-05-14 12h40.26.212928 +0530,
,,,,429,0,429,0,1814.2732619997114,,,,,,,,,,,,,,,,,,,,,,1814.2582103000022,1814.2732619997114,1814.5560686800163,,1815.5398346995935,,,,,,sub002_saurabh,001,2024-05-14_12h40.04.723,final_exp_1.2_v1_18012024,2023.2.3,60.01893001684973,2024-05-14 12h40.26.212928 +0530,
,,,,430,0,430,0,1815.5862765996717,,,,,,,,,,,,,,,,,,,,,,1815.5415733996779,1815.5862765996717,1815.889392979676,1816.4151629996486,1816.8235714999028,,,,,,sub002_saurabh,001,2024-05-14_12h40.04.723,final_exp_1.2_v1_18012024,2023.2.3,60.01893001684973,2024-05-14 12h40.26.212928 +0530,
,,,,431,0,431,0,1816.8657227996737,,,,,,,,,,,,,,,,,,,,,,1816.8253456996754,1816.8657227996737,1817.1228144799825,,1818.1066083000042,,,,,,sub002_saurabh,001,2024-05-14_12h40.04.723,final_exp_1.2_v1_18012024,2023.2.3,60.01893001684973,2024-05-14 12h40.26.212928 +0530,
,,,,432,0,432,0,1818.1451997999102,,,,,,,,,,,,,,,,,,,,,,1818.1083783996291,1818.1451997999102,1818.4061807796825,1818.946166199632,1819.389818399679,,,,,,sub002_saurabh,001,2024-05-14_12h40.04.723,final_exp_1.2_v1_18012024,2023.2.3,60.01893001684973,2024-05-14 12h40.26.212928 +0530,
,,,,433,0,433,0,1819.4255062998272,,,,,,,,,,,,,,,,,,,,,,1819.391572599765,1819.4255062998272,1819.7228454796132,,1820.6732327998616,,,,,,sub002_saurabh,001,2024-05-14_12h40.04.723,final_exp_1.2_v1_18012024,2023.2.3,60.01893001684973,2024-05-14 12h40.26.212928 +0530,
,,,,434,0,434,0,1820.705699000042,,,,,,,,,,,,,,,,,,,,,,1820.6749306996353,1820.705699000042,1821.0728017797228,1821.6361248996109,1821.9565848996863,,,,,,sub002_saurabh,001,2024-05-14_12h40.04.723,final_exp_1.2_v1_18012024,2023.2.3,60.01893001684973,2024-05-14 12h40.26.212928 +0530,
,,,,435,0,435,0,1821.985285999719,,,,,,,,,,,,,,,,,,,,,,1821.958402799908,1821.985285999719,1822.3393381799106,1822.845231199637,1823.2398977996781,,,,,,sub002_saurabh,001,2024-05-14_12h40.04.723,final_exp_1.2_v1_18012024,2023.2.3,60.01893001684973,2024-05-14 12h40.26.212928 +0530,
,,,,436,0,436,0,1823.2666029999964,,,,,,,,,,,,,,,,,,,,,,1823.2416173997335,1823.2666029999964,1823.6061829796527,,1824.5231957999058,,,,,,sub002_saurabh,001,2024-05-14_12h40.04.723,final_exp_1.2_v1_18012024,2023.2.3,60.01893001684973,2024-05-14 12h40.26.212928 +0530,
,,,,437,0,437,0,1824.5453437999822,,,,,,,,,,,,,,,,,,,,,,1824.5249202996492,1824.5453437999822,1824.9228327798191,1825.4853131999262,1825.8064992995933,,,,,,sub002_saurabh,001,2024-05-14_12h40.04.723,final_exp_1.2_v1_18012024,2023.2.3,60.01893001684973,2024-05-14 12h40.26.212928 +0530,
,,,,438,0,438,0,1825.8261425998062,,,,,,,,,,,,,,,,,,,,,,1825.80824009981,1825.8261425998062,1826.1894915800076,1826.735239399597,1827.0903713000007,,,,,,sub002_saurabh,001,2024-05-14_12h40.04.723,final_exp_1.2_v1_18012024,2023.2.3,60.01893001684973,2024-05-14 12h40.26.212928 +0530,
,,,,439,0,439,0,1827.1055002999492,,,,,,,,,,,,,,,,,,,,,,1827.0920588998124,1827.1055002999492,1827.4233932800125,1827.9658745997585,1828.3732482995838,,,,,,sub002_saurabh,001,2024-05-14_12h40.04.723,final_exp_1.2_v1_18012024,2023.2.3,60.01893001684973,2024-05-14 12h40.26.212928 +0530,
,,,,440,0,440,0,1828.3896129997447,,,,,,,,,,,,,,,,,,,,,,1828.3749627997167,1828.3896129997447,1828.7232196799014,1829.3353260997683,1829.6565687996335,,,,,,sub002_saurabh,001,2024-05-14_12h40.04.723,final_exp_1.2_v1_18012024,2023.2.3,60.01893001684973,2024-05-14 12h40.26.212928 +0530,
,,,,441,0,441,0,1829.6729613998905,,,,,,,,,,,,,,,,,,,,,,1829.658303800039,1829.6729613998905,1829.9894297795836,,1830.9397746999748,,,,,,sub002_saurabh,001,2024-05-14_12h40.04.723,final_exp_1.2_v1_18012024,2023.2.3,60.01893001684973,2024-05-14 12h40.26.212928 +0530,
,,,,442,0,442,0,1830.9854456996545,,,,,,,,,,,,,,,,,,,,,,1830.9414902999997,1830.9854456996545,1831.3234217797872,1831.8860777998343,1832.223943699617,,,,,,sub002_saurabh,001,2024-05-14_12h40.04.723,final_exp_1.2_v1_18012024,2023.2.3,60.01893001684973,2024-05-14 12h40.26.212928 +0530,
,,,,443,0,443,0,1832.2668597996235,,,,,,,,,,,,,,,,,,,,,,1832.2256771000102,1832.2668597996235,1832.572949979687,1833.086154599674,1833.506741499994,,,,,,sub002_saurabh,001,2024-05-14_12h40.04.723,final_exp_1.2_v1_18012024,2023.2.3,60.01893001684973,2024-05-14 12h40.26.212928 +0530,
,,,,444,0,444,0,1833.5466358000413,,,,,,,,,,,,,,,,,,,,,,1833.5084966998547,1833.5466358000413,1833.840867379913,1834.3961489996873,1834.7901235995814,,,,,,sub002_saurabh,001,2024-05-14_12h40.04.723,final_exp_1.2_v1_18012024,2023.2.3,60.01893001684973,2024-05-14 12h40.26.212928 +0530,
,,,,445,0,445,0,1834.8268326995894,,,,,,,,,,,,,,,,,,,,,,1834.7918569999747,1834.8268326995894,1835.1229527799878,1835.6660849000327,1836.073612399865,,,,,,sub002_saurabh,001,2024-05-14_12h40.04.723,final_exp_1.2_v1_18012024,2023.2.3,60.01893001684973,2024-05-14 12h40.26.212928 +0530,
,,,,446,0,446,0,1836.1075227996334,,,,,,,,,,,,,,,,,,,,,,1836.075371099636,1836.1075227996334,1836.3733594797086,1836.9452565996908,1837.3566262996756,,,,,,sub002_saurabh,001,2024-05-14_12h40.04.723,final_exp_1.2_v1_18012024,2023.2.3,60.01893001684973,2024-05-14 12h40.26.212928 +0530,
,,,,447,0,447,0,1837.386594099924,,,,,,,,,,,,,,,,,,,,,,1837.3583910996094,1837.386594099924,1837.7233567798976,,1838.6398966000415,,,,,,sub002_saurabh,001,2024-05-14_12h40.04.723,final_exp_1.2_v1_18012024,2023.2.3,60.01893001684973,2024-05-14 12h40.26.212928 +0530,
,,,,448,0,448,0,1838.666195999831,,,,,,,,,,,,,,,,,,,,,,1838.6415633000433,1838.666195999831,1838.9895174799021,1839.5653597000055,1839.923287099693,,,,,,sub002_saurabh,001,2024-05-14_12h40.04.723,final_exp_1.2_v1_18012024,2023.2.3,60.01893001684973,2024-05-14 12h40.26.212928 +0530,
,,,,449,0,449,0,1839.9459529998712,,,,,,,,,,,,,,,,,,,,,,1839.9250345998444,1839.9459529998712,1840.3062580798287,1840.8362105996348,1841.206639699638,,,,,,sub002_saurabh,001,2024-05-14_12h40.04.723,final_exp_1.2_v1_18012024,2023.2.3,60.01893001684973,2024-05-14 12h40.26.212928 +0530,
,,,,450,0,450,0,1841.2262071999721,,,,,,,,,,,,,,,,,,,,,,1841.208389800042,1841.2262071999721,1841.5895092797,1842.095257199835,1842.4899341999553,,,,,,sub002_saurabh,001,2024-05-14_12h40.04.723,final_exp_1.2_v1_18012024,2023.2.3,60.01893001684973,2024-05-14 12h40.26.212928 +0530,
,,,,451,0,451,0,1842.5057167997584,,,,,,,,,,,,,,,,,,,,,,1842.491678999737,1842.5057167997584,1842.8561580798123,,1843.7732249996625,,,,,,sub002_saurabh,001,2024-05-14_12h40.04.723,final_exp_1.2_v1_18012024,2023.2.3,60.01893001684973,2024-05-14 12h40.26.212928 +0530,
,,,,452,0,452,0,1843.7900890000165,,,,,,,,,,,,,,,,,,,,,,1843.7749540000223,1843.7900890000165,1844.1229226796422,1844.685412099585,1845.0565223996527,,,,,,sub002_saurabh,001,2024-05-14_12h40.04.723,final_exp_1.2_v1_18012024,2023.2.3,60.01893001684973,2024-05-14 12h40.26.212928 +0530,
,,,,453,0,453,0,1845.0730899996124,,,,,,,,,,,,,,,,,,,,,,1845.0581895997748,1845.0730899996124,1845.4063242797274,,1846.339835199993,,,,,,sub002_saurabh,001,2024-05-14_12h40.04.723,final_exp_1.2_v1_18012024,2023.2.3,60.01893001684973,2024-05-14 12h40.26.212928 +0530,
,,,,454,0,454,0,1846.3855949998833,,,,,,,,,,,,,,,,,,,,,,1846.3415815997869,1846.3855949998833,1846.6729619798716,,1847.6239100997336,,,,,,sub002_saurabh,001,2024-05-14_12h40.04.723,final_exp_1.2_v1_18012024,2023.2.3,60.01893001684973,2024-05-14 12h40.26.212928 +0530,
,,,,455,0,455,0,1847.6658561998047,,,,,,,,,,,,,,,,,,,,,,1847.6255827997811,1847.6658561998047,1848.0230038797017,1848.5454070996493,1848.9068028000183,,,,,,sub002_saurabh,001,2024-05-14_12h40.04.723,final_exp_1.2_v1_18012024,2023.2.3,60.01893001684973,2024-05-14 12h40.26.212928 +0530,
,,,,456,0,456,0,1848.9460432999767,,,,,,,,,,,,,,,,,,,,,,1848.9085664995946,1848.9460432999767,1849.3062448797282,1849.8453711997718,1850.1900863996707,,,,,,sub002_saurabh,001,2024-05-14_12h40.04.723,final_exp_1.2_v1_18012024,2023.2.3,60.01893001684973,2024-05-14 12h40.26.212928 +0530,
,,,,457,0,457,0,1850.2258162996732,,,,,,,,,,,,,,,,,,,,,,1850.191755999811,1850.2258162996732,1850.5896569800097,1851.0955478996038,1851.473779199645,,,,,,sub002_saurabh,001,2024-05-14_12h40.04.723,final_exp_1.2_v1_18012024,2023.2.3,60.01893001684973,2024-05-14 12h40.26.212928 +0530,
,,,,458,0,458,0,1851.5059288996272,,,,,,,,,,,,,,,,,,,,,,1851.4754728996195,1851.5059288996272,1851.7900244796183,,1852.7568089999259,,,,,,sub002_saurabh,001,2024-05-14_12h40.04.723,final_exp_1.2_v1_18012024,2023.2.3,60.01893001684973,2024-05-14 12h40.26.212928 +0530,
,,,,459,0,459,0,1852.7867474998347,,,,,,,,,,,,,,,,,,,,,,1852.7585668000393,1852.7867474998347,1853.0896809797268,,1854.039998400025,,,,,,sub002_saurabh,001,2024-05-14_12h40.04.723,final_exp_1.2_v1_18012024,2023.2.3,60.01893001684973,2024-05-14 12h40.26.212928 +0530,
,,,,460,0,460,0,1854.06558079971,,,,,,,,,,,,,,,,,,,,,,1854.0417445995845,1854.06558079971,1854.3395912798587,1854.845326599665,1855.3233735999092,,,,,,sub002_saurabh,001,2024-05-14_12h40.04.723,final_exp_1.2_v1_18012024,2023.2.3,60.01893001684973,2024-05-14 12h40.26.212928 +0530,
,,,,461,0,461,0,1855.3470490998589,,,,,,,,,,,,,,,,,,,,,,1855.3250580998138,1855.3470490998589,1855.7067560798023,1856.2162154996768,1856.6073654997163,,,,,,sub002_saurabh,001,2024-05-14_12h40.04.723,final_exp_1.2_v1_18012024,2023.2.3,60.01893001684973,2024-05-14 12h40.26.212928 +0530,
,,,,462,0,462,0,1856.6262173997238,,,,,,,,,,,,,,,,,,,,,,1856.609068899881,1856.6262173997238,1856.956230479991,1857.476123499684,1857.906822799705,,,,,,sub002_saurabh,001,2024-05-14_12h40.04.723,final_exp_1.2_v1_18012024,2023.2.3,60.01893001684973,2024-05-14 12h40.26.212928 +0530,
,,,,463,0,463,0,1857.9460454997607,,,,,,,,,,,,,,,,,,,,,,1857.9086104999296,1857.9460454997607,1858.2897066797595,1858.8153653996997,1859.1901531997137,,,,,,sub002_saurabh,001,2024-05-14_12h40.04.723,final_exp_1.2_v1_18012024,2023.2.3,60.01893001684973,2024-05-14 12h40.26.212928 +0530,
,,,,464,0,464,0,1859.2260358999483,,,,,,,,,,,,,,,,,,,,,,1859.1918665999547,1859.2260358999483,1859.5230849797372,1860.066310300026,1860.4734745998867,,,,,,sub002_saurabh,001,2024-05-14_12h40.04.723,final_exp_1.2_v1_18012024,2023.2.3,60.01893001684973,2024-05-14 12h40.26.212928 +0530,
,,,,465,0,465,0,1860.5063247997314,,,,,,,,,,,,,,,,,,,,,,1860.4752667997964,1860.5063247997314,1860.8564066796098,1861.3965229997411,1861.7567871999927,,,,,,sub002_saurabh,001,2024-05-14_12h40.04.723,final_exp_1.2_v1_18012024,2023.2.3,60.01893001684973,2024-05-14 12h40.26.212928 +0530,
,,,,466,0,466,0,1861.7854991997592,,,,,,,,,,,,,,,,,,,,,,1861.7584622995928,1861.7854991997592,1862.1396550799254,1862.6854343996383,1863.0401260997169,,,,,,sub002_saurabh,001,2024-05-14_12h40.04.723,final_exp_1.2_v1_18012024,2023.2.3,60.01893001684973,2024-05-14 12h40.26.212928 +0530,
,,,,467,0,467,0,1863.0660365996882,,,,,,,,,,,,,,,,,,,,,,1863.0418178997934,1863.0660365996882,1863.406428279588,,1864.3234558999538,,,,,,sub002_saurabh,001,2024-05-14_12h40.04.723,final_exp_1.2_v1_18012024,2023.2.3,60.01893001684973,2024-05-14 12h40.26.212928 +0530,
,,,,468,0,468,0,1864.345837999601,,,,,,,,,,,,,,,,,,,,,,1864.3251928999089,1864.345837999601,1864.6730053799693,1865.2364052999765,1865.6068217996508,,,,,,sub002_saurabh,001,2024-05-14_12h40.04.723,final_exp_1.2_v1_18012024,2023.2.3,60.01893001684973,2024-05-14 12h40.26.212928 +0530,
,,,,469,0,469,0,1865.625897699967,,,,,,,,,,,,,,,,,,,,,,1865.6085730995983,1865.625897699967,1865.9896677799989,,1866.8899852000177,,,,,,sub002_saurabh,001,2024-05-14_12h40.04.723,final_exp_1.2_v1_18012024,2023.2.3,60.01893001684973,2024-05-14 12h40.26.212928 +0530,
,,,,470,0,470,0,1866.9062748998404,,,,,,,,,,,,,,,,,,,,,,1866.8917314000428,1866.9062748998404,1867.272967679659,1867.8156766998582,1868.173496299889,,,,,,sub002_saurabh,001,2024-05-14_12h40.04.723,final_exp_1.2_v1_18012024,2023.2.3,60.01893001684973,2024-05-14 12h40.26.212928 +0530,
,,,,471,0,471,0,1868.1902190996334,,,,,,,,,,,,,,,,,,,,,,1868.175271499902,1868.1902190996334,1868.5563090799842,1869.1657988997176,1869.4566810997203,,,,,,sub002_saurabh,001,2024-05-14_12h40.04.723,final_exp_1.2_v1_18012024,2023.2.3,60.01893001684973,2024-05-14 12h40.26.212928 +0530,
,,,,472,0,472,0,1869.4737003999762,,,,,,,,,,,,,,,,,,,,,,1869.4583636997268,1869.4737003999762,1869.7896382797044,1870.33552339999,1870.7400663997978,,,,,,sub002_saurabh,001,2024-05-14_12h40.04.723,final_exp_1.2_v1_18012024,2023.2.3,60.01893001684973,2024-05-14 12h40.26.212928 +0530,
,,,,473,0,473,0,1870.7858718000352,,,,,,,,,,,,,,,,,,,,,,1870.7417795998044,1870.7858718000352,1871.1396894797217,1871.7058695997111,1872.0241513997316,,,,,,sub002_saurabh,001,2024-05-14_12h40.04.723,final_exp_1.2_v1_18012024,2023.2.3,60.01893001684973,2024-05-14 12h40.26.212928 +0530,
,,,,474,0,474,0,1872.0654376000166,,,,,,,,,,,,,,,,,,,,,,1872.0259126997553,1872.0654376000166,1872.3397896799725,1872.8454432999715,1873.307004199829,,,,,,sub002_saurabh,001,2024-05-14_12h40.04.723,final_exp_1.2_v1_18012024,2023.2.3,60.01893001684973,2024-05-14 12h40.26.212928 +0530,
,,,,475,0,475,0,1873.3459200998768,,,,,,,,,,,,,,,,,,,,,,1873.3087363997474,1873.3459200998768,1873.6401886797976,,1874.5901477998123,,,,,,sub002_saurabh,001,2024-05-14_12h40.04.723,final_exp_1.2_v1_18012024,2023.2.3,60.01893001684973,2024-05-14 12h40.26.212928 +0530,
,,,,476,0,476,0,1874.6260208999738,,,,,,,,,,,,,,,,,,,,,,1874.591835799627,1874.6260208999738,1874.9063116798643,,1875.873536999803,,,,,,sub002_saurabh,001,2024-05-14_12h40.04.723,final_exp_1.2_v1_18012024,2023.2.3,60.01893001684973,2024-05-14 12h40.26.212928 +0530,
,,,,477,0,477,0,1875.906245299615,,,,,,,,,,,,,,,,,,,,,,1875.8759091999382,1875.906245299615,1876.1897341797594,1876.7354523995891,1877.1569652999751,,,,,,sub002_saurabh,001,2024-05-14_12h40.04.723,final_exp_1.2_v1_18012024,2023.2.3,60.01893001684973,2024-05-14 12h40.26.212928 +0530,
,,,,478,0,478,0,1877.1863069999963,,,,,,,,,,,,,,,,,,,,,,1877.1586564998142,1877.1863069999963,1877.506475579692,1878.0454465998337,1878.4404846997932,,,,,,sub002_saurabh,001,2024-05-14_12h40.04.723,final_exp_1.2_v1_18012024,2023.2.3,60.01893001684973,2024-05-14 12h40.26.212928 +0530,
,,,,479,0,479,0,1878.4659940996207,,,,,,,,,,,,,,,,,,,,,,1878.4422008995898,1878.4659940996207,1878.7897533799987,1879.3566331998445,1879.7236357997172,,,,,,sub002_saurabh,001,2024-05-14_12h40.04.723,final_exp_1.2_v1_18012024,2023.2.3,60.01893001684973,2024-05-14 12h40.26.212928 +0530,
,,,,480,0,480,0,1879.745997400023,,,,,,,,,,,,,,,,,,,,,,1879.7253357996233,1879.745997400023,1880.1064983799588,1880.6364934998564,1881.00689029973,,,,,,sub002_saurabh,001,2024-05-14_12h40.04.723,final_exp_1.2_v1_18012024,2023.2.3,60.01893001684973,2024-05-14 12h40.26.212928 +0530,
,,,,481,0,481,0,1881.0260681998916,,,,,,,,,,,,,,,,,,,,,,1881.0085913999937,1881.0260681998916,1881.406518480042,,1882.29022049997,,,,,,sub002_saurabh,001,2024-05-14_12h40.04.723,final_exp_1.2_v1_18012024,2023.2.3,60.01893001684973,2024-05-14 12h40.26.212928 +0530,
,,,,482,0,482,0,1882.305845899973,,,,,,,,,,,,,,,,,,,,,,1882.2918492997997,1882.305845899973,1882.6402430797461,1883.19633149961,1883.5735915997066,,,,,,sub002_saurabh,001,2024-05-14_12h40.04.723,final_exp_1.2_v1_18012024,2023.2.3,60.01893001684973,2024-05-14 12h40.26.212928 +0530,
,,,,483,0,483,0,1883.5902844998054,,,,,,,,,,,,,,,,,,,,,,1883.5753559996374,1883.5902844998054,1883.9064882800449,1884.437436499633,1884.8568767998368,,,,,,sub002_saurabh,001,2024-05-14_12h40.04.723,final_exp_1.2_v1_18012024,2023.2.3,60.01893001684973,2024-05-14 12h40.26.212928 +0530,
,,,,484,0,484,0,1884.8735952996649,,,,,,,,,,,,,,,,,,,,,,1884.8586591999047,1884.8735952996649,1885.189819479594,,1886.1401529996656,,,,,,sub002_saurabh,001,2024-05-14_12h40.04.723,final_exp_1.2_v1_18012024,2023.2.3,60.01893001684973,2024-05-14 12h40.26.212928 +0530,
,,,,485,0,485,0,1886.186188899912,,,,,,,,,,,,,,,,,,,,,,1886.1418903996237,1886.186188899912,1886.4898278799374,,1887.4238410997204,,,,,,sub002_saurabh,001,2024-05-14_12h40.04.723,final_exp_1.2_v1_18012024,2023.2.3,60.01893001684973,2024-05-14 12h40.26.212928 +0530,
,,,,486,0,486,0,1887.4668137999251,,,,,,,,,,,,,,,,,,,,,,1887.4255964998156,1887.4668137999251,1887.7398552799132,1888.3163886996917,1888.7070904998109,,,,,,sub002_saurabh,001,2024-05-14_12h40.04.723,final_exp_1.2_v1_18012024,2023.2.3,60.01893001684973,2024-05-14 12h40.26.212928 +0530,
,,,,487,0,487,0,1888.7462255000137,,,,,,,,,,,,,,,,,,,,,,1888.7088134000078,1888.7462255000137,1889.1064822797198,,1889.9902615998872,,,,,,sub002_saurabh,001,2024-05-14_12h40.04.723,final_exp_1.2_v1_18012024,2023.2.3,60.01893001684973,2024-05-14 12h40.26.212928 +0530,
,,,,488,0,488,0,1890.0266929999925,,,,,,,,,,,,,,,,,,,,,,1889.9919515997171,1890.0266929999925,1890.3565321799833,,1891.2736773998477,,,,,,sub002_saurabh,001,2024-05-14_12h40.04.723,final_exp_1.2_v1_18012024,2023.2.3,60.01893001684973,2024-05-14 12h40.26.212928 +0530,
,,,,489,0,489,0,1891.3059635995887,,,,,,,,,,,,,,,,,,,,,,1891.2753756996244,1891.3059635995887,1891.6065436799545,1892.165673600044,1892.5569350998849,,,,,,sub002_saurabh,001,2024-05-14_12h40.04.723,final_exp_1.2_v1_18012024,2023.2.3,60.01893001684973,2024-05-14 12h40.26.212928 +0530,
,,,,490,0,490,0,1892.5854497998953,,,,,,,,,,,,,,,,,,,,,,1892.5585864000022,1892.5854497998953,1892.9398789799307,1893.4456342998892,1893.840454899706,,,,,,sub002_saurabh,001,2024-05-14_12h40.04.723,final_exp_1.2_v1_18012024,2023.2.3,60.01893001684973,2024-05-14 12h40.26.212928 +0530,
,,,,491,0,491,0,1893.8667783997953,,,,,,,,,,,,,,,,,,,,,,1893.8421855997294,1893.8667783997953,1894.189846279798,,1895.123534299899,,,,,,sub002_saurabh,001,2024-05-14_12h40.04.723,final_exp_1.2_v1_18012024,2023.2.3,60.01893001684973,2024-05-14 12h40.26.212928 +0530,
,,,,492,0,492,0,1895.1456106998958,,,,,,,,,,,,,,,,,,,,,,1895.125291599892,1895.1456106998958,1895.4232707798947,1895.9655527998693,1896.406967799645,,,,,,sub002_saurabh,001,2024-05-14_12h40.04.723,final_exp_1.2_v1_18012024,2023.2.3,60.01893001684973,2024-05-14 12h40.26.212928 +0530,
,,,,493,0,493,0,1896.425967299845,,,,,,,,,,,,,,,,,,,,,,1896.40869309986,1896.425967299845,1896.806522279745,1897.3467516996898,1897.6903558997437,,,,,,sub002_saurabh,001,2024-05-14_12h40.04.723,final_exp_1.2_v1_18012024,2023.2.3,60.01893001684973,2024-05-14 12h40.26.212928 +0530,
,,,,494,0,494,0,1897.705914999824,,,,,,,,,,,,,,,,,,,,,,1897.6920385998674,1897.705914999824,1898.0066075797658,,1898.973631599918,,,,,,sub002_saurabh,001,2024-05-14_12h40.04.723,final_exp_1.2_v1_18012024,2023.2.3,60.01893001684973,2024-05-14 12h40.26.212928 +0530,
,,,,495,0,495,0,1898.990367299877,,,,,,,,,,,,,,,,,,,,,,1898.9753240998834,1898.990367299877,1899.3070334799122,1899.815682400018,1900.2569513996132,,,,,,sub002_saurabh,001,2024-05-14_12h40.04.723,final_exp_1.2_v1_18012024,2023.2.3,60.01893001684973,2024-05-14 12h40.26.212928 +0530,
,,,,496,0,496,0,1900.2737229997292,,,,,,,,,,,,,,,,,,,,,,1900.2586916997097,1900.2737229997292,1900.5898663799744,,1901.5402544997633,,,,,,sub002_saurabh,001,2024-05-14_12h40.04.723,final_exp_1.2_v1_18012024,2023.2.3,60.01893001684973,2024-05-14 12h40.26.212928 +0530,
,,,,497,0,497,0,1901.5862704999745,,,,,,,,,,,,,,,,,,,,,,1901.5419827997684,1901.5862704999745,1901.9398240798619,1902.4958273000084,1902.8238504999317,,,,,,sub002_saurabh,001,2024-05-14_12h40.04.723,final_exp_1.2_v1_18012024,2023.2.3,60.01893001684973,2024-05-14 12h40.26.212928 +0530,
,,,,498,0,498,0,1902.866313399747,,,,,,,,,,,,,,,,,,,,,,1902.825541099999,1902.866313399747,1903.1565065796021,,1904.107045599725,,,,,,sub002_saurabh,001,2024-05-14_12h40.04.723,final_exp_1.2_v1_18012024,2023.2.3,60.01893001684973,2024-05-14 12h40.26.212928 +0530,
,,,,499,0,499,0,1904.146133299917,,,,,,,,,,,,,,,,,,,,,,1904.1087702997029,1904.146133299917,1904.4066606799606,,1905.3904202999547,,,,,,sub002_saurabh,001,2024-05-14_12h40.04.723,final_exp_1.2_v1_18012024,2023.2.3,60.01893001684973,2024-05-14 12h40.26.212928 +0530,
,,,,500,0,500,0,1905.4255253998563,,,,,,,,,,,,,,,,,,,,,,1905.3921511997469,1905.4255253998563,1905.7565936797764,1906.3165200999938,1906.6736960997805,,,,,,sub002_saurabh,001,2024-05-14_12h40.04.723,final_exp_1.2_v1_18012024,2023.2.3,60.01893001684973,2024-05-14 12h40.26.212928 +0530,
,,,,501,0,501,0,1906.7066433997825,,,,,,,,,,,,,,,,,,,,,,1906.6753622000106,1906.7066433997825,1907.0403874798212,,1907.9577386998571,,,,,,sub002_saurabh,001,2024-05-14_12h40.04.723,final_exp_1.2_v1_18012024,2023.2.3,60.01893001684973,2024-05-14 12h40.26.212928 +0530,
,,,,502,0,502,0,1907.9865346997976,,,,,,,,,,,,,,,,,,,,,,1907.9595149997622,1907.9865346997976,1908.2733194797765,1908.8155119996518,1909.2569877998903,,,,,,sub002_saurabh,001,2024-05-14_12h40.04.723,final_exp_1.2_v1_18012024,2023.2.3,60.01893001684973,2024-05-14 12h40.26.212928 +0530,
,,,,503,0,503,0,1909.2737955995835,,,,,,,,,,,,,,,,,,,,,,1909.2586816996336,1909.2737955995835,1909.5566071800422,,1910.5403505000286,,,,,,sub002_saurabh,001,2024-05-14_12h40.04.723,final_exp_1.2_v1_18012024,2023.2.3,60.01893001684973,2024-05-14 12h40.26.212928 +0530,
,,,,504,0,504,0,1910.5860220999457,,,,,,,,,,,,,,,,,,,,,,1910.5420999997295,1910.5860220999457,1910.873243679991,1911.4371854998171,1911.8238561996259,,,,,,sub002_saurabh,001,2024-05-14_12h40.04.723,final_exp_1.2_v1_18012024,2023.2.3,60.01893001684973,2024-05-14 12h40.26.212928 +0530,
,,,,505,0,505,0,1911.865771099925,,,,,,,,,,,,,,,,,,,,,,1911.8256084998138,1911.865771099925,1912.2065787797328,1912.7865821998566,1913.107139799744,,,,,,sub002_saurabh,001,2024-05-14_12h40.04.723,final_exp_1.2_v1_18012024,2023.2.3,60.01893001684973,2024-05-14 12h40.26.212928 +0530,
,,,,506,0,506,0,1913.1459495997988,,,,,,,,,,,,,,,,,,,,,,1913.108885599766,1913.1459495997988,1913.4566435797606,1913.965984299779,1914.3906053998508,,,,,,sub002_saurabh,001,2024-05-14_12h40.04.723,final_exp_1.2_v1_18012024,2023.2.3,60.01893001684973,2024-05-14 12h40.26.212928 +0530,
,,,,507,0,507,0,1914.4261811999604,,,,,,,,,,,,,,,,,,,,,,1914.392296299804,1914.4261811999604,1914.739948780043,1915.2857315000147,1915.6737372996286,,,,,,sub002_saurabh,001,2024-05-14_12h40.04.723,final_exp_1.2_v1_18012024,2023.2.3,60.01893001684973,2024-05-14 12h40.26.212928 +0530,
,,,,508,0,508,0,1915.7061057998799,,,,,,,,,,,,,,,,,,,,,,1915.6754834000021,1915.7061057998799,1916.0732795798685,,1916.9571042000316,,,,,,sub002_saurabh,001,2024-05-14_12h40.04.723,final_exp_1.2_v1_18012024,2023.2.3,60.01893001684973,2024-05-14 12h40.26.212928 +0530,
,,,,509,0,509,0,1916.9857792998664,,,,,,,,,,,,,,,,,,,,,,1916.9588569998741,1916.9857792998664,1917.3234123799484,1917.8366219997406,1918.2404372999445,,,,,,sub002_saurabh,001,2024-05-14_12h40.04.723,final_exp_1.2_v1_18012024,2023.2.3,60.01893001684973,2024-05-14 12h40.26.212928 +0530,
,,,,510,0,510,0,1918.2654796997085,,,,,,,,,,,,,,,,,,,,,,1918.2422096999362,1918.2654796997085,1918.6232869799715,1919.1466707997024,1919.5237453998998,,,,,,sub002_saurabh,001,2024-05-14_12h40.04.723,final_exp_1.2_v1_18012024,2023.2.3,60.01893001684973,2024-05-14 12h40.26.212928 +0530,
,,,,511,0,511,0,1919.5453765997663,,,,,,,,,,,,,,,,,,,,,,1919.525476299692,1919.5453765997663,1919.8900783800054,1920.3969983998686,1920.807470599655,,,,,,sub002_saurabh,001,2024-05-14_12h40.04.723,final_exp_1.2_v1_18012024,2023.2.3,60.01893001684973,2024-05-14 12h40.26.212928 +0530,
,,,,512,0,512,0,1920.8256370997988,,,,,,,,,,,,,,,,,,,,,,1920.8092281999998,1920.8256370997988,1921.1566244799178,1921.6858844999224,1922.091612199787,,,,,,sub002_saurabh,001,2024-05-14_12h40.04.723,final_exp_1.2_v1_18012024,2023.2.3,60.01893001684973,2024-05-14 12h40.26.212928 +0530,
,,,,513,0,513,0,1922.1238341997378,,,,,,,,,,,,,,,,,,,,,,1922.0935066998936,1922.1238341997378,1922.473332479829,1923.043901299592,1923.3904128996655,,,,,,sub002_saurabh,001,2024-05-14_12h40.04.723,final_exp_1.2_v1_18012024,2023.2.3,60.01893001684973,2024-05-14 12h40.26.212928 +0530,
,,,,514,0,514,0,1923.4256674000062,,,,,,,,,,,,,,,,,,,,,,1923.3920612996444,1923.4256674000062,1923.7733781796414,,1924.6737612998113,,,,,,sub002_saurabh,001,2024-05-14_12h40.04.723,final_exp_1.2_v1_18012024,2023.2.3,60.01893001684973,2024-05-14 12h40.26.212928 +0530,
,,,,515,0,515,0,1924.7066241996363,,,,,,,,,,,,,,,,,,,,,,1924.6754419999197,1924.7066241996363,1925.0233386799227,1925.595575499814,1925.9571587997489,,,,,,sub002_saurabh,001,2024-05-14_12h40.04.723,final_exp_1.2_v1_18012024,2023.2.3,60.01893001684973,2024-05-14 12h40.26.212928 +0530,
,,,,516,0,516,0,1925.9866342996247,,,,,,,,,,,,,,,,,,,,,,1925.958826099988,1925.9866342996247,1926.3400335798506,,1927.2404709998518,,,,,,sub002_saurabh,001,2024-05-14_12h40.04.723,final_exp_1.2_v1_18012024,2023.2.3,60.01893001684973,2024-05-14 12h40.26.212928 +0530,
,,,,517,0,517,0,1927.2661377997138,,,,,,,,,,,,,,,,,,,,,,1927.2422042996623,1927.2661377997138,1927.540057679871,1928.0858593997546,1928.523827899713,,,,,,sub002_saurabh,001,2024-05-14_12h40.04.723,final_exp_1.2_v1_18012024,2023.2.3,60.01893001684973,2024-05-14 12h40.26.212928 +0530,
,,,,518,0,518,0,1928.5460885996,,,,,,,,,,,,,,,,,,,,,,1928.5255672000349,1928.5460885996,1928.8568265798967,,1929.8071780996397,,,,,,sub002_saurabh,001,2024-05-14_12h40.04.723,final_exp_1.2_v1_18012024,2023.2.3,60.01893001684973,2024-05-14 12h40.26.212928 +0530,
,,,,519,0,519,0,1929.8257325999439,,,,,,,,,,,,,,,,,,,,,,1929.8089246996678,1929.8257325999439,1930.206840279745,1930.7658752999268,1931.0903860996477,,,,,,sub002_saurabh,001,2024-05-14_12h40.04.723,final_exp_1.2_v1_18012024,2023.2.3,60.01893001684973,2024-05-14 12h40.26.212928 +0530,
,,,,520,0,520,0,1931.1061168997549,,,,,,,,,,,,,,,,,,,,,,1931.0921432999894,1931.1061168997549,1931.4905728797894,1932.0958790997975,1932.3738974998705,,,,,,sub002_saurabh,001,2024-05-14_12h40.04.723,final_exp_1.2_v1_18012024,2023.2.3,60.01893001684973,2024-05-14 12h40.26.212928 +0530,
,,,,521,0,521,0,1932.3906141999178,,,,,,,,,,,,,,,,,,,,,,1932.375639199745,1932.3906141999178,1932.7567009797785,1933.2668469999917,1933.6570326997899,,,,,,sub002_saurabh,001,2024-05-14_12h40.04.723,final_exp_1.2_v1_18012024,2023.2.3,60.01893001684973,2024-05-14 12h40.26.212928 +0530,
,,,,522,0,522,0,1933.6736360997893,,,,,,,,,,,,,,,,,,,,,,1933.6586722997017,1933.6736360997893,1934.056656279834,1934.5967493997887,1934.9405908999033,,,,,,sub002_saurabh,001,2024-05-14_12h40.04.723,final_exp_1.2_v1_18012024,2023.2.3,60.01893001684973,2024-05-14 12h40.26.212928 +0530,
,,,,523,0,523,0,1934.9866666998714,,,,,,,,,,,,,,,,,,,,,,1934.9422796997242,1934.9866666998714,1935.2900253797416,1935.845862600021,1936.2244827998802,,,,,,sub002_saurabh,001,2024-05-14_12h40.04.723,final_exp_1.2_v1_18012024,2023.2.3,60.01893001684973,2024-05-14 12h40.26.212928 +0530,
,,,,524,0,524,0,1936.2669147998095,,,,,,,,,,,,,,,,,,,,,,1936.226408999879,1936.2669147998095,1936.5901002797764,1937.1359060998075,1937.5073398998939,,,,,,sub002_saurabh,001,2024-05-14_12h40.04.723,final_exp_1.2_v1_18012024,2023.2.3,60.01893001684973,2024-05-14 12h40.26.212928 +0530,
,,,,525,0,525,0,1937.5452384999953,,,,,,,,,,,,,,,,,,,,,,1937.5090210000053,1937.5452384999953,1937.8734425797593,1938.4160180999897,1938.7906729998067,,,,,,sub002_saurabh,001,2024-05-14_12h40.04.723,final_exp_1.2_v1_18012024,2023.2.3,60.01893001684973,2024-05-14 12h40.26.212928 +0530,
,,,,526,0,526,0,1938.826113799587,,,,,,,,,,,,,,,,,,,,,,1938.7923905998468,1938.826113799587,1939.140082380036,,1940.0739456997253,,,,,,sub002_saurabh,001,2024-05-14_12h40.04.723,final_exp_1.2_v1_18012024,2023.2.3,60.01893001684973,2024-05-14 12h40.26.212928 +0530,
,,,,527,0,527,0,1940.1066121999174,,,,,,,,,,,,,,,,,,,,,,1940.0756712998264,1940.1066121999174,1940.4402323795948,1940.9663317999803,1941.3573193997145,,,,,,sub002_saurabh,001,2024-05-14_12h40.04.723,final_exp_1.2_v1_18012024,2023.2.3,60.01893001684973,2024-05-14 12h40.26.212928 +0530,
,,,,528,0,528,0,1941.386478099972,,,,,,,,,,,,,,,,,,,,,,1941.3590671997517,1941.386478099972,1941.7408498798031,1942.3359600999393,1942.6406434997916,,,,,,sub002_saurabh,001,2024-05-14_12h40.04.723,final_exp_1.2_v1_18012024,2023.2.3,60.01893001684973,2024-05-14 12h40.26.212928 +0530,
,,,,529,0,529,0,1942.665567399934,,,,,,,,,,,,,,,,,,,,,,1942.6423543998972,1942.665567399934,1943.040701879887,1943.5974317998625,1943.9237898997962,,,,,,sub002_saurabh,001,2024-05-14_12h40.04.723,final_exp_1.2_v1_18012024,2023.2.3,60.01893001684973,2024-05-14 12h40.26.212928 +0530,
,,,,530,0,530,0,1943.9467186997645,,,,,,,,,,,,,,,,,,,,,,1943.9254897995852,1943.9467186997645,1944.2735012799967,1944.7867809999734,1945.2072045998648,,,,,,sub002_saurabh,001,2024-05-14_12h40.04.723,final_exp_1.2_v1_18012024,2023.2.3,60.01893001684973,2024-05-14 12h40.26.212928 +0530,
,,,,531,0,531,0,1945.2254989999346,,,,,,,,,,,,,,,,,,,,,,1945.2089227000251,1945.2254989999346,1945.607189979637,1946.116737399716,1946.4905636999756,,,,,,sub002_saurabh,001,2024-05-14_12h40.04.723,final_exp_1.2_v1_18012024,2023.2.3,60.01893001684973,2024-05-14 12h40.26.212928 +0530,
,,,,532,0,532,0,1946.5074208998121,,,,,,,,,,,,,,,,,,,,,,1946.492314199917,1946.5074208998121,1946.890176979592,1947.4367615999654,1947.7739128000103,,,,,,sub002_saurabh,001,2024-05-14_12h40.04.723,final_exp_1.2_v1_18012024,2023.2.3,60.01893001684973,2024-05-14 12h40.26.212928 +0530,
,,,,533,0,533,0,1947.7902665999718,,,,,,,,,,,,,,,,,,,,,,1947.7755584996194,1947.7902665999718,1948.1401474799495,1948.6960438997485,1949.0571347996593,,,,,,sub002_saurabh,001,2024-05-14_12h40.04.723,final_exp_1.2_v1_18012024,2023.2.3,60.01893001684973,2024-05-14 12h40.26.212928 +0530,
,,,,534,0,534,0,1949.0741193997674,,,,,,,,,,,,,,,,,,,,,,1949.0588471000083,1949.0741193997674,1949.4407316797879,1949.9660079996102,1950.3405302995816,,,,,,sub002_saurabh,001,2024-05-14_12h40.04.723,final_exp_1.2_v1_18012024,2023.2.3,60.01893001684973,2024-05-14 12h40.26.212928 +0530,
,,,,535,0,535,0,1950.3867077999748,,,,,,,,,,,,,,,,,,,,,,1950.3422860996798,1950.3867077999748,1950.7068705798592,,1951.624607599806,,,,,,sub002_saurabh,001,2024-05-14_12h40.04.723,final_exp_1.2_v1_18012024,2023.2.3,60.01893001684973,2024-05-14 12h40.26.212928 +0530,
,,,,536,0,536,0,1951.6666055000387,,,,,,,,,,,,,,,,,,,,,,1951.6263588997535,1951.6666055000387,1952.006916779792,1952.5359972999431,1952.923911999911,,,,,,sub002_saurabh,001,2024-05-14_12h40.04.723,final_exp_1.2_v1_18012024,2023.2.3,60.01893001684973,2024-05-14 12h40.26.212928 +0530,
,,,,537,0,537,0,1952.945787599776,,,,,,,,,,,,,,,,,,,,,,1952.9256304996088,1952.945787599776,1953.3236133798491,1953.84604460001,1954.207332599908,,,,,,sub002_saurabh,001,2024-05-14_12h40.04.723,final_exp_1.2_v1_18012024,2023.2.3,60.01893001684973,2024-05-14 12h40.26.212928 +0530,
,,,,538,0,538,0,1954.2269339999184,,,,,,,,,,,,,,,,,,,,,,1954.2090701996349,1954.2269339999184,1954.5401704797987,1955.0960713997483,1955.4906166000292,,,,,,sub002_saurabh,001,2024-05-14_12h40.04.723,final_exp_1.2_v1_18012024,2023.2.3,60.01893001684973,2024-05-14 12h40.26.212928 +0530,
,,,,539,0,539,0,1955.506550699938,,,,,,,,,,,,,,,,,,,,,,1955.4923760998063,1955.506550699938,1955.8902511799242,1956.4465240999125,1956.7739478996955,,,,,,sub002_saurabh,001,2024-05-14_12h40.04.723,final_exp_1.2_v1_18012024,2023.2.3,60.01893001684973,2024-05-14 12h40.26.212928 +0530,
,,,,540,0,540,0,1956.790794099681,,,,,,,,,,,,,,,,,,,,,,1956.7755609997548,1956.790794099681,1957.1237864799332,1957.645988999866,1958.057261900045,,,,,,sub002_saurabh,001,2024-05-14_12h40.04.723,final_exp_1.2_v1_18012024,2023.2.3,60.01893001684973,2024-05-14 12h40.26.212928 +0530,
,,,,541,0,541,0,1958.0736901997589,,,,,,,,,,,,,,,,,,,,,,1958.0589880999178,1958.0736901997589,1958.4575003797654,1959.0159211996943,1959.3405669997446,,,,,,sub002_saurabh,001,2024-05-14_12h40.04.723,final_exp_1.2_v1_18012024,2023.2.3,60.01893001684973,2024-05-14 12h40.26.212928 +0530,
,,,,542,0,542,0,1959.3861161000095,,,,,,,,,,,,,,,,,,,,,,1959.342293099966,1959.3861161000095,1959.6406799799297,1960.2069779997692,1960.6246714997105,,,,,,sub002_saurabh,001,2024-05-14_12h40.04.723,final_exp_1.2_v1_18012024,2023.2.3,60.01893001684973,2024-05-14 12h40.26.212928 +0530,
,,,,543,0,543,0,1960.6658425997011,,,,,,,,,,,,,,,,,,,,,,1960.6264448999427,1960.6658425997011,1960.9401738799643,1961.4864159999415,1961.9239741996862,,,,,,sub002_saurabh,001,2024-05-14_12h40.04.723,final_exp_1.2_v1_18012024,2023.2.3,60.01893001684973,2024-05-14 12h40.26.212928 +0530,
,,,,544,0,544,0,1961.9464504998177,,,,,,,,,,,,,,,,,,,,,,1961.925631699618,1961.9464504998177,1962.3236722799484,1962.886082299985,1963.2074010996148,,,,,,sub002_saurabh,001,2024-05-14_12h40.04.723,final_exp_1.2_v1_18012024,2023.2.3,60.01893001684973,2024-05-14 12h40.26.212928 +0530,
,,,,545,0,545,0,1963.2268409999087,,,,,,,,,,,,,,,,,,,,,,1963.2090741000138,1963.2268409999087,1963.5402818799485,1964.076153199654,1964.4914066996425,,,,,,sub002_saurabh,001,2024-05-14_12h40.04.723,final_exp_1.2_v1_18012024,2023.2.3,60.01893001684973,2024-05-14 12h40.26.212928 +0530,
,,,,546,0,546,0,1964.5073304995894,,,,,,,,,,,,,,,,,,,,,,1964.4931981000118,1964.5073304995894,1964.82400538004,1965.3762135999277,1965.9225101997145,1965.9698806996457,,,,,sub002_saurabh,001,2024-05-14_12h40.04.723,final_exp_1.2_v1_18012024,2023.2.3,60.01893001684973,2024-05-14 12h40.26.212928 +0530,
,,,,547,0,547,0,1965.9698806996457,,,,,,,,,,,,,,,,,,,,,,1965.924257799983,1965.9698806996457,1966.256936679827,,1967.2079536998644,,,,,,sub002_saurabh,001,2024-05-14_12h40.04.723,final_exp_1.2_v1_18012024,2023.2.3,60.01893001684973,2024-05-14 12h40.26.212928 +0530,
,,,,548,0,548,0,1967.248432799708,,,,,,,,,,,,,,,,,,,,,,1967.2096531996503,1967.248432799708,1967.5903541797306,,1968.4909194000065,,,,,,sub002_saurabh,001,2024-05-14_12h40.04.723,final_exp_1.2_v1_18012024,2023.2.3,60.01893001684973,2024-05-14 12h40.26.212928 +0530,
,,,,549,0,549,0,1968.5271773999557,,,,,,,,,,,,,,,,,,,,,,1968.4926401996054,1968.5271773999557,1968.8737007796299,1969.3961848998442,1969.7741815997288,,,,,,sub002_saurabh,001,2024-05-14_12h40.04.723,final_exp_1.2_v1_18012024,2023.2.3,60.01893001684973,2024-05-14 12h40.26.212928 +0530,
,,,,550,0,550,0,1969.807331399992,,,,,,,,,,,,,,,,,,,,,,1969.77594079962,1969.807331399992,1970.1070513797458,,1971.057458799798,,,,,,sub002_saurabh,001,2024-05-14_12h40.04.723,final_exp_1.2_v1_18012024,2023.2.3,60.01893001684973,2024-05-14 12h40.26.212928 +0530,
,,,,551,0,551,0,1971.0875944998115,,,,,,,,,,,,,,,,,,,,,,1971.0591486999765,1971.0875944998115,1971.4569176796358,1971.9960364997387,1972.3412054996006,,,,,,sub002_saurabh,001,2024-05-14_12h40.04.723,final_exp_1.2_v1_18012024,2023.2.3,60.01893001684973,2024-05-14 12h40.26.212928 +0530,
,,,,552,0,552,0,1972.3675587000325,,,,,,,,,,,,,,,,,,,,,,1972.3428989998065,1972.3675587000325,1972.690233279718,,1973.6241184999235,,,,,,sub002_saurabh,001,2024-05-14_12h40.04.723,final_exp_1.2_v1_18012024,2023.2.3,60.01893001684973,2024-05-14 12h40.26.212928 +0530,
,,,,553,0,553,0,1973.6476987996139,,,,,,,,,,,,,,,,,,,,,,1973.6258703996427,1973.6476987996139,1974.0069050795864,,1974.9074718998745,,,,,,sub002_saurabh,001,2024-05-14_12h40.04.723,final_exp_1.2_v1_18012024,2023.2.3,60.01893001684973,2024-05-14 12h40.26.212928 +0530,
,,,,554,0,554,0,1974.9284921996295,,,,,,,,,,,,,,,,,,,,,,1974.9091866998933,1974.9284921996295,1975.2402939798776,1975.8167790998705,1976.1907425997779,,,,,,sub002_saurabh,001,2024-05-14_12h40.04.723,final_exp_1.2_v1_18012024,2023.2.3,60.01893001684973,2024-05-14 12h40.26.212928 +0530,
,,,,555,0,555,0,1976.2085764999501,,,,,,,,,,,,,,,,,,,,,,1976.1924890000373,1976.2085764999501,1976.5903916798998,,1977.4745991998352,,,,,,sub002_saurabh,001,2024-05-14_12h40.04.723,final_exp_1.2_v1_18012024,2023.2.3,60.01893001684973,2024-05-14 12h40.26.212928 +0530,
,,,,556,0,556,0,1977.4906698996201,,,,,,,,,,,,,,,,,,,,,,1977.4763849000446,1977.4906698996201,1977.8569669800345,,1978.757400199771,,,,,,sub002_saurabh,001,2024-05-14_12h40.04.723,final_exp_1.2_v1_18012024,2023.2.3,60.01893001684973,2024-05-14 12h40.26.212928 +0530,
,,,,557,0,557,0,1978.774279399775,,,,,,,,,,,,,,,,,,,,,,1978.7591601000167,1978.774279399775,1979.1404193800408,1979.686896099709,1980.0407618000172,,,,,,sub002_saurabh,001,2024-05-14_12h40.04.723,final_exp_1.2_v1_18012024,2023.2.3,60.01893001684973,2024-05-14 12h40.26.212928 +0530,
,,,,558,0,558,0,1980.0571273998357,,,,,,,,,,,,,,,,,,,,,,1980.0425034998916,1980.0571273998357,1980.4238137796056,1981.0170247997157,1981.3244772995822,,,,,,sub002_saurabh,001,2024-05-14_12h40.04.723,final_exp_1.2_v1_18012024,2023.2.3,60.01893001684973,2024-05-14 12h40.26.212928 +0530,
,,,,559,0,559,0,1981.3686404000036,,,,,,,,,,,,,,,,,,,,,,1981.3261906998232,1981.3686404000036,1981.7070926798042,,1982.6074260999449,,,,,,sub002_saurabh,001,2024-05-14_12h40.04.723,final_exp_1.2_v1_18012024,2023.2.3,60.01893001684973,2024-05-14 12h40.26.212928 +0530,
,,,,560,0,560,0,1982.6475749998353,,,,,,,,,,,,,,,,,,,,,,1982.6091772997752,1982.6475749998353,1982.9406098800246,1983.466274399776,1983.8911719997413,,,,,,sub002_saurabh,001,2024-05-14_12h40.04.723,final_exp_1.2_v1_18012024,2023.2.3,60.01893001684973,2024-05-14 12h40.26.212928 +0530,
,,,,561,0,561,0,1983.9285556999967,,,,,,,,,,,,,,,,,,,,,,1983.892903499771,1983.9285556999967,1984.291042679688,1984.8368470999412,1985.1743101999164,,,,,,sub002_saurabh,001,2024-05-14_12h40.04.723,final_exp_1.2_v1_18012024,2023.2.3,60.01893001684973,2024-05-14 12h40.26.212928 +0530,
,,,,562,0,562,0,1985.2077762000263,,,,,,,,,,,,,,,,,,,,,,1985.176057299599,1985.2077762000263,1985.4737019797321,1986.0170403998345,1986.4576548999175,,,,,,sub002_saurabh,001,2024-05-14_12h40.04.723,final_exp_1.2_v1_18012024,2023.2.3,60.01893001684973,2024-05-14 12h40.26.212928 +0530,
,,,,563,0,563,0,1986.4885094999336,,,,,,,,,,,,,,,,,,,,,,1986.4594177999534,1986.4885094999336,1986.8404132795986,1987.4460825999267,1987.7413155999966,,,,,,sub002_saurabh,001,2024-05-14_12h40.04.723,final_exp_1.2_v1_18012024,2023.2.3,60.01893001684973,2024-05-14 12h40.26.212928 +0530,
,,,,564,0,564,0,1987.767974499613,,,,,,,,,,,,,,,,,,,,,,1987.7430157996714,1987.767974499613,1988.0905105799902,1988.6362675996497,1989.0241475999355,,,,,,sub002_saurabh,001,2024-05-14_12h40.04.723,final_exp_1.2_v1_18012024,2023.2.3,60.01893001684973,2024-05-14 12h40.26.212928 +0530,
,,,,565,0,565,0,1989.047735999804,,,,,,,,,,,,,,,,,,,,,,1989.0258283996955,1989.047735999804,1989.4237886799965,1989.9662639000453,1990.3075651000254,,,,,,sub002_saurabh,001,2024-05-14_12h40.04.723,final_exp_1.2_v1_18012024,2023.2.3,60.01893001684973,2024-05-14 12h40.26.212928 +0530,
,,,,566,0,566,0,1990.3284641997889,,,,,,,,,,,,,,,,,,,,,,1990.3092781999148,1990.3284641997889,1990.607209479669,1991.1375918998383,1991.5907906997018,,,,,,sub002_saurabh,001,2024-05-14_12h40.04.723,final_exp_1.2_v1_18012024,2023.2.3,60.01893001684973,2024-05-14 12h40.26.212928 +0530,
,,,,567,0,567,0,1991.6079466999508,,,,,,,,,,,,,,,,,,,,,,1991.5925031998195,1991.6079466999508,1991.9736368798185,,1992.8741671997122,,,,,,sub002_saurabh,001,2024-05-14_12h40.04.723,final_exp_1.2_v1_18012024,2023.2.3,60.01893001684973,2024-05-14 12h40.26.212928 +0530,
,,,,568,0,568,0,1992.8916744999588,,,,,,,,,,,,,,,,,,,,,,1992.8759246999398,1992.8916744999588,1993.1904812797438,1993.7371682999656,1994.1574165998027,,,,,,sub002_saurabh,001,2024-05-14_12h40.04.723,final_exp_1.2_v1_18012024,2023.2.3,60.01893001684973,2024-05-14 12h40.26.212928 +0530,
,,,,569,0,569,0,1994.174352800008,,,,,,,,,,,,,,,,,,,,,,1994.1591400997713,1994.174352800008,1994.5570377798285,1995.0972020998597,1995.4407301996835,,,,,,sub002_saurabh,001,2024-05-14_12h40.04.723,final_exp_1.2_v1_18012024,2023.2.3,60.01893001684973,2024-05-14 12h40.26.212928 +0530,
,,,,570,0,570,0,1995.4577062996104,,,,,,,,,,,,,,,,,,,,,,1995.442399499938,1995.4577062996104,1995.823918679962,,1996.7243168996647,,,,,,sub002_saurabh,001,2024-05-14_12h40.04.723,final_exp_1.2_v1_18012024,2023.2.3,60.01893001684973,2024-05-14 12h40.26.212928 +0530,
,,,,571,0,571,0,1996.7687084996141,,,,,,,,,,,,,,,,,,,,,,1996.7260153996758,1996.7687084996141,1997.0237770800013,1997.5462531000376,1998.0075208996423,,,,,,sub002_saurabh,001,2024-05-14_12h40.04.723,final_exp_1.2_v1_18012024,2023.2.3,60.01893001684973,2024-05-14 12h40.26.212928 +0530,
,,,,572,0,572,0,1998.0482426998205,,,,,,,,,,,,,,,,,,,,,,1998.0092949997634,1998.0482426998205,1998.3571297798771,,1999.290935299825,,,,,,sub002_saurabh,001,2024-05-14_12h40.04.723,final_exp_1.2_v1_18012024,2023.2.3,60.01893001684973,2024-05-14 12h40.26.212928 +0530,
,,,,573,0,573,0,1999.328300899826,,,,,,,,,,,,,,,,,,,,,,1999.2925901999697,1999.328300899826,1999.6238405799959,,2000.574810799677,,,,,,sub002_saurabh,001,2024-05-14_12h40.04.723,final_exp_1.2_v1_18012024,2023.2.3,60.01893001684973,2024-05-14 12h40.26.212928 +0530,
,,,,574,0,574,0,2000.6072309999727,,,,,,,,,,,,,,,,,,,,,,2000.5765839000233,2000.6072309999727,2000.890431979904,2001.4361855997704,2001.8576062000357,,,,,,sub002_saurabh,001,2024-05-14_12h40.04.723,final_exp_1.2_v1_18012024,2023.2.3,60.01893001684973,2024-05-14 12h40.26.212928 +0530,
,,,,575,0,575,0,2001.8874170999043,,,,,,,,,,,,,,,,,,,,,,2001.8592416998,2001.8874170999043,2002.2571423796471,,2003.1409708997235,,,,,,sub002_saurabh,001,2024-05-14_12h40.04.723,final_exp_1.2_v1_18012024,2023.2.3,60.01893001684973,2024-05-14 12h40.26.212928 +0530,
,,,,576,0,576,0,2003.1678204997443,,,,,,,,,,,,,,,,,,,,,,2003.1426666998304,2003.1678204997443,2003.4738203797024,,2004.4242314998992,,,,,,sub002_saurabh,001,2024-05-14_12h40.04.723,final_exp_1.2_v1_18012024,2023.2.3,60.01893001684973,2024-05-14 12h40.26.212928 +0530,
,,,,577,0,577,0,2004.4478356000036,,,,,,,,,,,,,,,,,,,,,,2004.4259787998162,2004.4478356000036,2004.8238098795991,2005.3943161997013,2005.7076563998125,,,,,,sub002_saurabh,001,2024-05-14_12h40.04.723,final_exp_1.2_v1_18012024,2023.2.3,60.01893001684973,2024-05-14 12h40.26.212928 +0530,
,,,,578,0,578,0,2005.7272836999036,,,,,,,,,,,,,,,,,,,,,,2005.7094157999381,2005.7272836999036,2006.107276179595,2006.6462361998856,2006.9909606999718,,,,,,sub002_saurabh,001,2024-05-14_12h40.04.723,final_exp_1.2_v1_18012024,2023.2.3,60.01893001684973,2024-05-14 12h40.26.212928 +0530,
,,,,579,0,579,0,2007.0080132000148,,,,,,,,,,,,,,,,,,,,,,2006.9926005997695,2007.0080132000148,2007.37381617981,2007.887250199914,2008.274287899956,,,,,,sub002_saurabh,001,2024-05-14_12h40.04.723,final_exp_1.2_v1_18012024,2023.2.3,60.01893001684973,2024-05-14 12h40.26.212928 +0530,
,,,,580,0,580,0,2008.2910054000095,,,,,,,,,,,,,,,,,,,,,,2008.2760387999006,2008.2910054000095,2008.623929479858,2009.1661518998444,2009.5575973996893,,,,,,sub002_saurabh,001,2024-05-14_12h40.04.723,final_exp_1.2_v1_18012024,2023.2.3,60.01893001684973,2024-05-14 12h40.26.212928 +0530,
,,,,581,0,581,0,2009.5739770997316,,,,,,,,,,,,,,,,,,,,,,2009.559338899795,2009.5739770997316,2009.9072830800433,2010.4463833998889,2010.8408355000429,,,,,,sub002_saurabh,001,2024-05-14_12h40.04.723,final_exp_1.2_v1_18012024,2023.2.3,60.01893001684973,2024-05-14 12h40.26.212928 +0530,
,,,,582,0,582,0,2010.857490599621,,,,,,,,,,,,,,,,,,,,,,2010.8425297997892,2010.857490599621,2011.2406332797837,,2012.124417099636,,,,,,sub002_saurabh,001,2024-05-14_12h40.04.723,final_exp_1.2_v1_18012024,2023.2.3,60.01893001684973,2024-05-14 12h40.26.212928 +0530,
,,,,583,0,583,0,2012.16795059992,,,,,,,,,,,,,,,,,,,,,,2012.1261477996595,2012.16795059992,2012.4570828799624,2012.987225299701,2013.407708399929,,,,,,sub002_saurabh,001,2024-05-14_12h40.04.723,final_exp_1.2_v1_18012024,2023.2.3,60.01893001684973,2024-05-14 12h40.26.212928 +0530,
,,,,584,0,584,0,2013.4475948996842,,,,,,,,,,,,,,,,,,,,,,2013.4100879998878,2013.4475948996842,2013.707194579998,2014.2748010000214,2014.691003699787,,,,,,sub002_saurabh,001,2024-05-14_12h40.04.723,final_exp_1.2_v1_18012024,2023.2.3,60.01893001684973,2024-05-14 12h40.26.212928 +0530,
,,,,585,0,585,0,2014.7284476999193,,,,,,,,,,,,,,,,,,,,,,2014.6927465996705,2014.7284476999193,2014.9906604799908,2015.5372958998196,2015.9743446996436,,,,,,sub002_saurabh,001,2024-05-14_12h40.04.723,final_exp_1.2_v1_18012024,2023.2.3,60.01893001684973,2024-05-14 12h40.26.212928 +0530,
,,,,586,0,586,0,2016.0078192995861,,,,,,,,,,,,,,,,,,,,,,2015.9760854998603,2016.0078192995861,2016.2905527797993,2016.8874128996395,2017.2578189997002,,,,,,sub002_saurabh,001,2024-05-14_12h40.04.723,final_exp_1.2_v1_18012024,2023.2.3,60.01893001684973,2024-05-14 12h40.26.212928 +0530,
,,,,587,0,587,0,2017.2873443998396,,,,,,,,,,,,,,,,,,,,,,2017.259557100013,2017.2873443998396,2017.657093579648,,2018.541101699695,,,,,,sub002_saurabh,001,2024-05-14_12h40.04.723,final_exp_1.2_v1_18012024,2023.2.3,60.01893001684973,2024-05-14 12h40.26.212928 +0530,
,,,,588,0,588,0,2018.5678554996848,,,,,,,,,,,,,,,,,,,,,,2018.5428033997305,2018.5678554996848,2018.8405613799114,2019.346280099824,2019.8247255999595,,,,,,sub002_saurabh,001,2024-05-14_12h40.04.723,final_exp_1.2_v1_18012024,2023.2.3,60.01893001684973,2024-05-14 12h40.26.212928 +0530,
,,,,589,0,589,0,2019.8481275998056,,,,,,,,,,,,,,,,,,,,,,2019.8264803998172,2019.8481275998056,2020.224007279845,2020.787375799846,2021.1085075996816,,,,,,sub002_saurabh,001,2024-05-14_12h40.04.723,final_exp_1.2_v1_18012024,2023.2.3,60.01893001684973,2024-05-14 12h40.26.212928 +0530,
,,,,590,0,590,0,2021.128879699856,,,,,,,,,,,,,,,,,,,,,,2021.1102562998421,2021.128879699856,2021.4906339796726,2022.036439199932,2022.4077628999949,,,,,,sub002_saurabh,001,2024-05-14_12h40.04.723,final_exp_1.2_v1_18012024,2023.2.3,60.01893001684973,2024-05-14 12h40.26.212928 +0530,
,,,,591,0,591,0,2022.448045999743,,,,,,,,,,,,,,,,,,,,,,2022.4095123996958,2022.448045999743,2022.79063587985,2023.33722259989,2023.691012899857,,,,,,sub002_saurabh,001,2024-05-14_12h40.04.723,final_exp_1.2_v1_18012024,2023.2.3,60.01893001684973,2024-05-14 12h40.26.212928 +0530,
,,,,592,0,592,0,2023.7276347996667,,,,,,,,,,,,,,,,,,,,,,2023.692776300013,2023.7276347996667,2023.9907095797826,2024.5874636997469,2024.9743900997564,,,,,,sub002_saurabh,001,2024-05-14_12h40.04.723,final_exp_1.2_v1_18012024,2023.2.3,60.01893001684973,2024-05-14 12h40.26.212928 +0530,
,,,,593,0,593,0,2025.008431599941,,,,,,,,,,,,,,,,,,,,,,2024.9761254996993,2025.008431599941,2025.3573616796639,2025.9249689998105,2026.2576816999353,,,,,,sub002_saurabh,001,2024-05-14_12h40.04.723,final_exp_1.2_v1_18012024,2023.2.3,60.01893001684973,2024-05-14 12h40.26.212928 +0530,
,,,,594,0,594,0,2026.286984199658,,,,,,,,,,,,,,,,,,,,,,2026.2594796000049,2026.286984199658,2026.557736779796,2027.0974689996801,2027.541147499811,,,,,,sub002_saurabh,001,2024-05-14_12h40.04.723,final_exp_1.2_v1_18012024,2023.2.3,60.01893001684973,2024-05-14 12h40.26.212928 +0530,
,,,,595,0,595,0,2027.5684758997522,,,,,,,,,,,,,,,,,,,,,,2027.5428232997656,2027.5684758997522,2027.8739414799493,2028.4364417996258,2028.8243328998797,,,,,,sub002_saurabh,001,2024-05-14_12h40.04.723,final_exp_1.2_v1_18012024,2023.2.3,60.01893001684973,2024-05-14 12h40.26.212928 +0530,
,,,,596,0,596,0,2028.848614699673,,,,,,,,,,,,,,,,,,,,,,2028.8260292997584,2028.848614699673,2029.1580537797417,2029.6973481997848,2030.107668899931,,,,,,sub002_saurabh,001,2024-05-14_12h40.04.723,final_exp_1.2_v1_18012024,2023.2.3,60.01893001684973,2024-05-14 12h40.26.212928 +0530,
,,,,597,0,597,0,2030.1271871998906,,,,,,,,,,,,,,,,,,,,,,2030.1093346998096,2030.1271871998906,2030.5073971797246,,2031.3910767999478,,,,,,sub002_saurabh,001,2024-05-14_12h40.04.723,final_exp_1.2_v1_18012024,2023.2.3,60.01893001684973,2024-05-14 12h40.26.212928 +0530,
,,,,598,0,598,0,2031.4082877999172,,,,,,,,,,,,,,,,,,,,,,2031.392785599921,2031.4082877999172,2031.7240662795957,2032.2463445998728,2032.6743619996123,,,,,,sub002_saurabh,001,2024-05-14_12h40.04.723,final_exp_1.2_v1_18012024,2023.2.3,60.01893001684973,2024-05-14 12h40.26.212928 +0530,
,,,,599,0,599,0,2032.6911661997437,,,,,,,,,,,,,,,,,,,,,,2032.6761254998855,2032.6911661997437,2033.0573592798319,2033.6253823000006,2033.9577411999926,,,,,,sub002_saurabh,001,2024-05-14_12h40.04.723,final_exp_1.2_v1_18012024,2023.2.3,60.01893001684973,2024-05-14 12h40.26.212928 +0530,
,,,,600,0,600,0,2033.9741539997049,,,,,,,,,,,,,,,,,,,,,,2033.9594610999338,2033.9741539997049,2034.341073779622,2034.8980041998439,2035.241064899601,,,,,,sub002_saurabh,001,2024-05-14_12h40.04.723,final_exp_1.2_v1_18012024,2023.2.3,60.01893001684973,2024-05-14 12h40.26.212928 +0530,
,,,,601,0,601,0,2035.2579754996113,,,,,,,,,,,,,,,,,,,,,,2035.2427317998372,2035.2579754996113,2035.5906222800259,2036.1165276998654,2036.5245004999451,,,,,,sub002_saurabh,001,2024-05-14_12h40.04.723,final_exp_1.2_v1_18012024,2023.2.3,60.01893001684973,2024-05-14 12h40.26.212928 +0530,
,,,,602,0,602,0,2036.5685751996934,,,,,,,,,,,,,,,,,,,,,,2036.5262068999,2036.5685751996934,2036.8741146798711,,2037.8077841997147,,,,,,sub002_saurabh,001,2024-05-14_12h40.04.723,final_exp_1.2_v1_18012024,2023.2.3,60.01893001684973,2024-05-14 12h40.26.212928 +0530,
,,,,603,0,603,0,2037.847493399866,,,,,,,,,,,,,,,,,,,,,,2037.8094783998094,2037.847493399866,2038.124031379586,,2039.0916171995923,,,,,,sub002_saurabh,001,2024-05-14_12h40.04.723,final_exp_1.2_v1_18012024,2023.2.3,60.01893001684973,2024-05-14 12h40.26.212928 +0530,
,,,,604,0,604,0,2039.1277652997524,,,,,,,,,,,,,,,,,,,,,,2039.0933192996308,2039.1277652997524,2039.4741209798958,2040.018147799652,2040.3744921996258,,,,,,sub002_saurabh,001,2024-05-14_12h40.04.723,final_exp_1.2_v1_18012024,2023.2.3,60.01893001684973,2024-05-14 12h40.26.212928 +0530,
,,,,605,0,605,0,2040.4084872999229,,,,,,,,,,,,,,,,,,,,,,2040.376158399973,2040.4084872999229,2040.7573845798615,,2041.6578692998737,,,,,,sub002_saurabh,001,2024-05-14_12h40.04.723,final_exp_1.2_v1_18012024,2023.2.3,60.01893001684973,2024-05-14 12h40.26.212928 +0530,
,,,,606,0,606,0,2041.6876515997574,,,,,,,,,,,,,,,,,,,,,,2041.6595732998103,2041.6876515997574,2041.9574418796692,2042.497438499704,2042.9415301997215,,,,,,sub002_saurabh,001,2024-05-14_12h40.04.723,final_exp_1.2_v1_18012024,2023.2.3,60.01893001684973,2024-05-14 12h40.26.212928 +0530,
,,,,607,0,607,0,2042.9673444000073,,,,,,,,,,,,,,,,,,,,,,2042.9432250997052,2042.9673444000073,2043.3239886800293,2043.9376180996187,2044.2245139996521,,,,,,sub002_saurabh,001,2024-05-14_12h40.04.723,final_exp_1.2_v1_18012024,2023.2.3,60.01893001684973,2024-05-14 12h40.26.212928 +0530,
,,,,608,0,608,0,2044.2495232997462,,,,,,,,,,,,,,,,,,,,,,2044.226922699716,2044.2495232997462,2044.5240221798886,2045.094881999772,2045.5078094997443,,,,,,sub002_saurabh,001,2024-05-14_12h40.04.723,final_exp_1.2_v1_18012024,2023.2.3,60.01893001684973,2024-05-14 12h40.26.212928 +0530,
,,,,609,0,609,0,2045.5277551999316,,,,,,,,,,,,,,,,,,,,,,2045.5094777997583,2045.5277551999316,2045.8407254798803,,2046.7911191997118,,,,,,sub002_saurabh,001,2024-05-14_12h40.04.723,final_exp_1.2_v1_18012024,2023.2.3,60.01893001684973,2024-05-14 12h40.26.212928 +0530,
,,,,610,0,610,0,2046.8076565996744,,,,,,,,,,,,,,,,,,,,,,2046.7928939997219,2046.8076565996744,2047.124155079713,2047.6878986000083,2048.0744743999094,,,,,,sub002_saurabh,001,2024-05-14_12h40.04.723,final_exp_1.2_v1_18012024,2023.2.3,60.01893001684973,2024-05-14 12h40.26.212928 +0530,
,,,,611,0,611,0,2048.091031999793,,,,,,,,,,,,,,,,,,,,,,2048.0762506998144,2048.091031999793,2048.474161779741,2049.0181974996813,2049.358134799637,,,,,,sub002_saurabh,001,2024-05-14_12h40.04.723,final_exp_1.2_v1_18012024,2023.2.3,60.01893001684973,2024-05-14 12h40.26.212928 +0530,
,,,,612,0,612,0,2049.374617599882,,,,,,,,,,,,,,,,,,,,,,2049.359875699971,2049.374617599882,2049.7075275799725,2050.278021099977,2050.6410747999325,,,,,,sub002_saurabh,001,2024-05-14_12h40.04.723,final_exp_1.2_v1_18012024,2023.2.3,60.01893001684973,2024-05-14 12h40.26.212928 +0530,
,,,,613,0,613,0,2050.658037599642,,,,,,,,,,,,,,,,,,,,,,2050.6427915999666,2050.658037599642,2050.99084027973,,2051.9249129998498,,,,,,sub002_saurabh,001,2024-05-14_12h40.04.723,final_exp_1.2_v1_18012024,2023.2.3,60.01893001684973,2024-05-14 12h40.26.212928 +0530,
,,,,614,0,614,0,2051.9678103998303,,,,,,,,,,,,,,,,,,,,,,2051.926626399625,2051.9678103998303,2052.274103179807,,2053.208023000043,,,,,,sub002_saurabh,001,2024-05-14_12h40.04.723,final_exp_1.2_v1_18012024,2023.2.3,60.01893001684973,2024-05-14 12h40.26.212928 +0530,
,,,,615,0,615,0,2053.248101399746,,,,,,,,,,,,,,,,,,,,,,2053.209764199797,2053.248101399746,2053.541163780028,2054.0975591996685,2054.491284499876,,,,,,sub002_saurabh,001,2024-05-14_12h40.04.723,final_exp_1.2_v1_18012024,2023.2.3,60.01893001684973,2024-05-14 12h40.26.212928 +0530,
,,,,616,0,616,0,2054.527859499678,,,,,,,,,,,,,,,,,,,,,,2054.493069499731,2054.527859499678,2054.824173179688,,2055.774639399722,,,,,,sub002_saurabh,001,2024-05-14_12h40.04.723,final_exp_1.2_v1_18012024,2023.2.3,60.01893001684973,2024-05-14 12h40.26.212928 +0530,
,,,,617,0,617,0,2055.8074423000216,,,,,,,,,,,,,,,,,,,,,,2055.776389299892,2055.8074423000216,2056.107542279875,2056.6667597997002,2057.058006600011,,,,,,sub002_saurabh,001,2024-05-14_12h40.04.723,final_exp_1.2_v1_18012024,2023.2.3,60.01893001684973,2024-05-14 12h40.26.212928 +0530,
,,,,618,0,618,0,2057.0874620997347,,,,,,,,,,,,,,,,,,,,,,2057.0596721996553,2057.0874620997347,2057.390867479844,,2058.3413336998783,,,,,,sub002_saurabh,001,2024-05-14_12h40.04.723,final_exp_1.2_v1_18012024,2023.2.3,60.01893001684973,2024-05-14 12h40.26.212928 +0530,
,,,,619,0,619,0,2058.367998799775,,,,,,,,,,,,,,,,,,,,,,2058.3430635998957,2058.367998799775,2058.67424947978,2059.1966916997917,2059.6245523998514,,,,,,sub002_saurabh,001,2024-05-14_12h40.04.723,final_exp_1.2_v1_18012024,2023.2.3,60.01893001684973,2024-05-14 12h40.26.212928 +0530,
,,,,620,0,620,0,2059.64836189989,,,,,,,,,,,,,,,,,,,,,,2059.6263083997183,2059.64836189989,2059.9739651798736,2060.5455331997946,2060.907951499801,,,,,,sub002_saurabh,001,2024-05-14_12h40.04.723,final_exp_1.2_v1_18012024,2023.2.3,60.01893001684973,2024-05-14 12h40.26.212928 +0530,
,,,,621,0,621,0,2060.9277128996328,,,,,,,,,,,,,,,,,,,,,,2060.909618199803,2060.9277128996328,2061.240801079897,,2062.191275399644,,,,,,sub002_saurabh,001,2024-05-14_12h40.04.723,final_exp_1.2_v1_18012024,2023.2.3,60.01893001684973,2024-05-14 12h40.26.212928 +0530,
,,,,622,0,622,0,2062.2087705000304,,,,,,,,,,,,,,,,,,,,,,2062.1930033997633,2062.2087705000304,2062.5409848799463,2063.13758029975,2063.4745751996525,,,,,,sub002_saurabh,001,2024-05-14_12h40.04.723,final_exp_1.2_v1_18012024,2023.2.3,60.01893001684973,2024-05-14 12h40.26.212928 +0530,
,,,,623,0,623,0,2063.491395900026,,,,,,,,,,,,,,,,,,,,,,2063.47631479986,2063.491395900026,2063.8076404796448,,2064.7579354997724,,,,,,sub002_saurabh,001,2024-05-14_12h40.04.723,final_exp_1.2_v1_18012024,2023.2.3,60.01893001684973,2024-05-14 12h40.26.212928 +0530,
,,,,624,0,624,0,2064.7746659000404,,,,,,,,,,,,,,,,,,,,,,2064.759733399842,2064.7746659000404,2065.107573679881,,2066.041216299869,,,,,,sub002_saurabh,001,2024-05-14_12h40.04.723,final_exp_1.2_v1_18012024,2023.2.3,60.01893001684973,2024-05-14 12h40.26.212928 +0530,
,,,,625,0,625,0,2066.057633599732,,,,,,,,,,,,,,,,,,,,,,2066.0429328000173,2066.057633599732,2066.424789979821,,2067.3253197995946,,,,,,sub002_saurabh,001,2024-05-14_12h40.04.723,final_exp_1.2_v1_18012024,2023.2.3,60.01893001684973,2024-05-14 12h40.26.212928 +0530,
,,,,626,0,626,0,2067.367847399786,,,,,,,,,,,,,,,,,,,,,,2067.327019899618,2067.367847399786,2067.6742533796933,,2068.6251415996812,,,,,,sub002_saurabh,001,2024-05-14_12h40.04.723,final_exp_1.2_v1_18012024,2023.2.3,60.01893001684973,2024-05-14 12h40.26.212928 +0530,
,,,,627,0,627,0,2068.6481745997444,,,,,,,,,,,,,,,,,,,,,,2068.6268172999844,2068.6481745997444,2068.9909275800455,,2069.9079652996734,,,,,,sub002_saurabh,001,2024-05-14_12h40.04.723,final_exp_1.2_v1_18012024,2023.2.3,60.01893001684973,2024-05-14 12h40.26.212928 +0530,
,,,,628,0,628,0,2069.927493599709,,,,,,,,,,,,,,,,,,,,,,2069.9097255999222,2069.927493599709,2070.2407850797754,2070.796585599892,2071.1912411996163,,,,,,sub002_saurabh,001,2024-05-14_12h40.04.723,final_exp_1.2_v1_18012024,2023.2.3,60.01893001684973,2024-05-14 12h40.26.212928 +0530,
,,,,629,0,629,0,2071.208160100039,,,,,,,,,,,,,,,,,,,,,,2071.1929317996837,2071.208160100039,2071.524168879958,,2072.4750214000233,,,,,,sub002_saurabh,001,2024-05-14_12h40.04.723,final_exp_1.2_v1_18012024,2023.2.3,60.01893001684973,2024-05-14 12h40.26.212928 +0530,
,,,,630,0,630,0,2072.4915044996887,,,,,,,,,,,,,,,,,,,,,,2072.4767594998702,2072.4915044996887,2072.824302979978,2073.396796999965,2073.7579401000403,,,,,,sub002_saurabh,001,2024-05-14_12h40.04.723,final_exp_1.2_v1_18012024,2023.2.3,60.01893001684973,2024-05-14 12h40.26.212928 +0530,
,,,,631,0,631,0,2073.774442899972,,,,,,,,,,,,,,,,,,,,,,2073.7596278996207,2073.774442899972,2074.1242788799573,,2075.041332599707,,,,,,sub002_saurabh,001,2024-05-14_12h40.04.723,final_exp_1.2_v1_18012024,2023.2.3,60.01893001684973,2024-05-14 12h40.26.212928 +0530,
,,,,632,0,632,0,2075.087454499677,,,,,,,,,,,,,,,,,,,,,,2075.043078399729,2075.087454499677,2075.4243607798126,2075.9953719996847,2076.3251900998875,,,,,,sub002_saurabh,001,2024-05-14_12h40.04.723,final_exp_1.2_v1_18012024,2023.2.3,60.01893001684973,2024-05-14 12h40.26.212928 +0530,
,,,,633,0,633,0,2076.3680495000444,,,,,,,,,,,,,,,,,,,,,,2076.3269190997817,2076.3680495000444,2076.7242825797293,2077.246752899606,2077.6080793999135,,,,,,sub002_saurabh,001,2024-05-14_12h40.04.723,final_exp_1.2_v1_18012024,2023.2.3,60.01893001684973,2024-05-14 12h40.26.212928 +0530,
,,,,634,0,634,0,2077.6474460996687,,,,,,,,,,,,,,,,,,,,,,2077.6097578997724,2077.6474460996687,2077.9909866799135,2078.538163200021,2078.8913418999873,,,,,,sub002_saurabh,001,2024-05-14_12h40.04.723,final_exp_1.2_v1_18012024,2023.2.3,60.01893001684973,2024-05-14 12h40.26.212928 +0530,
,,,,635,0,635,0,2078.9280518000014,,,,,,,,,,,,,,,,,,,,,,2078.8929681996815,2078.9280518000014,2079.274220679654,2079.844188899733,2080.1746449996717,,,,,,sub002_saurabh,001,2024-05-14_12h40.04.723,final_exp_1.2_v1_18012024,2023.2.3,60.01893001684973,2024-05-14 12h40.26.212928 +0530,
,,,,636,0,636,0,2080.2074545999058,,,,,,,,,,,,,,,,,,,,,,2080.1764205000363,2080.2074545999058,2080.4909667798784,2081.036875099875,2081.4586883997545,,,,,,sub002_saurabh,001,2024-05-14_12h40.04.723,final_exp_1.2_v1_18012024,2023.2.3,60.01893001684973,2024-05-14 12h40.26.212928 +0530,
,,,,637,0,637,0,2081.4883705000393,,,,,,,,,,,,,,,,,,,,,,2081.4603204997256,2081.4883705000393,2081.824373579817,2082.346856699791,2082.7415501996875,,,,,,sub002_saurabh,001,2024-05-14_12h40.04.723,final_exp_1.2_v1_18012024,2023.2.3,60.01893001684973,2024-05-14 12h40.26.212928 +0530,
,,,,638,0,638,0,2082.768284099642,,,,,,,,,,,,,,,,,,,,,,2082.7432065997273,2082.768284099642,2083.107688579941,2083.666799800005,2084.0245524998754,,,,,,sub002_saurabh,001,2024-05-14_12h40.04.723,final_exp_1.2_v1_18012024,2023.2.3,60.01893001684973,2024-05-14 12h40.26.212928 +0530,
,,,,639,0,639,0,2084.047109199688,,,,,,,,,,,,,,,,,,,,,,2084.026236599777,2084.047109199688,2084.424277879996,2084.9466725997627,2085.308064199984,,,,,,sub002_saurabh,001,2024-05-14_12h40.04.723,final_exp_1.2_v1_18012024,2023.2.3,60.01893001684973,2024-05-14 12h40.26.212928 +0530,
,,,,640,0,640,0,2085.328839399852,,,,,,,,,,,,,,,,,,,,,,2085.3097950997762,2085.328839399852,2085.691284779692,,2086.5920005999506,,,,,,sub002_saurabh,001,2024-05-14_12h40.04.723,final_exp_1.2_v1_18012024,2023.2.3,60.01893001684973,2024-05-14 12h40.26.212928 +0530,
,,,,641,0,641,0,2086.608568799682,,,,,,,,,,,,,,,,,,,,,,2086.5937565998174,2086.608568799682,2086.991039079847,2087.546923399903,2088.024683999829,2088.0712279998697,,,,,sub002_saurabh,001,2024-05-14_12h40.04.723,final_exp_1.2_v1_18012024,2023.2.3,60.01893001684973,2024-05-14 12h40.26.212928 +0530,
,,,,642,0,642,0,2088.0712279998697,,,,,,,,,,,,,,,,,,,,,,2088.0264523997903,2088.0712279998697,2088.357642579591,2088.9179979995824,2089.308515300043,,,,,,sub002_saurabh,001,2024-05-14_12h40.04.723,final_exp_1.2_v1_18012024,2023.2.3,60.01893001684973,2024-05-14 12h40.26.212928 +0530,
,,,,643,0,643,0,2089.350733099971,,,,,,,,,,,,,,,,,,,,,,2089.310278599616,2089.350733099971,2089.6911086796317,2090.2577629997395,2090.5915190000087,,,,,,sub002_saurabh,001,2024-05-14_12h40.04.723,final_exp_1.2_v1_18012024,2023.2.3,60.01893001684973,2024-05-14 12h40.26.212928 +0530,
,,,,644,0,644,0,2090.630144599825,,,,,,,,,,,,,,,,,,,,,,2090.593220700044,2090.630144599825,2090.957639979897,,2091.8748158998787,,,,,,sub002_saurabh,001,2024-05-14_12h40.04.723,final_exp_1.2_v1_18012024,2023.2.3,60.01893001684973,2024-05-14 12h40.26.212928 +0530,
,,,,645,0,645,0,2091.9110025996342,,,,,,,,,,,,,,,,,,,,,,2091.8765366999432,2091.9110025996342,2092.1910261798184,,2093.1581854997203,,,,,,sub002_saurabh,001,2024-05-14_12h40.04.723,final_exp_1.2_v1_18012024,2023.2.3,60.01893001684973,2024-05-14 12h40.26.212928 +0530,
,,,,646,0,646,0,2093.1906172996387,,,,,,,,,,,,,,,,,,,,,,2093.159934299998,2093.1906172996387,2093.5077616798226,2094.0757687999867,2094.4415384996682,,,,,,sub002_saurabh,001,2024-05-14_12h40.04.723,final_exp_1.2_v1_18012024,2023.2.3,60.01893001684973,2024-05-14 12h40.26.212928 +0530,
,,,,647,0,647,0,2094.470264100004,,,,,,,,,,,,,,,,,,,,,,2094.443221299909,2094.470264100004,2094.824473179644,2095.345984299667,2095.724915399682,,,,,,sub002_saurabh,001,2024-05-14_12h40.04.723,final_exp_1.2_v1_18012024,2023.2.3,60.01893001684973,2024-05-14 12h40.26.212928 +0530,
,,,,648,0,648,0,2095.7499555000104,,,,,,,,,,,,,,,,,,,,,,2095.7266640998423,2095.7499555000104,2096.057746279752,2096.6469197999686,2097.0082117998973,,,,,,sub002_saurabh,001,2024-05-14_12h40.04.723,final_exp_1.2_v1_18012024,2023.2.3,60.01893001684973,2024-05-14 12h40.26.212928 +0530,
,,,,649,0,649,0,2097.0308421999216,,,,,,,,,,,,,,,,,,,,,,2097.00995589979,2097.0308421999216,2097.325273679802,2097.846866799984,2098.291483799927,,,,,,sub002_saurabh,001,2024-05-14_12h40.04.723,final_exp_1.2_v1_18012024,2023.2.3,60.01893001684973,2024-05-14 12h40.26.212928 +0530,
,,,,650,0,650,0,2098.3098951997235,,,,,,,,,,,,,,,,,,,,,,2098.2931484999135,2098.3098951997235,2098.6244665796403,,2099.574818499852,,,,,,sub002_saurabh,001,2024-05-14_12h40.04.723,final_exp_1.2_v1_18012024,2023.2.3,60.01893001684973,2024-05-14 12h40.26.212928 +0530,
,,,,651,0,651,0,2099.5904699997045,,,,,,,,,,,,,,,,,,,,,,2099.5765430997126,2099.5904699997045,2099.925181879895,2100.4965085997246,2100.8581542000175,,,,,,sub002_saurabh,001,2024-05-14_12h40.04.723,final_exp_1.2_v1_18012024,2023.2.3,60.01893001684973,2024-05-14 12h40.26.212928 +0530,
,,,,652,0,652,0,2100.874581999611,,,,,,,,,,,,,,,,,,,,,,2100.8598811998963,2100.874581999611,2101.2410221796017,2101.817091499921,2102.1415579998866,,,,,,sub002_saurabh,001,2024-05-14_12h40.04.723,final_exp_1.2_v1_18012024,2023.2.3,60.01893001684973,2024-05-14 12h40.26.212928 +0530,
,,,,653,0,653,0,2102.158443799708,,,,,,,,,,,,,,,,,,,,,,2102.1432304996997,2102.158443799708,2102.4910862797406,,2103.4247476998717,,,,,,sub002_saurabh,001,2024-05-14_12h40.04.723,final_exp_1.2_v1_18012024,2023.2.3,60.01893001684973,2024-05-14 12h40.26.212928 +0530,
,,,,654,0,654,0,2103.4415592998266,,,,,,,,,,,,,,,,,,,,,,2103.426430599764,2103.4415592998266,2103.807748979656,2104.366839000024,2104.70857949974,,,,,,sub002_saurabh,001,2024-05-14_12h40.04.723,final_exp_1.2_v1_18012024,2023.2.3,60.01893001684973,2024-05-14 12h40.26.212928 +0530,
,,,,655,0,655,0,2104.7499587000348,,,,,,,,,,,,,,,,,,,,,,2104.7102979999036,2104.7499587000348,2105.091111279791,2105.638011999894,2105.991689599585,,,,,,sub002_saurabh,001,2024-05-14_12h40.04.723,final_exp_1.2_v1_18012024,2023.2.3,60.01893001684973,2024-05-14 12h40.26.212928 +0530,
,,,,656,0,656,0,2106.032367100008,,,,,,,,,,,,,,,,,,,,,,2105.993447399698,2106.032367100008,2106.3411921795923,2106.8877319996245,2107.2752964999527,,,,,,sub002_saurabh,001,2024-05-14_12h40.04.723,final_exp_1.2_v1_18012024,2023.2.3,60.01893001684973,2024-05-14 12h40.26.212928 +0530,
,,,,657,0,657,0,2107.3098460999317,,,,,,,,,,,,,,,,,,,,,,2107.276990499813,2107.3098460999317,2107.6079045797233,2108.167156300042,2108.5583477998152,,,,,,sub002_saurabh,001,2024-05-14_12h40.04.723,final_exp_1.2_v1_18012024,2023.2.3,60.01893001684973,2024-05-14 12h40.26.212928 +0530,
,,,,658,0,658,0,2108.591214600019,,,,,,,,,,,,,,,,,,,,,,2108.5600840998814,2108.591214600019,2108.9577613796573,2109.496990500018,2109.8424753998406,,,,,,sub002_saurabh,001,2024-05-14_12h40.04.723,final_exp_1.2_v1_18012024,2023.2.3,60.01893001684973,2024-05-14 12h40.26.212928 +0530,
,,,,659,0,659,0,2109.871305299923,,,,,,,,,,,,,,,,,,,,,,2109.8442379999906,2109.871305299923,2110.2078194797505,,2111.14140199963,,,,,,sub002_saurabh,001,2024-05-14_12h40.04.723,final_exp_1.2_v1_18012024,2023.2.3,60.01893001684973,2024-05-14 12h40.26.212928 +0530,
,,,,660,0,660,0,2111.1580829997547,,,,,,,,,,,,,,,,,,,,,,2111.1431551999412,2111.1580829997547,2111.4910472796764,2112.0380382998846,2112.4251677999273,,,,,,sub002_saurabh,001,2024-05-14_12h40.04.723,final_exp_1.2_v1_18012024,2023.2.3,60.01893001684973,2024-05-14 12h40.26.212928 +0530,
,,,,661,0,661,0,2112.4718595999293,,,,,,,,,,,,,,,,,,,,,,2112.426787599921,2112.4718595999293,2112.7577050796244,2113.325683800038,2113.70866949996,,,,,,sub002_saurabh,001,2024-05-14_12h40.04.723,final_exp_1.2_v1_18012024,2023.2.3,60.01893001684973,2024-05-14 12h40.26.212928 +0530,
,,,,662,0,662,0,2113.750851199962,,,,,,,,,,,,,,,,,,,,,,2113.710389699787,2113.750851199962,2114.0245015800465,,2114.9916764996015,,,,,,sub002_saurabh,001,2024-05-14_12h40.04.723,final_exp_1.2_v1_18012024,2023.2.3,60.01893001684973,2024-05-14 12h40.26.212928 +0530,
,,,,663,0,663,0,2115.030373599846,,,,,,,,,,,,,,,,,,,,,,2114.9934098999947,2115.030373599846,2115.3254165796097,2115.8378997999243,2116.275012499653,,,,,,sub002_saurabh,001,2024-05-14_12h40.04.723,final_exp_1.2_v1_18012024,2023.2.3,60.01893001684973,2024-05-14 12h40.26.212928 +0530,
,,,,664,0,664,0,2116.3115405999124,,,,,,,,,,,,,,,,,,,,,,2116.2767046997324,2116.3115405999124,2116.624575979775,2117.1669542999007,2117.558335599955,,,,,,sub002_saurabh,001,2024-05-14_12h40.04.723,final_exp_1.2_v1_18012024,2023.2.3,60.01893001684973,2024-05-14 12h40.26.212928 +0530,
,,,,665,0,665,0,2117.592314799782,,,,,,,,,,,,,,,,,,,,,,2117.5601053996943,2117.592314799782,2117.8912274797913,2118.4470881996676,2118.8416585996747,,,,,,sub002_saurabh,001,2024-05-14_12h40.04.723,final_exp_1.2_v1_18012024,2023.2.3,60.01893001684973,2024-05-14 12h40.26.212928 +0530,
,,,,666,0,666,0,2118.870797999669,,,,,,,,,,,,,,,,,,,,,,2118.843434199691,2118.870797999669,2119.191167479614,,2120.1249149995856,,,,,,sub002_saurabh,001,2024-05-14_12h40.04.723,final_exp_1.2_v1_18012024,2023.2.3,60.01893001684973,2024-05-14 12h40.26.212928 +0530,
,,,,667,0,667,0,2120.1516195996664,,,,,,,,,,,,,,,,,,,,,,2120.126644599717,2120.1516195996664,2120.474394579651,,2121.4083505999297,,,,,,sub002_saurabh,001,2024-05-14_12h40.04.723,final_exp_1.2_v1_18012024,2023.2.3,60.01893001684973,2024-05-14 12h40.26.212928 +0530,
,,,,668,0,668,0,2121.430210999679,,,,,,,,,,,,,,,,,,,,,,2121.4100890997797,2121.430210999679,2121.7745145799126,2122.2970161000267,2122.6916969995946,,,,,,sub002_saurabh,001,2024-05-14_12h40.04.723,final_exp_1.2_v1_18012024,2023.2.3,60.01893001684973,2024-05-14 12h40.26.212928 +0530,
,,,,669,0,669,0,2122.710632899776,,,,,,,,,,,,,,,,,,,,,,2122.6933527998626,2122.710632899776,2123.0411804800387,2123.626259499695,2123.9750149999745,,,,,,sub002_saurabh,001,2024-05-14_12h40.04.723,final_exp_1.2_v1_18012024,2023.2.3,60.01893001684973,2024-05-14 12h40.26.212928 +0530,
,,,,670,0,670,0,2123.9905824000016,,,,,,,,,,,,,,,,,,,,,,2123.9766908995807,2123.9905824000016,2124.3745831798296,2124.9179540998302,2125.2582931998186,,,,,,sub002_saurabh,001,2024-05-14_12h40.04.723,final_exp_1.2_v1_18012024,2023.2.3,60.01893001684973,2024-05-14 12h40.26.212928 +0530,
,,,,671,0,671,0,2125.2750586997718,,,,,,,,,,,,,,,,,,,,,,2125.2600271999836,2125.2750586997718,2125.5916663797107,2126.1462869998068,2126.5414877999574,,,,,,sub002_saurabh,001,2024-05-14_12h40.04.723,final_exp_1.2_v1_18012024,2023.2.3,60.01893001684973,2024-05-14 12h40.26.212928 +0530,
,,,,672,0,672,0,2126.558337499853,,,,,,,,,,,,,,,,,,,,,,2126.543211400043,2126.558337499853,2126.9412050799,2127.48796389997,2127.8249572999775,,,,,,sub002_saurabh,001,2024-05-14_12h40.04.723,final_exp_1.2_v1_18012024,2023.2.3,60.01893001684973,2024-05-14 12h40.26.212928 +0530,
,,,,673,0,673,0,2127.8709185998887,,,,,,,,,,,,,,,,,,,,,,2127.8266350999475,2127.8709185998887,2128.224559279857,,2129.1089190999046,,,,,,sub002_saurabh,001,2024-05-14_12h40.04.723,final_exp_1.2_v1_18012024,2023.2.3,60.01893001684973,2024-05-14 12h40.26.212928 +0530,
,,,,674,0,674,0,2129.1507779997773,,,,,,,,,,,,,,,,,,,,,,2129.1106506995857,2129.1507779997773,2129.5250873796176,,2130.3923956998624,,,,,,sub002_saurabh,001,2024-05-14_12h40.04.723,final_exp_1.2_v1_18012024,2023.2.3,60.01893001684973,2024-05-14 12h40.26.212928 +0530,
,,,,675,0,675,0,2130.430638199672,,,,,,,,,,,,,,,,,,,,,,2130.3940363000147,2130.430638199672,2130.724708779948,2131.28792889975,2131.691681899596,,,,,,sub002_saurabh,001,2024-05-14_12h40.04.723,final_exp_1.2_v1_18012024,2023.2.3,60.01893001684973,2024-05-14 12h40.26.212928 +0530,
,,,,676,0,676,0,2131.7102864999324,,,,,,,,,,,,,,,,,,,,,,2131.6933602998033,2131.7102864999324,2132.0412020797376,2132.6377983996645,2132.974935099948,,,,,,sub002_saurabh,001,2024-05-14_12h40.04.723,final_exp_1.2_v1_18012024,2023.2.3,60.01893001684973,2024-05-14 12h40.26.212928 +0530,
,,,,677,0,677,0,2132.990657999646,,,,,,,,,,,,,,,,,,,,,,2132.976640299894,2132.990657999646,2133.3253314800095,2133.8880189997144,2134.2583564999513,,,,,,sub002_saurabh,001,2024-05-14_12h40.04.723,final_exp_1.2_v1_18012024,2023.2.3,60.01893001684973,2024-05-14 12h40.26.212928 +0530,
,,,,678,0,678,0,2134.2748048999347,,,,,,,,,,,,,,,,,,,,,,2134.2600936000235,2134.2748048999347,2134.5579212799203,2135.125670499634,2135.5420184000395,,,,,,sub002_saurabh,001,2024-05-14_12h40.04.723,final_exp_1.2_v1_18012024,2023.2.3,60.01893001684973,2024-05-14 12h40.26.212928 +0530,
,,,,679,0,679,0,2135.5572770000435,,,,,,,,,,,,,,,,,,,,,,2135.5437758998014,2135.5572770000435,2135.8914431796875,,2136.825066999998,,,,,,sub002_saurabh,001,2024-05-14_12h40.04.723,final_exp_1.2_v1_18012024,2023.2.3,60.01893001684973,2024-05-14 12h40.26.212928 +0530,
,,,,680,0,680,0,2136.87105419999,,,,,,,,,,,,,,,,,,,,,,2136.826749299653,2136.87105419999,2137.1579319799785,2137.7371495999396,2138.108577299863,,,,,,sub002_saurabh,001,2024-05-14_12h40.04.723,final_exp_1.2_v1_18012024,2023.2.3,60.01893001684973,2024-05-14 12h40.26.212928 +0530,
,,,,681,0,681,0,2138.1506948997267,,,,,,,,,,,,,,,,,,,,,,2138.1103326999582,2138.1506948997267,2138.474560379749,2138.9979530996643,2139.391826899722,,,,,,sub002_saurabh,001,2024-05-14_12h40.04.723,final_exp_1.2_v1_18012024,2023.2.3,60.01893001684973,2024-05-14 12h40.26.212928 +0530,
,,,,682,0,682,0,2139.430499599781,,,,,,,,,,,,,,,,,,,,,,2139.3935876996256,2139.430499599781,2139.7912012797315,2140.3467969996855,2140.6751146996394,,,,,,sub002_saurabh,001,2024-05-14_12h40.04.723,final_exp_1.2_v1_18012024,2023.2.3,60.01893001684973,2024-05-14 12h40.26.212928 +0530,
,,,,683,0,683,0,2140.7110810996965,,,,,,,,,,,,,,,,,,,,,,2140.6768703996204,2140.7110810996965,2141.0579748798627,,2141.958501199726,,,,,,sub002_saurabh,001,2024-05-14_12h40.04.723,final_exp_1.2_v1_18012024,2023.2.3,60.01893001684973,2024-05-14 12h40.26.212928 +0530,
,,,,684,0,684,0,2141.991180599667,,,,,,,,,,,,,,,,,,,,,,2141.9601735998876,2141.991180599667,2142.324761779746,,2143.241780600045,,,,,,sub002_saurabh,001,2024-05-14_12h40.04.723,final_exp_1.2_v1_18012024,2023.2.3,60.01893001684973,2024-05-14 12h40.26.212928 +0530,
,,,,685,0,685,0,2143.2714382000268,,,,,,,,,,,,,,,,,,,,,,2143.243536300026,2143.2714382000268,2143.6412600798067,2144.1672323998064,2144.5250669997185,,,,,,sub002_saurabh,001,2024-05-14_12h40.04.723,final_exp_1.2_v1_18012024,2023.2.3,60.01893001684973,2024-05-14 12h40.26.212928 +0530,
,,,,686,0,686,0,2144.5511535997503,,,,,,,,,,,,,,,,,,,,,,2144.526796899736,2144.5511535997503,2144.907955779927,,2145.8084749998525,,,,,,sub002_saurabh,001,2024-05-14_12h40.04.723,final_exp_1.2_v1_18012024,2023.2.3,60.01893001684973,2024-05-14 12h40.26.212928 +0530,
,,,,687,0,687,0,2145.830973399803,,,,,,,,,,,,,,,,,,,,,,2145.810129499994,2145.830973399803,2146.141330479877,2146.6477602999657,2147.0916996998712,,,,,,sub002_saurabh,001,2024-05-14_12h40.04.723,final_exp_1.2_v1_18012024,2023.2.3,60.01893001684973,2024-05-14 12h40.26.212928 +0530,
,,,,688,0,688,0,2147.1112059997395,,,,,,,,,,,,,,,,,,,,,,2147.093420199584,2147.1112059997395,2147.424673579866,2148.017076099757,2148.375183499884,,,,,,sub002_saurabh,001,2024-05-14_12h40.04.723,final_exp_1.2_v1_18012024,2023.2.3,60.01893001684973,2024-05-14 12h40.26.212928 +0530,
,,,,689,0,689,0,2148.390741799958,,,,,,,,,,,,,,,,,,,,,,2148.376950999722,2148.390741799958,2148.758006579941,,2149.6584005998448,,,,,,sub002_saurabh,001,2024-05-14_12h40.04.723,final_exp_1.2_v1_18012024,2023.2.3,60.01893001684973,2024-05-14 12h40.26.212928 +0530,
,,,,690,0,690,0,2149.6752663999796,,,,,,,,,,,,,,,,,,,,,,2149.6600283998996,2149.6752663999796,2149.957970379619,,2150.941818199586,,,,,,sub002_saurabh,001,2024-05-14_12h40.04.723,final_exp_1.2_v1_18012024,2023.2.3,60.01893001684973,2024-05-14 12h40.26.212928 +0530,
,,,,691,0,691,0,2150.9585899999365,,,,,,,,,,,,,,,,,,,,,,2150.943547199946,2150.9585899999365,2151.2922620798927,2151.7981583997607,2152.224940299988,,,,,,sub002_saurabh,001,2024-05-14_12h40.04.723,final_exp_1.2_v1_18012024,2023.2.3,60.01893001684973,2024-05-14 12h40.26.212928 +0530,
,,,,692,0,692,0,2152.2711711996235,,,,,,,,,,,,,,,,,,,,,,2152.2266836999916,2152.2711711996235,2152.541245679604,,2153.508565200027,,,,,,sub002_saurabh,001,2024-05-14_12h40.04.723,final_exp_1.2_v1_18012024,2023.2.3,60.01893001684973,2024-05-14 12h40.26.212928 +0530,
,,,,693,0,693,0,2153.5508841997944,,,,,,,,,,,,,,,,,,,,,,2153.510273199994,2153.5508841997944,2153.858037679689,2154.3673199997284,2154.7918758997694,,,,,,sub002_saurabh,001,2024-05-14_12h40.04.723,final_exp_1.2_v1_18012024,2023.2.3,60.01893001684973,2024-05-14 12h40.26.212928 +0530,
,,,,694,0,694,0,2154.8303602999076,,,,,,,,,,,,,,,,,,,,,,2154.793557500001,2154.8303602999076,2155.1913938799407,,2156.075279599987,,,,,,sub002_saurabh,001,2024-05-14_12h40.04.723,final_exp_1.2_v1_18012024,2023.2.3,60.01893001684973,2024-05-14 12h40.26.212928 +0530,
,,,,695,0,695,0,2156.110679399688,,,,,,,,,,,,,,,,,,,,,,2156.076962399762,2156.110679399688,2156.391322379699,2156.9372381996363,2157.358593599871,,,,,,sub002_saurabh,001,2024-05-14_12h40.04.723,final_exp_1.2_v1_18012024,2023.2.3,60.01893001684973,2024-05-14 12h40.26.212928 +0530,
,,,,696,0,696,0,2157.390609399881,,,,,,,,,,,,,,,,,,,,,,2157.360361499712,2157.390609399881,2157.67484787968,2158.1982617997564,2158.641860499978,,,,,,sub002_saurabh,001,2024-05-14_12h40.04.723,final_exp_1.2_v1_18012024,2023.2.3,60.01893001684973,2024-05-14 12h40.26.212928 +0530,
,,,,697,0,697,0,2158.6708019999787,,,,,,,,,,,,,,,,,,,,,,2158.643625599798,2158.6708019999787,2158.9413505799603,,2159.925185999833,,,,,,sub002_saurabh,001,2024-05-14_12h40.04.723,final_exp_1.2_v1_18012024,2023.2.3,60.01893001684973,2024-05-14 12h40.26.212928 +0530,
,,,,698,0,698,0,2159.9507030998357,,,,,,,,,,,,,,,,,,,,,,2159.9269441999495,2159.9507030998357,2160.2414516799618,2160.7673472999595,2161.2084544999525,,,,,,sub002_saurabh,001,2024-05-14_12h40.04.723,final_exp_1.2_v1_18012024,2023.2.3,60.01893001684973,2024-05-14 12h40.26.212928 +0530,
,,,,699,0,699,0,2161.2309018997476,,,,,,,,,,,,,,,,,,,,,,2161.210120399948,2161.2309018997476,2161.6086944800336,2162.1468785000034,2162.4917953000404,,,,,,sub002_saurabh,001,2024-05-14_12h40.04.723,final_exp_1.2_v1_18012024,2023.2.3,60.01893001684973,2024-05-14 12h40.26.212928 +0530,
,,,,700,0,700,0,2162.510839499999,,,,,,,,,,,,,,,,,,,,,,2162.4935271996073,2162.510839499999,2162.791446079733,2163.3465783996508,2163.775099599734,,,,,,sub002_saurabh,001,2024-05-14_12h40.04.723,final_exp_1.2_v1_18012024,2023.2.3,60.01893001684973,2024-05-14 12h40.26.212928 +0530,
,,,,701,0,701,0,2163.7908369996585,,,,,,,,,,,,,,,,,,,,,,2163.7767405998893,2163.7908369996585,2164.126091579674,,2165.0586127997376,,,,,,sub002_saurabh,001,2024-05-14_12h40.04.723,final_exp_1.2_v1_18012024,2023.2.3,60.01893001684973,2024-05-14 12h40.26.212928 +0530,
,,,,702,0,702,0,2165.0752208996564,,,,,,,,,,,,,,,,,,,,,,2165.0603044000454,2165.0752208996564,2165.3580721796025,2165.946514699608,2166.3418425000273,,,,,,sub002_saurabh,001,2024-05-14_12h40.04.723,final_exp_1.2_v1_18012024,2023.2.3,60.01893001684973,2024-05-14 12h40.26.212928 +0530,
,,,,703,0,703,0,2166.358591399621,,,,,,,,,,,,,,,,,,,,,,2166.343510599807,2166.358591399621,2166.691512679914,2167.247201499995,2167.6250648000278,,,,,,sub002_saurabh,001,2024-05-14_12h40.04.723,final_exp_1.2_v1_18012024,2023.2.3,60.01893001684973,2024-05-14 12h40.26.212928 +0530,
,,,,704,0,704,0,2167.6708606998436,,,,,,,,,,,,,,,,,,,,,,2167.6268199998885,2167.6708606998436,2168.0081844797824,2168.546495199669,2168.908837199677,,,,,,sub002_saurabh,001,2024-05-14_12h40.04.723,final_exp_1.2_v1_18012024,2023.2.3,60.01893001684973,2024-05-14 12h40.26.212928 +0530,
,,,,705,0,705,0,2168.9502671998926,,,,,,,,,,,,,,,,,,,,,,2168.9105173000135,2168.9502671998926,2169.258188680047,,2170.191864399705,,,,,,sub002_saurabh,001,2024-05-14_12h40.04.723,final_exp_1.2_v1_18012024,2023.2.3,60.01893001684973,2024-05-14 12h40.26.212928 +0530,
,,,,706,0,706,0,2170.2310175998136,,,,,,,,,,,,,,,,,,,,,,2170.1936126998626,2170.2310175998136,2170.508075079648,2171.067212499678,2171.475384199992,,,,,,sub002_saurabh,001,2024-05-14_12h40.04.723,final_exp_1.2_v1_18012024,2023.2.3,60.01893001684973,2024-05-14 12h40.26.212928 +0530,
,,,,707,0,707,0,2171.511359700002,,,,,,,,,,,,,,,,,,,,,,2171.4770770999603,2171.511359700002,2171.7747972796205,,2172.7585779000074,,,,,,sub002_saurabh,001,2024-05-14_12h40.04.723,final_exp_1.2_v1_18012024,2023.2.3,60.01893001684973,2024-05-14 12h40.26.212928 +0530,
,,,,708,0,708,0,2172.790118199773,,,,,,,,,,,,,,,,,,,,,,2172.7602499998175,2172.790118199773,2173.141373579623,2173.6882116999477,2174.0420549996197,,,,,,sub002_saurabh,001,2024-05-14_12h40.04.723,final_exp_1.2_v1_18012024,2023.2.3,60.01893001684973,2024-05-14 12h40.26.212928 +0530,
,,,,709,0,709,0,2174.0703812995926,,,,,,,,,,,,,,,,,,,,,,2174.0437250998802,2174.0703812995926,2174.424963879632,2174.9879524996504,2175.3252297998406,,,,,,sub002_saurabh,001,2024-05-14_12h40.04.723,final_exp_1.2_v1_18012024,2023.2.3,60.01893001684973,2024-05-14 12h40.26.212928 +0530,
,,,,710,0,710,0,2175.350311199669,,,,,,,,,,,,,,,,,,,,,,2175.3269174997695,2175.350311199669,2175.7082080796827,2176.238292600028,2176.608607399743,,,,,,sub002_saurabh,001,2024-05-14_12h40.04.723,final_exp_1.2_v1_18012024,2023.2.3,60.01893001684973,2024-05-14 12h40.26.212928 +0530,
,,,,711,0,711,0,2176.630365199875,,,,,,,,,,,,,,,,,,,,,,2176.6103804996237,2176.630365199875,2176.991386079928,,2177.8920285999775,,,,,,sub002_saurabh,001,2024-05-14_12h40.04.723,final_exp_1.2_v1_18012024,2023.2.3,60.01893001684973,2024-05-14 12h40.26.212928 +0530,
,,,,712,0,712,0,2177.910525399726,,,,,,,,,,,,,,,,,,,,,,2177.8937501995824,2177.910525399726,2178.2248551796656,,2179.1752855000086,,,,,,sub002_saurabh,001,2024-05-14_12h40.04.723,final_exp_1.2_v1_18012024,2023.2.3,60.01893001684973,2024-05-14 12h40.26.212928 +0530,
,,,,713,0,713,0,2179.1914397999644,,,,,,,,,,,,,,,,,,,,,,2179.176922099665,2179.1914397999644,2179.50827287999,2180.0672818999738,2180.4585787998512,,,,,,sub002_saurabh,001,2024-05-14_12h40.04.723,final_exp_1.2_v1_18012024,2023.2.3,60.01893001684973,2024-05-14 12h40.26.212928 +0530,
,,,,714,0,714,0,2180.4751145998016,,,,,,,,,,,,,,,,,,,,,,2180.4602906997316,2180.4751145998016,2180.8083197798114,2181.3672924996354,2181.7416742998175,,,,,,sub002_saurabh,001,2024-05-14_12h40.04.723,final_exp_1.2_v1_18012024,2023.2.3,60.01893001684973,2024-05-14 12h40.26.212928 +0530,
,,,,715,0,715,0,2181.7583963000216,,,,,,,,,,,,,,,,,,,,,,2181.743412199896,2181.7583963000216,2182.0916167797986,2182.648209899664,2183.0251609999686,,,,,,sub002_saurabh,001,2024-05-14_12h40.04.723,final_exp_1.2_v1_18012024,2023.2.3,60.01893001684973,2024-05-14 12h40.26.212928 +0530,
,,,,716,0,716,0,2183.07086539967,,,,,,,,,,,,,,,,,,,,,,2183.0268506999128,2183.07086539967,2183.391528879991,,2184.3093224000186,,,,,,sub002_saurabh,001,2024-05-14_12h40.04.723,final_exp_1.2_v1_18012024,2023.2.3,60.01893001684973,2024-05-14 12h40.26.212928 +0530,
,,,,717,0,717,0,2184.351500299759,,,,,,,,,,,,,,,,,,,,,,2184.3110711998306,2184.351500299759,2184.6914906797465,2185.2576988996007,2185.6086022998206,,,,,,sub002_saurabh,001,2024-05-14_12h40.04.723,final_exp_1.2_v1_18012024,2023.2.3,60.01893001684973,2024-05-14 12h40.26.212928 +0530,
,,,,718,0,718,0,2185.630011699628,,,,,,,,,,,,,,,,,,,,,,2185.6103297998197,2185.630011699628,2185.941598179983,2186.5467056999914,2186.891933699604,,,,,,sub002_saurabh,001,2024-05-14_12h40.04.723,final_exp_1.2_v1_18012024,2023.2.3,60.01893001684973,2024-05-14 12h40.26.212928 +0530,
,,,,719,0,719,0,2186.9106004997157,,,,,,,,,,,,,,,,,,,,,,2186.8936617998406,2186.9106004997157,2187.2915947798174,,2188.175281299744,,,,,,sub002_saurabh,001,2024-05-14_12h40.04.723,final_exp_1.2_v1_18012024,2023.2.3,60.01893001684973,2024-05-14 12h40.26.212928 +0530,
,,,,720,0,720,0,2188.191356400028,,,,,,,,,,,,,,,,,,,,,,2188.176912999712,2188.191356400028,2188.57496067998,2189.137299899943,2189.4593696999364,,,,,,sub002_saurabh,001,2024-05-14_12h40.04.723,final_exp_1.2_v1_18012024,2023.2.3,60.01893001684973,2024-05-14 12h40.26.212928 +0530,
,,,,721,0,721,0,2189.47538039973,,,,,,,,,,,,,,,,,,,,,,2189.4610982998274,2189.47538039973,2189.841530679958,,2190.8865891997702,2190.934566000011,,,,,sub002_saurabh,001,2024-05-14_12h40.04.723,final_exp_1.2_v1_18012024,2023.2.3,60.01893001684973,2024-05-14 12h40.26.212928 +0530,
,,,,722,0,722,0,2190.934566000011,,,,,,,,,,,,,,,,,,,,,,2190.888284599874,2190.934566000011,2191.2417214799207,,2192.175900399685,,,,,,sub002_saurabh,001,2024-05-14_12h40.04.723,final_exp_1.2_v1_18012024,2023.2.3,60.01893001684973,2024-05-14 12h40.26.212928 +0530,
,,,,723,0,723,0,2192.2120527997613,,,,,,,,,,,,,,,,,,,,,,2192.177589799743,2192.2120527997613,2192.4753352797125,2193.0374103998765,2193.4590501999483,,,,,,sub002_saurabh,001,2024-05-14_12h40.04.723,final_exp_1.2_v1_18012024,2023.2.3,60.01893001684973,2024-05-14 12h40.26.212928 +0530,
,,,,724,0,724,0,2193.493103399873,,,,,,,,,,,,,,,,,,,,,,2193.460856099613,2193.493103399873,2193.8582569796126,2194.3883201996796,2194.7421311996877,,,,,,sub002_saurabh,001,2024-05-14_12h40.04.723,final_exp_1.2_v1_18012024,2023.2.3,60.01893001684973,2024-05-14 12h40.26.212928 +0530,
,,,,725,0,725,0,2194.7720945999026,,,,,,,,,,,,,,,,,,,,,,2194.743885200005,2194.7720945999026,2195.091507379664,,2196.025734699797,,,,,,sub002_saurabh,001,2024-05-14_12h40.04.723,final_exp_1.2_v1_18012024,2023.2.3,60.01893001684973,2024-05-14 12h40.26.212928 +0530,
,,,,726,0,726,0,2196.0520070996135,,,,,,,,,,,,,,,,,,,,,,2196.027443599887,2196.0520070996135,2196.3583580798004,2196.9673791998066,2197.3087716000155,,,,,,sub002_saurabh,001,2024-05-14_12h40.04.723,final_exp_1.2_v1_18012024,2023.2.3,60.01893001684973,2024-05-14 12h40.26.212928 +0530,
,,,,727,0,727,0,2197.3329109996557,,,,,,,,,,,,,,,,,,,,,,2197.3105271998793,2197.3329109996557,2197.6419980798382,,2198.5920528997667,,,,,,sub002_saurabh,001,2024-05-14_12h40.04.723,final_exp_1.2_v1_18012024,2023.2.3,60.01893001684973,2024-05-14 12h40.26.212928 +0530,
,,,,728,0,728,0,2198.612154699862,,,,,,,,,,,,,,,,,,,,,,2198.5937889995985,2198.612154699862,2198.941690179752,,2199.8753440999426,,,,,,sub002_saurabh,001,2024-05-14_12h40.04.723,final_exp_1.2_v1_18012024,2023.2.3,60.01893001684973,2024-05-14 12h40.26.212928 +0530,
,,,,729,0,729,0,2199.8924251999706,,,,,,,,,,,,,,,,,,,,,,2199.8770730998367,2199.8924251999706,2200.2083774798084,,2201.158782799728,,,,,,sub002_saurabh,001,2024-05-14_12h40.04.723,final_exp_1.2_v1_18012024,2023.2.3,60.01893001684973,2024-05-14 12h40.26.212928 +0530,
,,,,730,0,730,0,2201.17520699976,,,,,,,,,,,,,,,,,,,,,,2201.1605568998493,2201.17520699976,2201.5083566799294,2202.067580400035,2202.4420741000213,,,,,,sub002_saurabh,001,2024-05-14_12h40.04.723,final_exp_1.2_v1_18012024,2023.2.3,60.01893001684973,2024-05-14 12h40.26.212928 +0530,
,,,,731,0,731,0,2202.4589028996415,,,,,,,,,,,,,,,,,,,,,,2202.4438155996613,2202.4589028996415,2202.825097179739,,2203.7252290998586,,,,,,sub002_saurabh,001,2024-05-14_12h40.04.723,final_exp_1.2_v1_18012024,2023.2.3,60.01893001684973,2024-05-14 12h40.26.212928 +0530,
,,,,732,0,732,0,2203.7725874995813,,,,,,,,,,,,,,,,,,,,,,2203.726994100027,2203.7725874995813,2204.0583216797095,2204.668109699618,2205.0089556998573,,,,,,sub002_saurabh,001,2024-05-14_12h40.04.723,final_exp_1.2_v1_18012024,2023.2.3,60.01893001684973,2024-05-14 12h40.26.212928 +0530,
,,,,733,0,733,0,2205.0529604996555,,,,,,,,,,,,,,,,,,,,,,2205.0106560997665,2205.0529604996555,2205.4082411800046,,2206.292229499668,,,,,,sub002_saurabh,001,2024-05-14_12h40.04.723,final_exp_1.2_v1_18012024,2023.2.3,60.01893001684973,2024-05-14 12h40.26.212928 +0530,
,,,,734,0,734,0,2206.332871499937,,,,,,,,,,,,,,,,,,,,,,2206.293977199588,2206.332871499937,2206.608396479627,2207.1175336996093,2207.575801699888,,,,,,sub002_saurabh,001,2024-05-14_12h40.04.723,final_exp_1.2_v1_18012024,2023.2.3,60.01893001684973,2024-05-14 12h40.26.212928 +0530,
,,,,735,0,735,0,2207.612344400026,,,,,,,,,,,,,,,,,,,,,,2207.5775766996667,2207.612344400026,2207.9249618796166,2208.4675799999386,2208.8592490996234,,,,,,sub002_saurabh,001,2024-05-14_12h40.04.723,final_exp_1.2_v1_18012024,2023.2.3,60.01893001684973,2024-05-14 12h40.26.212928 +0530,
,,,,736,0,736,0,2208.8929663999006,,,,,,,,,,,,,,,,,,,,,,2208.8609578995965,2208.8929663999006,2209.175040979637,2209.6984357996844,2210.1422376995906,,,,,,sub002_saurabh,001,2024-05-14_12h40.04.723,final_exp_1.2_v1_18012024,2023.2.3,60.01893001684973,2024-05-14 12h40.26.212928 +0530,
,,,,737,0,737,0,2210.17252489971,,,,,,,,,,,,,,,,,,,,,,2210.144006199669,2210.17252489971,2210.4917804796714,2211.0375167997554,2211.4258543998003,,,,,,sub002_saurabh,001,2024-05-14_12h40.04.723,final_exp_1.2_v1_18012024,2023.2.3,60.01893001684973,2024-05-14 12h40.26.212928 +0530,
,,,,738,0,738,0,2211.45213639969,,,,,,,,,,,,,,,,,,,,,,2211.4276093998924,2211.45213639969,2211.8083335796837,2212.367558899801,2212.7087192996405,,,,,,sub002_saurabh,001,2024-05-14_12h40.04.723,final_exp_1.2_v1_18012024,2023.2.3,60.01893001684973,2024-05-14 12h40.26.212928 +0530,
,,,,739,0,739,0,2212.732594799716,,,,,,,,,,,,,,,,,,,,,,2212.710341199767,2212.732594799716,2213.0417764799204,2213.5475182998925,2213.9920893996023,,,,,,sub002_saurabh,001,2024-05-14_12h40.04.723,final_exp_1.2_v1_18012024,2023.2.3,60.01893001684973,2024-05-14 12h40.26.212928 +0530,
,,,,740,0,740,0,2214.012434099801,,,,,,,,,,,,,,,,,,,,,,2213.993770299945,2214.012434099801,2214.291658679722,,2215.2754301000386,,,,,,sub002_saurabh,001,2024-05-14_12h40.04.723,final_exp_1.2_v1_18012024,2023.2.3,60.01893001684973,2024-05-14 12h40.26.212928 +0530,
,,,,741,0,741,0,2215.293020399753,,,,,,,,,,,,,,,,,,,,,,2215.277170199901,2215.293020399753,2215.6089210796636,2216.16773299966,2216.5587657997385,,,,,,sub002_saurabh,001,2024-05-14_12h40.04.723,final_exp_1.2_v1_18012024,2023.2.3,60.01893001684973,2024-05-14 12h40.26.212928 +0530,
,,,,742,0,742,0,2216.5755976997316,,,,,,,,,,,,,,,,,,,,,,2216.5604596999474,2216.5755976997316,2216.875041579595,2217.468283899594,2217.841976299882,,,,,,sub002_saurabh,001,2024-05-14_12h40.04.723,final_exp_1.2_v1_18012024,2023.2.3,60.01893001684973,2024-05-14 12h40.26.212928 +0530,
,,,,743,0,743,0,2217.859464599751,,,,,,,,,,,,,,,,,,,,,,2217.8436668999493,2217.859464599751,2218.1750371798407,,2219.125301399734,,,,,,sub002_saurabh,001,2024-05-14_12h40.04.723,final_exp_1.2_v1_18012024,2023.2.3,60.01893001684973,2024-05-14 12h40.26.212928 +0530,
,,,,744,0,744,0,2219.142324599903,,,,,,,,,,,,,,,,,,,,,,2219.1270649996586,2219.142324599903,2219.5085107798222,,2220.409296100028,,,,,,sub002_saurabh,001,2024-05-14_12h40.04.723,final_exp_1.2_v1_18012024,2023.2.3,60.01893001684973,2024-05-14 12h40.26.212928 +0530,
,,,,745,0,745,0,2220.4520282000303,,,,,,,,,,,,,,,,,,,,,,2220.41106329998,2220.4520282000303,2220.7417465799954,2221.24681949988,2221.692261299584,,,,,,sub002_saurabh,001,2024-05-14_12h40.04.723,final_exp_1.2_v1_18012024,2023.2.3,60.01893001684973,2024-05-14 12h40.26.212928 +0530,
,,,,746,0,746,0,2221.732162399683,,,,,,,,,,,,,,,,,,,,,,2221.694001399912,2221.732162399683,2222.0250430798624,2222.567528099753,2222.975505299866,,,,,,sub002_saurabh,001,2024-05-14_12h40.04.723,final_exp_1.2_v1_18012024,2023.2.3,60.01893001684973,2024-05-14 12h40.26.212928 +0530,
,,,,747,0,747,0,2223.0132873998955,,,,,,,,,,,,,,,,,,,,,,2222.9778404999524,2223.0132873998955,2223.325100679649,,2224.2589431996457,,,,,,sub002_saurabh,001,2024-05-14_12h40.04.723,final_exp_1.2_v1_18012024,2023.2.3,60.01893001684973,2024-05-14 12h40.26.212928 +0530,
,,,,748,0,748,0,2224.2926216996275,,,,,,,,,,,,,,,,,,,,,,2224.260650599841,2224.2926216996275,2224.641811779933,2225.2469566999935,2225.5421935999766,,,,,,sub002_saurabh,001,2024-05-14_12h40.04.723,final_exp_1.2_v1_18012024,2023.2.3,60.01893001684973,2024-05-14 12h40.26.212928 +0530,
,,,,749,0,749,0,2225.5721568996087,,,,,,,,,,,,,,,,,,,,,,2225.543950199615,2225.5721568996087,2225.8917795799207,,2226.8259225999936,,,,,,sub002_saurabh,001,2024-05-14_12h40.04.723,final_exp_1.2_v1_18012024,2023.2.3,60.01893001684973,2024-05-14 12h40.26.212928 +0530,
,,,,750,0,750,0,2226.852935799863,,,,,,,,,,,,,,,,,,,,,,2226.8276651999913,2226.852935799863,2227.225441979943,2227.7974082999863,2228.1089193997905,,,,,,sub002_saurabh,001,2024-05-14_12h40.04.723,final_exp_1.2_v1_18012024,2023.2.3,60.01893001684973,2024-05-14 12h40.26.212928 +0530,
,,,,751,0,751,0,2228.132461299654,,,,,,,,,,,,,,,,,,,,,,2228.111307599582,2228.132461299654,2228.491795179667,2228.9976821998134,2229.3922329996713,,,,,,sub002_saurabh,001,2024-05-14_12h40.04.723,final_exp_1.2_v1_18012024,2023.2.3,60.01893001684973,2024-05-14 12h40.26.212928 +0530,
,,,,752,0,752,0,2229.412715799641,,,,,,,,,,,,,,,,,,,,,,2229.3939814995974,2229.412715799641,2229.791821379913,2230.31767269969,2230.675702800043,,,,,,sub002_saurabh,001,2024-05-14_12h40.04.723,final_exp_1.2_v1_18012024,2023.2.3,60.01893001684973,2024-05-14 12h40.26.212928 +0530,
,,,,753,0,753,0,2230.692788299639,,,,,,,,,,,,,,,,,,,,,,2230.6774357999675,2230.692788299639,2231.0417880800087,2231.609115799889,2231.95891149994,,,,,,sub002_saurabh,001,2024-05-14_12h40.04.723,final_exp_1.2_v1_18012024,2023.2.3,60.01893001684973,2024-05-14 12h40.26.212928 +0530,
,,,,754,0,754,0,2231.974536099937,,,,,,,,,,,,,,,,,,,,,,2231.960638599936,2231.974536099937,2232.3417884798255,2232.8674852997065,2233.2422827999108,,,,,,sub002_saurabh,001,2024-05-14_12h40.04.723,final_exp_1.2_v1_18012024,2023.2.3,60.01893001684973,2024-05-14 12h40.26.212928 +0530,
,,,,755,0,755,0,2233.2591504999436,,,,,,,,,,,,,,,,,,,,,,2233.2439749999903,2233.2591504999436,2233.591860079905,2234.1978050000034,2234.525525099598,,,,,,sub002_saurabh,001,2024-05-14_12h40.04.723,final_exp_1.2_v1_18012024,2023.2.3,60.01893001684973,2024-05-14 12h40.26.212928 +0530,
,,,,756,0,756,0,2234.542072699871,,,,,,,,,,,,,,,,,,,,,,2234.5272315000184,2234.542072699871,2234.875272679841,2235.4450558000244,2235.809423699975,,,,,,sub002_saurabh,001,2024-05-14_12h40.04.723,final_exp_1.2_v1_18012024,2023.2.3,60.01893001684973,2024-05-14 12h40.26.212928 +0530,
,,,,757,0,757,0,2235.8526781997643,,,,,,,,,,,,,,,,,,,,,,2235.811180799734,2235.8526781997643,2236.1752111797687,2236.7392514999956,2237.092245799955,,,,,,sub002_saurabh,001,2024-05-14_12h40.04.723,final_exp_1.2_v1_18012024,2023.2.3,60.01893001684973,2024-05-14 12h40.26.212928 +0530,
,,,,758,0,758,0,2237.1322595998645,,,,,,,,,,,,,,,,,,,,,,2237.093973199837,2237.1322595998645,2237.4257701796014,,2238.375678299926,,,,,,sub002_saurabh,001,2024-05-14_12h40.04.723,final_exp_1.2_v1_18012024,2023.2.3,60.01893001684973,2024-05-14 12h40.26.212928 +0530,
,,,,759,0,759,0,2238.4125775997527,,,,,,,,,,,,,,,,,,,,,,2238.3773760995828,2238.4125775997527,2238.775184179889,2239.3676685998216,2239.659054499585,,,,,,sub002_saurabh,001,2024-05-14_12h40.04.723,final_exp_1.2_v1_18012024,2023.2.3,60.01893001684973,2024-05-14 12h40.26.212928 +0530,
,,,,760,0,760,0,2239.692857199814,,,,,,,,,,,,,,,,,,,,,,2239.6607671999373,2239.692857199814,2240.0422599797603,2240.5885786996223,2240.942620499991,,,,,,sub002_saurabh,001,2024-05-14_12h40.04.723,final_exp_1.2_v1_18012024,2023.2.3,60.01893001684973,2024-05-14 12h40.26.212928 +0530,
,,,,761,0,761,0,2240.9721299000084,,,,,,,,,,,,,,,,,,,,,,2240.9443186996505,2240.9721299000084,2241.29177547968,2241.8184785996564,2242.2256141998805,,,,,,sub002_saurabh,001,2024-05-14_12h40.04.723,final_exp_1.2_v1_18012024,2023.2.3,60.01893001684973,2024-05-14 12h40.26.212928 +0530,
,,,,762,0,762,0,2242.2524802996777,,,,,,,,,,,,,,,,,,,,,,2242.2272885995917,2242.2524802996777,2242.5585445796605,,2243.509625399951,,,,,,sub002_saurabh,001,2024-05-14_12h40.04.723,final_exp_1.2_v1_18012024,2023.2.3,60.01893001684973,2024-05-14 12h40.26.212928 +0530,
,,,,763,0,763,0,2243.5318452999927,,,,,,,,,,,,,,,,,,,,,,2243.5113667999394,2243.5318452999927,2243.858418280026,,2244.8093931996264,,,,,,sub002_saurabh,001,2024-05-14_12h40.04.723,final_exp_1.2_v1_18012024,2023.2.3,60.01893001684973,2024-05-14 12h40.26.212928 +0530,
,,,,764,0,764,0,2244.852037999779,,,,,,,,,,,,,,,,,,,,,,2244.8110866998322,2244.852037999779,2245.109135779785,,2246.0923473997973,,,,,,sub002_saurabh,001,2024-05-14_12h40.04.723,final_exp_1.2_v1_18012024,2023.2.3,60.01893001684973,2024-05-14 12h40.26.212928 +0530,
,,,,765,0,765,0,2246.133178799879,,,,,,,,,,,,,,,,,,,,,,2246.0940542998724,2246.133178799879,2246.4918672798667,2247.0377050000243,2247.3756738998927,,,,,,sub002_saurabh,001,2024-05-14_12h40.04.723,final_exp_1.2_v1_18012024,2023.2.3,60.01893001684973,2024-05-14 12h40.26.212928 +0530,
,,,,766,0,766,0,2247.4130663997494,,,,,,,,,,,,,,,,,,,,,,2247.3773932997137,2247.4130663997494,2247.775266979588,2248.3384046996944,2248.658970099874,,,,,,sub002_saurabh,001,2024-05-14_12h40.04.723,final_exp_1.2_v1_18012024,2023.2.3,60.01893001684973,2024-05-14 12h40.26.212928 +0530,
,,,,767,0,767,0,2248.6932337000035,,,,,,,,,,,,,,,,,,,,,,2248.6606427999213,2248.6932337000035,2249.0586208796594,2249.6190227000043,2249.942975099664,,,,,,sub002_saurabh,001,2024-05-14_12h40.04.723,final_exp_1.2_v1_18012024,2023.2.3,60.01893001684973,2024-05-14 12h40.26.212928 +0530,
,,,,768,0,768,0,2249.9725881996565,,,,,,,,,,,,,,,,,,,,,,2249.944747899659,2249.9725881996565,2250.308758479776,2250.8678918997757,2251.2259136997163,,,,,,sub002_saurabh,001,2024-05-14_12h40.04.723,final_exp_1.2_v1_18012024,2023.2.3,60.01893001684973,2024-05-14 12h40.26.212928 +0530,
,,,,769,0,769,0,2251.2524374998175,,,,,,,,,,,,,,,,,,,,,,2251.2275506998412,2251.2524374998175,2251.608720279997,,2252.509065799881,,,,,,sub002_saurabh,001,2024-05-14_12h40.04.723,final_exp_1.2_v1_18012024,2023.2.3,60.01893001684973,2024-05-14 12h40.26.212928 +0530,
,,,,770,0,770,0,2252.5325615997426,,,,,,,,,,,,,,,,,,,,,,2252.510813300032,2252.5325615997426,2252.842043679906,2253.3978376998566,2253.792422199622,,,,,,sub002_saurabh,001,2024-05-14_12h40.04.723,final_exp_1.2_v1_18012024,2023.2.3,60.01893001684973,2024-05-14 12h40.26.212928 +0530,
,,,,771,0,771,0,2253.812670599669,,,,,,,,,,,,,,,,,,,,,,2253.7941616997123,2253.812670599669,2254.1253185796086,,2255.0756977000274,,,,,,sub002_saurabh,001,2024-05-14_12h40.04.723,final_exp_1.2_v1_18012024,2023.2.3,60.01893001684973,2024-05-14 12h40.26.212928 +0530,
,,,,772,0,772,0,2255.0936237997375,,,,,,,,,,,,,,,,,,,,,,2255.077395499684,2255.0936237997375,2255.4585054798517,2255.9887440996245,2256.3590072998777,,,,,,sub002_saurabh,001,2024-05-14_12h40.04.723,final_exp_1.2_v1_18012024,2023.2.3,60.01893001684973,2024-05-14 12h40.26.212928 +0530,
,,,,773,0,773,0,2256.375571599696,,,,,,,,,,,,,,,,,,,,,,2256.360776399728,2256.375571599696,2256.758673579665,2257.317738399841,2257.642400099896,,,,,,sub002_saurabh,001,2024-05-14_12h40.04.723,final_exp_1.2_v1_18012024,2023.2.3,60.01893001684973,2024-05-14 12h40.26.212928 +0530,
,,,,774,0,774,0,2257.6592099997215,,,,,,,,,,,,,,,,,,,,,,2257.6441321000457,2257.6592099997215,2257.9919610798825,2258.538669999689,2258.925822699908,,,,,,sub002_saurabh,001,2024-05-14_12h40.04.723,final_exp_1.2_v1_18012024,2023.2.3,60.01893001684973,2024-05-14 12h40.26.212928 +0530,
,,,,775,0,775,0,2258.942555899732,,,,,,,,,,,,,,,,,,,,,,2258.927472499665,2258.942555899732,2259.3253440798726,2259.8972388999537,2260.2093543997034,,,,,,sub002_saurabh,001,2024-05-14_12h40.04.723,final_exp_1.2_v1_18012024,2023.2.3,60.01893001684973,2024-05-14 12h40.26.212928 +0530,
,,,,776,0,776,0,2260.2534382999875,,,,,,,,,,,,,,,,,,,,,,2260.2111387997866,2260.2534382999875,2260.608865479706,2261.138546699658,2261.49253819976,,,,,,sub002_saurabh,001,2024-05-14_12h40.04.723,final_exp_1.2_v1_18012024,2023.2.3,60.01893001684973,2024-05-14 12h40.26.212928 +0530,
,,,,777,0,777,0,2261.5324179995805,,,,,,,,,,,,,,,,,,,,,,2261.4941608998924,2261.5324179995805,2261.8586398798507,2262.4185650995933,2262.7759229997173,,,,,,sub002_saurabh,001,2024-05-14_12h40.04.723,final_exp_1.2_v1_18012024,2023.2.3,60.01893001684973,2024-05-14 12h40.26.212928 +0530,
,,,,778,0,778,0,2262.8131354996003,,,,,,,,,,,,,,,,,,,,,,2262.777663299814,2262.8131354996003,2263.075340379728,,2264.0591811998747,,,,,,sub002_saurabh,001,2024-05-14_12h40.04.723,final_exp_1.2_v1_18012024,2023.2.3,60.01893001684973,2024-05-14 12h40.26.212928 +0530,
,,,,779,0,779,0,2264.0922757997178,,,,,,,,,,,,,,,,,,,,,,2264.060900100041,2264.0922757997178,2264.3587261799257,2264.8878877996467,2265.3426015996374,,,,,,sub002_saurabh,001,2024-05-14_12h40.04.723,final_exp_1.2_v1_18012024,2023.2.3,60.01893001684973,2024-05-14 12h40.26.212928 +0530,
,,,,780,0,780,0,2265.3724485998973,,,,,,,,,,,,,,,,,,,,,,2265.344255599659,2265.3724485998973,2265.642315479694,2266.148169099819,2266.625875500031,,,,,,sub002_saurabh,001,2024-05-14_12h40.04.723,final_exp_1.2_v1_18012024,2023.2.3,60.01893001684973,2024-05-14 12h40.26.212928 +0530,
,,,,781,0,781,0,2266.652865299955,,,,,,,,,,,,,,,,,,,,,,2266.627628599759,2266.652865299955,2266.9587004797067,2267.4986954997294,2267.9091862998903,,,,,,sub002_saurabh,001,2024-05-14_12h40.04.723,final_exp_1.2_v1_18012024,2023.2.3,60.01893001684973,2024-05-14 12h40.26.212928 +0530,
,,,,782,0,782,0,2267.932227499783,,,,,,,,,,,,,,,,,,,,,,2267.910866699647,2267.932227499783,2268.2754580799956,,2269.1925794999115,,,,,,sub002_saurabh,001,2024-05-14_12h40.04.723,final_exp_1.2_v1_18012024,2023.2.3,60.01893001684973,2024-05-14 12h40.26.212928 +0530,
,,,,783,0,783,0,2269.212270999793,,,,,,,,,,,,,,,,,,,,,,2269.194273399655,2269.212270999793,2269.525311279809,,2270.4758309996687,,,,,,sub002_saurabh,001,2024-05-14_12h40.04.723,final_exp_1.2_v1_18012024,2023.2.3,60.01893001684973,2024-05-14 12h40.26.212928 +0530,
,,,,784,0,784,0,2270.4932552999817,,,,,,,,,,,,,,,,,,,,,,2270.4775624996983,2270.4932552999817,2270.8256206798833,2271.368002399802,2271.7591316998005,,,,,,sub002_saurabh,001,2024-05-14_12h40.04.723,final_exp_1.2_v1_18012024,2023.2.3,60.01893001684973,2024-05-14 12h40.26.212928 +0530,
,,,,785,0,785,0,2271.7759038996883,,,,,,,,,,,,,,,,,,,,,,2271.7607590998523,2271.7759038996883,2272.142045279732,2272.687928499654,2273.0424449997954,,,,,,sub002_saurabh,001,2024-05-14_12h40.04.723,final_exp_1.2_v1_18012024,2023.2.3,60.01893001684973,2024-05-14 12h40.26.212928 +0530,
,,,,786,0,786,0,2273.059300299734,,,,,,,,,,,,,,,,,,,,,,2273.044196299743,2273.059300299734,2273.442507779924,2273.9678768999875,2274.3257484999485,,,,,,sub002_saurabh,001,2024-05-14_12h40.04.723,final_exp_1.2_v1_18012024,2023.2.3,60.01893001684973,2024-05-14 12h40.26.212928 +0530,
,,,,787,0,787,0,2274.3423032998107,,,,,,,,,,,,,,,,,,,,,,2274.327488699928,2274.3423032998107,2274.7254039796535,2275.287865099963,2275.6095483996905,,,,,,sub002_saurabh,001,2024-05-14_12h40.04.723,final_exp_1.2_v1_18012024,2023.2.3,60.01893001684973,2024-05-14 12h40.26.212928 +0530,
,,,,788,0,788,0,2275.652382399887,,,,,,,,,,,,,,,,,,,,,,2275.6112670996226,2275.652382399887,2275.992017679615,2276.5180224999785,2276.8926166999154,,,,,,sub002_saurabh,001,2024-05-14_12h40.04.723,final_exp_1.2_v1_18012024,2023.2.3,60.01893001684973,2024-05-14 12h40.26.212928 +0530,
,,,,789,0,789,0,2276.932925199624,,,,,,,,,,,,,,,,,,,,,,2276.8943566996604,2276.932925199624,2277.2254906797316,2277.7390401000157,2278.1758999000303,,,,,,sub002_saurabh,001,2024-05-14_12h40.04.723,final_exp_1.2_v1_18012024,2023.2.3,60.01893001684973,2024-05-14 12h40.26.212928 +0530,
,,,,790,0,790,0,2278.2121245996095,,,,,,,,,,,,,,,,,,,,,,2278.1776321996003,2278.2121245996095,2278.5253900799435,2279.088170299772,2279.459242499899,,,,,,sub002_saurabh,001,2024-05-14_12h40.04.723,final_exp_1.2_v1_18012024,2023.2.3,60.01893001684973,2024-05-14 12h40.26.212928 +0530,
,,,,791,0,791,0,2279.4930284996517,,,,,,,,,,,,,,,,,,,,,,2279.460990499705,2279.4930284996517,2279.80875247973,2280.317885699682,2280.742501999717,,,,,,sub002_saurabh,001,2024-05-14_12h40.04.723,final_exp_1.2_v1_18012024,2023.2.3,60.01893001684973,2024-05-14 12h40.26.212928 +0530,
,,,,792,0,792,0,2280.7721696998924,,,,,,,,,,,,,,,,,,,,,,2280.74427369982,2280.7721696998924,2281.142055179691,2281.668763799593,2282.0258251000196,,,,,,sub002_saurabh,001,2024-05-14_12h40.04.723,final_exp_1.2_v1_18012024,2023.2.3,60.01893001684973,2024-05-14 12h40.26.212928 +0530,
,,,,793,0,793,0,2282.052832499612,,,,,,,,,,,,,,,,,,,,,,2282.0275898999535,2282.052832499612,2282.3587477796245,2282.8987336996943,2283.3092871997505,,,,,,sub002_saurabh,001,2024-05-14_12h40.04.723,final_exp_1.2_v1_18012024,2023.2.3,60.01893001684973,2024-05-14 12h40.26.212928 +0530,
,,,,794,0,794,0,2283.3322211997584,,,,,,,,,,,,,,,,,,,,,,2283.311011799611,2283.3322211997584,2283.6425344797317,,2284.5926190996543,,,,,,sub002_saurabh,001,2024-05-14_12h40.04.723,final_exp_1.2_v1_18012024,2023.2.3,60.01893001684973,2024-05-14 12h40.26.212928 +0530,
,,,,795,0,795,0,2284.6122613996267,,,,,,,,,,,,,,,,,,,,,,2284.5943207996897,2284.6122613996267,2284.92553728004,2285.438019399997,2285.8758963998407,,,,,,sub002_saurabh,001,2024-05-14_12h40.04.723,final_exp_1.2_v1_18012024,2023.2.3,60.01893001684973,2024-05-14 12h40.26.212928 +0530,
,,,,796,0,796,0,2285.8922941996716,,,,,,,,,,,,,,,,,,,,,,2285.8776157996617,2285.8922941996716,2286.258692379808,2286.7680346998386,2287.1595455999486,,,,,,sub002_saurabh,001,2024-05-14_12h40.04.723,final_exp_1.2_v1_18012024,2023.2.3,60.01893001684973,2024-05-14 12h40.26.212928 +0530,
,,,,797,0,797,0,2287.1759513998404,,,,,,,,,,,,,,,,,,,,,,2287.1612505000085,2287.1759513998404,2287.4754436796065,,2288.4425498000346,,,,,,sub002_saurabh,001,2024-05-14_12h40.04.723,final_exp_1.2_v1_18012024,2023.2.3,60.01893001684973,2024-05-14 12h40.26.212928 +0530,
,,,,798,0,798,0,2288.458922999911,,,,,,,,,,,,,,,,,,,,,,2288.444243900012,2288.458922999911,2288.7420382800046,2289.298853899818,2289.72573379986,,,,,,sub002_saurabh,001,2024-05-14_12h40.04.723,final_exp_1.2_v1_18012024,2023.2.3,60.01893001684973,2024-05-14 12h40.26.212928 +0530,
,,,,799,0,799,0,2289.773314499762,,,,,,,,,,,,,,,,,,,,,,2289.727480399888,2289.773314499762,2290.0255657800008,2290.567932699807,2291.009597999975,,,,,,sub002_saurabh,001,2024-05-14_12h40.04.723,final_exp_1.2_v1_18012024,2023.2.3,60.01893001684973,2024-05-14 12h40.26.212928 +0530,
,,,,800,0,800,0,2291.0526902996935,,,,,,,,,,,,,,,,,,,,,,2291.0113696996123,2291.0526902996935,2291.3421414799523,2291.887966999784,2292.292634499725,,,,,,sub002_saurabh,001,2024-05-14_12h40.04.723,final_exp_1.2_v1_18012024,2023.2.3,60.01893001684973,2024-05-14 12h40.26.212928 +0530,
,,,,801,0,801,0,2292.3325082999654,,,,,,,,,,,,,,,,,,,,,,2292.2943156999536,2292.3325082999654,2292.6256548797246,2293.188662199769,2293.575870299712,,,,,,sub002_saurabh,001,2024-05-14_12h40.04.723,final_exp_1.2_v1_18012024,2023.2.3,60.01893001684973,2024-05-14 12h40.26.212928 +0530,
,,,,802,0,802,0,2293.612549999729,,,,,,,,,,,,,,,,,,,,,,2293.577593599912,2293.612549999729,2293.959502779646,,2294.85943569988,,,,,,sub002_saurabh,001,2024-05-14_12h40.04.723,final_exp_1.2_v1_18012024,2023.2.3,60.01893001684973,2024-05-14 12h40.26.212928 +0530,
,,,,803,0,803,0,2294.8929833997972,,,,,,,,,,,,,,,,,,,,,,2294.8611670997925,2294.8929833997972,2295.2089312796015,2295.748102899641,2296.1430055997334,,,,,,sub002_saurabh,001,2024-05-14_12h40.04.723,final_exp_1.2_v1_18012024,2023.2.3,60.01893001684973,2024-05-14 12h40.26.212928 +0530,
,,,,804,0,804,0,2296.1724365996197,,,,,,,,,,,,,,,,,,,,,,2296.144808099605,2296.1724365996197,2296.542196879862,2297.0989752998576,2297.4260211996734,,,,,,sub002_saurabh,001,2024-05-14_12h40.04.723,final_exp_1.2_v1_18012024,2023.2.3,60.01893001684973,2024-05-14 12h40.26.212928 +0530,
,,,,805,0,805,0,2297.4525079997256,,,,,,,,,,,,,,,,,,,,,,2297.4278036998585,2297.4525079997256,2297.8260786796454,,2298.709298199974,,,,,,sub002_saurabh,001,2024-05-14_12h40.04.723,final_exp_1.2_v1_18012024,2023.2.3,60.01893001684973,2024-05-14 12h40.26.212928 +0530,
,,,,806,0,806,0,2298.7328178999014,,,,,,,,,,,,,,,,,,,,,,2298.7109743999317,2298.7328178999014,2299.108866679715,2299.619368399959,2299.992688199971,,,,,,sub002_saurabh,001,2024-05-14_12h40.04.723,final_exp_1.2_v1_18012024,2023.2.3,60.01893001684973,2024-05-14 12h40.26.212928 +0530,
,,,,807,0,807,0,2300.0130747999065,,,,,,,,,,,,,,,,,,,,,,2299.9944329997525,2300.0130747999065,2300.29221667978,2300.847418099642,2301.2759769000113,,,,,,sub002_saurabh,001,2024-05-14_12h40.04.723,final_exp_1.2_v1_18012024,2023.2.3,60.01893001684973,2024-05-14 12h40.26.212928 +0530,
,,,,808,0,808,0,2301.2934411996976,,,,,,,,,,,,,,,,,,,,,,2301.2776611996815,2301.2934411996976,2301.6255659798626,,2302.5592890996486,,,,,,sub002_saurabh,001,2024-05-14_12h40.04.723,final_exp_1.2_v1_18012024,2023.2.3,60.01893001684973,2024-05-14 12h40.26.212928 +0530,
,,,,809,0,809,0,2302.5756724998355,,,,,,,,,,,,,,,,,,,,,,2302.5609783995897,2302.5756724998355,2302.9090303799603,2303.468184599653,2303.842771399766,,,,,,sub002_saurabh,001,2024-05-14_12h40.04.723,final_exp_1.2_v1_18012024,2023.2.3,60.01893001684973,2024-05-14 12h40.26.212928 +0530,
,,,,810,0,810,0,2303.8591426997446,,,,,,,,,,,,,,,,,,,,,,2303.8444921998307,2303.8591426997446,2304.1923082799185,2304.727763599716,2305.1259421999566,,,,,,sub002_saurabh,001,2024-05-14_12h40.04.723,final_exp_1.2_v1_18012024,2023.2.3,60.01893001684973,2024-05-14 12h40.26.212928 +0530,
,,,,811,0,811,0,2305.1424906998873,,,,,,,,,,,,,,,,,,,,,,2305.1276179999113,2305.1424906998873,2305.52614747989,2306.068089499604,2306.409887799993,,,,,,sub002_saurabh,001,2024-05-14_12h40.04.723,final_exp_1.2_v1_18012024,2023.2.3,60.01893001684973,2024-05-14 12h40.26.212928 +0530,
,,,,812,0,812,0,2306.4530330998823,,,,,,,,,,,,,,,,,,,,,,2306.4116270998493,2306.4530330998823,2306.742254779907,2307.287976199761,2307.692809799686,,,,,,sub002_saurabh,001,2024-05-14_12h40.04.723,final_exp_1.2_v1_18012024,2023.2.3,60.01893001684973,2024-05-14 12h40.26.212928 +0530,
,,,,813,0,813,0,2307.7318259999156,,,,,,,,,,,,,,,,,,,,,,2307.6945438999683,2307.7318259999156,2308.0261877796147,,2308.9764633998275,,,,,,sub002_saurabh,001,2024-05-14_12h40.04.723,final_exp_1.2_v1_18012024,2023.2.3,60.01893001684973,2024-05-14 12h40.26.212928 +0530,
,,,,814,0,814,0,2309.0132009997033,,,,,,,,,,,,,,,,,,,,,,2308.978173200041,2309.0132009997033,2309.326515579829,2309.888111499604,2310.2593624000438,,,,,,sub002_saurabh,001,2024-05-14_12h40.04.723,final_exp_1.2_v1_18012024,2023.2.3,60.01893001684973,2024-05-14 12h40.26.212928 +0530,
,,,,815,0,815,0,2310.2942170999013,,,,,,,,,,,,,,,,,,,,,,2310.261036399752,2310.2942170999013,2310.658909979975,2311.2188164996915,2311.5427881996147,,,,,,sub002_saurabh,001,2024-05-14_12h40.04.723,final_exp_1.2_v1_18012024,2023.2.3,60.01893001684973,2024-05-14 12h40.26.212928 +0530,
,,,,816,0,816,0,2311.5718437996693,,,,,,,,,,,,,,,,,,,,,,2311.5444114999846,2311.5718437996693,2311.8923484797124,2312.43814069964,2312.8262200998142,,,,,,sub002_saurabh,001,2024-05-14_12h40.04.723,final_exp_1.2_v1_18012024,2023.2.3,60.01893001684973,2024-05-14 12h40.26.212928 +0530,
,,,,817,0,817,0,2312.8521702997386,,,,,,,,,,,,,,,,,,,,,,2312.8279281998985,2312.8521702997386,2313.225822779583,2313.7891104999,2314.1092574996874,,,,,,sub002_saurabh,001,2024-05-14_12h40.04.723,final_exp_1.2_v1_18012024,2023.2.3,60.01893001684973,2024-05-14 12h40.26.212928 +0530,
,,,,818,0,818,0,2314.1330420998856,,,,,,,,,,,,,,,,,,,,,,2314.1109601999633,2314.1330420998856,2314.4589762797114,,2315.3928116997704,,,,,,sub002_saurabh,001,2024-05-14_12h40.04.723,final_exp_1.2_v1_18012024,2023.2.3,60.01893001684973,2024-05-14 12h40.26.212928 +0530,
,,,,819,0,819,0,2315.4129621996544,,,,,,,,,,,,,,,,,,,,,,2315.3945446000434,2315.4129621996544,2315.742283379892,,2316.6760112997144,,,,,,sub002_saurabh,001,2024-05-14_12h40.04.723,final_exp_1.2_v1_18012024,2023.2.3,60.01893001684973,2024-05-14 12h40.26.212928 +0530,
,,,,820,0,820,0,2316.693746099714,,,,,,,,,,,,,,,,,,,,,,2316.6777483997867,2316.693746099714,2317.0756418800447,2317.647070199717,2317.9594210996293,,,,,,sub002_saurabh,001,2024-05-14_12h40.04.723,final_exp_1.2_v1_18012024,2023.2.3,60.01893001684973,2024-05-14 12h40.26.212928 +0530,
,,,,821,0,821,0,2317.9762321999297,,,,,,,,,,,,,,,,,,,,,,2317.9612304000184,2317.9762321999297,2318.2589267797302,2318.818985799793,2319.2426609997638,,,,,,sub002_saurabh,001,2024-05-14_12h40.04.723,final_exp_1.2_v1_18012024,2023.2.3,60.01893001684973,2024-05-14 12h40.26.212928 +0530,
,,,,822,0,822,0,2319.259512899909,,,,,,,,,,,,,,,,,,,,,,2319.2443924997933,2319.259512899909,2319.626727679977,,2320.5259897997603,,,,,,sub002_saurabh,001,2024-05-14_12h40.04.723,final_exp_1.2_v1_18012024,2023.2.3,60.01893001684973,2024-05-14 12h40.26.212928 +0530,
,,,,823,0,823,0,2320.5429224995896,,,,,,,,,,,,,,,,,,,,,,2320.527741899714,2320.5429224995896,2320.875700879609,2321.44704179978,2321.80953660002,,,,,,sub002_saurabh,001,2024-05-14_12h40.04.723,final_exp_1.2_v1_18012024,2023.2.3,60.01893001684973,2024-05-14 12h40.26.212928 +0530,
,,,,824,0,824,0,2321.85306819994,,,,,,,,,,,,,,,,,,,,,,2321.81126889959,2321.85306819994,2322.192392779747,2322.748220499605,2323.092849599663,,,,,,sub002_saurabh,001,2024-05-14_12h40.04.723,final_exp_1.2_v1_18012024,2023.2.3,60.01893001684973,2024-05-14 12h40.26.212928 +0530,
,,,,825,0,825,0,2323.13337159995,,,,,,,,,,,,,,,,,,,,,,2323.094588799868,2323.13337159995,2323.4930033797864,2324.0584359997883,2324.376147199888,,,,,,sub002_saurabh,001,2024-05-14_12h40.04.723,final_exp_1.2_v1_18012024,2023.2.3,60.01893001684973,2024-05-14 12h40.26.212928 +0530,
,,,,826,0,826,0,2324.411873899866,,,,,,,,,,,,,,,,,,,,,,2324.3778702998534,2324.411873899866,2324.709099079715,,2325.659541999921,,,,,,sub002_saurabh,001,2024-05-14_12h40.04.723,final_exp_1.2_v1_18012024,2023.2.3,60.01893001684973,2024-05-14 12h40.26.212928 +0530,
,,,,827,0,827,0,2325.6933049997315,,,,,,,,,,,,,,,,,,,,,,2325.661280099768,2325.6933049997315,2325.992450679885,,2326.9430041997693,,,,,,sub002_saurabh,001,2024-05-14_12h40.04.723,final_exp_1.2_v1_18012024,2023.2.3,60.01893001684973,2024-05-14 12h40.26.212928 +0530,
,,,,828,0,828,0,2326.9726244998164,,,,,,,,,,,,,,,,,,,,,,2326.9446922997013,2326.9726244998164,2327.2757605796214,,2328.2261659996584,,,,,,sub002_saurabh,001,2024-05-14_12h40.04.723,final_exp_1.2_v1_18012024,2023.2.3,60.01893001684973,2024-05-14 12h40.26.212928 +0530,
,,,,829,0,829,0,2328.2525406000204,,,,,,,,,,,,,,,,,,,,,,2328.2279187999666,2328.2525406000204,2328.592505079927,2329.139092799742,2329.5106118996628,,,,,,sub002_saurabh,001,2024-05-14_12h40.04.723,final_exp_1.2_v1_18012024,2023.2.3,60.01893001684973,2024-05-14 12h40.26.212928 +0530,
,,,,830,0,830,0,2329.5331187997945,,,,,,,,,,,,,,,,,,,,,,2329.512774599716,2329.5331187997945,2329.9256340798456,,2330.8100447999313,,,,,,sub002_saurabh,001,2024-05-14_12h40.04.723,final_exp_1.2_v1_18012024,2023.2.3,60.01893001684973,2024-05-14 12h40.26.212928 +0530,
,,,,831,0,831,0,2330.8527726000175,,,,,,,,,,,,,,,,,,,,,,2330.8117366996594,2330.8527726000175,2331.159521379741,2331.6992380996235,2332.0933143999428,,,,,,sub002_saurabh,001,2024-05-14_12h40.04.723,final_exp_1.2_v1_18012024,2023.2.3,60.01893001684973,2024-05-14 12h40.26.212928 +0530,
,,,,832,0,832,0,2332.1326844999567,,,,,,,,,,,,,,,,,,,,,,2332.094973200001,2332.1326844999567,2332.442402679706,2332.998306499794,2333.3762415996753,,,,,,sub002_saurabh,001,2024-05-14_12h40.04.723,final_exp_1.2_v1_18012024,2023.2.3,60.01893001684973,2024-05-14 12h40.26.212928 +0530,
,,,,833,0,833,0,2333.4119176999666,,,,,,,,,,,,,,,,,,,,,,2333.377936199773,2333.4119176999666,2333.67592427996,2334.238283599727,2334.6595969996415,,,,,,sub002_saurabh,001,2024-05-14_12h40.04.723,final_exp_1.2_v1_18012024,2023.2.3,60.01893001684973,2024-05-14 12h40.26.212928 +0530,
,,,,834,0,834,0,2334.6922833998688,,,,,,,,,,,,,,,,,,,,,,2334.661307999864,2334.6922833998688,2335.0589362799656,,2335.942993399687,,,,,,sub002_saurabh,001,2024-05-14_12h40.04.723,final_exp_1.2_v1_18012024,2023.2.3,60.01893001684973,2024-05-14 12h40.26.212928 +0530,
,,,,835,0,835,0,2335.9724267995916,,,,,,,,,,,,,,,,,,,,,,2335.944715599995,2335.9724267995916,2336.275756979594,,2337.2261546999216,,,,,,sub002_saurabh,001,2024-05-14_12h40.04.723,final_exp_1.2_v1_18012024,2023.2.3,60.01893001684973,2024-05-14 12h40.26.212928 +0530,
,,,,836,0,836,0,2337.2526207999326,,,,,,,,,,,,,,,,,,,,,,2337.227826499846,2337.2526207999326,2337.5757711797487,,2338.509542999789,,,,,,sub002_saurabh,001,2024-05-14_12h40.04.723,final_exp_1.2_v1_18012024,2023.2.3,60.01893001684973,2024-05-14 12h40.26.212928 +0530,
,,,,837,0,837,0,2338.5329867997207,,,,,,,,,,,,,,,,,,,,,,2338.5112950997427,2338.5329867997207,2338.8090816799086,2339.3483304996043,2339.7929181996733,,,,,,sub002_saurabh,001,2024-05-14_12h40.04.723,final_exp_1.2_v1_18012024,2023.2.3,60.01893001684973,2024-05-14 12h40.26.212928 +0530,
,,,,838,0,838,0,2339.812675199937,,,,,,,,,,,,,,,,,,,,,,2339.7946317000315,2339.812675199937,2340.1757392797153,2340.7891870997846,2341.0761980996467,,,,,,sub002_saurabh,001,2024-05-14_12h40.04.723,final_exp_1.2_v1_18012024,2023.2.3,60.01893001684973,2024-05-14 12h40.26.212928 +0530,
,,,,839,0,839,0,2341.0919904997572,,,,,,,,,,,,,,,,,,,,,,2341.077937199734,2341.0919904997572,2341.4758547798265,2341.9891642997973,2342.3595231999643,,,,,,sub002_saurabh,001,2024-05-14_12h40.04.723,final_exp_1.2_v1_18012024,2023.2.3,60.01893001684973,2024-05-14 12h40.26.212928 +0530,
,,,,840,0,840,0,2342.3762734998018,,,,,,,,,,,,,,,,,,,,,,2342.3611949998885,2342.3762734998018,2342.6591353795957,,2343.6427528997883,,,,,,sub002_saurabh,001,2024-05-14_12h40.04.723,final_exp_1.2_v1_18012024,2023.2.3,60.01893001684973,2024-05-14 12h40.26.212928 +0530,
,,,,841,0,841,0,2343.659746499732,,,,,,,,,,,,,,,,,,,,,,2343.644506099634,2343.659746499732,2344.0267713798676,2344.5981560996734,2344.92612299975,,,,,,sub002_saurabh,001,2024-05-14_12h40.04.723,final_exp_1.2_v1_18012024,2023.2.3,60.01893001684973,2024-05-14 12h40.26.212928 +0530,
,,,,842,0,842,0,2344.942716300022,,,,,,,,,,,,,,,,,,,,,,2344.9278692998923,2344.942716300022,2345.325842279708,2345.8683695998043,2346.210039000027,,,,,,sub002_saurabh,001,2024-05-14_12h40.04.723,final_exp_1.2_v1_18012024,2023.2.3,60.01893001684973,2024-05-14 12h40.26.212928 +0530,
,,,,843,0,843,0,2346.25329269981,,,,,,,,,,,,,,,,,,,,,,2346.2117453999817,2346.25329269981,2346.5264251797926,,2347.4930115998723,,,,,,sub002_saurabh,001,2024-05-14_12h40.04.723,final_exp_1.2_v1_18012024,2023.2.3,60.01893001684973,2024-05-14 12h40.26.212928 +0530,
,,,,844,0,844,0,2347.532321400009,,,,,,,,,,,,,,,,,,,,,,2347.4946932997555,2347.532321400009,2347.8262778797653,2348.3984413999133,2348.7762902998365,,,,,,sub002_saurabh,001,2024-05-14_12h40.04.723,final_exp_1.2_v1_18012024,2023.2.3,60.01893001684973,2024-05-14 12h40.26.212928 +0530,
,,,,845,0,845,0,2348.811685799621,,,,,,,,,,,,,,,,,,,,,,2348.77803019993,2348.811685799621,2349.1425050797407,2349.6892989999615,2350.0597374998033,,,,,,sub002_saurabh,001,2024-05-14_12h40.04.723,final_exp_1.2_v1_18012024,2023.2.3,60.01893001684973,2024-05-14 12h40.26.212928 +0530,
,,,,846,0,846,0,2350.0920404996723,,,,,,,,,,,,,,,,,,,,,,2350.0613691997714,2350.0920404996723,2350.392465879908,,2351.342986600008,,,,,,sub002_saurabh,001,2024-05-14_12h40.04.723,final_exp_1.2_v1_18012024,2023.2.3,60.01893001684973,2024-05-14 12h40.26.212928 +0530,
,,,,847,0,847,0,2351.3721539997496,,,,,,,,,,,,,,,,,,,,,,2351.344659599941,2351.3721539997496,2351.693377579795,2352.238379799761,2352.6266497997567,,,,,,sub002_saurabh,001,2024-05-14_12h40.04.723,final_exp_1.2_v1_18012024,2023.2.3,60.01893001684973,2024-05-14 12h40.26.212928 +0530,
,,,,848,0,848,0,2352.653212999925,,,,,,,,,,,,,,,,,,,,,,2352.628397499677,2352.653212999925,2352.959250879707,,2353.90964789968,,,,,,sub002_saurabh,001,2024-05-14_12h40.04.723,final_exp_1.2_v1_18012024,2023.2.3,60.01893001684973,2024-05-14 12h40.26.212928 +0530,
,,,,849,0,849,0,2353.9322493998334,,,,,,,,,,,,,,,,,,,,,,2353.911398699973,2353.9322493998334,2354.292482379591,,2355.1929448000155,,,,,,sub002_saurabh,001,2024-05-14_12h40.04.723,final_exp_1.2_v1_18012024,2023.2.3,60.01893001684973,2024-05-14 12h40.26.212928 +0530,
,,,,850,0,850,0,2355.213893499691,,,,,,,,,,,,,,,,,,,,,,2355.194698799867,2355.213893499691,2355.575877079973,2356.0889254999347,2356.4763110997155,,,,,,sub002_saurabh,001,2024-05-14_12h40.04.723,final_exp_1.2_v1_18012024,2023.2.3,60.01893001684973,2024-05-14 12h40.26.212928 +0530,
,,,,851,0,851,0,2356.4935670997947,,,,,,,,,,,,,,,,,,,,,,2356.478075799998,2356.4935670997947,2356.792593979975,,2357.7596713998355,,,,,,sub002_saurabh,001,2024-05-14_12h40.04.723,final_exp_1.2_v1_18012024,2023.2.3,60.01893001684973,2024-05-14 12h40.26.212928 +0530,
,,,,852,0,852,0,2357.776520599611,,,,,,,,,,,,,,,,,,,,,,2357.761316499673,2357.776520599611,2358.125928779831,2358.668570299633,2359.0428209998645,,,,,,sub002_saurabh,001,2024-05-14_12h40.04.723,final_exp_1.2_v1_18012024,2023.2.3,60.01893001684973,2024-05-14 12h40.26.212928 +0530,
,,,,853,0,853,0,2359.05980349984,,,,,,,,,,,,,,,,,,,,,,2359.0445178998634,2359.05980349984,2359.4425487800036,2359.9894054997712,2360.326239899732,,,,,,sub002_saurabh,001,2024-05-14_12h40.04.723,final_exp_1.2_v1_18012024,2023.2.3,60.01893001684973,2024-05-14 12h40.26.212928 +0530,
,,,,854,0,854,0,2360.3428135998547,,,,,,,,,,,,,,,,,,,,,,2360.327991500031,2360.3428135998547,2360.6758655796293,,2361.6097228997387,,,,,,sub002_saurabh,001,2024-05-14_12h40.04.723,final_exp_1.2_v1_18012024,2023.2.3,60.01893001684973,2024-05-14 12h40.26.212928 +0530,
,,,,855,0,855,0,2361.6523723998107,,,,,,,,,,,,,,,,,,,,,,2361.6114194998518,2361.6523723998107,2361.992934079608,,2362.893116199877,,,,,,sub002_saurabh,001,2024-05-14_12h40.04.723,final_exp_1.2_v1_18012024,2023.2.3,60.01893001684973,2024-05-14 12h40.26.212928 +0530,
,,,,856,0,856,0,2362.9326821998693,,,,,,,,,,,,,,,,,,,,,,2362.894792799838,2362.9326821998693,2363.2425492799375,,2364.1764150997624,,,,,,sub002_saurabh,001,2024-05-14_12h40.04.723,final_exp_1.2_v1_18012024,2023.2.3,60.01893001684973,2024-05-14 12h40.26.212928 +0530,
,,,,857,0,857,0,2364.2124581998214,,,,,,,,,,,,,,,,,,,,,,2364.1781746996567,2364.2124581998214,2364.5430723798927,2365.088670999743,2365.4598357998766,,,,,,sub002_saurabh,001,2024-05-14_12h40.04.723,final_exp_1.2_v1_18012024,2023.2.3,60.01893001684973,2024-05-14 12h40.26.212928 +0530,
,,,,858,0,858,0,2365.4921558997594,,,,,,,,,,,,,,,,,,,,,,2365.461584500037,2365.4921558997594,2365.8591791798826,2366.4684166000225,2366.7432149997912,,,,,,sub002_saurabh,001,2024-05-14_12h40.04.723,final_exp_1.2_v1_18012024,2023.2.3,60.01893001684973,2024-05-14 12h40.26.212928 +0530,
,,,,859,0,859,0,2366.7735704998486,,,,,,,,,,,,,,,,,,,,,,2366.7449238998815,2366.7735704998486,2367.059203879675,2367.6194421998225,2368.026455400046,,,,,,sub002_saurabh,001,2024-05-14_12h40.04.723,final_exp_1.2_v1_18012024,2023.2.3,60.01893001684973,2024-05-14 12h40.26.212928 +0530,
,,,,860,0,860,0,2368.052221099846,,,,,,,,,,,,,,,,,,,,,,2368.0281546995975,2368.052221099846,2368.325980479596,,2369.309617599938,,,,,,sub002_saurabh,001,2024-05-14_12h40.04.723,final_exp_1.2_v1_18012024,2023.2.3,60.01893001684973,2024-05-14 12h40.26.212928 +0530,
,,,,861,0,861,0,2369.332253600005,,,,,,,,,,,,,,,,,,,,,,2369.311259599868,2369.332253600005,2369.659285180038,2370.16834629979,2370.593073999975,,,,,,sub002_saurabh,001,2024-05-14_12h40.04.723,final_exp_1.2_v1_18012024,2023.2.3,60.01893001684973,2024-05-14 12h40.26.212928 +0530,
,,,,862,0,862,0,2370.6125749996863,,,,,,,,,,,,,,,,,,,,,,2370.594806399662,2370.6125749996863,2370.9426227796357,,2371.876827799715,,,,,,sub002_saurabh,001,2024-05-14_12h40.04.723,final_exp_1.2_v1_18012024,2023.2.3,60.01893001684973,2024-05-14 12h40.26.212928 +0530,
,,,,863,0,863,0,2371.8928822996095,,,,,,,,,,,,,,,,,,,,,,2371.8785950997844,2371.8928822996095,2372.2094068799634,2372.7685197996907,2373.1598752997816,,,,,,sub002_saurabh,001,2024-05-14_12h40.04.723,final_exp_1.2_v1_18012024,2023.2.3,60.01893001684973,2024-05-14 12h40.26.212928 +0530,
,,,,864,0,864,0,2373.1761270998977,,,,,,,,,,,,,,,,,,,,,,2373.1615546997637,2373.1761270998977,2373.492632179754,2374.0389933995903,2374.443002099637,,,,,,sub002_saurabh,001,2024-05-14_12h40.04.723,final_exp_1.2_v1_18012024,2023.2.3,60.01893001684973,2024-05-14 12h40.26.212928 +0530,
,,,,865,0,865,0,2374.4599938998,,,,,,,,,,,,,,,,,,,,,,2374.444737899583,2374.4599938998,2374.8265303799417,2375.4385320995934,2375.7262893998995,,,,,,sub002_saurabh,001,2024-05-14_12h40.04.723,final_exp_1.2_v1_18012024,2023.2.3,60.01893001684973,2024-05-14 12h40.26.212928 +0530,
,,,,866,0,866,0,2375.772666099947,,,,,,,,,,,,,,,,,,,,,,2375.7280248999596,2375.772666099947,2376.1093501800206,2376.6384431999177,2377.0102205998264,,,,,,sub002_saurabh,001,2024-05-14_12h40.04.723,final_exp_1.2_v1_18012024,2023.2.3,60.01893001684973,2024-05-14 12h40.26.212928 +0530,
,,,,867,0,867,0,2377.0527726998553,,,,,,,,,,,,,,,,,,,,,,2377.0119755999185,2377.0527726998553,2377.392711679684,2377.9492430998944,2378.293193599675,,,,,,sub002_saurabh,001,2024-05-14_12h40.04.723,final_exp_1.2_v1_18012024,2023.2.3,60.01893001684973,2024-05-14 12h40.26.212928 +0530,
,,,,868,0,868,0,2378.3323872997425,,,,,,,,,,,,,,,,,,,,,,2378.294921599794,2378.3323872997425,2378.6427503798623,2379.1894417000003,2379.576563899871,,,,,,sub002_saurabh,001,2024-05-14_12h40.04.723,final_exp_1.2_v1_18012024,2023.2.3,60.01893001684973,2024-05-14 12h40.26.212928 +0530,
,,,,869,0,869,0,2379.6126514999196,,,,,,,,,,,,,,,,,,,,,,2379.5782445999794,2379.6126514999196,2379.942615679698,2380.5000099996105,2380.859869999811,,,,,,sub002_saurabh,001,2024-05-14_12h40.04.723,final_exp_1.2_v1_18012024,2023.2.3,60.01893001684973,2024-05-14 12h40.26.212928 +0530,
,,,,870,0,870,0,2380.8925743997097,,,,,,,,,,,,,,,,,,,,,,2380.8615226997063,2380.8925743997097,2381.227067879634,2381.7689685998484,2382.143083699979,,,,,,sub002_saurabh,001,2024-05-14_12h40.04.723,final_exp_1.2_v1_18012024,2023.2.3,60.01893001684973,2024-05-14 12h40.26.212928 +0530,
,,,,871,0,871,0,2382.172891199589,,,,,,,,,,,,,,,,,,,,,,2382.144736599643,2382.172891199589,2382.5426119796466,,2383.426537199877,,,,,,sub002_saurabh,001,2024-05-14_12h40.04.723,final_exp_1.2_v1_18012024,2023.2.3,60.01893001684973,2024-05-14 12h40.26.212928 +0530,
,,,,872,0,872,0,2383.4527078997344,,,,,,,,,,,,,,,,,,,,,,2383.4282601997256,2383.4527078997344,2383.8265308795962,,2384.709855400026,,,,,,sub002_saurabh,001,2024-05-14_12h40.04.723,final_exp_1.2_v1_18012024,2023.2.3,60.01893001684973,2024-05-14 12h40.26.212928 +0530,
,,,,873,0,873,0,2384.7325365999714,,,,,,,,,,,,,,,,,,,,,,2384.7115830997936,2384.7325365999714,2385.0934312797617,2385.6993872998282,2385.9939608997665,,,,,,sub002_saurabh,001,2024-05-14_12h40.04.723,final_exp_1.2_v1_18012024,2023.2.3,60.01893001684973,2024-05-14 12h40.26.212928 +0530,
,,,,874,0,874,0,2386.012094399892,,,,,,,,,,,,,,,,,,,,,,2385.9957073996775,2386.012094399892,2386.392717079958,,2387.29329259973,,,,,,sub002_saurabh,001,2024-05-14_12h40.04.723,final_exp_1.2_v1_18012024,2023.2.3,60.01893001684973,2024-05-14 12h40.26.212928 +0530,
,,,,875,0,875,0,2387.3327379999682,,,,,,,,,,,,,,,,,,,,,,2387.2949773999862,2387.3327379999682,2387.5927431799937,2388.1184711996466,2388.5774772996083,,,,,,sub002_saurabh,001,2024-05-14_12h40.04.723,final_exp_1.2_v1_18012024,2023.2.3,60.01893001684973,2024-05-14 12h40.26.212928 +0530,
,,,,876,0,876,0,2388.6132990997285,,,,,,,,,,,,,,,,,,,,,,2388.579371499829,2388.6132990997285,2388.9927909800317,,2389.8764726999216,,,,,,sub002_saurabh,001,2024-05-14_12h40.04.723,final_exp_1.2_v1_18012024,2023.2.3,60.01893001684973,2024-05-14 12h40.26.212928 +0530,
,,,,877,0,877,0,2389.8930552997626,,,,,,,,,,,,,,,,,,,,,,2389.878195299767,2389.8930552997626,2390.192824479891,,2391.1598610999063,,,,,,sub002_saurabh,001,2024-05-14_12h40.04.723,final_exp_1.2_v1_18012024,2023.2.3,60.01893001684973,2024-05-14 12h40.26.212928 +0530,
,,,,878,0,878,0,2391.1763208997436,,,,,,,,,,,,,,,,,,,,,,2391.161623199936,2391.1763208997436,2391.5594503798056,2392.0995243997313,2392.4431107998826,,,,,,sub002_saurabh,001,2024-05-14_12h40.04.723,final_exp_1.2_v1_18012024,2023.2.3,60.01893001684973,2024-05-14 12h40.26.212928 +0530,
,,,,879,0,879,0,2392.4598563998006,,,,,,,,,,,,,,,,,,,,,,2392.444768199697,2392.4598563998006,2392.792776679853,2393.3399870996363,2393.7263666996732,,,,,,sub002_saurabh,001,2024-05-14_12h40.04.723,final_exp_1.2_v1_18012024,2023.2.3,60.01893001684973,2024-05-14 12h40.26.212928 +0530,
,,,,880,0,880,0,2393.7725914996117,,,,,,,,,,,,,,,,,,,,,,2393.72812889982,2393.7725914996117,2394.0762021800037,,2395.0104110999964,,,,,,sub002_saurabh,001,2024-05-14_12h40.04.723,final_exp_1.2_v1_18012024,2023.2.3,60.01893001684973,2024-05-14 12h40.26.212928 +0530,
,,,,881,0,881,0,2395.0540128997527,,,,,,,,,,,,,,,,,,,,,,2395.01215749979,2395.0540128997527,2395.3427460796665,,2396.2932639997452,,,,,,sub002_saurabh,001,2024-05-14_12h40.04.723,final_exp_1.2_v1_18012024,2023.2.3,60.01893001684973,2024-05-14 12h40.26.212928 +0530,
,,,,882,0,882,0,2396.3323395997286,,,,,,,,,,,,,,,,,,,,,,2396.294980699662,2396.3323395997286,2396.626462679589,2397.1394880996086,2397.5765815996565,,,,,,sub002_saurabh,001,2024-05-14_12h40.04.723,final_exp_1.2_v1_18012024,2023.2.3,60.01893001684973,2024-05-14 12h40.26.212928 +0530,
,,,,883,0,883,0,2397.612325299997,,,,,,,,,,,,,,,,,,,,,,2397.578260899987,2397.612325299997,2397.9261560796294,,2398.859959299676,,,,,,sub002_saurabh,001,2024-05-14_12h40.04.723,final_exp_1.2_v1_18012024,2023.2.3,60.01893001684973,2024-05-14 12h40.26.212928 +0530,
,,,,884,0,884,0,2398.892482899595,,,,,,,,,,,,,,,,,,,,,,2398.8616330996156,2398.892482899595,2399.259434979642,2399.798794399947,2400.1433505997993,,,,,,sub002_saurabh,001,2024-05-14_12h40.04.723,final_exp_1.2_v1_18012024,2023.2.3,60.01893001684973,2024-05-14 12h40.26.212928 +0530,
,,,,885,0,885,0,2400.1720980997197,,,,,,,,,,,,,,,,,,,,,,2400.145066799596,2400.1720980997197,2400.5427910799626,,2401.426543199923,,,,,,sub002_saurabh,001,2024-05-14_12h40.04.723,final_exp_1.2_v1_18012024,2023.2.3,60.01893001684973,2024-05-14 12h40.26.212928 +0530,
,,,,886,0,886,0,2401.452808499802,,,,,,,,,,,,,,,,,,,,,,2401.428236699663,2401.452808499802,2401.77617187961,,2402.7100084000267,,,,,,sub002_saurabh,001,2024-05-14_12h40.04.723,final_exp_1.2_v1_18012024,2023.2.3,60.01893001684973,2024-05-14 12h40.26.212928 +0530,
,,,,887,0,887,0,2402.7325687999837,,,,,,,,,,,,,,,,,,,,,,2402.7117932997644,2402.7325687999837,2403.042782380013,,2403.9932846999727,,,,,,sub002_saurabh,001,2024-05-14_12h40.04.723,final_exp_1.2_v1_18012024,2023.2.3,60.01893001684973,2024-05-14 12h40.26.212928 +0530,
,,,,888,0,888,0,2404.012284499593,,,,,,,,,,,,,,,,,,,,,,2403.99501759978,2404.012284499593,2404.3931725795846,2404.948699699715,2405.276621100027,,,,,,sub002_saurabh,001,2024-05-14_12h40.04.723,final_exp_1.2_v1_18012024,2023.2.3,60.01893001684973,2024-05-14 12h40.26.212928 +0530,
,,,,889,0,889,0,2405.2927675996907,,,,,,,,,,,,,,,,,,,,,,2405.2784134997055,2405.2927675996907,2405.659496279666,2406.168850099668,2406.55984500004,,,,,,sub002_saurabh,001,2024-05-14_12h40.04.723,final_exp_1.2_v1_18012024,2023.2.3,60.01893001684973,2024-05-14 12h40.26.212928 +0530,
,,,,890,0,890,0,2406.576313999947,,,,,,,,,,,,,,,,,,,,,,2406.5621917997487,2406.576313999947,2406.959547879873,2407.518726499751,2407.8432061998174,,,,,,sub002_saurabh,001,2024-05-14_12h40.04.723,final_exp_1.2_v1_18012024,2023.2.3,60.01893001684973,2024-05-14 12h40.26.212928 +0530,
,,,,891,0,891,0,2407.860082999803,,,,,,,,,,,,,,,,,,,,,,2407.8449348998256,2407.860082999803,2408.2428899796214,2408.7986576999538,2409.1269748997875,,,,,,sub002_saurabh,001,2024-05-14_12h40.04.723,final_exp_1.2_v1_18012024,2023.2.3,60.01893001684973,2024-05-14 12h40.26.212928 +0530,
,,,,892,0,892,0,2409.171647799667,,,,,,,,,,,,,,,,,,,,,,2409.128676999826,2409.171647799667,2409.4266367799137,2409.9396495996043,2410.4102707998827,,,,,,sub002_saurabh,001,2024-05-14_12h40.04.723,final_exp_1.2_v1_18012024,2023.2.3,60.01893001684973,2024-05-14 12h40.26.212928 +0530,
,,,,893,0,893,0,2410.4531170995906,,,,,,,,,,,,,,,,,,,,,,2410.41258119978,2410.4531170995906,2410.7261666797567,2411.2887782999314,2411.6933950996026,,,,,,sub002_saurabh,001,2024-05-14_12h40.04.723,final_exp_1.2_v1_18012024,2023.2.3,60.01893001684973,2024-05-14 12h40.26.212928 +0530,
,,,,894,0,894,0,2411.7333769998513,,,,,,,,,,,,,,,,,,,,,,2411.695130500011,2411.7333769998513,2412.043412979925,2412.5896478998475,2412.9765813997947,,,,,,sub002_saurabh,001,2024-05-14_12h40.04.723,final_exp_1.2_v1_18012024,2023.2.3,60.01893001684973,2024-05-14 12h40.26.212928 +0530,
,,,,895,0,895,0,2413.01235619979,,,,,,,,,,,,,,,,,,,,,,2412.9782675998285,2413.01235619979,2413.342850479996,2413.89973479975,2414.26003449969,,,,,,sub002_saurabh,001,2024-05-14_12h40.04.723,final_exp_1.2_v1_18012024,2023.2.3,60.01893001684973,2024-05-14 12h40.26.212928 +0530,
,,,,896,0,896,0,2414.2922613997944,,,,,,,,,,,,,,,,,,,,,,2414.2618045997806,2414.2922613997944,2414.65951907984,2415.1986103998497,2415.5433797999285,,,,,,sub002_saurabh,001,2024-05-14_12h40.04.723,final_exp_1.2_v1_18012024,2023.2.3,60.01893001684973,2024-05-14 12h40.26.212928 +0530,
,,,,897,0,897,0,2415.572528799996,,,,,,,,,,,,,,,,,,,,,,2415.5450908998027,2415.572528799996,2415.89293307974,2416.4994185999967,2416.8266452997923,,,,,,sub002_saurabh,001,2024-05-14_12h40.04.723,final_exp_1.2_v1_18012024,2023.2.3,60.01893001684973,2024-05-14 12h40.26.212928 +0530,
,,,,898,0,898,0,2416.852081899997,,,,,,,,,,,,,,,,,,,,,,2416.8283533998765,2416.852081899997,2417.1762920797337,2417.6996503998525,2418.11002489971,,,,,,sub002_saurabh,001,2024-05-14_12h40.04.723,final_exp_1.2_v1_18012024,2023.2.3,60.01893001684973,2024-05-14 12h40.26.212928 +0530,
,,,,899,0,899,0,2418.133509299718,,,,,,,,,,,,,,,,,,,,,,2418.1116970996372,2418.133509299718,2418.44302488002,2418.9903436996974,2419.3933333996683,,,,,,sub002_saurabh,001,2024-05-14_12h40.04.723,final_exp_1.2_v1_18012024,2023.2.3,60.01893001684973,2024-05-14 12h40.26.212928 +0530,
,,,,,,,,,,,,,,,,,,,,,,,,,,,,,,,,,,,,2419.396145099774,2419.410053399857,2420.410100299865,2420.399085599929,,,,,,,,
