stim,subject,iteration,PL,PA,TWMA,FAL_0.5
SN,sd011,0,0.052734375,-5.024145839920543,0.07704801265716642,0.138671875
SN,sd011,1,0.017578125,-3.534430631448064,0.23145792124283351,0.138671875
SN,sd011,2,0.017578125,-3.959709082873716,-0.48638963443342764,0.017578125
SN,sd011,3,-0.013671875,-4.681800319472049,-0.913923323511532,0.017578125
SN,sd011,4,0.01953125,-3.3906400163996766,0.32370364412895264,0.138671875
SN,sd011,5,0.01953125,-4.0328602441470895,0.40758083184827854,0.138671875
SN,sd011,6,0.01171875,-3.0631266789846885,0.7161358403179341,0.138671875
SN,sd011,7,0.021484375,-4.172042234187815,0.45139874447539735,0.138671875
SN,sd011,8,0.01953125,-5.115973961214167,-0.1290734760103777,0.03125
SN,sd011,9,-0.013671875,-3.386666770948562,-0.44714779262226567,0.01171875
SN,sd011,10,0.015625,-4.011512718440222,0.5032502095279002,0.138671875
SN,sd011,11,,-4.080357501483936,0.596588591549322,0.138671875
SN,sd011,12,0.015625,-3.924393025329995,0.7946436341370982,0.138671875
SN,sd011,13,0.021484375,-4.765153809044863,-0.6022453463471626,0.060546875
SN,sd011,14,0.025390625,-4.586700105925436,-0.21482517596582124,0.0390625
SN,sd011,15,0.025390625,-4.069169203062826,0.1917185360207809,0.138671875
SN,sd011,16,0.064453125,-5.205662419466622,0.14098708460188517,0.138671875
SN,sd011,17,-0.009765625,-4.201203614444472,0.1844145924908412,0.138671875
SN,sd011,18,0.0234375,-3.767550018875106,0.4343473386343653,0.138671875
SN,sd011,19,0.015625,-3.8114193276728106,0.1586031930992684,0.138671875
SN,sd011,20,-0.013671875,-3.318726711653846,-0.3974569571525151,0.021484375
SN,sd011,21,-0.017578125,-3.8554879709394374,0.5352834862043668,0.138671875
SN,sd011,22,0.01953125,-3.4076835712455606,0.4591714366722485,0.138671875
SN,sd011,23,0.017578125,-2.6733818078122957,0.8345647404105655,0.138671875
SN,sd011,24,0.015625,-3.4841609803667937,0.1124877625119998,0.138671875
SN,sd011,25,0.0234375,-4.838208549882944,-0.2884450457544026,0.025390625
SN,sd011,26,0.0234375,-4.241277486168892,0.2759366090734667,0.138671875
SN,sd011,27,0.03515625,-4.344239985228395,0.28726890920051595,0.138671875
SN,sd011,28,-0.013671875,-5.265218310749962,-0.12918604911211146,0.029296875
SN,sd011,29,0.0234375,-3.1733294043580385,0.18638288378561838,0.138671875
SN,sd011,30,-0.015625,-4.772219533403607,-1.0306158145676612,0.02734375
SN,sd011,31,0.015625,-4.2062897348905235,-0.38722626338289007,0.033203125
SN,sd011,32,0.01953125,-3.7721511316772576,-0.4403505297458201,0.048828125
SN,sd011,33,0.021484375,-4.788317328505895,-0.3191653930552514,0.03125
SN,sd011,34,-0.013671875,-3.1362340677788487,-0.0822148910035103,0.015625
SN,sd011,35,0.0703125,-3.9641004818867454,0.11864216535374342,0.138671875
SN,sd011,36,-0.013671875,-2.8266964598476947,-0.6945983547447108,0.01953125
SN,sd011,37,0.017578125,-3.217014963482106,0.6574998052180614,0.138671875
SN,sd011,38,0.021484375,-4.514697100060014,0.08718638128653868,0.138671875
SN,sd011,39,0.0234375,-4.382688468582884,-0.1348107197731692,0.041015625
SN,sd011,40,0.013671875,-5.145042872593429,-0.7486632382600354,0.029296875
SN,sd011,41,0.0234375,-5.490297291105187,-0.2670775934484775,0.04296875
SN,sd011,42,0.01953125,-3.850192785543599,-0.11784848678816472,0.02734375
SN,sd011,43,-0.013671875,-3.0820037003869762,-0.08553040862282606,0.033203125
SN,sd011,44,0.017578125,-5.358454564550133,1.0203168451076599,0.138671875
SN,sd011,45,0.0234375,-5.565425201313703,0.16811524670288996,0.138671875
SN,sd011,46,0.052734375,-2.892956148288122,-0.13568894995668404,0.052734375
SN,sd011,47,0.072265625,-4.27815356929836,0.0033641363250466005,0.138671875
SN,sd011,48,0.021484375,-4.131141731122212,0.5371912896449665,0.138671875
SN,sd011,49,-0.015625,-4.381081971471384,0.09872240234734755,0.138671875
SN,sd011,50,0.01953125,-4.7004319605888885,0.8285350520267831,0.138671875
SN,sd011,51,-0.017578125,-5.608874483746982,-0.4818825861505401,-0.001953125
SN,sd011,52,0.017578125,-6.424756571417339,-0.2747872476999996,0.017578125
SN,sd011,53,0.021484375,-5.1617503456050065,-0.6284665527890775,0.029296875
SN,sd011,54,0.013671875,-2.8779249396709816,0.32484430194075115,0.138671875
SN,sd011,55,-0.013671875,-4.014906245778197,-0.07196597423512265,0.06640625
SN,sd011,56,0.021484375,-3.3966922855622226,0.34678499756523923,0.138671875
SN,sd011,57,0.015625,-3.966429631855231,0.5896141859095826,0.138671875
SN,sd011,58,0.013671875,-2.888134417429122,-0.33810458814352484,0.017578125
SN,sd011,59,-0.0078125,-3.821605993889872,0.45878377163374456,0.138671875
SN,sd011,60,0.017578125,-3.601630735856966,-0.04999722172023464,-0.0078125
SN,sd011,61,0.021484375,-4.926090454878893,0.5164097104977989,0.138671875
SN,sd011,62,0.0234375,-3.69919605914951,-0.1533336694284835,0.03515625
SN,sd011,63,-0.009765625,-4.761356463224483,-0.015528897188628566,0.02734375
SN,sd011,64,-0.015625,-4.650492946640748,-0.3530262480655087,0.05859375
SN,sd011,65,0.0234375,-2.49994384651259,-0.17807003762911014,0.048828125
SN,sd011,66,0.015625,-6.009369662027611,0.3583397726831145,0.138671875
SN,sd011,67,0.025390625,-2.9868309918938607,0.81313107176331,0.138671875
SN,sd011,68,0.0234375,-4.552770317381114,-0.3821618819925615,0.0546875
SN,sd011,69,0.01953125,-4.28604701915669,-0.01922408170660327,0.03125
SN,sd011,70,-0.017578125,-3.6109689666831954,-0.3128955008252262,0.048828125
SN,sd011,71,,-3.158567458019352,0.8675057887263905,0.138671875
SN,sd011,72,0.01953125,-3.7169109179809583,-0.07252131264891877,0.046875
SN,sd011,73,-0.01171875,-5.729529833873524,-0.8938432581481985,0.037109375
SN,sd011,74,0.0234375,-3.881565427319076,-0.33881491015214327,0.025390625
SN,sd011,75,-0.013671875,-3.930091589760242,0.008865164318374094,0.138671875
SN,sd011,76,-0.015625,-2.527003546304223,-0.8498051694435022,0.025390625
SN,sd011,77,0.013671875,-2.885737511748036,0.571006775502093,0.138671875
SN,sd011,78,-0.017578125,-4.73833679341212,0.2936479994123613,0.138671875
SN,sd011,79,0.052734375,-3.8189723983489876,1.063100337424303,0.138671875
SN,sd011,80,0.0234375,-5.9437074919278565,-0.796619764546362,0.03125
SN,sd011,81,0.0234375,-3.8405232334448756,-0.5454934762115472,0.0390625
SN,sd011,82,-0.015625,-3.9795992481418585,1.1880519005513486,0.138671875
SN,sd011,83,0.06640625,-4.970553598924771,-0.6075490708400234,0.05859375
SN,sd011,84,0.0546875,-4.541357278127803,0.46255815649585674,0.138671875
SN,sd011,85,0.01953125,-4.085115890428694,-0.3432647130067344,0.03515625
SN,sd011,86,0.01953125,-3.2443654176035026,-0.27957196837791226,0.01171875
SN,sd011,87,0.0234375,-3.740790366548727,1.0162971616537817,0.138671875
SN,sd011,88,0.015625,-2.3568700156868316,0.5671482518508328,0.138671875
SN,sd011,89,0.025390625,-4.826428013546197,-0.3243779912845688,0.0234375
SN,sd011,90,-0.013671875,-3.3458166588726104,-0.05911320489263213,0.0234375
SN,sd011,91,-0.015625,-4.085773472720379,0.4788011328490914,0.138671875
SN,sd011,92,-0.015625,-2.3995969592995743,0.11472191451136911,0.138671875
SN,sd011,93,0.013671875,-2.973846103988404,-0.2428828083752552,0.005859375
SN,sd011,94,,-3.167896097396211,0.6778443983102159,0.138671875
SN,sd011,95,0.068359375,-6.7505704154273785,0.17267363457280366,0.138671875
SN,sd011,96,0.01953125,-5.711064445883502,0.10458163408617639,0.138671875
SN,sd011,97,-0.013671875,-5.596883426187961,0.1825562355896886,0.138671875
SN,sd011,98,0.06640625,-6.070998717007784,-0.49881147611708326,0.025390625
SN,sd011,99,0.015625,-2.7615782013133208,0.06472195858836507,0.138671875
SN,sd022,0,0.05859375,-1.528976234614283,-1.740983163790365,0.044921875
SN,sd022,1,0.068359375,-2.5597209222111252,-1.2087978318916786,0.05859375
SN,sd022,2,0.0625,-2.3334122640686616,-1.7894712970639226,0.037109375
SN,sd022,3,0.080078125,-2.245333856292932,-2.166530421632551,0.04296875
SN,sd022,4,0.0546875,-3.09555208883955,-0.6761585044294213,0.060546875
SN,sd022,5,0.083984375,-3.5518629691285106,-1.5079426819590438,0.06640625
SN,sd022,6,-0.03125,-2.6817997961190816,-1.097389886984799,0.060546875
SN,sd022,7,0.0703125,-3.6437148597495006,-1.29052687612911,0.05859375
SN,sd022,8,0.0546875,-1.8194001114290002,-1.5101783824914456,0.05859375
SN,sd022,9,0.056640625,-2.7043314741741984,-1.1368313377283035,0.041015625
SN,sd022,10,0.064453125,-3.030142749025745,-1.520224489395323,0.037109375
SN,sd022,11,0.072265625,-3.0367311362631435,-2.0834244280134238,0.041015625
SN,sd022,12,0.07421875,-3.5641116561488237,-1.9453036310067333,0.044921875
SN,sd022,13,0.056640625,-1.7037132130988384,-0.7556198153133755,0.064453125
SN,sd022,14,0.068359375,-3.169564383577372,-0.6816346783584832,0.0625
SN,sd022,15,0.056640625,-2.4808171970889643,-1.8276161693130377,0.048828125
SN,sd022,16,0.048828125,-1.6073171841823737,-1.4819482964293562,0.029296875
SN,sd022,17,0.080078125,-2.972389970083399,-1.1031245160112892,0.060546875
SN,sd022,18,0.068359375,-3.8991680339963635,-1.563363664480249,0.0625
SN,sd022,19,0.048828125,-3.175602199627095,-1.1771602180496727,0.0546875
SN,sd022,20,0.06640625,-4.048983492344573,-1.8939041966069408,0.048828125
SN,sd022,21,0.060546875,-3.269790773225813,-1.7706316575412917,0.046875
SN,sd022,22,0.05078125,-4.767634394153311,-1.5144716912159777,0.041015625
SN,sd022,23,0.0546875,-2.630871112201316,-1.4027734693167584,0.052734375
SN,sd022,24,0.064453125,-3.7523524751226267,-1.1432711257186285,0.041015625
SN,sd022,25,0.068359375,-1.7668348012531236,-1.3396590338782892,0.046875
SN,sd022,26,0.080078125,-3.8271917900421277,-1.3459311097272924,0.056640625
SN,sd022,27,0.056640625,-3.1001616000806194,-1.1554340554024918,0.05859375
SN,sd022,28,0.060546875,-2.613847498474812,-1.025422313971904,0.048828125
SN,sd022,29,0.01953125,-1.5476669928626816,-0.833571794999492,0.044921875
SN,sd022,30,0.05859375,-2.2702286690346543,-1.594891307395791,0.046875
SN,sd022,31,0.080078125,-3.0554283854114397,-1.2927502270616007,0.05859375
SN,sd022,32,0.07421875,-3.613194111342608,-2.009473110084544,0.041015625
SN,sd022,33,0.05859375,-2.7752019248770856,-1.389592400844035,0.048828125
SN,sd022,34,0.056640625,-3.4947609398654524,-2.306373434408283,0.041015625
SN,sd022,35,0.0703125,-2.2544390477043064,-1.148806983397171,0.0546875
SN,sd022,36,-0.029296875,-1.7647136258726712,-1.291986762871643,0.048828125
SN,sd022,37,-0.01953125,-2.99743529684096,-1.7244454468959953,0.0234375
SN,sd022,38,0.07421875,-3.1381656390636534,-0.8822175183563802,0.072265625
SN,sd022,39,0.072265625,-2.806383965223161,-1.08430713824309,0.0390625
SN,sd022,40,0.072265625,-4.517666283259009,-1.33849700778026,0.05078125
SN,sd022,41,0.060546875,-3.3810341151323255,-1.8512968427355712,0.046875
SN,sd022,42,0.064453125,-2.7832103532970613,-2.1551859716560737,0.046875
SN,sd022,43,0.0703125,-2.85191117948978,-1.3682359240792354,0.046875
SN,sd022,44,0.064453125,-1.0519852509095826,-1.2703086943056319,0.041015625
SN,sd022,45,0.060546875,-3.3379279966229296,-1.7770200636138587,0.03515625
SN,sd022,46,0.05078125,-2.274400610734564,-1.3437666588915722,0.05859375
SN,sd022,47,0.076171875,-2.7386510917435047,-1.0927472491707548,0.048828125
SN,sd022,48,0.06640625,-4.773488025297736,-1.9181658790620482,0.046875
SN,sd022,49,0.044921875,-3.572821927203896,-1.3410739098614102,0.044921875
SN,sd022,50,-0.02734375,-2.8778395836485973,-0.8837098222606199,0.046875
SN,sd022,51,0.06640625,-3.543967087316304,-1.4886070902581436,0.044921875
SN,sd022,52,0.07421875,-2.9015732759095254,-1.319256864609604,0.05078125
SN,sd022,53,0.052734375,-2.4295670818175124,-1.46394963997758,0.056640625
SN,sd022,54,0.06640625,-4.885508500077718,-1.0958458790576158,0.052734375
SN,sd022,55,0.0625,-4.244919841734218,-2.204904240037585,0.04296875
SN,sd022,56,0.0546875,-3.1744162201858575,-1.4357720655455783,0.0546875
SN,sd022,57,0.0546875,-2.0557612420694205,-2.0659222371591435,0.044921875
SN,sd022,58,0.0546875,-3.0677935470619793,-1.4025336798631938,0.01953125
SN,sd022,59,0.076171875,-4.603167061511539,-1.0650125821162433,0.064453125
SN,sd022,60,0.052734375,-2.211807039172833,-1.8948514147712672,0.044921875
SN,sd022,61,0.068359375,-2.9219087829683774,-1.0541089822567598,0.0546875
SN,sd022,62,0.056640625,-4.353356479267942,-1.6420422728871256,0.0546875
SN,sd022,63,0.080078125,-3.150764974895649,-1.431193497588443,0.064453125
SN,sd022,64,0.06640625,-0.8490388054541429,-1.4980430036157146,0.046875
SN,sd022,65,0.0546875,-2.7186674188102558,-2.0402135914683575,0.04296875
SN,sd022,66,0.060546875,-3.1768508595737814,-1.8326607875965113,0.041015625
SN,sd022,67,0.076171875,-3.8197130883641464,-1.432198990528873,0.048828125
SN,sd022,68,0.056640625,-1.9165721779735085,-1.197487204350359,0.046875
SN,sd022,69,0.046875,-3.408785133162289,-1.8117274365650045,0.029296875
SN,sd022,70,0.07421875,-3.5555680926986297,-0.8156247081984652,0.06640625
SN,sd022,71,0.052734375,-3.488661198405362,-1.8467391219224116,0.04296875
SN,sd022,72,0.056640625,-2.3398705487156852,-1.069460383732476,0.046875
SN,sd022,73,0.064453125,-2.7288622762415606,-1.6872832096297132,0.05078125
SN,sd022,74,0.07421875,-4.494489624927922,-1.6038067636709168,0.048828125
SN,sd022,75,0.052734375,-2.733902285153948,-0.8251968236832509,0.0546875
SN,sd022,76,0.068359375,-3.190750079355857,-0.9701231437674174,0.0625
SN,sd022,77,0.07421875,-3.2523043285638833,-1.0010255422931926,0.0625
SN,sd022,78,0.06640625,-3.7056455098127534,-1.9066524534179983,0.052734375
SN,sd022,79,0.05859375,-3.090794824896104,-0.8747172113092426,0.0703125
SN,sd022,80,0.06640625,-2.4483065523197247,-1.0158432974147404,0.056640625
SN,sd022,81,0.060546875,-3.6288098469841703,-1.8729668163080613,0.044921875
SN,sd022,82,0.0703125,-2.314327597315922,-1.6672364816951792,0.052734375
SN,sd022,83,0.046875,-2.400942019192235,-1.4463183991390547,0.05078125
SN,sd022,84,-0.037109375,-1.7438089288019953,-1.3548027615457054,0.041015625
SN,sd022,85,0.060546875,-1.898529878260216,-1.682817442192748,0.04296875
SN,sd022,86,0.078125,-1.2659529656863149,-1.1924076279377152,0.060546875
SN,sd022,87,0.052734375,-3.2097796198060404,-1.208190959263258,0.041015625
SN,sd022,88,0.052734375,-3.5024624869620076,-1.9741169640192286,0.046875
SN,sd022,89,0.0625,-2.3101204299877223,-1.37970717741359,0.0390625
SN,sd022,90,0.05859375,-2.8997789566669168,-1.8947456077542266,0.044921875
SN,sd022,91,0.064453125,-1.8142039960761434,-1.8851189730782312,0.044921875
SN,sd022,92,0.052734375,-3.194213835231924,-0.619612125718143,0.064453125
SN,sd022,93,0.0625,-2.1663977884918033,-1.4720952931187876,0.046875
SN,sd022,94,0.056640625,-2.4672536648977075,-1.0325063082639192,0.064453125
SN,sd022,95,0.0625,-2.2562592517156483,-0.24997390010609635,0.0703125
SN,sd022,96,0.060546875,-2.9535284213617365,-1.0640628494122322,0.048828125
SN,sd022,97,0.078125,-3.5744560765523175,-1.368059606881469,0.056640625
SN,sd022,98,0.08203125,-3.550319136953166,-1.0081442438538388,0.06640625
SN,sd022,99,0.076171875,-2.328485646202083,-1.4989221669090098,0.064453125
SN,sd032,0,0.021484375,-11.154231700744024,-1.0435461991835273,0.009765625
SN,sd032,1,0.02734375,-13.271848784725373,-2.315409021674515,0.017578125
SN,sd032,2,0.03515625,-11.640447420545492,-1.7546133311068197,0.013671875
SN,sd032,3,0.02734375,-10.075353645333028,-1.1923544261938268,0.005859375
SN,sd032,4,0.02734375,-12.754063541774492,-1.8987794915901435,0.015625
SN,sd032,5,0.03125,-12.606709172931616,-1.5990487505357558,0.00390625
SN,sd032,6,0.03515625,-14.022199981841348,-1.7240850981343516,0.00390625
SN,sd032,7,0.037109375,-11.547184554161358,-1.536073030346635,0.0
SN,sd032,8,0.03515625,-9.105597188279642,-1.2958196797407884,0.0078125
SN,sd032,9,0.02734375,-13.70574944869009,-1.7333273352733882,0.005859375
SN,sd032,10,0.033203125,-12.942417198013418,-2.9723088426877133,0.005859375
SN,sd032,11,0.025390625,-11.571287697101997,-2.1806614550786447,0.015625
SN,sd032,12,0.021484375,-12.569202436810189,-1.369649786038913,0.0
SN,sd032,13,0.03515625,-12.803727202254498,-1.9077620765039296,0.009765625
SN,sd032,14,0.033203125,-10.921323866954037,-1.7018167752925355,0.013671875
SN,sd032,15,0.02734375,-10.771656176925976,-1.270327543794476,0.009765625
SN,sd032,16,0.03125,-12.494294636198127,-2.6761534656888792,0.01171875
SN,sd032,17,0.033203125,-14.349184621369016,-0.8794986453002398,0.009765625
SN,sd032,18,0.029296875,-12.379025353242769,-1.6485984665186375,0.005859375
SN,sd032,19,0.025390625,-12.083995697777516,-1.7502612405368674,0.013671875
SN,sd032,20,0.033203125,-10.498211492066774,-0.9788113582411307,0.009765625
SN,sd032,21,0.03515625,-12.520750687389787,-1.9637258146296317,0.00390625
SN,sd032,22,0.03515625,-13.211107341131045,-2.372228302350264,0.005859375
SN,sd032,23,0.037109375,-11.46655846454991,-1.4098603421961204,0.001953125
SN,sd032,24,0.02734375,-12.722422518851488,-2.3662511035255567,0.0
SN,sd032,25,0.033203125,-12.444532390690343,-2.6444790335947235,0.01171875
SN,sd032,26,0.033203125,-12.29228314214788,-1.3249492558319325,0.009765625
SN,sd032,27,0.03515625,-13.929429514610689,-1.338148959914792,0.00390625
SN,sd032,28,0.03515625,-12.107370002616495,-2.3383589169177563,0.00390625
SN,sd032,29,0.03125,-11.576237843746197,-1.4506981170974826,0.0
SN,sd032,30,0.03515625,-11.447585473559212,-1.3990400133075245,0.009765625
SN,sd032,31,0.01953125,-10.410236899784838,-1.4509539487892777,0.0078125
SN,sd032,32,0.03515625,-12.43557276047362,-2.2326748277887627,0.01171875
SN,sd032,33,0.03125,-12.168377929681888,-1.49448674073969,0.0078125
SN,sd032,34,0.03125,-14.069396863233372,-1.4995768875926483,0.013671875
SN,sd032,35,0.033203125,-11.510979767907251,-2.1457671596872765,0.0078125
SN,sd032,36,0.033203125,-12.791728444928967,-1.2331506093119924,0.005859375
SN,sd032,37,0.02734375,-11.516918976157267,-2.6694255497713493,0.015625
SN,sd032,38,0.029296875,-13.264547649469955,-1.3226916922520893,0.017578125
SN,sd032,39,0.033203125,-11.650430081694386,-2.4941493246359676,0.009765625
SN,sd032,40,0.03515625,-10.934835634830444,-2.2680206488556296,0.01171875
SN,sd032,41,0.029296875,-11.381547935292671,-2.001101690233825,0.005859375
SN,sd032,42,0.02734375,-11.509099637002635,-3.0127423240872195,0.015625
SN,sd032,43,0.03515625,-10.361707250535062,-2.919292190603667,0.005859375
SN,sd032,44,0.025390625,-9.22947773631002,-1.9630193238748948,0.01171875
SN,sd032,45,0.03515625,-12.301379933625483,-0.5503331290169328,0.00390625
SN,sd032,46,0.03125,-13.390121673061731,-1.9047228782978496,0.013671875
SN,sd032,47,0.0234375,-10.268310148965435,-1.5355627366077336,0.009765625
SN,sd032,48,0.03125,-11.916056842260584,-1.5595946815044563,0.0078125
SN,sd032,49,0.03125,-13.386529052363478,-1.6222483910006338,0.005859375
SN,sd032,50,0.029296875,-14.66179511779121,-3.196003135689398,0.017578125
SN,sd032,51,0.03125,-13.749755061434353,-2.3232583222529164,0.015625
SN,sd032,52,0.03515625,-13.21252515074702,-0.8706752412115853,0.005859375
SN,sd032,53,0.033203125,-13.745760283265385,-2.1260852193347413,0.00390625
SN,sd032,54,0.033203125,-12.177464730699665,-0.9650160499512774,-0.001953125
SN,sd032,55,0.0234375,-12.485492553883631,-2.0626337420898073,0.009765625
SN,sd032,56,0.03125,-11.192744502439634,-0.49454237542895274,0.009765625
SN,sd032,57,0.033203125,-10.31587976196822,-1.3978409430617251,0.0078125
SN,sd032,58,0.0234375,-12.732144464805879,-2.5270069253271563,0.013671875
SN,sd032,59,0.02734375,-13.950472881768995,-1.6325739992399673,0.009765625
SN,sd032,60,0.03125,-12.712450098085494,-0.9007659495107659,0.0078125
SN,sd032,61,0.009765625,-12.018904544933518,-1.3882251136517019,0.001953125
SN,sd032,62,0.021484375,-13.366934556081036,-3.192639913335799,0.015625
SN,sd032,63,0.03125,-13.05175678856939,-1.979837295971628,0.00390625
SN,sd032,64,0.029296875,-11.120538069756977,-0.9585998076951714,0.005859375
SN,sd032,65,0.037109375,-13.517253221186143,-1.3974381494718275,0.01171875
SN,sd032,66,0.03125,-11.88012584824028,-1.2219991695945467,-0.00390625
SN,sd032,67,0.03515625,-12.193079785815257,-1.1228773333063757,0.009765625
SN,sd032,68,0.03515625,-13.051592508042932,-2.0054197251617425,0.01171875
SN,sd032,69,0.037109375,-13.068055919081377,-0.7831970515946767,0.001953125
SN,sd032,70,0.03125,-12.985203454806426,-1.5890192036071222,0.001953125
SN,sd032,71,0.03515625,-12.106485472168595,-1.789653357173091,0.005859375
SN,sd032,72,0.033203125,-11.285492039073795,-1.961112599284477,0.00390625
SN,sd032,73,0.03515625,-14.262279169233972,-1.8756140367744902,-0.001953125
SN,sd032,74,0.03515625,-11.795702291263556,-1.836970656970046,0.015625
SN,sd032,75,0.03515625,-10.77009805549047,-1.861287404826838,0.015625
SN,sd032,76,0.025390625,-13.357952677028644,-2.2231958872098847,0.01171875
SN,sd032,77,0.03515625,-11.639624319474038,-2.1194737772436634,-0.001953125
SN,sd032,78,0.033203125,-14.120293364439117,-2.2682030200874244,0.001953125
SN,sd032,79,0.03515625,-11.064584169021662,-1.4681633111830517,0.0
SN,sd032,80,0.0390625,-13.308834954720544,-2.514130897445134,0.0078125
SN,sd032,81,0.03125,-13.371381171679653,-2.254861103652485,0.0078125
SN,sd032,82,0.03125,-13.94832897017797,-1.7863593643162083,0.01171875
SN,sd032,83,0.029296875,-13.268129561824779,-1.9193741121038552,0.0078125
SN,sd032,84,0.033203125,-13.189550254498418,-2.13801142681476,0.005859375
SN,sd032,85,0.03515625,-11.633661894037669,-1.447072508264837,0.0
SN,sd032,86,0.03515625,-11.472331703065846,-1.6526147349363856,0.013671875
SN,sd032,87,0.0390625,-14.869211596083524,-2.5207723438043215,0.005859375
SN,sd032,88,0.037109375,-12.143248404895868,-2.5610505085133926,0.0078125
SN,sd032,89,0.037109375,-11.5259605762681,-1.3622023901267422,0.00390625
SN,sd032,90,0.029296875,-14.279057559894756,-2.092583097097083,0.0078125
SN,sd032,91,0.025390625,-13.083435147364328,-1.4293606676945205,0.01953125
SN,sd032,92,0.03515625,-12.222081560944254,-2.4980459070568264,0.009765625
SN,sd032,93,0.03515625,-12.315985139085745,-2.058620284951021,0.015625
SN,sd032,94,0.03515625,-11.724574350105042,-2.167362939681452,0.0078125
SN,sd032,95,0.03125,-11.583244209853492,-1.763079443585578,0.013671875
SN,sd032,96,0.03515625,-12.823629165392038,-1.7723638596448004,0.009765625
SN,sd032,97,0.03125,-11.216179819202852,-1.297532292616637,-0.001953125
SN,sd032,98,0.02734375,-13.74193342683428,-2.265376619908735,0.013671875
SN,sd032,99,0.033203125,-12.854369111377798,-2.349063042346828,0.0
SN,sd042,0,0.015625,-1.8433400790638954,-1.9697540285434774,0.056640625
SN,sd042,1,0.087890625,-1.0888390393600575,-1.7129275990675912,0.068359375
SN,sd042,2,0.060546875,-2.5504252693725586,-1.5767465953092294,0.05859375
SN,sd042,3,0.015625,-2.422831368817997,-1.8108921873303738,0.05078125
SN,sd042,4,0.01953125,-1.747556949512588,-1.9576560136392076,0.041015625
SN,sd042,5,0.005859375,-2.3678928619158857,-1.9232812257233756,0.046875
SN,sd042,6,0.021484375,-0.5555466950730543,-1.2495643433424004,0.052734375
SN,sd042,7,0.08984375,-1.535600751974051,-2.177271074473514,0.05078125
SN,sd042,8,0.080078125,-1.975783557053266,-2.297461899062938,0.0546875
SN,sd042,9,0.080078125,-1.8440482916755914,-1.7810459225644355,0.056640625
SN,sd042,10,0.0625,-1.7223481646034036,-1.5820094108715301,0.0625
SN,sd042,11,0.0859375,-1.1435963681404187,-1.7406923429408077,0.05859375
SN,sd042,12,0.015625,-0.3728136289759316,-1.5180662470017297,0.0546875
SN,sd042,13,0.083984375,-1.2404247345261383,-2.3332249601520485,0.05859375
SN,sd042,14,0.083984375,-1.398756578041513,-2.3829997963025713,0.052734375
SN,sd042,15,0.017578125,-2.1537335844454426,-2.331543996299331,0.037109375
SN,sd042,16,0.0859375,-2.2722812238939976,-2.2116453075101483,0.0546875
SN,sd042,17,0.015625,-1.7324146909190112,-1.3863177460860265,0.052734375
SN,sd042,18,0.060546875,-1.397321530824951,-1.9969628211918014,0.05859375
SN,sd042,19,0.01953125,-3.525718696218757,-1.8375053170405171,0.0546875
SN,sd042,20,0.013671875,-2.508469434451948,-2.2344565410797657,0.046875
SN,sd042,21,0.01171875,-0.5503636565597034,-1.907122300905982,0.046875
SN,sd042,22,0.013671875,-0.05504954334664092,-1.9397841355665437,0.044921875
SN,sd042,23,0.01953125,-1.2107472778614916,-1.9769804336592298,0.046875
SN,sd042,24,0.013671875,-2.410679320611936,-1.6208988696757547,0.033203125
SN,sd042,25,-0.017578125,-0.7826370994296057,-2.129713683475447,0.048828125
SN,sd042,26,0.017578125,-0.7804614784773536,-2.134685126011205,0.052734375
SN,sd042,27,0.08984375,-1.7879738023035339,-1.5535952979189827,0.0625
SN,sd042,28,0.0546875,-0.5597853328713049,-2.095702895829869,0.060546875
SN,sd042,29,0.056640625,-3.734673791994603,-2.487243429130172,0.048828125
SN,sd042,30,0.01953125,-2.79359010348405,-2.072806893355972,0.029296875
SN,sd042,31,0.017578125,-0.9520636539831333,-1.907258624117887,0.04296875
SN,sd042,32,0.087890625,-1.942060042714622,-2.5679062219389728,0.052734375
SN,sd042,33,0.015625,-2.6172479609720325,-1.541903056456247,0.052734375
SN,sd042,34,0.013671875,0.23551370386393167,-1.5611101287958127,0.0546875
SN,sd042,35,0.017578125,-1.7413039736705098,-1.7186013608785389,0.05859375
SN,sd042,36,0.021484375,-1.536956404146221,-1.6794320127205005,0.056640625
SN,sd042,37,0.06640625,-2.737021460705681,-1.6122564111811262,0.064453125
SN,sd042,38,0.00390625,-0.78431155625898,-1.5848522578678637,0.060546875
SN,sd042,39,0.015625,-1.546586301103729,-1.5830157443181374,0.046875
SN,sd042,40,0.017578125,-1.916798600731266,-1.766027235707778,0.05859375
SN,sd042,41,0.08203125,-3.381856833194643,-1.7996128543980379,0.060546875
SN,sd042,42,0.013671875,-2.372680288724167,-2.329726255605994,0.048828125
SN,sd042,43,0.015625,-1.5789626425833498,-1.9147295284620085,0.060546875
SN,sd042,44,0.056640625,-1.100299655958144,-1.3883219422738553,0.07421875
SN,sd042,45,0.017578125,-2.7388439997560066,-1.6839074077581497,0.052734375
SN,sd042,46,0.080078125,-2.6215314161930228,-2.036243120755533,0.052734375
SN,sd042,47,0.083984375,-1.402532674558203,-2.01772945785908,0.056640625
SN,sd042,48,0.01953125,-1.0827555992379039,-2.450886910278426,0.052734375
SN,sd042,49,0.017578125,-1.127411746259162,-1.521669399226523,0.044921875
SN,sd042,50,0.087890625,-1.0112007788339956,-1.5841491461041604,0.072265625
SN,sd042,51,0.083984375,-1.9051515513344612,-1.3039270147013917,0.068359375
SN,sd042,52,0.08203125,0.03812596425751735,-1.5723370874433653,0.06640625
SN,sd042,53,0.080078125,-3.397690611810579,-2.275911326687431,0.0546875
SN,sd042,54,0.015625,-2.5018057154966113,-1.6456793441850799,0.046875
SN,sd042,55,0.052734375,-0.7617912063787565,-1.6697252501574085,0.064453125
SN,sd042,56,0.015625,-2.2601194287022435,-1.5777609242376047,0.052734375
SN,sd042,57,0.013671875,-2.802783520634799,-2.135939503460462,0.037109375
SN,sd042,58,0.005859375,-0.9267499491955631,-1.329434164322351,0.04296875
SN,sd042,59,0.015625,-2.3364581134774314,-2.2397785976519637,0.0390625
SN,sd042,60,0.08203125,-2.5621319143654557,-1.7103767415825957,0.05859375
SN,sd042,61,0.0234375,-2.2757534253824647,-1.086692612591108,0.05859375
SN,sd042,62,0.064453125,-1.6365609536521804,-1.7398823600558992,0.064453125
SN,sd042,63,0.08984375,-1.8246514186759273,-1.9328972169882996,0.06640625
SN,sd042,64,0.017578125,0.1329752510114406,-1.3207312979194867,0.0546875
SN,sd042,65,0.015625,-2.456763939540811,-1.9522409791461368,0.044921875
SN,sd042,66,0.013671875,-2.0342019179366817,-1.505323451760523,0.060546875
SN,sd042,67,0.017578125,-1.2354443254265521,-1.5857729618675418,0.0546875
SN,sd042,68,0.0859375,-4.09458956492848,-2.655751211645534,0.0625
SN,sd042,69,0.078125,-2.643936925554086,-1.3365794251978589,0.06640625
SN,sd042,70,0.015625,-1.0073999633889388,-1.844990734931327,0.048828125
SN,sd042,71,0.013671875,-1.8913762636075973,-2.0994317104013227,0.060546875
SN,sd042,72,0.015625,-1.3129826340467758,-1.4277369351141365,0.056640625
SN,sd042,73,0.01953125,-1.1912837962127116,-1.5990754291656601,0.04296875
SN,sd042,74,0.013671875,-1.2571111033163036,-2.498417595550017,0.052734375
SN,sd042,75,0.017578125,-2.296301516952448,-2.5775260912492715,0.04296875
SN,sd042,76,0.017578125,-1.5839371424833537,-1.4446431446451424,0.048828125
SN,sd042,77,0.017578125,-2.4505982771628925,-2.303637869009305,0.046875
SN,sd042,78,0.091796875,-2.1004821634029858,-1.9486952062382634,0.056640625
SN,sd042,79,0.017578125,-0.8074253974443266,-0.7434242533308016,0.083984375
SN,sd042,80,0.0078125,-2.943161609619417,-2.5804914621279704,0.052734375
SN,sd042,81,0.021484375,-3.7203050010956873,-1.6381638595942682,0.048828125
SN,sd042,82,0.056640625,0.1343036750780131,-1.9316912210586719,0.0546875
SN,sd042,83,0.05859375,-2.161613512273575,-1.5975950313682812,0.056640625
SN,sd042,84,0.01171875,-2.2942989345500937,-2.1262363760077947,0.052734375
SN,sd042,85,0.083984375,-0.6563395880595431,-2.2454594062570545,0.05078125
SN,sd042,86,0.05859375,-2.136205247891775,-2.3911620573897285,0.05078125
SN,sd042,87,0.083984375,-0.8291460423172701,-2.0277272801669364,0.0625
SN,sd042,88,0.015625,-1.4472073637209846,-1.728235700174284,0.0625
SN,sd042,89,0.017578125,-2.4355638284353915,-1.4644930082047747,0.052734375
SN,sd042,90,0.013671875,-3.2771654808718003,-1.8386641593839603,0.0546875
SN,sd042,91,0.015625,-0.9369957367838433,-1.0981884612339554,0.056640625
SN,sd042,92,0.01171875,-1.9830903618993014,-2.2566924840315292,0.04296875
SN,sd042,93,0.013671875,-2.5822535232099124,-2.140143856506627,0.0546875
SN,sd042,94,0.013671875,-1.9082936400733352,-1.8739077506556892,0.056640625
SN,sd042,95,0.017578125,-0.7106411532061712,-1.8164973016964723,0.05078125
SN,sd042,96,0.01953125,-0.9685453052030022,-1.0827149839759123,0.056640625
SN,sd042,97,0.08984375,-1.1460151544965238,-1.3448597488115512,0.05859375
SN,sd042,98,0.013671875,-1.6127541195574704,-1.177621356073452,0.04296875
SN,sd042,99,0.052734375,-1.87055421942928,-1.6190019337307013,0.05859375
SN,sd053,0,0.0625,-7.050431584848463,-2.1525575242350485,0.0625
SN,sd053,1,0.0625,-6.503235505358214,-1.3471407957066266,0.068359375
SN,sd053,2,0.0625,-8.06078465613016,-1.2577040343854446,0.068359375
SN,sd053,3,0.064453125,-9.129764374143049,-2.298454556715142,0.06640625
SN,sd053,4,0.060546875,-7.411280019645013,-1.2856390337042396,0.06640625
SN,sd053,5,0.0625,-7.591183642500566,-1.434109659481635,0.0703125
SN,sd053,6,0.0625,-7.589440626908392,-2.2129774970330067,0.060546875
SN,sd053,7,0.0625,-7.591827998925349,-1.821647841046804,0.0625
SN,sd053,8,0.0625,-6.157006959529159,-1.6753935124174715,0.068359375
SN,sd053,9,0.0625,-8.006131123737337,-2.860996211856893,0.05859375
SN,sd053,10,0.060546875,-9.660955816781755,-3.0667571725284613,0.060546875
SN,sd053,11,0.064453125,-7.6789496890561235,-2.111916096494219,0.060546875
SN,sd053,12,0.0625,-7.509263900859294,-1.5060220727938791,0.06640625
SN,sd053,13,0.064453125,-6.726707726312118,-1.7219041865351399,0.064453125
SN,sd053,14,0.060546875,-7.114804751015406,-2.1146707989287874,0.060546875
SN,sd053,15,0.0625,-6.632253837097156,-1.888859308020921,0.060546875
SN,sd053,16,0.0625,-6.5596223959434825,-2.307472011507227,0.064453125
SN,sd053,17,0.064453125,-7.7775842068214605,-1.8916923625082387,0.06640625
SN,sd053,18,0.064453125,-9.64965512213271,-2.7330943804020307,0.06640625
SN,sd053,19,0.064453125,-8.990483765769795,-1.4931099644300692,0.068359375
SN,sd053,20,0.064453125,-6.066704512490987,-2.4743871801420547,0.064453125
SN,sd053,21,0.0625,-8.336396187905727,-0.7226273284419314,0.068359375
SN,sd053,22,0.060546875,-8.176908724632021,-3.259977958286953,0.056640625
SN,sd053,23,0.060546875,-8.324789041485861,-1.7815049585975313,0.0625
SN,sd053,24,0.064453125,-7.6183277178759905,-1.2475089029795667,0.0703125
SN,sd053,25,0.0625,-7.89463826323024,-1.9546549012364434,0.0625
SN,sd053,26,0.064453125,-7.144441479646364,-1.1363539986072844,0.072265625
SN,sd053,27,0.0625,-7.564281861471083,-0.9024822052128368,0.07421875
SN,sd053,28,0.0625,-7.225268327127413,-1.2020668806276322,0.0703125
SN,sd053,29,0.0625,-7.569495241114871,-2.5767490061570326,0.060546875
SN,sd053,30,0.0625,-8.53442209923282,-1.610983098630467,0.06640625
SN,sd053,31,0.0625,-8.23926950690413,-2.341837137228894,0.05859375
SN,sd053,32,0.060546875,-6.9123276457711755,-2.4178328350407585,0.060546875
SN,sd053,33,0.064453125,-6.438246543314493,-1.8798517561559172,0.06640625
SN,sd053,34,0.0625,-5.541997052129582,-2.417477743625322,0.05859375
SN,sd053,35,0.064453125,-7.984800186129964,-2.0869963739184887,0.06640625
SN,sd053,36,0.0625,-7.189502135728384,-1.660560233388819,0.068359375
SN,sd053,37,0.060546875,-5.253408212435469,-1.4758516496659457,0.068359375
SN,sd053,38,0.0625,-8.43564803923194,-1.60612212699508,0.068359375
SN,sd053,39,0.0625,-7.325774042616198,-1.2960187952072135,0.07421875
SN,sd053,40,0.0625,-6.001701341130949,-1.0374161939126427,0.0703125
SN,sd053,41,0.05859375,-7.219188817979281,-2.0643869850627543,0.05078125
SN,sd053,42,0.0625,-8.208238015803072,-0.7136668899418547,0.076171875
SN,sd053,43,0.060546875,-6.485444867533603,-1.5968048489110405,0.06640625
SN,sd053,44,0.0625,-8.452114479794437,-2.151594510186414,0.0625
SN,sd053,45,0.0625,-9.69032098430413,-2.1228672771928414,0.0625
SN,sd053,46,0.064453125,-7.767423010211204,-0.9800378198359118,0.0703125
SN,sd053,47,0.064453125,-7.6510070918772675,-1.3681233954048317,0.068359375
SN,sd053,48,0.0625,-6.702309753664828,-1.954208221570062,0.0625
SN,sd053,49,0.060546875,-7.664922411443407,-2.0160719087411327,0.0625
SN,sd053,50,0.0625,-6.637109449866575,-2.1049114896839463,0.06640625
SN,sd053,51,0.0625,-8.062604999346922,-2.411022185881656,0.064453125
SN,sd053,52,0.064453125,-5.625983562123144,-2.157826894079385,0.060546875
SN,sd053,53,0.0625,-8.57941300811044,-1.0869553772425948,0.07421875
SN,sd053,54,0.0625,-9.331307351247617,-1.2558977544312364,0.064453125
SN,sd053,55,0.0625,-6.539385810198784,-1.2911665690046072,0.068359375
SN,sd053,56,0.060546875,-6.319091141363019,-2.0117504095780485,0.064453125
SN,sd053,57,0.0625,-8.094982465193993,-1.806906045392754,0.06640625
SN,sd053,58,0.064453125,-6.7194133674114305,-1.3113203266043796,0.0703125
SN,sd053,59,0.0625,-6.450320987026311,-1.5880869431515292,0.06640625
SN,sd053,60,0.060546875,-8.443649919441212,-2.2293622348027347,0.064453125
SN,sd053,61,0.064453125,-8.691257315083512,-1.7801220972536187,0.0703125
SN,sd053,62,0.05859375,-8.510109764228158,-1.6904029150751374,0.0625
SN,sd053,63,0.064453125,-7.893445455895262,-2.59236591601503,0.0625
SN,sd053,64,0.064453125,-7.878998295900805,-2.3713525265048374,0.060546875
SN,sd053,65,0.060546875,-5.798887336500348,-1.2275804283244134,0.06640625
SN,sd053,66,0.060546875,-6.436349607646206,-1.5083807159076634,0.060546875
SN,sd053,67,0.0625,-8.200753463062028,-0.461571674321283,0.0703125
SN,sd053,68,0.064453125,-9.081157245290305,-3.0389283105488443,0.056640625
SN,sd053,69,0.0625,-6.973860818281664,-1.6097275500221215,0.064453125
SN,sd053,70,0.0625,-8.227577928491689,-2.0075115506257277,0.0625
SN,sd053,71,0.064453125,-8.168782243672386,-1.8513292585877843,0.0703125
SN,sd053,72,0.0625,-7.747153609438126,-2.699619144488026,0.0625
SN,sd053,73,0.060546875,-6.124585401088555,-0.6914361577927464,0.068359375
SN,sd053,74,0.0625,-8.788228846266438,-1.8109542388974516,0.06640625
SN,sd053,75,0.064453125,-8.184465542033761,-1.8546407764619237,0.06640625
SN,sd053,76,0.064453125,-8.154523730395017,-2.2251871781553123,0.0625
SN,sd053,77,0.05859375,-7.324219800390238,-1.9509314991327058,0.0625
SN,sd053,78,0.0625,-5.768058531309899,-2.4406126463906133,0.0625
SN,sd053,79,0.060546875,-5.698713129742011,-1.0995204199474666,0.0625
SN,sd053,80,0.0625,-8.358124635529162,-1.4472439117446914,0.068359375
SN,sd053,81,0.0625,-6.628139606835839,-2.7229925706046196,0.064453125
SN,sd053,82,0.0625,-6.631710386633522,-1.6718457330397258,0.06640625
SN,sd053,83,0.0625,-7.724127185828894,-1.9215582955975585,0.060546875
SN,sd053,84,0.0625,-5.52369005126609,-1.0279149594998784,0.06640625
SN,sd053,85,0.0625,-8.344618787728175,-1.9655190390131811,0.068359375
SN,sd053,86,0.060546875,-7.583095346717563,-1.978282417243337,0.064453125
SN,sd053,87,0.060546875,-5.872786398877862,-1.3703094165699667,0.06640625
SN,sd053,88,0.060546875,-6.642438225713258,-0.8521700950053912,0.0703125
SN,sd053,89,0.060546875,-7.573608281600258,-0.6776377586555454,0.072265625
SN,sd053,90,0.0625,-6.968212142252718,-2.229371701665756,0.0625
SN,sd053,91,0.060546875,-6.9748517682182465,-1.1922877441078807,0.064453125
SN,sd053,92,0.0625,-8.892621608332828,-1.9495839615860595,0.06640625
SN,sd053,93,0.05859375,-8.913049399772998,-2.17222313130135,0.0625
SN,sd053,94,0.064453125,-8.095496578703585,-0.9479065817843569,0.076171875
SN,sd053,95,0.0625,-9.19845480495465,-1.909185456136732,0.06640625
SN,sd053,96,0.0625,-7.137386732323922,-2.3616798063525857,0.0625
SN,sd053,97,0.064453125,-5.897255444286467,-1.378856863325602,0.068359375
SN,sd053,98,0.060546875,-9.768330234056085,-1.4422852524777332,0.06640625
SN,sd053,99,0.060546875,-8.800505228135977,-1.527410407419209,0.064453125
SN,sd064,0,0.06640625,-3.741751642019353,-1.549971105970972,0.05859375
SN,sd064,1,0.09375,-3.5255828462545358,-0.2063332971922911,0.087890625
SN,sd064,2,0.09375,-4.144051258959865,-1.3745524920437326,0.064453125
SN,sd064,3,0.08203125,-5.212387643493122,-1.110124862925018,0.078125
SN,sd064,4,0.080078125,-5.653125641987346,-1.9779770848284977,0.056640625
SN,sd064,5,0.0859375,-5.126470607856676,-1.8115411770789664,0.0625
SN,sd064,6,0.099609375,-3.3137203062100866,-1.0076931114576908,0.07421875
SN,sd064,7,0.091796875,-4.008833483180008,-0.7105966061610964,0.087890625
SN,sd064,8,0.07421875,-6.46358801144406,-1.9411906754986725,0.056640625
SN,sd064,9,0.087890625,-3.8851008023954874,-1.8407408170195265,0.064453125
SN,sd064,10,0.05078125,-3.8402612451731106,-1.5940698796322386,0.0390625
SN,sd064,11,0.095703125,-3.2439451966896438,-1.0731748238594832,0.060546875
SN,sd064,12,0.091796875,-3.8737456716232623,-1.253734383281712,0.06640625
SN,sd064,13,0.09375,-5.5643329020853685,-0.9821305789252956,0.078125
SN,sd064,14,0.095703125,-4.154693910603887,-1.5737763379414724,0.052734375
SN,sd064,15,0.095703125,-3.3382848095225706,-0.9058574324002026,0.080078125
SN,sd064,16,0.091796875,-3.574503040526433,-1.5072657467262676,0.0546875
SN,sd064,17,0.091796875,-5.165430321953636,-1.2576066570969344,0.076171875
SN,sd064,18,0.091796875,-4.714176695979021,-1.1718082804994097,0.0546875
SN,sd064,19,0.064453125,-3.0740426071109854,-1.1543648431859108,0.064453125
SN,sd064,20,0.083984375,-3.94460197465803,-1.4809646967229277,0.033203125
SN,sd064,21,0.08984375,-4.22751766504953,-0.5489255837539744,0.087890625
SN,sd064,22,0.0859375,-5.688281414688021,-1.1502301829514014,0.080078125
SN,sd064,23,0.09375,-4.871534218861768,-1.409492020306599,0.072265625
SN,sd064,24,0.091796875,-4.111452925025274,-0.7748459147596253,0.083984375
SN,sd064,25,0.08203125,-4.381543711213835,-1.0245185657349745,0.06640625
SN,sd064,26,0.087890625,-5.375876254293262,-1.542404204242209,0.068359375
SN,sd064,27,0.046875,-4.128887780416486,-1.1957912566074742,0.060546875
SN,sd064,28,0.095703125,-6.203217402473397,-1.4896531823322552,0.0625
SN,sd064,29,0.095703125,-3.5994941000614973,-0.8784075379635148,0.08984375
SN,sd064,30,0.078125,-5.375838776235028,-1.004751663846736,0.076171875
SN,sd064,31,0.09765625,-4.220078727514037,-0.9441213320921765,0.07421875
SN,sd064,32,0.09375,-4.020974722380906,-1.0428330859130577,0.072265625
SN,sd064,33,0.091796875,-5.001853542624328,-1.299655247348365,0.056640625
SN,sd064,34,0.09375,-3.8322114195907147,-1.0576668450017987,0.0546875
SN,sd064,35,0.1015625,-4.4005233035451266,-1.3110643741474879,0.078125
SN,sd064,36,0.087890625,-3.8924335495114217,-1.6789867803176501,0.05859375
SN,sd064,37,0.095703125,-5.316510860519618,-1.7827947287525385,0.05078125
SN,sd064,38,0.09375,-5.020082452100211,-0.9895770105652056,0.072265625
SN,sd064,39,0.083984375,-3.68951702043045,-0.44885371646529476,0.08203125
SN,sd064,40,0.09375,-4.962337713031108,-2.00267451909489,0.056640625
SN,sd064,41,0.0859375,-4.240640514006667,-1.3330289974230618,0.0703125
SN,sd064,42,0.091796875,-4.841401312500701,-1.6001753740670286,0.060546875
SN,sd064,43,0.091796875,-5.388800927993474,-0.8928348571355872,0.08984375
SN,sd064,44,0.095703125,-4.629484085188156,-2.0209847820178197,0.05078125
SN,sd064,45,0.091796875,-5.422636611459375,-1.688929720687593,0.05859375
SN,sd064,46,0.08984375,-4.909359741804169,-1.2535637984504169,0.064453125
SN,sd064,47,0.09765625,-3.6207974822051465,-0.9270826554256216,0.076171875
SN,sd064,48,0.09375,-4.671679442303695,-1.8977970363459313,0.052734375
SN,sd064,49,0.08984375,-4.553926563345433,-1.3403080069213618,0.072265625
SN,sd064,50,0.099609375,-4.880672504353998,-0.9352658872015108,0.06640625
SN,sd064,51,0.091796875,-3.407424043067153,-1.044928008106257,0.06640625
SN,sd064,52,0.08203125,-4.840251014529289,-0.9741360326544216,0.07421875
SN,sd064,53,0.048828125,-5.011570471671126,-1.645011509333233,0.041015625
SN,sd064,54,0.099609375,-4.804325607765687,-0.6508449181112665,0.0859375
SN,sd064,55,0.0859375,-5.674412463010954,-1.5656520380208196,0.0625
SN,sd064,56,0.08984375,-2.6288025581353383,-0.06573398789931215,0.091796875
SN,sd064,57,0.095703125,-3.8547804549283766,-1.1847612112781758,0.06640625
SN,sd064,58,0.09765625,-4.774039594530565,-1.6103925372432175,0.052734375
SN,sd064,59,0.0703125,-4.077311927189041,-1.2571327399255332,0.05859375
SN,sd064,60,0.087890625,-4.23674293137285,-1.0490739404264389,0.072265625
SN,sd064,61,0.099609375,-4.394822915019105,-0.1384122654859759,0.107421875
SN,sd064,62,0.0859375,-4.0640225087326325,-1.7861727825066434,0.060546875
SN,sd064,63,0.091796875,-3.9410457451146264,-1.3772730329524892,0.0546875
SN,sd064,64,0.08984375,-5.072705769415726,-1.5492590234788308,0.07421875
SN,sd064,65,0.080078125,-3.8140933508482466,-1.371784098128241,0.06640625
SN,sd064,66,0.080078125,-4.438768994000506,-1.4278817278302625,0.06640625
SN,sd064,67,0.091796875,-3.1736305762158756,-0.7470851438118896,0.08984375
SN,sd064,68,0.08984375,-5.290315579872988,-1.0178180153094474,0.06640625
SN,sd064,69,0.078125,-6.101576631657384,-0.6862031856558782,0.080078125
SN,sd064,70,0.060546875,-6.140194978105314,-1.0811469391761415,0.064453125
SN,sd064,71,0.095703125,-5.518506328533009,-1.7929079759815865,0.05859375
SN,sd064,72,0.09375,-3.289694984082358,-1.4191315013645371,0.0546875
SN,sd064,73,0.091796875,-5.514276183710607,-1.4312479918932988,0.05859375
SN,sd064,74,0.09765625,-5.8015860265026795,-1.1323678178037508,0.07421875
SN,sd064,75,0.087890625,-4.987888941544107,-1.1097170564977232,0.072265625
SN,sd064,76,0.0859375,-4.425818645857408,-1.7186600289425225,0.0625
SN,sd064,77,0.087890625,-3.2728685597885123,-0.6906012464242036,0.087890625
SN,sd064,78,0.08984375,-5.243582214228571,-0.9929384712168962,0.080078125
SN,sd064,79,0.091796875,-4.247735676823697,-0.4223228250992325,0.08984375
SN,sd064,80,0.0859375,-4.493966636396297,-1.1585820374310098,0.056640625
SN,sd064,81,0.095703125,-5.391419644637862,-1.5207839246889248,0.05859375
SN,sd064,82,0.08984375,-5.272032504727787,-0.8626993948728682,0.0859375
SN,sd064,83,0.056640625,-4.045649569156267,-0.8741866917629831,0.0625
SN,sd064,84,0.1015625,-4.521327883761895,-1.647389587465638,0.048828125
SN,sd064,85,0.080078125,-4.299156901792642,-1.4493126393989366,0.0703125
SN,sd064,86,0.09375,-3.5406129478596,-1.162471805621777,0.05859375
SN,sd064,87,0.0703125,-4.694175335495078,-0.9936227895234592,0.072265625
SN,sd064,88,0.0859375,-3.3648528309847996,-1.792980710303322,0.0625
SN,sd064,89,0.072265625,-3.289801346771797,-0.9556005118455759,0.0546875
SN,sd064,90,0.064453125,-5.176604823863382,-1.9154752623345241,0.05859375
SN,sd064,91,0.09375,-4.751621144019864,-1.358446181626695,0.046875
SN,sd064,92,0.08984375,-3.6166522858672363,-1.2866834129364786,0.0625
SN,sd064,93,0.1015625,-4.998383838548575,-1.311660371027213,0.0625
SN,sd064,94,0.048828125,-4.484824362087332,-1.0121433883276452,0.068359375
SN,sd064,95,0.08984375,-3.5964447163618605,-0.7163872818257765,0.072265625
SN,sd064,96,0.091796875,-2.4152556200525925,-0.8425262866016325,0.0703125
SN,sd064,97,0.08984375,-3.0590125717430716,-1.277419638413111,0.060546875
SN,sd064,98,0.091796875,-2.2361891948626766,-1.0547227842364217,0.06640625
SN,sd064,99,0.087890625,-4.7553405790780845,-1.8104727896563024,0.05859375
BN,sd011,0,0.11328125,-4.145380892606333,-0.9374772155871947,0.083984375
BN,sd011,1,0.060546875,-4.746068671042449,-0.8750402757093386,0.0859375
BN,sd011,2,0.0546875,-4.261968490849402,-1.6430104166841277,0.046875
BN,sd011,3,0.05859375,-4.063893544425718,-0.8209661752849229,0.068359375
BN,sd011,4,0.10546875,-4.068233886251576,-1.4203713476450683,0.078125
BN,sd011,5,0.076171875,-4.04250649001947,-0.9150667039352264,0.072265625
BN,sd011,6,0.107421875,-5.646025679846149,-1.528327284260494,0.048828125
BN,sd011,7,0.091796875,-4.99316829318127,-1.5671477208825293,0.064453125
BN,sd011,8,0.068359375,-4.28895162179853,-1.4074477130626357,0.064453125
BN,sd011,9,0.05859375,-3.8849657281201293,-0.6748958951571752,0.072265625
BN,sd011,10,0.046875,-3.903484568086167,-1.1983109291651648,0.041015625
BN,sd011,11,0.091796875,-4.743531626194158,-1.515154744279018,0.05078125
BN,sd011,12,0.068359375,-2.92938636083497,-0.41826164640006686,0.068359375
BN,sd011,13,0.0546875,-3.8543770102978065,-1.1799627584800843,0.048828125
BN,sd011,14,0.044921875,-4.132439248103114,-0.39209061465743933,0.048828125
BN,sd011,15,0.044921875,-2.904800824916509,-0.8939099009480466,0.009765625
BN,sd011,16,0.05859375,-4.654707709275352,-0.9130068672390499,0.046875
BN,sd011,17,0.048828125,-4.261028301873571,-0.5788583233715521,0.064453125
BN,sd011,18,0.041015625,-3.922262440920369,-0.777939476112583,0.052734375
BN,sd011,19,0.08984375,-2.801380323855502,-1.0187674415584298,0.060546875
BN,sd011,20,0.068359375,-4.670553819690657,-0.8561174376818482,0.05859375
BN,sd011,21,0.107421875,-5.1631243262421815,-0.99876781460187,0.064453125
BN,sd011,22,0.048828125,-4.290264632047671,-0.6301331440105032,0.0625
BN,sd011,23,0.0546875,-4.2917561092044,-1.337702890917716,0.05859375
BN,sd011,24,0.09375,-4.10588900358321,-0.7711537584663867,0.060546875
BN,sd011,25,0.005859375,-2.855935863021917,-0.7399980623968555,0.033203125
BN,sd011,26,0.09765625,-4.557676551907477,-0.3301180205546302,0.087890625
BN,sd011,27,0.0546875,-3.652418825138529,-1.1140975510765259,0.05078125
BN,sd011,28,0.056640625,-4.315699671422763,-0.5192609896684067,0.064453125
BN,sd011,29,0.060546875,-5.150933487978136,-1.9928182242905,0.05859375
BN,sd011,30,0.08203125,-4.981956871977704,-1.507725626167605,0.0546875
BN,sd011,31,0.07421875,-4.8655698209485765,-1.4892194189049397,0.064453125
BN,sd011,32,0.046875,-5.119327795988987,-1.0346845542950354,0.05078125
BN,sd011,33,0.0625,-4.86424697923008,-1.5688770049541685,0.0625
BN,sd011,34,0.09765625,-4.317648776700137,-1.2375917158105068,0.0546875
BN,sd011,35,0.064453125,-4.398398179234181,-0.8837979363452452,0.044921875
BN,sd011,36,0.0546875,-3.6924057715126666,-0.9962397399944918,0.048828125
BN,sd011,37,0.052734375,-5.672573789367274,-1.5012526979990035,0.0546875
BN,sd011,38,0.06640625,-5.626216302259926,-1.0269669723032955,0.068359375
BN,sd011,39,0.09765625,-3.148067049487606,-0.8107833450223862,0.0625
BN,sd011,40,0.1015625,-3.9677598357611434,-1.2261593916139657,0.037109375
BN,sd011,41,0.041015625,-3.5512046398320365,-1.4811897158630003,0.0390625
BN,sd011,42,0.052734375,-5.306969084722244,-1.1375024338322877,0.060546875
BN,sd011,43,0.064453125,-4.673806522361838,-1.1474685781196012,0.05859375
BN,sd011,44,0.056640625,-2.7297592556135526,-0.7957201002326695,0.041015625
BN,sd011,45,0.05859375,-4.01018164180171,-1.4036257930476796,0.068359375
BN,sd011,46,0.05078125,-4.891029265652676,-1.921995102455608,0.044921875
BN,sd011,47,0.044921875,-4.313966816633094,-0.26568293768650747,0.08203125
BN,sd011,48,0.06640625,-3.87101326872914,-1.4024279473876284,0.0546875
BN,sd011,49,0.11328125,-3.8774106761082336,-0.700989088159245,0.06640625
BN,sd011,50,0.060546875,-5.1042404459791095,-1.4549197568619026,0.052734375
BN,sd011,51,0.0703125,-4.616089976619429,-0.6890446176138657,0.037109375
BN,sd011,52,0.05078125,-5.187442127115385,-1.7044546784468306,0.052734375
BN,sd011,53,0.111328125,-2.844157445264707,-0.5906469144727892,0.08203125
BN,sd011,54,0.0859375,-4.255511815531278,-0.7569879641997385,0.08203125
BN,sd011,55,0.05859375,-4.8750476447579585,-1.4419772490994478,0.048828125
BN,sd011,56,0.09765625,-2.681899569643545,-1.3576509405174753,0.044921875
BN,sd011,57,0.107421875,-4.736980749503289,-1.0049076167135924,0.056640625
BN,sd011,58,0.046875,-4.828602250867082,-1.452803403433517,0.03515625
BN,sd011,59,0.107421875,-3.918595727854698,-0.668014821226242,0.06640625
BN,sd011,60,0.060546875,-4.178506769916185,-1.4553460784275285,0.0625
BN,sd011,61,0.046875,-5.258822053713926,-0.49178027001172075,0.060546875
BN,sd011,62,0.099609375,-4.8459890160257535,-0.7080065101859885,0.052734375
BN,sd011,63,0.103515625,-4.116649248932111,-1.1638862373825523,0.046875
BN,sd011,64,0.052734375,-3.774337720609293,-1.1255250362340539,0.060546875
BN,sd011,65,0.0625,-4.7804600666404395,-0.8865973372823582,0.0625
BN,sd011,66,0.103515625,-4.065926598572636,-0.9462527969590576,0.068359375
BN,sd011,67,0.0625,-3.7814392392926313,-0.8003892802736027,0.052734375
BN,sd011,68,0.04296875,-3.173227492532949,-0.7077494029924087,0.03515625
BN,sd011,69,0.0625,-4.024630417920528,-0.8376095599039365,0.048828125
BN,sd011,70,0.12109375,-3.2855464328782418,-0.7214398204860301,0.078125
BN,sd011,71,0.052734375,-4.507149937046522,-1.747870802171709,0.04296875
BN,sd011,72,0.064453125,-5.312474048898099,-1.6351653415429084,0.0625
BN,sd011,73,0.095703125,-3.868106992196689,-0.9187553008524902,0.068359375
BN,sd011,74,0.107421875,-3.9685903614896834,-0.7887794538951496,0.0625
BN,sd011,75,0.0390625,-4.656434164160981,-0.6093932481228135,0.0625
BN,sd011,76,0.09375,-2.426375328933777,-1.3652338393097188,0.0625
BN,sd011,77,0.056640625,-3.3561238813784935,-1.5917006311725186,0.048828125
BN,sd011,78,0.068359375,-5.324896120649902,-1.190303209263242,0.068359375
BN,sd011,79,0.060546875,-5.342493933884358,-0.9659750578783471,0.0546875
BN,sd011,80,0.0859375,-3.270849973058284,-1.4383933592389195,0.0546875
BN,sd011,81,0.046875,-3.7839405562701036,-0.7659077080978763,0.044921875
BN,sd011,82,0.103515625,-2.9562965423473564,-1.3103105328762268,0.056640625
BN,sd011,83,0.052734375,-2.7706466600603035,-0.9585292516815016,0.046875
BN,sd011,84,0.111328125,-4.432366670170832,-1.0228652122261603,0.078125
BN,sd011,85,0.048828125,-4.919312055972491,-1.2166684139764699,0.07421875
BN,sd011,86,0.0703125,-4.84859765538138,-0.9959002506494471,0.05859375
BN,sd011,87,0.103515625,-3.953481969420814,-1.3083857997707276,0.052734375
BN,sd011,88,0.09765625,-3.6680731279680927,-0.7396551414216096,0.0625
BN,sd011,89,0.056640625,-3.720925864211798,-1.5800779079363356,0.04296875
BN,sd011,90,0.056640625,-3.160650751965978,-0.6966131621701378,0.0546875
BN,sd011,91,0.091796875,-5.0000125484096145,-1.106672882854318,0.056640625
BN,sd011,92,0.046875,-2.815910069270074,-1.3279769462604367,0.05078125
BN,sd011,93,0.041015625,-4.697198703465703,-1.0328870097550369,0.068359375
BN,sd011,94,0.0390625,-3.55938422318704,-0.978179449314642,0.0390625
BN,sd011,95,0.09375,-3.378927340024365,-1.5005728069554405,0.068359375
BN,sd011,96,0.111328125,-4.447094239005483,-1.3186859698364333,0.052734375
BN,sd011,97,0.060546875,-3.8853946316792456,-0.7728483283772656,0.048828125
BN,sd011,98,0.068359375,-4.551523538062826,-1.0871993928320671,0.068359375
BN,sd011,99,0.091796875,-4.2106639603925995,-1.248073700343043,0.0703125
BN,sd022,0,-0.0625,-2.65795816007992,-0.3318987715974236,0.083984375
BN,sd022,1,0.0703125,-2.6789855998107406,-0.33461172403077405,0.0703125
BN,sd022,2,0.068359375,-2.083942054949917,-0.1313083666424668,0.068359375
BN,sd022,3,0.076171875,-2.208521868448683,-0.38046830298246676,0.080078125
BN,sd022,4,-0.025390625,-1.8915302401789984,-0.2726441005521103,0.09765625
BN,sd022,5,,-0.97438010576206,-0.0477578357962901,0.1015625
BN,sd022,6,,-2.0148691741338625,-0.11337033997873583,0.107421875
BN,sd022,7,,-1.76974431227291,0.22002095039008185,0.138671875
BN,sd022,8,-0.072265625,-2.582603187367292,0.0664979504914772,0.138671875
BN,sd022,9,-0.015625,-0.666544953567362,-0.5983542286776321,0.05859375
BN,sd022,10,,-0.9395441359875788,0.24708471853788533,0.138671875
BN,sd022,11,-0.02734375,-2.3903783437952364,-0.4563405009501608,0.072265625
BN,sd022,12,0.06640625,-2.0970971750881535,-0.04848565009186829,0.119140625
BN,sd022,13,-0.060546875,-0.6030765014504348,-0.3324038161278425,0.06640625
BN,sd022,14,,-0.8607562406009758,0.11642174776298801,0.138671875
BN,sd022,15,-0.025390625,-1.253580882515202,-0.4390628213798878,0.072265625
BN,sd022,16,-0.0234375,-1.3431522047214726,-0.3765274685776762,0.08203125
BN,sd022,17,0.064453125,-0.44784923164953944,-0.7368724239221977,0.060546875
BN,sd022,18,0.064453125,-2.168213150202987,-0.49076614545634606,0.083984375
BN,sd022,19,0.06640625,-1.68105594375011,-0.07276133015257745,0.09375
BN,sd022,20,0.076171875,-1.5992348457018808,-0.031457365689979526,0.08984375
BN,sd022,21,0.068359375,-2.6414043878042164,-1.1770372607347477,0.037109375
BN,sd022,22,-0.01953125,-1.5796362013697562,-0.7112117838135844,0.048828125
BN,sd022,23,0.0703125,-1.785947555744844,0.494001175028877,0.138671875
BN,sd022,24,0.072265625,-2.4746724531565487,-1.0355273547435568,0.0625
BN,sd022,25,0.064453125,-2.0502393618837305,-0.9875330526159788,0.0625
BN,sd022,26,0.064453125,-2.2775244642899737,-0.7237711570141678,0.080078125
BN,sd022,27,-0.0234375,-0.5352051500113215,-0.29989846797147424,0.06640625
BN,sd022,28,0.068359375,-2.5799893415015824,-0.5183265815591082,0.076171875
BN,sd022,29,0.068359375,-1.5591476064486731,-0.21295434188547072,0.08203125
BN,sd022,30,0.076171875,-3.4715850316808887,-1.293962807077851,0.046875
BN,sd022,31,0.07421875,-3.4474721156270105,-0.679061208889169,0.06640625
BN,sd022,32,0.068359375,-2.332725354698353,-1.1054372564399875,0.056640625
BN,sd022,33,0.0703125,-3.017186968364703,-0.8901924763755191,0.06640625
BN,sd022,34,0.076171875,-1.8144403692753652,-0.18484415532368187,0.080078125
BN,sd022,35,0.068359375,-2.291455367259389,-0.382994279703373,0.08984375
BN,sd022,36,0.068359375,-2.468532463265017,-0.8021326442156885,0.060546875
BN,sd022,37,0.068359375,-1.0792474739747127,-1.1373077291767115,0.064453125
BN,sd022,38,-0.06640625,-0.6034703312549975,-0.24805010855763124,0.06640625
BN,sd022,39,-0.025390625,-3.0168823275310204,-0.35451979669325334,0.0703125
BN,sd022,40,0.068359375,-1.0548904434681687,-0.5138692598957784,0.06640625
BN,sd022,41,0.0703125,-1.6382180301157756,-0.33218254541684494,0.078125
BN,sd022,42,0.072265625,-2.5830633729354022,-0.19186735146752346,0.087890625
BN,sd022,43,0.0703125,-2.2497682224664124,-0.8498609955966316,0.068359375
BN,sd022,44,0.072265625,-2.6531749413956383,-0.6676247116768571,0.068359375
BN,sd022,45,0.0859375,-0.9163677580932443,-0.21157726138880426,0.09375
BN,sd022,46,-0.0234375,-2.1965390992744735,-0.36235662316235523,0.060546875
BN,sd022,47,-0.0234375,-1.6205926561430042,-0.3682683402014166,0.072265625
BN,sd022,48,-0.021484375,-2.3600525996066075,-1.139714200498352,0.05078125
BN,sd022,49,-0.025390625,-0.6865806871383513,0.21899294087278273,0.138671875
BN,sd022,50,0.06640625,-3.111597861522303,-0.18190424933628568,0.078125
BN,sd022,51,0.072265625,-1.5501133732371588,-0.2639387173990832,0.08984375
BN,sd022,52,-0.0234375,-2.6050024541597683,-0.17866375353761063,-0.01953125
BN,sd022,53,-0.0625,-1.9465625189465885,-0.026258357456879045,0.09765625
BN,sd022,54,0.068359375,-1.7460834204491151,-0.1672157878457178,0.0859375
BN,sd022,55,-0.0234375,-0.5508258696649898,-0.130463311600687,0.08203125
BN,sd022,56,0.06640625,-0.5416389188088688,-0.20661240362193092,0.0859375
BN,sd022,57,0.0703125,-1.2127096024123178,-0.4198159870535831,0.07421875
BN,sd022,58,-0.025390625,-2.4717655327372103,-0.5905548231931671,0.0625
BN,sd022,59,-0.017578125,-0.07054224400190395,-1.3046990016389162,0.05859375
BN,sd022,60,0.06640625,-1.919812461773558,-0.23279599172272805,0.083984375
BN,sd022,61,-0.0234375,-2.783861643842124,0.20677965665034376,0.138671875
BN,sd022,62,0.06640625,-1.833417113273786,0.5231965514116456,0.138671875
BN,sd022,63,0.064453125,-1.2768131913940026,-0.899880657183509,0.064453125
BN,sd022,64,-0.021484375,-1.127613723451596,-0.4087851614205073,0.0703125
BN,sd022,65,0.072265625,-1.2741729777113915,-0.08588575245491271,0.107421875
BN,sd022,66,-0.021484375,-1.3676151946447415,-1.2293947205978866,0.05078125
BN,sd022,67,0.068359375,-3.076241167131034,-0.1125191481162972,0.12109375
BN,sd022,68,0.068359375,-1.9038043570826257,-1.031189173236242,0.05859375
BN,sd022,69,0.064453125,-0.3677908930844249,0.115746323519046,0.138671875
BN,sd022,70,0.060546875,-2.0948841803374196,-0.021634316231827128,0.12890625
BN,sd022,71,-0.021484375,-2.777770968979531,0.038629984133470456,0.138671875
BN,sd022,72,0.06640625,-1.5415825021815919,-0.18198395172788828,0.068359375
BN,sd022,73,0.0703125,-1.0824585316491322,-0.08215468589078956,0.119140625
BN,sd022,74,0.078125,-1.522274887158476,-0.6965778083187261,0.06640625
BN,sd022,75,0.06640625,-2.888694801997641,-0.19992065834324077,0.087890625
BN,sd022,76,0.06640625,-0.9949958250275691,-0.31520904609426725,0.078125
BN,sd022,77,0.068359375,-1.3170630382946489,-0.4239895303959195,0.076171875
BN,sd022,78,0.068359375,-2.184554160427675,-0.08230150402077283,0.07421875
BN,sd022,79,-0.0234375,-0.7220602169643799,-0.7611138592548136,0.056640625
BN,sd022,80,-0.02734375,-1.2399398790736398,-0.9686163855739522,0.05859375
BN,sd022,81,0.0703125,-2.732367621105623,0.11589820192349233,0.138671875
BN,sd022,82,0.064453125,-2.7977104733625406,-0.6944605470560185,0.064453125
BN,sd022,83,0.068359375,-3.4591437057347685,-0.693024757446566,0.060546875
BN,sd022,84,0.068359375,-2.231508374941996,-1.2026450535015247,0.056640625
BN,sd022,85,0.0703125,-0.8349136992273347,-0.16577559281421905,0.08984375
BN,sd022,86,0.068359375,-1.4290358658540412,-0.4183962525657473,0.076171875
BN,sd022,87,0.083984375,-1.776402720064783,0.20738738639170137,0.138671875
BN,sd022,88,-0.0703125,-1.4212688136565808,-0.4135336965172057,0.068359375
BN,sd022,89,0.06640625,-2.1602029714927427,-0.40281293325476747,0.08203125
BN,sd022,90,-0.0234375,-0.5486826892551571,-0.05630241002238201,0.06640625
BN,sd022,91,0.080078125,-1.0853521045341914,-0.4732349873935301,0.078125
BN,sd022,92,-0.021484375,-2.363100354001985,-0.5574142484643663,0.068359375
BN,sd022,93,0.0703125,-3.039920932339506,-0.22868273961629804,0.08203125
BN,sd022,94,0.072265625,-2.086989073204226,-0.39469050869214034,0.08203125
BN,sd022,95,0.078125,-1.2496221799251983,-0.6776487528820174,0.07421875
BN,sd022,96,0.06640625,-1.8895377952094965,-0.8405948204850776,0.048828125
BN,sd022,97,0.06640625,-1.0135961038412615,-0.9120554382785917,0.072265625
BN,sd022,98,0.064453125,-1.5942694332918357,-0.662399324274807,0.068359375
BN,sd022,99,0.0703125,-1.8005930119344424,0.07706753766694072,0.138671875
BN,sd032,0,0.0625,-12.880945773266392,-7.690364120891313,0.05859375
BN,sd032,1,0.0625,-11.274499083295549,-7.85992134943386,0.0546875
BN,sd032,2,0.044921875,-11.074240885623318,-7.458768864826612,0.060546875
BN,sd032,3,0.083984375,-12.992029729197544,-8.867246816319211,0.0546875
BN,sd032,4,0.0625,-11.084761583093483,-7.5883850148385505,0.060546875
BN,sd032,5,0.068359375,-12.167837253807171,-7.243103191329254,0.056640625
BN,sd032,6,0.0625,-9.868793969722503,-6.765896805659289,0.05859375
BN,sd032,7,0.056640625,-10.371608599880435,-7.695854528392981,0.056640625
BN,sd032,8,0.05078125,-13.431238282939688,-6.902219847995801,0.056640625
BN,sd032,9,0.064453125,-12.27994046266716,-7.304682951219822,0.060546875
BN,sd032,10,0.064453125,-12.700616292817116,-7.902422359076124,0.0546875
BN,sd032,11,0.064453125,-13.345435726078172,-7.921179037167497,0.052734375
BN,sd032,12,0.064453125,-13.15347714954784,-8.117512785138048,0.056640625
BN,sd032,13,0.0625,-10.095045823414324,-7.351407078272979,0.056640625
BN,sd032,14,0.05078125,-12.51918161588016,-6.868264142126285,0.048828125
BN,sd032,15,0.056640625,-14.195610699311512,-6.899998395261507,0.056640625
BN,sd032,16,0.060546875,-10.702114950986118,-6.925231612767171,0.060546875
BN,sd032,17,0.064453125,-11.459448208834704,-7.253499397779042,0.0546875
BN,sd032,18,0.060546875,-12.508133048539236,-7.689131742765182,0.0546875
BN,sd032,19,0.052734375,-10.424808330138461,-7.25377748503257,0.056640625
BN,sd032,20,0.0625,-11.54548982985808,-7.461900575248729,0.0546875
BN,sd032,21,0.0625,-10.380214655637989,-8.25413360537222,0.0546875
BN,sd032,22,0.056640625,-13.410569061940137,-8.16196394261981,0.0546875
BN,sd032,23,0.064453125,-12.068852902659417,-7.687886986405765,0.0546875
BN,sd032,24,0.0703125,-12.56646294510315,-8.752752575079343,0.056640625
BN,sd032,25,0.060546875,-12.55783244217205,-7.382540839269973,0.056640625
BN,sd032,26,0.0546875,-13.190205027199536,-7.571255476564782,0.0546875
BN,sd032,27,0.0546875,-11.1985909782866,-7.583244463634196,0.056640625
BN,sd032,28,0.060546875,-10.42542710233502,-6.87305788813996,0.056640625
BN,sd032,29,0.0625,-12.93783991634034,-8.056204923247025,0.056640625
BN,sd032,30,0.05859375,-11.704328313496116,-8.431157300423495,0.056640625
BN,sd032,31,0.060546875,-13.602234159996874,-8.519299600610521,0.052734375
BN,sd032,32,0.060546875,-10.439595182905538,-6.3157447063326515,0.0625
BN,sd032,33,0.05078125,-10.626146853992742,-8.146200669743324,0.0546875
BN,sd032,34,0.056640625,-10.352766613933984,-7.627403658357264,0.0546875
BN,sd032,35,0.056640625,-10.827348118586352,-6.758180970637539,0.056640625
BN,sd032,36,0.060546875,-12.692482326999066,-8.614530113789518,0.0546875
BN,sd032,37,0.060546875,-10.053166657101686,-6.459824408836182,0.052734375
BN,sd032,38,0.064453125,-11.020127644651073,-7.166487671346237,0.056640625
BN,sd032,39,0.06640625,-12.290823944205183,-7.8465083748774225,0.05859375
BN,sd032,40,0.0859375,-11.474827402586433,-7.071981283922577,0.060546875
BN,sd032,41,0.0625,-10.12740719672777,-7.363780200765385,0.0546875
BN,sd032,42,0.064453125,-10.997617612280472,-8.077886829985351,0.052734375
BN,sd032,43,0.064453125,-10.918035465875692,-7.5223966976987455,0.060546875
BN,sd032,44,0.06640625,-10.740036452189502,-7.992274540279149,0.052734375
BN,sd032,45,0.0625,-9.69917196583532,-6.31201903474488,0.060546875
BN,sd032,46,0.064453125,-13.337420679564381,-7.967240148539829,0.056640625
BN,sd032,47,0.064453125,-11.352993516436786,-7.323784726257693,0.056640625
BN,sd032,48,0.060546875,-12.201795127489566,-7.958753041655598,0.05859375
BN,sd032,49,0.05859375,-11.36879175249351,-7.8487901784069605,0.056640625
BN,sd032,50,0.0625,-9.660028546412331,-6.803717363506702,0.05859375
BN,sd032,51,0.083984375,-9.734157612874878,-6.293628420076252,0.064453125
BN,sd032,52,0.056640625,-12.63439070210885,-7.771275908363888,0.0546875
BN,sd032,53,0.05859375,-10.64225706041348,-7.5585526054318946,0.0546875
BN,sd032,54,0.0625,-11.87223219614112,-7.551891723985691,0.05859375
BN,sd032,55,0.0625,-12.61637407612883,-7.0190355475229795,0.056640625
BN,sd032,56,0.064453125,-10.42336367759447,-7.565236469083151,0.05859375
BN,sd032,57,0.06640625,-11.953131643194826,-6.709013617071574,0.05859375
BN,sd032,58,0.060546875,-12.374605018011703,-8.115152804108105,0.056640625
BN,sd032,59,0.0703125,-12.452846980129555,-6.983947558727257,0.056640625
BN,sd032,60,0.060546875,-14.132618710534224,-8.420802989109253,0.056640625
BN,sd032,61,0.06640625,-10.911215874279973,-7.193489284415575,0.056640625
BN,sd032,62,0.064453125,-13.2563817269262,-8.140234765588154,0.052734375
BN,sd032,63,0.056640625,-11.080819969573863,-6.875637964060259,0.05078125
BN,sd032,64,0.064453125,-11.640401266930887,-7.438196495354313,0.05859375
BN,sd032,65,0.0625,-9.881289269110557,-6.85162807257361,0.056640625
BN,sd032,66,0.064453125,-12.457811312238947,-7.132286426834511,0.056640625
BN,sd032,67,0.068359375,-12.573297800972233,-7.153725875819757,0.060546875
BN,sd032,68,0.068359375,-13.626595232775482,-7.993760076966985,0.056640625
BN,sd032,69,0.05859375,-12.197594562571984,-7.480871150252017,0.046875
BN,sd032,70,0.068359375,-11.419228626617487,-7.914154339106657,0.0546875
BN,sd032,71,0.05859375,-14.227190699865586,-7.9416589888946305,0.056640625
BN,sd032,72,0.06640625,-11.676704778644314,-6.952626025043111,0.05859375
BN,sd032,73,0.068359375,-12.783906260959757,-8.274119988810266,0.05859375
BN,sd032,74,0.0625,-11.586380954956198,-6.602842827611677,0.060546875
BN,sd032,75,0.0625,-11.885234109254473,-7.062339542807474,0.0546875
BN,sd032,76,0.0625,-13.435857401145539,-7.850347054314099,0.056640625
BN,sd032,77,0.060546875,-12.131989621505598,-7.4255626748909735,0.052734375
BN,sd032,78,0.0625,-10.17314443342088,-6.0621902155504825,0.0625
BN,sd032,79,0.048828125,-10.451115375246378,-7.276805426191158,0.0546875
BN,sd032,80,0.056640625,-11.1659000095119,-8.310969987969088,0.052734375
BN,sd032,81,0.060546875,-11.647534430542862,-6.7216274965973355,0.060546875
BN,sd032,82,0.0625,-10.408410470516568,-5.8617630244375345,0.05859375
BN,sd032,83,0.064453125,-12.804366513512607,-7.22628723663849,0.052734375
BN,sd032,84,0.05859375,-11.968577728278866,-7.793273138089069,0.056640625
BN,sd032,85,0.05859375,-10.209988572168808,-6.55856123810613,0.0546875
BN,sd032,86,0.064453125,-13.258865941636738,-7.755908694513048,0.0546875
BN,sd032,87,0.064453125,-13.898136101791469,-8.762191734691559,0.0546875
BN,sd032,88,0.064453125,-13.998891403282268,-7.182678942409079,0.0625
BN,sd032,89,0.060546875,-13.464789782173188,-8.0747431926528,0.056640625
BN,sd032,90,0.064453125,-9.80519042864123,-7.4644246389645215,0.060546875
BN,sd032,91,0.06640625,-9.521192177876449,-7.050508853289796,0.05859375
BN,sd032,92,0.06640625,-11.869821321057962,-6.625498223473725,0.060546875
BN,sd032,93,0.068359375,-14.215806485069415,-8.465784686606103,0.056640625
BN,sd032,94,0.060546875,-15.502862434359459,-7.44773794173585,0.0546875
BN,sd032,95,0.068359375,-10.700251246878132,-7.1746465075970836,0.0625
BN,sd032,96,0.064453125,-10.845963594700077,-7.635297261645467,0.05859375
BN,sd032,97,0.072265625,-12.866297189262635,-8.6336126675359,0.056640625
BN,sd032,98,0.072265625,-12.303672635480947,-6.6921591608144,0.0625
BN,sd032,99,0.064453125,-12.764968671581457,-7.312115588316523,0.0546875
BN,sd042,0,-0.056640625,-1.9180028693045734,0.06289538867679448,0.138671875
BN,sd042,1,0.119140625,-4.537293950451226,-0.17478248167258517,0.12109375
BN,sd042,2,0.1171875,-1.572632562713736,-0.5815916542481244,0.09375
BN,sd042,3,0.1171875,-3.4194542219050543,-0.4787458500823688,0.103515625
BN,sd042,4,0.087890625,-1.2152298865095328,-0.33719649695030324,0.08203125
BN,sd042,5,-0.056640625,-2.166026166496211,-0.5936196107768721,0.048828125
BN,sd042,6,0.03125,-4.37214240876612,-0.8028769407048986,0.076171875
BN,sd042,7,0.03515625,-2.6208719427628937,-0.36823973218839495,0.056640625
BN,sd042,8,0.033203125,-2.8856940087209537,-0.17426050261086048,0.052734375
BN,sd042,9,0.09765625,-3.177044836403457,-0.5247295371608676,0.091796875
BN,sd042,10,0.119140625,-4.348313899484589,-0.8978771196227185,0.0390625
BN,sd042,11,0.083984375,-1.5625844264483277,-0.6854580470237815,0.076171875
BN,sd042,12,0.0390625,-2.351117332067606,-0.21228807447668258,0.091796875
BN,sd042,13,0.0390625,-1.9277445880287671,0.2330804639922866,0.138671875
BN,sd042,14,0.1171875,-2.2966585302225253,-0.2783352003060993,0.107421875
BN,sd042,15,0.119140625,-4.6476501920381335,-0.36307565371231115,0.10546875
BN,sd042,16,0.033203125,-3.4025148117878303,-0.43276199862671183,0.103515625
BN,sd042,17,0.029296875,-2.109451523572714,-0.6808897000859486,0.078125
BN,sd042,18,-0.072265625,-2.037549228618657,0.4306806535444441,0.138671875
BN,sd042,19,0.123046875,-3.5992084841064553,0.21248323707385838,0.138671875
BN,sd042,20,0.03515625,-1.4005055550530345,-0.20078748697211804,0.11328125
BN,sd042,21,0.0859375,-2.1208253645627906,-0.24602159482271616,0.107421875
BN,sd042,22,0.033203125,-1.6465173517663585,0.05487531820308243,0.138671875
BN,sd042,23,0.1171875,-2.5147717424034988,-0.7863428757787491,0.087890625
BN,sd042,24,0.033203125,-1.4287794311483681,-0.07977315771662893,0.123046875
BN,sd042,25,0.0234375,-1.520336128742196,-0.14533679361482246,0.12109375
BN,sd042,26,0.041015625,-1.569535416773736,-0.5727812709975189,0.044921875
BN,sd042,27,0.046875,-2.144617044060187,-0.28781990721776285,0.083984375
BN,sd042,28,0.10546875,-4.6113809932389636,-0.5475698095859605,0.091796875
BN,sd042,29,0.08984375,-2.6286933943214015,-0.5555594462003711,0.091796875
BN,sd042,30,0.03125,-2.06299836740793,-0.05223358599754495,0.126953125
BN,sd042,31,0.029296875,-2.089247256076055,-0.48376231174980944,0.08203125
BN,sd042,32,0.12109375,-3.672705220599433,-0.5388875282037997,0.083984375
BN,sd042,33,0.1171875,-2.7748335940775237,0.24966683105659124,0.138671875
BN,sd042,34,0.0546875,-1.0318450536943755,-0.45113994536862123,0.060546875
BN,sd042,35,0.1171875,-2.2325345545259307,0.0002105964140921459,0.138671875
BN,sd042,36,0.083984375,-2.7367984093995226,-0.8061532462142055,0.080078125
BN,sd042,37,0.0078125,-2.4971299942096135,-0.24636835853556452,0.09375
BN,sd042,38,0.03125,-1.5515516578660042,0.1659959415122809,0.138671875
BN,sd042,39,0.0390625,-2.2820030183493656,0.41868176970008164,0.138671875
BN,sd042,40,0.029296875,-3.8974252018633937,-0.5535244457917521,0.087890625
BN,sd042,41,0.037109375,-2.6625838247821196,0.018703604835991847,0.138671875
BN,sd042,42,0.033203125,-1.3577084881622081,-0.5737225490592923,0.083984375
BN,sd042,43,0.12109375,-2.3261308368697713,0.3864201320638894,0.138671875
BN,sd042,44,,-1.8871773151374864,0.5312677278638374,0.138671875
BN,sd042,45,0.037109375,-2.28873372076116,-0.44222959203630985,0.078125
BN,sd042,46,0.0390625,-1.6423365880806107,-0.9373665017675125,0.048828125
BN,sd042,47,0.03515625,-2.5447119112815844,-0.22436261103790298,0.107421875
BN,sd042,48,0.12109375,-2.0725179974123895,0.015626636004158218,0.138671875
BN,sd042,49,-0.0625,-2.182529618899319,-0.548449888859829,0.091796875
BN,sd042,50,,-1.229765524469219,0.3055453164379579,0.138671875
BN,sd042,51,0.0390625,-1.972931810023829,-0.005467865681779095,0.12890625
BN,sd042,52,0.033203125,-2.0912714592515105,-0.520937944607668,0.05078125
BN,sd042,53,0.04296875,-3.7605797052034324,-1.1442199642949125,0.060546875
BN,sd042,54,-0.064453125,-1.6373956987315184,0.5697384599280355,0.138671875
BN,sd042,55,-0.07421875,-2.5467954983721586,0.2042440129012175,0.138671875
BN,sd042,56,0.048828125,-2.2228444237299794,0.31105718460466286,0.138671875
BN,sd042,57,,-1.2018491357092356,0.22239763328346468,0.138671875
BN,sd042,58,0.048828125,-2.2495437680943464,-1.0902374470544673,0.056640625
BN,sd042,59,-0.06640625,-2.5834746512786326,0.28913350435890756,0.138671875
BN,sd042,60,0.0390625,-2.095194887043818,0.19223812375548707,0.138671875
BN,sd042,61,0.029296875,-1.9360006610816507,-0.005338528733256978,0.130859375
BN,sd042,62,0.033203125,-2.3327024899258855,-0.223868150076937,0.05078125
BN,sd042,63,0.119140625,-2.41617042791152,0.028668137395094433,0.138671875
BN,sd042,64,0.03515625,-3.736471819125071,-0.5929642005203483,0.060546875
BN,sd042,65,0.02734375,-2.4963726037740948,-0.5421445993442878,0.076171875
BN,sd042,66,0.041015625,-3.7974311171760435,-0.5198510369977578,0.06640625
BN,sd042,67,0.087890625,-2.1129277602305097,0.10451912475171661,0.138671875
BN,sd042,68,0.12109375,-2.1014714084014745,0.2226873012877004,0.138671875
BN,sd042,69,-0.064453125,-0.639895860492447,0.43583647688987065,0.138671875
BN,sd042,70,0.037109375,-1.7172292666153752,-0.610730046960469,0.056640625
BN,sd042,71,0.02734375,-1.8927051267108785,-0.10525189439249885,0.119140625
BN,sd042,72,0.03125,-3.2773830695787005,-0.007843321045813033,0.125
BN,sd042,73,0.119140625,-2.673866039185084,-0.378205315444141,0.095703125
BN,sd042,74,0.083984375,-3.7199508130874466,-0.9802061144268963,0.072265625
BN,sd042,75,0.033203125,-2.6321869376364515,-0.14978509471735935,0.115234375
BN,sd042,76,0.123046875,-3.0149362228989145,-0.43716765206520797,0.06640625
BN,sd042,77,0.021484375,-2.202120603905847,0.3383119576136802,0.138671875
BN,sd042,78,0.037109375,-1.5509129155227788,0.23936898871492335,0.138671875
BN,sd042,79,0.109375,-3.873154389079056,-0.6722228777159306,0.09375
BN,sd042,80,0.1171875,-2.550915386994207,-0.16071606087561102,0.1171875
BN,sd042,81,0.048828125,-1.4486156279272469,-0.14829423086956342,0.09765625
BN,sd042,82,0.029296875,-3.531665117251607,-0.35209416106290936,0.08984375
BN,sd042,83,0.001953125,-2.623368069223001,-0.4955281612323232,0.033203125
BN,sd042,84,0.119140625,-3.6677834612935993,-0.16766215255167202,0.119140625
BN,sd042,85,0.0859375,-2.721104791305603,-0.3659403118561742,0.0859375
BN,sd042,86,0.041015625,-1.336171055422529,0.10071339692977734,0.138671875
BN,sd042,87,0.119140625,-3.6950680429753806,0.23912241076328097,0.138671875
BN,sd042,88,0.03125,-2.6799100983671567,-0.6687680292659223,0.083984375
BN,sd042,89,0.03515625,-3.061789041401237,-0.4924147154005147,0.07421875
BN,sd042,90,0.125,-2.6568000459628167,0.07671858192950266,0.138671875
BN,sd042,91,0.033203125,-2.32487130981017,-0.7771758272253726,0.04296875
BN,sd042,92,0.0390625,-1.9069628066200663,0.03427812106240897,0.138671875
BN,sd042,93,0.111328125,-2.2985398677818036,0.029481656207205418,0.138671875
BN,sd042,94,0.12109375,-1.0851955414558951,-0.3050699171758513,0.087890625
BN,sd042,95,0.12109375,-0.6308748780646736,-0.786835194687222,0.078125
BN,sd042,96,0.048828125,-1.8107876986638851,-1.0483261513888287,0.072265625
BN,sd042,97,0.119140625,-2.190859415401843,-0.6700511445739312,0.03515625
BN,sd042,98,0.03515625,-0.9053197631314966,-0.2149455329301832,0.05859375
BN,sd042,99,0.03515625,-3.310485433490935,0.38091137267105524,0.138671875
BN,sd053,0,0.015625,-4.989800578809899,-0.2694965083276048,0.001953125
BN,sd053,1,0.0078125,-5.724690061975659,0.5275564776886503,0.138671875
BN,sd053,2,0.015625,-8.990805176719505,-1.179815582508855,0.015625
BN,sd053,3,0.005859375,-6.666478647552564,0.17549698085167842,0.138671875
BN,sd053,4,0.0078125,-8.015199011321299,-0.5453154999613433,-0.017578125
BN,sd053,5,0.009765625,-7.227721876434657,0.03841442626347711,0.138671875
BN,sd053,6,0.00390625,-6.165388599987141,-0.3265778360389594,-0.01171875
BN,sd053,7,0.009765625,-6.606594556152513,-0.4749433957335945,-0.021484375
BN,sd053,8,0.013671875,-5.413588043219648,-1.045250999809393,0.01171875
BN,sd053,9,0.009765625,-6.198279509158606,-0.4342107973076526,0.00390625
BN,sd053,10,0.015625,-6.928655305414509,-0.9417271240984408,0.009765625
BN,sd053,11,0.01953125,-6.897039714233047,-0.5580178918821799,0.0078125
BN,sd053,12,0.013671875,-6.397384755110363,-0.324231296426828,-0.001953125
BN,sd053,13,0.009765625,-6.4172872266006875,0.1406676787218693,0.138671875
BN,sd053,14,0.01171875,-4.264014766554217,0.11320436198289519,0.138671875
BN,sd053,15,0.005859375,-8.102731160083911,0.26364242586281506,0.138671875
BN,sd053,16,0.01171875,-6.088634756276926,-0.33106993518645167,0.013671875
BN,sd053,17,0.01171875,-6.197990387742065,-0.4693799573084717,0.0
BN,sd053,18,0.01171875,-7.276919004561719,-0.0766225284088048,-0.0078125
BN,sd053,19,0.01171875,-7.006024047389889,-1.1638397637635478,0.00390625
BN,sd053,20,0.01171875,-5.285393288483035,0.22764092680878692,0.138671875
BN,sd053,21,0.01171875,-7.427424722635139,-0.4693532026803468,-0.009765625
BN,sd053,22,0.009765625,-8.143992486339982,-0.9328817475256608,0.0
BN,sd053,23,0.0078125,-6.234931894784532,-0.2412742132336246,-0.01953125
BN,sd053,24,0.013671875,-5.464311296457343,-0.8621251187683907,0.001953125
BN,sd053,25,0.009765625,-6.045495624570856,-0.324027739754186,-0.00390625
BN,sd053,26,0.0078125,-9.124177770544836,-0.20891756072655282,-0.005859375
BN,sd053,27,0.013671875,-7.8026363874170634,-1.3215264564864229,0.0078125
BN,sd053,28,0.0078125,-5.784865603412056,-0.9795043137038447,0.0
BN,sd053,29,0.0,-5.587772866910215,0.5934383463303694,0.138671875
BN,sd053,30,0.01953125,-6.156184408786708,-0.562887157717518,0.00390625
BN,sd053,31,0.00390625,-5.879764710375278,-0.4796774764263692,-0.009765625
BN,sd053,32,0.01171875,-10.479060285501099,-1.5433760403353474,0.009765625
BN,sd053,33,-0.00390625,-5.980733110707194,-1.91439435838578,0.0
BN,sd053,34,0.009765625,-7.876098462393703,-0.35737674802429636,0.0
BN,sd053,35,-0.001953125,-5.681906321043608,-0.30457233962416475,-0.01171875
BN,sd053,36,0.00390625,-6.371752749426782,0.5133670782188857,0.138671875
BN,sd053,37,0.013671875,-5.8261636742128395,-1.3807932841565287,0.009765625
BN,sd053,38,0.013671875,-8.739302574616215,-1.159154576607696,0.001953125
BN,sd053,39,0.001953125,-6.156560007087205,-0.16873875198144844,-0.013671875
BN,sd053,40,0.0078125,-5.287139326953791,0.23492494035354297,0.138671875
BN,sd053,41,0.0078125,-7.895998368494896,-0.5118927033254882,-0.001953125
BN,sd053,42,0.009765625,-7.884829844019254,-0.7253253225492466,0.001953125
BN,sd053,43,0.0,-5.144605966533156,0.5245985912191461,0.138671875
BN,sd053,44,0.001953125,-5.567876836578354,-0.7637863493552807,0.001953125
BN,sd053,45,0.0,-7.262724973829912,-0.847053950388245,-0.001953125
BN,sd053,46,0.005859375,-7.426961094705072,-0.23909925678175245,0.0
BN,sd053,47,0.01171875,-5.447125396921819,-1.167177274402484,0.00390625
BN,sd053,48,0.013671875,-9.272643348102454,-1.0032037891684762,0.00390625
BN,sd053,49,0.009765625,-7.512309300075906,-1.2053013691339365,0.0078125
BN,sd053,50,0.009765625,-5.842244526812401,-0.609702293455106,0.001953125
BN,sd053,51,0.009765625,-6.230907948306642,0.5013942143455238,0.138671875
BN,sd053,52,0.017578125,-5.542067806287011,0.04994175971531075,0.138671875
BN,sd053,53,0.00390625,-6.44284432549191,-0.05260420567002727,-0.021484375
BN,sd053,54,0.00390625,-6.1654848708516425,0.0598112126197549,0.138671875
BN,sd053,55,0.015625,-9.143610891947791,-0.6554819396119322,0.001953125
BN,sd053,56,0.00390625,-6.125243681539334,-0.5493898368275032,0.013671875
BN,sd053,57,0.013671875,-5.104819375041337,0.38691396836491354,0.138671875
BN,sd053,58,0.017578125,-6.141948107557893,-1.5227252375773581,0.009765625
BN,sd053,59,0.009765625,-7.840114444657399,-1.5349987452064116,0.0078125
BN,sd053,60,0.01171875,-6.01892054243239,-0.3702191995586156,0.001953125
BN,sd053,61,0.00390625,-8.151556840033773,-0.4807043973965843,-0.00390625
BN,sd053,62,0.017578125,-8.31746948818859,-0.2187453451738472,-0.001953125
BN,sd053,63,0.0078125,-7.31180255985229,-0.2695163799851787,-0.005859375
BN,sd053,64,0.005859375,-7.713070869478386,-1.225863602065066,0.001953125
BN,sd053,65,0.00390625,-6.289243120790253,-0.3662726895294314,-0.017578125
BN,sd053,66,0.01953125,-6.38113182941659,0.29085966838267735,0.138671875
BN,sd053,67,0.005859375,-6.946206622758093,0.2834270385540206,0.138671875
BN,sd053,68,0.013671875,-6.698635902127007,-1.4599143371702208,0.0078125
BN,sd053,69,0.01171875,-5.717727904769455,-1.20516568582537,0.005859375
BN,sd053,70,0.01171875,-6.078386055420423,-0.5409951232901797,-0.01171875
BN,sd053,71,0.0078125,-6.6948812369388575,0.3134227164743103,0.138671875
BN,sd053,72,0.00390625,-7.957388000144025,-1.2848633243705725,0.0078125
BN,sd053,73,0.0,-4.634672302325421,-0.18073207869934635,-0.013671875
BN,sd053,74,0.001953125,-7.194522210913231,0.2830109155917218,0.138671875
BN,sd053,75,0.0078125,-5.725333038331781,0.18770327305245665,0.138671875
BN,sd053,76,0.005859375,-5.584734990814198,0.20500379670276606,0.138671875
BN,sd053,77,0.017578125,-5.424189250732231,-1.280161808769609,0.01953125
BN,sd053,78,0.0,-7.091180003763311,-1.1083961735145518,0.005859375
BN,sd053,79,0.009765625,-6.628696418756746,-0.8523522512245284,-0.009765625
BN,sd053,80,0.005859375,-7.716869449769914,-0.7767461561204492,0.009765625
BN,sd053,81,0.005859375,-7.115417909526785,-0.6483561446771265,0.0078125
BN,sd053,82,0.01171875,-6.626855310048725,-0.6338463845094794,0.005859375
BN,sd053,83,0.00390625,-5.719759551971574,-0.3352478163878817,-0.009765625
BN,sd053,84,0.01171875,-5.006164644284224,-0.5105329603483734,0.001953125
BN,sd053,85,0.01171875,-6.381183408060797,0.11674568212177494,0.138671875
BN,sd053,86,0.0078125,-7.537975802379198,-0.44520276961785576,0.001953125
BN,sd053,87,0.01171875,-6.19089583428232,-1.1182403367149079,-0.001953125
BN,sd053,88,0.001953125,-6.761784765799919,0.11568196121643955,0.138671875
BN,sd053,89,0.013671875,-9.809128788349756,-1.9095627059329747,0.005859375
BN,sd053,90,0.0078125,-7.971618858428574,-1.0913349543753996,-0.001953125
BN,sd053,91,-0.001953125,-5.786697217426321,-0.6469918585774618,0.0
BN,sd053,92,0.0078125,-7.536173920225123,-1.2994189346380913,-0.009765625
BN,sd053,93,0.005859375,-7.111190199618757,-0.2279237761016428,-0.009765625
BN,sd053,94,0.009765625,-6.80977761940474,-0.7212323050718817,0.00390625
BN,sd053,95,0.013671875,-8.477804485712046,-1.1476388744747297,0.015625
BN,sd053,96,0.005859375,-7.164457187835383,0.12617996193766834,0.138671875
BN,sd053,97,0.005859375,-6.344825793324043,-0.12115745038931626,-0.001953125
BN,sd053,98,0.009765625,-7.261473597358107,-0.6061890345697515,0.0
BN,sd053,99,0.005859375,-5.889487157482075,-0.6256581974410785,0.0
BN,sd064,0,0.03125,-0.5806142010971249,0.18330536649902143,0.138671875
BN,sd064,1,0.037109375,-0.5977513055987476,0.35587374133979427,0.138671875
BN,sd064,2,0.01953125,-1.9737876641023697,0.5799407353077679,0.138671875
BN,sd064,3,0.005859375,-3.7520104584995866,0.07860056141156045,0.138671875
BN,sd064,4,,-2.622777754349195,0.1827279011725562,0.138671875
BN,sd064,5,0.001953125,-0.6320687552288053,0.014364661611888698,0.138671875
BN,sd064,6,0.03125,-1.9374760156609057,-0.21893521033842292,0.10546875
BN,sd064,7,,-0.6492267958878278,0.14730350453876076,0.138671875
BN,sd064,8,-0.001953125,-2.2059325921598587,-0.14434393610537807,0.0234375
BN,sd064,9,-0.07421875,-0.31657743356062684,0.5119853186275767,0.138671875
BN,sd064,10,,-0.4377185092905998,0.20372419850904366,0.138671875
BN,sd064,11,-0.07421875,-0.832192382805648,0.13973164264897167,0.138671875
BN,sd064,12,0.001953125,-1.8161100416997735,-0.19041232170230976,0.1015625
BN,sd064,13,0.0234375,-1.8168134108920286,0.04952458536016826,0.138671875
BN,sd064,14,0.0234375,-1.673057524735397,-0.7079124643442027,0.0390625
BN,sd064,15,,-2.186934633593231,0.26499159296534847,0.138671875
BN,sd064,16,-0.072265625,1.1014439755174168,0.13040912885426761,0.138671875
BN,sd064,17,,-1.819186932600984,0.36870738945794873,0.138671875
BN,sd064,18,-0.07421875,-1.8325480805393684,-0.09293893264335615,0.111328125
BN,sd064,19,0.01953125,-1.733438313102448,0.23163652727690634,0.138671875
BN,sd064,20,-0.07421875,-0.6593739213491858,0.47143263168028443,0.138671875
BN,sd064,21,0.021484375,-1.7842705513035357,0.369377636661058,0.138671875
BN,sd064,22,,-0.68996699451574,0.35997715275943776,0.138671875
BN,sd064,23,-0.072265625,-1.410249490208915,0.21696770197174464,0.138671875
BN,sd064,24,0.013671875,-0.9319033097792643,-0.09088150767198828,0.103515625
BN,sd064,25,0.013671875,-0.20947897050753023,0.4761764308244292,0.138671875
BN,sd064,26,,-0.8453574376631756,-0.0256768026857554,0.111328125
BN,sd064,27,0.005859375,-0.09073715908472735,0.35101030397384175,0.138671875
BN,sd064,28,0.021484375,-0.5688922981802762,0.1099233041791395,0.138671875
BN,sd064,29,-0.001953125,-1.9223976344222375,-0.80872636373081,0.01953125
BN,sd064,30,,-1.0282090496951517,0.5443628816954503,0.138671875
BN,sd064,31,0.01953125,-0.22709484219132725,-0.577876972717281,0.044921875
BN,sd064,32,-0.005859375,-2.9838224047507307,-0.4512382898509638,0.02734375
BN,sd064,33,0.029296875,-0.08567006786137371,-0.21777498451889069,0.03125
BN,sd064,34,0.025390625,-2.70864816336226,-0.45613706492502903,0.03125
BN,sd064,35,0.0234375,-1.3866015723358138,-0.18666933963703375,0.03515625
BN,sd064,36,0.01953125,-0.22350249556557367,-0.1601839616204789,0.1171875
BN,sd064,37,0.029296875,-0.8218655879321559,-0.15311541410554316,0.095703125
BN,sd064,38,,-0.9771066711405131,0.8064105182963628,0.138671875
BN,sd064,39,,-0.019972871754210475,0.9285662345224167,0.138671875
BN,sd064,40,0.0234375,-1.7316193303728828,-0.15826028088338237,0.02734375
BN,sd064,41,0.015625,-0.9960977845014575,0.0733726025488682,0.138671875
BN,sd064,42,-0.07421875,-0.5510060431097654,0.5698645190734561,0.138671875
BN,sd064,43,0.0078125,-2.254197655821429,0.20977892925209085,0.138671875
BN,sd064,44,,-0.535616131531417,0.7214494225370112,0.138671875
BN,sd064,45,-0.00390625,-1.9999389980909812,-0.04086500887665016,0.02734375
BN,sd064,46,,-0.11394134544214995,0.31286503189834874,0.138671875
BN,sd064,47,0.0234375,-1.8423627972548353,-0.5475567054440276,0.0625
BN,sd064,48,0.01953125,-2.4718541535936818,0.17915214627723203,0.138671875
BN,sd064,49,0.03125,-2.445907347736294,0.08553297500486078,0.138671875
BN,sd064,50,0.01953125,-2.9750620932351293,-0.27091401580657115,0.033203125
BN,sd064,51,0.025390625,-1.6213420957841218,-0.39476022648660525,0.03125
BN,sd064,52,0.033203125,-1.1295055774697236,-0.7144788595417982,0.064453125
BN,sd064,53,0.03515625,-0.703439311834747,-0.7246094073337874,0.033203125
BN,sd064,54,0.015625,-1.258162300041276,0.32660601676138956,0.138671875
BN,sd064,55,,-1.9667545850101495,0.12799580552298515,0.138671875
BN,sd064,56,,-0.7750232732895872,0.9506474969882746,0.138671875
BN,sd064,57,-0.00390625,-1.4426125034240174,-0.0013470890400494198,0.123046875
BN,sd064,58,,-0.8238558452026062,0.08415881605949589,0.138671875
BN,sd064,59,-0.07421875,-0.9380441042279719,0.42844698858486124,0.138671875
BN,sd064,60,0.03515625,-0.20787104267085343,0.19349081291945028,0.138671875
BN,sd064,61,-0.0078125,-1.1924588535519856,0.023399224935775138,0.138671875
BN,sd064,62,-0.072265625,-0.30603477323216544,-0.0659994054647002,0.05859375
BN,sd064,63,0.0234375,-0.9464675549528503,-0.10930609233911517,0.04296875
BN,sd064,64,,-1.0424457028839316,0.18950603444996134,0.138671875
BN,sd064,65,-0.001953125,-1.1376805791769913,-0.010494456976397058,0.1015625
BN,sd064,66,-0.07421875,-0.858724506616325,0.21913884356160113,0.138671875
BN,sd064,67,0.0390625,-1.5654788923613774,-0.20543213345088668,0.041015625
BN,sd064,68,0.00390625,-0.6265075202192194,-0.6807053401707017,0.029296875
BN,sd064,69,0.02734375,-1.7459314212265609,-0.6799132901389205,0.0234375
BN,sd064,70,-0.0078125,-1.667831515271094,0.09176476821803856,0.138671875
BN,sd064,71,-0.0703125,-2.2512159508337515,0.0802402415301081,0.138671875
BN,sd064,72,0.025390625,-2.306742106866337,0.1830688262669171,0.138671875
BN,sd064,73,0.00390625,-0.06534077548341424,0.05260984468830298,0.138671875
BN,sd064,74,0.0234375,-0.3901587228596219,0.07582335744767424,0.138671875
BN,sd064,75,-0.068359375,-0.4230597329388709,-0.27973662522833637,0.01953125
BN,sd064,76,-0.07421875,-1.1114845029960292,-0.20736486603344848,0.103515625
BN,sd064,77,0.01953125,-1.5712486482086607,0.5898856833044104,0.138671875
BN,sd064,78,0.025390625,-2.181261245058791,0.5693310631717167,0.138671875
BN,sd064,79,,-1.299779836001345,0.9593535818546611,0.138671875
BN,sd064,80,,-1.2891803169497134,0.05331641714152805,0.138671875
BN,sd064,81,-0.0703125,-0.8737291546705478,0.12618267889133353,0.138671875
BN,sd064,82,-0.072265625,0.27173306426201,0.1650787262815855,0.138671875
BN,sd064,83,0.025390625,-1.2368806272815929,-0.46934326334352644,0.04296875
BN,sd064,84,0.017578125,-2.149829222726142,-0.3168429519942851,0.02734375
BN,sd064,85,-0.015625,0.4689958788325055,0.28296696221495576,0.138671875
BN,sd064,86,-0.072265625,-1.6080857663012786,0.26837015379358037,0.138671875
BN,sd064,87,,0.13174568614970752,0.3067234584421094,0.138671875
BN,sd064,88,,-0.8760203557072178,0.3785295052000186,0.138671875
BN,sd064,89,0.025390625,-2.6260360181198976,0.4374720086237783,0.138671875
BN,sd064,90,-0.072265625,-0.4273646857756629,0.18965465730285716,0.138671875
BN,sd064,91,0.025390625,-0.3959200519145675,0.001610907452703104,0.138671875
BN,sd064,92,0.025390625,-1.9284791201527192,-0.5787007270092419,0.03515625
BN,sd064,93,-0.00390625,-3.0573174751354175,-0.7409731996278267,0.01171875
BN,sd064,94,0.03125,0.22824978513515115,0.4034876949732475,0.138671875
BN,sd064,95,0.001953125,-0.03856929133286163,-0.34370151423504824,0.021484375
BN,sd064,96,-0.0703125,-0.9402801453262885,0.04257675626479048,0.138671875
BN,sd064,97,-0.07421875,-1.1933833147055086,0.2543403703059014,0.138671875
BN,sd064,98,-0.001953125,-3.204686966765224,-0.415373683317619,0.03515625
BN,sd064,99,0.0234375,0.06556453682670063,-0.016845372262445518,0.115234375
CN,sd042,0,,-2.596836261339737,1.2196920080091027,0.138671875
CN,sd042,1,,-1.222837261099297,0.6474161760246929,0.138671875
CN,sd042,2,,-2.14752134977857,0.64452776335966,0.138671875
CN,sd042,3,0.091796875,-2.3113387956342124,0.03224904876357365,0.138671875
CN,sd042,4,,-0.8245684694968681,0.1947741361645643,0.138671875
CN,sd042,5,0.09375,-2.2098258590225486,0.3607516149615361,0.138671875
CN,sd042,6,,-2.3295623736669415,0.35278007815256196,0.138671875
CN,sd042,7,,-1.9840322664370447,0.7490770130174146,0.138671875
CN,sd042,8,,-1.7894902831224127,0.5000503180640312,0.138671875
CN,sd042,9,0.048828125,-0.9471253331297639,0.45907181724612656,0.138671875
CN,sd042,10,,-1.5438948688465688,0.4824454291541937,0.138671875
CN,sd042,11,0.130859375,-1.8781458508069218,-0.0021017119427942594,0.134765625
CN,sd042,12,0.09375,-2.3286389649797643,0.6961628352631687,0.138671875
CN,sd042,13,,-1.3530163070308856,0.895399682032321,0.138671875
CN,sd042,14,0.091796875,-2.582923687027944,-0.12202648744943115,0.080078125
CN,sd042,15,0.076171875,-1.3461768333416717,0.575516815098523,0.138671875
CN,sd042,16,0.029296875,-1.0421223414359377,0.02978318409694034,0.138671875
CN,sd042,17,,-1.943104539262998,0.9490755263178092,0.138671875
CN,sd042,18,0.103515625,-1.1325830381254287,0.3381997550855033,0.138671875
CN,sd042,19,,-1.9717235147334191,0.3307930655231421,0.138671875
CN,sd042,20,0.0625,-2.0099410516261074,0.10243961166330151,0.138671875
CN,sd042,21,,-1.5302523353476634,0.9866468442363386,0.138671875
CN,sd042,22,0.052734375,-1.696519480186176,0.541867451283119,0.138671875
CN,sd042,23,0.09375,-2.2582208186167776,0.8665583960455081,0.138671875
CN,sd042,24,0.08203125,-1.9667161967054412,-0.13407111106930325,0.076171875
CN,sd042,25,0.048828125,-1.9103456658023945,0.17954097866005772,0.138671875
CN,sd042,26,0.09765625,-1.209309422911915,-0.11592402747092044,0.09375
CN,sd042,27,-0.0078125,-1.8339154761487462,-0.14415084328186603,-0.052734375
CN,sd042,28,,-1.6023427390169793,0.4001114188778628,0.138671875
CN,sd042,29,,-1.9053902074831197,0.7295214379171784,0.138671875
CN,sd042,30,,-0.5861889823197435,1.0023454650772357,0.138671875
CN,sd042,31,,-1.7049096644068,0.5306926125580415,0.138671875
CN,sd042,32,,-1.980513674097604,0.7183582937376018,0.138671875
CN,sd042,33,0.08984375,-2.1973606895209405,0.2919592337527886,0.138671875
CN,sd042,34,,-2.046074171936789,0.7775576153524903,0.138671875
CN,sd042,35,,-1.2216501533306112,0.9356519589647606,0.138671875
CN,sd042,36,,-2.1275030703974958,0.4522206176941729,0.138671875
CN,sd042,37,0.134765625,-1.2611459288026459,0.3353673405851281,0.138671875
CN,sd042,38,0.087890625,-1.4072110408672676,0.5849466654061729,0.138671875
CN,sd042,39,,-1.529169704859294,0.6979121234197834,0.138671875
CN,sd042,40,0.048828125,-3.257840947204699,0.7008149550589989,0.138671875
CN,sd042,41,0.08984375,-3.3527799665570917,0.004450961912642486,0.138671875
CN,sd042,42,,-3.380761876917161,0.850629258555597,0.138671875
CN,sd042,43,0.060546875,-1.7606133780127484,0.512164923675717,0.138671875
CN,sd042,44,0.09375,-1.5762639613861549,0.013836980080804343,0.138671875
CN,sd042,45,0.09765625,-3.427453782857947,-0.6322117104821113,0.021484375
CN,sd042,46,0.09375,-1.7849134897412102,0.8690573894586372,0.138671875
CN,sd042,47,,-1.1721032296682612,0.7426277034847903,0.138671875
CN,sd042,48,,-2.019974901372383,0.7585370803610643,0.138671875
CN,sd042,49,0.08984375,-1.780954868779351,-0.43138662908543424,0.052734375
CN,sd042,50,,0.32278428720704366,0.34136058139301745,0.138671875
CN,sd042,51,,-1.9149308789519774,0.5734695685984369,0.138671875
CN,sd042,52,0.05859375,-1.6274604910097907,-0.3187887159277421,-0.009765625
CN,sd042,53,,-1.839972342591917,0.5426317812587336,0.138671875
CN,sd042,54,0.087890625,-1.1988085890319904,0.9613831358568714,0.138671875
CN,sd042,55,,-1.1849230208483505,1.2588360479347886,0.138671875
CN,sd042,56,-0.064453125,-0.476477425675795,0.9664242691440543,0.138671875
CN,sd042,57,0.08203125,-2.9309138922192,0.43729688091298385,0.138671875
CN,sd042,58,,-1.2195883281022715,0.646545533815227,0.138671875
CN,sd042,59,,-2.9711722514004855,0.8200834746595486,0.138671875
CN,sd042,60,,-1.007396293583603,-0.015809414632272156,-0.056640625
CN,sd042,61,,-1.7628445925709237,1.091069715432329,0.138671875
CN,sd042,62,,-0.9419175349663544,0.23288264286818902,0.138671875
CN,sd042,63,0.09375,-2.919305648009744,0.5916834661569287,0.138671875
CN,sd042,64,0.091796875,-2.1748740458578872,-0.007804553933305195,0.0234375
CN,sd042,65,,-1.1874658260750839,0.26256112459603986,0.138671875
CN,sd042,66,,-1.4450534994804527,1.1238610085313767,0.138671875
CN,sd042,67,0.09375,-1.7034499159927583,-0.757979868965341,-0.005859375
CN,sd042,68,0.09375,-1.1635137040141015,0.5609098135372094,0.138671875
CN,sd042,69,,-1.6404477028211,0.8066590464350339,0.138671875
CN,sd042,70,,-0.351804139233731,1.1408049437460963,0.138671875
CN,sd042,71,0.09375,-0.3555857858983516,1.1637036282302904,0.138671875
CN,sd042,72,,-2.377941466967397,0.8836893617847823,0.138671875
CN,sd042,73,,-2.303971274265037,1.5623833841093684,0.138671875
CN,sd042,74,0.087890625,-1.4483215285573694,0.15299420260616836,0.138671875
CN,sd042,75,,-0.45372907794974365,0.7236049872435901,0.138671875
CN,sd042,76,,-1.3375962536290489,1.3525197135766232,0.138671875
CN,sd042,77,0.08984375,-1.5043657026237383,0.8922070140896479,0.138671875
CN,sd042,78,,-1.3846206319635588,1.0415440430118665,0.138671875
CN,sd042,79,0.06640625,-0.8096434995486718,0.5255436692392587,0.138671875
CN,sd042,80,0.091796875,-1.954829189608992,0.5471048396158722,0.138671875
CN,sd042,81,0.09375,-2.6038145193098634,-0.5275450326512117,0.052734375
CN,sd042,82,0.091796875,-1.0029607398953733,0.3633074442804869,0.138671875
CN,sd042,83,,-1.4560421406489479,0.624601178141406,0.138671875
CN,sd042,84,,-2.997337064038093,0.6644373301177475,0.138671875
CN,sd042,85,0.09765625,-1.8897057136379798,-0.09541766448089128,0.0859375
CN,sd042,86,0.03515625,-1.012365435286789,-0.0910052288804177,0.025390625
CN,sd042,87,0.072265625,-0.9735920489439893,-0.3444498129456392,-0.001953125
CN,sd042,88,,-0.9454078312599494,0.6335529861470953,0.138671875
CN,sd042,89,,-1.6383179100148653,0.17932903260064936,0.138671875
CN,sd042,90,0.095703125,-1.6651158284822745,0.4422665700005332,0.138671875
CN,sd042,91,0.087890625,-2.2301257093406552,0.08041291108981641,0.138671875
CN,sd042,92,0.064453125,-1.5280675255252454,-0.08006022084919714,0.08203125
CN,sd042,93,,-0.6899758819322925,0.8339817109700018,0.138671875
CN,sd042,94,,-2.2324880354935606,1.1176308396759578,0.138671875
CN,sd042,95,,-0.34229336826766565,0.5836497965361972,0.138671875
CN,sd042,96,0.09375,-1.3074856684329066,1.078097509047291,0.138671875
CN,sd042,97,0.025390625,-1.4558439529715794,-0.3340274696755393,0.052734375
CN,sd042,98,0.134765625,-1.3741949697489977,0.7591688074487871,0.138671875
CN,sd042,99,0.0859375,-2.941388952626364,0.5089731801117077,0.138671875
CN,sd053,0,0.109375,-9.802227810329601,-4.906100107832167,0.07421875
CN,sd053,1,0.03515625,-9.743341714416136,-5.102098075992875,0.07421875
CN,sd053,2,0.08203125,-8.33335973486299,-5.37634465043791,0.072265625
CN,sd053,3,0.080078125,-9.237623057737636,-4.823192653567817,0.07421875
CN,sd053,4,0.08203125,-11.76450168057276,-4.86680111682009,0.078125
CN,sd053,5,0.080078125,-9.2666737516743,-4.226172539996356,0.080078125
CN,sd053,6,0.111328125,-7.374360822444322,-4.070597418161764,0.080078125
CN,sd053,7,0.0859375,-11.972224253753447,-3.769994417548919,0.0859375
CN,sd053,8,0.08203125,-10.04574639632451,-5.925730723028532,0.068359375
CN,sd053,9,0.083984375,-9.269622864912309,-5.339901276197074,0.07421875
CN,sd053,10,0.08203125,-10.231023362146594,-3.7448116313870856,0.083984375
CN,sd053,11,0.080078125,-10.78740355464049,-4.478810783239228,0.080078125
CN,sd053,12,0.08203125,-10.016338276230538,-4.627412036720871,0.076171875
CN,sd053,13,0.107421875,-8.959540118705833,-4.47606400522703,0.076171875
CN,sd053,14,0.041015625,-10.072289916435366,-4.7958610161348645,0.076171875
CN,sd053,15,0.08203125,-9.802604088160324,-4.582500127191835,0.076171875
CN,sd053,16,0.083984375,-8.68936322141205,-4.534975257250793,0.076171875
CN,sd053,17,0.080078125,-10.20197276452169,-5.319835266970506,0.07421875
CN,sd053,18,0.037109375,-9.545451957447273,-4.578216784798284,0.076171875
CN,sd053,19,0.03515625,-9.812188548567002,-5.022998286681237,0.068359375
CN,sd053,20,0.078125,-9.05273160610962,-4.655711488436351,0.078125
CN,sd053,21,0.11328125,-8.792733735604585,-4.655546466441544,0.07421875
CN,sd053,22,0.08203125,-10.207710741832257,-4.658723760774921,0.076171875
CN,sd053,23,0.080078125,-10.328510215032253,-4.762575115650756,0.076171875
CN,sd053,24,0.037109375,-9.360231725434224,-4.408482630545874,0.076171875
CN,sd053,25,0.08203125,-9.754298750285576,-4.823980435787482,0.078125
CN,sd053,26,0.037109375,-8.446156664552507,-4.918797941490711,0.068359375
CN,sd053,27,0.109375,-9.79923379275466,-4.996185127878367,0.076171875
CN,sd053,28,0.08203125,-9.726249695712344,-4.751639106069454,0.076171875
CN,sd053,29,0.107421875,-9.149568050666396,-4.397863789030038,0.076171875
CN,sd053,30,0.080078125,-11.49242112527383,-5.356895991916248,0.07421875
CN,sd053,31,0.083984375,-10.411807693787846,-5.207867347052873,0.078125
CN,sd053,32,0.080078125,-9.766131305279654,-5.0295386701671845,0.076171875
CN,sd053,33,0.107421875,-8.94908680418877,-4.552005662621615,0.076171875
CN,sd053,34,0.080078125,-9.326889137105214,-3.91727782510606,0.078125
CN,sd053,35,0.037109375,-8.501983417171973,-5.102973238830651,0.068359375
CN,sd053,36,0.08203125,-9.658754273974463,-5.604050221370197,0.076171875
CN,sd053,37,0.078125,-9.562995207291078,-5.223401948648935,0.072265625
CN,sd053,38,0.111328125,-9.327946997572468,-4.742145431883278,0.072265625
CN,sd053,39,0.08203125,-11.894356937842936,-4.583121248227893,0.078125
CN,sd053,40,0.03515625,-10.08617593342243,-3.693923414734582,0.08203125
CN,sd053,41,0.076171875,-11.353349695793346,-4.641872347005274,0.078125
CN,sd053,42,0.111328125,-10.08548128510979,-5.474161072674675,0.072265625
CN,sd053,43,0.08203125,-10.709352748597507,-5.237169317605594,0.076171875
CN,sd053,44,0.111328125,-11.222051827581794,-4.984753260327175,0.080078125
CN,sd053,45,0.111328125,-10.465953847322837,-4.6572626592315896,0.078125
CN,sd053,46,0.080078125,-8.79426414519222,-4.3779696315056755,0.076171875
CN,sd053,47,0.08203125,-11.948069548335242,-3.6229627350250624,0.08203125
CN,sd053,48,0.078125,-7.2129880366857275,-4.375668816222517,0.076171875
CN,sd053,49,0.08203125,-9.576682096647987,-4.098346948901019,0.08203125
CN,sd053,50,0.08203125,-9.74852569004081,-4.882029875211367,0.076171875
CN,sd053,51,0.080078125,-8.973187765796723,-4.9049666842031865,0.076171875
CN,sd053,52,0.080078125,-8.433487865760096,-5.3962594826898345,0.072265625
CN,sd053,53,0.08203125,-12.10385855518438,-4.849191421205615,0.076171875
CN,sd053,54,0.107421875,-9.742582695775484,-4.1073149079168605,0.08203125
CN,sd053,55,0.08203125,-11.688981063983656,-4.93042643349626,0.080078125
CN,sd053,56,0.033203125,-10.485129985901004,-5.145531486530141,0.072265625
CN,sd053,57,0.080078125,-9.204325507882993,-5.253276631199535,0.0703125
CN,sd053,58,0.080078125,-10.622884208065935,-4.342907000190004,0.080078125
CN,sd053,59,0.078125,-10.285269622843256,-5.269735987106604,0.072265625
CN,sd053,60,0.080078125,-8.713536592436796,-5.021713897999912,0.07421875
CN,sd053,61,0.08203125,-9.765160375081663,-4.438670525966364,0.076171875
CN,sd053,62,0.08203125,-8.322846555089289,-3.449783211239068,0.08203125
CN,sd053,63,0.111328125,-8.067148118224333,-5.258914430792451,0.07421875
CN,sd053,64,0.08203125,-8.484242173153358,-4.260114838654024,0.080078125
CN,sd053,65,0.109375,-9.075731465315679,-3.7228496080949363,0.08203125
CN,sd053,66,0.037109375,-11.163845551563707,-4.59489807457787,0.072265625
CN,sd053,67,0.08203125,-10.29134033366859,-5.700995546776011,0.068359375
CN,sd053,68,0.04296875,-11.043789713471043,-5.2087306793667665,0.072265625
CN,sd053,69,0.08203125,-9.344842036120154,-4.965811929052705,0.080078125
CN,sd053,70,0.078125,-9.408053746523127,-5.181948406592757,0.0703125
CN,sd053,71,0.083984375,-10.137488639630211,-4.802144214884343,0.076171875
CN,sd053,72,0.08203125,-9.708577754684908,-4.311903500581714,0.078125
CN,sd053,73,0.083984375,-10.228952871233098,-5.1043520671645926,0.0703125
CN,sd053,74,0.083984375,-8.690253772970774,-4.466113053694348,0.076171875
CN,sd053,75,0.109375,-9.432467308608024,-4.590357331133185,0.07421875
CN,sd053,76,0.080078125,-9.479394365234524,-4.802479875412364,0.076171875
CN,sd053,77,0.0390625,-9.910295987088311,-5.3667205871265224,0.0703125
CN,sd053,78,0.080078125,-11.341740757855945,-5.452780268733732,0.076171875
CN,sd053,79,0.10546875,-8.221561811644268,-4.423038443652543,0.07421875
CN,sd053,80,0.080078125,-8.980217212961712,-4.568925583718676,0.072265625
CN,sd053,81,0.037109375,-7.977892354116044,-5.500140183328808,0.0703125
CN,sd053,82,0.109375,-10.565857120417512,-5.201023756445364,0.07421875
CN,sd053,83,0.111328125,-8.897665794668479,-4.909689914191568,0.076171875
CN,sd053,84,0.037109375,-9.11893612982429,-4.085732271992053,0.080078125
CN,sd053,85,0.080078125,-10.305590436467277,-4.666292399450283,0.07421875
CN,sd053,86,0.109375,-10.534012749566763,-4.700683625071847,0.076171875
CN,sd053,87,0.0390625,-9.384403299152307,-4.139597285576529,0.080078125
CN,sd053,88,0.11328125,-9.85263273352287,-4.743072230265497,0.07421875
CN,sd053,89,0.087890625,-10.591171238656079,-5.297495376101068,0.07421875
CN,sd053,90,0.11328125,-6.698962491327698,-3.820324748800726,0.083984375
CN,sd053,91,0.111328125,-7.856485839593731,-4.587525239453884,0.07421875
CN,sd053,92,0.11328125,-10.627570580989484,-3.9551054087816007,0.078125
CN,sd053,93,0.037109375,-9.74414439752128,-4.18340914004484,0.078125
CN,sd053,94,0.083984375,-7.57751665145576,-4.8545740566148,0.076171875
CN,sd053,95,0.076171875,-8.248821028871731,-5.0756131057718346,0.072265625
CN,sd053,96,0.0390625,-9.377962034330663,-5.480686981622118,0.0703125
CN,sd053,97,0.080078125,-11.1261188901949,-4.416707412602164,0.080078125
CN,sd053,98,0.08203125,-7.830667829145197,-4.193558159180763,0.080078125
CN,sd053,99,0.0390625,-9.630892600039498,-5.3555723872004055,0.06640625
CN,sd064,0,0.109375,-6.08527677766711,-1.8616681576198784,0.083984375
CN,sd064,1,0.111328125,-7.308116312156695,-0.9173411918082522,0.107421875
CN,sd064,2,0.103515625,-4.928908724352078,-1.1117811566271334,0.09375
CN,sd064,3,0.083984375,-5.159281571704076,-1.6743422085010036,0.08984375
CN,sd064,4,0.099609375,-6.445803837382439,-1.6926805274963805,0.087890625
CN,sd064,5,0.115234375,-6.579092679071722,-1.1794781057401817,0.095703125
CN,sd064,6,0.10546875,-6.217126189565827,-1.2741772231905237,0.095703125
CN,sd064,7,0.10546875,-5.3004461218257335,-1.6295528093575835,0.083984375
CN,sd064,8,0.111328125,-7.306752524578162,-1.5022359470382605,0.091796875
CN,sd064,9,0.103515625,-7.594786634179709,-1.7754808124702894,0.08984375
CN,sd064,10,0.11328125,-7.841746710178664,-1.252144475740067,0.09765625
CN,sd064,11,0.107421875,-6.747142197395819,-1.8573584575737772,0.08203125
CN,sd064,12,0.10546875,-7.301315702846921,-1.522406627188477,0.087890625
CN,sd064,13,0.109375,-6.857527609620163,-1.8880923589303045,0.078125
CN,sd064,14,0.1015625,-5.8977686394999385,-1.3055616619493526,0.095703125
CN,sd064,15,0.107421875,-6.071858930300596,-1.2140881629327074,0.09765625
CN,sd064,16,0.109375,-7.50064370940607,-1.4067413110513287,0.09765625
CN,sd064,17,0.111328125,-5.360204528655604,-1.880882539331347,0.08984375
CN,sd064,18,0.107421875,-6.245233533048831,-1.252728406486684,0.095703125
CN,sd064,19,0.109375,-8.63577030374369,-1.6349798598384009,0.09375
CN,sd064,20,0.111328125,-6.717195015917046,-1.5784670638163907,0.087890625
CN,sd064,21,0.107421875,-7.99876463635777,-1.7442978096409942,0.08984375
CN,sd064,22,0.103515625,-7.610223079339708,-1.4343503767709131,0.09375
CN,sd064,23,0.083984375,-5.7096771794724575,-1.7819689417217184,0.078125
CN,sd064,24,0.103515625,-5.541659832197788,-2.1336223042681497,0.078125
CN,sd064,25,0.111328125,-7.166306320204091,-1.21357240078838,0.095703125
CN,sd064,26,0.107421875,-5.538076043066253,-1.0855643690140149,0.08984375
CN,sd064,27,0.08984375,-5.3797548206447185,-1.163050964731686,0.095703125
CN,sd064,28,0.111328125,-5.189342042064467,-1.573702179428216,0.09375
CN,sd064,29,0.109375,-6.8448831231157286,-2.3696257988852736,0.078125
CN,sd064,30,0.111328125,-4.206552084679608,-1.7811813892877093,0.083984375
CN,sd064,31,0.109375,-6.5731236399945185,-1.5841106708214165,0.087890625
CN,sd064,32,0.109375,-7.266152348397506,-0.9779409866181827,0.103515625
CN,sd064,33,0.10546875,-7.676784803295578,-1.2041971643102767,0.08984375
CN,sd064,34,0.08984375,-5.328871198320815,-1.0858113792915403,0.091796875
CN,sd064,35,0.11328125,-7.380483028512342,-1.6131003248804257,0.08984375
CN,sd064,36,0.1015625,-6.480048451067271,-1.580740675681998,0.08984375
CN,sd064,37,0.111328125,-7.268569178335806,-1.4067579443662375,0.09375
CN,sd064,38,0.099609375,-6.975042210682458,-1.4692685352529498,0.087890625
CN,sd064,39,0.08984375,-5.846924408945994,-0.6864472159751164,0.09765625
CN,sd064,40,0.107421875,-6.723551700862425,-0.49637701269097073,0.111328125
CN,sd064,41,0.109375,-6.554107735954055,-1.6425599847900627,0.08984375
CN,sd064,42,0.109375,-6.149490627516702,-0.97642298786396,0.099609375
CN,sd064,43,0.10546875,-6.208316986178196,-0.9804746033713797,0.09375
CN,sd064,44,0.087890625,-5.147327265047052,-1.0951644923130843,0.08984375
CN,sd064,45,0.107421875,-7.747204934289602,-0.16698808100830137,0.12109375
CN,sd064,46,0.087890625,-5.639320166505664,-2.1202113165358907,0.078125
CN,sd064,47,0.103515625,-6.841468198528569,-2.0781353047732543,0.083984375
CN,sd064,48,0.107421875,-5.4417906755573195,-1.491988753648177,0.0859375
CN,sd064,49,0.109375,-7.832249273509372,-1.217497341872858,0.103515625
CN,sd064,50,0.099609375,-5.497315940910193,-0.8490619598720368,0.099609375
CN,sd064,51,0.109375,-4.98363087598417,-1.3185345080173945,0.08984375
CN,sd064,52,0.111328125,-5.910105623251349,-0.5869371190299673,0.107421875
CN,sd064,53,0.111328125,-6.352350145047231,-1.2109188937413402,0.09765625
CN,sd064,54,0.109375,-7.454700791198952,-1.5308984792091909,0.09765625
CN,sd064,55,0.08984375,-5.363004618596709,-1.4535843200999108,0.08984375
CN,sd064,56,0.109375,-5.617209615953204,-1.6659265556691332,0.091796875
CN,sd064,57,0.111328125,-5.938565511911202,-1.2352631758068757,0.08984375
CN,sd064,58,0.107421875,-6.376400571029417,-1.611516544704595,0.0859375
CN,sd064,59,0.107421875,-6.119420735144896,-1.5671550137843138,0.08984375
CN,sd064,60,0.111328125,-6.110622445927795,-0.7710823824094355,0.107421875
CN,sd064,61,0.111328125,-6.326271826694731,-0.9570621771923052,0.09765625
CN,sd064,62,0.103515625,-6.6501795509466755,-0.005237904130903629,0.134765625
CN,sd064,63,0.10546875,-6.516900019962657,-2.012968936209273,0.083984375
CN,sd064,64,0.107421875,-6.486776395809804,-0.796440874567588,0.107421875
CN,sd064,65,0.111328125,-4.840916028625705,-1.97622297717062,0.072265625
CN,sd064,66,0.09375,-4.549529759186036,-1.1243752225288708,0.09765625
CN,sd064,67,0.109375,-7.593704372531592,-0.8620957936436204,0.103515625
CN,sd064,68,0.10546875,-7.23299404035808,-1.4159671227829145,0.095703125
CN,sd064,69,0.107421875,-6.959982155559983,-1.1163199591972102,0.1015625
CN,sd064,70,0.111328125,-5.797549238534009,-1.675023926376073,0.0859375
CN,sd064,71,0.0859375,-5.883143522679814,-1.8142784620560855,0.08203125
CN,sd064,72,0.09375,-6.050259259112705,-1.029609957235152,0.1015625
CN,sd064,73,0.107421875,-4.419181077964393,-1.3080173709959249,0.091796875
CN,sd064,74,0.109375,-5.133500814819541,-1.3353837887064475,0.091796875
CN,sd064,75,0.107421875,-5.371757728915958,-2.314735894382213,0.078125
CN,sd064,76,0.107421875,-7.076850273969263,-0.4350362522073134,0.11328125
CN,sd064,77,0.107421875,-5.764911983352219,-1.1644914251698104,0.091796875
CN,sd064,78,0.099609375,-6.885272438772392,-1.6629278950332878,0.08984375
CN,sd064,79,0.109375,-4.697256848431077,-1.5175794461953507,0.091796875
CN,sd064,80,0.107421875,-3.9416846593108392,-0.7683406624460948,0.103515625
CN,sd064,81,0.107421875,-5.591082860274415,-1.3857966081069948,0.099609375
CN,sd064,82,0.111328125,-5.475839815066125,-1.4851466269512712,0.08203125
CN,sd064,83,0.087890625,-5.468277553592928,-1.2820016336437772,0.091796875
CN,sd064,84,0.111328125,-6.348717897545489,-0.8469939819715615,0.10546875
CN,sd064,85,0.10546875,-7.599586329618916,-1.0222745819562082,0.09765625
CN,sd064,86,0.109375,-5.164455414700528,-1.121834478052993,0.091796875
CN,sd064,87,0.115234375,-6.603195864263114,-2.0432521934119205,0.083984375
CN,sd064,88,0.087890625,-6.127405088993718,-2.8251288500731317,0.072265625
CN,sd064,89,0.103515625,-6.9664667906489495,-1.3952835152437697,0.09375
CN,sd064,90,0.083984375,-7.57717091882709,-1.294547683121474,0.091796875
CN,sd064,91,0.109375,-6.234794559208215,-1.1230344526048843,0.095703125
CN,sd064,92,0.09375,-7.165480498363569,-1.587168399549777,0.0859375
CN,sd064,93,0.095703125,-5.352653627479572,-1.1770506041058515,0.09375
CN,sd064,94,0.109375,-7.6801594796623665,-0.6868050923566388,0.109375
CN,sd064,95,0.1015625,-4.766860047947054,-1.5714203684543637,0.083984375
CN,sd064,96,0.111328125,-7.197576160638518,-1.3099404003864397,0.09375
CN,sd064,97,0.10546875,-6.329914799889494,-2.0180250695496937,0.087890625
CN,sd064,98,0.109375,-5.9524615480899605,-0.6881539134296578,0.107421875
CN,sd064,99,0.095703125,-6.341146607050591,-0.9491580321200247,0.095703125
