stim,subject,iteration,PL,PA,TWMA,FAL_0.5
SN,sd011,0,0.015625,-7.348038700075378,-0.582647077069106,-0.001953125
SN,sd011,1,-0.013671875,-4.8773556596711725,-0.47592932985420155,-0.009765625
SN,sd011,2,-0.01171875,-5.201307468968848,-0.21515636038836236,0.001953125
SN,sd011,3,0.01171875,-6.915983285937503,-0.36040698058894083,-0.017578125
SN,sd011,4,0.01171875,-5.562528468738807,0.28130587032209414,0.138671875
SN,sd011,5,-0.013671875,-6.757453402482994,-0.06396218531681788,-0.009765625
SN,sd011,6,-0.009765625,-7.177562552320034,-1.0400938505925572,0.001953125
SN,sd011,7,0.01953125,-8.337867926639788,-0.7147536500598585,0.0234375
SN,sd011,8,0.009765625,-6.0491776417002745,-0.09867363881728997,-0.001953125
SN,sd011,9,0.01953125,-7.044741510537715,-0.3787513426403182,0.0078125
SN,sd011,10,,-4.415024573460377,0.7324673621396739,0.138671875
SN,sd011,11,-0.015625,-6.354301517553543,0.48789405266398683,0.138671875
SN,sd011,12,0.01171875,-7.154710446580246,-0.7445584343713855,-0.0078125
SN,sd011,13,0.01171875,-6.585828126737819,0.09514269983231795,0.138671875
SN,sd011,14,-0.015625,-6.513512362510111,0.027146583713418944,0.138671875
SN,sd011,15,-0.013671875,-7.762262872691443,-1.0872924065914105,0.0234375
SN,sd011,16,-0.00390625,-7.870811929388816,-0.10790371406382818,-0.009765625
SN,sd011,17,0.015625,-6.292851172558856,-0.2523309002117155,0.017578125
SN,sd011,18,0.01171875,-4.278142685708449,0.3789543365755065,0.138671875
SN,sd011,19,-0.01171875,-6.35800340043013,-0.8014354474558469,-0.005859375
SN,sd011,20,0.015625,-7.01009400978339,0.022379372991831296,0.138671875
SN,sd011,21,0.01171875,-6.210701341518385,-0.09559174135289375,0.0078125
SN,sd011,22,0.01171875,-5.800469758245167,-0.4963678958450591,0.001953125
SN,sd011,23,0.009765625,-6.582589271482319,0.11342655711666302,0.138671875
SN,sd011,24,0.0078125,-6.614458399367704,0.019690779549693584,0.138671875
SN,sd011,25,-0.015625,-6.623392153471675,-0.43910275598417453,0.0
SN,sd011,26,0.013671875,-6.339790939932863,0.07819563480095708,0.138671875
SN,sd011,27,-0.013671875,-5.2887809571830795,0.9406299112703654,0.138671875
SN,sd011,28,0.01953125,-6.2461233709374095,-0.19660505296366612,-0.009765625
SN,sd011,29,0.021484375,-6.781736901618528,0.2995509924292087,0.138671875
SN,sd011,30,-0.015625,-5.068684758303157,0.07825456904118154,0.138671875
SN,sd011,31,0.01953125,-6.712270454106331,0.32058768911486324,0.138671875
SN,sd011,32,-0.013671875,-6.549105947485177,-0.07388614351206173,0.013671875
SN,sd011,33,-0.01171875,-7.068106244383935,-0.6889613184774956,0.00390625
SN,sd011,34,0.01171875,-6.361052837649042,-0.5812530427835848,0.00390625
SN,sd011,35,0.017578125,-7.523135892989482,-0.384910220676097,0.01953125
SN,sd011,36,0.015625,-4.596525485550313,0.18889005618287266,0.138671875
SN,sd011,37,-0.005859375,-6.414392006269292,-0.6523119055052756,0.015625
SN,sd011,38,-0.015625,-6.801778591357778,-0.1650228681407772,0.00390625
SN,sd011,39,0.017578125,-5.898730952230486,-1.3025674131434273,0.00390625
SN,sd011,40,-0.01171875,-7.633297293080851,-0.7124009910161427,0.017578125
SN,sd011,41,0.01171875,-7.614321620509509,-0.28388401597306695,-0.01171875
SN,sd011,42,-0.013671875,-5.275609752153182,0.22553528684060664,0.138671875
SN,sd011,43,-0.015625,-6.191859732464886,0.36040082534744994,0.138671875
SN,sd011,44,-0.017578125,-4.608558836415057,-0.1635219839164821,0.005859375
SN,sd011,45,-0.015625,-7.4346728023295325,-0.5982290862962643,0.0078125
SN,sd011,46,0.017578125,-5.524859572378308,-0.2849798292555891,0.009765625
SN,sd011,47,0.021484375,-5.341387828526982,-0.8033298620010247,0.021484375
SN,sd011,48,0.017578125,-6.771654502753029,-0.054616090482554454,-0.00390625
SN,sd011,49,0.013671875,-5.443700978757404,-0.5352102697926594,0.021484375
SN,sd011,50,0.017578125,-6.326135696990208,0.2333696763136492,0.138671875
SN,sd011,51,0.013671875,-6.9199704540831455,-1.0702429806552438,0.009765625
SN,sd011,52,-0.015625,-6.359551554708419,-0.8750314220900065,-0.013671875
SN,sd011,53,0.01171875,-4.957086861140931,0.524071955958157,0.138671875
SN,sd011,54,0.009765625,-6.009750976377174,0.6423266003507339,0.138671875
SN,sd011,55,0.01171875,-5.782701152331819,-0.5151867120543226,0.00390625
SN,sd011,56,-0.015625,-6.569841505705677,-0.9403840575305512,0.017578125
SN,sd011,57,-0.013671875,-8.329059623607192,-0.2817325751693375,-0.013671875
SN,sd011,58,0.013671875,-7.229109119856638,-1.0775868470022691,0.029296875
SN,sd011,59,0.013671875,-7.847432700293925,-0.9023533183527637,0.015625
SN,sd011,60,0.017578125,-6.391361233983899,0.27798673717029926,0.138671875
SN,sd011,61,-0.015625,-5.565338562359418,-0.16121259702662466,-0.009765625
SN,sd011,62,-0.015625,-6.822065900617496,-0.36160558087069455,-0.009765625
SN,sd011,63,0.021484375,-5.550488881408614,-0.3704664450477769,-0.005859375
SN,sd011,64,-0.015625,-6.023077806223037,-0.5955303396608744,0.0078125
SN,sd011,65,0.01953125,-8.074981874535407,-0.7799940145244301,0.021484375
SN,sd011,66,0.021484375,-5.8990643725058725,0.6347165693055402,0.138671875
SN,sd011,67,0.01171875,-6.7420935512015525,-0.5490886294818711,0.009765625
SN,sd011,68,0.013671875,-7.18497749565851,-0.8335798780748606,0.025390625
SN,sd011,69,-0.013671875,-6.210672049900008,0.2086912283962429,0.138671875
SN,sd011,70,0.009765625,-4.645993806218417,-1.2362333349146744,0.0234375
SN,sd011,71,0.013671875,-5.916033410314966,1.0969913565851348,0.138671875
SN,sd011,72,0.013671875,-5.14425383163789,0.2197512207892667,0.138671875
SN,sd011,73,0.01953125,-7.092853500046121,-0.8247741520166009,0.00390625
SN,sd011,74,0.017578125,-7.35140504440894,-0.7695317148642794,0.015625
SN,sd011,75,-0.017578125,-8.657883661996927,-0.1944513349982747,-0.0234375
SN,sd011,76,0.01171875,-6.842718675005031,-0.9733541444774624,0.005859375
SN,sd011,77,-0.021484375,-5.392499001613308,0.6862281508496356,0.138671875
SN,sd011,78,0.001953125,-5.084947466587494,0.145253915259576,0.138671875
SN,sd011,79,0.01953125,-5.23095465105821,-0.11819016197396823,-0.01953125
SN,sd011,80,-0.015625,-7.496561401874716,-0.6032010021598287,-0.001953125
SN,sd011,81,0.01953125,-5.752341776448158,0.10613501278797674,0.138671875
SN,sd011,82,-0.017578125,-6.685922575801926,-0.025681247475564908,-0.01953125
SN,sd011,83,0.017578125,-6.15068933827203,-0.4039377445083917,0.021484375
SN,sd011,84,-0.009765625,-9.143881612604133,-1.255339195134442,-0.00390625
SN,sd011,85,0.01171875,-8.299101273807988,-0.19102318756770706,0.00390625
SN,sd011,86,-0.015625,-6.5864151916126215,-0.6420011575613653,0.021484375
SN,sd011,87,-0.013671875,-4.082094888557909,-0.708808045234888,0.013671875
SN,sd011,88,-0.0078125,-7.830582589151476,-0.24956109683857688,-0.00390625
SN,sd011,89,0.017578125,-5.6597114762227845,0.20601889705861146,0.138671875
SN,sd011,90,-0.015625,-7.007890063051879,-0.40188390353384434,-0.01171875
SN,sd011,91,-0.013671875,-6.251107709985573,-0.22248368107126784,0.009765625
SN,sd011,92,-0.017578125,-4.115903106444255,0.12197354033715259,0.138671875
SN,sd011,93,0.01953125,-6.0750157339234025,0.02631520774870175,0.138671875
SN,sd011,94,-0.017578125,-8.378806386678631,-0.7293274855086579,-0.013671875
SN,sd011,95,0.01171875,-6.903362562481852,0.09290918311020531,0.138671875
SN,sd011,96,-0.01171875,-7.11886714588124,-0.062106215250483245,-0.015625
SN,sd011,97,-0.017578125,-6.944619625720342,-0.9880421691954956,0.005859375
SN,sd011,98,-0.015625,-7.150589658197353,-0.9663701871581072,0.01171875
SN,sd011,99,0.01171875,-6.059357273029392,-0.30677385837788196,0.00390625
SN,sd022,0,0.064453125,-3.637202813054194,-1.1983408168470102,0.06640625
SN,sd022,1,0.083984375,-1.1631488043343692,-1.265042165953681,0.068359375
SN,sd022,2,0.064453125,-3.1142117203912187,-1.5901001617014003,0.0625
SN,sd022,3,0.072265625,-2.9988091052011905,-0.9896576773652795,0.076171875
SN,sd022,4,0.083984375,-2.582870057889356,-1.044860521386257,0.07421875
SN,sd022,5,0.080078125,-3.119811833206497,-1.6158388783919688,0.064453125
SN,sd022,6,0.087890625,-4.270120002743073,-1.6275467208297216,0.06640625
SN,sd022,7,0.0859375,-3.4633134290731085,-1.2055228713724346,0.07421875
SN,sd022,8,0.08203125,-1.7343367222542914,-1.7195467202731791,0.06640625
SN,sd022,9,0.064453125,-2.8045294373484273,-1.2995105087845384,0.068359375
SN,sd022,10,0.068359375,-2.196699608063032,-1.8359049808597827,0.0546875
SN,sd022,11,0.064453125,-2.766424502683825,-1.1301067422138629,0.07421875
SN,sd022,12,0.087890625,-2.0229309305020826,-2.0080845342955516,0.05078125
SN,sd022,13,0.091796875,-2.4218886764644627,-0.6918778912051937,0.091796875
SN,sd022,14,0.06640625,-1.1103015705241919,-1.5569184478548743,0.0546875
SN,sd022,15,0.0625,-3.125560174526349,-1.6600585692862697,0.0625
SN,sd022,16,0.07421875,-2.5769906164277114,-2.013412648774934,0.068359375
SN,sd022,17,0.0859375,-2.865040303378936,-1.5796954178378573,0.0703125
SN,sd022,18,0.06640625,-2.2345074628210226,-1.13437648607523,0.06640625
SN,sd022,19,0.060546875,-2.436488802817812,-1.5777449106707147,0.052734375
SN,sd022,20,0.072265625,-2.27037624537075,-1.126478526816067,0.07421875
SN,sd022,21,0.0859375,-4.235597359515503,-1.1856150250125015,0.076171875
SN,sd022,22,0.0625,-3.1161119935803168,-1.9749004958959273,0.052734375
SN,sd022,23,0.08203125,-3.0462559347493814,-1.2261341300307629,0.076171875
SN,sd022,24,0.080078125,-2.6098117273923163,-1.2469212746975453,0.068359375
SN,sd022,25,0.080078125,-2.362544264322728,-1.9086145424964844,0.0625
SN,sd022,26,0.064453125,-4.068652996643921,-1.6784566068292261,0.06640625
SN,sd022,27,0.083984375,-3.358890263571076,-1.2476440114294516,0.068359375
SN,sd022,28,0.087890625,-1.130144557622406,-1.1396802173916307,0.06640625
SN,sd022,29,0.064453125,-1.7002802193213045,-1.2477487108850478,0.06640625
SN,sd022,30,0.0703125,-2.08674393583032,-1.4649227455535991,0.0546875
SN,sd022,31,0.08984375,-2.9188414218793293,-1.3629400211030824,0.07421875
SN,sd022,32,0.08984375,-2.1876837301661585,-1.578872629092513,0.06640625
SN,sd022,33,0.083984375,-1.5445887010770971,-1.3430337807728565,0.064453125
SN,sd022,34,0.0703125,-2.087815130208991,-1.7390156018424245,0.0625
SN,sd022,35,0.08203125,-2.2707184471784445,-1.2719197218404088,0.0703125
SN,sd022,36,0.072265625,-2.414350052906181,-1.37444053558058,0.0703125
SN,sd022,37,0.08203125,-2.2099931404568878,-1.3239063756890623,0.0703125
SN,sd022,38,0.06640625,-2.7659455865482045,-1.2403781218253946,0.072265625
SN,sd022,39,0.08984375,-3.622007293846157,-1.0855956614885824,0.07421875
SN,sd022,40,0.078125,-2.475950910111847,-1.3076021424449134,0.068359375
SN,sd022,41,0.083984375,-2.7055266885436593,-0.5701696732306274,0.087890625
SN,sd022,42,0.0703125,-1.3127385807506622,-2.1942194964000246,0.064453125
SN,sd022,43,0.072265625,-1.0160257932244423,-1.4006683945604486,0.06640625
SN,sd022,44,0.08984375,-3.2333165048199137,-1.6721319895261095,0.068359375
SN,sd022,45,0.0859375,-2.734639574773281,-1.5763369688183315,0.0625
SN,sd022,46,0.083984375,-3.020292353140836,-1.6691110272884981,0.0625
SN,sd022,47,0.0703125,-1.8393352873190283,-0.9425148611239662,0.05859375
SN,sd022,48,0.0859375,-1.8296722231310651,-1.0879094396656082,0.064453125
SN,sd022,49,0.068359375,-2.423984475101866,-2.241656221265863,0.05859375
SN,sd022,50,0.068359375,-2.6308498410899737,-1.0527197982199117,0.064453125
SN,sd022,51,0.08203125,-1.6589123126090675,-0.9328477077374691,0.0625
SN,sd022,52,0.0703125,-2.159033134132643,-1.3664072780280645,0.072265625
SN,sd022,53,0.087890625,-3.2771133805745163,-0.6710549522612886,0.0859375
SN,sd022,54,0.080078125,-3.6997469261551643,-1.5412708780342963,0.06640625
SN,sd022,55,0.064453125,-3.691535411531277,-1.3807752827672333,0.060546875
SN,sd022,56,0.068359375,-2.7319077946856583,-1.3838929851566537,0.0625
SN,sd022,57,0.072265625,-1.3982980745108886,-1.1565531978235322,0.078125
SN,sd022,58,0.080078125,-2.058691447135374,-1.0171227056289744,0.068359375
SN,sd022,59,0.0859375,-1.82272099481224,-0.8288763988345271,0.0859375
SN,sd022,60,0.06640625,-2.9468633191029427,-1.3942774880329962,0.046875
SN,sd022,61,-0.05859375,-1.7650700947057325,-0.7871179179599823,0.064453125
SN,sd022,62,0.080078125,-2.9508126999066784,-1.299101615689629,0.078125
SN,sd022,63,0.072265625,-2.949766181961948,-1.1720248366031012,0.064453125
SN,sd022,64,0.06640625,-2.1788767465058094,-1.332081837788524,0.07421875
SN,sd022,65,0.0859375,-2.799812574864151,-1.066059617521886,0.080078125
SN,sd022,66,0.068359375,-1.704947375567681,-0.80626723373332,0.07421875
SN,sd022,67,0.0859375,-2.7107773875451766,-1.5623002641781658,0.0546875
SN,sd022,68,0.06640625,-3.558277387406493,-1.3958580292333906,0.0703125
SN,sd022,69,0.0859375,-4.246389546393532,-0.660711121103448,0.0859375
SN,sd022,70,0.0625,-3.8411730328039226,-1.4835189610528219,0.060546875
SN,sd022,71,0.08203125,-2.198782105844244,-1.3967480884581416,0.064453125
SN,sd022,72,0.08203125,-3.0320056260946635,-1.5673254838770814,0.0703125
SN,sd022,73,0.087890625,-2.0590751740104976,-1.0806685551222028,0.080078125
SN,sd022,74,0.083984375,-2.769212964133489,-0.9822622579364592,0.07421875
SN,sd022,75,0.07421875,-3.1848558801845734,-1.5692054229533767,0.0703125
SN,sd022,76,0.056640625,-2.3261882268280085,-1.7082338321343518,0.05078125
SN,sd022,77,0.083984375,-3.104389199193983,-1.1570973955946848,0.076171875
SN,sd022,78,0.072265625,-1.6121070735258833,-1.4949030910459982,0.072265625
SN,sd022,79,0.0625,-4.2826197506003005,-1.3541773794855254,0.0625
SN,sd022,80,0.083984375,-3.5601246595347993,-1.250214771560531,0.078125
SN,sd022,81,0.06640625,-2.459550568207145,-1.2985637920447515,0.060546875
SN,sd022,82,0.06640625,-1.911650263240655,-1.27245809459232,0.072265625
SN,sd022,83,0.072265625,-3.607474925993542,-1.3960755319168434,0.068359375
SN,sd022,84,0.080078125,-1.5233272335524335,-0.579143778638336,0.080078125
SN,sd022,85,0.0859375,-2.693356335582978,-0.14055034119575266,0.11328125
SN,sd022,86,0.072265625,-2.231431563236682,-1.9591901142274697,0.064453125
SN,sd022,87,0.072265625,-1.6716526305181136,-0.8570644943333011,0.083984375
SN,sd022,88,0.083984375,-0.8528500799288676,-1.2171061276664576,0.064453125
SN,sd022,89,0.0703125,-2.7994119145793523,-1.037487295285316,0.07421875
SN,sd022,90,0.078125,-3.071633173281191,-1.4953875985837435,0.068359375
SN,sd022,91,0.06640625,-2.5783687285820776,-1.5049635756041064,0.064453125
SN,sd022,92,0.08203125,-1.6516401085734573,-0.8973463801183307,0.076171875
SN,sd022,93,0.087890625,-3.0720216189587224,-1.7047635226415732,0.05859375
SN,sd022,94,0.068359375,-1.0587628152338848,-0.8792962083361205,0.076171875
SN,sd022,95,0.064453125,-2.7193364691566675,-1.4382824358578605,0.07421875
SN,sd022,96,0.083984375,-3.3397622767205073,-1.2313952630871083,0.078125
SN,sd022,97,0.0703125,-1.8508908449170027,-0.7212085057632527,0.080078125
SN,sd022,98,0.078125,-2.758965812536332,-1.7800670597380426,0.064453125
SN,sd022,99,0.091796875,-2.6088974178123863,-1.4773925088062814,0.060546875
SN,sd032,0,0.03125,-15.922032785374602,-1.2847618765422193,-0.005859375
SN,sd032,1,0.03125,-16.140673427769762,-0.4470716095408585,-0.01171875
SN,sd032,2,0.02734375,-16.814111133262394,-1.2467863277878404,-0.00390625
SN,sd032,3,0.033203125,-17.80492839512205,-1.8749498529869484,-0.001953125
SN,sd032,4,0.03125,-16.11050200391017,-2.098776232526575,0.001953125
SN,sd032,5,0.03125,-15.677305664268093,-1.273480354574341,-0.01171875
SN,sd032,6,0.03125,-15.522199970823424,-0.47859715405993775,-0.00390625
SN,sd032,7,0.033203125,-16.326131007361585,-0.2791090836759346,-0.015625
SN,sd032,8,0.02734375,-16.335470919279675,-0.628998161418709,-0.001953125
SN,sd032,9,0.029296875,-15.578275037466142,-0.8608019715578378,-0.01171875
SN,sd032,10,0.03125,-14.427663924866508,-0.8774107845457477,-0.00390625
SN,sd032,11,0.03125,-17.775302790485462,-0.6884615106994821,-0.001953125
SN,sd032,12,0.029296875,-15.087908664292414,0.1444509171320276,0.138671875
SN,sd032,13,0.02734375,-17.528752490786285,-0.47434775611543506,-0.001953125
SN,sd032,14,0.033203125,-16.585995128690634,-0.3136793765163313,-0.0078125
SN,sd032,15,0.033203125,-18.227056071108777,-0.6032608191354811,-0.00390625
SN,sd032,16,0.029296875,-15.066270348294015,-0.899010929678598,-0.001953125
SN,sd032,17,0.029296875,-15.852607433959541,-0.28345079561848024,0.0
SN,sd032,18,0.03125,-16.298224609550193,0.02668888255686078,0.138671875
SN,sd032,19,0.02734375,-15.95799403552996,-0.8340892153653157,-0.001953125
SN,sd032,20,0.03125,-13.468783121390322,-0.4951954139643335,-0.0078125
SN,sd032,21,0.03125,-14.006092997204956,-0.40180379652392634,-0.013671875
SN,sd032,22,0.03125,-17.973409681515257,-1.097965920049093,-0.001953125
SN,sd032,23,0.029296875,-16.50061797741899,-0.24933189621720006,-0.00390625
SN,sd032,24,0.03125,-14.717798209892953,-1.5890001047171012,-0.005859375
SN,sd032,25,0.029296875,-16.620736847829804,-0.7443733310487238,-0.00390625
SN,sd032,26,0.02734375,-15.948290844846428,-1.1636315554474983,0.001953125
SN,sd032,27,0.03125,-13.668881236775677,-0.7598274186007598,0.0
SN,sd032,28,0.03125,-15.918218756458867,-0.7645848107977862,-0.001953125
SN,sd032,29,0.02734375,-16.535439492501045,-1.376736197232443,0.0
SN,sd032,30,0.029296875,-14.978198522993898,0.13328526004288263,0.138671875
SN,sd032,31,0.033203125,-16.307266116346753,-1.0878385175950225,-0.0078125
SN,sd032,32,0.029296875,-16.966263452691287,-0.34383244020618864,-0.0078125
SN,sd032,33,0.03125,-15.55752330009398,-0.285189155825475,-0.009765625
SN,sd032,34,0.029296875,-16.447705890150704,-1.3983151783797825,-0.009765625
SN,sd032,35,0.029296875,-14.68392788211958,-1.2347130697477167,-0.00390625
SN,sd032,36,0.03125,-16.837455391320773,-1.4719065157170108,-0.0078125
SN,sd032,37,0.03125,-15.820572440505703,-1.5024074279406274,-0.0078125
SN,sd032,38,0.029296875,-15.134597314360697,0.08550352639952734,0.138671875
SN,sd032,39,0.03125,-18.276629004151946,-0.9723933486981685,0.001953125
SN,sd032,40,0.03125,-17.098310915232336,-0.026801533515518013,0.126953125
SN,sd032,41,0.03125,-15.898585519501495,-0.3879951480366877,-0.01171875
SN,sd032,42,0.03125,-16.482428334732834,-1.5747561003986803,-0.001953125
SN,sd032,43,0.029296875,-16.69679588177096,-2.287455377758426,0.0
SN,sd032,44,0.029296875,-17.327493247033114,-0.6060303862908937,-0.0078125
SN,sd032,45,0.03125,-18.31498155545601,-0.8686505982991566,-0.00390625
SN,sd032,46,0.029296875,-16.222244894056107,-1.462653465071167,-0.001953125
SN,sd032,47,0.03125,-15.874582583976004,-1.004058948931005,-0.009765625
SN,sd032,48,0.033203125,-16.453354330916696,-0.5330600618989806,-0.0078125
SN,sd032,49,0.03125,-15.346887455554821,-0.9323402685773594,-0.001953125
SN,sd032,50,0.03125,-15.377752994674637,-1.1216890153862962,0.001953125
SN,sd032,51,0.029296875,-16.815113588530345,-0.6290464995529431,-0.00390625
SN,sd032,52,0.03125,-15.966427279327432,-0.5728092747896772,-0.005859375
SN,sd032,53,0.03125,-16.694056625879213,-0.6417083684984528,-0.005859375
SN,sd032,54,0.029296875,-16.266582276321852,-1.0025044095192144,-0.001953125
SN,sd032,55,0.033203125,-15.96356880254332,-0.9203505578913532,-0.01171875
SN,sd032,56,0.029296875,-13.512183772460942,-0.6603911382490424,-0.017578125
SN,sd032,57,0.029296875,-15.636006173982759,-0.6954146909922413,-0.00390625
SN,sd032,58,0.03125,-16.750639443641703,-0.7259060053439759,-0.005859375
SN,sd032,59,0.029296875,-14.706663281804332,-0.09641848621902935,-0.013671875
SN,sd032,60,0.0234375,-17.126260478518983,-1.4766956550969463,-0.00390625
SN,sd032,61,0.029296875,-15.644471256789474,0.087261758443943,0.138671875
SN,sd032,62,0.03125,-13.40344565275473,-1.2346147466135995,-0.005859375
SN,sd032,63,0.03125,-17.851773672112984,-0.23797269776894997,-0.00390625
SN,sd032,64,0.025390625,-16.120675625618087,-0.7098279354796749,-0.013671875
SN,sd032,65,0.029296875,-16.00418916900445,-0.6601534365873322,-0.0078125
SN,sd032,66,0.033203125,-13.446047233738945,-0.8001059133716593,-0.009765625
SN,sd032,67,0.033203125,-15.228422071997901,-0.20482897920196333,-0.00390625
SN,sd032,68,0.025390625,-14.409607831245356,-1.6661298335970562,0.0
SN,sd032,69,0.029296875,-16.766721850952646,-1.6607691818624846,-0.005859375
SN,sd032,70,0.033203125,-14.412763295857442,-0.6660277481717131,-0.0078125
SN,sd032,71,0.03125,-15.158511053466777,-1.0828375656360207,-0.001953125
SN,sd032,72,0.033203125,-16.90388008662185,-1.4195011205462809,-0.009765625
SN,sd032,73,0.03125,-14.774130647997515,-1.7329444702542747,-0.00390625
SN,sd032,74,0.029296875,-14.829532451246383,-1.0469756353980766,-0.0078125
SN,sd032,75,0.03125,-17.07357670210982,-2.4501226509056933,0.001953125
SN,sd032,76,0.033203125,-16.5224126349534,-0.9515720506911379,-0.001953125
SN,sd032,77,0.03125,-17.705622330518146,-0.48233982761691874,-0.0078125
SN,sd032,78,0.03125,-14.60817791233145,-0.4677103165703239,-0.015625
SN,sd032,79,0.03125,-15.577887681355321,-0.856341637495584,-0.005859375
SN,sd032,80,0.03125,-16.544229460659057,-0.5978845559703931,-0.013671875
SN,sd032,81,0.029296875,-15.659946648084446,-0.3679643796422116,-0.0078125
SN,sd032,82,0.029296875,-17.025522991116997,-1.3829596057788582,-0.005859375
SN,sd032,83,0.029296875,-15.017296932437262,-1.4655445485779808,-0.001953125
SN,sd032,84,0.03125,-17.138287136558596,-0.29731928416545045,-0.009765625
SN,sd032,85,0.02734375,-16.523965862752814,-1.6552145118909516,0.009765625
SN,sd032,86,0.03125,-15.38108876305261,-0.4536666114337353,-0.00390625
SN,sd032,87,0.03125,-19.376285311235172,-2.2775114637068348,-0.005859375
SN,sd032,88,0.02734375,-17.468841757353132,-0.24918954626067819,-0.001953125
SN,sd032,89,0.02734375,-16.902112732030876,-1.9904627467255618,0.0
SN,sd032,90,0.03125,-14.928073613997912,-1.8962337655358186,0.0
SN,sd032,91,0.02734375,-17.360744000858574,-2.3065059747101038,0.0
SN,sd032,92,0.02734375,-17.98407179536539,-1.6826150429466504,-0.00390625
SN,sd032,93,0.025390625,-18.425875947231443,-1.9949791038578577,0.001953125
SN,sd032,94,0.029296875,-15.162134454866498,-0.9691483942997774,-0.005859375
SN,sd032,95,0.03125,-16.09029247165341,-0.9830909797804199,-0.001953125
SN,sd032,96,0.02734375,-14.855047827407514,-0.44941865757918803,-0.001953125
SN,sd032,97,0.03125,-17.28313347352305,-0.1687112981799809,-0.00390625
SN,sd032,98,0.03125,-16.434458873411383,-1.327936298594644,-0.0078125
SN,sd032,99,0.029296875,-17.471004211311882,-1.7576588096517172,-0.00390625
SN,sd042,0,0.103515625,-0.7802298665716779,-1.022801188987077,0.048828125
SN,sd042,1,0.01171875,-0.7308310269676124,-0.0828515875725476,0.1171875
SN,sd042,2,0.01171875,-2.1556999897848685,-0.5531005969147087,0.0859375
SN,sd042,3,0.013671875,-1.5616376446599274,-1.004081975885077,0.0234375
SN,sd042,4,0.013671875,-0.22931072827765409,-0.20272285460813283,0.11328125
SN,sd042,5,0.01171875,-1.1670476125774991,-0.7273790993890478,0.015625
SN,sd042,6,0.0078125,-1.020364746340646,-0.03438384913609773,0.126953125
SN,sd042,7,-0.068359375,0.7256996413879921,-0.004649977733954341,0.130859375
SN,sd042,8,0.01171875,-0.916108528650418,-0.42017693577210785,0.09375
SN,sd042,9,0.111328125,-1.0335591392265,-0.17522058594122886,0.11328125
SN,sd042,10,0.091796875,-0.9782922162846683,-0.6494493994504722,0.08984375
SN,sd042,11,0.09375,-0.875360611616,-0.3208335784792468,0.107421875
SN,sd042,12,0.091796875,0.33725681784857975,-0.4084300315200468,0.1015625
SN,sd042,13,-0.001953125,-0.08627185390174219,-0.6546109460430923,0.005859375
SN,sd042,14,-0.072265625,-1.3298606434227707,0.20356848140825187,0.138671875
SN,sd042,15,0.009765625,-0.8683126310378873,-0.005477787548490783,0.125
SN,sd042,16,-0.01953125,-1.693796962115604,-0.644315787836471,0.01171875
SN,sd042,17,-0.0546875,-0.7322324298955025,-0.625498888776761,0.080078125
SN,sd042,18,0.083984375,-1.3437193341863818,-0.5902035202918344,0.08203125
SN,sd042,19,-0.021484375,0.33987687630473573,-0.05461650155735923,0.115234375
SN,sd042,20,0.00390625,-0.7543375564181227,-0.9494766202206512,0.009765625
SN,sd042,21,0.09765625,-0.6489777359353439,-0.3731186056459774,0.095703125
SN,sd042,22,0.009765625,-0.10717311403852658,-1.0045205949222396,0.064453125
SN,sd042,23,-0.021484375,-0.6061518086694715,-0.6604499898556204,0.056640625
SN,sd042,24,0.001953125,-0.589489998959845,-0.34184665576512213,0.078125
SN,sd042,25,0.0859375,-1.0299802994537912,-0.19637336766943186,0.09765625
SN,sd042,26,0.01171875,-1.0654226501168207,-0.4606474175967712,0.083984375
SN,sd042,27,0.09375,-0.41065189878998254,-0.2812222791671977,0.09765625
SN,sd042,28,0.09375,-0.30871228637317016,-0.7874410892436892,0.0859375
SN,sd042,29,-0.060546875,-1.7163367739611368,-0.11118922783585493,0.11328125
SN,sd042,30,0.08203125,-0.9000227934245428,-0.2545802892668833,0.09375
SN,sd042,31,0.01171875,-1.3336576310650834,-0.1500134723214099,0.08203125
SN,sd042,32,0.11328125,-1.39496633457721,-0.5816760958361653,0.1015625
SN,sd042,33,0.115234375,-1.0507171799857093,0.4729415384330711,0.138671875
SN,sd042,34,0.0078125,-0.5035521754695678,-0.26651079461622423,0.09765625
SN,sd042,35,0.01171875,-1.1068858013968255,-0.7043755605649936,0.021484375
SN,sd042,36,0.01171875,-0.655656355034643,0.21732202688143154,0.138671875
SN,sd042,37,0.01171875,-0.8985510676866495,-0.5562127583949824,0.087890625
SN,sd042,38,0.08984375,-3.515680592405362,-0.7940020160040794,0.087890625
SN,sd042,39,-0.0625,-1.8507568054248646,-0.5632345022451654,0.076171875
SN,sd042,40,0.015625,-1.2761634538942381,-0.39036005690040737,0.095703125
SN,sd042,41,0.009765625,-0.5578306180966912,-0.32965516079226226,0.10546875
SN,sd042,42,-0.00390625,-1.3725887724190233,-0.6756972874438804,0.09375
SN,sd042,43,0.009765625,-0.6245642871222987,0.46633410828042166,0.138671875
SN,sd042,44,0.01171875,-0.45313150495397103,0.06903390416154583,0.138671875
SN,sd042,45,-0.015625,-1.3141520394322557,-0.7867964835612277,0.08203125
SN,sd042,46,-0.0234375,-1.165624837595944,-0.5901832195074831,0.076171875
SN,sd042,47,0.083984375,-1.4304663275209424,-1.0075596756131762,0.076171875
SN,sd042,48,0.0078125,-1.267485542143147,-0.745440886706632,0.01171875
SN,sd042,49,0.009765625,-0.2396661211743618,-0.37880370877868325,0.08984375
SN,sd042,50,-0.009765625,0.7896996088924886,-0.22162292250877824,0.111328125
SN,sd042,51,-0.017578125,-0.9749237307267222,0.09983625456790127,0.138671875
SN,sd042,52,0.0078125,-1.360585517872666,-1.0365517049895934,0.052734375
SN,sd042,53,0.109375,-0.3512939506570869,-0.8209145600877973,0.076171875
SN,sd042,54,0.013671875,-0.26597253613249716,-0.1114174803899769,0.111328125
SN,sd042,55,0.00390625,-0.4245499760670466,-0.23745153343551292,0.107421875
SN,sd042,56,0.005859375,-1.893381197108174,-0.6948147180119051,0.005859375
SN,sd042,57,0.08984375,-1.1007832439816205,0.09163725396420098,0.138671875
SN,sd042,58,0.013671875,-1.8839713110504128,-0.3628434443762104,0.091796875
SN,sd042,59,-0.0703125,-1.8581010476503204,-0.013524098238096192,0.119140625
SN,sd042,60,,0.5714227101594874,0.002997945763305524,0.138671875
SN,sd042,61,0.08984375,-0.8721031027138528,0.01906661672848155,0.138671875
SN,sd042,62,0.091796875,-1.804752138255464,-0.7290597765025895,0.087890625
SN,sd042,63,0.0078125,-1.726816441611585,-0.07827141537915668,0.119140625
SN,sd042,64,0.10546875,-0.9753201469956644,-0.9071756688017165,0.068359375
SN,sd042,65,0.115234375,-0.4310142525161502,-0.23324902017761043,0.111328125
SN,sd042,66,0.013671875,-0.6273817746064534,-0.15520676889931748,0.107421875
SN,sd042,67,-0.0703125,0.25631900244703343,-0.2843778636751173,0.103515625
SN,sd042,68,,-0.9282228158681854,-0.42199551802509455,0.09375
SN,sd042,69,-0.009765625,-0.6821572662613784,-0.19415771895575423,0.10546875
SN,sd042,70,-0.060546875,-0.11617465636388138,-0.9686710186158917,0.08203125
SN,sd042,71,-0.05859375,-0.5699704092057531,-0.03770300431708812,0.12109375
SN,sd042,72,0.0078125,-0.9189234244970113,-0.6687183091144967,0.0859375
SN,sd042,73,-0.068359375,-1.2691851203910074,-0.06027658325217593,0.109375
SN,sd042,74,-0.021484375,-1.5239631309622776,-0.7133034790943648,-0.00390625
SN,sd042,75,0.01171875,-1.4909417476187343,-1.0562492676337887,0.015625
SN,sd042,76,0.00390625,-0.4863837024889355,-0.7796695716275194,0.06640625
SN,sd042,77,0.01171875,-0.6330845458769971,0.013303002088491106,0.138671875
SN,sd042,78,0.009765625,0.7074511769525236,-0.7213288671237476,0.076171875
SN,sd042,79,0.091796875,-1.5453215644944798,-0.09806787126722015,0.115234375
SN,sd042,80,-0.025390625,-0.8111363199605157,-0.46328125347333,0.076171875
SN,sd042,81,-0.0234375,-1.4417435006910457,-0.47906974570610755,0.087890625
SN,sd042,82,0.08984375,-1.504272616656609,-0.35855065457007906,0.08984375
SN,sd042,83,0.009765625,-0.3808065303430661,-0.7371021043827869,0.08203125
SN,sd042,84,-0.013671875,-0.8093259646333899,-0.3904678893315001,0.087890625
SN,sd042,85,0.01171875,-1.06706383046434,-1.2175548242542678,0.037109375
SN,sd042,86,-0.0078125,0.2742230087545581,-0.3027214240936736,0.09765625
SN,sd042,87,0.01171875,-1.1682378486733649,-0.5401191609820544,0.087890625
SN,sd042,88,0.009765625,0.1975698964580328,0.11482509040215301,0.138671875
SN,sd042,89,0.01171875,0.08253544588619022,-0.15369646879999038,0.107421875
SN,sd042,90,0.005859375,0.5090963361973326,-0.8920664417870706,0.072265625
SN,sd042,91,0.0078125,-1.5935843734025692,-0.583002706561223,0.078125
SN,sd042,92,0.087890625,-1.449956309084607,-0.790378138612186,0.078125
SN,sd042,93,0.005859375,-0.582698864541725,-0.4344062731598691,0.076171875
SN,sd042,94,0.009765625,-1.5385835685685674,-0.8981233520669457,0.0546875
SN,sd042,95,0.091796875,-2.3133642159745467,-0.3325220081697092,0.09765625
SN,sd042,96,0.091796875,0.22731653492358084,-0.36581291144407135,0.10546875
SN,sd042,97,,-1.0979864011255016,0.679568791998644,0.138671875
SN,sd042,98,-0.021484375,-1.1398395204481933,-0.2417693869008062,0.080078125
SN,sd042,99,0.0078125,-1.0171820771871536,-0.4994385405113045,0.056640625
SN,sd053,0,,-2.2525741512901103,0.558734768666176,0.138671875
SN,sd053,1,,-2.3038062210785815,1.2191855433379448,0.138671875
SN,sd053,2,0.0234375,-2.1958265391264655,0.4225040861348051,0.138671875
SN,sd053,3,,-0.8197686039757978,0.6946691330747681,0.138671875
SN,sd053,4,0.03125,-3.6538497483488297,0.6395235531911849,0.138671875
SN,sd053,5,0.03125,-0.11698715438178361,0.7073618923453103,0.138671875
SN,sd053,6,,-2.74553535971491,1.6633938229354364,0.138671875
SN,sd053,7,0.029296875,-1.1715444848850385,1.6911576082407778,0.138671875
SN,sd053,8,0.02734375,0.2940908908708088,0.3877393837443644,0.138671875
SN,sd053,9,,-2.6613066536804766,1.2672596252253039,0.138671875
SN,sd053,10,-0.0703125,-2.240308115165403,0.3470216223206211,0.138671875
SN,sd053,11,-0.01171875,-2.728214839440959,0.7553681059997943,0.138671875
SN,sd053,12,0.0234375,-3.4291755455757986,0.47311455940500496,0.138671875
SN,sd053,13,-0.0703125,-1.3905220893639814,1.89221645124791,0.138671875
SN,sd053,14,,-2.5030563371860515,1.6496235797686545,0.138671875
SN,sd053,15,0.021484375,-1.936425365077529,1.1732650173955539,0.138671875
SN,sd053,16,-0.009765625,-2.5103164822291535,-0.4292249062060853,-0.015625
SN,sd053,17,0.05859375,-2.8356011089625293,-0.0191149209685423,0.017578125
SN,sd053,18,,-2.158208972868672,1.846376751501671,0.138671875
SN,sd053,19,,-4.401731088326791,1.0343742901789101,0.138671875
SN,sd053,20,0.033203125,-1.6280804323515112,0.436547372413682,0.138671875
SN,sd053,21,-0.009765625,-3.3048785314316333,0.37251877880925466,0.138671875
SN,sd053,22,-0.041015625,-3.5802093272458966,0.5893590095257919,0.138671875
SN,sd053,23,-0.015625,-1.972678624233374,0.465646846853318,0.138671875
SN,sd053,24,0.029296875,-1.474720258466995,0.9128876817010776,0.138671875
SN,sd053,25,-0.0703125,-0.5148164486936371,1.3060172881852345,0.138671875
SN,sd053,26,0.05859375,-1.5557102536969691,1.0461117711972503,0.138671875
SN,sd053,27,0.029296875,-2.9986215839073234,0.7203788336609612,0.138671875
SN,sd053,28,-0.072265625,-0.5667357442246597,1.1231053375598592,0.138671875
SN,sd053,29,-0.072265625,-1.9493367862371196,1.0455354124698861,0.138671875
SN,sd053,30,-0.0078125,-1.9211638047208313,1.2094298570577586,0.138671875
SN,sd053,31,-0.01171875,-3.7229942317725833,-0.3394826406038912,-0.01953125
SN,sd053,32,,-1.093086425217592,1.8035428399644018,0.138671875
SN,sd053,33,,-0.8940807934517825,0.6553878897257924,0.138671875
SN,sd053,34,-0.009765625,-0.8348483209380879,-0.21809274493923778,-0.013671875
SN,sd053,35,0.029296875,-3.0598920426127716,1.0842446987670415,0.138671875
SN,sd053,36,0.025390625,-3.5482837091526696,0.876083524427954,0.138671875
SN,sd053,37,,-1.9612987434927467,0.36269094409008773,0.138671875
SN,sd053,38,-0.009765625,-2.8372681825566346,1.3537130696335045,0.138671875
SN,sd053,39,0.02734375,-1.8314613962830393,0.3393243541019637,0.138671875
SN,sd053,40,-0.015625,-4.748704394341225,0.5060960739558181,0.138671875
SN,sd053,41,-0.013671875,-1.761168948286231,0.15456911382210284,0.138671875
SN,sd053,42,-0.013671875,-2.902278996297909,0.577760530749716,0.138671875
SN,sd053,43,-0.005859375,-2.895028660982929,0.09904383393460235,0.138671875
SN,sd053,44,0.02734375,-5.875214310724927,-0.08339393079616296,0.009765625
SN,sd053,45,0.05859375,-2.4464688654975553,0.4927995206793126,0.138671875
SN,sd053,46,-0.00390625,-2.7773854099851008,0.44996499417219027,0.138671875
SN,sd053,47,-0.01171875,-2.5503115056059595,-0.05943065460550396,0.125
SN,sd053,48,0.025390625,-1.738028683489367,1.2758176515541677,0.138671875
SN,sd053,49,0.02734375,-1.9522967099329607,1.271284629474178,0.138671875
SN,sd053,50,,0.0467507010720488,0.5530912999940191,0.138671875
SN,sd053,51,-0.01171875,-2.2324582001902793,-0.24460770281038,-0.0234375
SN,sd053,52,-0.005859375,-2.432321328408042,1.0493130070935357,0.138671875
SN,sd053,53,-0.07421875,-2.125176077633889,1.1633965442245635,0.138671875
SN,sd053,54,0.05859375,-0.47001320229091,0.45091678870269775,0.138671875
SN,sd053,55,,-2.134775457545374,0.9574727747255355,0.138671875
SN,sd053,56,-0.01171875,-1.740955379738708,0.5799395073466594,0.138671875
SN,sd053,57,,-1.4147793809778986,1.2062181257453157,0.138671875
SN,sd053,58,-0.072265625,-2.8045365197434524,1.6677752470610032,0.138671875
SN,sd053,59,-0.072265625,-3.459731855227628,0.806931226557146,0.138671875
SN,sd053,60,-0.0703125,-2.1288304389507267,1.263979773772426,0.138671875
SN,sd053,61,,-2.478608539102023,0.8616006164220622,0.138671875
SN,sd053,62,-0.005859375,-0.010126596517281317,0.15322935860659906,0.138671875
SN,sd053,63,0.130859375,-3.1743995240245204,0.8363031247714224,0.138671875
SN,sd053,64,,-2.7415242565911484,0.47886014624135026,0.138671875
SN,sd053,65,-0.01171875,-0.2522888565123048,0.9650427251545176,0.138671875
SN,sd053,66,,-2.3138563072090257,1.0516841833400015,0.138671875
SN,sd053,67,-0.00390625,-3.2254063566375457,0.5673968415550134,0.138671875
SN,sd053,68,0.134765625,-1.0272367756992506,1.2132460867405226,0.138671875
SN,sd053,69,-0.0078125,-2.4943816187790393,0.7676110595166159,0.138671875
SN,sd053,70,0.134765625,-1.9350284532526878,1.3699502812767304,0.138671875
SN,sd053,71,0.02734375,-3.1450959765601505,0.6280272971805526,0.138671875
SN,sd053,72,,-1.0202244057600134,1.218951691826424,0.138671875
SN,sd053,73,-0.009765625,-3.502625308926622,0.9216844483404076,0.138671875
SN,sd053,74,-0.009765625,-2.5755023335412663,0.4285996494512839,0.138671875
SN,sd053,75,,-1.5739475863178498,1.02925422478975,0.138671875
SN,sd053,76,0.029296875,-1.6091306494326427,0.6450452820585818,0.138671875
SN,sd053,77,-0.01171875,-1.6702728847946373,-0.2615109646440664,-0.01953125
SN,sd053,78,0.0625,1.2915068410217083,0.6246764921937122,0.138671875
SN,sd053,79,0.029296875,-2.5136087726422494,0.8994072480091614,0.138671875
SN,sd053,80,,-1.0584047643473677,1.3540376761940638,0.138671875
SN,sd053,81,-0.009765625,-3.0642831132386994,0.32082315788823096,0.138671875
SN,sd053,82,-0.0078125,-3.112666304958212,0.8310672902673107,0.138671875
SN,sd053,83,,-3.0903059591079907,1.2029889626501338,0.138671875
SN,sd053,84,-0.009765625,-3.05750882494035,0.3104824306351067,0.138671875
SN,sd053,85,-0.01171875,-3.5403542328275375,0.9558323041724618,0.138671875
SN,sd053,86,0.02734375,-1.2904778221705233,0.8019356967900503,0.138671875
SN,sd053,87,-0.015625,-3.0504109671516337,-0.1777466189024166,-0.025390625
SN,sd053,88,-0.0078125,-1.3225816878221206,-0.6853278795762598,-0.015625
SN,sd053,89,0.02734375,-2.3414933407700596,0.4002836396156609,0.138671875
SN,sd053,90,-0.0703125,-2.6440523274558245,0.7985274486870723,0.138671875
SN,sd053,91,0.056640625,-1.075098117919247,0.7641222810371758,0.138671875
SN,sd053,92,-0.01171875,-1.6170017044053058,0.7333135056802756,0.138671875
SN,sd053,93,0.02734375,-0.7733323516062828,0.7310091285244241,0.138671875
SN,sd053,94,-0.017578125,-2.9799096771245592,0.6793799376927004,0.138671875
SN,sd053,95,0.05859375,-1.2557564170655486,0.7828131759097169,0.138671875
SN,sd053,96,,-0.589059037341373,1.1833885258139283,0.138671875
SN,sd053,97,-0.01171875,-1.7558342844193913,0.5451813508101877,0.138671875
SN,sd053,98,0.060546875,-0.6404335852177092,0.8376583770327926,0.138671875
SN,sd053,99,0.060546875,-3.4960391478546105,-0.28664122261842717,0.041015625
SN,sd064,0,-0.060546875,-1.481099963293837,-0.5258312969129996,0.001953125
SN,sd064,1,0.00390625,-3.0147370398768594,-0.0035476188503594736,0.09765625
SN,sd064,2,-0.064453125,-3.1585083141024444,-0.041001598759935,-0.072265625
SN,sd064,3,0.009765625,-1.9211088169691308,-0.24879740745742399,0.083984375
SN,sd064,4,0.005859375,-1.8248226645159225,-0.8594578936016228,0.005859375
SN,sd064,5,0.0078125,-3.8392034218024547,-0.2750143606186126,-0.015625
SN,sd064,6,0.005859375,-2.974041222561196,-0.7265088234441563,0.013671875
SN,sd064,7,0.037109375,-2.927693815804626,-0.6317139755859734,0.009765625
SN,sd064,8,-0.064453125,-1.5307833946922884,-0.20911880118630322,-0.013671875
SN,sd064,9,0.00390625,-3.1082623380609573,-0.10420138874076032,-0.0078125
SN,sd064,10,0.0078125,-2.3725094550705723,-0.4291898961195845,-0.001953125
SN,sd064,11,-0.0625,-2.146654698188929,-0.7031858912307303,0.005859375
SN,sd064,12,-0.068359375,-2.235955956933095,0.5017687056479,0.138671875
SN,sd064,13,-0.06640625,-1.0582850333703366,0.3601145782888703,0.138671875
SN,sd064,14,0.0,-2.69776934184371,0.2868637753244472,0.138671875
SN,sd064,15,-0.060546875,-2.819317758089516,-0.42074111184495777,0.025390625
SN,sd064,16,0.0078125,-1.6361972025785507,-0.37625375515690307,0.02734375
SN,sd064,17,-0.060546875,-2.3930849321359937,-0.2272304261688331,-0.01953125
SN,sd064,18,-0.001953125,-2.4348619559736355,-0.5070498843199734,-0.001953125
SN,sd064,19,0.001953125,-2.7722031021935982,-1.1665653951347128,0.001953125
SN,sd064,20,0.0078125,-2.971856791039939,-0.936857553994467,-0.0078125
SN,sd064,21,-0.068359375,-2.7398846650423168,0.5113033056812671,0.138671875
SN,sd064,22,-0.060546875,-0.7219640947435131,-0.07498831837317396,0.099609375
SN,sd064,23,0.0078125,-2.18742543529217,-0.15601729318441082,0.09375
SN,sd064,24,0.005859375,-2.9216605476661224,-0.5532459401322495,0.021484375
SN,sd064,25,0.080078125,-2.789749663136935,-1.0504989604676542,0.03125
SN,sd064,26,0.001953125,-2.59832605853888,-0.6110893708232845,-0.00390625
SN,sd064,27,0.001953125,-2.4570907082193214,0.1208507336800789,0.138671875
SN,sd064,28,-0.06640625,-2.0099095025567046,0.3114854093314086,0.138671875
SN,sd064,29,0.001953125,-2.0328969112550928,-0.6469913226958288,0.041015625
SN,sd064,30,-0.05859375,-1.9790337320426592,-0.8349112616235989,0.01953125
SN,sd064,31,-0.013671875,-2.434870396572276,-0.2258654607422786,0.0
SN,sd064,32,0.001953125,-2.6872180284820986,-0.5738233768236797,0.0078125
SN,sd064,33,-0.05859375,-1.8665535236960407,0.1945912302796176,0.138671875
SN,sd064,34,0.0078125,-2.7863898534191667,-0.629404115353523,0.00390625
SN,sd064,35,0.009765625,-3.135877226307673,-0.7480654643762943,0.017578125
SN,sd064,36,-0.060546875,-2.0804195356190243,0.43970774822709974,0.138671875
SN,sd064,37,0.017578125,-2.7242222748878473,-0.21938422290156437,-0.001953125
SN,sd064,38,-0.0625,-3.197822977798891,0.7472692837426066,0.138671875
SN,sd064,39,-0.064453125,-2.8223628184086627,-0.5844137977520428,0.056640625
SN,sd064,40,0.005859375,-1.8477734822865188,-0.9627797889701368,0.01953125
SN,sd064,41,-0.05859375,-1.3219571129964462,0.43519077753059593,0.138671875
SN,sd064,42,-0.05859375,-2.216448125883824,0.18514447521513985,0.138671875
SN,sd064,43,0.005859375,-2.395136167371248,-0.5266201916866341,-0.001953125
SN,sd064,44,-0.0625,-1.2176634768048502,-0.48172263170492335,0.056640625
SN,sd064,45,-0.064453125,-2.072083545673526,-0.5689520106621963,0.009765625
SN,sd064,46,-0.05859375,-0.8384824314557604,0.6320207952489871,0.138671875
SN,sd064,47,-0.064453125,-1.968408054627555,-0.31094976717592804,0.09375
SN,sd064,48,-0.00390625,-2.058121148813857,-0.8475934908749171,0.0
SN,sd064,49,0.00390625,-2.8783968936834743,-0.7971582420078293,0.037109375
SN,sd064,50,-0.00390625,-2.5511147444794515,0.681585047783489,0.138671875
SN,sd064,51,-0.064453125,-2.120524264311437,0.3870607567888444,0.138671875
SN,sd064,52,0.099609375,-0.9633148264169323,-0.8454267343155538,0.0078125
SN,sd064,53,-0.064453125,-1.8688521626180736,0.17542411813764155,0.138671875
SN,sd064,54,0.013671875,-1.0953901895898446,-0.21648939801808492,0.08203125
SN,sd064,55,-0.05859375,-2.1851977139780145,0.16633878693496218,0.138671875
SN,sd064,56,-0.05859375,-2.8620902843221723,-0.2514192754790999,-0.0625
SN,sd064,57,-0.06640625,-1.2088122743784333,0.9083528413519952,0.138671875
SN,sd064,58,0.00390625,-2.6473122816394166,-0.7471014024289102,-0.0078125
SN,sd064,59,-0.068359375,-1.8560198817823053,0.32336723338069023,0.138671875
SN,sd064,60,0.009765625,-0.7003331234863386,-1.0701871260108202,0.017578125
SN,sd064,61,-0.064453125,-2.192376228116155,0.048935857860494994,0.138671875
SN,sd064,62,-0.060546875,-1.8753691414655709,-0.06386966933159673,-0.06640625
SN,sd064,63,0.001953125,-2.7645046808322054,0.009931068783745256,0.138671875
SN,sd064,64,-0.0078125,-3.0281548751448715,-0.24862235078009645,-0.01171875
SN,sd064,65,0.01171875,-1.8460462150958714,-0.141223895980738,0.015625
SN,sd064,66,-0.015625,-2.4453782987446715,0.46621670176289254,0.138671875
SN,sd064,67,-0.05859375,-3.2783301631239636,0.24711607556603202,0.138671875
SN,sd064,68,-0.0625,-1.2193982769670124,0.43065471636214486,0.138671875
SN,sd064,69,,-0.39167504807349407,0.1792042104823459,0.138671875
SN,sd064,70,0.10546875,-1.334295759593942,-0.12768477310699394,0.099609375
SN,sd064,71,0.001953125,-3.8399020461104287,-0.9740232694699278,0.001953125
SN,sd064,72,-0.064453125,-1.6550392627543307,0.39798514770951815,0.138671875
SN,sd064,73,-0.0625,-2.561386702063467,0.11998619095962591,0.138671875
SN,sd064,74,0.0,-1.1686580550555572,0.2880148192503656,0.138671875
SN,sd064,75,-0.00390625,-1.463135528000315,-0.303954234198911,0.087890625
SN,sd064,76,0.001953125,-1.7467619508815795,0.2367515615994034,0.138671875
SN,sd064,77,0.029296875,-2.7401335739586927,-0.140075871412582,-0.0625
SN,sd064,78,-0.056640625,-2.7592626424759117,0.17112402229254306,0.138671875
SN,sd064,79,0.013671875,-1.9030758579981768,0.225533409924734,0.138671875
SN,sd064,80,0.0078125,-2.1043431095252934,-0.1909330250825801,-0.005859375
SN,sd064,81,-0.0546875,-1.107677808537718,-0.7076354326925985,0.021484375
SN,sd064,82,0.0,-2.794060098478557,-0.04459216692939326,-0.06640625
SN,sd064,83,0.001953125,-0.48756568102099934,0.35375899976157604,0.138671875
SN,sd064,84,-0.05859375,-1.7602503266457468,-0.011122122351839432,0.12890625
SN,sd064,85,-0.068359375,-2.1221042798637413,0.2716822988880935,0.138671875
SN,sd064,86,0.109375,-3.12205785933623,-0.5690624183359436,0.0
SN,sd064,87,-0.060546875,-3.056661740940804,0.36897991903823396,0.138671875
SN,sd064,88,-0.001953125,-2.2594623854415152,0.002198481582775306,0.138671875
SN,sd064,89,-0.001953125,-1.1306314513245463,0.32693141742226095,0.138671875
SN,sd064,90,-0.060546875,-2.920436915920687,0.7735049862419878,0.138671875
SN,sd064,91,-0.05859375,-1.7019064789642797,-0.11530567096156445,-0.0625
SN,sd064,92,-0.0625,-1.6348009200898943,-0.07617641866542717,-0.06640625
SN,sd064,93,-0.01953125,-1.1993168316492073,0.5220376234666905,0.138671875
SN,sd064,94,-0.060546875,-2.6216194418679635,-0.05440197411304402,-0.068359375
SN,sd064,95,-0.0625,-1.223868357341528,-0.20460221734133657,0.00390625
SN,sd064,96,-0.064453125,-1.8840097589157618,0.32776143090471205,0.138671875
SN,sd064,97,0.00390625,-1.0532688106082817,0.23565937609205875,0.138671875
SN,sd064,98,0.0234375,-0.8951552033750193,-0.9320993744628367,0.013671875
SN,sd064,99,0.001953125,-2.1452312649038077,0.004796101288593614,0.138671875
BN,sd011,0,0.0625,-3.805214080946584,-0.2281509629282553,0.095703125
BN,sd011,1,0.05859375,-3.778955899387446,-0.5228211131540276,0.091796875
BN,sd011,2,0.06640625,-3.5280028118036415,-1.0339816191509292,0.068359375
BN,sd011,3,0.05859375,-2.0926163959688333,-1.1640487879031038,0.05859375
BN,sd011,4,0.083984375,-2.614746643482209,-1.3240159833934027,0.068359375
BN,sd011,5,0.041015625,-2.866162044623488,-0.17940392844827338,0.076171875
BN,sd011,6,0.064453125,-3.118381644192404,-1.3831984621420048,0.068359375
BN,sd011,7,0.064453125,-2.5623883149893945,-0.31777208592594114,0.099609375
BN,sd011,8,0.060546875,-3.3685543628907557,-0.6360652057037208,0.0703125
BN,sd011,9,0.0390625,-2.8144033242205824,-0.6924268281073814,0.07421875
BN,sd011,10,0.0703125,-2.712729743458258,-0.9358532923843185,0.0703125
BN,sd011,11,0.04296875,-1.910431555480875,-0.6186992165502028,0.0703125
BN,sd011,12,0.0625,-2.2660972004509627,-0.7582473980498688,0.064453125
BN,sd011,13,0.06640625,-2.2688555406140356,-0.5225259850372442,0.080078125
BN,sd011,14,0.076171875,-3.6403274265641516,-1.5201133280060244,0.0703125
BN,sd011,15,0.046875,-3.4466786573831207,-1.0859785036505085,0.0703125
BN,sd011,16,0.068359375,-3.0496436703644547,-0.4394733754719785,0.095703125
BN,sd011,17,0.0625,-4.208636986067071,-1.9813543461429153,0.060546875
BN,sd011,18,0.06640625,-5.042272077744875,-0.7768987589801102,0.07421875
BN,sd011,19,0.05078125,-4.0910765407543055,-0.7484924369515248,0.08203125
BN,sd011,20,0.05859375,-2.2972345767591262,-0.8779051340794842,0.06640625
BN,sd011,21,0.05859375,-3.523209583065581,-0.9290292097356074,0.07421875
BN,sd011,22,0.052734375,-3.0963565621425535,-1.094808531933267,0.068359375
BN,sd011,23,0.103515625,-3.116417853543773,-0.42997757685025295,0.1015625
BN,sd011,24,0.06640625,-2.5861588316474315,-0.7939478585937768,0.064453125
BN,sd011,25,0.0703125,-3.1360994354828877,-0.4331593052025332,0.080078125
BN,sd011,26,0.0625,-3.377615175916983,-1.1295159083484265,0.0546875
BN,sd011,27,0.099609375,-2.8124234889821373,-0.4592021125963015,0.091796875
BN,sd011,28,0.05859375,-3.309521228928768,-1.0304715831734768,0.056640625
BN,sd011,29,0.07421875,-2.4856151711276584,-0.8565479911166692,0.0703125
BN,sd011,30,0.0625,-3.336013874257768,-1.1578343106609463,0.0546875
BN,sd011,31,0.0546875,-2.788248595051057,-1.2437638779761397,0.064453125
BN,sd011,32,0.064453125,-3.455107164535734,-1.4278459118605438,0.060546875
BN,sd011,33,0.064453125,-3.954826671392846,-0.09255122875062384,0.09375
BN,sd011,34,0.05859375,-1.9707087552891003,-0.615022348169254,0.068359375
BN,sd011,35,0.060546875,-4.278167729974688,-1.2121866590520765,0.0625
BN,sd011,36,0.0546875,-2.736745729589722,-0.4984005454191762,0.064453125
BN,sd011,37,0.05078125,-4.958790444082329,-1.2112367051885313,0.052734375
BN,sd011,38,0.103515625,-1.0851886160782152,-0.45005448441807644,0.09765625
BN,sd011,39,0.06640625,-2.4455614251922544,-1.040027134329064,0.0703125
BN,sd011,40,0.05078125,-1.8398411955198561,-0.9367348498884832,0.06640625
BN,sd011,41,0.064453125,-3.680506632417642,-0.8606294154854617,0.07421875
BN,sd011,42,0.05859375,-3.5289719997033244,-1.2055063792945329,0.068359375
BN,sd011,43,0.0703125,-2.4302842823502147,0.22776764817656864,0.138671875
BN,sd011,44,0.05859375,-2.0555599304304626,-0.5239754433968976,0.076171875
BN,sd011,45,0.041015625,-2.727182411282868,-0.6770859002468146,0.072265625
BN,sd011,46,0.060546875,-3.7048055957857438,-1.4158212530103345,0.0625
BN,sd011,47,0.0625,-2.9482547397036503,-0.9081603781260758,0.064453125
BN,sd011,48,0.060546875,-2.85862582207218,-1.1519903239349858,0.0625
BN,sd011,49,0.068359375,-2.6439107164619258,-0.5151339169798692,0.095703125
BN,sd011,50,0.05859375,-3.8021965207942547,-1.4088963552602682,0.06640625
BN,sd011,51,0.060546875,-2.899632002155354,-0.6135793033133162,0.078125
BN,sd011,52,0.05859375,-2.0697777302751166,-1.024850314173865,0.06640625
BN,sd011,53,0.06640625,-2.584637994603364,-0.14220416484076462,0.099609375
BN,sd011,54,0.0625,-3.6122594774161576,-1.3374817886312687,0.060546875
BN,sd011,55,0.056640625,-2.7350990893520666,-0.9920967731150452,0.068359375
BN,sd011,56,0.056640625,-4.406574204902144,-1.3991323899275,0.060546875
BN,sd011,57,0.07421875,-3.4347535462286958,-0.8455808663276952,0.072265625
BN,sd011,58,0.0625,-4.468806305204353,-0.23433651234486508,0.080078125
BN,sd011,59,0.06640625,-3.3975276990602605,-0.3882018052385505,0.080078125
BN,sd011,60,0.05859375,-2.8145566977883716,-0.4868992011745899,0.076171875
BN,sd011,61,0.05859375,-2.8700219703298724,-0.5937036831077206,0.0859375
BN,sd011,62,0.064453125,-2.9513641740315517,-0.5035819393539506,0.076171875
BN,sd011,63,0.06640625,-4.036965916018403,-0.7607768739792599,0.072265625
BN,sd011,64,0.0625,-3.0765797888345148,-1.1041282931296001,0.072265625
BN,sd011,65,0.0625,-3.238751968312208,-0.6277921004351665,0.072265625
BN,sd011,66,0.060546875,-2.9110202149583904,-0.10163980068144148,0.07421875
BN,sd011,67,0.060546875,-2.4854468427995,-0.6443604538298919,0.080078125
BN,sd011,68,0.060546875,-4.138229933141669,-1.2244772933043941,0.05859375
BN,sd011,69,0.060546875,-2.5000346794715353,-0.46691724580789196,0.072265625
BN,sd011,70,0.068359375,-1.7532605738601537,-0.8425456083735169,0.072265625
BN,sd011,71,0.064453125,-3.3853632393924586,-1.0393505768948483,0.0625
BN,sd011,72,0.0625,-3.674434028151612,-0.5384030088174675,0.076171875
BN,sd011,73,0.068359375,-3.279664841188511,-1.0917860338964598,0.072265625
BN,sd011,74,0.1015625,-2.7926678180554143,-0.540036232537615,0.09375
BN,sd011,75,0.0625,-3.097085376346134,-0.6210713349428715,0.064453125
BN,sd011,76,0.0625,-3.5166137729472626,-0.24756741907737195,0.091796875
BN,sd011,77,0.05859375,-2.877667943066284,-1.2549343257051622,0.0703125
BN,sd011,78,0.099609375,-3.492941109031231,-1.0479220083137801,0.078125
BN,sd011,79,0.064453125,-4.189361312516279,-0.8994543674366439,0.06640625
BN,sd011,80,0.056640625,-2.9049292431622353,-1.294142320449927,0.068359375
BN,sd011,81,0.06640625,-2.4578966504358695,-1.4503732289673734,0.052734375
BN,sd011,82,0.068359375,-3.803621522325867,-0.5034690098048646,0.08984375
BN,sd011,83,0.064453125,-2.266163855909752,-0.31347615456581995,0.099609375
BN,sd011,84,0.06640625,-4.091945221168754,-1.2998805887061182,0.06640625
BN,sd011,85,0.0625,-3.695213099852343,-1.2313066378407298,0.06640625
BN,sd011,86,0.060546875,-3.3822365167442063,-1.0526639768375683,0.064453125
BN,sd011,87,0.06640625,-4.008052089274045,-1.7560957283608989,0.0625
BN,sd011,88,0.080078125,-3.802711998329045,-1.2320372539830073,0.076171875
BN,sd011,89,0.0625,-2.8495907054911718,-0.4138972502187067,0.076171875
BN,sd011,90,0.06640625,-3.6368363068369205,-0.7584635444158678,0.0859375
BN,sd011,91,0.05859375,-1.9517063411442086,-0.3502978466118574,0.087890625
BN,sd011,92,0.056640625,-3.081213670442086,-0.6706076644529887,0.080078125
BN,sd011,93,0.0546875,-3.241303701091836,-0.8578317093875925,0.0703125
BN,sd011,94,0.068359375,-2.601712255722079,-1.217242127862359,0.07421875
BN,sd011,95,0.046875,-3.4985079042964884,-0.9787459819045605,0.060546875
BN,sd011,96,0.0625,-3.1387175777992615,-0.299151157940026,0.099609375
BN,sd011,97,0.05859375,-3.989582437643106,-1.6307298810602315,0.0546875
BN,sd011,98,0.064453125,-3.773694218226633,-0.9605629341904373,0.072265625
BN,sd011,99,0.09765625,-2.7189208998531855,-0.6168881313613748,0.076171875
BN,sd022,0,-0.01953125,-1.6282827215171287,-0.09197192112015183,0.05859375
BN,sd022,1,0.041015625,-2.0204377898388017,0.1726990739437834,0.138671875
BN,sd022,2,-0.0234375,-3.39860632404221,-0.8359048716038452,0.01953125
BN,sd022,3,-0.0234375,-4.105655194177686,-0.633964278576793,-0.013671875
BN,sd022,4,-0.01953125,-2.3475823114984733,-1.3317688038180786,0.015625
BN,sd022,5,-0.025390625,-4.295136403596267,-0.8905873925592361,0.01171875
BN,sd022,6,-0.021484375,-4.13653049935796,-0.4523050892029098,0.0390625
BN,sd022,7,0.03515625,-3.6207684751309026,-0.7246030218132887,0.029296875
BN,sd022,8,0.06640625,-3.4829425488763883,-0.4173339041811265,0.052734375
BN,sd022,9,-0.0234375,-3.8308628280392023,-0.7391552516894692,0.00390625
BN,sd022,10,-0.021484375,-3.1836379839233473,-0.36177462538196464,0.056640625
BN,sd022,11,0.064453125,-2.42235913209329,-0.8279672237143096,0.03515625
BN,sd022,12,0.068359375,-2.397764138029857,-0.5310409030838924,0.03515625
BN,sd022,13,-0.01953125,-2.04671586518531,-0.534568427906333,0.001953125
BN,sd022,14,-0.025390625,-3.8195811024826103,-0.8024408772290386,0.0390625
BN,sd022,15,0.033203125,-3.230092577448665,-0.6745913166139496,0.025390625
BN,sd022,16,-0.021484375,-3.102283112478644,-0.6952683739218691,0.001953125
BN,sd022,17,-0.0234375,-2.550871740916996,-0.7120236989412188,0.052734375
BN,sd022,18,-0.021484375,-3.1089029652394555,-0.0935850651650013,0.025390625
BN,sd022,19,-0.01953125,-2.7066238022397338,-0.576197037659273,0.017578125
BN,sd022,20,-0.0234375,-2.847175862225244,-0.7500785040813323,0.0234375
BN,sd022,21,-0.01953125,-3.662978319957004,-0.6780967077856681,0.0
BN,sd022,22,-0.0234375,-3.148339077595008,-1.2185787610373335,0.0390625
BN,sd022,23,-0.0234375,-2.181771437414725,-0.1285632285856234,-0.00390625
BN,sd022,24,-0.07421875,-3.0439122547067696,0.19621023325173906,0.138671875
BN,sd022,25,0.072265625,-2.226346955043389,-1.2338711226899437,0.03125
BN,sd022,26,-0.02734375,-2.73302462172112,-0.6292109046753022,0.001953125
BN,sd022,27,0.06640625,-2.0774063941446577,-0.06817800124240736,0.044921875
BN,sd022,28,0.0703125,-2.448852265317609,-0.5168173275020905,0.046875
BN,sd022,29,-0.025390625,-3.58543073902028,0.2500492002294975,0.138671875
BN,sd022,30,-0.02734375,-3.054603057096882,-0.480340409370939,-0.0078125
BN,sd022,31,-0.0234375,-2.8010623049517873,-0.8988535055633956,0.02734375
BN,sd022,32,-0.021484375,-3.1411468607814728,-1.094523461885244,0.0078125
BN,sd022,33,-0.01953125,-2.3579796342794346,0.4360037252437063,0.138671875
BN,sd022,34,0.064453125,-2.0462985074139843,-1.2973082941910066,0.033203125
BN,sd022,35,-0.02734375,-3.417279401942711,-0.30029492959014104,-0.017578125
BN,sd022,36,-0.0234375,-2.9342639162306536,-0.6484144562023761,0.009765625
BN,sd022,37,-0.025390625,-3.5121817695484676,0.4989619993087124,0.138671875
BN,sd022,38,-0.025390625,-3.3478418964017815,-0.6730824688832812,0.037109375
BN,sd022,39,0.0703125,-3.2866366471484993,-0.4079613435594993,0.03125
BN,sd022,40,0.0703125,-2.7804945630719837,-0.7266320649347249,0.05078125
BN,sd022,41,0.068359375,-3.2238316189519503,-0.6761329165493638,0.04296875
BN,sd022,42,-0.021484375,-2.5887964626912914,-0.4306889786227554,-0.009765625
BN,sd022,43,0.06640625,-2.463835968769456,-0.19016255893078046,0.04296875
BN,sd022,44,-0.01953125,-3.1757327990007167,-0.8931943090579851,0.0390625
BN,sd022,45,-0.021484375,-3.3521230249008083,-0.6033245822276861,0.0234375
BN,sd022,46,-0.0234375,-2.6571861470480513,-0.4798613270450326,0.0390625
BN,sd022,47,-0.0234375,-2.564640808274365,-0.5569982538602994,0.048828125
BN,sd022,48,,-0.9884415389376736,0.07186255877883828,0.138671875
BN,sd022,49,0.068359375,-2.0524312686243142,-0.026575727458741,0.0234375
BN,sd022,50,-0.025390625,-2.739781182687272,-0.751955311894118,0.0
BN,sd022,51,-0.0234375,-2.807734352585011,-0.4127262192299654,0.0234375
BN,sd022,52,0.0390625,-4.563774619752174,-0.72330869666705,0.048828125
BN,sd022,53,-0.01953125,-2.834239011019854,-0.0809874596919238,-0.013671875
BN,sd022,54,-0.01953125,-2.1938121886957056,-0.7773262124872049,-0.00390625
BN,sd022,55,0.03125,-3.1627875438794675,-0.3351088066969246,0.033203125
BN,sd022,56,0.064453125,-2.307030605922077,-0.1730999188003823,0.060546875
BN,sd022,57,-0.021484375,-1.6269715905552362,-1.1158026996777204,0.0
BN,sd022,58,-0.025390625,-4.104286664135566,-0.48109408078511795,0.025390625
BN,sd022,59,-0.0234375,-2.9066322089841403,-1.038642969089394,0.01171875
BN,sd022,60,-0.021484375,-2.3802838573819587,-0.5066808476741941,0.046875
BN,sd022,61,0.068359375,-2.5217922400532022,0.27552639031900533,0.138671875
BN,sd022,62,-0.02734375,-2.264717838312133,-0.4786263841557124,0.044921875
BN,sd022,63,-0.021484375,-3.943893266076467,-0.2574146325072772,-0.01953125
BN,sd022,64,0.0703125,-2.3700623826098806,-0.1249455664364171,0.048828125
BN,sd022,65,0.06640625,-2.5900527816215955,0.36881998720536113,0.138671875
BN,sd022,66,-0.0234375,-2.561215255493373,-0.09643469299199557,0.033203125
BN,sd022,67,-0.0234375,-2.832445069915961,-0.679769118286285,0.037109375
BN,sd022,68,-0.0234375,-2.260421755802078,-0.31607263595346763,0.005859375
BN,sd022,69,-0.021484375,-3.0912243850850274,-0.64089050174344,0.03125
BN,sd022,70,-0.021484375,-2.7806039656438863,-1.3137642478074711,0.0390625
BN,sd022,71,0.064453125,-2.4647110778682775,-0.23162137342890823,0.041015625
BN,sd022,72,-0.021484375,-0.9611024879901409,-0.7247111273706752,0.041015625
BN,sd022,73,0.072265625,-2.26489240407143,0.4520475301106671,0.138671875
BN,sd022,74,-0.0234375,-2.9782651686840964,-0.9058963852255625,0.048828125
BN,sd022,75,-0.0234375,-3.222080031888755,-0.14696438552154723,0.0390625
BN,sd022,76,-0.0234375,-1.780945162065488,-0.04421850876348806,0.125
BN,sd022,77,-0.0234375,-2.834901135110201,-0.6410234318816175,0.015625
BN,sd022,78,-0.0234375,-2.6390372383628353,-0.4607964589813735,-0.01953125
BN,sd022,79,-0.021484375,-3.5934458019831386,-0.48776050316820724,0.001953125
BN,sd022,80,-0.0234375,-2.8498444345108913,-0.4072993818849616,0.056640625
BN,sd022,81,-0.021484375,-2.4144286016216583,-0.1373345841003952,-0.015625
BN,sd022,82,-0.0234375,-1.3034721129260411,0.5061703395770095,0.138671875
BN,sd022,83,-0.072265625,-3.474806971580507,0.7191720650472414,0.138671875
BN,sd022,84,0.0703125,-2.2829384819400107,-0.39362565177200015,0.052734375
BN,sd022,85,-0.0234375,-4.020580165647727,-0.7779433832683255,0.03125
BN,sd022,86,-0.0234375,-4.050351926562166,0.05410949804941706,0.138671875
BN,sd022,87,0.06640625,-3.39336288444397,-0.4440982628250741,0.052734375
BN,sd022,88,0.06640625,-3.035295142775591,-0.3640592144015306,0.056640625
BN,sd022,89,-0.017578125,-3.819422544775063,-0.48492895921391416,-0.017578125
BN,sd022,90,-0.0234375,-1.0635781420024877,0.07373058023985088,0.138671875
BN,sd022,91,0.06640625,-2.544759009559199,-0.6757416536654074,0.01953125
BN,sd022,92,-0.01953125,-3.3244447367215417,-0.3052005680908061,0.0390625
BN,sd022,93,-0.01953125,-2.58833606974836,-1.1908220498652824,0.017578125
BN,sd022,94,0.068359375,-2.874350264502602,0.24330624638276535,0.138671875
BN,sd022,95,0.0703125,-2.151597295973801,-0.934177320437411,0.0546875
BN,sd022,96,-0.0234375,-2.8796889517455115,-0.6677996275980566,-0.00390625
BN,sd022,97,0.07421875,-3.967775907970295,-0.22721476793384035,0.0703125
BN,sd022,98,0.044921875,-2.7591712479495385,-0.42597269515495767,0.0546875
BN,sd022,99,,-3.4317858858634156,0.4135292417936066,0.138671875
BN,sd032,0,0.07421875,-19.287122130178407,-8.00793967699929,0.068359375
BN,sd032,1,0.076171875,-21.415781374653804,-8.118662608454988,0.0703125
BN,sd032,2,0.0703125,-21.562232787618605,-7.744084950388738,0.068359375
BN,sd032,3,0.0703125,-21.673156415713898,-8.32264805059778,0.068359375
BN,sd032,4,0.072265625,-23.68288266783359,-9.690676424296132,0.0625
BN,sd032,5,0.068359375,-21.0900861460825,-10.546430982369202,0.0625
BN,sd032,6,0.07421875,-22.193710236738312,-8.902391484609865,0.06640625
BN,sd032,7,0.07421875,-20.590183540869766,-7.565178145696747,0.068359375
BN,sd032,8,0.0703125,-21.276872994641188,-9.154483894642002,0.068359375
BN,sd032,9,0.07421875,-22.445450791917906,-8.712207743287385,0.068359375
BN,sd032,10,0.0703125,-21.650882328521497,-9.534075366717193,0.06640625
BN,sd032,11,0.072265625,-21.945757125556614,-9.061490255875686,0.06640625
BN,sd032,12,0.068359375,-21.901969099681917,-8.65078044933878,0.06640625
BN,sd032,13,0.0703125,-22.399568345483935,-8.525302180147571,0.06640625
BN,sd032,14,0.0703125,-20.076385597481142,-8.789904175248903,0.06640625
BN,sd032,15,0.0703125,-21.448276255132008,-7.94869670783894,0.0703125
BN,sd032,16,0.078125,-22.155572875598352,-8.685022392885722,0.0703125
BN,sd032,17,0.07421875,-19.576391508252097,-8.49380743179037,0.0703125
BN,sd032,18,0.072265625,-23.140030063819083,-9.242831159741062,0.06640625
BN,sd032,19,0.0703125,-21.879025613105103,-8.521797983283241,0.06640625
BN,sd032,20,0.0703125,-22.125443353486332,-8.292539635581019,0.068359375
BN,sd032,21,0.0703125,-21.599076199729524,-8.606362129482923,0.06640625
BN,sd032,22,0.072265625,-21.241948605415125,-8.010790845503928,0.068359375
BN,sd032,23,0.068359375,-22.647355943213235,-8.626869652132203,0.06640625
BN,sd032,24,0.07421875,-21.79931486427741,-9.029211014818348,0.068359375
BN,sd032,25,0.072265625,-21.7214584559512,-8.636523698615994,0.068359375
BN,sd032,26,0.068359375,-20.249162770038414,-9.014316879258386,0.0625
BN,sd032,27,0.0703125,-20.698000615682147,-8.051309702793551,0.068359375
BN,sd032,28,0.07421875,-18.57289369024489,-7.478098561733658,0.072265625
BN,sd032,29,0.072265625,-22.430190735328814,-7.255144072113919,0.072265625
BN,sd032,30,0.068359375,-22.21789349336118,-7.601564130013565,0.068359375
BN,sd032,31,0.072265625,-20.26130256041492,-9.311314155872859,0.064453125
BN,sd032,32,0.0703125,-22.799424812941027,-8.49537397558007,0.06640625
BN,sd032,33,0.072265625,-20.313007386327996,-8.162633266284073,0.068359375
BN,sd032,34,0.072265625,-21.06600740345852,-8.733701445590006,0.06640625
BN,sd032,35,0.072265625,-20.965854948416208,-8.283347964401232,0.068359375
BN,sd032,36,0.072265625,-22.686912669481845,-9.109709504298829,0.068359375
BN,sd032,37,0.07421875,-23.840751247933518,-8.975761107855307,0.064453125
BN,sd032,38,0.068359375,-19.81922164697191,-7.299487394948049,0.068359375
BN,sd032,39,0.072265625,-19.8704449519543,-8.607745129991475,0.06640625
BN,sd032,40,0.072265625,-23.79502807869584,-7.475444411288436,0.072265625
BN,sd032,41,0.0703125,-16.77361456732131,-6.972506884527877,0.0703125
BN,sd032,42,0.072265625,-20.57759486874502,-7.766791130272817,0.068359375
BN,sd032,43,0.072265625,-21.134187026017763,-8.872940277756635,0.064453125
BN,sd032,44,0.0703125,-21.61869409507012,-8.084407839824122,0.068359375
BN,sd032,45,0.072265625,-21.52192442541692,-8.809377795137992,0.068359375
BN,sd032,46,0.07421875,-22.33532036494314,-8.027243978288706,0.072265625
BN,sd032,47,0.076171875,-21.204935689367716,-8.404649057129111,0.0703125
BN,sd032,48,0.076171875,-19.699684218096294,-7.768849966506851,0.0703125
BN,sd032,49,0.072265625,-21.6757077291631,-8.559559479323084,0.06640625
BN,sd032,50,0.068359375,-22.11650984809423,-8.589142251132253,0.064453125
BN,sd032,51,0.076171875,-22.555345992290793,-9.541737981084655,0.068359375
BN,sd032,52,0.0703125,-19.469260675947268,-7.992699962099143,0.06640625
BN,sd032,53,0.068359375,-21.34787360595255,-9.08898402427183,0.06640625
BN,sd032,54,0.068359375,-21.882536462839134,-9.067716428731943,0.064453125
BN,sd032,55,0.07421875,-22.41563646592945,-7.641144002353839,0.072265625
BN,sd032,56,0.0703125,-21.45546716206793,-7.781503793382478,0.0703125
BN,sd032,57,0.072265625,-20.794548005656456,-7.765320354969065,0.0703125
BN,sd032,58,0.0703125,-18.980438759539858,-8.536923575919882,0.064453125
BN,sd032,59,0.0703125,-18.68555796946387,-8.15837194166511,0.068359375
BN,sd032,60,0.0703125,-19.901449193349983,-8.250652282372732,0.06640625
BN,sd032,61,0.0703125,-20.47065486217717,-8.643047496844249,0.06640625
BN,sd032,62,0.07421875,-20.735040685239788,-8.733995931966467,0.06640625
BN,sd032,63,0.076171875,-20.420854319669324,-7.665914199920822,0.0703125
BN,sd032,64,0.0703125,-18.972678009693496,-7.794507272461942,0.068359375
BN,sd032,65,0.0703125,-19.69360666153144,-8.554373945474994,0.06640625
BN,sd032,66,0.072265625,-22.522088022027646,-8.675220889180812,0.068359375
BN,sd032,67,0.0703125,-22.015905325706072,-9.741005387473166,0.064453125
BN,sd032,68,0.0703125,-20.937835170853376,-7.927649755875486,0.068359375
BN,sd032,69,0.0703125,-19.647975597457087,-8.528346983720322,0.064453125
BN,sd032,70,0.0703125,-22.20306083138061,-8.891744388878694,0.064453125
BN,sd032,71,0.068359375,-21.08556863489682,-8.855727929923805,0.0625
BN,sd032,72,0.072265625,-21.186825359842494,-8.45216260425129,0.0703125
BN,sd032,73,0.072265625,-22.625433579945387,-8.189614821621825,0.06640625
BN,sd032,74,0.072265625,-22.928006267424376,-8.44332364729652,0.0703125
BN,sd032,75,0.0703125,-23.101772735945804,-8.629930414765477,0.06640625
BN,sd032,76,0.076171875,-21.16301379209555,-9.945851374496977,0.06640625
BN,sd032,77,0.072265625,-21.611613107982564,-9.154466205381837,0.06640625
BN,sd032,78,0.072265625,-20.26466024468992,-7.338616933374425,0.0703125
BN,sd032,79,0.072265625,-22.230050909648646,-9.056574420345667,0.068359375
BN,sd032,80,0.07421875,-19.402408636285756,-8.471898388750061,0.06640625
BN,sd032,81,0.0703125,-19.120107843632297,-7.709877870656276,0.068359375
BN,sd032,82,0.0703125,-20.663152978014917,-9.505133215836404,0.0625
BN,sd032,83,0.072265625,-20.397571922660752,-6.797421811262136,0.072265625
BN,sd032,84,0.078125,-21.22457457673837,-7.7910289738679115,0.072265625
BN,sd032,85,0.0703125,-20.44007223092171,-8.612232374556799,0.06640625
BN,sd032,86,0.068359375,-21.32674890496982,-8.774296430812909,0.06640625
BN,sd032,87,0.07421875,-22.148154136235036,-8.43455397128082,0.06640625
BN,sd032,88,0.07421875,-22.73569128159682,-8.17166441755541,0.0703125
BN,sd032,89,0.07421875,-22.375460390564154,-7.9159737890295245,0.068359375
BN,sd032,90,0.0703125,-21.558502786234865,-8.759588658619112,0.06640625
BN,sd032,91,0.072265625,-22.993778267659877,-9.087943346535074,0.0703125
BN,sd032,92,0.0703125,-20.110906487864856,-8.575071280980158,0.06640625
BN,sd032,93,0.07421875,-21.491988298113053,-8.569674869593667,0.06640625
BN,sd032,94,0.07421875,-21.43696144573642,-8.849149467908088,0.06640625
BN,sd032,95,0.068359375,-21.16715270846136,-8.361187944694501,0.064453125
BN,sd032,96,0.068359375,-20.560972955442374,-8.585173300381017,0.06640625
BN,sd032,97,0.072265625,-22.2713239676757,-9.10384300457882,0.064453125
BN,sd032,98,0.076171875,-21.27553542000005,-9.30065808647694,0.06640625
BN,sd032,99,0.0703125,-22.0074708544947,-8.46163444150566,0.068359375
BN,sd042,0,0.033203125,-4.687261598095692,-1.2343901794331715,0.068359375
BN,sd042,1,0.046875,-4.874700897256823,-1.5851326226653382,0.0546875
BN,sd042,2,0.052734375,-6.3641943448963,-2.24653517505192,0.05859375
BN,sd042,3,0.041015625,-3.471642361826597,-1.7118727098500646,0.0546875
BN,sd042,4,0.04296875,-2.7925282910591123,-1.468968705178955,0.056640625
BN,sd042,5,0.037109375,-4.302355213060305,-1.6569400889101118,0.056640625
BN,sd042,6,0.0546875,-4.396497963492427,-1.271858213340708,0.06640625
BN,sd042,7,0.033203125,-5.1855077440951325,-2.5207999873354536,0.060546875
BN,sd042,8,0.048828125,-5.126699391278157,-1.5416518511127424,0.0625
BN,sd042,9,0.033203125,-5.468034765228543,-2.0076908145569416,0.0546875
BN,sd042,10,0.046875,-3.9240704468427134,-1.939489011324133,0.060546875
BN,sd042,11,0.0546875,-4.551009786603222,-1.3652058882438922,0.064453125
BN,sd042,12,0.048828125,-4.33329989521736,-1.7302739886631464,0.052734375
BN,sd042,13,0.044921875,-4.27410072352682,-1.9293901980500894,0.048828125
BN,sd042,14,0.05078125,-3.0999464154089873,-1.5384557135488957,0.064453125
BN,sd042,15,0.046875,-4.459747411870485,-1.8236342520139257,0.052734375
BN,sd042,16,0.03125,-3.09580496105894,-1.3985605913040138,0.044921875
BN,sd042,17,0.037109375,-5.159163215362255,-2.0680173559217994,0.05078125
BN,sd042,18,0.0390625,-4.341634197926951,-0.9677385557613783,0.068359375
BN,sd042,19,0.048828125,-5.611384883799831,-2.8560832360759525,0.05078125
BN,sd042,20,0.033203125,-4.347733421376787,-1.1285164191644745,0.048828125
BN,sd042,21,0.04296875,-6.30526307237305,-2.3398557139855787,0.048828125
BN,sd042,22,0.037109375,-4.533164851829315,-1.8567823321602792,0.056640625
BN,sd042,23,0.044921875,-4.124578905367792,-1.79067663149638,0.056640625
BN,sd042,24,0.048828125,-5.304962989410731,-1.9232779731458902,0.056640625
BN,sd042,25,0.044921875,-4.904350835679825,-1.9506547972666475,0.046875
BN,sd042,26,0.048828125,-3.371448501573994,-1.530990759799168,0.05859375
BN,sd042,27,0.048828125,-4.965558295060277,-1.85448713754918,0.048828125
BN,sd042,28,0.0390625,-3.8528526632562916,-1.6746784474629586,0.0546875
BN,sd042,29,0.044921875,-3.9786576720452578,-1.6654051791024098,0.05859375
BN,sd042,30,0.03515625,-2.7288908617188268,-1.288176444595353,0.05078125
BN,sd042,31,0.033203125,-3.520793829291523,-1.5765975773233845,0.056640625
BN,sd042,32,0.033203125,-5.832950235564958,-2.360709225089124,0.052734375
BN,sd042,33,0.044921875,-3.3261658364298263,-1.3975780818142967,0.05078125
BN,sd042,34,0.03515625,-5.406079266397494,-1.7606327077939137,0.0546875
BN,sd042,35,0.029296875,-3.433620972559183,-2.521615207344545,0.048828125
BN,sd042,36,0.033203125,-5.722854296186718,-1.537930957491587,0.044921875
BN,sd042,37,0.052734375,-3.613262920547492,-1.2615635970946433,0.072265625
BN,sd042,38,0.046875,-5.1124862634206485,-1.749653897225121,0.05859375
BN,sd042,39,0.05859375,-6.654807959076047,-2.490646198106884,0.056640625
BN,sd042,40,0.03515625,-5.384000786391748,-1.4858750858969796,0.05078125
BN,sd042,41,0.0390625,-5.521496568503782,-1.6368354318000728,0.056640625
BN,sd042,42,0.033203125,-3.5165913201913552,-1.448759195083781,0.072265625
BN,sd042,43,0.05078125,-5.657046595171929,-2.0656260350289553,0.056640625
BN,sd042,44,0.037109375,-4.742781472103953,-1.0598867370528338,0.048828125
BN,sd042,45,0.056640625,-5.252640989967837,-1.0263105265173862,0.078125
BN,sd042,46,0.041015625,-4.524976562139408,-1.5024207123867863,0.05859375
BN,sd042,47,0.037109375,-3.858225521364469,-1.0409769942278884,0.0625
BN,sd042,48,0.03515625,-4.563756110070151,-1.780746173038404,0.056640625
BN,sd042,49,0.037109375,-4.927970901632987,-2.3690415675825696,0.056640625
BN,sd042,50,0.037109375,-3.849400533125993,-1.362918370258456,0.056640625
BN,sd042,51,0.037109375,-4.030219684216579,-1.8009851981314313,0.052734375
BN,sd042,52,0.03515625,-3.552698029430507,-1.6547705738336194,0.068359375
BN,sd042,53,0.0390625,-4.951562680623607,-1.691296382050987,0.048828125
BN,sd042,54,0.04296875,-4.7260541717853615,-1.703617498117317,0.044921875
BN,sd042,55,0.029296875,-6.243933521764278,-2.4056336087908825,0.046875
BN,sd042,56,0.033203125,-4.585634254491334,-1.4486364337139201,0.0546875
BN,sd042,57,0.03515625,-4.1789744066489165,-1.380840230401253,0.048828125
BN,sd042,58,0.05078125,-4.986843441412284,-1.6616808766498299,0.05859375
BN,sd042,59,0.03125,-3.3405147343773267,-1.292771206329396,0.052734375
BN,sd042,60,0.033203125,-4.330605159317999,-0.944847910807663,0.068359375
BN,sd042,61,0.0546875,-6.493441068708519,-2.1960216762223164,0.0625
BN,sd042,62,0.044921875,-6.266739936085205,-1.248230239820495,0.052734375
BN,sd042,63,0.044921875,-3.4164801555583737,-1.9169609811926878,0.052734375
BN,sd042,64,0.033203125,-3.3695254130221546,-1.3048244829144369,0.068359375
BN,sd042,65,0.029296875,-4.2845962714130055,-1.647905099799253,0.0546875
BN,sd042,66,0.03515625,-4.311171024877577,-2.033111025261442,0.04296875
BN,sd042,67,0.033203125,-4.320418420936463,-2.411284853048928,0.041015625
BN,sd042,68,0.03515625,-4.6863787520600795,-1.8214686105121207,0.0546875
BN,sd042,69,0.037109375,-4.654910028053128,-1.5764133710568176,0.041015625
BN,sd042,70,0.037109375,-4.55295285848597,-1.7741762277940833,0.046875
BN,sd042,71,0.03515625,-4.223375092390662,-1.6695852542051708,0.044921875
BN,sd042,72,0.05078125,-4.6517454765764565,-1.8737061788293974,0.05859375
BN,sd042,73,0.033203125,-4.856493837114854,-1.798280616933808,0.05859375
BN,sd042,74,0.046875,-2.4831857681975196,-1.5140149303938781,0.05078125
BN,sd042,75,0.048828125,-4.2491044417278445,-0.6749513661062047,0.060546875
BN,sd042,76,0.037109375,-4.967360596488893,-2.4529759386312437,0.046875
BN,sd042,77,0.0390625,-4.078359316978893,-1.9302126120798715,0.0546875
BN,sd042,78,0.052734375,-4.645008878238867,-1.550614726764848,0.06640625
BN,sd042,79,0.033203125,-3.3427016082268084,-1.3964943917357056,0.064453125
BN,sd042,80,0.0390625,-5.19253333483424,-1.7457826111008743,0.044921875
BN,sd042,81,0.041015625,-4.898204763115135,-1.7633977964857388,0.048828125
BN,sd042,82,0.048828125,-4.9090780770430555,-0.6957184587378806,0.0625
BN,sd042,83,0.037109375,-4.482604198271845,-1.4242482464868298,0.056640625
BN,sd042,84,0.048828125,-5.535802943952641,-1.3851012462102328,0.0625
BN,sd042,85,0.0390625,-4.395647145501833,-1.716767285753458,0.052734375
BN,sd042,86,0.037109375,-4.797488480132855,-1.4616817372090571,0.052734375
BN,sd042,87,0.0390625,-2.5189212696692986,-1.9364889905732148,0.0546875
BN,sd042,88,0.0390625,-3.9847631866529793,-1.2248996773680543,0.05078125
BN,sd042,89,0.033203125,-3.825551247006701,-1.3746524625776395,0.05078125
BN,sd042,90,0.03125,-5.126843672330811,-2.7923408821546962,0.046875
BN,sd042,91,0.03125,-3.889737218174693,-1.3859162408879038,0.0625
BN,sd042,92,0.0390625,-4.643180538730341,-1.5761687886293065,0.056640625
BN,sd042,93,0.041015625,-5.321127409532521,-2.5322773808413226,0.041015625
BN,sd042,94,0.048828125,-5.635112037081296,-1.8736203707536092,0.05859375
BN,sd042,95,0.046875,-3.894595825460141,-1.7355698389313956,0.05859375
BN,sd042,96,0.0546875,-4.310892071021678,-1.9709376527908593,0.068359375
BN,sd042,97,0.033203125,-5.448014390896731,-2.015080790728232,0.046875
BN,sd042,98,0.052734375,-4.123376751597638,-1.5286557103186809,0.05859375
BN,sd042,99,0.041015625,-3.249805060200983,-0.9434247458510716,0.064453125
BN,sd053,0,0.064453125,-8.28805083860849,-3.7223720619891134,0.0546875
BN,sd053,1,0.064453125,-9.165385224734681,-3.8536190562591055,0.052734375
BN,sd053,2,0.072265625,-8.279085652798527,-3.4567136822170723,0.060546875
BN,sd053,3,0.06640625,-6.15124857868945,-3.100055487459049,0.056640625
BN,sd053,4,0.068359375,-5.584361754311576,-3.2873529867403524,0.052734375
BN,sd053,5,0.064453125,-7.45435633674233,-2.901191048897696,0.0625
BN,sd053,6,0.06640625,-8.4164786977865,-4.042646369343935,0.048828125
BN,sd053,7,0.06640625,-7.247351387039861,-3.0406945732761694,0.0546875
BN,sd053,8,0.064453125,-8.064900873319925,-3.527179722770757,0.056640625
BN,sd053,9,0.068359375,-5.920176228888521,-3.4207760280049695,0.052734375
BN,sd053,10,0.068359375,-7.146963333229923,-2.3646974282599045,0.05859375
BN,sd053,11,0.064453125,-7.102981045136991,-2.951378482736417,0.056640625
BN,sd053,12,0.0625,-6.527136162115542,-3.125741763707811,0.056640625
BN,sd053,13,0.06640625,-7.098752651099351,-3.0071320552052225,0.056640625
BN,sd053,14,0.06640625,-5.666467470594327,-2.5567397708811694,0.0546875
BN,sd053,15,0.0625,-8.171108432348774,-4.001651689619565,0.052734375
BN,sd053,16,0.060546875,-6.248556982458561,-3.52417874220584,0.052734375
BN,sd053,17,0.068359375,-9.185532256147752,-3.086002911211545,0.05078125
BN,sd053,18,0.0703125,-7.429788223069028,-3.430002280141225,0.060546875
BN,sd053,19,0.064453125,-9.078237157431523,-4.482620207931992,0.052734375
BN,sd053,20,0.06640625,-7.965983399243655,-3.306749381228543,0.05859375
BN,sd053,21,0.0625,-7.229820077356983,-3.1917258227367133,0.0546875
BN,sd053,22,0.06640625,-6.6658924115624725,-2.609448731793628,0.0546875
BN,sd053,23,0.064453125,-6.324470685994138,-2.628715977450086,0.05859375
BN,sd053,24,0.06640625,-8.478476415959948,-3.3381885413517765,0.056640625
BN,sd053,25,0.068359375,-6.372628582418681,-3.7468872394493595,0.05859375
BN,sd053,26,0.0625,-8.865763944461303,-3.8664710642681888,0.05859375
BN,sd053,27,0.064453125,-5.929247362718355,-3.0087079825753458,0.0625
BN,sd053,28,0.064453125,-7.766533332258264,-4.622987821273268,0.052734375
BN,sd053,29,0.064453125,-7.3534201306639675,-3.1661478519499164,0.052734375
BN,sd053,30,0.064453125,-7.243567821885277,-3.1854497867813825,0.0546875
BN,sd053,31,0.064453125,-6.2321782897601095,-2.6609739777758414,0.0625
BN,sd053,32,0.06640625,-8.224057633629473,-2.9245234596189422,0.060546875
BN,sd053,33,0.068359375,-9.771945662077748,-3.548935004741815,0.0625
BN,sd053,34,0.064453125,-5.640824159214342,-3.701880859639266,0.048828125
BN,sd053,35,0.068359375,-8.633064066099182,-3.1484644938532163,0.0625
BN,sd053,36,0.06640625,-5.881054563705701,-2.4767930388123625,0.0625
BN,sd053,37,0.0625,-6.755850883493524,-3.639164070199865,0.052734375
BN,sd053,38,0.05859375,-7.731389928061321,-3.6632326356344445,0.044921875
BN,sd053,39,0.068359375,-4.926251424103825,-3.0121514668230467,0.05078125
BN,sd053,40,0.06640625,-6.525440216743202,-2.6241655220441897,0.0625
BN,sd053,41,0.064453125,-8.452383117965745,-2.736972926901726,0.05859375
BN,sd053,42,0.0625,-7.246580814544754,-3.456129943278986,0.064453125
BN,sd053,43,0.068359375,-7.66310302218402,-3.784348714525266,0.060546875
BN,sd053,44,0.06640625,-6.062268510127395,-3.536803580075888,0.052734375
BN,sd053,45,0.06640625,-5.613328698620081,-2.7089952140862836,0.056640625
BN,sd053,46,0.068359375,-7.885547335758193,-2.759685352316802,0.0625
BN,sd053,47,0.0625,-7.303924387179199,-3.1718884017047464,0.060546875
BN,sd053,48,0.0625,-8.059889624601322,-3.2859284463952965,0.0546875
BN,sd053,49,0.060546875,-7.314101867954908,-2.767881806296384,0.052734375
BN,sd053,50,0.064453125,-8.734218548763275,-2.6304531272910117,0.060546875
BN,sd053,51,0.064453125,-5.9837367883865555,-3.173659951699187,0.048828125
BN,sd053,52,0.064453125,-7.712593573057875,-3.179321985842443,0.064453125
BN,sd053,53,0.06640625,-6.3699725721172324,-2.6968848877316205,0.056640625
BN,sd053,54,0.06640625,-6.642009889379019,-3.207779726419468,0.052734375
BN,sd053,55,0.064453125,-8.742445800846726,-3.8212165163811895,0.0546875
BN,sd053,56,0.068359375,-10.258984540964823,-3.6356802464804465,0.0625
BN,sd053,57,0.068359375,-8.494055781327576,-3.194719711209572,0.0546875
BN,sd053,58,0.064453125,-8.039803727999947,-2.84848018157952,0.056640625
BN,sd053,59,0.068359375,-7.885135322441197,-3.5029679103147893,0.05859375
BN,sd053,60,0.0625,-7.437062482109792,-2.3072244647125615,0.056640625
BN,sd053,61,0.064453125,-6.652104941550864,-3.342021333185035,0.056640625
BN,sd053,62,0.0703125,-3.6266965844964636,-2.263928111973853,0.05859375
BN,sd053,63,0.064453125,-9.549468384492052,-4.435571657631491,0.060546875
BN,sd053,64,0.0703125,-7.251708080128057,-3.232958912264926,0.05859375
BN,sd053,65,0.068359375,-7.037761899308451,-2.3753807283562494,0.056640625
BN,sd053,66,0.06640625,-5.656358441789774,-2.5560998841067155,0.0625
BN,sd053,67,0.064453125,-6.377335177148129,-3.204200680123488,0.056640625
BN,sd053,68,0.068359375,-9.838601250090232,-3.321871684578031,0.05859375
BN,sd053,69,0.064453125,-6.940869797630598,-3.2924355271910315,0.052734375
BN,sd053,70,0.068359375,-6.4040651497043335,-2.2990375866342796,0.060546875
BN,sd053,71,0.068359375,-8.582855815753893,-2.693084467575713,0.060546875
BN,sd053,72,0.0546875,-4.775069293641204,-3.678183210413547,0.05078125
BN,sd053,73,0.060546875,-7.933508508825189,-3.9803676257482645,0.060546875
BN,sd053,74,0.068359375,-8.010812802951916,-2.5252525004143473,0.05859375
BN,sd053,75,0.060546875,-8.900167089329635,-3.809712875299853,0.056640625
BN,sd053,76,0.064453125,-5.550360647796255,-2.3107892387959432,0.056640625
BN,sd053,77,0.06640625,-7.975287363054993,-3.219765152047941,0.046875
BN,sd053,78,0.0625,-8.766073451073552,-4.9308107438906985,0.052734375
BN,sd053,79,0.0625,-7.129149082736219,-3.024344677438376,0.060546875
BN,sd053,80,0.0625,-5.386958769151584,-2.9578656177612985,0.0546875
BN,sd053,81,0.060546875,-7.19700216113655,-2.6737358289994932,0.060546875
BN,sd053,82,0.05859375,-5.812898431330427,-2.444026539694039,0.056640625
BN,sd053,83,0.06640625,-6.341385400031182,-3.3230503474504016,0.056640625
BN,sd053,84,0.06640625,-4.928268097042828,-2.782057299085224,0.05078125
BN,sd053,85,0.0703125,-6.751139207924544,-3.038746795235143,0.05859375
BN,sd053,86,0.0625,-6.258357959744622,-3.2162971987653544,0.056640625
BN,sd053,87,0.064453125,-4.629588355292934,-3.5282550481423023,0.05078125
BN,sd053,88,0.06640625,-8.49358949897298,-3.4496172051450165,0.0625
BN,sd053,89,0.068359375,-4.358402522604253,-2.68689557408432,0.05859375
BN,sd053,90,0.06640625,-8.106427780947387,-3.393862042464864,0.056640625
BN,sd053,91,0.064453125,-8.785117516457536,-3.177634862456036,0.060546875
BN,sd053,92,0.064453125,-6.336358685919228,-2.327024300621133,0.05859375
BN,sd053,93,0.0703125,-6.615132282685493,-3.02750524705924,0.0546875
BN,sd053,94,0.064453125,-5.634757912822106,-2.981036047544641,0.0546875
BN,sd053,95,0.064453125,-8.124689120538891,-3.5216887923921427,0.052734375
BN,sd053,96,0.0625,-9.228775932230397,-3.7705566495038085,0.048828125
BN,sd053,97,0.0625,-8.836019444329253,-3.769209650711519,0.060546875
BN,sd053,98,0.064453125,-7.130468903601275,-3.136609322586881,0.0546875
BN,sd053,99,0.064453125,-6.541570756493435,-2.9023042705863964,0.0546875
BN,sd064,0,0.046875,-2.125925162647641,-0.0375161703056557,0.091796875
BN,sd064,1,0.048828125,-3.200076770278433,-1.2126842997634069,0.0546875
BN,sd064,2,0.052734375,-3.577307669850152,-0.9814645583991121,0.078125
BN,sd064,3,0.048828125,-2.184356015917116,-0.7673364563593046,0.083984375
BN,sd064,4,0.048828125,-2.936802395910432,-1.008633069581711,0.05859375
BN,sd064,5,0.048828125,-2.4587752771203775,-1.7523882358412537,0.0625
BN,sd064,6,0.048828125,-3.230982188060852,-1.0413325683970907,0.07421875
BN,sd064,7,0.052734375,-2.505462606243238,-0.6931305152157744,0.08203125
BN,sd064,8,0.0546875,-2.5591809002805936,-0.571162338228175,0.0859375
BN,sd064,9,0.052734375,-2.936908311496242,-0.8957199283730297,0.0859375
BN,sd064,10,0.087890625,-1.3647181878663621,-0.7818810684349053,0.0859375
BN,sd064,11,0.05078125,-4.403806689890876,-1.1332854918885613,0.060546875
BN,sd064,12,0.05078125,-4.972047301441346,-1.5257899844357004,0.076171875
BN,sd064,13,0.046875,-4.408516562300528,-0.8349101232449382,0.083984375
BN,sd064,14,0.08984375,-4.227223402961727,-1.0297698978087362,0.072265625
BN,sd064,15,0.056640625,-2.9032291575487035,-1.242552850675503,0.076171875
BN,sd064,16,0.060546875,-2.3804918984664676,-1.2707134351026643,0.0703125
BN,sd064,17,0.056640625,-2.533972610006174,-1.1039417617296312,0.060546875
BN,sd064,18,0.046875,-2.7516599113827946,-0.9156886455658741,0.080078125
BN,sd064,19,0.05078125,-1.744615474590032,-0.7829826252247695,0.08203125
BN,sd064,20,0.056640625,-3.975524002344535,-1.6355409087310642,0.056640625
BN,sd064,21,0.048828125,-2.1140465822903494,-0.7309374128954781,0.080078125
BN,sd064,22,0.046875,-3.091256141554985,-1.011322786650584,0.0625
BN,sd064,23,0.046875,-3.078379767841862,-1.096299265099074,0.072265625
BN,sd064,24,0.05078125,-3.2933880357779852,-1.1612046540850602,0.0703125
BN,sd064,25,0.048828125,-4.331600873937704,-1.2277812447804242,0.072265625
BN,sd064,26,0.060546875,-4.296219522796108,-1.410835031455708,0.064453125
BN,sd064,27,0.048828125,-2.9322674143273275,-1.1410307834408326,0.056640625
BN,sd064,28,0.05859375,-4.649527237023333,-1.1769307128830202,0.0703125
BN,sd064,29,0.05078125,-2.5570008299674503,-1.1897032534250587,0.068359375
BN,sd064,30,0.02734375,-2.269051000713772,-1.1397683857859433,0.072265625
BN,sd064,31,0.046875,-2.7009799211049774,-0.6845674702537424,0.09375
BN,sd064,32,0.0625,-2.170487039648603,-1.3551022767140968,0.0703125
BN,sd064,33,0.052734375,-3.4411513436616383,-1.0434834806589823,0.05859375
BN,sd064,34,0.09375,-3.232736452251078,-0.8881127330033021,0.087890625
BN,sd064,35,0.05859375,-2.9050357024328184,-1.0671834537941645,0.0859375
BN,sd064,36,0.044921875,-3.262402072092434,-0.8353798267610022,0.091796875
BN,sd064,37,0.0390625,-1.4251629363918816,-0.946547457644458,0.064453125
BN,sd064,38,0.099609375,-1.1449935052233342,-0.33935406813798735,0.103515625
BN,sd064,39,0.06640625,-2.109063870413305,-1.299161644309692,0.0625
BN,sd064,40,0.05078125,-3.8261429038631736,-1.0829711575473975,0.0703125
BN,sd064,41,0.04296875,-2.2573494405405614,-0.9978588090108048,0.064453125
BN,sd064,42,0.04296875,-2.8353367487501413,-0.9454193943231568,0.07421875
BN,sd064,43,0.046875,-1.8397481202721195,-1.1208904822595918,0.076171875
BN,sd064,44,0.052734375,-2.2157154924954714,-0.8794349803212818,0.078125
BN,sd064,45,0.052734375,-2.4442710486145245,-0.9919237209610446,0.08203125
BN,sd064,46,0.0546875,-2.2528923088450843,-0.719837405402404,0.08203125
BN,sd064,47,0.087890625,-2.66454022574941,-1.039180962888995,0.080078125
BN,sd064,48,0.03515625,-3.303065076836507,-1.0052939897981776,0.078125
BN,sd064,49,0.044921875,-2.6441723853860135,-0.8558050093734855,0.072265625
BN,sd064,50,0.048828125,-0.7745177846540721,-1.0501882114672607,0.052734375
BN,sd064,51,0.05078125,-3.575317294778282,-0.5985377845059939,0.080078125
BN,sd064,52,0.052734375,-2.2954198178003393,-0.7492944787745005,0.091796875
BN,sd064,53,0.05078125,-3.540504434519458,-1.495759397425706,0.060546875
BN,sd064,54,0.05078125,-2.169097708500132,-0.18318769873732027,0.10546875
BN,sd064,55,0.0390625,-2.853157003313972,-1.001392961437638,0.0546875
BN,sd064,56,0.046875,-2.2529489475544753,-0.8183514513967894,0.0546875
BN,sd064,57,0.048828125,-2.2334880120423524,-0.884119379843806,0.07421875
BN,sd064,58,0.052734375,-2.3487083904303665,-0.7028936068438705,0.08984375
BN,sd064,59,0.046875,-3.1052006426029566,-0.4778865530842218,0.091796875
BN,sd064,60,0.046875,-2.6673159755876226,-0.9688109392024636,0.06640625
BN,sd064,61,0.048828125,-3.504367575051748,-0.3583069348575784,0.07421875
BN,sd064,62,0.05078125,-3.584381770349935,-0.777960173740128,0.07421875
BN,sd064,63,0.05078125,-1.6518840143364066,-0.4370201771019155,0.087890625
BN,sd064,64,0.041015625,-3.459683650288336,-1.6628739337342755,0.052734375
BN,sd064,65,0.033203125,-3.237029812480774,-1.5397938893944674,0.06640625
BN,sd064,66,0.05078125,-3.8385911892825906,-1.3454942616815095,0.04296875
BN,sd064,67,0.083984375,-1.9426053198372517,-1.429721352253805,0.076171875
BN,sd064,68,0.048828125,-1.5615931872786255,-0.35778695200185123,0.08984375
BN,sd064,69,0.04296875,-3.049914622427459,-0.5722062440030137,0.087890625
BN,sd064,70,0.05078125,-2.310143843307067,-1.429438653704882,0.060546875
BN,sd064,71,0.05078125,-2.366825585722136,-1.0121067984309244,0.064453125
BN,sd064,72,0.0859375,-2.3744662553445446,-1.903888126020368,0.076171875
BN,sd064,73,0.052734375,-2.9417264412904216,-0.7171933151732891,0.08984375
BN,sd064,74,0.048828125,-3.4713113825243838,-1.0441372280550836,0.0703125
BN,sd064,75,0.044921875,-3.182018315598163,-1.3967155350130567,0.05859375
BN,sd064,76,0.05078125,-3.139898781178617,-1.3035552151731529,0.064453125
BN,sd064,77,0.056640625,-2.7516555174033472,-1.6853919688758798,0.064453125
BN,sd064,78,0.04296875,-1.8468700976683394,-1.6928893958211588,0.05859375
BN,sd064,79,0.048828125,-2.4541259512254148,-0.8752294311198858,0.083984375
BN,sd064,80,0.048828125,-2.5462316480783906,-1.2216809707273224,0.080078125
BN,sd064,81,0.052734375,-3.0302238568157835,-0.6700287956480422,0.076171875
BN,sd064,82,0.048828125,-2.253879001142443,-0.9079750345805174,0.07421875
BN,sd064,83,0.060546875,-0.6773163901975217,-0.4027523039951871,0.087890625
BN,sd064,84,0.0390625,-2.6841675615350393,-0.7762055616534778,0.068359375
BN,sd064,85,0.048828125,-1.6121928524304,-0.6798814703646782,0.078125
BN,sd064,86,0.052734375,-2.4609813205571625,-1.8627049833151428,0.05078125
BN,sd064,87,0.0546875,-1.6091862329810096,-0.6357965136271829,0.060546875
BN,sd064,88,0.06640625,-0.841838010080878,-0.9490023959273441,0.068359375
BN,sd064,89,0.05078125,-3.499740474254172,-1.6781057332463054,0.056640625
BN,sd064,90,0.052734375,-1.0003794372584958,-0.6806820785776555,0.0859375
BN,sd064,91,0.04296875,-0.654818208047085,-0.9283484417991837,0.052734375
BN,sd064,92,0.052734375,-3.5069564662519523,-0.24167071971412188,0.1015625
BN,sd064,93,0.056640625,-2.6041691087673273,-0.9411986947433105,0.0703125
BN,sd064,94,0.041015625,-2.3909398385400635,-0.9079566110276568,0.05859375
BN,sd064,95,0.0546875,-2.4061289084819104,-0.6705844483623169,0.087890625
BN,sd064,96,0.048828125,-1.783695496967666,-0.9643899242928667,0.078125
BN,sd064,97,0.052734375,-3.7106055015130304,-0.4889439815656088,0.083984375
BN,sd064,98,0.046875,-2.3507227799048453,-0.7451440797208596,0.072265625
BN,sd064,99,0.052734375,-2.5592418925068237,-1.0461065221049286,0.05078125
CN,sd042,0,,-1.4757897052467106,0.9697807848500254,0.138671875
CN,sd042,1,0.0859375,-2.708745040106117,0.018076329156473638,0.138671875
CN,sd042,2,,-1.8112642692955054,1.3912086806249528,0.138671875
CN,sd042,3,0.02734375,-1.4014086573366276,-0.043106543514412295,0.033203125
CN,sd042,4,,-0.6566549523114809,1.7879850052845099,0.138671875
CN,sd042,5,,-0.277813062698999,1.3018442119451532,0.138671875
CN,sd042,6,,0.13511366597039215,1.2795410198159407,0.138671875
CN,sd042,7,,-2.760875775291465,0.924938702901964,0.138671875
CN,sd042,8,0.08984375,-2.3446245078487697,0.913877187780048,0.138671875
CN,sd042,9,,-0.9572177882563194,0.33971883592046254,0.138671875
CN,sd042,10,,-1.9290376280219264,0.7022756863085553,0.138671875
CN,sd042,11,,-0.0168549397536244,1.200043678631286,0.138671875
CN,sd042,12,,-2.032179719979127,0.5899426189534399,0.138671875
CN,sd042,13,0.095703125,-1.0917944777609188,0.2385647610137629,0.138671875
CN,sd042,14,0.087890625,-2.413855006072012,0.2901494236559615,0.138671875
CN,sd042,15,0.087890625,-1.0700050452905359,0.12192994690279609,0.138671875
CN,sd042,16,,-1.4044184415952767,1.2230677059179993,0.138671875
CN,sd042,17,0.05859375,-2.999498045142114,0.3626187177093952,0.138671875
CN,sd042,18,0.09765625,-2.8609553789986992,0.14591074560508646,0.138671875
CN,sd042,19,,-1.2700362678519748,0.3069016950740533,0.138671875
CN,sd042,20,0.0703125,-2.0420742674541494,0.33279150578811934,0.138671875
CN,sd042,21,0.09375,-1.229113345672761,0.2241919606979355,0.138671875
CN,sd042,22,,-2.2400632828195195,0.9404145039612674,0.138671875
CN,sd042,23,,-1.7426652986266387,1.534887485794346,0.138671875
CN,sd042,24,,-2.699164480463236,0.7821590447890943,0.138671875
CN,sd042,25,,-0.9857814636640316,0.6498617584521933,0.138671875
CN,sd042,26,,-0.914113854625094,0.903766331073837,0.138671875
CN,sd042,27,0.08984375,-2.7789349696482475,0.22374909501343238,0.138671875
CN,sd042,28,0.095703125,-1.7551228910646914,0.16062956215914667,0.138671875
CN,sd042,29,0.091796875,-1.691807903661133,0.9627429854810361,0.138671875
CN,sd042,30,0.08984375,-2.613413441626662,0.3217939067947864,0.138671875
CN,sd042,31,0.095703125,-3.1622233536482613,1.0031677657662819,0.138671875
CN,sd042,32,,-1.6045671925988376,0.8452303523075649,0.138671875
CN,sd042,33,0.087890625,-0.21161740821313696,0.6657931704241619,0.138671875
CN,sd042,34,,-2.4816996506795967,1.3306974638539815,0.138671875
CN,sd042,35,0.09375,-2.1833451487624376,1.2785682419772024,0.138671875
CN,sd042,36,0.091796875,-2.821703428192528,0.41512649257693013,0.138671875
CN,sd042,37,,-0.12499110934012633,0.9097797592876348,0.138671875
CN,sd042,38,0.09375,-1.967087059369852,1.0266550242088743,0.138671875
CN,sd042,39,0.095703125,-3.2705734557307005,0.06679268453448987,0.138671875
CN,sd042,40,0.095703125,-1.907145304176065,-0.02907551837750379,0.091796875
CN,sd042,41,0.08984375,-1.364215010882573,-0.12836255026255775,0.046875
CN,sd042,42,,-1.2594445598756077,1.2934078868363605,0.138671875
CN,sd042,43,0.08203125,-2.1031861961775205,0.012357915849144013,0.138671875
CN,sd042,44,,-2.6302212986153957,0.5721600570547835,0.138671875
CN,sd042,45,-0.060546875,-0.9928638664612146,0.49538802088713246,0.138671875
CN,sd042,46,0.095703125,-1.7232816632926635,0.09423771787235194,0.138671875
CN,sd042,47,0.087890625,-1.0337812529388977,0.2781671808022385,0.138671875
CN,sd042,48,,-2.1517468691843646,0.610773558900509,0.138671875
CN,sd042,49,,-1.9585048892564572,0.7683894313753702,0.138671875
CN,sd042,50,0.08984375,-2.582308036205962,0.9987102223984617,0.138671875
CN,sd042,51,,-2.4465470854370692,0.6927396093285536,0.138671875
CN,sd042,52,,-1.5683533730570773,1.2304337782011798,0.138671875
CN,sd042,53,,-1.7468121491411592,0.8396185124480873,0.138671875
CN,sd042,54,0.09375,-1.195944096959506,0.8052402344308993,0.138671875
CN,sd042,55,,-2.3398934937388813,0.7097569136932329,0.138671875
CN,sd042,56,0.09765625,-0.548034198944396,0.9062320042415639,0.138671875
CN,sd042,57,0.08984375,-0.677490187833883,0.17647600353259668,0.138671875
CN,sd042,58,,-0.49981677593498786,0.3779426912578141,0.138671875
CN,sd042,59,,-0.6535190447057513,0.481388202339241,0.138671875
CN,sd042,60,0.095703125,-3.1770282722985583,-0.198652586684359,0.09375
CN,sd042,61,,-1.012055065991183,0.6267573158296241,0.138671875
CN,sd042,62,,-2.0908501908950625,0.33990372921854306,0.138671875
CN,sd042,63,-0.060546875,-1.7941822896199644,1.3146024121629323,0.138671875
CN,sd042,64,0.060546875,-1.9592269258934647,-0.0796911861696736,0.052734375
CN,sd042,65,0.068359375,-1.1720889473668108,0.22488368435127612,0.138671875
CN,sd042,66,0.08984375,-1.7980000988298874,0.0552173908127393,0.138671875
CN,sd042,67,,-0.8255492384008998,1.229762549291456,0.138671875
CN,sd042,68,0.095703125,-1.2471576519148821,0.7864286266098122,0.138671875
CN,sd042,69,,-0.960109699047424,0.817518301990153,0.138671875
CN,sd042,70,0.091796875,-1.8879200678567671,0.3708044033049042,0.138671875
CN,sd042,71,,-1.8240695700154592,0.5823950596696579,0.138671875
CN,sd042,72,,-1.556105124370057,0.7669634853453041,0.138671875
CN,sd042,73,,-2.220352232734827,0.38181663380367115,0.138671875
CN,sd042,74,0.064453125,-3.4211535613956316,0.9323759636197909,0.138671875
CN,sd042,75,0.048828125,-1.931175769248846,0.5993483577501978,0.138671875
CN,sd042,76,,-2.522906882193062,0.7028749142327276,0.138671875
CN,sd042,77,,-1.6768317106496282,0.5692940221318767,0.138671875
CN,sd042,78,0.091796875,-2.0528301559894935,0.3717030786947194,0.138671875
CN,sd042,79,,-3.426841149847535,0.3836976134852019,0.138671875
CN,sd042,80,0.1015625,-1.0110131560118665,0.6073474034586839,0.138671875
CN,sd042,81,0.04296875,-2.6154010690527665,0.3229162050105248,0.138671875
CN,sd042,82,0.095703125,-1.672422743609087,1.0711948700080958,0.138671875
CN,sd042,83,0.0390625,-1.3326464062726773,0.23744259309419416,0.138671875
CN,sd042,84,,-2.2345576189713423,1.2748850110765453,0.138671875
CN,sd042,85,-0.01953125,-1.276468829503258,-0.010227739390070986,-0.072265625
CN,sd042,86,,-2.1612872372083594,0.8507165176704774,0.138671875
CN,sd042,87,0.09375,-1.2354726191593786,-0.08433732174833415,0.0859375
CN,sd042,88,0.087890625,-0.7471615293162696,0.712436842991938,0.138671875
CN,sd042,89,0.087890625,-2.198733357853702,0.35214011524242916,0.138671875
CN,sd042,90,,-1.6399005647154867,0.5032860291240696,0.138671875
CN,sd042,91,-0.05859375,-1.2424664557507228,0.7230522865055781,0.138671875
CN,sd042,92,,-1.0929870343231503,0.6413303226864032,0.138671875
CN,sd042,93,0.091796875,-2.9194775445758676,0.197758184934826,0.138671875
CN,sd042,94,0.044921875,-0.847312303712097,0.037078069698001856,0.138671875
CN,sd042,95,,-2.316123903966983,0.5820367218106816,0.138671875
CN,sd042,96,0.095703125,-0.5805744665859711,0.39849274896644565,0.138671875
CN,sd042,97,0.09375,-2.085846328119797,0.1240076883646113,0.138671875
CN,sd042,98,,-0.9523530520726644,0.6292465288553402,0.138671875
CN,sd042,99,0.08984375,-2.6946564658922876,0.06491182277878123,0.138671875
CN,sd053,0,0.11328125,-9.832617241970166,-4.104342951248469,0.083984375
CN,sd053,1,0.0390625,-12.240743599530157,-5.460821340737943,0.07421875
CN,sd053,2,0.083984375,-9.663174678355384,-5.228225880753889,0.078125
CN,sd053,3,0.083984375,-11.454992656626112,-4.716363047500088,0.078125
CN,sd053,4,0.037109375,-10.23123758220556,-5.959411475666889,0.064453125
CN,sd053,5,0.08203125,-10.17798955635857,-5.59175972423458,0.078125
CN,sd053,6,0.08203125,-8.281958186976267,-4.054996222087548,0.078125
CN,sd053,7,0.08203125,-10.055536560907647,-5.025869162426825,0.072265625
CN,sd053,8,0.08203125,-10.994974289121204,-5.549290624227347,0.07421875
CN,sd053,9,0.03515625,-8.343189110438011,-4.487117793288182,0.076171875
CN,sd053,10,0.078125,-8.56886913921048,-3.9886063650459667,0.078125
CN,sd053,11,0.111328125,-9.967831418424398,-5.258545605589051,0.076171875
CN,sd053,12,0.078125,-10.187049832331471,-4.851507676581826,0.076171875
CN,sd053,13,0.083984375,-9.296459759472919,-4.95665368279992,0.076171875
CN,sd053,14,0.037109375,-9.808218043124192,-4.91537842904095,0.07421875
CN,sd053,15,0.083984375,-10.420330716401022,-4.909844621435646,0.072265625
CN,sd053,16,0.078125,-10.013857425747421,-5.5022010224040505,0.072265625
CN,sd053,17,0.037109375,-10.86702167252618,-4.908319014685687,0.076171875
CN,sd053,18,0.08203125,-9.068102282206254,-4.28184691488047,0.080078125
CN,sd053,19,0.083984375,-9.467071593403283,-5.727595652729683,0.0703125
CN,sd053,20,0.041015625,-9.113002184043152,-4.878402522453724,0.07421875
CN,sd053,21,0.10546875,-10.076167392261063,-4.719664374412247,0.076171875
CN,sd053,22,0.109375,-10.28739757548807,-4.265900958157227,0.080078125
CN,sd053,23,0.08203125,-10.328454010571111,-4.674025673819925,0.076171875
CN,sd053,24,0.109375,-11.394312615387676,-5.5184758349544145,0.0703125
CN,sd053,25,0.111328125,-9.897694534022206,-5.016875449259138,0.080078125
CN,sd053,26,0.080078125,-8.837897339467133,-4.625438571013689,0.076171875
CN,sd053,27,0.080078125,-9.787481358135663,-4.012612339335263,0.080078125
CN,sd053,28,0.080078125,-7.387783795158284,-5.064467161726021,0.072265625
CN,sd053,29,0.078125,-9.931507174038885,-5.22956368518222,0.0703125
CN,sd053,30,0.0859375,-10.38396404354464,-4.865779507913151,0.08203125
CN,sd053,31,0.080078125,-10.010449776233617,-4.524919524181688,0.078125
CN,sd053,32,0.109375,-9.843503009960887,-5.987626032798152,0.076171875
CN,sd053,33,0.08203125,-9.382509415154688,-5.239578770906128,0.07421875
CN,sd053,34,0.037109375,-8.478106215704173,-4.761284571251232,0.076171875
CN,sd053,35,0.080078125,-8.369321819014722,-5.636184355217987,0.0703125
CN,sd053,36,0.03515625,-9.421780383666222,-5.461789567360851,0.06640625
CN,sd053,37,0.08203125,-9.32789821892782,-4.987121840390803,0.076171875
CN,sd053,38,0.080078125,-10.908575193908863,-4.985686562997098,0.078125
CN,sd053,39,0.080078125,-9.500057411156643,-4.63912334695119,0.076171875
CN,sd053,40,0.11328125,-9.185261207637021,-4.200900815182847,0.076171875
CN,sd053,41,0.083984375,-9.755213187819043,-4.474634173759738,0.07421875
CN,sd053,42,0.037109375,-10.118501215787916,-5.268739078422787,0.072265625
CN,sd053,43,0.080078125,-11.302929037263675,-5.114835799162312,0.072265625
CN,sd053,44,0.11328125,-9.746378248623202,-4.272197185120668,0.078125
CN,sd053,45,0.037109375,-9.175633110892301,-4.556474541017977,0.07421875
CN,sd053,46,0.08203125,-10.949245274683157,-5.0972533409341185,0.07421875
CN,sd053,47,0.037109375,-8.902410783617542,-4.801783074381423,0.076171875
CN,sd053,48,0.115234375,-9.13070640999944,-4.520818749211693,0.076171875
CN,sd053,49,0.08203125,-9.97337200884322,-4.592026448630479,0.08203125
CN,sd053,50,0.111328125,-12.087187550696896,-4.538712707539412,0.080078125
CN,sd053,51,0.08203125,-10.379014446773578,-5.4121808206358395,0.0703125
CN,sd053,52,0.111328125,-10.56665019425104,-4.380639489309033,0.08203125
CN,sd053,53,0.080078125,-9.165656003056846,-4.836776044198205,0.07421875
CN,sd053,54,0.080078125,-9.104821603624323,-4.402227899423136,0.076171875
CN,sd053,55,0.041015625,-10.338613897094149,-4.318470176851055,0.076171875
CN,sd053,56,0.083984375,-11.13053253339961,-4.7719951832364105,0.078125
CN,sd053,57,0.078125,-12.637113953447145,-5.236549394717918,0.078125
CN,sd053,58,0.111328125,-8.887353873766846,-4.989902804552649,0.07421875
CN,sd053,59,0.087890625,-10.357319290453887,-4.265761362502778,0.083984375
CN,sd053,60,0.08203125,-9.368249070126527,-4.785129061878476,0.076171875
CN,sd053,61,0.10546875,-9.68723037110512,-5.073860176774466,0.076171875
CN,sd053,62,0.08203125,-9.106879618107289,-4.328170673267015,0.080078125
CN,sd053,63,0.111328125,-8.702137632628975,-4.719085246484988,0.07421875
CN,sd053,64,0.080078125,-8.634730730682021,-4.426408095962626,0.076171875
CN,sd053,65,0.0390625,-9.418353662750285,-4.728140149415664,0.072265625
CN,sd053,66,0.080078125,-8.55572704736049,-5.5051869275712,0.068359375
CN,sd053,67,0.0390625,-10.314822124511826,-4.899069528693817,0.072265625
CN,sd053,68,0.0859375,-11.556126245780963,-4.945802568392489,0.078125
CN,sd053,69,0.08203125,-9.499713679411864,-4.994227947627515,0.07421875
CN,sd053,70,0.11328125,-8.578123773993415,-4.274190021484896,0.07421875
CN,sd053,71,0.080078125,-9.634375539953538,-5.122649785513242,0.07421875
CN,sd053,72,0.111328125,-9.933105743825028,-5.839774420015208,0.076171875
CN,sd053,73,0.111328125,-9.513667243551906,-4.208541110523676,0.08203125
CN,sd053,74,0.0859375,-8.44774411244514,-4.651635560564708,0.072265625
CN,sd053,75,0.08203125,-9.782254228191524,-5.403212802317563,0.072265625
CN,sd053,76,0.11328125,-9.527217538777379,-4.304941696476418,0.080078125
CN,sd053,77,0.080078125,-9.877795057889411,-5.066600169306598,0.072265625
CN,sd053,78,0.080078125,-8.622873652788375,-5.694351311633596,0.0703125
CN,sd053,79,0.037109375,-10.406342120745073,-4.598292754915063,0.0703125
CN,sd053,80,0.08203125,-9.24642688276009,-5.115026371463478,0.076171875
CN,sd053,81,0.111328125,-10.165802338625554,-4.800694710909205,0.078125
CN,sd053,82,0.08203125,-9.136260434214678,-4.88360191739945,0.07421875
CN,sd053,83,0.083984375,-11.450948233470864,-4.7440317944302075,0.076171875
CN,sd053,84,0.11328125,-9.485068863898608,-4.482227989862316,0.080078125
CN,sd053,85,0.08203125,-8.668626059794693,-5.113929702185672,0.076171875
CN,sd053,86,0.0390625,-9.574105411988814,-5.5469308898957435,0.068359375
CN,sd053,87,0.107421875,-9.061383414521787,-5.04548391122398,0.072265625
CN,sd053,88,0.080078125,-11.13461979963429,-4.188599351674079,0.076171875
CN,sd053,89,0.083984375,-10.512902765543751,-5.719764003075129,0.072265625
CN,sd053,90,0.080078125,-10.552617022182783,-5.594706232969407,0.072265625
CN,sd053,91,0.03515625,-11.063899626640307,-4.50826538615335,0.078125
CN,sd053,92,0.080078125,-9.103170503331839,-4.963997671438441,0.076171875
CN,sd053,93,0.08203125,-10.603757946908724,-4.051690600825026,0.080078125
CN,sd053,94,0.109375,-9.049928231532888,-4.967169310818215,0.07421875
CN,sd053,95,0.080078125,-10.171595635634684,-5.095584177558154,0.076171875
CN,sd053,96,0.080078125,-7.306622387698069,-4.911012026416586,0.078125
CN,sd053,97,0.078125,-8.685451641257568,-5.21330518340524,0.07421875
CN,sd053,98,0.037109375,-7.508910892394352,-4.035264029644265,0.078125
CN,sd053,99,0.11328125,-10.501127510619895,-4.175345033740813,0.083984375
CN,sd064,0,0.095703125,-5.860961853844204,-0.9132172324025669,0.09375
CN,sd064,1,0.111328125,-5.549687851402881,-2.0346051828894987,0.078125
CN,sd064,2,0.08984375,-6.656719715453281,-0.7754191751382444,0.1015625
CN,sd064,3,0.103515625,-5.398280733645302,-0.9299086805340596,0.095703125
CN,sd064,4,0.109375,-6.790540949900183,-1.8466433979316126,0.083984375
CN,sd064,5,0.103515625,-6.772188347931126,-0.9138337611853455,0.099609375
CN,sd064,6,0.107421875,-6.167227048402722,-1.7556368433416765,0.091796875
CN,sd064,7,0.1015625,-6.42041441807713,-1.4148509921163435,0.08984375
CN,sd064,8,0.109375,-7.251411450239187,-0.6222975572546544,0.109375
CN,sd064,9,0.111328125,-7.713341520202299,-0.7750909719928931,0.109375
CN,sd064,10,0.10546875,-5.1429753658878425,-0.2718990041984402,0.115234375
CN,sd064,11,0.1015625,-5.704062528026162,-1.152487143018136,0.09375
CN,sd064,12,0.091796875,-5.314943032032663,-1.989080259914333,0.07421875
CN,sd064,13,0.109375,-6.5279066787643805,-1.5645928156507054,0.095703125
CN,sd064,14,0.109375,-7.0724894235151545,-1.7812835109029177,0.08984375
CN,sd064,15,0.109375,-7.748296344860239,-1.0603861488844843,0.1015625
CN,sd064,16,0.10546875,-7.06312611175644,-1.5767667264668574,0.08984375
CN,sd064,17,0.10546875,-6.747609838622711,-1.9247722072968327,0.087890625
CN,sd064,18,0.109375,-6.182143705766649,-1.4604049551907643,0.08984375
CN,sd064,19,0.10546875,-6.051017981902623,-1.7729313526649224,0.0859375
CN,sd064,20,0.103515625,-5.613900614185946,-1.2170555450052818,0.091796875
CN,sd064,21,0.10546875,-6.989228191700181,-1.3693915746598702,0.091796875
CN,sd064,22,0.107421875,-4.798334304934256,-1.1991767373206044,0.095703125
CN,sd064,23,0.10546875,-6.913544449162444,-1.6856023547789374,0.08984375
CN,sd064,24,0.10546875,-5.0505300838074145,-1.437201834037499,0.087890625
CN,sd064,25,0.107421875,-5.489973918378273,-1.2174286159731884,0.09765625
CN,sd064,26,0.1015625,-6.517646145572974,0.07606850036595061,0.138671875
CN,sd064,27,0.109375,-6.148771388402597,-0.7815313599428502,0.103515625
CN,sd064,28,0.107421875,-6.660156713074831,-1.1891714449586446,0.09765625
CN,sd064,29,0.107421875,-7.190930980623293,-1.255971497723234,0.09765625
CN,sd064,30,0.111328125,-7.765528860574629,-0.6716883276749426,0.107421875
CN,sd064,31,0.109375,-6.7272749664977045,-0.8529120137157264,0.099609375
CN,sd064,32,0.111328125,-6.957566303552234,-1.087172744534216,0.09375
CN,sd064,33,0.107421875,-7.391386104563359,-1.8392246588884444,0.087890625
CN,sd064,34,0.109375,-6.806525075243663,-1.7090332900727343,0.08203125
CN,sd064,35,0.107421875,-5.4840503518739805,-1.5283123190037762,0.091796875
CN,sd064,36,0.103515625,-6.6313903928556535,-1.578265804211391,0.0859375
CN,sd064,37,0.1015625,-5.244817972792269,-1.7635169654935026,0.078125
CN,sd064,38,0.099609375,-5.946322016754374,-1.1102638846337616,0.09375
CN,sd064,39,0.103515625,-5.603946289462077,-1.3693405034255963,0.08984375
CN,sd064,40,0.107421875,-6.137416551728163,-1.3331319199357452,0.09765625
CN,sd064,41,0.111328125,-6.956113211494026,-1.387011198298945,0.095703125
CN,sd064,42,0.109375,-5.889324891921697,-1.2210905355984372,0.09375
CN,sd064,43,0.11328125,-6.631279260977437,-2.204361241430265,0.078125
CN,sd064,44,0.107421875,-6.050216140565997,-1.3833838420981606,0.091796875
CN,sd064,45,0.087890625,-5.6700381655147005,-1.4164774797435828,0.09375
CN,sd064,46,0.107421875,-7.170963635505301,-0.9361142151415306,0.103515625
CN,sd064,47,0.107421875,-6.248099293745577,-1.4686060446377869,0.08984375
CN,sd064,48,0.111328125,-6.137191120919382,-1.2592118091518831,0.09765625
CN,sd064,49,0.107421875,-7.572555007211228,-0.27655101475473226,0.1171875
CN,sd064,50,0.111328125,-5.422950604370181,-1.5674677519588454,0.087890625
CN,sd064,51,0.107421875,-7.088540990263647,-1.2523753621140377,0.09765625
CN,sd064,52,0.107421875,-6.607678811794742,-1.3383275289290175,0.09375
CN,sd064,53,0.103515625,-5.662777333588865,-1.7418547232842225,0.0859375
CN,sd064,54,0.111328125,-6.302494408546962,-2.036391673257253,0.078125
CN,sd064,55,0.109375,-6.11930110099237,-1.668810670287834,0.08984375
CN,sd064,56,0.109375,-7.259580653747303,-1.716630930129559,0.08984375
CN,sd064,57,0.109375,-7.4318992281045695,-1.9792822878534773,0.083984375
CN,sd064,58,0.109375,-5.50450308841166,-1.2410919290415523,0.09375
CN,sd064,59,0.107421875,-5.068422138808045,-1.6437306034653898,0.091796875
CN,sd064,60,0.109375,-6.650472083460581,-1.1985016644903368,0.099609375
CN,sd064,61,0.111328125,-5.441038904809691,-1.5234458273087361,0.087890625
CN,sd064,62,0.1015625,-7.072769151656479,-2.02396268694223,0.083984375
CN,sd064,63,0.103515625,-5.800924497982898,-1.1307062027096246,0.09375
CN,sd064,64,0.1015625,-6.538528644628315,-1.2813146448525925,0.091796875
CN,sd064,65,0.087890625,-6.843725876987537,-1.564056709891047,0.091796875
CN,sd064,66,0.109375,-7.495596666436374,-1.1004654488420182,0.099609375
CN,sd064,67,0.109375,-5.191008430332314,-1.368361058401304,0.087890625
CN,sd064,68,0.107421875,-7.961923217451533,-0.625087376808556,0.109375
CN,sd064,69,0.109375,-7.662107978466025,-0.8193598223958652,0.10546875
CN,sd064,70,0.107421875,-7.417457722648715,-1.0875699155253542,0.1015625
CN,sd064,71,0.109375,-7.129316536413851,-2.023922010360711,0.087890625
CN,sd064,72,0.10546875,-6.8326947516313865,-1.327052950844619,0.09375
CN,sd064,73,0.10546875,-6.903851593709726,-1.4793042529270768,0.0859375
CN,sd064,74,0.111328125,-5.99064873124544,-0.9615611757444545,0.095703125
CN,sd064,75,0.109375,-4.1219585257017695,-1.2307647534019321,0.08203125
CN,sd064,76,0.109375,-5.739448334870934,-0.7146484847748086,0.107421875
CN,sd064,77,0.107421875,-3.9839784240797806,-1.5379444242056095,0.0859375
CN,sd064,78,0.107421875,-7.208180224402378,-0.7595404740746253,0.10546875
CN,sd064,79,0.111328125,-4.933825948063626,-1.8765452352615075,0.083984375
CN,sd064,80,0.109375,-7.4382185953080615,-1.2459479551351937,0.099609375
CN,sd064,81,0.103515625,-6.803804240530949,-0.9033967356740694,0.099609375
CN,sd064,82,0.087890625,-6.238012366199374,-1.5097205449290203,0.087890625
CN,sd064,83,0.1015625,-7.232987277941229,-1.0318582882610097,0.1015625
CN,sd064,84,0.109375,-7.334425294180654,-1.741384063022059,0.08984375
CN,sd064,85,0.109375,-7.418171262231192,-0.7566117021901747,0.107421875
CN,sd064,86,0.0859375,-5.625497133269214,-1.4701500039265325,0.083984375
CN,sd064,87,0.109375,-6.997226133426864,-1.8357562983525075,0.08203125
CN,sd064,88,0.11328125,-6.204308017101723,-1.3874335511268856,0.080078125
CN,sd064,89,0.107421875,-6.61438173506799,-1.824026845966698,0.0859375
CN,sd064,90,0.107421875,-5.826905920060174,-1.570289819237401,0.0859375
CN,sd064,91,0.109375,-6.923416763866005,-1.2743902766902315,0.09375
CN,sd064,92,0.109375,-7.549411891437346,-1.4322504837351542,0.09765625
CN,sd064,93,0.107421875,-4.857176608263114,-1.5798845767647072,0.08984375
CN,sd064,94,0.1015625,-5.337138871145606,-1.3397981043749372,0.09375
CN,sd064,95,0.111328125,-4.930947894403623,-1.9396477514482022,0.08203125
CN,sd064,96,0.111328125,-6.584318055539474,-1.3419607256785528,0.09375
CN,sd064,97,0.109375,-6.709922993724776,-0.8283921605156509,0.107421875
CN,sd064,98,0.109375,-5.162281051386678,-1.0717877183049638,0.095703125
CN,sd064,99,0.111328125,-5.103197955824841,-1.3827705881383088,0.09375
